battery,cycle,dis_duration,dis_mean_V,dis_mean_T,dis_V_slope,cc_dur,cv_dur,cv_I_slope,ch_mean_T,capacity,soh
1,2,3690.234,3.52982866886934,32.572328114029,-0.000205715627807,607.907,6989.968,-0.0022553150514384,25.32407901830568,1.85648742081816,100.80760884947765
1,4,3672.344,3.5373201277859714,32.72523522519307,-0.0002046711068351,3184.766,7331.234,-0.0026498379833835,26.635622628116085,1.84632724971993,100.25590968770103
1,6,3651.641,3.5437367282719,32.64286193755933,-0.00020015941349,3181.781,7302.766,-0.0026758447757491,26.778175507896695,1.83534919422341,99.65979925247206
1,8,3631.563,3.5436661072601456,32.51487646204882,-0.0002051396459299,3161.234,7236.655999999999,-0.0027043158471694,26.70320405781683,1.83526252758211,99.65509323788856
1,10,3629.172,3.5423432526672167,32.38234901543077,-0.0002080272378073,3160.218,7334.985,-0.0026866781236715,26.617004288392003,1.83464550821204,99.6215889724607
1,12,3652.281,3.541334734634757,32.43418218230641,-0.0002086421374849,3161.094,7631.578,-0.0025590915417193,26.51849450408942,1.83566166006755,99.67676620535396
1,14,3650.828,3.541025049507521,32.480416444757985,-0.0002110855176977,3174.594,7615.391,-0.0025500923288706,26.620706323978894,1.83514614292266,99.64877352944652
1,16,3572.453,3.554133296801584,32.41046186109587,-0.0002054320052375,3174.734,6952.828,-0.002819565255015,26.73791888890172,1.82575679056655,99.13892996732449
1,18,3550.594,3.5529355991467955,32.3461408313,-0.0002104626317132,3158.688,6989.264999999994,-0.0028018190938234,26.74145703066146,1.82477385298913,99.08555627584838
1,20,3551.25,3.5512057319377,32.27679750791685,-0.0002133714106416,3153.61,7008.483999999999,-0.0027978977976979,26.7021703105932,1.82461326849694,99.0768365083485
1,22,3530.25,3.549292319740949,32.15709350345252,-0.0002187503111372,3151.531,6967.844,-0.0028100511979952,26.608132946993933,1.82461955268645,99.07717774099622
1,25,3491.016,3.559759220648976,32.36407129853099,-0.0002116788568709,2871.032,6715.843,-0.0028139001525495,27.033644494333256,1.81420193576739,98.5114992237362
1,27,3470.281,3.558081969139198,32.3181954403762,-0.0002167899800921,3128.672,6823.687,-0.0028738145286871,26.870618187745677,1.81375215775491,98.4870761948254
1,29,3470.0,3.555692244172496,32.15709029211502,-0.0002188470540322,3136.8899999999994,7621.141000000003,-0.0025351883151309,26.738987031481408,1.81344049147358,98.47015265835132
1,31,3450.297,3.562746818017503,32.04407000314609,-0.0002102114421949,3139.407,6782.343,-0.0028647911080501,26.692190227813647,1.80259800363065,97.88140357167902
1,33,3429.407,3.5614521756489204,31.93159367491153,-0.000214423967046,3104.781,6895.469,-0.0028350103808892,26.56331347092116,1.80210690024615,97.85473656745688
1,35,3409.484,3.5603420474985823,31.941655359029298,-0.0002190246922199,3106.937,6829.094000000001,-0.0028406369170266,26.52595276450022,1.80257950082621,97.88039886599036
1,37,3390.422,3.5591189041401865,31.965008645476725,-0.0002238076953496,3108.485,6881.046999999999,-0.0028255960015751,26.591676949772925,1.80306831428341,97.9069415267384
1,39,3390.281,3.557886771846508,31.966241678512723,-0.00022556922501,3105.563,7053.218999999999,-0.0027643450682667,26.645032205307864,1.8027776247196,97.89115702988882
1,42,3591.734,3.5520375235511907,32.37143341978575,-0.0002104931036449,3077.312,7212.0,-0.0026698939169009,25.663244609650956,1.84702599493292,100.29385168145046
1,46,3552.297,3.5525668436897124,32.70024990461686,-0.0002191460665518,3242.047,7041.030999999994,-0.002755174594936,26.0150180001194,1.84741731128364,100.31510023136114
1,50,3531.578,3.556794038327039,32.32266411829938,-0.0002126089522077,3246.828,7034.562,-0.0027617260828365,26.09181445728815,1.83617742134789,99.70477213786135
1,54,3492.907,3.5614100044534203,31.98795810666763,-0.0002086309425736,3204.812,6876.985000000001,-0.0028598136499616,25.709030057450278,1.82578074757762,99.1402308374376
1,58,3511.594,3.556610794781798,31.894456524691385,-0.0002115519332277,3178.86,7618.467999999999,-0.0025408548345104,25.47363156396457,1.82511364350784,99.10400696359169
1,62,3431.9370000000054,3.5586742170266272,31.78039681801023,-0.0002206940970092,3170.328,6928.890000000001,-0.0028256787000701,25.427401199812184,1.82558150422038,99.12941188644592
1,66,3431.125,3.564103182686905,31.688747146342205,-0.0002109602437388,3172.203,6906.516,-0.0028269790581808,25.37095530984966,1.81403112750839,98.50222430381568
1,70,3412.406,3.559588063594272,31.596747992569156,-0.0002188312503435,3137.719,7479.656,-0.002586411457555,25.273682170348483,1.81476919411589,98.5423014565286
1,74,3410.688,3.556833231052199,31.56558649878708,-0.0002223983027811,3138.11,7426.046999999999,-0.0026159398164745,25.18812263165628,1.81396938871035,98.49887187571204
1,78,3410.718,3.5624410850948944,31.59124667045208,-0.0002126694418064,3138.922,7005.062,-0.0027792303490627,25.208644345593083,1.80276566516782,97.89050762402466
1,82,3392.719,3.5591407106855666,31.603485399391182,-0.0002197605226731,3105.203,7685.249999999994,-0.0025226262651871,25.22309620072603,1.80407704011735,97.96171552529285
1,86,3470.672,3.5573161327793144,31.91556385491565,-0.0002097087606715,0.0,1674.484,-8.252188126612227e-05,23.90418141837992,1.85180255167045,100.55321959197046
1,90,3414.109,3.561870782772737,32.081128118597164,-0.000211878406622,3159.312,6954.344000000001,-0.0004234521553319,25.487835720020836,1.83070384567394,99.4075559707276
1,94,3395.219,3.5617586337260088,31.849792632896243,-0.0002114353728366,3126.687,7011.203,-0.0004164416526542,25.536147530542536,1.81990410895013,98.82112827769676
1,98,3386.0,3.5597307651083123,31.465690433362017,-0.0002103001823671,3087.422,7564.234999999999,-0.0003746657033591,25.11639328351016,1.80930796370285,98.2457556393358
1,102,3368.187,3.5575937553540915,31.40934895665031,-0.0002149131490043,3055.578,6976.907000000001,-0.0004226658983337,24.93654575305907,1.80460990458052,97.99065016377766
1,106,3368.266,3.5597237883937995,31.90224747551808,-0.0002127787936007,3040.64,7533.657000000001,-0.0003787837572887,25.09997200587896,1.79937706519722,97.7065060215613
1,110,3358.719,3.559061771422033,31.649024294808623,-0.0002106917888779,3028.875,7432.860000000001,-0.000386326071311,25.238210571113736,1.78844323353705,97.11279694879056
1,114,3339.5,3.557015527748059,31.48874626238971,-0.0002140104275788,2992.468,7000.5940000000055,-0.0004248023899712,25.07672112938372,1.78292304842527,96.81304988059888
1,118,3331.265,3.5562481933590964,31.329995610092634,-0.0002119244649317,2972.672,7629.609,-0.0003737637770558,24.785407292651826,1.77303371580183,96.27605729788222
1,122,3321.188,3.5532756526091784,31.569551201845574,-0.0002181126296882,2940.266,7727.702999999999,-0.0003687233686996,24.684734315899224,1.77303775507894,96.2762766313732
1,126,3321.844,3.556266431640255,32.111426258867944,-0.0002154291374469,2944.781,7560.000000000001,-0.000380425665244,25.22288378016189,1.76787211066621,95.99578118843372
1,130,3311.828,3.5563095420140822,32.271676011112376,-0.0002163302454292,2935.953,7310.828000000001,-0.0003999197578251,25.651300573733486,1.76231507040931,95.69403287907456
1,134,3327.391,3.558950851054106,31.842291659678654,-0.0002181591991884,2917.359,7248.859999999997,-0.0004052529346153,25.56869332326285,1.76761729249384,95.98194451474556
1,136,3312.078,3.5534418211598053,31.759815453754253,-0.0002172498931172,2939.75,7865.172,-0.0003575776207735,25.077792180591818,1.76266835974315,95.71321655496544
1,140,3293.172,3.5510121537420285,31.41911167391793,-0.000217374598833,2908.61,7850.375,-0.0003599650644917,24.88199584693937,1.75173048706641,95.11928805425076
1,144,3275.328,3.551317608213948,31.331626572312267,-0.0002167521942338,2874.812,7442.702999999999,-0.0003919729429882,24.755786611089874,1.741849604796,94.58275432725988
1,148,3265.016,3.549003180550162,31.35934131425137,-0.0002191526095683,2846.594,7959.14,-0.000354604525237,24.655846530387144,1.73609135118471,94.27008009570102
1,150,3328.937,3.559764834095517,34.31088483888259,-0.0002198230083364,2867.203,7079.188,-0.0004184562450341,25.34567237446073,1.79362401485736,97.39411432859931
1,154,3329.266,3.5623454342368555,33.43585640373788,-0.0002165916485518,3098.391,6965.156000000001,-0.0004145139567524,27.39475675387948,1.78318902232733,96.82749231246368
1,158,3301.579,3.558336657621618,32.66698125020078,-0.0002175431743104,3021.36,7354.812,-0.0003861015342228,26.62662742896046,1.7673642076279,95.96820195991576
1,162,3283.563,3.554013138622869,32.28423408691397,-0.0002210326060044,2962.327999999994,6794.531000000003,-0.0004377973569888,26.046549681443857,1.75701778503531,95.40638930769452
1,166,3275.125,3.552376095886298,32.00739178780946,-0.0002196278427062,2924.437,7686.469000000001,-0.0003667955626379,25.581948046823246,1.74687061798379,94.8553962680492
1,170,3265.656,3.549618661283733,32.06387071886056,-0.0002234955900198,2886.281,7091.797,-0.0004151867787017,25.49138644694599,1.74171725074571,94.5755674779542
1,174,3266.093,3.54938103086703,32.43754560319043,-0.0002235709685507,2870.5,7376.484,-0.0003932473771743,25.701157771778043,1.73642250564782,94.28806184403476
1,178,3257.594,3.547211868041896,32.16809876635083,-0.0002231481904089,2849.297,7587.75,-0.0003776228618778,25.61393436934637,1.72632172392358,93.73958753620327
1,182,3248.593,3.5467052098640246,32.05752645824972,-0.0002208779275577,2814.547000000006,7991.280999999988,-0.0003516018868272,25.46355915016756,1.71580653893301,93.16861105469168
1,186,3238.766,3.544629653883431,31.975920928072718,-0.0002229621427991,2785.828,8019.547,-0.0003498294361848,25.33969655722996,1.71053335113519,92.88227598613614
1,190,3240.14,3.5436291614253204,32.21689335291319,-0.0002230712037137,2761.39,7924.578000000001,-0.0003573497258269,25.31525129117544,1.70601449964852,92.636901518198
1,194,3230.109,3.5444946147995258,32.55632993697177,-0.0002238301088314,2753.453,7835.187,-0.0003637963231657,25.828563716440225,1.70031102726426,92.32720191735562
1,198,3229.7810000000027,3.5409201846556857,32.40048085325998,-0.0002253280788502,2732.781,8003.312999999999,-0.0003532734672047,25.734607118644377,1.69457986017979,92.01599848919145
1,202,3212.469,3.541195668799061,32.29371860868794,-0.0002245427469953,2710.578,7080.281000000001,-0.0004237771228003,25.76108296721704,1.68490290866093,91.49053823956656
1,206,3213.219,3.540671044783382,32.1360714480678,-0.0002201129190361,2682.39,7591.969000000001,-0.0003824495699021,25.571090931927195,1.67447415911597,90.92425521866993
1,210,3203.578,3.537604879026877,32.38268549723498,-0.0002262124608234,2644.235,8066.827999999999,-0.000351878039936,25.430453941726714,1.67456924798791,90.92941856192826
1,214,3195.125,3.538422485261741,32.30899951427637,-0.0002235134721732,2649.531,8156.483999999999,-0.0003452674906576,25.88337057270213,1.66371637598141,90.34010561326173
1,216,3195.312999999994,3.53928626988912,32.56636929496716,-0.0002222581650824,2632.781,7848.266,-0.0003668804581148,25.87474661521862,1.65901386874825,90.0847586044663
1,220,3186.297,3.533690170241391,32.46542951751835,-0.0002266535571591,2591.766,7561.594000000001,-0.0003890020080954,25.80758127668049,1.6538540573335,89.80457989439137
1,224,3176.438,3.534367734544495,32.347056454418095,-0.000222387785518,2574.234,8088.234,-0.0003529993431025,25.5954074570814,1.64265378213013,89.19640288815545
1,228,3167.593,3.5312941932103548,32.371538940646154,-0.0002256605263015,2541.594,7953.031,-0.000363450401256,25.55053773186138,1.63785784302237,88.93598251136243
1,232,3167.719,3.5309134771684274,32.45549347979197,-0.000224581013261,2526.031,7941.719,-0.0003641804594053,25.61262307219253,1.63273504070991,88.65781340235759
1,236,3159.077999999994,3.5287226893409893,32.50017194695606,-0.000227382289212,2507.0,7397.406000000001,-0.0004024756482164,25.748665763785176,1.62775289155336,88.38728178562198
1,240,3148.829,3.52625493581969,32.50100298369444,-0.0002292482354103,2487.25,8318.406,-0.0003412259803432,25.6042633567313,1.62212548552116,88.08171260170519
1,244,3149.094,3.528684324337005,32.4728927422438,-0.0002217450177623,2469.125,8308.203,-0.0003419437471009,25.59429072351652,1.61132566037658,87.49528010741024
1,248,3140.547,3.525556939424901,32.50480154634882,-0.0002250311283798,2436.016,8309.844000000001,-0.0003431442811159,25.57189860156396,1.60656313974884,87.2366743602368
1,252,3131.625,3.5226805646793737,32.51218336210202,-0.0002280448967021,2420.594,8386.187000000002,-0.0003388350664586,25.57891323396029,1.60151422339176,86.96251727221627
1,256,3121.907,3.524673458789008,32.45692821941515,-0.0002227772462177,2399.594,8406.999999999996,-0.000338036739292,25.533341503049385,1.59036923140033,86.35734215456989
1,260,3122.125,3.5213155754526824,32.447059186431154,-0.0002243045267914,2367.532,8062.015,-0.0003590670452756,25.528501101408494,1.58578899682422,86.10863457357058
1,264,3121.672,3.51803386486462,32.32889654966259,-0.0002267522124608,2347.047,8460.046999999999,-0.0003357516054947,25.343485567182302,1.58494307073741,86.06270063126725
1,266,3120.86,3.52368419553968,32.84488475360107,-0.0002285095226974,2329.312,8389.704,-0.00034161714593,25.74425872850638,1.59552638924959,86.63737677555004
1,270,3103.828,3.519146638240668,32.31731555011648,-0.0002242687155634,2365.359,8441.078000000005,-0.0003378976136797,25.595338590346493,1.5747301747801,85.50813849993258
1,274,3095.094,3.516233648608237,32.06376130177751,-0.0002230864824582,2304.312,8500.953,-0.0003355900542409,25.09978697110705,1.56490199509379,84.97446653296429
1,278,3095.781,3.514773138461639,32.21997626855924,-0.0002230280167779,2270.75,7937.312,-0.0003705553264986,25.10980717855015,1.55976594733704,84.69557819389517
1,282,3094.328,3.5132992979150077,32.7120225448885,-0.0002266351456164,2259.844,8547.375,-0.0003330050120708,25.371319727334303,1.55948156681842,84.68013627936132
1,286,3086.531,3.514484830704665,32.945022147355694,-0.0002265515624298,2268.281,8537.625,-0.0003323925952703,25.937420351426876,1.55468935359061,84.41991821853574
1,290,3085.625,3.5109677353595243,32.857549597381336,-0.0002272956432742,2250.625,8405.312000000005,-0.0003402182991452,25.854633339319907,1.54887410798904,84.10414931140878
1,294,3067.203,3.510935874957801,32.629663328789654,-0.0002256440366908,2228.984,7888.188,-0.0003726064878786,25.787542115810904,1.53823659894256,83.52653061113354
1,298,3058.157,3.509393098217416,32.379859014262976,-0.0002221884627723,2189.235,8616.625,-0.0003304091524812,25.344864067680145,1.52791425825103,82.96602561057489
1,302,3058.812,3.5066782411556563,32.68215852457039,-0.0002262066561589,2162.875,8643.453,-0.0003293999711533,25.2776605000605,1.52852526297564,82.99920327964658
1,306,3058.578,3.510988562300809,32.99387423636739,-0.0002207822260937,2172.828,8572.0,-0.0003313914829739,25.790973204291312,1.52264732528438,82.68003018050378
1,310,3049.328,3.510305462695178,33.04539707211165,-0.0002213099668569,2157.781,8647.016000000007,-0.0003273482081495,25.936121509912223,1.51748599384899,82.39976893302816
1,313,3177.219,3.5222215314850214,32.856295641052824,-0.0002263505176308,2157.781,8647.016000000007,-0.0003273482081495,25.936121509912223,1.60581889913066,87.19626195760692
1,316,3082.937,3.5163492154331264,33.33950238056361,-0.0002345070835805,2236.016,8566.562,-0.0003317125242229,25.891013405303514,1.56384914467444,84.91729656129593
1,320,3074.266,3.5134397623234963,33.35156485472646,-0.0002313335428551,2297.531,8246.921999999995,-0.0003475321441526,26.42800153627129,1.54809152477678,84.06165489885902
1,324,3066.0,3.515137522009075,33.147486361012966,-0.0002224770974531,2246.781,8454.344000000001,-0.000336804825869,26.21556986443908,1.53237556318686,83.2082752902044
1,328,3056.437,3.50830390643132,33.00727586174936,-0.0002283023821861,2200.703,8605.11,-0.0003287318622946,25.960695609651008,1.52695282684897,82.91381970838151
1,332,3048.219,3.509190808443004,32.91990812745461,-0.000223737206647,2180.0,8513.438,-0.0003342822538737,25.838168915840225,1.51695730171363,82.37106085271179
1,336,3039.218,3.5068097579555357,32.99903328622305,-0.000225910937442,2150.219,8558.187000000002,-0.0003323142519621,25.811823765569297,1.51189759601427,82.09631790141844
1,340,3039.047,3.50609090727422,33.03772281691292,-0.0002240930954202,2132.562,8672.735000000006,-0.0003265724843848,25.866599042915983,1.50656389606811,81.80669701206385
1,344,3030.375,3.5037157727265957,33.07740307192613,-0.0002264533457521,2115.406,8248.204000000002,-0.0003511869068366,25.932238529516265,1.50154535266714,81.53418918115372
1,348,3021.0,3.506747996136716,33.05467981523988,-0.0002193591690861,2099.829,8705.265,-0.0003250614465118,25.8627841242131,1.49084440504002,80.95312575426658
1,352,3021.75,3.5058813026542324,33.11570360624461,-0.000217790537921,2077.64,8727.86,-0.000322735872718,25.87666441070141,1.4858683845612,80.6829269258604
1,356,3012.265,3.504168333530808,33.12942148982364,-0.0002189665529944,2056.828,8750.016,-0.0003228120535458,25.90081245653995,1.48041367797611,80.38673535372676
1,360,3002.641,3.503056893147064,33.130681310493344,-0.0002196837208136,2042.281,8325.625000000004,-0.0003465813421317,25.96113961910272,1.47520958690316,80.10415225005684
1,364,3012.0,3.4982324882487936,33.20069210329718,-0.000225766946329,2022.89,8783.829,-0.0003211550236365,25.847581583069783,1.4859035988304,80.68483906716317
1,367,3020.11,3.5065859365661325,33.78697527817091,-0.0002283969073433,2021.828,8021.344000000001,-0.0003701933247916,26.343040591685405,1.49609182981367,81.23806188586506
1,371,3002.172000000006,3.501457140697961,33.673365085761986,-0.0002273730084468,2084.906,8484.905999999999,-0.000337039533116,26.57680877670008,1.4808005946929,80.40774500270479
1,375,2992.703,3.501658387162809,33.535818118317145,-0.0002230452625599,2045.406,7871.797,-0.0003744122785511,26.497126053434997,1.46975432684668,79.80793062432481
1,379,2964.468,3.4966186408455298,33.32269982188509,-0.0002237367374799,2011.11,8306.296,-0.0003511708316471,26.23246228056812,1.45390122748459,78.94710440938543
1,383,2983.375,3.4991645719433246,33.346230327490304,-0.0002171714883173,1987.047,8819.062,-0.0003203435704088,26.000979471677365,1.45414620672357,78.96040682717852
1,387,2975.297,3.496080777360074,33.64948900485925,-0.0002249447727633,1967.562,8074.359,-0.0003624337649441,26.304406677546183,1.45502375190668,79.00805769223405
1,391,2974.9850000000006,3.4959014526387997,33.79269513542102,-0.0002223778067628,1970.109,8749.172,-0.0003241861756381,26.48831468541372,1.44904216376124,78.68325635434054
1,395,2966.25,3.49758697990267,33.52446663707275,-0.0002152661398384,1956.985,8847.733999999999,-0.000317953357758,26.360634597576503,1.43867093714806,78.12009683923326
1,399,2956.359,3.4956989619989507,33.39042251934235,-0.0002158264039825,1918.672,8887.015,-0.0003172005700142,26.01371119236736,1.43344543215698,77.83635095586517
1,403,2956.344,3.492875380810072,33.67370212742761,-0.0002204704743755,1903.453,8107.953000000001,-0.0003617600712448,26.297723923750286,1.43339589008381,77.83366081216815
1,407,2956.406,3.49551076423368,33.91080564765892,-0.0002156251999362,1906.531,8900.094000000001,-0.000316235599588,26.46005553681957,1.42806487344776,77.54418562704669
1,411,2947.266,3.494233359045084,33.7850680599871,-0.0002157352527781,1896.219,8909.344000000001,-0.0003158299369115,26.522125341707824,1.42292031817412,77.26483532824366
1,415,2937.984,3.491197414255986,33.61126807392732,-0.0002169538286479,1876.484,8930.734999999999,-0.0003150780003165,26.304507189511508,1.41742903273131,76.96665751739931
1,419,2929.125,3.488909408157624,33.45598581472246,-0.0002173189015536,1856.625,8948.922,-0.0003147963342869,26.033862750089828,1.41240922879445,76.69408123915822
1,423,2928.454,3.487376295811431,33.723267448788484,-0.000220778819224,1842.812,8667.641,-0.0003294709587374,26.17387772606165,1.41257879294019,76.7032886034996
1,427,2929.375,3.491994243745711,34.050076369857344,-0.0002147978887724,1846.719,8356.062000000002,-0.000346985894867,26.58087845459433,1.40759837314699,76.43285089151239
1,431,2946.031,3.491585878898649,33.889346908026745,-0.000222947842208,1840.109,8300.749999999996,-0.0003491144071629,26.844678208638005,1.43339204852215,77.83345221466253
1,433,2955.438,3.495576227046425,34.067648550088656,-0.000226274026947,1919.047,8421.625,-0.0003428227755837,26.650851656256684,1.43825501767929,78.09751233548145
1,437,2937.625,3.4938988589692483,33.75168100943646,-0.0002164783984502,1922.578,8777.484999999995,-0.0003217430374573,26.64453023893133,1.41735471744855,76.96262218385922
1,441,2929.078,3.49159162968384,33.46482299584788,-0.0002130977101402,1864.578,8764.36,-0.0003234719697795,26.22137188976638,1.40698166367764,76.3993634537507
1,445,2918.375,3.4885729299834787,33.40210697922146,-0.0002145642769269,1829.547,8977.562,-0.0003135272465497,25.981908446070975,1.40120377835876,76.08562321685423
1,449,2919.812,3.4869021151089825,33.410688917712235,-0.0002130316369601,1812.422,8910.092999999999,-0.000317164597823,25.957258610228184,1.39670082327263,75.84111192639295
1,453,2900.422,3.4855485210036417,33.38984948261314,-0.0002158024280271,1798.547,8974.421999999999,-0.0003133228917568,25.910664889466272,1.39128478885273,75.5470202599512
1,457,2901.375,3.4838912547260388,33.3700433438796,-0.0002139738083948,1782.702999999994,8963.016000000003,-0.0003154177917175,25.915316403584885,1.38622876779783,75.2724773855306
1,461,2901.187,3.483198941484065,33.27215987470977,-0.0002104787942233,1767.922,9039.172,-0.0003117310000137,25.80295172183165,1.38043667619741,74.95796574493023
1,465,2891.64,3.4836274447098883,33.222444215660225,-0.0002093334866179,1748.672,8364.969,-0.0003482317281291,25.798431586046718,1.37523641502562,74.67559060559861
1,469,2882.906,3.480172442538601,33.26207748383125,-0.0002115625440956,1732.828,8852.984,-0.0003227028185411,25.716243739071537,1.3705128024895,74.4190975749656
1,473,2883.265,3.478452148610975,33.312029905516525,-0.0002137268927792,1725.906,9080.656,-0.0003098727721418,25.721597233349875,1.37050855662704,74.41886702385212
1,477,2882.969,3.4785782556105507,33.25287943255863,-0.0002097082166432,1714.327999999994,9090.953000000009,-0.0003104404458875,25.68195926763892,1.36473551086815,74.10538957595438
1,481,2891.656,3.4825195584604582,33.745054045019884,-0.000211136071602,1700.235,9033.156,-0.0003129188599248,25.624925482393323,1.37539201689576,74.68403981580354
1,483,2901.25,3.4886823636752826,33.88841975386692,-0.0002145827788461,1712.844,9092.703,-0.0003111820810849,26.214209031070983,1.38611151515354,75.26611054535188
1,485,2891.703,3.4858502383832755,33.7353756996425,-0.0002077899370084,1795.219,8956.047000000002,-0.000312431909009,26.418135656045987,1.36985000358389,74.38310747232698
1,489,2883.016,3.478794177297151,33.59131052719714,-0.0002116647701332,1723.781,9081.844,-0.0003096551945759,26.041050682309145,1.36478279492608,74.10795710900801
1,493,2873.453,3.4812826020756744,33.32366688599416,-0.0002031771526745,1703.234,9103.438,-0.0003093474529508,25.78429991090836,1.354322046626,73.53993654981534
1,497,2874.031,3.480352041587074,33.691961507697364,-0.0002062320536212,1677.265,8825.188,-0.0003240724108559,25.89460433493637,1.3546417018379,73.55729388669064
1,501,2874.234,3.4781127815565127,33.887639684793655,-0.0002097410238231,1685.547,9003.671999999999,-0.0003142264716421,26.21291162607548,1.35470392131924,73.56067241598603
1,505,2864.984,3.4765867130506125,33.67308060941856,-0.0002090315189005,1681.86,8754.593999999997,-0.0003268239434169,26.189195744166067,1.34931499750346,73.26805286034079
1,509,2855.093,3.4733769291841643,33.411988203265814,-0.0002094615731001,1657.61,8535.64,-0.0003393083583133,25.925635492800915,1.34418919379706,72.98972077509227
1,513,2855.625,3.4726366397371127,33.29926524979532,-0.0002052465786186,1637.609,9096.094,-0.000310286759317,25.56161801380306,1.33899137906958,72.70747847813722
1,517,2855.594,3.473439372740961,33.59980731390034,-0.0002063130864979,1625.656,9022.156,-0.0003142870052261,25.662187990962515,1.3389145230207,72.70330518052887
1,521,2847.437,3.4754777099091454,33.61961195858585,-0.0002038667279177,1631.844,8989.391,-0.0003156700278855,25.980230716549915,1.33400667597617,72.43680818215978
1,525,2847.36,3.4722884821666766,33.3945201718652,-0.0002018778895702,1614.969,8354.608999999993,-0.0003512620327215,25.8806869522218,1.32864443091749,72.14563728793834
1,529,2837.328,3.471373665098864,33.16734508187535,-0.0001996818042821,1597.141,8903.953,-0.0003212335622097,25.489728914515275,1.32317089922762,71.84842350914826
1,533,2837.281,3.472616016287509,33.10962161613893,-0.0001944296387645,1574.016,8996.719000000001,-0.0003169868458187,25.273691508203623,1.31816915884452,71.57682808520298
1,537,2838.515,3.4738146874457896,33.46501751186519,-0.0001954787552364,1566.515,9238.25,-0.0003048410063286,25.44947305264886,1.31846644366403,71.59297070565168
1,541,2828.328,3.4701426486639693,33.4426191014044,-0.0002020175847763,1572.343,8465.157,-0.0003446378383207,25.781794240772307,1.3182930401027,71.58355486033668
1,545,2838.265,3.467523652225441,33.037928170775885,-0.000197878190675,1567.406,8987.719000000001,-0.0003174650914173,25.68864253357384,1.32387242224427,71.88651633814797
1,548,2864.547,3.476752584083925,33.4949493613756,-0.0002178332117166,1508.687,9298.641,-0.000308198418151,25.5473433758295,1.36012167665548,73.85485752850198
1,552,2846.39,3.4758956827369127,33.491363029025784,-0.000207330057159,1682.922,9107.140999999994,-0.0003094236233343,25.858105200686055,1.33953068679474,72.73676298693475
1,556,2837.969,3.475812179626641,33.329808599922345,-0.0002014335161214,1636.797,8937.844,-0.0003188315845988,25.76227156417725,1.32902865651207,72.16650080848474
1,560,2838.156,3.4746554404904435,33.27302769298771,-0.000198427741987,1604.64,8469.469000000001,-0.0003444042859592,25.665322106933758,1.3236741274999,71.87574889700983
1,564,2829.843,3.472301781313945,33.229879126701434,-0.0001988825295472,1582.5,8840.547,-0.0003257529736983,25.533014977562825,1.31863389675329,71.60206343923741
1,568,2829.625,3.4729305773503527,33.20860833999321,-0.0001941578726063,1569.328,8964.718,-0.0003194747847378,25.460985558962392,1.31347513213243,71.32194157026348
1,572,2819.437,3.4696192030612285,33.236115055926255,-0.0002003783798205,1554.922,8711.890000000005,-0.0003325759924037,25.49740108799641,1.31320206344422,71.30711389020412
1,576,2819.579,3.470018470757559,33.18660088296571,-0.0001956458893856,1551.266,9016.843,-0.0003166032862435,25.448154568524693,1.30779599469444,71.01356336148518
1,580,2810.672,3.470762691935287,33.174058099115534,-0.0001935174380226,1535.344,9263.0,-0.0003053102086102,25.331277760037743,1.30303291864059,70.75492745457169
1,584,2811.485,3.468111467035994,33.253984518546055,-0.0001967788376608,1527.641,8751.406,-0.0003311196080571,25.474169291837303,1.30335735590382,70.77254445771489
1,588,2802.422,3.4648625780221494,33.3198093248819,-0.0002029813555045,1524.843,8774.546999999999,-0.0003301898656104,25.517578140682183,1.30341004386556,70.77540542374062
1,592,2801.625,3.467864133752208,33.33765795318198,-0.0001962376910943,1524.0,9019.077999999994,-0.0003174839396884,25.50775507186321,1.29788708064957,70.47550750397869
1,596,2802.031,3.464021404592563,33.29076744042025,-0.0001995771239022,1511.75,8918.359,-0.0003218688268696,25.50114283857661,1.29807350569189,70.48563041810954
1,600,2793.39,3.4664623858156745,33.27568841807217,-0.0001963902343911,1508.094,8646.0,-0.0003343220274088,25.47614046458346,1.29346361384424,70.23531244180377
1,604,2793.39,3.46850906693551,33.32067807371405,-0.0001907237194604,1493.234,8823.672,-0.000328069927063,25.50648704649774,1.28800339261912,69.93882142370093
1,608,2792.485,3.466806213058136,33.37314972896719,-0.0001924559535682,1485.609,9085.781,-0.0003137660432947,25.51745265160624,1.28745252213794,69.90890905512207
1,612,2802.016,3.471070722008039,33.71351889594897,-0.0002045393853312,1483.953,8408.422,-0.0003503517716487,25.664855251476254,1.30901536423074,71.07977535187085
1,614,2820.39,3.475472204020004,33.86531768239223,-0.000213865204723,1528.359,8683.875,-0.0003363065157633,25.433646971948875,1.32507932864294,71.95205157786506
2,2,3690.234,3.556946061827572,32.14277785992152,-0.0001927262116286,707.422,6890.453,-0.002308609327492,25.318868966701046,2.0353375910056,100.88297108833646
2,4,3672.344,3.56147580138708,32.29307515705474,-0.000194881656295,3535.141,6980.859,-0.002923367057969,27.09775038276125,2.02514024603141,100.37753235288778
2,6,3651.641,3.566752469641321,32.24414709253608,-0.0001919716283061,3531.422,6953.125,-0.0029409373853716,27.243309503530377,2.01332637134546,99.79196916000484
2,8,3631.563,3.5687953371516272,32.14711742429942,-0.0001917602183546,3509.859,6888.030999999999,-0.0029321624226104,27.17313879630384,2.01328466554074,99.7899019818078
2,10,3629.172,3.563970503289941,32.06687277315468,-0.0001988476516765,3470.312,7024.891,-0.0028810863624537,27.058181783567157,2.00052833762477,99.15762541696316
2,12,3652.281,3.5735512387791406,32.03447836207717,-0.0001944460891086,3472.344,7320.328,-0.0027214152391536,27.010664589975644,2.01389907599316,99.8203556776378
2,14,3650.828,3.5711391343785897,32.11157496697372,-0.0001997289861937,3437.266,7352.719000000001,-0.0027087107294011,27.092063790042364,2.01310110562697,99.7808037027038
2,16,3572.453,3.568150746216304,32.112576242471775,-0.0001976954754066,3436.515,6691.0470000000005,-0.0030377390040539,27.295000789108386,1.96878982627284,97.5844832820893
2,18,3550.594,3.569283415581244,32.03566207329278,-0.0001967696724169,3418.688,6729.264999999994,-0.0030150849634369,27.231094729512908,1.96816617643342,97.5535716293996
2,20,3551.25,3.563388513484579,31.99527968872302,-0.0002054639131838,3388.75,6773.343999999999,-0.0029794656253726,27.153987730434693,1.95723079175605,97.01155142541865
2,22,3530.25,3.566658719765511,31.874127571841356,-0.0002012984775893,3373.937,6745.438,-0.0029880581402623,27.145539720170813,1.94559915141294,96.43502080876348
2,25,3491.016,3.568703597012284,32.120959708576166,-0.0002019239254251,2741.313,6845.562,-0.0028194707982718,27.100618830315568,1.93475050448411,95.8972998236526
2,27,3470.281,3.569207084156356,32.11021168908644,-0.0002016914933598,3289.219,6663.14,-0.0029999139319598,27.34643005152544,1.9232799539368,95.32875373854844
2,29,3470.0,3.5659271296109383,31.989061278918157,-0.0002063183056942,3263.2339999999967,7494.797000000006,-0.002637859920481,27.13044941257913,1.91188993094849,94.76419905980474
2,31,3450.297,3.561241727064949,31.87881444863544,-0.0002126171994523,3242.0,6679.75,-0.0029940989298215,27.16494621497475,1.90106671419793,94.22773853976388
2,33,3429.407,3.557881987836072,31.7674507110244,-0.0002157769825972,3229.438,6770.812,-0.0029706623160576,27.122265060515836,1.88919899480615,93.6395064953226
2,35,3409.484,3.56282437243777,31.78991634963658,-0.0002100881489789,3197.656,6738.375000000001,-0.0029590549823125,27.091186922536306,1.87827837224885,93.09821798643677
2,37,3390.422,3.559195328016864,31.82883467218067,-0.0002149480238431,3153.141,6836.391,-0.0029311588642321,27.064754224863968,1.86756971615202,92.56743574756617
2,39,3390.281,3.5580906165580983,31.890449470827843,-0.0002155911625632,3138.969,7019.812999999999,-0.002815035313332,27.096833265509154,1.86758925744538,92.56840432582156
2,42,3591.734,3.565899462157853,31.51177053595285,-0.0002010977788925,3110.172,7179.139999999999,-0.0028385150477652,25.621036972906783,1.97962654825082,98.12161319843736
2,46,3552.297,3.570814209348872,31.874488497680712,-0.000198082892336,3444.25,6838.827999999994,-0.0030081109467517,26.01891608463069,1.9575499080884,97.02736865587346
2,50,3531.578,3.5666817833633124,31.53911453638972,-0.0002037654076635,3388.703,6892.687,-0.0029547009385083,26.11363000720855,1.94581501707876,96.4457203456954
2,54,3492.907,3.566839274502584,31.220866832188783,-0.0002028962729248,3333.141,6748.656000000001,-0.0030234731764883,25.760828939548123,1.92424611216801,95.37664206593776
2,58,3511.594,3.571051969392875,31.119005145018026,-0.000203897286497,3270.828,7526.5,-0.0026613348820348,25.50924394673222,1.94598113314216,96.45395400781383
2,62,3431.9370000000054,3.5666308474029798,31.03324407815673,-0.000203666225974,3215.515,6883.703000000001,-0.0029403155904958,25.50074158941563,1.90140793055308,94.2446511737385
2,66,3431.125,3.552739224085492,31.001249222460967,-0.0002187978734225,3172.203,6906.516,-0.0029531411186823,25.44745403999636,1.87867421368008,93.11783815158223
2,70,3412.406,3.556095975504661,30.92143474404136,-0.0002146383429503,3160.063,7457.312,-0.0026675044088997,25.351655963419255,1.86830613282642,92.60393676951
2,74,3410.688,3.5504500858303394,30.92936024820721,-0.0002197056761899,3104.922,7459.234999999999,-0.0026757242344097,25.2638879248557,1.8560244070083,91.99518419888014
2,78,3410.718,3.546007083640312,31.00810965793079,-0.000219319290897,3072.578,7071.406000000001,-0.0028619553462512,25.323443940163475,1.84519979618558,91.45865458065036
2,82,3392.719,3.554257954720065,30.96779499306422,-0.0002227739496773,3028.938,7761.514999999994,-0.002555839623322,25.304305905815063,1.85722889088532,92.05488530825814
2,86,3470.672,3.555857469677978,31.10097217303459,-0.0002028342380386,0.0,1674.484,-0.0003532546312884,23.82084266180423,1.92477608890906,95.40291074415664
2,90,3414.109,3.5537306734803207,31.307368922041046,-0.0002092302248026,3149.234,6964.4220000000005,-0.0004415534029881,25.53656406778964,1.88223175260926,93.2941701264468
2,94,3395.219,3.5452650003621518,31.13133998716456,-0.0002171808956622,3068.89,7069.0,-0.0004317809745559,25.56741667631952,1.85527668788559,91.95812296295944
2,98,3386.0,3.538408778928339,30.82871377910505,-0.0002221545782887,3006.36,7645.296999999999,-0.0003844756703805,25.15735403314838,1.83925089171819,91.16379285351326
2,102,3368.187,3.529768831133268,30.761533072057244,-0.0002292644947103,2951.657,7080.828,-0.0004351010620802,24.98953894522789,1.81853960739944,90.13722315501992
2,106,3368.266,3.53006768404233,31.30305692941581,-0.0002304772117719,2918.531,7655.766,-0.0003851888666861,25.180745399490828,1.81347700595671,89.88629167454431
2,110,3358.719,3.5248882875629555,31.06432144678013,-0.0002321434266481,2888.891,7572.844000000001,-0.0003907135729488,25.292235216630523,1.79710184503054,89.07464504963947
2,114,3339.5,3.5190926887152725,30.96654665282149,-0.0002357980821885,2841.828,7151.234000000006,-0.0004277902017059,25.12354763553037,1.78100462941205,88.27677498375004
2,118,3331.265,3.5151810230271,30.82645569799297,-0.0002379084188284,2804.406,7797.875000000001,-0.0003759163990839,24.845898768603192,1.77101304226823,87.78153478310176
2,122,3321.188,3.514029112834162,31.080769482413952,-0.0002379789954728,2759.141,7908.827999999999,-0.0003698748780846,24.745480280733183,1.76047124481709,87.25902301297472
2,126,3321.844,3.514139684003936,31.694287817425337,-0.0002365227439028,2737.75,7767.031000000001,-0.0003798412411613,25.29969472858799,1.75029137880066,86.75445063463465
2,130,3311.828,3.509578354212467,31.875581783696685,-0.0002406271172839,2718.625,7528.156000000001,-0.0003970758090054,25.719099276376973,1.73949250377326,86.21919662960373
2,134,3327.391,3.5110708693292705,31.543288143901563,-0.0002441979016278,2684.891,7481.327999999998,-0.0004025827621946,25.607949607087512,1.75467665536372,86.97181002045869
2,136,3312.078,3.5159179315855056,31.420983409991024,-0.0002389284493461,2689.031,8115.891,-0.0003646363064175,25.15239521946869,1.76593909418422,87.53004089819298
2,140,3293.172,3.50585340727078,31.15837149963786,-0.0002393715245564,2712.36,8046.625,-0.0003636103699288,24.956784398728235,1.73378874196248,85.93648557449694
2,144,3275.328,3.5010379345914444,31.15661421699882,-0.0002400305894624,2639.656,7677.858999999999,-0.000390324139185,24.845753514136497,1.71332591204073,84.92223069682748
2,148,3265.016,3.497407662636496,31.206611383963253,-0.0002417615366019,2590.75,8214.984,-0.0003520208556378,24.759253545817227,1.70240778136735,84.38106569995976
2,150,3328.937,3.5388872766749144,33.61169282822636,-0.000219971602646,2595.735,7350.655999999999,-0.0004272805480383,25.385815273810294,1.82371946178183,90.39396636175364
2,154,3329.266,3.5327430295356828,32.85630077141311,-0.0002301290165362,2999.125,7064.4220000000005,-0.000431508256036,27.380478585615847,1.80812840503147,89.62118442408695
2,158,3301.579,3.521214759733266,32.210981559158874,-0.0002368902984987,2870.844,7505.328,-0.000398186340804,26.646363956512182,1.77576109450343,88.01687540594799
2,162,3283.563,3.509311143950668,31.965090081650278,-0.000241782490765,2770.7660000000037,6986.0929999999935,-0.0004494550940422,26.100358589607755,1.74474098418368,86.47934133475826
2,166,3275.125,3.50716091973708,31.744801840189535,-0.0002392642144288,2702.328,7908.578000000001,-0.0003715481847754,25.649456483530543,1.72920703413237,85.7093899316892
2,170,3265.656,3.500928918686389,31.876564068962463,-0.0002402442857519,2638.313,7339.764999999999,-0.0004158169441251,25.59348533692894,1.70810865525532,84.66363361309608
2,174,3266.093,3.4973019898820894,32.24289319481841,-0.0002419962731217,2599.156,7647.828,-0.0003910216589233,25.80802143843077,1.69759542374618,84.14253773442293
2,178,3257.594,3.492903830118716,32.07305565938816,-0.0002409404122137,2557.625,7879.422,-0.0003750095456122,25.69098129488092,1.68206345240295,83.37268440744252
2,182,3248.593,3.488659224822318,32.0301409298912,-0.0002420804645275,2509.9689999999973,8295.858999999997,-0.0003472116091543,25.577958645380264,1.67147683222951,82.84795096685752
2,186,3238.766,3.482293080477401,31.984935871368258,-0.0002455770859271,2465.562,8339.813,-0.0003464876084726,25.46098104903186,1.66075913870477,82.31672078137474
2,190,3240.14,3.477575664197982,32.23677365476226,-0.0002464276713769,2433.437,8252.531,-0.000352725287731,25.436993851892336,1.65112101503807,81.8390002521071
2,194,3230.109,3.478743650648925,32.56097148037261,-0.0002434933606795,2413.062,8175.577999999999,-0.0003585853744477,25.938054463156547,1.64013492561909,81.29446683115198
2,198,3229.7810000000027,3.4740152461288862,32.48984985901219,-0.0002422880108654,2377.265,8358.829,-0.0003478618922356,25.848663621482324,1.62919994161654,80.75246648690656
2,202,3212.469,3.4718387718772696,32.42612199208859,-0.0002367075208369,2339.266,7451.593000000001,-0.0004152949690017,25.889479643087075,1.60884963029617,79.7437886746144
2,206,3213.219,3.463180130644551,32.29984271249387,-0.0002422591273041,2295.672,7978.687,-0.0003766713089143,25.70387833670803,1.60352448989692,79.47984426199564
2,210,3203.578,3.463469391967206,32.610757585145336,-0.0002415303453876,2260.156,8450.907,-0.0003468488652527,25.559248674341752,1.5989712144028,79.25415788836384
2,214,3195.125,3.46021805164007,32.25699351958767,-0.0002403250414757,2247.078,8558.937,-0.0003397011349494,26.033525396777183,1.58762731235756,78.69188922732394
2,216,3195.312999999994,3.462574876665621,32.47193402838835,-0.0002383005374759,2225.219,8255.828000000001,-0.0003606534046161,25.99298659076224,1.58297197446862,78.46114405771091
2,220,3186.297,3.4537077937586056,32.40219271195366,-0.0002370750335096,2176.797,7976.563,-0.0003817305509731,25.91913561281261,1.56713763671356,77.67630372212932
2,224,3176.438,3.4514035349888337,32.30987415652578,-0.0002372196907422,2141.546,8520.922,-0.0003476616350659,25.692906565192622,1.56134461397139,77.38916838478035
2,228,3167.593,3.450781146333252,32.35440526839345,-0.0002328177121109,2106.485,8388.14,-0.0003574609358859,25.652455059158346,1.55117118927904,76.88491527529958
2,232,3167.719,3.446105572450592,32.4731363791227,-0.0002346890084073,2077.719,8390.030999999999,-0.0003588048228007,25.71736135777053,1.54067416062952,76.3646225030132
2,236,3159.077999999994,3.4418152533277144,32.52334649341759,-0.0002315308244066,2053.672,7850.734,-0.0004033356896339,25.86487617453136,1.52531387446244,75.60327887522882
2,240,3148.829,3.445008015985666,32.518264823491045,-0.0002290186211018,2028.5,8777.156,-0.0003384210372256,25.698809219589723,1.53015703180674,75.84333345118733
2,244,3149.094,3.441164687975023,32.5437072434024,-0.0002293492061687,1995.109,8782.219,-0.0003386265100165,25.68744671745564,1.52465668344741,75.57070473005419
2,248,3140.547,3.443620591429828,32.562223096007365,-0.0002210832508792,1966.907,8778.953000000001,-0.000340936950056,25.675400345041066,1.51454929866554,75.06972493621848
2,252,3131.625,3.439943269617906,32.58978020040808,-0.0002232096509618,1936.109,8870.672,-0.0003369577599846,25.668763538927504,1.50939150460208,74.81407516505371
2,256,3121.907,3.43602719305159,32.57089563557426,-0.0002252063188936,1910.828,8895.765999999998,-0.0003372807011751,25.633776388554608,1.50399743330507,74.54671414292675
2,260,3122.125,3.436309312279291,32.5378543470942,-0.000217389376888,1885.657,8543.890000000001,-0.0003598815143219,25.625938785360574,1.49352019180402,74.02740213488109
2,264,3121.672,3.430470227771154,32.65645090520509,-0.0002201654059813,1860.375,8946.719,-0.0003362743742376,25.457904643596315,1.48763230244974,73.73556466569462
2,266,3120.86,3.4417311090871063,33.180785234653264,-0.0002394096571027,1729.922,8989.094,-0.0003476808794056,25.83696336090956,1.53028762144017,75.84980622026112
2,270,3103.828,3.4355429213552537,32.71220835503141,-0.0002252306817398,1929.937,8876.500000000005,-0.0003449009213459,25.705316618203263,1.50407600883601,74.55060879561292
2,274,3095.094,3.4272336842373576,32.543943889007906,-0.0002271773184504,1846.062,8959.203,-0.0003414061911405,25.199061438892777,1.48875936087309,73.79142812679322
2,278,3095.781,3.430753651868756,32.6655410721976,-0.0002130888995795,1805.015,8403.047,-0.0003778565101974,25.244891582118854,1.47827792855466,73.27190839787096
2,282,3094.328,3.430880434209888,33.160922870564626,-0.0002151235267033,1780.594,9026.625,-0.0003395561504292,25.478299525410502,1.47845998221568,73.28093201847443
2,286,3086.531,3.431984614031654,33.414445545408455,-0.0002143001138228,1779.234,9026.672,-0.0003393395433605,26.03924515455654,1.47321484489997,73.02095301621284
2,290,3085.625,3.426913589626702,33.3541679486525,-0.0002145128816977,1758.172,8897.765000000005,-0.0003471457602104,25.97604259369371,1.46751649350679,72.73851013234444
2,294,3067.203,3.422042235670516,33.13634596100404,-0.0002150334150649,1732.14,8385.032000000001,-0.0003811373946047,25.919206758618333,1.45162926575213,71.95104826590523
2,298,3058.157,3.4202687142856667,32.92241762841388,-0.0002126087907949,1696.907,9108.953,-0.000338203178714,25.445615862630408,1.45192377209672,71.96564568462234
2,302,3058.812,3.4248208106770663,33.20338483123576,-0.0002049775257317,1665.843,9140.485,-0.0003382323489926,25.395678108430275,1.44714846947777,71.72895437691278
2,306,3058.578,3.423499088319266,33.533950654066935,-0.0002083022181743,1663.078,9081.75,-0.0003416694470915,25.90773222007424,1.44685381056599,71.71434939609318
2,310,3049.328,3.4247420964314874,33.5767934055627,-0.0002055383242902,1660.547,9144.250000000004,-0.0003382406352111,26.05226931839347,1.44167419302847,71.45761792874575
2,313,3177.219,3.450702139255875,33.224088400657315,-0.0002357602538791,1660.547,9144.250000000004,-0.0003382406352111,26.05226931839347,1.59358665931001,78.98726854374111
2,316,3082.937,3.448047542990752,33.37083344726966,-0.0002400484620448,1772.656,9029.922,-0.0003475007198064,25.93431372564645,1.54639023769156,76.64794397240323
2,320,3074.266,3.439948189189645,33.43366634309322,-0.0002314627287779,1941.109,8603.343999999994,-0.0003663867292662,26.51775579342402,1.51470559175661,75.07747171565073
2,324,3066.0,3.434112914501242,33.28676739403043,-0.0002293122324009,1859.984,8841.141,-0.000353655989176,26.296792336298168,1.49897860833354,74.29795247472106
2,328,3056.437,3.432560094036392,33.14347737377552,-0.0002217564342282,1798.735,9007.078,-0.0003460593639199,26.03904064199693,1.48311107454105,73.51146675367659
2,332,3048.219,3.4270614887575657,33.11021541795579,-0.0002222466706938,1747.031,8946.407,-0.0003514387502348,25.90252654964816,1.47296648254683,73.00864275760908
2,336,3039.218,3.427340316812041,33.18991802149879,-0.00021725873077,1717.39,8991.016000000001,-0.0003491613879107,25.877092731363224,1.46276043960993,72.50277290138493
2,340,3039.047,3.423482197888437,33.26265398635676,-0.000217538127014,1686.828,9118.469000000006,-0.0003429544389784,25.93141642274133,1.45183646810625,71.96131839956391
2,344,3030.375,3.422095770106937,33.299978841087025,-0.0002141065730806,1662.094,8701.516,-0.000369286984817,26.00842813210305,1.44686706440304,71.71500633205595
2,348,3021.0,3.421883545422636,33.31663547841367,-0.000212031294271,1641.25,9163.844,-0.0003417810138789,25.9304594999863,1.44138039942778,71.44305583769248
2,352,3021.75,3.4195777411151886,33.39150630507064,-0.0002107942888588,1616.218,9189.282,-0.0003412394465304,25.9473810669606,1.43121074496077,70.93898960214143
2,356,3012.265,3.4175281789596474,33.41522427488497,-0.0002111857307837,1600.672,9206.172,-0.000340472411798,25.97159894270595,1.42602471795257,70.68194044477139
2,360,3002.641,3.4197860540725715,33.39690850726103,-0.0002034194072569,1581.078,8786.828000000003,-0.0003664039425304,26.03360335838821,1.42048764996619,70.4074916889224
2,364,3012.0,3.4171369298988705,33.73731993653,-0.0002021593298319,1556.765,9249.954,-0.0003396751611669,25.90982967799584,1.4207006230355,70.41804785222855
2,367,3020.11,3.4305347141293625,34.08965316576344,-0.0002144489282705,1522.312,8520.86,-0.0003895323570364,26.41227975974544,1.45225580433084,71.98210310103482
2,371,3002.172000000006,3.4250844180972875,33.9987286593769,-0.000207484960153,1655.0,8914.812,-0.0003583035831833,26.686445558767225,1.43155763277257,70.95618334594263
2,375,2992.703,3.417133986279293,33.907397114007345,-0.000209481079531,1597.828,8319.375,-0.0003970704480008,26.60645818317976,1.41501575115894,70.1362730902931
2,379,2964.468,3.417521467040602,33.70518417605219,-0.0002069562408233,1563.547,8753.859,-0.0003657177740709,26.340043075472312,1.40973115065175,69.87433806657212
2,383,2983.375,3.418162323668036,33.7458832944166,-0.0001969774802485,1523.765,9282.344,-0.0003394999873599,26.10257345827895,1.40491731812931,69.63573699649338
2,387,2975.297,3.420331935905118,34.01657212624259,-0.0001918846244398,1501.265,8540.656,-0.0003848406736047,26.41341494885895,1.39516429657156,69.15232147064526
2,391,2974.9850000000006,3.4192916311692465,34.175023374593785,-0.0001934794705843,1498.703,9220.578,-0.0003421945321886,26.58456875391784,1.39453438326141,69.12109936452545
2,395,2966.25,3.414352330355796,33.976109677640174,-0.0001944150369259,1478.047,9326.672,-0.0003373785306328,26.46196190140926,1.38931711793126,68.86250185726787
2,399,2956.359,3.412701167144591,33.84150372451663,-0.0001931307775164,1447.453,9358.234,-0.0003374571484689,26.121216404378323,1.38383794723278,68.59092282212131
2,403,2956.344,3.410409522809144,34.1008464215818,-0.0001930338174544,1432.172,8579.234,-0.0003846317320583,26.409310711304133,1.37368142381951,68.08750743669
2,407,2956.406,3.414419320260644,34.34663683304219,-0.0001901746770674,1435.219,9371.406,-0.0003370024450058,26.554432319974733,1.37860598918637,68.33159705981836
2,411,2947.266,3.4131710032395315,34.216231530637586,-0.0001891264971323,1427.5,9378.063,-0.0003364059871599,26.61726658220038,1.37376002991086,68.09140360412486
2,415,2937.984,3.4107019261975147,34.041617020161176,-0.0001881115642808,1405.437,9401.782,-0.0003358736586443,26.39975031938421,1.36825805839427,67.81869443003508
2,419,2929.125,3.4089059214760367,33.890212870710734,-0.0001864779471521,1380.437,9425.11,-0.0003363910315506,26.124475808397165,1.36330240373175,67.5730638436144
2,423,2928.454,3.4134080258317576,34.116762412437,-0.000179701134315,1364.281,9146.172,-0.0003524655456678,26.26020263178304,1.35809661401726,67.31503513349786
2,427,2929.375,3.411221044859532,34.490493589415046,-0.0001843241411124,1365.0,8837.781,-0.000371007894358,26.670370279195048,1.35326909099953,67.07575548417674
2,431,2946.031,3.415521085221368,34.23744800906639,-0.0001876524487607,1379.297,8761.561999999996,-0.0003740216456743,26.950570586809867,1.38416057382375,68.60691404106846
2,433,2955.438,3.42298383625498,34.41428886050454,-0.0002017947167713,1481.437,8859.235,-0.0003688439398742,26.72454690095705,1.40514677906515,69.64711039275872
2,437,2937.625,3.414757022019347,34.16445180476378,-0.0001951204717606,1495.125,9204.937999999996,-0.000346798584849,26.742962123720645,1.37871902262735,68.33719964359061
2,441,2929.078,3.41435871627236,33.877146811272176,-0.0001842579076031,1429.297,9199.641,-0.0003488880873219,26.311611774381017,1.36826577831991,67.81907707369999
2,445,2918.375,3.409188669841805,33.839566254190565,-0.0001871564706122,1381.312,9425.797,-0.0003379117238692,26.06284845842712,1.3573151296618,67.27630029953899
2,449,2919.812,3.411930366643558,33.818304796930946,-0.0001766734137778,1361.547,9360.968,-0.0003413445945501,26.03827333584997,1.35249346388016,67.03731096833596
2,453,2900.422,3.4094417183837504,33.812621135472135,-0.0001799344518769,1335.265,9437.704,-0.000337676769408,25.98257167907809,1.34740991516612,66.78534122129697
2,457,2901.375,3.408189609747988,33.79894614410012,-0.0001769449487649,1319.672,9426.046999999997,-0.0003387531349866,25.98889751886105,1.33700751308423,66.26973868287087
2,461,2901.187,3.40737851449911,33.702723745621576,-0.0001726298406694,1302.016,9505.078,-0.0003349636857818,25.873817245148032,1.33123529667185,65.98363462621751
2,465,2891.64,3.4085862639015,33.63562651984647,-0.0001657827157561,1282.844,8830.796999999999,-0.0003750049696031,25.866725578506443,1.32593037817276,65.72069252661954
2,469,2882.906,3.404843616147767,33.69072406179652,-0.0001719889863937,1269.422,9316.39,-0.000345347029885,25.77918241614055,1.32157874386753,65.50500064349335
2,473,2883.265,3.4081057374178703,33.71317033815572,-0.0001646892668957,1259.578,9546.984,-0.0003339109495502,25.779594856251972,1.32122507406611,65.48747074550045
2,477,2882.969,3.409172854038073,33.65376593260611,-0.0001592585578157,1244.7339999999967,9560.547000000006,-0.0003331555319808,25.73914964692064,1.31564853018627,65.2110653386093
2,481,2891.656,3.4110817622184237,33.983578066068176,-0.0001580566890206,1231.141,9502.25,-0.000336095367283,25.68008908964709,1.32090256975024,65.47148558720653
2,483,2901.25,3.416748624671716,33.816348135475515,-0.0001786394042949,1236.594,9568.953,-0.0003347463714251,26.173174882929104,1.34743287672739,66.78647932759047
2,485,2891.703,3.4169689184247174,33.60692030225909,-0.0001631475048651,1364.641,9386.625000000004,-0.0003364984193313,26.412927199212103,1.32601280723536,65.72477818237311
2,489,2883.016,3.4105763913818787,33.47350597721994,-0.0001601500794561,1270.625,9535.0,-0.0003331309669231,26.01498124223845,1.31011867848311,64.93697426302657
2,493,2873.453,3.4113335283009314,33.209178727620106,-0.0001523924400711,1236.984,9569.688,-0.000333045128709,25.743698100268983,1.30521620229393,64.69397950587184
2,497,2874.031,3.4081283345557187,33.58088963686094,-0.0001577303851813,1216.39,9286.063,-0.0003481936080431,25.849366387166373,1.30040619513558,64.45556804271465
2,501,2874.234,3.412573242269913,33.76400861956033,-0.0001514381946157,1229.469,9459.75,-0.0003374216286985,26.16090604959136,1.30023573584112,64.44711910522597
2,505,2864.984,3.407693686560286,33.57003564415372,-0.0001527782850952,1218.313,9218.140999999998,-0.0003504308305526,26.149674507929515,1.28950667224808,63.9153253541329
2,509,2855.093,3.407349960804196,33.272050895552354,-0.0001457809749569,1196.485,8996.765,-0.0003645479297679,25.88741440866421,1.27925305738479,63.40709756117343
2,513,2855.625,3.409292163767801,33.12740933210319,-0.0001385899365797,1168.625,9565.078,-0.0003330941553668,25.497625818790677,1.27920781717146,63.40485519747241
2,517,2855.594,3.409549235480477,33.439116773449626,-0.000140587522514,1149.062,9498.75,-0.0003368781901896,25.5837511055969,1.27403676090292,63.14854807557744
2,521,2847.437,3.410318915287339,33.482874768414376,-0.0001392110874161,1160.922,9460.313,-0.000337883994425,25.90143437343388,1.27412739230015,63.15304028594434
2,525,2847.36,3.409269478846637,33.22136307064441,-0.0001307233382833,1146.531,8823.046999999995,-0.0003756974063454,25.812500717956773,1.26376394264408,62.63936845251047
2,529,2837.328,3.409437443506909,32.98562738901426,-0.000126994855627,1123.625,9377.469,-0.0003436616914613,25.418015652812915,1.25813736889552,62.36048327920517
2,533,2837.281,3.403885091976961,32.97018278153956,-0.0001311407746937,1095.453,9475.282,-0.00033900063349,25.184158283341244,1.2532598640553,62.11872624491582
2,537,2838.515,3.4065929107527846,33.31018716138479,-0.0001316958704144,1097.984,9706.781,-0.0003261972854782,25.35578191720396,1.25323133154934,62.11731201074328
2,541,2828.328,3.4095930016592684,33.23406652671602,-0.0001243607963477,1103.672,8933.828,-0.0003689021220055,25.68149669765411,1.24808749603136,61.86235410492132
2,545,2838.265,3.409409922814414,33.117656712920734,-0.0001172200252565,1093.5,9461.625,-0.0003379101241721,25.591813739883985,1.25343542849448,62.12742822257309
2,548,2864.547,3.4195489282896943,33.78417036686004,-0.0001442094140247,1032.39,9774.938,-0.0003235375008146,25.497613624329297,1.28980487732669,63.93010610326108
2,552,2846.39,3.4151799904188,33.806439563441614,-0.0001301355372243,1201.875,9588.187999999996,-0.0003288800584879,25.84421874752408,1.26354020217588,62.62827859533666
2,556,2837.969,3.4154594925159083,33.63735785291911,-0.000120121134805,1150.328,9424.313,-0.0003372632443652,25.74275332072092,1.24797617068429,61.85683618405182
2,560,2838.156,3.4130336456755868,33.58195933847606,-0.0001139129250099,1110.437,8963.672,-0.0003645811681078,25.638392621114672,1.23212028779433,61.07092794836815
2,564,2829.843,3.4094524356574096,33.56245583951572,-0.0001150401372462,1088.078,9334.969,-0.0003427655012236,25.49563276443761,1.22711376662135,60.82277612678393
2,568,2829.625,3.4138496008165014,33.5111267532655,-0.0001038939608364,1072.906,9461.14,-0.0003353644434272,25.428938070318736,1.22173975813774,60.55640953242813
2,572,2819.437,3.410900672125043,33.53675907012135,-0.0001053009963351,1050.172,9216.640000000005,-0.0003491757542836,25.45236006889344,1.21110267891517,60.02917505279337
2,576,2819.579,3.4105744140130074,33.49803069556778,-0.0001015259158683,1038.875,9529.234,-0.0003318235117468,25.399233871624016,1.20561597651317,59.75722270334661
2,580,2810.672,3.4096514247359915,33.516977262709986,-0.0001008438532295,1022.953,9775.391,-0.0003187025016498,25.2820272954604,1.20089362627173,59.52315601830062
2,584,2811.485,3.4128578373442537,33.531923269271225,-9.170142371375772e-05,1012.813,9266.234,-0.0003462705552173,25.41799675980421,1.19059039855583,59.01246912863032
2,588,2802.422,3.413450901705652,33.567636169584304,-9.054035154467215e-05,1002.031,9297.359,-0.0003434609203081,25.454072385369944,1.18517925104194,58.74426171153606
2,592,2801.625,3.414388187503409,33.60493096509702,-8.64367286305255e-05,993.234,9549.843999999994,-0.0003288024790619,25.429946661301248,1.17967068181446,58.47122551716232
2,596,2802.031,3.412419038813061,33.54281440778599,-8.377869250127949e-05,980.875,9449.234,-0.0003334469515761,25.42050671654486,1.17459528367539,58.2196597592319
2,600,2793.39,3.414810305745517,33.472459360982775,-6.844544929053148e-05,967.61,9186.484,-0.0003568460062212,25.397105626124823,1.15381833159625,57.18983519098029
2,604,2793.39,3.4166177332601,33.58210389885497,-7.301842034318162e-05,959.969,9356.937000000002,-0.0003388676653915,25.419424201944214,1.16440095573723,57.71437056534329
2,608,2792.485,3.4121341541171764,33.6634605108384,-7.636737462465426e-05,945.0,9626.39,-0.0003233411209589,25.432459537239456,1.15879749479161,57.43663099473362
2,612,2802.016,3.419700177568569,33.730546074122294,-7.984939661928298e-05,939.734,8952.641,-0.0003600059501152,25.57546236674736,1.17497488347692,58.23847489632371
2,614,2820.39,3.4234687742187893,33.8912822372509,-9.47539428312169e-05,982.484,9229.75,-0.000344537350422,25.30089012739764,1.18567523279294,58.76884540363096
3,2,3690.234,3.522006703394617,32.62485875142121,-0.0002393785934269,658.485,6939.39,-0.0022777436899546,25.11592643646189,1.89105229539079,100.45351791563915
3,4,3672.344,3.531949043431712,32.738209593287145,-0.0002339275724125,3277.078,7238.922,-0.0027460998771808,26.756606170640403,1.88063702768686,99.900254379013
3,6,3651.641,3.5344025220217845,32.68511456550919,-0.0002360076201041,3273.969,7210.578,-0.0027769197119987,26.78896518782561,1.88066267170114,99.90161660017114
3,8,3631.563,3.53492504932652,32.554748499572646,-0.0002391706919943,3276.156,7121.734,-0.0028123280426989,26.790949987534404,1.88077090098334,99.9073657865712
3,10,3629.172,3.534536640068787,32.46787845303298,-0.0002399462135813,3286.937,7208.266,-0.0027609064185766,26.726850930641444,1.87945087282851,99.83724531860553
3,12,3652.281,3.5411626672196816,32.48624734055599,-0.0002269398514557,3288.422,7504.25,-0.0026365412637811,26.620773999930957,1.88070035171174,99.90361817867274
3,14,3650.828,3.541165612176161,32.55779966353037,-0.0002291908826782,3266.938,7523.047,-0.0026370119685012,26.58924306987374,1.87993525235661,99.86297576917136
3,16,3572.453,3.549458117635797,32.45374435641106,-0.0002315991240694,3278.281,6849.281,-0.0028934367862912,26.74846360058507,1.88150881240388,99.94656396119812
3,18,3550.594,3.5502805464079743,32.373246444985035,-0.0002337234672534,3273.75,6874.202999999994,-0.0029051092267272,26.80373015807701,1.86969078703858,99.31878532934633
3,20,3551.25,3.5481347674910286,32.30534276235138,-0.0002368170439452,3280.391,6881.703,-0.0028815693100795,26.78643062225572,1.8700523801392,99.33799331164263
3,22,3530.25,3.548427214895644,32.183319483399806,-0.0002389829215049,3278.031,6841.344,-0.00289458506549,26.717163571192398,1.87004423941886,99.33756087304828
3,25,3491.016,3.5560433603714667,32.378853181816005,-0.0002342146444273,2783.454,6803.421,-0.0027922988363908,26.84939514355575,1.85965189877664,98.78551523188162
3,27,3470.281,3.5604849642800684,32.2913249500013,-0.0002314690910801,3265.703,6686.656000000001,-0.0029515882948982,27.007028938797088,1.85907465608622,98.75485184986668
3,29,3470.0,3.5562872542469752,32.14782797344657,-0.0002363617518806,3263.2339999999967,7494.797000000006,-0.0026232506703619,26.826630905506512,1.85900845777092,98.75133536665352
3,31,3450.297,3.5647746218187324,32.01380948237792,-0.0002249162577282,3253.641,6668.109,-0.0029730523898659,26.84510242327121,1.8593622586957,98.77012942519043
3,33,3429.407,3.565438928797127,31.88131010347136,-0.0002266484737427,3229.438,6770.812,-0.0029287501864808,26.64132190339396,1.8587355450601,98.73683812511632
3,35,3409.484,3.565961679108638,31.854304304240515,-0.0002284829937096,3232.468,6703.563000000001,-0.0029475411704564,26.63041082960469,1.84781729132214,98.15685575226132
3,37,3390.422,3.572496559005355,31.856555404576756,-0.0002195865559084,3233.672,6755.859999999999,-0.0029328682734809,26.732842671781054,1.8485252916137,98.19446503474695
3,39,3390.281,3.5699492020415136,31.86718260708393,-0.000223655615551,3207.438,6951.343999999999,-0.0028539555736967,26.680612495729743,1.84837895185003,98.186691403046
3,42,3591.734,3.5464338449590023,32.35216872128999,-0.0002377494889186,3177.484,7111.828,-0.0027497017940892,25.34511515663789,1.88078054376098,99.90787801510066
3,46,3552.297,3.5531968089006387,32.60219299451182,-0.0002370499505689,3347.172,6935.905999999994,-0.0028446560580906,25.81811264335102,1.88147215974436,99.94461695603135
3,50,3531.578,3.5599340214678805,32.19571819720114,-0.0002259480773377,3340.578,6940.812,-0.0028739671141751,25.90854556155513,1.88109543132448,99.92460497901308
3,54,3492.907,3.5595604968237997,31.805988160181123,-0.0002308844304144,3309.328,6772.469000000001,-0.0029474793248501,25.45730603092441,1.871008964978,99.38880751306714
3,58,3511.594,3.552385161941813,31.737001978644926,-0.0002372144458291,3306.141,7491.187,-0.0026397551443894,25.20812422476933,1.87019951519414,99.34580918956073
3,62,3431.9370000000054,3.5707670304281067,31.51707667966367,-0.0002190498402862,3297.687,6801.531000000001,-0.0029319537781854,25.198908450122424,1.8706715362801,99.37088315432128
3,66,3431.125,3.565722484743929,31.442860781038384,-0.0002263361225529,3276.515,6802.204,-0.002925012036937,25.088377505443955,1.85961246440202,98.78342046080256
3,70,3412.406,3.571283506748709,31.32326275303232,-0.0002180317823421,3275.906,7341.469,-0.0026857133325093,24.99488382064189,1.86003390971835,98.8058078187501
3,74,3410.688,3.56797162748914,31.28571570579735,-0.0002230418463692,3252.875,7311.281999999999,-0.0026903455418011,24.88975595599089,1.85916531091608,98.75966747373796
3,78,3410.718,3.5646314038791784,31.331850868998004,-0.0002285707585109,3242.891,6901.093000000001,-0.002878994204066,24.91474677813072,1.84813981787783,98.1739885027512
3,82,3392.719,3.568983888921194,31.32285733932258,-0.0002217861758737,3243.203,7547.249999999994,-0.0026166621741612,24.945473030337094,1.84920170212616,98.23039625446908
3,86,3470.672,3.564620688944316,31.60843645212248,-0.0002154498467036,0.0,1674.484,-0.0003199382166691,23.601078570891087,1.88346774379508,100.05062324611636
3,90,3414.109,3.569438814221784,31.782101501165204,-0.0002144408298415,3279.719,6833.937000000001,-0.0004372630564003,25.24857476578596,1.86282111179058,98.95386520139344
3,94,3395.219,3.568742147335628,31.51504198920288,-0.0002142956916249,3256.765,6881.125,-0.0004335307329922,25.2648118529816,1.85208503965235,98.38356039411237
3,98,3386.0,3.5642424070467817,31.13866351339678,-0.0002184327319814,3222.485,7429.171999999999,-0.0003877454698393,24.83295974161257,1.84695046482087,98.11080955264678
3,102,3368.187,3.5653038098527605,31.068710515588776,-0.0002172686748408,3199.219,6833.2660000000005,-0.000441399344095,24.67485217111906,1.83682843116902,97.57312273601715
3,106,3368.266,3.565432167703823,31.618244836823447,-0.0002196228779011,3183.969,7390.328,-0.0003924499363534,24.895406841356955,1.83716196196723,97.5908400366413
3,110,3358.719,3.5622303163451425,31.3315280636684,-0.0002227924321928,3180.313,7281.422,-0.0004006954351391,24.993919378962516,1.83167225837189,97.29922460125108
3,114,3339.5,3.564481026852489,31.132569191182142,-0.0002187722198058,3157.328,6835.734000000006,-0.0004417015294185,24.80297144486912,1.82114709513178,96.74012336609094
3,118,3331.265,3.561614556780574,30.972969676157927,-0.0002215286483174,3126.875,7475.406000000001,-0.0003873573057972,24.51176932541328,1.81650609151151,96.49359124138364
3,122,3321.188,3.5630587459190144,31.1990648511682,-0.0002206189950854,3110.688,7557.280999999999,-0.0003815047146557,24.44267945496156,1.81138156015046,96.22137391342224
3,126,3321.844,3.5629534367704405,31.722267598269813,-0.000223844187935,3104.531,7400.250000000001,-0.0003935619580624,24.98061830520359,1.81160563339396,96.233276781278
3,130,3311.828,3.563446012076242,31.900827580605675,-0.0002241515458115,3106.906,7139.875000000001,-0.000414955413467,25.37806773198085,1.80605489555574,95.93841918044076
3,134,3327.391,3.563998342345823,31.5372402498617,-0.0002293600796838,3093.125,7073.093999999997,-0.0004196505860981,25.25198951518979,1.81320418269941,96.31819241353496
3,136,3312.078,3.5604902283110547,31.24662583059252,-0.0002259908437386,3109.844,7695.078,-0.0003689976866107,24.74618517386197,1.80626419382835,95.94953719543624
3,140,3293.172,3.5567002097886946,30.939399361884792,-0.0002281880794921,3087.266,7671.719000000001,-0.0003719067300941,24.56829281318528,1.79583102499005,95.3953227427902
3,144,3275.328,3.5584127263446006,30.88485700435457,-0.0002260365852623,3056.031,7261.483999999999,-0.0004053164794971,24.46813967282139,1.78588526003905,94.86699939598208
3,148,3265.016,3.556136820956992,30.920682316695828,-0.0002288026800456,3027.844,7777.89,-0.0003666161220402,24.383631011491403,1.78032686045028,94.57173479963342
3,150,3328.937,3.568999942180493,33.8805778170798,-0.0002198849519729,3027.172,6919.218999999999,-0.0004330184483901,25.07100125430618,1.81507568995756,96.41760769059738
3,154,3329.266,3.571059290544873,33.038339318294426,-0.0002205619591192,3223.188,6840.359,-0.0004261323009881,27.032480454408866,1.81570251548458,96.45090493439226
3,158,3301.579,3.566692128462209,32.27329169539202,-0.0002224368088562,3168.016,7208.156000000001,-0.0003976580870161,26.29245192725164,1.80024321780567,95.6297003383392
3,162,3283.563,3.563327431073248,31.937919783481355,-0.0002255778876203,3111.6089999999967,6645.25,-0.0004509955980989,25.717432915400742,1.79044762056093,95.10935396520227
3,166,3275.125,3.559014621482901,31.688686599521045,-0.0002284659298668,3076.218,7534.688000000001,-0.0003766346960786,25.28130030703769,1.78034303230013,94.57259385530976
3,170,3265.656,3.556694583634292,31.779120691032947,-0.00023233945093,3043.406,6934.672,-0.0004264569097364,25.227543828398364,1.77532876959681,94.30623404626093
3,174,3266.093,3.555013984911923,32.133873372089305,-0.0002348660020065,3027.75,7219.234,-0.0004041440456757,25.45904949070632,1.77026297347329,94.0371367595855
3,178,3257.594,3.552637375406741,31.889431533099835,-0.0002354532086934,3005.969,7431.078,-0.0003883295180471,25.34339653019257,1.7600810618542,93.49626919937222
3,182,3248.593,3.547186025484395,31.81736328028127,-0.0002417764186334,2979.375,7826.452999999994,-0.0003600989124039,25.228421211568914,1.74964759353769,92.9420388383138
3,186,3238.766,3.546814755244375,31.72316205746117,-0.0002418309276869,2961.672,7843.702999999999,-0.0003596216135355,25.11195849555622,1.74965007505931,92.94217065781828
3,190,3240.14,3.544785017297265,31.957150654392294,-0.0002438641641471,2937.64,7748.328000000001,-0.0003674393235661,25.084968690362786,1.74502873921468,92.69668329388116
3,194,3230.109,3.546521542096416,32.29917704213345,-0.000243590167041,2932.234,7656.405999999999,-0.0003736117001303,25.58786856081741,1.73964574552867,92.41073633514534
3,198,3229.7810000000027,3.540832547654255,32.128842946565555,-0.0002488568126756,2911.578,7824.516,-0.0003627129293336,25.48842021020059,1.7285642277718,91.82208130681248
3,202,3212.469,3.542992511358393,32.021134355757404,-0.0002454649756342,2891.656,6899.203,-0.0004364565466742,25.520562110849983,1.72390032458842,91.5743327473832
3,206,3213.219,3.5360811169860216,31.85904886148665,-0.000252186991152,2863.812,7410.547,-0.0003942580672639,25.33659989417566,1.71397887764852,91.04730118386937
3,210,3203.578,3.5392436935272635,32.16100333536097,-0.0002485062701847,2844.485,7866.577999999999,-0.0003606842249483,25.20201911662045,1.71397019970046,91.04684020750553
3,214,3195.125,3.534823706293257,32.10276048728767,-0.0002554423430217,2833.578,7972.437,-0.0003542417121706,25.656761357540805,1.70365211736388,90.49873919973382
3,216,3195.312999999994,3.5366477402090606,32.33880662180898,-0.00025286433189,2830.234,7650.813,-0.0003766797959839,25.70355620495073,1.70401374743825,90.51794914609178
3,220,3186.297,3.535206284098092,32.21373014824893,-0.0002505287330199,2799.719,7353.641,-0.0004011820594787,25.605973227211333,1.6935716157343,89.96325858213598
3,224,3176.438,3.53298522375534,32.09949526722965,-0.0002525997769247,2771.765,7890.703000000001,-0.0003617573512569,25.387711853967417,1.68765773638777,89.64911074691454
3,228,3167.593,3.532158560934324,32.11305439113157,-0.000253865396352,2749.719,7744.906,-0.0003728344419834,25.34324683845571,1.68307443565832,89.4056438247883
3,232,3167.719,3.5308376380023527,32.20371989479744,-0.0002541818896886,2734.203,7733.547,-0.0003738128390126,25.404838740175805,1.67792701420255,89.13221056506995
3,236,3159.077999999994,3.5296958440720005,32.23340825772458,-0.0002562530321304,2720.531,7183.875000000001,-0.0004148450129857,25.53866446967712,1.67320602759662,88.88142970948275
3,240,3148.829,3.5281819372126093,32.212169716369466,-0.0002573375930393,2700.953,8104.703000000001,-0.0003499819537967,25.392212094931917,1.6674367208254,88.57496163215028
3,244,3149.094,3.5265730179666974,32.21746401954225,-0.0002575226927093,2685.687,8091.641,-0.0003508387870092,25.37882063803655,1.66226626306675,88.30030467403411
3,248,3140.547,3.5245022548553444,32.23410177209762,-0.0002602029569486,2668.735,8077.125,-0.0003523290185355,25.36610442135351,1.65742430657631,88.04309784572763
3,252,3131.625,3.5228548406546385,32.228343983674435,-0.0002621609210761,2653.359,8153.422,-0.0003485182320118,25.36601497084141,1.65253868492873,87.7835715053401
3,256,3121.907,3.522282912123785,32.1833106060944,-0.000262630728572,2634.813,8171.780999999997,-0.000347901652489,25.328687996097223,1.64721746275733,87.5009058762453
3,260,3122.125,3.5189923820688493,32.17200142078129,-0.0002649550269198,2616.719,7812.828,-0.000371577441273,25.32490446785169,1.63641368108981,86.92700430940862
3,264,3121.672,3.51778442795708,32.03316223587618,-0.0002661343258032,2596.016,8211.078,-0.0003462977141008,25.15003755101717,1.63625543120485,86.91859800690037
3,266,3120.86,3.521222605727349,32.506671891788216,-0.0002666993924943,2581.312,8137.704,-0.0003522104935464,25.474627913650306,1.64111917921838,87.17696241036246
3,270,3103.828,3.5172227884430147,31.96103948562093,-0.0002652851205062,2606.234,8200.203000000005,-0.0003465721460658,25.309912948438804,1.6315700789657,86.66971006432802
3,274,3095.094,3.5125010864221813,31.798082670491866,-0.000269748379484,2555.906,8249.359,-0.0003462423445709,24.83271348154768,1.62121328298724,86.11955257111292
3,278,3095.781,3.5129614635074677,31.95802833708937,-0.0002676785000385,2538.609,7669.452999999999,-0.0003854521566307,24.88956188067808,1.61642732147621,85.86532022039283
3,282,3094.328,3.512520410039196,32.41813169746276,-0.0002702709121001,2530.563,8276.655999999999,-0.0003443398402985,25.13848713559105,1.61582351016192,85.83324550155743
3,286,3086.531,3.5151454557578807,32.64044972789331,-0.0002682871094952,2538.797,8267.109,-0.0003432059272701,25.67656084340354,1.61672418029789,85.88108948972226
3,290,3085.625,3.513443179473182,32.56399373078006,-0.0002678595597538,2524.109,8131.828000000005,-0.0003516220842057,25.62368416476886,1.610865586373,85.56987844007078
3,294,3067.203,3.509708940257453,32.28305350922276,-0.0002739838003451,2502.234,7614.938,-0.0003875925288578,25.554462099423464,1.60066033743094,85.027771191142
3,298,3058.157,3.5042771471757,32.06065237439007,-0.0002789060084733,2475.922,8329.938,-0.0003414164098962,25.086777788456857,1.59591744870057,84.77582688520748
3,302,3058.812,3.509207943122176,32.365261126964526,-0.0002707371311764,2462.89,8343.438,-0.0003410368343439,25.056441260108773,1.59621795194622,84.79178974791847
3,306,3058.578,3.5095064920492853,32.68851871366292,-0.0002726005106007,2459.547,8285.280999999999,-0.0003437905718326,25.564533976059447,1.5958065114634,84.76993385106519
3,310,3049.328,3.505203266169396,32.747733642524246,-0.0002811348879224,2461.0939999999973,8343.703000000009,-0.0003395940210538,25.71603687619593,1.59065078214807,84.49605927424464
3,313,3177.219,3.5281182345919757,32.50500516961017,-0.0002716185478545,2461.0939999999973,8343.703000000009,-0.0003395940210538,25.71603687619593,1.68882111618555,89.71090998622898
3,316,3082.937,3.519590928396835,32.91993878980996,-0.0002728129826725,2547.406,8255.171999999999,-0.0003438097883777,25.616278552522115,1.62599382797332,86.37349719367897
3,320,3074.266,3.5146260368096875,32.948305858317944,-0.0002764035914621,2584.781,7959.671999999994,-0.0003596846726478,26.192445895478503,1.61574338628129,85.82898928627563
3,324,3066.0,3.5115494818370454,32.76906651915661,-0.0002766675929608,2552.64,8148.485000000001,-0.0003477932734518,25.99244956080433,1.60566267648465,85.2934976107533
3,328,3056.437,3.510769869032659,32.59734424608833,-0.0002735822640842,2517.438,8288.375,-0.0003406998844544,25.7378775367257,1.59497469215243,84.72574724857897
3,332,3048.219,3.50804494279531,32.52349894408369,-0.0002769787281579,2485.875,8207.563,-0.0003460927570336,25.603747603389166,1.59041024388719,84.48328177752624
3,336,3039.218,3.507748080950393,32.578228834731775,-0.0002773833276164,2467.344,8241.062000000002,-0.0003443948922319,25.5746806909274,1.58535170629882,84.21457006738538
3,340,3039.047,3.506667352106726,32.62728298499839,-0.0002763301930908,2454.578,8350.719000000006,-0.0003378676657358,25.62855590034613,1.57997371472424,83.9288888229777
3,344,3030.375,3.50618439217454,32.652115712561326,-0.0002772745025088,2440.172,7923.438,-0.0003650961136219,25.70438860327744,1.57521854652781,83.67629222648154
3,348,3021.0,3.5051004339266254,32.64767456395258,-0.0002781231693454,2424.688,8380.405999999999,-0.0003362530544432,25.63485128551617,1.56979848464887,83.38837618926404
3,352,3021.75,3.5054479186890566,32.6993879231031,-0.0002753686795087,2410.875,8394.625,-0.0003353974806304,25.6527336441731,1.57025653759504,83.41270816038221
3,356,3012.265,3.500074246846,32.724576765133094,-0.0002851128774003,2395.188,8411.655999999999,-0.000334712956961,25.668484796650056,1.56524987390944,83.14675201444969
3,360,3002.641,3.5011647157526498,32.70434030242972,-0.0002832575937281,2391.656,7976.250000000003,-0.0003618867036558,25.74432548238452,1.55963393356115,82.8484308280049
3,364,3012.0,3.500407285435189,32.74051962267582,-0.0002815607009609,2372.281,8434.437999999998,-0.0003343745060861,25.63391503038764,1.56498205333921,83.13252526962864
3,367,3020.11,3.507816455272743,33.38712825139849,-0.0002837074989904,2389.734,7653.438,-0.0003861089472341,26.086357315160186,1.57497949984227,83.66359396289195
3,371,3002.172000000006,3.5025243992110107,33.270627344923426,-0.0002876318628813,2428.406,8141.406,-0.0003495383538517,26.36503424612251,1.56528111687805,83.14841165448959
3,375,2992.703,3.505155823274424,33.115074143665915,-0.0002803770293878,2400.172,7517.030999999999,-0.000392406747711,26.295278993185978,1.55975549747013,82.85488835556158
3,379,2964.468,3.498364647513572,32.90572814040102,-0.0002922740320039,2368.485,7948.921,-0.0003610821180016,26.019053861613617,1.5498976856705,82.33123711829187
3,383,2983.375,3.500140843862167,32.953112654161664,-0.0002820316711786,2352.453,8453.656,-0.0003330332234375,25.806756459289247,1.5438771531345,82.01142381939957
3,387,2975.297,3.49909547013937,33.2282109237263,-0.0002882642421372,2332.89,7709.031000000001,-0.0003807904267932,26.09212236076689,1.54501874886901,82.07206587982726
3,391,2974.9850000000006,3.501035761164061,33.361342590516294,-0.0002833231820608,2337.859,8381.422,-0.0003361887549775,26.277216685610476,1.54459401541029,82.0495038543302
3,395,2966.25,3.497212315865497,33.12431679486816,-0.0002865999860767,2325.094,8479.625,-0.0003301314725365,26.15850923293319,1.53430867217589,81.5031419618624
3,399,2956.359,3.496089957852059,32.991553593266204,-0.000286811809923,2300.594,8505.093,-0.0003308876910708,25.828357624929552,1.52876039429585,81.20841503507037
3,403,2956.344,3.495877119417779,33.2318318845246,-0.0002891243505366,2290.531,7720.875000000001,-0.0003791970853259,26.095617992004808,1.52892602491798,81.21721340553746
3,407,2956.406,3.493116071455022,33.5098123920945,-0.0002938740394549,2288.125,8518.5,-0.0003291041183077,26.2476737776028,1.52909165013312,81.22601148878292
3,411,2947.266,3.492655946458748,33.382402850667845,-0.000293137067826,2288.735,8516.828,-0.0003298192852973,26.33793086974434,1.52390593246612,80.95054391771832
3,415,2937.984,3.49208824531703,33.17829959346276,-0.0002922744942221,2271.781,8535.437999999998,-0.0003288792424826,26.124984681348387,1.51866754191006,80.67227833994721
3,419,2929.125,3.490216477408044,33.01591345323486,-0.0002929920095294,2251.516,8554.031,-0.0003288242205518,25.852136896684545,1.5136482266427,80.40565013650571
3,423,2928.454,3.490593195862046,33.271000362987586,-0.0002942697202854,2237.75,8272.703,-0.000345267458281,25.97324099771749,1.5136050185229,80.40335490244634
3,427,2929.375,3.4911419366203664,33.61966967517867,-0.0002960040845204,2239.359,7963.422,-0.0003642459344513,26.37673825663932,1.5139470614868,80.42152437300291
3,431,2946.031,3.49283645226053,33.29697162630193,-0.0002944822702214,2246.203,7894.655999999997,-0.0003675147636539,26.649421931226808,1.53395991931588,81.48461605871495
3,433,2955.438,3.5025157522808223,33.393130865360554,-0.0002866128201603,2319.828,8020.844000000001,-0.0003593125934794,26.383044651599388,1.53913727986531,81.75963969607048
3,437,2937.625,3.492953565598811,33.13820710362847,-0.0002952457715189,2309.719,8390.343999999994,-0.0003345355639539,26.39518547187632,1.52362479728387,80.93560989493338
3,441,2929.078,3.491746263651724,32.84069778843796,-0.0002915614017636,2273.359,8355.579,-0.0003388156316495,25.994181141235583,1.51358130355891,80.40209515327608
3,445,2918.375,3.490432264232956,32.75739655594484,-0.0002923129015713,2241.047,8566.062,-0.0003274013695064,25.74488779237481,1.50778507498479,80.09419697809993
3,449,2919.812,3.488861416967918,32.77234087259374,-0.0002914945624206,2224.265,8498.25,-0.000331156822061,25.71873647224021,1.50319606760373,79.85042691616567
3,453,2900.422,3.4891932104785104,32.720417557744895,-0.0002930526729187,2207.562,8565.407,-0.0003272904157976,25.673994611790967,1.49782205969959,79.56495728605914
3,457,2901.375,3.487878571337592,32.710022803073514,-0.0002917064301719,2193.9839999999967,8551.735,-0.0003290172871137,25.67641504199,1.49284853463352,79.30076147796538
3,461,2901.187,3.486430546073901,32.62076759783716,-0.0002899044412498,2176.781,8630.312999999998,-0.000325461284695,25.56512774573633,1.49241438986703,79.2776995197187
3,465,2891.64,3.481257277522668,32.57651826255201,-0.0002999403672025,2160.031,7953.61,-0.0003669498556617,25.559920462706533,1.48748277653808,79.01573008127421
3,469,2882.906,3.4823550791204023,32.58396494906228,-0.0002975355280808,2155.047,8430.765,-0.0003367157876453,25.488875323515025,1.48253514864041,78.7529099419952
3,473,2883.265,3.4835074286280525,32.623742674615976,-0.000292770238807,2142.734,8663.828,-0.0003243984528151,25.487686966812053,1.4827874322229,78.76631135529045
3,477,2882.969,3.478976541530706,32.58599202496769,-0.0002987551155386,2128.547000000006,8676.733999999997,-0.000323739570997,25.448935623731767,1.47697117977506,78.45734950325969
3,481,2891.656,3.483501191305966,32.864544723781215,-0.0002923166302968,2122.781,8610.61,-0.0003277429101007,25.401218153058803,1.48190155541373,78.71925319505982
3,483,2901.25,3.489970199409661,33.079651096902374,-0.0002935515152706,2140.516,8665.031,-0.0003254601133118,25.892291164391303,1.49813661988748,79.58166685963718
3,485,2891.703,3.484801138956006,32.932141650182686,-0.000295381985785,2201.469,8549.797000000002,-0.0003260252440818,26.195166662980835,1.48207752143929,78.72860058663869
3,489,2883.016,3.47835437960934,32.755748003791545,-0.000301176591475,2145.922,8659.703,-0.0003235014237714,25.77543261505097,1.47711553128122,78.46501751785956
3,493,2873.453,3.475694933923807,32.52965474617847,-0.0003022049315893,2122.719,8683.953000000001,-0.0003241216217607,25.50209466198533,1.47207727830565,78.19738333514631
3,497,2874.031,3.481431873453954,32.848065199041,-0.0002930894159878,2110.281,8392.171999999999,-0.0003407471554683,25.63388341325256,1.47224801365645,78.20645287101384
3,501,2874.234,3.4796060336232357,33.072327061961936,-0.0002973606349908,2107.938,8581.280999999999,-0.0003283163413134,25.938494846858667,1.46701066722747,77.92824275772597
3,505,2864.984,3.47822589673296,32.85096451719535,-0.0002973596378224,2104.391,8332.062999999998,-0.0003429935272802,25.94054534361729,1.46176724953354,77.6497101362114
3,509,2855.093,3.4743233868367187,32.572302329954546,-0.0003001497320882,2082.422,8110.827999999999,-0.0003577171682617,25.680165940793994,1.45669526704897,77.38028422735451
3,513,2855.625,3.4737305453330443,32.450684441760906,-0.0002961274852133,2062.828,8670.875,-0.000325293685787,25.300800520190855,1.45135497275896,77.09660547904922
3,517,2855.594,3.47481272321405,32.7394359440147,-0.0002967673561875,2047.781,8600.030999999999,-0.0003295386601403,25.3919982918508,1.45161592625737,77.11046744203753
3,521,2847.437,3.476096426841386,32.775898242252914,-0.0002952411820241,2051.485,8569.75,-0.0003311192602056,25.6831340414972,1.44681613321737,76.85550035450103
3,525,2847.36,3.4686822529487804,32.5817324044051,-0.0003041120874039,2042.5,7927.077999999994,-0.0003682776359449,25.622119348419083,1.44675706077688,76.85236240084764
3,529,2837.328,3.4661964701943586,32.35021153014993,-0.0003041948594863,2025.047,8476.046999999999,-0.0003378392942268,25.24459175658463,1.44137974814468,76.56671722215358
3,533,2837.281,3.468183423895935,32.28754240914786,-0.0002971736579044,2007.297,8563.438,-0.0003329623708023,25.02365948571139,1.43624562522082,76.29399038621672
3,537,2838.515,3.4678606629897453,32.603239183227075,-0.0003003125487254,1996.922,8807.842999999999,-0.0003196340937073,25.17950872720805,1.43681541539248,76.32425788720361
3,541,2828.328,3.4662499547181245,32.61208344144242,-0.0003056437802514,2002.875,8034.625,-0.0003636802489601,25.49081835988653,1.436294514586,76.29658741049414
3,545,2838.265,3.462469269360201,32.26742656599958,-0.0003028077784827,1997.86,8557.265,-0.0003343932422862,25.427226509947285,1.4418575315878,76.59209728582513
3,548,2864.547,3.480518309485383,32.637733704417855,-0.0002953618093585,1984.625,8822.703,-0.0003229722489575,25.255921086783268,1.46720634847818,77.93863743061358
3,552,2846.39,3.4723137993738336,32.665258715232376,-0.0003036263852318,2088.984,8701.078999999994,-0.0003217423814338,25.59348621208872,1.45186403678489,77.12364718084329
3,556,2837.969,3.474362108592906,32.502652632323915,-0.0002956423077735,2061.609,8513.032,-0.0003326655706333,25.51897802342435,1.44713797527485,76.8725967441492
3,560,2838.156,3.472282321238876,32.446842086875606,-0.0002946881449369,2029.75,8044.359,-0.0003619312749374,25.42437424452934,1.4417905865624,76.58854113704766
3,564,2829.843,3.4701761898320465,32.39361892904713,-0.0002962047162638,2012.969,8410.078000000001,-0.0003401962817276,25.283850691977545,1.43163094791111,76.04885672654179
3,568,2829.625,3.4635011119445216,32.417221778010834,-0.0003049468138328,1994.406,8539.64,-0.0003339320084622,25.219518229828758,1.43180842496737,76.05828438472663
3,572,2819.437,3.467453100453348,32.40094040453025,-0.0002990297209929,1990.953,8275.859000000006,-0.0003495852146621,25.266231486558603,1.42625625851069,75.76335089505734
3,576,2819.579,3.4675864728547845,32.36314241861482,-0.0002946830706806,1976.5,8591.609,-0.000331035040806,25.207190052999604,1.42608775289249,75.75439980355237
3,580,2810.672,3.462182535852444,32.382600705235255,-0.0003046852199898,1963.109,8835.234999999999,-0.0003175969915582,25.09767026780596,1.42126335100317,75.49812548326929
3,584,2811.485,3.465962999117946,32.4323818014572,-0.000296624363286,1958.0,8321.047,-0.0003473159050531,25.242481368878632,1.41632727487951,75.23591897923467
3,588,2802.422,3.4601727514874407,32.48861829940489,-0.0003077463579674,1947.093,8352.296999999999,-0.0003465723567083,25.27607020296545,1.4165781829176,75.24924732301496
3,592,2801.625,3.464226115253961,32.524062377970175,-0.0002982640756847,1946.687,8596.390999999994,-0.0003324079569632,25.27314773582078,1.41084017294252,74.94444174506414
3,596,2802.031,3.458799193390812,32.482615965621896,-0.0003052658923934,1934.64,8495.469000000001,-0.000337590517006,25.26421894976394,1.41099496283478,74.95266425125988
3,600,2793.39,3.4620805499710854,32.46389583182878,-0.0003002480668355,1927.938,8226.155999999999,-0.0003522846367436,25.247717236760785,1.40617142903988,74.69643604452878
3,604,2793.39,3.4578782949034514,32.55681404542561,-0.0003061407858291,1918.281,8398.625,-0.000343495370182,25.27414999815343,1.40633584796929,74.7051700493532
3,608,2792.485,3.461590937144894,32.576296430484255,-0.0002971197943667,1916.609,8654.780999999999,-0.0003294352083191,25.29418190780984,1.40045523990665,74.39278959915883
3,612,2802.016,3.462906230864041,32.81804879809979,-0.0003079828081157,1904.297,7988.077999999999,-0.0003674190078328,25.431335735111634,1.42178650460552,75.52591562947222
3,614,2820.39,3.47535804252648,32.92941193334214,-0.0003038834956357,1953.734,8258.5,-0.0003514417466113,25.138343976613974,1.43245527206254,76.09264518290325
4,3,3434.891,3.5275462263272543,31.773285281389256,-0.0002180925575429,559.047,7563.797,-0.000383851414746,24.42229248876264,1.85500452079108,100.8025811041783
4,7,3425.485,3.534835576186522,31.92489159472864,-0.0002192630593703,3102.547,7702.218999999999,-0.0003893546932291,25.545536174167463,1.843195531709,100.16087022619236
4,11,3410.375,3.538246596159443,31.31691283374216,-0.0002195374265207,3104.0310000000027,7702.360000000001,-0.0003933548139134,25.446466159720146,1.83960184243554,99.96558598273582
4,15,3404.719,3.537697945111872,30.821190751176527,-0.0002199348202684,3082.047,7723.905999999999,-0.0004005605109364,24.873840724794903,1.83067360449621,99.48041766162956
4,18,3417.641,3.542667604586918,31.95346971511436,-0.0002213485528986,3052.734,7753.859999999999,-0.000411109613206,25.184745587136256,1.83270020694197,99.59054502526398
4,20,3411.766,3.5451037330477333,32.02311236185272,-0.0002231345776916,3111.454,7693.389999999999,-0.0004104203331709,26.83090280704791,1.82852888460464,99.36387169185286
4,22,3399.516,3.5475142438631493,31.63453315807769,-0.0002186374023245,3096.7350000000006,7709.5,-0.0004217859740568,26.612686159872126,1.82120118956979,98.96567828327716
4,24,3388.75,3.544812433691423,31.288194921595714,-0.0002218970706708,3062.437,7745.094000000001,-0.0004242615112385,26.181469651247287,1.81517001064333,98.63793870309058
4,27,3380.406,3.543478027416409,31.11122470608501,-0.0002228110725256,3042.266,7764.797,-0.0004321418867688,25.91755929599645,1.80429805209676,98.04714689052696
4,30,3404.141,3.543133206790044,31.13166983979621,-0.0002227040192655,2971.141,7834.75,-0.0004440378627909,24.489490921475447,1.82310023028442,99.06887382997856
4,32,3396.141,3.545155146280937,31.51305775907457,-0.0002236145704238,3075.406,7730.625000000001,-0.0004474899367268,26.146821020863477,1.81212535202555,98.47248926951052
4,34,3384.094,3.545032366549762,31.31102568785445,-0.0002228175277024,3058.438,7584.545999999997,-0.0004639311268191,26.252986903576208,1.80469163821178,98.068534707018
4,36,3370.656,3.5440892170496827,30.893964711700164,-0.0002206711782788,3023.266,7747.922,-0.0004596690513327,25.853699304554265,1.79084434978629,97.31606084566693
4,39,3357.797,3.541317108618481,30.540598970902945,-0.000221682110142,2983.718,7810.688000000001,-0.0004595527189602,25.419542407670075,1.78347072284193,96.91537145663308
4,42,3363.015,3.541197979542517,30.82566018736547,-0.0002267662223429,2938.313,7870.359,-0.0004609962492745,24.30466018519181,1.78093861253107,96.77777434993364
4,44,3357.734,3.541255460524434,31.451400678644536,-0.0002279264425286,2964.656,7824.172,-0.0004735903133668,25.891404452355065,1.7712090396727,96.24906078283864
4,46,3344.187,3.5427478949705886,31.518847747922937,-0.0002274622389605,2955.172,7734.421999999999,-0.000486367941086,26.338798726333607,1.76863039967071,96.10893521170082
4,48,3339.969,3.541251093602656,31.11237289077096,-0.0002232715689808,2928.297000000006,7742.375,-0.0004864246050819,26.07003491744081,1.75363048019171,95.29382636269746
4,51,3327.641,3.5350260562177453,30.586452588663985,-0.0002264986987062,2887.984,7768.281999999999,-0.0004971481075621,25.56201826152405,1.74621974164151,94.89112029628322
4,54,3312.844,3.5326627624319777,30.24291302110412,-0.0002315117473236,2843.032,7965.203,-0.0004849454376184,24.239098701090988,1.73766473370537,94.42623362260446
4,56,3302.031,3.5333109441755526,30.10270376338569,-0.0002278978484641,2842.235,7964.483999999999,-0.0004904819019163,24.743544206187742,1.73151667354758,94.09214261326034
4,58,3305.547,3.52738705832889,30.25118485222193,-0.0002289888824263,2805.594,6896.406,-0.0006255758804982,24.96960156651026,1.70859498944706,92.84655809058668
4,60,3289.562,3.529602596572045,30.212407704391104,-0.0002283275394973,2791.422,8014.891,-0.0005020973054046,24.775220976126924,1.71146995706821,93.00278636580364
4,63,3283.797,3.5289707694229837,30.12501100963617,-0.0002272993239335,2763.5939999999973,8003.578000000009,-0.0005055292578968,24.74327370986708,1.70750213732726,92.78717154289568
4,66,3325.235,3.5322741848919814,30.22428629982563,-0.0002287699167667,2689.015,8117.125,-0.0005148151991717,23.45183376137948,1.74923820643602,95.05514633441328
4,68,3317.547,3.532438322521663,30.976376254737342,-0.0002325491495896,2848.625,7797.156000000001,-0.0005424505912831,25.23866382689419,1.732769714743,94.16023397654948
4,70,3311.766,3.5363211310943603,31.41570291330098,-0.000226153480889,2831.031,7723.875000000001,-0.0005548996352479,25.942576564414136,1.72223133282924,93.58756901230694
4,72,3305.218,3.533535274219931,31.383299841535276,-0.00022760294137,2797.797,7681.577999999999,-0.0005617366748771,26.097017175204584,1.71184629898473,93.02323711734508
4,75,3295.453,3.527012841842043,31.167937826253635,-0.0002325742441166,2764.875,7757.188,-0.0005612412553509,25.923942041376847,1.69926783512669,92.33971230163448
4,78,3287.0,3.52925730014011,30.994690437264207,-0.0002279595700229,2718.641,8045.702999999999,-0.0005400591373649,24.89634801754428,1.69403664392431,92.05544475967478
4,80,3276.922,3.527821497534469,31.05531797855489,-0.0002273818468222,2704.984,7851.093999999999,-0.000565081427726,25.529668879010824,1.68190270787681,91.39607597710202
4,82,3268.687,3.525692957415014,31.373945543706103,-0.0002314099405867,2673.609,7873.077999999999,-0.0005640385023236,25.707749149739985,1.67697706184337,91.12841202900309
4,84,3260.594,3.5243962482347277,31.56128410753226,-0.0002307126491273,2664.922,7812.280999999999,-0.0005801269059939,26.05899080017432,1.66552293064789,90.50598444143154
4,87,3258.812,3.520797576383474,31.318474723902877,-0.0002294878409432,2642.468,7856.124999999994,-0.0005801987944659,26.01861348199488,1.65719245758321,90.05329919062662
4,90,3243.422,3.519457281260753,31.104012325043943,-0.0002339368471555,2580.813,8136.187,-0.0005576865776415,24.92442022306288,1.6482241555294,89.56595375021743
4,92,3236.515,3.513165600287965,30.98973039800908,-0.0002389005023288,2586.938,7997.827999999999,-0.0005760873878332,25.472278015626834,1.63877014979873,89.05221474379236
4,94,3230.734,3.517217159454334,30.967851972472324,-0.0002264673740111,2559.828,7965.813,-0.0005875308363513,25.36143471512892,1.62764869072621,88.4478648526792
4,96,3222.093,3.5120091114107965,31.285342046153826,-0.0002368609497718,2521.281,8122.844,-0.0005785347604249,25.44207618553034,1.62215370227252,88.14926233550939
4,99,3220.344,3.50911052654104,31.41096207271253,-0.0002359961736205,2514.656,7937.86,-0.0006025732917796,25.831018575864743,1.61400665104676,87.70654438914323
4,102,3250.75,3.516106699716392,30.755137125871208,-0.0002443342138939,2451.797,8358.655999999999,-0.0005761450676743,23.918488508769663,1.67605161544246,91.07812245566797
4,104,3239.344,3.519010068254593,30.977446633931525,-0.000231877860459,2651.875,7829.687,-0.000632266376148,25.50617247150571,1.6493006425522,89.62445100410937
4,106,3222.25,3.512421274222929,30.800512192698992,-0.0002395860996943,2575.828,7847.390999999998,-0.0006301313148891,25.35253952946816,1.63238299185809,88.70513095013024
4,108,3206.157,3.50815215295169,30.616192795676135,-0.0002399621564668,2529.875,7945.218999999999,-0.0006237510519371,25.10028019162854,1.61641597190258,87.83746900859978
4,111,3197.969,3.508648568515266,30.399839302766903,-0.0002332394804814,2484.984,8104.375,-0.0006065785086983,24.870900772580278,1.61090283782494,87.53788044222665
4,114,3181.625,3.505199343959548,30.38386825126278,-0.0002376330804068,2398.922,8382.828,-0.0005970453192949,23.95456335101015,1.59546386936957,86.69891328476463
4,117,3302.36,3.523165280193865,30.576239500422748,-0.0002419480908083,6.859,4576.11,-0.0004548601850569,23.04165740184246,1.72670744008576,93.83080462693712
4,119,3285.812,3.527269876472835,30.705906284556665,-0.0002391161668792,2925.735,7259.202999999999,-0.0006135557402937,25.5157207896412,1.71656739174298,93.27978546012802
4,121,3260.016,3.526762654741574,30.62583594950684,-0.0002367689036133,2853.2339999999967,7377.031000000003,-0.0006096744799617,25.40320261606661,1.69582355709348,92.1525471966999
4,123,3240.031,3.523020179476104,30.59735706865797,-0.0002382258673205,2779.609,7434.266,-0.0006151313628092,25.31888057327305,1.67777831907926,91.17195305362098
4,125,3232.265,3.519792345798265,30.528493896066266,-0.0002365622598086,2726.359,7585.359,-0.0006031009328812,25.191562555105925,1.66065868977742,90.2416573040256
4,128,3232.031,3.5251014582287223,31.20375424610397,-0.0002357689616786,2633.438,7715.171,-0.0006087463344965,24.747111933662097,1.66641092748275,90.55423897233052
4,130,3209.5149999999994,3.518519199837846,31.17263944933504,-0.0002438074473752,2696.687,7624.375,-0.0006113645287704,25.88385482750118,1.64683361744078,89.49039068452917
4,132,3196.125,3.5190801794284594,30.96825922704022,-0.0002335909641737,2649.797,6543.530999999999,-0.0007735254985077,25.930672938405944,1.625763992878,88.3454487099843
4,134,3172.562,3.511416727290241,30.821704306343133,-0.000244643089345,2596.375,6586.125,-0.0007654393427543,25.664791638383637,1.61215774118746,87.60607299731777
4,136,3172.735,3.5108038681605738,30.765219721637397,-0.0002411794435557,2559.172,7795.264999999999,-0.0006038258538574,25.283565840567437,1.60573668237553,87.25714700042141
4,141,3238.109,3.51432611790755,30.809988428281613,-0.0002390370555904,7.171999999999997,1848.484,-0.0005427360703411,23.048627666451832,1.67364531487989,90.9473619616094
4,143,3191.063,3.5196664048265607,31.03903359070028,-0.0002410381955868,2686.281,7454.625000000001,-0.000655127678693,25.6746395923991,1.64043485723499,89.1426764135498
4,145,3165.828,3.512403849382274,31.04176453157222,-0.00024639495004,2608.688,7536.312,-0.0006521496150636,25.705201487299277,1.61326533174221,87.66626044455795
4,147,3140.407,3.5077862234460104,30.95978419551177,-0.0002465382225801,2554.89,7724.563,-0.0006421357029131,25.584315806002166,1.59209643246863,86.51592379470374
4,150,3131.922,3.5076596102713244,30.843513277103145,-0.0002409958712999,2507.375,7818.218999999999,-0.0006294672857953,25.501256299429965,1.58660118206988,86.21730704320841
4,153,3121.109,3.507483356587461,30.797157400797865,-0.0002423769407696,2401.531,8248.703000000001,-0.0005996309499025,24.494524405493824,1.58007664903363,85.8627581657356
4,155,3105.265,3.502386593344072,30.98443458075409,-0.0002492810365802,2430.0,7902.937,-0.000625532793043,25.3635549759085,1.56417329532892,84.99855590440428
4,157,3091.25,3.503693493885047,30.967899275139946,-0.0002430546646546,2406.265,7971.141000000001,-0.0006236632990664,25.4527637681023,1.55561827219392,84.53366840480606
4,159,3076.703,3.4989948462048117,30.976616345195183,-0.0002473663379426,2371.875,7976.906000000003,-0.0006299734267992,25.391621024053094,1.54020452786374,83.69607194854545
4,162,3062.328,3.495405576723954,30.89768961926806,-0.0002479935777145,2348.641,8048.234,-0.0006260509713068,25.343311446661343,1.53216130159599,83.25899594193369
4,165,3050.563,3.494528300232307,30.81568822237933,-0.0002530372502679,2251.437,8545.485,-0.0005870099311345,24.46304825674001,1.53162324036934,83.22975722050174
4,167,3034.672,3.496255482779393,30.72618807915112,-0.0002461543333185,2301.438,8026.718000000001,-0.0006351352725325,25.113825678212983,1.5222595950772,82.72092847997168
4,169,3031.25,3.48769646191346,30.76818712651005,-0.000251386210193,2259.922,8225.203,-0.0006250311817182,25.01841375065976,1.50652671268513,81.86598978006339
4,171,3011.343,3.486547580844067,30.775415173787835,-0.0002553952182349,2247.391,8018.172,-0.0006495033896921,25.08340055673077,1.50142195565329,81.58859278240016
4,174,3003.0,3.482298183882304,30.761821976538275,-0.0002573769133431,2222.047,8165.030999999994,-0.0006448551116475,25.063963924614143,1.49635341174865,81.31316363799587
4,177,3045.187,3.491819481711868,30.913721930762733,-0.0002567940765272,2098.453,8580.078000000001,-0.0006230389413726,24.012888073721715,1.53342620003124,83.32773163808899
4,179,3028.469,3.493995853241935,31.22821565316561,-0.0002524644200349,2309.297,8073.968999999999,-0.0006499891029403,25.547225374528853,1.52384526751443,82.80709531820148
4,181,3012.937,3.484377015629623,31.261679783387308,-0.0002579556590483,2260.812,8114.030999999994,-0.0006619896691598,25.573544371551275,1.50119209942612,81.57610219236552
4,183,2998.875,3.4859116793558376,31.18408593575448,-0.0002547801000123,2228.937,8176.766,-0.0006559085004277,25.48016572856392,1.49241767145029,81.09929204028072
4,185,2983.547,3.484278753976678,31.001432353085377,-0.0002543884502533,2196.078,8144.437,-0.0006597227026517,25.42239082688843,1.48332385194012,80.60512587063184
4,188,2966.86,3.482988652120672,30.981374033120872,-0.0002589443666718,2080.063,8635.171,-0.0006280099271987,24.406211878601937,1.48073767922942,80.4645909654616
4,190,2954.797,3.483799876979844,31.088687926688607,-0.0002534730600995,2151.516,8245.125,-0.0006611595778788,25.26130525706037,1.47350778099025,80.07171192098461
4,192,2945.735,3.4787540756450497,31.336420133762665,-0.0002648569405812,2125.375,8287.25,-0.0006521449248434,25.44211012307049,1.46801928526661,79.77346222448996
4,194,2941.375,3.4752194351784507,31.22599987103565,-0.0002630548551866,2117.375,8276.125,-0.0006614204436761,25.475101660981416,1.4580923557119,79.23402412051846
4,197,2923.953,3.470739535801023,31.0373234886888,-0.0002623668322789,2093.125,8308.312,-0.0006650533563101,25.30743993915241,1.44786609888914,78.6783203089025
4,200,2921.031,3.474600910003521,30.811349225731828,-0.0002638728632759,1976.594,8833.405999999999,-0.0006219461220526,24.228766655243135,1.4527808777542,78.94539372549075
4,202,2902.75,3.4740521567700093,30.93222317974605,-0.0002581689149449,2054.687,8373.75,-0.0006618481573421,24.9632049351,1.44253563644924,78.38865828037459
4,204,2897.875,3.475075728648004,31.215527070380897,-0.0002583786997083,2030.094,8389.0,-0.0006617083348092,25.16228062347318,1.43927128772033,78.21127069246836
4,206,2892.094,3.472424307596416,31.40079708433756,-0.000262274705305,2023.25,8329.703,-0.0006690780608117,25.473037712821245,1.42864756818882,77.6339684068403
4,209,2886.921,3.471751102262539,31.25921326972124,-0.0002544013452731,2012.985,8283.780999999999,-0.0006819060915647,25.473217443634717,1.42490267500049,77.43046760934243
4,212,2942.531,3.4745407296058963,31.134701292957462,-0.0002697537927891,1824.015,8465.422,-0.0007058642366269,24.10483300906097,1.46981153245241,79.8708545166814
4,214,2912.469,3.471720060423485,31.246879695988092,-0.0002720274434506,2123.156,8248.75,-0.0006990664459889,25.452975839922797,1.45258196510502,78.93458463676515
4,216,2895.594,3.471398409828823,31.027558674438325,-0.0002649112494207,2075.577999999994,8161.578000000009,-0.0007147514915183,25.338235649853683,1.44283419890879,78.40488242765085
4,218,2884.406,3.4626491088970703,30.931917385258963,-0.0002726537136702,2026.594,8339.828000000001,-0.0006988482649594,25.051202036186005,1.42837605880795,77.61921434771055
4,220,2873.766,3.466072725920186,30.667082236656015,-0.0002547935531991,2000.265,8387.438,-0.0007024143949154,24.857491491420344,1.41545478443707,76.9170609064971
4,223,2893.375,3.473067053341288,31.22678910771077,-0.0002721482824963,1793.922,9014.656,-0.0006603225175819,24.14870072035666,1.45457667007771,79.04297866359087
4,225,2884.9839999999967,3.4668548162926327,31.387733116648285,-0.0002700960039828,2047.078,8306.828000000001,-0.0007105872500637,25.45326959231845,1.42831795482741,77.61605692618127
4,227,2870.234,3.46527367520258,31.50566683829289,-0.0002711975091054,2016.031,8310.235,-0.0007145320545899,25.57251082982669,1.41970268832041,77.14789574863566
4,229,2864.11,3.4638878223448684,31.5462258449116,-0.0002724449023604,1991.36,8338.437,-0.0007090460121282,25.65567263165318,1.41556066303065,76.92281444261894
4,232,2846.64,3.457807923440064,31.38997788229748,-0.0002745134436819,1967.86,8257.717999999999,-0.0007187551932881,25.54218581651125,1.40568003541923,76.3858924270674
4,235,2839.532,3.459813554486507,31.385433749863733,-0.0002782800848735,1850.062,8705.109,-0.0006957264411956,24.65390943265731,1.40844610711661,76.53620320177981
4,237,2832.703,3.458027727779737,31.423707199142054,-0.0002744859006643,1943.156,8375.828000000001,-0.0007139559723197,25.392539559644987,1.39685477828724,75.9063201738239
4,239,2827.077999999994,3.4613996718507845,31.435368910968148,-0.0002646223775823,1917.703,8324.906,-0.0007339132911466,25.446963800887374,1.39356703714407,75.72766142150313
4,241,2821.531,3.461128547669321,31.542375291159843,-0.0002647224813712,1893.313,8254.812,-0.0007456915025705,25.550044778754145,1.38936442928095,75.49928800503805
4,244,2805.156,3.455556822823358,31.52669677306915,-0.0002715456819233,1885.781,8447.905999999999,-0.0007200517824293,25.560938902561947,1.37856514156667,74.9124451895705
4,247,2814.906,3.459598362944341,31.43592191429037,-0.0002646716426418,1772.531,8728.719000000001,-0.0007092816342509,24.66855691720926,1.38490111008575,75.25674730493446
4,249,2801.156,3.4506569891269216,31.47523811288649,-0.0002735706415259,1864.016,8453.219000000001,-0.0007360123357246,25.378329503723524,1.37032518142424,74.46467849076038
4,251,2794.187,3.455515243082573,31.5817445550721,-0.0002682019013077,1856.062,8350.797,-0.0007472651051926,25.49017676856321,1.37334643852291,74.62885626516028
4,253,2785.391,3.455840338587253,31.647958536134297,-0.0002671175012701,1842.188,8331.515,-0.000774764921971,25.519272260346444,1.36794872855048,74.33553994642665
4,256,2779.5,3.448678293668265,31.662032275252905,-0.0002722878669162,1825.766,8252.641000000007,-0.0007643916032693,25.65782286764763,1.35671410870896,73.72504079935909
4,259,2899.234,3.474503178644755,30.434500875864146,-0.0002730834116421,1714.844,8938.875,-0.0007154417860274,23.343285627002317,1.46043102091946,79.36110924975578
4,261,2894.922,3.474031881945217,31.017997058077015,-0.0002734768396735,2115.703,8302.562,-0.0007551581754848,24.967082308519945,1.45009989371041,78.799706688891
4,263,2888.25,3.474404210386772,31.39483761465523,-0.0002700760712567,2085.75,8009.235000000001,-0.0008052666516524,25.573348127075526,1.43814069018245,78.14983302548104
4,265,2873.906,3.471767043833224,31.24511885640641,-0.0002713931906157,2052.406,8057.702999999997,-0.0007991614696026,25.545704002011487,1.42836819809643,77.61878718971624
4,267,2847.406,3.468530527297593,31.05306925187263,-0.0002694028667879,2018.141,8087.031000000001,-0.0008017847218288,25.35196919383656,1.41478745175524,76.88079746021991
4,270,2849.281,3.46512136466626,30.88589263299331,-0.0002730880841727,1879.765,8587.0,-0.000762538948285,24.306296956106426,1.41388916339318,76.8319836786595
4,272,2833.688,3.4652879859475885,31.053992379018933,-0.0002663062009287,1966.672,8216.453,-0.0007973430194929,25.04791563153191,1.39893316621772,76.01926160635412
4,274,2826.453,3.461799526154992,31.492840068071885,-0.0002783955880506,1939.547,8083.780999999999,-0.000810845555094,25.39894282334293,1.3953322584034,75.82358510102308
4,276,2818.312,3.463260140320492,31.93832684630049,-0.0002783466463127,1943.532,8030.968,-0.0008220598448202,25.887841606934128,1.39004612954025,75.53633219814198
4,279,2812.7189999999973,3.462839429201602,31.74562722135923,-0.0002691075543761,1936.563,8126.405999999999,-0.0008083553690975,26.10841222140624,1.38602714542096,75.31793705780649
4,282,2803.5,3.4569152237960306,31.31018499405759,-0.0002855628670824,1803.687,9005.766,-0.0007193341110256,24.72407785161255,1.38821526019375,75.43684114368729
4,284,2783.25,3.4574690175816127,31.12736034547181,-0.0002741964280236,1896.485,8605.030999999999,-0.0007475060808557,25.23968918098469,1.37618265623945,74.7829788363973
4,286,2776.391,3.45021917812178,30.985550813719595,-0.000280933030842,1856.094,8607.687000000002,-0.0007537096588814,24.98365923699884,1.36471688986402,74.15991898288928
4,288,2766.516,3.448672805179396,30.89965328075741,-0.0002809551140869,1839.547,8500.780999999999,-0.0007703513797959,24.85258610041868,1.35898547393736,73.84846878839457
4,291,2751.516,3.444632719716698,30.70612364496648,-0.000277347478357,1819.985,8256.14,-0.0008170835230424,24.773634709858584,1.34623087640088,73.15537271331122
4,294,2848.859,3.467272639213176,30.47122187456595,-0.0002790238926241,1645.985,9169.39,-0.0007365970490629,23.37586875030773,1.42684278184546,77.53589472577204
4,296,2840.016,3.464490491162134,30.939221783021114,-0.0002734955956406,2006.86,8249.062,-0.0008202433495595,24.891081474259465,1.40644814832797,76.42763235972666
4,298,2817.375,3.459667012281024,31.11164063156189,-0.0002834568615782,1978.656,8194.921999999999,-0.0008273472520534,25.20368568012635,1.39349074920752,75.72351586777258
4,300,2809.234,3.462241956955771,31.037910219908994,-0.0002730669957693,1955.312,8061.438,-0.0008462859932121,25.23904482462839,1.38824935122493,75.4386936803776
4,302,2791.187,3.4555661695067355,30.967950840538837,-0.0002766119745979,1918.219,8132.047,-0.0008464779256263,25.133053833512577,1.37018783384209,74.45721490205536
4,305,2794.016,3.458696199585801,30.93996203578424,-0.0002735610911553,1788.375,8844.907,-0.0007723519463309,24.147820442416386,1.37969516656086,74.97385174402893
4,307,2774.719,3.4525282614097663,31.295019295352866,-0.0002876014548191,1880.922,8216.921999999999,-0.0008345665667205,25.12735529609495,1.36865863239357,74.3741167471391
4,309,2777.844,3.4552290080443044,31.81846533166901,-0.0002823492164922,1879.61,8203.405999999999,-0.0008466236223597,25.6594793246311,1.36273717790964,74.05233968989694
4,311,2781.125,3.4619744219744675,32.00067162597675,-0.0002696682110033,1881.266,8209.547,-0.0008383225424688,26.045548508382414,1.36340511339281,74.08863589293038
4,314,2760.906,3.452221905520614,31.73992229230571,-0.0002745166467831,1852.609,8077.655999999999,-0.0008774914894888,26.00215346022804,1.35186460353052,73.46151441244959
4,317,2753.25,3.447650049442191,31.52613649688221,-0.0002907086370297,1731.547,8708.625,-0.0008051853973335,24.82776239308173,1.35479697296526,73.62086195282473
4,319,2742.843,3.447928507599004,31.27624493654335,-0.0002818529343125,1834.156,8151.016,-0.0008619608595774,25.37597644051525,1.34105144064048,72.87391760769836
