battery,cycle,win_dur,win_mean_V,win_mean_T,win_V_slope,win_dT,win_dQ,win_frac,capacity,soh,dis_duration,dis_mean_V,dis_mean_T,dis_V_slope
1,2,1296.984,3.743104599397935,29.06316855266021,-0.00024917704566337944,7.269030032883823,0.7250946259125622,0.35146389090773106,1.85648742081816,100.80760884947765,3690.234,3.52982866886934,32.572328114029,-0.000205715627807
1,4,1333.9850000000001,3.7443082701858783,29.3556331597053,-0.0002486248774714761,7.173478365064227,0.7457793597048868,0.3632516452707045,1.84632724971993,100.25590968770103,3672.344,3.5373201277859714,32.72523522519307,-0.0002046711068351
1,6,1334.437,3.7460335870716546,29.326593650302442,-0.00024940509934974985,7.075325263180414,0.7461035024056327,0.3654348825637569,1.83534919422341,99.65979925247206,3651.641,3.5437367282719,32.64286193755933,-0.00020015941349
1,8,1334.11,3.7477218272998374,29.208875875421125,-0.0002505186825289125,7.017505955980756,0.7457375204022392,0.36736523640096563,1.83526252758211,99.65509323788856,3631.563,3.5436661072601456,32.51487646204882,-0.0002051396459299
1,10,1333.969,3.7483965251334923,29.06670255706613,-0.00025096674898623955,6.99903670809638,0.7458025313351365,0.3675684150544532,1.83464550821204,99.6215889724607,3629.172,3.5423432526672167,32.38234901543077,-0.0002080272378073
1,12,1352.516,3.748208261956383,29.114308712696403,-0.0002500609809645602,7.076415820534649,0.75618518602262,0.3703209035668395,1.83566166006755,99.67676620535396,3652.281,3.541334734634757,32.43418218230641,-0.0002086421374849
1,14,1352.266,3.7496660379953126,29.157881885075735,-0.00025058670793525145,7.039143496714551,0.7560431760915626,0.3703998106730857,1.83514614292266,99.64877352944652,3650.828,3.541025049507521,32.480416444757985,-0.0002110855176977
1,16,1354.016,3.751146625245529,29.209512846981227,-0.0002516297839529266,6.919599035044616,0.7570788170864919,0.3790157631185071,1.82575679056655,99.13892996732449,3572.453,3.554133296801584,32.41046186109587,-0.0002054320052375
1,18,1352.844,3.7512363234658954,29.1441228120284,-0.0002520350469319124,6.929594139366962,0.7563420938415846,0.38101906328912855,1.82477385298913,99.08555627584838,3550.594,3.5529355991467955,32.3461408313,-0.0002104626317132
1,20,1353.312,3.7516401746085632,29.064018531687665,-0.00025259347399265905,6.924785339395218,0.7565470819641029,0.38108046462513195,1.82461326849694,99.0768365083485,3551.25,3.5512057319377,32.27679750791685,-0.0002133714106416
1,22,1352.984,3.7512579656098644,28.92742859825788,-0.0002528964225804324,6.935070312372993,0.7563171734034845,0.38325444373627926,1.82461955268645,99.07717774099622,3530.25,3.549292319740949,32.15709350345252,-0.0002187503111372
1,25,1352.5310000000002,3.753542827043283,29.21212104098496,-0.00025421308653923345,6.8809170256611765,0.7562651450162131,0.38743191093939416,1.81420193576739,98.5114992237362,3491.016,3.559759220648976,32.36407129853099,-0.0002116788568709
1,27,1353.203,3.753119774875866,29.17584055356674,-0.00025458760270176195,6.830374226113516,0.7565170443847392,0.3899404687977717,1.81375215775491,98.4870761948254,3470.281,3.558081969139198,32.3181954403762,-0.0002167899800921
1,29,1352.625,3.7520145263465285,28.96551655574775,-0.00025456341818485276,6.9515512026674315,0.7561740141043061,0.38980547550432276,1.81344049147358,98.47015265835132,3470.0,3.555692244172496,32.15709029211502,-0.0002188470540322
1,31,1352.75,3.7518873538679327,28.924272848290798,-0.00025546902334503465,6.863604277302581,0.756153424658382,0.3920676973605461,1.80259800363065,97.88140357167902,3450.297,3.562746818017503,32.04407000314609,-0.0002102114421949
1,33,1334.2810000000002,3.7531482905001075,28.773539352548074,-0.00025733012582545894,6.8501661820883335,0.7459006495925855,0.38907047195039846,1.80210690024615,97.85473656745688,3429.407,3.5614521756489204,31.93159367491153,-0.000214423967046
1,35,1334.625,3.7530058453750628,28.78899401811074,-0.00025786810195472604,6.844660352457744,0.7461220318797398,0.3914448637975717,1.80257950082621,97.88039886599036,3409.484,3.5603420474985823,31.941655359029298,-0.0002190246922199
1,37,1335.172,3.7527085289985855,28.820143296461957,-0.000258202124409605,6.85312533121326,0.7464524709437849,0.3938070246122754,1.80306831428341,97.9069415267384,3390.422,3.5591189041401865,31.965008645476725,-0.0002238076953496
1,39,1333.875,3.752631247733573,28.80457623937692,-0.00025885604074879487,6.876416804848521,0.7457630223853653,0.39344083867974367,1.8027776247196,97.89115702988882,3390.281,3.557886771846508,31.966241678512723,-0.00022556922501
1,42,1371.828,3.751264535179088,29.18308480393948,-0.00024937274416095767,7.070731162674065,0.7670187282329639,0.38194031072456924,1.84702599493292,100.29385168145046,3591.734,3.5520375235511907,32.37143341978575,-0.0002104931036449
1,46,1390.188,3.751741460342531,29.5252890723637,-0.00024923467168874096,7.0353126986954635,0.7770551045494745,0.3913490341601505,1.84741731128364,100.31510023136114,3552.297,3.5525668436897124,32.70024990461686,-0.0002191460665518
1,50,1372.406,3.7519280257770586,29.14447453723989,-0.00025120531661227297,6.996281619823272,0.767101772556372,0.3886098508938497,1.83617742134789,99.70477213786135,3531.578,3.556794038327039,32.32266411829938,-0.0002126089522077
1,54,1353.5,3.7521754669906295,28.795668502848553,-0.0002530856680605113,6.989050667649174,0.7564974386273343,0.38749958129432016,1.82578074757762,99.1402308374376,3492.907,3.5614100044534203,31.98795810666763,-0.0002086309425736
1,58,1352.812,3.751375659106852,28.654533173780656,-0.00025361810428844284,7.020657566457192,0.7562825725699237,0.38524157405440373,1.82511364350784,99.10400696359169,3511.594,3.556610794781798,31.894456524691385,-0.0002115519332277
1,62,1353.2649999999967,3.7510503857098865,28.61108401858497,-0.00025466328217577187,6.996921443329896,0.7563405588593294,0.39431522198688224,1.82558150422038,99.12941188644592,3431.9370000000054,3.5586742170266272,31.78039681801023,-0.0002206940970092
1,66,1333.687,3.7528824500555813,28.49431289485575,-0.0002569080235619501,6.948914513120876,0.7454903842694879,0.3887025392546176,1.81403112750839,98.50222430381568,3431.125,3.564103182686905,31.688747146342205,-0.0002109602437388
1,70,1335.453,3.7512412776289543,28.389596436246652,-0.00025723916636711516,6.994557590663099,0.7464545115060598,0.3913523185693613,1.81476919411589,98.5423014565286,3412.406,3.559588063594272,31.59674799256916,-0.0002188312503435
1,74,1334.109,3.7506641001083065,28.34387350992122,-0.00025796474322151657,6.984125402865764,0.7457704494489076,0.39115539152217965,1.81396938871035,98.49887187571204,3410.688,3.556833231052199,31.56558649878708,-0.0002223983027811
1,78,1315.812,3.752742790419314,28.346088572651503,-0.00026040515482430774,6.937062291165972,0.735648995810137,0.38578739139383555,1.80276566516782,97.89050762402466,3410.718,3.5624410850948944,31.59124667045208,-0.0002126694418064
1,82,1316.766,3.7520755638980416,28.356676713301724,-0.00026096325708261037,6.95403754962064,0.7361148447158296,0.38811525505059513,1.80407704011735,97.96171552529285,3392.719,3.5591407106855666,31.603485399391182,-0.0002197605226731
1,86,1358.0310000000002,3.755335078317948,28.55535898199967,-0.00025941751177835967,7.079920924597317,0.759240305439032,0.3912876238376891,1.85180255167045,100.55321959197046,3470.672,3.5573161327793144,31.91556385491565,-0.0002097087606715
1,90,1358.328,3.7560322579102294,28.879255105325317,-0.00026218589603158884,6.976788368078946,0.7593294373335978,0.3978572447452615,1.83070384567394,99.4075559707276,3414.109,3.561870782772737,32.081128118597164,-0.000211878406622
1,94,1339.672,3.7561839585972945,28.638723198921525,-0.0002649650752801824,6.887556405733438,0.748861069851134,0.39457601998575054,1.81990410895013,98.82112827769676,3395.219,3.5617586337260088,31.849792632896243,-0.0002114353728366
1,98,1320.75,3.754902590085298,28.187426614505423,-0.0002671942851443488,6.974988681616644,0.7381827187878389,0.3900620200826934,1.80930796370285,98.2457556393358,3386.0,3.5597307651083123,31.465690433362017,-0.0002103001823671
1,102,1311.797,3.7553008821801552,28.170231940174656,-0.000269471297242751,6.815909313356666,0.7331860881835766,0.38946679623191943,1.80460990458052,97.99065016377766,3368.187,3.5575937553540915,31.40934895665031,-0.0002149131490043
1,106,1311.937,3.7563302875443867,28.60930449077749,-0.0002697598435005241,6.893404027154052,0.7334373104792977,0.3894992260112473,1.79937706519722,97.7065060215613,3368.266,3.5597237883937995,31.90224747551808,-0.0002127787936007
1,110,1302.156,3.754823788090151,28.34214404308119,-0.00027174755026579877,6.864543588365159,0.7278755413311299,0.3876942369992845,1.78844323353705,97.11279694879056,3358.719,3.559061771422033,31.649024294808623,-0.0002106917888779
1,114,1283.359,3.755232549278432,28.1253933785474,-0.00027436833156010656,6.847973927554339,0.7173310277445959,0.3842967510106303,1.78292304842527,96.81304988059888,3339.5,3.557015527748059,31.48874626238971,-0.0002140104275788
1,118,1274.1870000000001,3.7536547394905817,27.909152507276325,-0.000275705294918999,6.9304317232034975,0.7122098986034126,0.38249343717776885,1.77303371580183,96.27605729788222,3331.265,3.5562481933590964,31.329995610092634,-0.0002119244649317
1,122,1264.641,3.754758251147017,28.091191608531137,-0.0002773809809860521,6.994980870229,0.7070999211226872,0.3807797089475212,1.77303775507894,96.2762766313732,3321.188,3.5532756526091784,31.569551201845574,-0.0002181126296882
1,126,1274.063,3.755328781102716,28.665508677417247,-0.0002772957455573914,6.957273353390235,0.7122669969120239,0.38354088873529285,1.76787211066621,95.99578118843372,3321.844,3.556266431640255,32.111426258867944,-0.0002154291374469
1,130,1274.3120000000001,3.7553241533415345,28.868261677389746,-0.00027847689495728097,6.943814576823801,0.7123761864237599,0.3847760209769348,1.76231507040931,95.69403287907456,3311.828,3.5563095420140822,32.271676011112376,-0.0002163302454292
1,134,1240.3899999999999,3.756089545552956,28.471463458755412,-0.00028108853451349984,6.6450384107378575,0.6934028372358625,0.37278155768288124,1.76761729249384,95.98194451474556,3327.391,3.558950851054106,31.84229165967865,-0.0002181591991884
1,136,1255.5310000000002,3.7553478679325374,28.384236760774627,-0.00028195346745623484,6.71057863431831,0.7018728909419073,0.37907651933318,1.76266835974315,95.71321655496544,3312.078,3.5534418211598053,31.759815453754253,-0.0002172498931172
1,140,1236.203,3.753543137846921,27.94362736010408,-0.0002841348659961534,6.7731122831950685,0.6908787492051341,0.3753836726414533,1.75173048706641,95.11928805425076,3293.172,3.5510121537420285,31.41911167391793,-0.000217374598833
1,144,1217.2969999999998,3.7542226724587757,27.82642421420626,-0.00028694997895239245,6.808420958319829,0.6804973888694384,0.3716565180647556,1.741849604796,94.58275432725988,3275.328,3.551317608213948,31.331626572312267,-0.0002167521942338
1,148,1208.375,3.7537610214524215,27.79958315578943,-0.0002887362700564916,6.840530257827464,0.6754634061722259,0.370097726933038,1.73609135118471,94.27008009570102,3265.016,3.549003180550162,31.35934131425137,-0.0002191526095683
1,150,1311.703,3.7567244095401935,31.15856217338505,-0.0002718619442033645,6.573519120433367,0.7332201368853035,0.39403058694111665,1.79362401485736,97.39411432859931,3328.937,3.559764834095517,34.31088483888259,-0.0002198230083364
1,154,1301.922,3.759514185143873,30.228244593725314,-0.00027798664707015807,6.64869955147995,0.7277354457114169,0.39105376380259194,1.78318902232733,96.82749231246368,3329.266,3.5623454342368555,33.43585640373788,-0.0002165916485518
1,158,1274.2340000000002,3.75686548143978,29.395668253689536,-0.00028165828620255184,6.682821723122721,0.7122360134049281,0.38594684543365465,1.7673642076279,95.96820195991576,3301.579,3.558336657621618,32.66698125020078,-0.0002175431743104
1,162,1245.844,3.756411119194292,28.906818742456654,-0.0002854350935657018,6.662241031999677,0.6963757846455718,0.3794183330729455,1.75701778503531,95.40638930769452,3283.563,3.554013138622869,32.28423408691397,-0.0002210326060044
1,166,1227.547,3.755758159452377,28.56120350501413,-0.00028829594497808536,6.674583021062787,0.6861450106191529,0.3748092057555055,1.74687061798379,94.8553962680492,3275.125,3.552376095886298,32.00739178780946,-0.0002196278427062
1,170,1217.641,3.7557229664355583,28.554074745661783,-0.00029010940954538,6.696965469243882,0.6806444742713078,0.37286260402197907,1.74171725074571,94.5755674779542,3265.656,3.549618661283733,32.06387071886056,-0.0002234955900198
1,174,1217.453,3.7559797578666223,28.88539710736827,-0.00029091249360907066,6.747656294703944,0.6805886047806825,0.37275515424698563,1.73642250564782,94.28806184403476,3266.093,3.54938103086703,32.43754560319043,-0.0002235709685507
1,178,1199.031,3.7555111719937577,28.623436649044606,-0.0002937794728560379,6.685991449939568,0.6702288077071411,0.36807257135173993,1.72632172392358,93.73958753620327,3257.594,3.547211868041896,32.16809876635083,-0.0002231481904089
1,182,1189.7810000000002,3.754244473144737,28.484075126944916,-0.00029557677918737546,6.68927460217747,0.6651024135200049,0.36624501745832744,1.71580653893301,93.16861105469168,3248.593,3.5467052098640246,32.05752645824972,-0.0002208779275577
1,186,1179.922,3.7539484524460986,28.35650067837301,-0.0002976144659341233,6.6574088335043555,0.6595606439509681,0.36431221026773775,1.71053335113519,92.88227598613614,3238.766,3.544629653883431,31.97592092807272,-0.0002229621427991
1,190,1171.219,3.754581392146364,28.498898512130875,-0.0002990954350638539,6.717147775080619,0.654832349834394,0.36147172653033516,1.70601449964852,92.636901518198,3240.14,3.5436291614253204,32.21689335291319,-0.0002230712037137
1,194,1170.844,3.755490488513688,28.95107160850362,-0.0003004644912757695,6.604596839263753,0.6545509848367387,0.36247817024131385,1.70031102726426,92.32720191735562,3230.109,3.5444946147995258,32.55632993697177,-0.0002238301088314
1,198,1161.2810000000002,3.754340655348557,28.73121147883678,-0.00030203244309802456,6.58810059391859,0.6491718170818138,0.35955409979809755,1.69457986017979,92.01599848919145,3229.7810000000027,3.5409201846556857,32.40048085325998,-0.0002253280788502
1,202,1152.4850000000001,3.753726606833085,28.607412862669687,-0.0003042349811430554,6.625670796090244,0.6442663063532328,0.3587536564555176,1.68490290866093,91.49053823956656,3212.469,3.541195668799061,32.29371860868794,-0.0002245427469953
1,206,1133.188,3.7537442132803744,28.389489208307523,-0.0003074002245116546,6.553306159721021,0.6334862055396648,0.3526644153417492,1.67447415911597,90.92425521866993,3213.219,3.540671044783382,32.1360714480678,-0.0002201129190361
1,210,1133.515,3.753301725396638,28.555773136403843,-0.0003076544813424701,6.645023748405933,0.6336484155095522,0.35382781377572203,1.67456924798791,90.92941856192826,3203.578,3.537604879026877,32.38268549723498,-0.0002262124608234
1,214,1124.016,3.7539460971308385,28.655298277165333,-0.00031107798991133296,6.21750446344069,0.6281854402383192,0.3517909314972028,1.66371637598141,90.34010561326173,3195.125,3.538422485261741,32.30899951427637,-0.0002235134721732
1,216,1124.5310000000002,3.7539829270282996,28.761555832696576,-0.00031136960640712794,6.575564692763471,0.6285708447091892,0.3519314070327389,1.65901386874825,90.0847586044663,3195.312999999994,3.53928626988912,32.56636929496716,-0.0002222581650824
1,220,1105.6409999999998,3.75292048154328,28.563983770009177,-0.00031389162995383563,6.5763034487425,0.6180629363625759,0.3469987261074532,1.6538540573335,89.80457989439137,3186.297,3.533690170241391,32.46542951751835,-0.0002266535571591
1,224,1086.562,3.7529704525920082,28.396547994526824,-0.000316743560956903,6.550174699059422,0.6073702644949502,0.3420693241926963,1.64265378213013,89.19640288815545,3176.438,3.534367734544495,32.347056454418095,-0.000222387785518
1,228,1077.0629999999999,3.752501007450544,28.38064075201866,-0.00031854612857163024,6.539405059999847,0.6020399797326678,0.34002569143194844,1.63785784302237,88.93598251136243,3167.593,3.5312941932103548,32.371538940646154,-0.0002256605263015
1,232,1077.1560000000002,3.752020875230893,28.452320266121607,-0.0003198513690052132,6.557231704096818,0.6022043513070688,0.34004152514790614,1.63273504070991,88.65781340235759,3167.719,3.5309134771684274,32.45549347979197,-0.000224581013261
1,236,1068.0000000000032,3.7522903057020702,28.46892089395275,-0.0003220493330850342,6.528199217019733,0.5969772231487009,0.33807332392552675,1.62775289155336,88.38728178562198,3159.077999999994,3.5287226893409893,32.50017194695606,-0.000227382289212
1,240,1058.5,3.7515126868864384,28.430084555184052,-0.0003239138935042932,6.509557402589859,0.5917828953665061,0.33615671095508837,1.62212548552116,88.08171260170519,3148.829,3.52625493581969,32.50100298369444,-0.0002292482354103
1,244,1049.2189999999998,3.7514103876280833,28.383965175466457,-0.00032598758238440087,6.534661845401018,0.5865963115689656,0.33318122609233,1.61132566037658,87.49528010741024,3149.094,3.528684324337005,32.4728927422438,-0.0002217450177623
1,248,1049.078,3.7532159334940602,28.33240936285862,-0.0003316618503613117,6.58557351287002,0.5864688558564973,0.33404308230381524,1.60656313974884,87.2366743602368,3140.547,3.525556939424901,32.50480154634882,-0.0002250311283798
1,252,1040.0,3.7529407854198107,28.30579443676393,-0.0003338987028345628,6.5439271127645995,0.5813638057920486,0.3320959565720672,1.60151422339176,86.96251727221627,3131.625,3.5226805646793737,32.51218336210202,-0.0002280448967021
1,256,1030.719,3.7525780933250243,28.239783206020867,-0.0003362952708004303,6.531561781558018,0.5761450180944366,0.3301568560498439,1.59036923140033,86.35734215456989,3121.907,3.524673458789008,32.45692821941515,-0.0002227772462177
1,260,1021.0000000000001,3.752242549925414,28.172056880633114,-0.000338894745774068,6.516584498800729,0.5708040634654552,0.32702085919045526,1.58578899682422,86.10863457357058,3122.125,3.5213155754526824,32.447059186431154,-0.0002243045267914
1,264,1011.5469999999999,3.7526670639617667,28.106329413542927,-0.0003418535390434866,6.346441706807628,0.5654564914589938,0.32404012977660684,1.58494307073741,86.06270063126725,3121.672,3.51803386486462,32.32889654966259,-0.0002267522124608
1,266,1030.6870000000001,3.7515789827999884,28.781555096397536,-0.00033294970224395393,6.435047605857928,0.5761549809058447,0.3302573649570952,1.59552638924959,86.63737677555004,3120.86,3.52368419553968,32.84488475360107,-0.0002285095226974
1,270,1002.4209999999999,3.7513790870979684,28.05834504410565,-0.0003430064408130143,6.424818581217938,0.560214687095481,0.32296280592867904,1.5747301747801,85.50813849993258,3103.828,3.519146638240668,32.31731555011648,-0.0002242687155634
1,274,983.672,3.75025632615145,27.671281153726774,-0.00034688455306431553,6.489977848336597,0.5498853420226596,0.31781651865823785,1.56490199509379,84.97446653296429,3095.094,3.516233648608237,32.06376130177751,-0.0002230864824582
1,278,974.64,3.7507290466231455,27.75920032682042,-0.0003494833556491424,6.489481482553732,0.5448915084776481,0.3148284713938098,1.55976594733704,84.69557819389517,3095.781,3.514773138461639,32.21997626855924,-0.0002230280167779
1,282,974.329,3.7515772377474903,28.240305275489625,-0.00034985282114411044,6.494705951809184,0.544848436816519,0.3148757985578775,1.55948156681842,84.68013627936132,3094.328,3.513299297915008,32.7120225448885,-0.0002266351456164
1,286,974.578,3.7522104493460064,28.536813361386383,-0.00035096528909984607,6.396422913139354,0.5449203078806291,0.3157518910388394,1.55468935359061,84.41991821853574,3086.531,3.514484830704665,32.945022147355694,-0.0002265515624298
1,290,964.812,3.751225816407157,28.395602131532556,-0.0003535421685372818,6.3837430501721535,0.5394764468638222,0.3126796029977719,1.54887410798904,84.10414931140878,3085.625,3.5109677353595243,32.857549597381336,-0.0002272956432742
1,294,955.328,3.750111339594416,28.17669022698498,-0.00035673205056954043,6.351775140846382,0.5340307236474532,0.31146552738765576,1.53823659894256,83.52653061113354,3067.203,3.510935874957801,32.629663328789654,-0.0002256440366908
1,298,937.063,3.748960461938816,27.83856747459246,-0.00036022571090812386,6.390741744001502,0.5238747084467447,0.3064142880826589,1.52791425825103,82.96602561057489,3058.157,3.509393098217416,32.379859014262976,-0.0002221884627723
1,302,937.1400000000001,3.74878728639683,28.052625315034714,-0.00036064497772465577,6.443017378656528,0.5240015901709223,0.30637384710142374,1.52852526297564,82.99920327964658,3058.812,3.5066782411556563,32.68215852457039,-0.0002262066561589
1,306,936.938,3.750296423032112,28.420952309842527,-0.00036173689590181344,6.394203940212034,0.5237080613925207,0.3063312428193755,1.52264732528438,82.68003018050378,3058.578,3.510988562300809,32.99387423636739,-0.0002207822260937
1,310,927.266,3.750749277295197,28.448112490952827,-0.0003640729493380601,6.353104970913847,0.5184460040210493,0.3040886385459354,1.51748599384899,82.39976893302816,3049.328,3.510305462695178,33.04539707211165,-0.0002213099668569
1,313,1021.093,3.759172580184886,28.59886906582564,-0.00034257785543394964,6.509498749465724,0.570876519692704,0.3213794831265959,1.60581889913066,87.19626195760692,3177.219,3.5222215314850214,32.856295641052824,-0.0002263505176308
1,316,993.0939999999999,3.7513197432499705,29.067780783066958,-0.00034462957101662103,6.438419751925224,0.5553362498858236,0.32212594678386225,1.56384914467444,84.91729656129593,3082.937,3.5163492154331264,33.33950238056361,-0.0002345070835805
1,320,974.1719999999999,3.753346786385337,28.945622966788843,-0.0003543890224667392,6.394775051213124,0.5445438908681643,0.3168795413279137,1.54809152477678,84.06165489885902,3074.266,3.5134397623234963,33.35156485472646,-0.0002313335428551
1,324,955.359,3.752598702997014,28.68391928950368,-0.00035894595778094375,6.370037160106399,0.5340456548582005,0.31159784735812135,1.53237556318686,83.2082752902044,3066.0,3.515137522009075,33.147486361012966,-0.0002224770974531
1,328,946.25,3.750341147516649,28.470990805535067,-0.00036194008539798257,6.402843048583382,0.5289716079341703,0.30959250918635,1.52695282684897,82.91381970838151,3056.437,3.50830390643132,33.00727586174936,-0.0002283023821861
1,332,927.484,3.7510991513944707,28.320370044353066,-0.0003660421029045973,6.382662422342811,0.5185085459461031,0.304270788942658,1.51695730171363,82.37106085271179,3048.219,3.509190808443004,32.91990812745461,-0.000223737206647
1,336,918.406,3.7509291442369297,28.358863224122004,-0.0003685263598652818,6.3487385742784035,0.5134518526958947,0.3021849699495067,1.51189759601427,82.09631790141844,3039.218,3.506809757955536,32.99903328622305,-0.000225910937442
1,340,918.2189999999999,3.7497281020737763,28.391582729307405,-0.0003698483211870794,6.365366615084792,0.5133422263387544,0.30214044073684937,1.50656389606811,81.80669701206385,3039.047,3.50609090727422,33.03772281691292,-0.0002240930954202
1,344,908.9689999999999,3.749802228403897,28.398180303359773,-0.0003725139853703328,6.336549260560577,0.5081655024266947,0.2999526461246545,1.50154535266714,81.53418918115372,3030.375,3.503715772726596,33.07740307192613,-0.0002264533457521
1,348,898.844,3.7493753034585535,28.356503700897356,-0.00037503287032697794,6.339324932728228,0.5024913236792989,0.2975319430652102,1.49084440504002,80.95312575426658,3021.0,3.506747996136716,33.05467981523988,-0.0002193591690861
1,352,889.859,3.7498067636796044,28.378875529274723,-0.00037767618498651614,6.326545595244589,0.49743623020854677,0.29448465293290316,1.4858683845612,80.6829269258604,3021.75,3.5058813026542324,33.11570360624461,-0.000217790537921
1,356,880.5160000000001,3.7497118878062845,28.359832550362974,-0.0003801158284711416,6.298561372846535,0.4922088509422704,0.292310271506657,1.48041367797611,80.38673535372676,3012.265,3.504168333530808,33.12942148982364,-0.0002189665529944
1,360,880.7819999999999,3.748379402863982,28.355477842836716,-0.0003815416096050106,6.323179502611964,0.49246806150719,0.293335766746674,1.47520958690316,80.10415225005684,3002.641,3.503056893147064,33.130681310493344,-0.0002196837208136
1,364,880.7040000000001,3.747397088683654,28.40618227339223,-0.0003773761766468384,6.267449453549709,0.49236519577082605,0.29239840637450204,1.4859035988304,80.68483906716317,3012.0,3.4982324882487936,33.20069210329718,-0.000225766946329
1,367,918.438,3.751979072532749,29.19670154194431,-0.0003751412354741368,6.348360549890444,0.5135883472601561,0.3041074662843406,1.49609182981367,81.23806188586506,3020.11,3.5065859365661325,33.78697527817091,-0.0002283969073433
1,371,890.0149999999941,3.7497071735485434,28.95190537140157,-0.00038016058148702546,6.2932626069433475,0.49756711523539165,0.2964570317756585,1.4808005946929,80.40774500270479,3002.172000000006,3.501457140697961,33.673365085761986,-0.0002273730084468
1,375,870.8290000000001,3.7501283904309335,28.75647139645028,-0.00038540348208440813,6.259405293962182,0.48688412738259407,0.2909841036681555,1.46975432684668,79.80793062432481,2992.703,3.501658387162809,33.535818118317145,-0.0002230452625599
1,379,842.7959999999999,3.7468949837700722,28.44990848504265,-0.00038950208148308673,6.191342692970597,0.47117830777519365,0.28429924020093994,1.45390122748459,78.94710440938543,2964.468,3.4966186408455298,33.32269982188509,-0.0002237367374799
1,383,851.89,3.747502732183146,28.451899201184524,-0.0003908385490743385,6.301960094196701,0.47628665093504435,0.28554573260149996,1.45414620672357,78.96040682717852,2983.375,3.4991645719433246,33.346230327490304,-0.0002171714883173
1,387,853.062,3.7483022812094116,28.760929356651822,-0.00039180863171303366,6.261416657941563,0.4770658399783563,0.286714906108533,1.45502375190668,79.00805769223405,2975.297,3.496080777360074,33.64948900485925,-0.0002249447727633
1,391,843.3129999999946,3.7487043441372347,28.876411708036866,-0.00039404537081673754,6.221351068479045,0.47138708298213833,0.28346798387218575,1.44904216376124,78.68325635434054,2974.9850000000006,3.4959014526388,33.79269513542102,-0.0002223778067628
1,395,833.7650000000001,3.747408992538932,28.598985067610506,-0.00039744977247714466,6.2276160800728775,0.4661722942190898,0.2810838600927097,1.43867093714806,78.12009683923326,2966.25,3.49758697990267,33.52446663707275,-0.0002152661398384
1,399,824.156,3.746754511917902,28.395695511818197,-0.0004003224923278367,6.238469844355826,0.4607616509560398,0.2787739919272321,1.43344543215698,77.83635095586517,2956.359,3.4956989619989507,33.39042251934235,-0.0002158264039825
1,403,824.0,3.7470968264745395,28.663208783759487,-0.00040150395269138313,6.241025159534026,0.4607408643637986,0.27872263850214996,1.43339589008381,77.83366081216815,2956.344,3.492875380810072,33.67370212742761,-0.0002204704743755
1,407,824.203,3.7471101899704995,28.93127157352829,-0.0004018613853365593,6.20130710581056,0.46080450683946467,0.27878545774836067,1.42806487344776,77.54418562704669,2956.406,3.49551076423368,33.91080564765892,-0.0002156251999362
1,411,815.204,3.746989983396461,28.768960487551215,-0.00040467283569668516,6.187470398122244,0.4557751985997542,0.2765966831633113,1.42292031817412,77.26483532824366,2947.266,3.494233359045084,33.7850680599871,-0.0002157352527781
1,415,805.579,3.74582843714767,28.544944736481263,-0.00040776780237076425,6.19680346463381,0.4503062345001376,0.27419448165817106,1.41742903273131,76.96665751739931,2937.984,3.491197414255986,33.61126807392732,-0.0002169538286479
1,419,796.6719999999999,3.744773785105948,28.319879397033326,-0.0004107557049475543,6.20468230905427,0.4454229014347996,0.271982930055904,1.41240922879445,76.69408123915822,2929.125,3.488909408157624,33.45598581472246,-0.0002173189015536
1,423,796.266,3.745579833253009,28.573433818299893,-0.0004116170110775333,6.172449799297535,0.44519513247533915,0.2719066101089517,1.41257879294019,76.7032886034996,2928.454,3.487376295811431,33.723267448788484,-0.000220778819224
1,427,796.687,3.7468211327286003,28.95843815065649,-0.0004122056909505516,6.164303599943395,0.44546110466571015,0.2719648389161511,1.40759837314699,76.43285089151239,2929.375,3.491994243745711,34.050076369857344,-0.0002147978887724
1,431,824.375,3.744881091945611,29.014711094945284,-0.0003967411403664185,5.984685818285161,0.4609579536385887,0.2798256365937765,1.43339204852215,77.83345221466253,2946.031,3.491585878898649,33.889346908026745,-0.000222947842208
1,433,843.0780000000001,3.7497708150152813,29.210394523509482,-0.0004007952383506556,6.186576015331102,0.4712284444823395,0.28526330107415554,1.43825501767929,78.09751233548145,2955.438,3.495576227046425,34.067648550088656,-0.000226274026947
1,437,805.922,3.7479874423590096,28.76630565769828,-0.0004085723451991133,6.096157903658483,0.4505762558561333,0.2743447512871793,1.41735471744855,76.96262218385922,2937.625,3.4938988589692483,33.75168100943646,-0.0002164783984502
1,441,796.312,3.745356014931052,28.400146035060818,-0.00041296744196899827,6.149660846691209,0.44515385937361485,0.27186438872573554,1.40698166367764,76.3993634537507,2929.078,3.49159162968384,33.46482299584788,-0.0002130977101402
1,445,777.125,3.7460088103672575,28.24124037833053,-0.0004180297327620118,6.112870026115505,0.4344552952939656,0.2662868891078083,1.40120377835876,76.08562321685423,2918.375,3.4885729299834787,33.40210697922146,-0.0002145642769269
1,449,777.703,3.7443154953126143,28.224476235246026,-0.0004191372451755607,6.125426210018659,0.43483486633153595,0.26635379264144404,1.39670082327263,75.84111192639295,2919.812,3.4869021151089825,33.410688917712235,-0.0002130316369601
1,453,768.359,3.7442603573354356,28.16947423866754,-0.0004223782679486309,6.111949995016872,0.4296372101315236,0.264912829926128,1.39128478885273,75.5470202599512,2900.422,3.4855485210036417,33.38984948261314,-0.0002158024280271
1,457,759.0930000000001,3.7439282230166495,28.109654807826644,-0.0004253082361910098,6.114255192957547,0.4243106271646632,0.26163215716686056,1.38622876779783,75.2724773855306,2901.375,3.4838912547260388,33.3700433438796,-0.0002139738083948
1,461,749.266,3.743576971063885,27.97021583249401,-0.00042869912638232685,6.0914319109600505,0.4188309376468778,0.2582618769489867,1.38043667619741,74.95796574493023,2901.187,3.483198941484065,33.27215987470977,-0.0002104787942233
1,465,748.953,3.7426379690749823,27.914110932058918,-0.0004306347950582172,6.099316914759427,0.41867374662648177,0.25900630783915013,1.37523641502562,74.67559060559861,2891.64,3.4836274447098883,33.222444215660225,-0.0002093334866179
1,469,740.203,3.7415218665378402,27.893631225916835,-0.00043270527176145744,6.083230843044269,0.41374183064484465,0.25675585676397356,1.3705128024895,74.4190975749656,2882.906,3.480172442538601,33.26207748383125,-0.0002115625440956
1,473,730.828,3.7435482337803583,27.90233044092799,-0.0004361820439027944,6.057648405336469,0.4085165454358041,0.25347236553005015,1.37050855662704,74.41886702385212,2883.265,3.478452148610975,33.312029905516525,-0.0002137268927792
1,477,730.5,3.7417985744794002,27.83277271755812,-0.00043741807733453186,6.076576879849789,0.40831319745018463,0.25338461842635146,1.36473551086815,74.10538957595438,2882.969,3.4785782556105507,33.25287943255863,-0.0002097082166432
1,481,749.578,3.7415444200532497,28.49896363631003,-0.0004254787555089363,5.952016353825023,0.4188938292927692,0.2592210138412038,1.37539201689576,74.68403981580354,2891.656,3.4825195584604582,33.745054045019884,-0.000211136071602
1,483,768.235,3.7479176730397046,28.721087651230512,-0.00042710689127096183,6.088913934850002,0.4295001820683801,0.26479448513571735,1.38611151515354,75.26611054535188,2901.25,3.4886823636752826,33.88841975386692,-0.0002145827788461
1,485,748.9680000000001,3.7446349233962213,28.444446419457126,-0.0004337512897708928,6.104934902895369,0.4186501829024462,0.2590058522607612,1.36985000358389,74.38310747232698,2891.703,3.4858502383832755,33.7353756996425,-0.0002077899370084
1,489,730.594,3.7434164718328633,28.1627827134131,-0.0004385627922902866,6.079586625823371,0.40839511453277466,0.2534130924004584,1.36478279492608,74.10795710900801,2883.016,3.478794177297151,33.59131052719714,-0.0002116647701332
1,493,721.11,3.741956838741621,27.855202014428304,-0.00044228000502662823,6.108072918902067,0.4031186594771945,0.2509559056647177,1.354322046626,73.53993654981534,2873.453,3.4812826020756744,33.32366688599416,-0.0002031771526745
1,497,721.484,3.743025524887878,28.20743057292154,-0.0004428071398301928,6.080237915998836,0.4032985280147632,0.25103556642221325,1.3546417018379,73.55729388669064,2874.031,3.480352041587074,33.691961507697364,-0.0002062320536212
1,501,721.313,3.743437102050965,28.437537976514633,-0.000443499299037655,6.049434646470289,0.4032700101571111,0.25095834229224206,1.35470392131924,73.56067241598603,2874.234,3.4781127815565127,33.887639684793655,-0.0002097410238231
1,505,711.968,3.7428531144102797,28.179716683175638,-0.00044753791475681453,6.034376948530934,0.3979612487484773,0.24850679794372324,1.34931499750346,73.26805286034079,2864.984,3.4765867130506125,33.67308060941856,-0.0002090315189005
1,509,702.7180000000001,3.7413622966994033,27.845170463795995,-0.0004515241386480661,6.040546754442865,0.3928981602188494,0.2461278844506992,1.34418919379706,72.98972077509227,2855.093,3.4733769291841643,33.411988203265814,-0.0002094615731001
1,513,692.969,3.7405133371852095,27.648428864330878,-0.00045490558373610874,6.084917128644683,0.387403222565542,0.242668067410812,1.33899137906958,72.70747847813722,2855.625,3.4726366397371127,33.29926524979532,-0.0002052465786186
1,517,692.9380000000001,3.7418630967353503,27.936371940573014,-0.00045514399578863984,6.071032195941683,0.3873781404681227,0.24265984590246376,1.3389145230207,72.70330518052887,2855.594,3.473439372740961,33.59980731390034,-0.0002063130864979
1,521,693.422,3.741683327834542,28.032759395179685,-0.00045600423877041303,6.023640428775327,0.3875550446011981,0.24352496648740607,1.33400667597617,72.43680818215978,2847.437,3.4754777099091454,33.61961195858585,-0.0002038667279177
1,525,683.937,3.7399739201477726,27.742751728381826,-0.00046010934134797885,6.021920227763573,0.3822686715882779,0.24020039615643965,1.32864443091749,72.14563728793834,2847.36,3.4722884821666766,33.3945201718652,-0.0002018778895702
1,529,674.375,3.739066662411939,27.43807030642659,-0.0004638632018382092,6.052556059123209,0.3769576769133399,0.2376796056007624,1.32317089922762,71.84842350914826,2837.328,3.471373665098864,33.16734508187535,-0.0001996818042821
1,533,665.188,3.739385256760021,27.303584788996627,-0.0004670516178138469,6.08559220411453,0.371874872596697,0.23444558364152157,1.31816915884452,71.57682808520298,2837.281,3.472616016287509,33.10962161613893,-0.0001944296387645
1,537,674.2810000000001,3.7393087894699533,27.694134453309545,-0.00046502301904156906,6.055873938271883,0.377004712911043,0.2375470976901655,1.31846644366403,71.59297070565168,2838.515,3.4738146874457896,33.46501751186519,-0.0001954787552364
1,541,665.3439999999999,3.7406866097146008,27.673178556866972,-0.00046882921314264116,6.012192806144455,0.37195128227997354,0.23524287140671093,1.3182930401027,71.58355486033668,2828.328,3.4701426486639693,33.4426191014044,-0.0002020175847763
1,545,655.719,3.735002553454983,27.249712009546112,-0.0004586563357778133,5.934767465832547,0.3666020178960542,0.23102811048298877,1.32387242224427,71.88651633814797,2838.265,3.467523652225441,33.037928170775885,-0.000197878190675
1,548,730.704,3.744148004027903,28.078298517054193,-0.00044559544397760893,6.112084967252404,0.4085163029709955,0.2550853590462994,1.36012167665548,73.85485752850198,2864.547,3.476752584083925,33.4949493613756,-0.0002178332117166
1,552,702.391,3.7413086062378893,27.949732865319184,-0.000453156258961347,6.059355937314876,0.39267546259404595,0.24676555215553736,1.33953068679474,72.73676298693475,2846.39,3.4758956827369127,33.491363029025784,-0.000207330057159
1,556,683.859,3.7413885000115457,27.71711823126086,-0.00046042275323063633,5.994999089549083,0.3823186856443104,0.2409677484144471,1.32902865651207,72.16650080848474,2837.969,3.475812179626641,33.329808599922345,-0.0002014335161214
1,560,674.343,3.7413433370683578,27.60188162568756,-0.00046539636474733284,6.0127790995406905,0.37701602899222114,0.23759899033034124,1.3236741274999,71.87574889700983,2838.156,3.4746554404904435,33.27302769298771,-0.000198427741987
1,564,664.9689999999999,3.740681671180523,27.494511233089547,-0.00046902883974495247,6.0067738887868884,0.37166391208849087,0.23498441432969955,1.31863389675329,71.60206343923741,2829.843,3.472301781313945,33.229879126701434,-0.0001988825295472
1,568,665.6880000000001,3.738952682333936,27.460596838765966,-0.00046998436995979116,6.0112439872729055,0.37213217620340877,0.23525661527587582,1.31347513213243,71.32194157026348,2829.625,3.4729305773503527,33.20860833999321,-0.0001941578726063
1,572,664.7660000000001,3.738756419331649,27.4769279066209,-0.0004717914360007503,6.017873407363329,0.3716524047556397,0.23577969644294236,1.31320206344422,71.30711389020412,2819.437,3.4696192030612285,33.236115055926255,-0.0002003783798205
1,576,655.563,3.738721483464398,27.38397978594648,-0.00047507507682046865,6.006628216189679,0.3664976054513462,0.23250385961875866,1.30779599469444,71.01356336148518,2819.579,3.470018470757559,33.18660088296571,-0.0001956458893856
1,580,646.437,3.739219120016464,27.33371941475708,-0.0004783063695913582,5.973155751131372,0.3614442527788925,0.22999375238377157,1.30303291864059,70.75492745457169,2810.672,3.470762691935287,33.174058099115534,-0.0001935174380226
1,584,646.7339999999999,3.7389728545172805,27.399128885307814,-0.00047957988236882254,5.960272099220806,0.3615587919858761,0.23003288297821253,1.30335735590382,70.77254445771489,2811.485,3.468111467035994,33.253984518546055,-0.0001967788376608
1,588,645.984,3.738686960889046,27.441783808208402,-0.0004806093748397406,5.981523484585452,0.36109224316290617,0.23050918098701767,1.30341004386556,70.77540542374062,2802.422,3.4648625780221494,33.3198093248819,-0.0002029813555045
1,592,646.359,3.737895175049094,27.486682901336298,-0.00048164002140976933,5.971045906710216,0.36136921789099036,0.230708606612234,1.29788708064957,70.47550750397869,2801.625,3.467864133752208,33.33765795318198,-0.0001962376910943
1,596,637.031,3.738685115108524,27.368038833236767,-0.00048535650115340024,5.952901547834259,0.3562015985240701,0.22734616426442103,1.29807350569189,70.48563041810954,2802.031,3.464021404592563,33.29076744042025,-0.0001995771239022
1,600,636.8439999999999,3.7383709195396477,27.37181953727586,-0.00048700554864005964,5.965101358830946,0.35605241878032884,0.22798248722877937,1.29346361384424,70.23531244180377,2793.39,3.4664623858156745,33.27568841807217,-0.0001963902343911
1,604,637.203,3.7371929007824853,27.43529462676859,-0.0004873726989135975,5.9543646085816775,0.35622943517169486,0.228111004908015,1.28800339261912,69.93882142370093,2793.39,3.46850906693551,33.32067807371405,-0.0001907237194604
1,608,627.453,3.738876937114221,27.434690315841813,-0.0004910722104526281,5.924555668873783,0.35083926992646025,0.2246934182278508,1.28745252213794,69.90890905512207,2792.485,3.466806213058136,33.37314972896719,-0.0001924559535682
1,612,665.1719999999999,3.738459345240508,28.335323433670858,-0.0004662882688328598,5.472674802782233,0.37186784495080566,0.23739050740609616,1.30901536423074,71.07977535187085,2802.016,3.471070722008039,33.71351889594897,-0.0002045393853312
1,614,702.625,3.7456042424021083,28.764969905994146,-0.000464409550661431,5.841922122668024,0.3930084535943432,0.2491233481894348,1.32507932864294,71.95205157786506,2820.39,3.475472204020004,33.86531768239223,-0.000213865204723
2,2,1407.906,3.7421908491523355,28.87531999312252,-0.00022698092994958218,7.0603566514810865,0.786328508346418,0.38152214737602,2.0353375910056,100.88297108833646,3690.234,3.556946061827572,32.14277785992152,-0.0001927262116286
2,4,1426.579,3.7446574780906583,29.122439559928846,-0.00022734368159812947,6.916430563552083,0.796815825625178,0.38846551412394914,2.02514024603141,100.37753235288778,3672.344,3.56147580138708,32.29307515705474,-0.000194881656295
2,6,1445.625,3.7450240158065213,29.15689011278288,-0.00022773750584970876,6.884232695854887,0.8074144966252342,0.39588365888103455,2.01332637134546,99.79196916000484,3651.641,3.566752469641321,32.24414709253608,-0.0001919716283061
2,8,1445.407,3.7456563065710915,29.078803311531725,-0.00022893948529468898,6.855755916584286,0.8071365518310974,0.39801237098186093,2.01328466554074,99.7899019818078,3631.563,3.5687953371516272,32.14711742429942,-0.0001917602183546
2,10,1426.438,3.7471851883192637,28.974378643397998,-0.000230870248215766,6.7291415777865495,0.7964676179934674,0.3930477805956841,2.00052833762477,99.15762541696316,3629.172,3.563970503289941,32.06687277315468,-0.0001988476516765
2,12,1482.2350000000001,3.751391242036376,28.959761120585043,-0.00023213849401924986,7.111725990184741,0.8278568392751253,0.40583815976919635,2.01389907599316,99.8203556776378,3652.281,3.5735512387791406,32.03447836207717,-0.0001944460891086
2,14,1481.813,3.752559085980527,29.02732322006627,-0.00023320062750567628,7.094725824616194,0.8275542924595263,0.40588408985578067,2.01310110562697,99.7808037027038,3650.828,3.5711391343785897,32.11157496697372,-0.0001997289861937
2,16,1428.1870000000001,3.746316804376588,29.02677934366229,-0.00023255445624412947,6.811339366469937,0.797469918495108,0.3997776877680407,1.96878982627284,97.5844832820893,3572.453,3.568150746216304,32.112576242471775,-0.0001976954754066
2,18,1408.516,3.747165964074941,28.927938057196943,-0.00023445167002759086,6.784925620512553,0.7865574107356288,0.396698693232738,1.96816617643342,97.5535716293996,3550.594,3.569283415581244,32.03566207329278,-0.0001967696724169
2,20,1408.703,3.746905910486576,28.868218202611597,-0.00023550828764821118,6.774472474347085,0.786644179528323,0.39667807110172476,1.95723079175605,97.01155142541865,3551.25,3.563388513484579,31.99527968872302,-0.0002054639131838
2,22,1389.969,3.748130760115986,28.728679056119248,-0.0002377998888813693,6.73474908207184,0.7761686280918223,0.39373103887826644,1.94559915141294,96.43502080876348,3530.25,3.566658719765511,31.87412757184136,-0.0002012984775893
2,25,1389.4530000000002,3.7477953519881355,28.995335897235925,-0.0002399396841641483,6.7674046387378795,0.7758929508021597,0.39800820162382533,1.93475050448411,95.8972998236526,3491.016,3.568703597012284,32.120959708576166,-0.0002019239254251
2,27,1371.719,3.7487020338567763,29.00286872759647,-0.00024195020196626126,6.561288930682274,0.7659601433990344,0.39527605977729185,1.9232799539368,95.32875373854844,3470.281,3.569207084156356,32.11021168908644,-0.0002016914933598
2,29,1371.047,3.7485937002874383,28.849767517983686,-0.00024349971590580528,6.617959356249315,0.7654985871824451,0.39511440922190205,1.91188993094849,94.76419905980474,3470.0,3.5659271296109383,31.98906127891816,-0.0002063183056942
2,31,1352.75,3.7480059788219213,28.688879130255295,-0.00024540623690600045,6.65292363709235,0.7554816462127472,0.3920676973605461,1.90106671419793,94.22773853976388,3450.297,3.561241727064949,31.87881444863544,-0.0002126171994523
2,33,1334.2810000000002,3.7465870688696334,28.52539293782276,-0.00024707284038776256,6.6785423531731425,0.7451491502303614,0.38907047195039846,1.88919899480615,93.6395064953226,3429.407,3.557881987836072,31.7674507110244,-0.0002157769825972
2,35,1316.203,3.7490451406475733,28.54262228713765,-0.0002503861430736624,6.582966270536868,0.7350232250171354,0.38604170015169453,1.87827837224885,93.09821798643677,3409.484,3.56282437243777,31.78991634963658,-0.0002100881489789
2,37,1298.0,3.748805403256019,28.544997842249384,-0.0002523710834362517,6.558549108885249,0.7248624076537095,0.382843197690435,1.86756971615202,92.56743574756617,3390.422,3.559195328016864,31.82883467218067,-0.0002149480238431
2,39,1296.984,3.7487854246032666,28.594970578173598,-0.00025441840647377593,6.502486169853043,0.7242846770174256,0.38255943976325263,1.86758925744538,92.56840432582156,3390.281,3.5580906165580983,31.890449470827843,-0.0002155911625632
2,42,1427.578,3.7483056647046946,28.645687679206766,-0.00023189029411833093,6.379718177808368,0.796955407443608,0.39746206150009994,1.97962654825082,98.12161319843736,3591.734,3.565899462157853,31.51177053595285,-0.0002010977788925
2,46,1408.688,3.750424751759367,28.96650628940403,-0.00023544441775495893,6.292165790091637,0.7865719339462965,0.3965569320358067,1.9575499080884,97.02736865587346,3552.297,3.570814209348872,31.874488497680712,-0.000198082892336
2,50,1390.844,3.750493438913077,28.610786619036844,-0.00023915076919811356,6.248223172575038,0.7765344213567892,0.3938307464821675,1.94581501707876,96.4457203456954,3531.578,3.5666817833633124,31.53911453638972,-0.0002037654076635
2,54,1372.016,3.7488999330163564,28.264802742062,-0.00024191073936281825,6.272818953830278,0.7660635717834332,0.3928006099217643,1.92424611216801,95.37664206593776,3492.907,3.566839274502584,31.220866832188783,-0.0002028962729248
2,58,1389.719,3.7550076908524734,28.152100408681825,-0.0002468024587467383,6.388327353704614,0.7759301661243558,0.3957516159328214,1.94598113314216,96.45395400781383,3511.594,3.571051969392875,31.119005145018026,-0.000203897286497
2,62,1334.7649999999967,3.7486457128868467,28.02910869973031,-0.0002477904177404516,6.232173058540383,0.7451515636803507,0.38892468014418524,1.90140793055308,94.2446511737385,3431.9370000000054,3.56663084740298,31.03324407815673,-0.000203666225974
2,66,1296.828,3.747862184779182,27.865279553863232,-0.0002507423212772626,6.181618405764684,0.7240103928830384,0.37795999854275203,1.87867421368008,93.11783815158223,3431.125,3.552739224085492,31.001249222460967,-0.0002187978734225
2,70,1298.547,3.7477062537761494,27.79537570046833,-0.0002530204368200827,6.193928582815133,0.7250032213248997,0.3805370756000312,1.86830613282642,92.60393676951,3412.406,3.556095975504661,30.92143474404136,-0.0002146383429503
2,74,1278.719,3.7475413780252507,27.73103422740702,-0.0002558405173891496,6.1662413361048,0.7138994018411122,0.3749152663626811,1.8560244070083,91.99518419888014,3410.688,3.5504500858303394,30.92936024820721,-0.0002197056761899
2,78,1260.328,3.745430665440804,27.72395422995376,-0.00025767665458851027,6.156302521542123,0.7038710467726617,0.3695198488998504,1.84519979618558,91.45865458065036,3410.718,3.546007083640312,31.00810965793079,-0.000219319290897
2,82,1279.672,3.7534023031667405,27.76473319024667,-0.000262954705744397,6.223346952408534,0.7145023476285239,0.3771818414669768,1.85722889088532,92.05488530825814,3392.719,3.554257954720065,30.96779499306422,-0.0002227739496773
2,86,1339.328,3.752644097948082,27.859700695636846,-0.00025569065427925094,6.342706006529092,0.7480189842518894,0.38589875390126177,1.92477608890906,95.40291074415664,3470.672,3.555857469677978,31.10097217303459,-0.0002028342380386
2,90,1311.594,3.7532776058455948,28.1587145454868,-0.00026194205088387506,6.025514620409833,0.7325584793979487,0.38416875383884935,1.88223175260926,93.2941701264468,3414.109,3.5537306734803207,31.307368922041046,-0.0002092302248026
2,94,1274.141,3.7529601883524135,27.87226338095126,-0.0002674058311950596,5.958918685304003,0.7115108088111505,0.3752750558947744,1.85527668788559,91.95812296295944,3395.219,3.545265000362152,31.13133998716456,-0.0002171808956622
2,98,1245.781,3.752451266219998,27.462358216053484,-0.00027212650349503226,6.103762634003214,0.6955993828692948,0.3679211458948612,1.83925089171819,91.16379285351326,3386.0,3.538408778928339,30.82871377910505,-0.0002221545782887
2,102,1217.953,3.7504223925308833,27.38232624395073,-0.00027571063805185297,5.962878630486184,0.6799883942697077,0.3616049227670554,1.81853960739944,90.13722315501992,3368.187,3.529768831133268,30.761533072057244,-0.0002292644947103
2,106,1218.2959999999998,3.752220259092046,27.847112960588582,-0.0002779007583723233,5.992497988564445,0.6803391092502966,0.3616982744236945,1.81347700595671,89.88629167454431,3368.266,3.53006768404233,31.30305692941581,-0.0002304772117719
2,110,1189.75,3.751479625945714,27.53831287468008,-0.0002823494457633616,6.008569106235591,0.6642935315186969,0.35422731106710625,1.79710184503054,89.07464504963947,3358.719,3.5248882875629555,31.06432144678013,-0.0002321434266481
2,114,1161.6090000000002,3.7500232018186357,27.340484859898673,-0.0002862429894513333,5.9455315840422,0.6485219664245201,0.3478391974846534,1.78100462941205,88.27677498375004,3339.5,3.5190926887152725,30.96654665282149,-0.0002357980821885
2,118,1143.25,3.7497960111791935,27.098527816362395,-0.000290114525605944,5.957948852037987,0.6382628642653266,0.3431879481218096,1.77101304226823,87.78153478310176,3331.265,3.5151810230271,30.82645569799297,-0.0002379084188284
2,122,1133.594,3.7496307799879065,27.27605832574191,-0.00029266261391112865,6.033098598373474,0.6329755698755374,0.341321840257161,1.76047124481709,87.25902301297472,3321.188,3.514029112834162,31.080769482413952,-0.0002379789954728
2,126,1133.25,3.7495886032638714,27.86383985131857,-0.0002943685457750235,5.994338122980238,0.6328565748765201,0.34115087884921746,1.75029137880066,86.75445063463465,3321.844,3.514139684003936,31.694287817425337,-0.0002365227439028
2,130,1114.8439999999998,3.7498654084555416,28.02785332989342,-0.00029787742279431843,5.946274840930236,0.6226022171803113,0.3366249696542211,1.73949250377326,86.21919662960373,3311.828,3.509578354212467,31.875581783696685,-0.0002406271172839
2,134,1093.375,3.743880839781044,27.728750977194355,-0.00029208629467312596,5.787433785907126,0.6105168651944164,0.32859829217546116,1.75467665536372,86.97181002045869,3327.391,3.5110708693292705,31.543288143901563,-0.0002441979016278
2,136,1133.703,3.751974522967618,27.66777391567691,-0.0002976787524421157,5.984159858528464,0.6330110234718549,0.34229356917318976,1.76593909418422,87.53004089819298,3312.078,3.5159179315855056,31.420983409991024,-0.0002389284493461
2,140,1086.4060000000002,3.7475954032262524,27.183241362691263,-0.00030379070133622316,5.945595325661959,0.6065312959336667,0.3298965252953688,1.73378874196248,85.93648557449694,3293.172,3.50585340727078,31.15837149963786,-0.0002393715245564
2,144,1057.9840000000002,3.7461733916037185,27.084502371771386,-0.0003089577075521403,5.964070424788815,0.5907655952604546,0.3230161986830022,1.71332591204073,84.92223069682748,3275.328,3.5010379345914444,31.15661421699882,-0.0002400305894624
2,148,1039.875,3.7464039818188146,27.04210900270707,-0.0003137942481997044,5.915503678372005,0.5806857943409336,0.3184900165879738,1.70240778136735,84.38106569995976,3265.016,3.497407662636496,31.206611383963253,-0.0002417615366019
2,150,1208.578,3.7496639071196993,30.35146420671243,-0.0002771620076800022,5.686013965334485,0.674808222029976,0.36305222958560046,1.82371946178183,90.39396636175364,3328.937,3.5388872766749144,33.61169282822636,-0.000219971602646
2,154,1198.891,3.753514788462617,29.429560000508815,-0.00028827545564626627,5.860516871192132,0.6695137268187498,0.36010670219802204,1.80812840503147,89.62118442408695,3329.266,3.5327430295356828,32.85630077141311,-0.0002301290165362
2,158,1143.1090000000002,3.7519887373815415,28.612687770232768,-0.00029746101975224005,5.750862307645651,0.6381501322114352,0.34623100037890964,1.77576109450343,88.01687540594799,3301.579,3.521214759733266,32.210981559158874,-0.0002368902984987
2,162,1096.0149999999999,3.748315881888676,28.14055836728173,-0.0003043080757730989,5.755222923801423,0.611909238483798,0.33378832688759125,1.74474098418368,86.47934133475826,3283.563,3.509311143950668,31.96509008165028,-0.000241782490765
2,166,1068.422,3.7494511700347637,27.80533555233528,-0.00031138030913918733,5.726851023302615,0.59652991966133,0.3262232739208427,1.72920703413237,85.7093899316892,3275.125,3.50716091973708,31.74480184018953,-0.0002392642144288
2,170,1039.672,3.7476680438525563,27.790814392986004,-0.0003164088263179037,5.746252087669216,0.5804732180059874,0.3183654371434101,1.70810865525532,84.66363361309608,3265.656,3.500928918686389,31.876564068962463,-0.0002402442857519
2,174,1030.031,3.7478117207492345,28.105665333762378,-0.0003201916135639088,5.765554476724237,0.5752051955059944,0.3153709952533501,1.69759542374618,84.14253773442293,3266.093,3.4973019898820894,32.24289319481841,-0.0002419962731217
2,178,1002.297,3.7473998864319578,27.87323232408226,-0.00032603563839226523,5.700531731469823,0.55968170212399,0.30768014675862,1.68206345240295,83.37268440744252,3257.594,3.492903830118716,32.07305565938816,-0.0002409404122137
2,182,983.5310000000001,3.7469160421032535,27.72463755887743,-0.0003311164985226536,5.686705599191601,0.5491473522825066,0.30275599313302715,1.67147683222951,82.84795096685752,3248.593,3.488659224822318,32.0301409298912,-0.0002420804645275
2,186,964.438,3.7454999329821024,27.578152025455545,-0.00033581569502111417,5.699519292459346,0.5385191934282572,0.29777946291890184,1.66075913870477,82.31672078137474,3238.766,3.482293080477401,31.984935871368258,-0.0002455770859271
2,190,946.375,3.7451867082794106,27.678077662430386,-0.0003398551396835909,5.689404704377299,0.5285322712873065,0.29207842870987055,1.65112101503807,81.8390002521071,3240.14,3.477575664197982,32.23677365476226,-0.0002464276713769
2,194,945.843,3.744784846534708,28.133025803213012,-0.0003424428676263442,5.5702226525428635,0.5282172082147342,0.29282076858706624,1.64013492561909,81.29446683115198,3230.109,3.478743650648925,32.56097148037261,-0.0002434933606795
2,198,917.734,3.7447910931047574,27.930308502059706,-0.0003479466313228085,5.567730416550155,0.5124535451378514,0.28414743909881174,1.62919994161654,80.75246648690656,3229.7810000000027,3.4740152461288862,32.48984985901219,-0.0002422880108654
2,202,890.187,3.7423165584277727,27.747960118371278,-0.0003534945542484078,5.51530854914218,0.4970964444055899,0.27710368566980725,1.60884963029617,79.7437886746144,3212.469,3.4718387718772696,32.42612199208859,-0.0002367075208369
2,206,870.9219999999999,3.742018599795183,27.521811449713265,-0.0003592274963153766,5.4291719636658655,0.4862859083945571,0.2710434614011681,1.60352448989692,79.47984426199564,3213.219,3.463180130644551,32.29984271249387,-0.0002422591273041
2,210,871.141,3.7411911510358506,27.72718800297156,-0.0003611635647450739,5.587940574432363,0.4865690621823129,0.2719275135489131,1.5989712144028,79.25415788836384,3203.578,3.463469391967206,32.610757585145336,-0.0002415303453876
2,214,852.297,3.741551220353659,27.773848944600683,-0.0003668291107973823,5.043160040005741,0.4758074016610199,0.26674918821642346,1.58762731235756,78.69188922732394,3195.125,3.46021805164007,32.25699351958767,-0.0002403250414757
2,216,852.703,3.743107842454023,27.819065212553987,-0.0003708868067890711,5.309457765913699,0.47616170128662866,0.2668605548188867,1.58297197446862,78.46114405771091,3195.312999999994,3.462574876665621,32.47193402838835,-0.0002383005374759
2,220,815.453,3.739341581103072,27.583018872562732,-0.0003757468676146059,5.239125694672584,0.4553259685954153,0.25592498125567076,1.56713763671356,77.67630372212932,3186.297,3.4537077937586056,32.40219271195366,-0.0002370750335096
2,224,805.453,3.7389165693438144,27.43271612848037,-0.00038005943214141014,5.245825722634347,0.44971216343084475,0.25357113848908747,1.56134461397139,77.38916838478035,3176.438,3.4514035349888337,32.30987415652578,-0.0002372196907422
2,228,796.141,3.7368554811163035,27.41991893936529,-0.00038342051397865313,5.265990535638998,0.44449700748823745,0.2513394239727137,1.55117118927904,76.88491527529958,3167.593,3.450781146333252,32.35440526839345,-0.0002328177121109
2,232,777.375,3.7376496665018686,27.455505572019227,-0.00038858474739347364,5.226030411602128,0.4340914905603022,0.24540529005255832,1.54067416062952,76.3646225030132,3167.719,3.446105572450592,32.4731363791227,-0.0002346890084073
2,236,758.907,3.7340670468565245,27.440833539610285,-0.0003926031355592192,5.160109975024479,0.4237737760431531,0.2402305356183043,1.52531387446244,75.60327887522882,3159.077999999994,3.4418152533277144,32.52334649341759,-0.0002315308244066
2,240,758.9069999999999,3.7360401326691197,27.42162837868663,-0.0003961524259260997,5.2242389579145225,0.42375733893222073,0.24101245256569978,1.53015703180674,75.84333345118733,3148.829,3.445008015985666,32.518264823491045,-0.0002290186211018
2,244,749.4219999999999,3.7353220734396664,27.38794360683866,-0.000400031907713625,5.237511307186491,0.41845928836769586,0.2379801936684011,1.52465668344741,75.57070473005419,3149.094,3.441164687975023,32.5437072434024,-0.0002293492061687
2,248,739.969,3.733696792753174,27.374815782593487,-0.000403559010304201,5.231858359112781,0.4131728054190035,0.23561787166375794,1.51454929866554,75.06972493621848,3140.547,3.443620591429828,32.562223096007365,-0.0002210832508792
2,252,721.468,3.7346365829541535,27.32743376837655,-0.0004090933771878756,5.1927301675696675,0.402813416086841,0.23038135153474631,1.50939150460208,74.81407516505371,3131.625,3.439943269617906,32.58978020040808,-0.0002232096509618
2,256,712.203,3.7334389582240397,27.256747867755106,-0.00041290266868133636,5.175431289178974,0.3977563939116548,0.22813075469576766,1.50399743330507,74.54671414292675,3121.907,3.43602719305159,32.57089563557426,-0.0002252063188936
2,260,702.407,3.7314931146869785,27.18330992787707,-0.000416939714978091,5.184665961777181,0.3922277028970987,0.2249772190415182,1.49352019180402,74.02740213488109,3122.125,3.436309312279291,32.5378543470942,-0.000217389376888
2,264,693.328,3.7307998869542636,27.21027221697394,-0.0004204819119450609,5.201272591130206,0.38707669803822115,0.22210148920194048,1.48763230244974,73.73556466569462,3121.672,3.430470227771154,32.65645090520509,-0.0002201654059813
2,266,758.985,3.737838198374711,27.956869440628395,-0.0004037257375462238,5.368773129173189,0.4238220218201236,0.24319738789948925,1.53028762144017,75.84980622026112,3120.86,3.4417311090871063,33.180785234653264,-0.0002394096571027
2,270,702.64,3.7328539806963903,27.212151581499345,-0.0004161802089460377,5.289645444522581,0.39231855242387315,0.22637852355220714,1.50407600883601,74.55060879561292,3103.828,3.4355429213552537,32.71220835503141,-0.0002252306817398
2,274,683.938,3.729983751398858,26.82099094925969,-0.00042379221265391757,5.400944035953184,0.38190867954562546,0.22097487184557238,1.48875936087309,73.79142812679322,3095.094,3.4272336842373576,32.543943889007906,-0.0002271773184504
2,278,665.1560000000001,3.7288921549589684,26.87139988846477,-0.0004303411864808927,5.345758748266597,0.37135463996384305,0.2148588676007767,1.47827792855466,73.27190839787096,3095.781,3.430753651868756,32.6655410721976,-0.0002130888995795
2,282,665.188,3.73103256858526,27.349779016982513,-0.00043245349086928805,5.409511365826873,0.371578708661577,0.21497010013159562,1.47845998221568,73.28093201847443,3094.328,3.430880434209888,33.160922870564626,-0.0002151235267033
2,286,665.406,3.7313539472189823,27.66843954043782,-0.0004345828514683148,5.31940381417763,0.37162379159309344,0.215583773498468,1.47321484489997,73.02095301621284,3086.531,3.431984614031654,33.414445545408455,-0.0002143001138228
2,290,655.75,3.729237795007853,27.537920780368246,-0.00043893749709333283,5.319232206872048,0.3661594325050144,0.2125177233137533,1.46751649350679,72.73851013234444,3085.625,3.426913589626702,33.3541679486525,-0.0002145128816977
2,294,636.906,3.727085631057185,27.271955782691045,-0.0004455453845782092,5.24793629495699,0.3556233997757649,0.2076504228771294,1.45162926575213,71.95104826590523,3067.203,3.422042235670516,33.13634596100404,-0.0002150334150649
2,298,618.5790000000001,3.7280398632545184,26.91581471988053,-0.00045281641537167443,5.235722494011355,0.34545474755230554,0.2022718258088123,1.45192377209672,71.96564568462234,3058.157,3.4202687142856667,32.92241762841388,-0.0002126087907949
2,302,618.625,3.7274886227432176,27.128858148632656,-0.00045391965952207877,5.335947340847255,0.34550729022361315,0.20224355076415287,1.44714846947777,71.72895437691278,3058.812,3.4248208106770663,33.20338483123576,-0.0002049775257317
2,306,627.657,3.7269068211688263,27.526370293886995,-0.00045336066467703795,5.331663162825077,0.35053968257013446,0.2052120299040927,1.44685381056599,71.71434939609318,3058.578,3.423499088319266,33.533950654066935,-0.0002083022181743
2,310,618.141,3.7277605864444596,27.552139992898027,-0.0004575344175367032,5.28173586921422,0.345189920568703,0.20271384383706836,1.44167419302847,71.45761792874575,3049.328,3.4247420964314874,33.5767934055627,-0.0002055383242902
2,313,796.203,3.7483515299026875,27.851719611838213,-0.0004069733504080253,5.966905510294826,0.4446107432123456,0.25059745645484305,1.59358665931001,78.98726854374111,3177.219,3.450702139255875,33.224088400657315,-0.0002357602538791
2,316,749.7339999999999,3.738520989644856,28.189831466316566,-0.00041210542328735917,5.379165928580207,0.4187459623545795,0.24318823251983415,1.54639023769156,76.64794397240323,3082.937,3.448047542990752,33.37083344726966,-0.0002400484620448
2,320,702.5619999999999,3.7355785346201884,28.077330858019433,-0.00042510149161773924,5.195628480798071,0.39235521385824657,0.2285299970789775,1.51470559175661,75.07747171565073,3074.266,3.439948189189645,33.43366634309322,-0.0002314627287779
2,324,683.953,3.7336160392427726,27.8016593781228,-0.00043425685839115584,5.2185449441232485,0.381901829302092,0.22307664709719505,1.49897860833354,74.29795247472106,3066.0,3.434112914501242,33.28676739403043,-0.0002293122324009
2,328,665.125,3.732016305426562,27.56608137094767,-0.00044266602778986,5.2126933760589615,0.3714018259486439,0.21761449687986373,1.48311107454105,73.51146675367659,3056.437,3.432560094036392,33.14347737377552,-0.0002217564342282
2,332,646.422,3.7310209364217166,27.39804790627994,-0.0004505393339682071,5.2143328142459815,0.36100461178250376,0.21206547167378723,1.47296648254683,73.00864275760908,3048.219,3.4270614887575657,33.11021541795579,-0.0002222466706938
2,336,637.281,3.729997420307508,27.431442098908416,-0.0004554376330108099,5.203716147015463,0.3559362964960658,0.20968584681980693,1.46276043960993,72.50277290138493,3039.218,3.427340316812041,33.18991802149879,-0.00021725873077
2,340,627.86,3.729499153079969,27.453674525091444,-0.000460414814470013,5.197227291890886,0.35059872696695343,0.20659766038498253,1.45183646810625,71.96131839956391,3039.047,3.423482197888437,33.26265398635676,-0.000217538127014
2,344,609.031,3.7295217885616663,27.42505458417073,-0.00046731060298006293,5.120935383933048,0.34008046191082275,0.2009754568329002,1.44686706440304,71.71500633205595,3030.375,3.422095770106937,33.299978841087025,-0.0002141065730806
2,348,608.782,3.7276830978294018,27.406741307551016,-0.00046973805992613364,5.197296088355056,0.3399154202704818,0.20151671631909965,1.44138039942778,71.44305583769248,3021.0,3.421883545422636,33.31663547841367,-0.000212031294271
2,352,599.4680000000001,3.7276803690159745,27.419297580806298,-0.0004746807638961073,5.157255425740178,0.3347570037210648,0.1983843799123025,1.43121074496077,70.93898960214143,3021.75,3.4195777411151886,33.39150630507064,-0.0002107942888588
2,356,590.172,3.7273344631271175,27.38893417658402,-0.0004789583249998935,5.143703820446337,0.3295716870910935,0.19592300146235475,1.42602471795257,70.68194044477139,3012.265,3.4175281789596474,33.41522427488497,-0.0002111857307837
2,360,580.891,3.726115062739071,27.35784736669828,-0.0004838693129991618,5.102870524289639,0.32434672736011844,0.19346002402551618,1.42048764996619,70.4074916889224,3002.641,3.4197860540725715,33.39690850726103,-0.0002034194072569
2,364,571.5160000000001,3.7223608882036205,27.393773432492097,-0.0004787682520179193,5.127673550403216,0.31918701281442874,0.18974634794156708,1.4207006230355,70.41804785222855,3012.0,3.4171369298988705,33.73731993653,-0.0002021593298319
2,367,627.859,3.7320501338987704,28.261660723234588,-0.000467533820118326,5.1913948862355035,0.35072077677309943,0.2078927588730212,1.45225580433084,71.98210310103482,3020.11,3.4305347141293625,34.08965316576344,-0.0002144489282705
2,371,599.7030000000033,3.727864910841383,28.009527725034868,-0.00047718135291075755,5.153567201060174,0.33493085234604736,0.19975637638349905,1.43155763277257,70.95618334594263,3002.172000000006,3.4250844180972875,33.9987286593769,-0.000207484960153
2,375,580.61,3.7252283529303005,27.793647782562854,-0.0004865329562345686,5.105310033271799,0.3242404178678884,0.19400856015448242,1.41501575115894,70.1362730902931,2992.703,3.417133986279293,33.907397114007345,-0.000209481079531
2,379,561.687,3.725960546229013,27.51663506834107,-0.0004957441929556635,5.093597910214463,0.3136758908664349,0.18947311962888452,1.40973115065175,69.87433806657212,2964.468,3.417521467040602,33.70518417605219,-0.0002069562408233
2,383,552.453,3.726268663840882,27.438942175439323,-0.0005014826240771149,5.143663353310963,0.30859533081278767,0.18517719026270582,1.40491731812931,69.63573699649338,2983.375,3.418162323668036,33.7458832944166,-0.0001969774802485
2,387,553.1089999999999,3.7240336001117638,27.757203930698225,-0.0005030460043769905,5.080530415533143,0.30890496597877354,0.18590043279712914,1.39516429657156,69.15232147064526,2975.297,3.420331935905118,34.01657212624259,-0.0001918846244398
2,391,552.7029999999941,3.7253106403596297,27.91247434760538,-0.0005052475830912726,5.104791249610013,0.3086917492809001,0.18578345773171762,1.39453438326141,69.12109936452545,2974.9850000000006,3.4192916311692465,34.175023374593785,-0.0001934794705843
2,395,534.046,3.7254083312972726,27.604218137178222,-0.0005143059535624624,5.09416577248016,0.29821769599696585,0.180040792246102,1.38931711793126,68.86250185726787,2966.25,3.414352330355796,33.976109677640174,-0.0001944150369259
2,399,524.578,3.7244877130853453,27.36901362734193,-0.000520310468151009,5.093001156945743,0.2929339357577365,0.17744056117677182,1.38383794723278,68.59092282212131,2956.359,3.412701167144591,33.84150372451663,-0.0001931307775164
2,403,524.266,3.7219568125219222,27.624379470134954,-0.0005220372463502994,5.043678599106563,0.29283115162620055,0.1773359257244759,1.37368142381951,68.08750743669,2956.344,3.410409522809144,34.1008464215818,-0.0001930338174544
2,407,524.6089999999999,3.72488179014577,27.90884106325059,-0.0005231752219442572,5.058854683270702,0.2930040843849033,0.17744822598790555,1.37860598918637,68.33159705981836,2956.406,3.414419320260644,34.34663683304219,-0.0001901746770674
2,411,524.7969999999999,3.7228170156091696,27.775953629283485,-0.0005256113106216212,5.045237712986967,0.2930484683841644,0.1780623126653651,1.37376002991086,68.09140360412486,2947.266,3.4131710032395315,34.216231530637586,-0.0001891264971323
2,415,515.188,3.7216155809643903,27.53636366022685,-0.000531902203873189,5.046156705440673,0.2876502096613349,0.17535425652420164,1.36825805839427,67.81869443003508,2937.984,3.4107019261975147,34.041617020161176,-0.0001881115642808
2,419,496.70300000000003,3.72280098169967,27.24458070752972,-0.0005414727173003844,5.029538355835534,0.2774517170410461,0.16957384884564505,1.36330240373175,67.5730638436144,2929.125,3.4089059214760367,33.890212870710734,-0.0001864779471521
2,423,496.35900000000004,3.7226344433079586,27.496771628338458,-0.0005429092842045943,4.996963091541609,0.2772709533586498,0.16949523536992556,1.35809661401726,67.31503513349786,2928.454,3.4134080258317576,34.116762412437,-0.000179701134315
2,427,505.92199999999997,3.7211551263033518,27.924178637722964,-0.0005402230101728651,5.016290772679326,0.28263690725753327,0.17270646468956688,1.35326909099953,67.07575548417674,2929.375,3.411221044859532,34.490493589415046,-0.0001843241411124
2,431,514.984,3.718435046281011,27.96974963711989,-0.0005162667344587674,4.701196853783095,0.287621191075253,0.17480603564592498,1.38416057382375,68.60691404106846,2946.031,3.415521085221368,34.23744800906639,-0.0001876524487607
2,433,562.0160000000001,3.7289812242145253,28.261085674783686,-0.0005131539579719999,5.12290211194685,0.31386835007438085,0.19016335311381935,1.40514677906515,69.64711039275872,2955.438,3.42298383625498,34.41428886050454,-0.0002017947167713
2,437,524.719,3.725173762624473,27.795295555156805,-0.0005289249677970595,5.00810171706506,0.29298170430845394,0.1786201438236671,1.37871902262735,68.33719964359061,2937.625,3.414757022019347,34.16445180476378,-0.0001951204717606
2,441,505.89,3.7233139337518626,27.373283711481307,-0.0005423239915802909,5.016113223107489,0.2824999122241152,0.17271305168384044,1.36826577831991,67.81907707369999,2929.078,3.41435871627236,33.877146811272176,-0.0001842579076031
2,445,496.485,3.722505243844849,27.226911139650568,-0.0005501391283797562,4.991788918514306,0.2772315146622082,0.1701237846404249,1.3573151296618,67.27630029953899,2918.375,3.409188669841805,33.839566254190565,-0.0001871564706122
2,449,487.09400000000005,3.7221327273800306,27.17303933361338,-0.0005573360798404995,4.979997787409914,0.27198637751503996,0.1668237544061056,1.35249346388016,67.03731096833596,2919.812,3.411930366643558,33.818304796930946,-0.0001766734137778
2,453,477.84299999999996,3.7224411681007012,27.10188698714183,-0.0005646134546703501,4.950176404235062,0.26687059652814005,0.1647494743868306,1.34740991516612,66.78534122129697,2900.422,3.4094417183837504,33.812621135472135,-0.0001799344518769
2,457,477.906,3.7204255846891643,27.080779957740102,-0.0005678517686085664,4.9544870746438825,0.2669099936443584,0.16471707380121495,1.33700751308423,66.26973868287087,2901.375,3.408189609747988,33.79894614410012,-0.0001769449487649
2,461,468.313,3.7202484714820248,26.91514351465732,-0.0005753731284742417,4.928015260837988,0.2614917626076969,0.16142117002454512,1.33123529667185,65.98363462621751,2901.187,3.40737851449911,33.702723745621576,-0.0001726298406694
2,465,458.75,3.718499659336501,26.814481166197144,-0.0005836660697937962,4.867569599949398,0.25620018354508883,0.1586469961682644,1.32593037817276,65.72069252661954,2891.64,3.4085862639015,33.63562651984647,-0.0001657827157561
2,469,459.0,3.718728213541725,26.82068625456338,-0.0005859562488530226,4.883416983879243,0.25636968902281687,0.15921434829994457,1.32157874386753,65.50500064349335,2882.906,3.404843616147767,33.69072406179652,-0.0001719889863937
2,473,449.797,3.7204048435784522,26.8228263188795,-0.000592350023781653,4.8695678325298495,0.25117191720187043,0.15600265671036137,1.32122507406611,65.48747074550045,2883.265,3.4081057374178703,33.71317033815572,-0.0001646892668957
2,477,449.64099999999996,3.7187623854380165,26.750776016542794,-0.000595846724663653,4.85936751624476,0.2510381514869795,0.15596456292107197,1.31564853018627,65.2110653386093,2882.969,3.409172854038073,33.65376593260611,-0.0001592585578157
2,481,449.98400000000004,3.7158902879570324,27.331177974263923,-0.0005811819604732198,4.654344430247846,0.2512376156770952,0.1556146374257519,1.32090256975024,65.47148558720653,2891.656,3.411081762218424,33.983578066068176,-0.0001580566890206
2,483,496.5,3.726105707721739,27.61422082653483,-0.0005691367838761346,4.792282875618298,0.27719793229649126,0.17113313227057303,1.34743287672739,66.78647932759047,2901.25,3.416748624671716,33.816348135475515,-0.0001786394042949
2,485,468.14,3.724424127931141,27.265535620643192,-0.0005889277223492866,4.711416600525087,0.26145230657765944,0.1618907612572937,1.32601280723536,65.72477818237311,2891.703,3.4169689184247174,33.60692030225909,-0.0001631475048651
2,489,449.641,3.7211390583635207,26.960738960982884,-0.0006012218354755363,4.640731004857795,0.2510245951845308,0.15596202032871131,1.31011867848311,64.93697426302657,2883.016,3.4105763913818787,33.47350597721994,-0.0001601500794561
2,493,440.125,3.7194357942669414,26.63869554941395,-0.0006115887055292193,4.6375564201984645,0.24577074628332793,0.15316937496454613,1.30521620229393,64.69397950587184,2873.453,3.4113335283009314,33.209178727620106,-0.0001523924400711
2,497,440.406,3.719709118842649,26.96840948078336,-0.0006132575205716782,4.601927900113161,0.24595484372040807,0.15323634296220187,1.30040619513558,64.45556804271465,2874.031,3.4081283345557187,33.58088963686094,-0.0001577303851813
2,501,440.266,3.720707953100596,27.238907445235082,-0.0006150636184261397,4.600315928286335,0.24585635645921844,0.15317681163050748,1.30023573584112,64.44711910522597,2874.234,3.412573242269913,33.76400861956033,-0.0001514381946157
2,505,430.875,3.719426104414581,26.959547846278625,-0.0006249370060919334,4.5714137499551875,0.24057711323926165,0.150393510051016,1.28950667224808,63.9153253541329,2864.984,3.407693686560286,33.57003564415372,-0.0001527782850952
2,509,421.64,3.717070718853555,26.601712427030296,-0.0006355886321481245,4.5302783880870265,0.2354255305286138,0.14767995298226713,1.27925305738479,63.40709756117343,2855.093,3.407349960804196,33.272050895552354,-0.0001457809749569
2,513,412.094,3.718241732549588,26.370908424292878,-0.0006459326794453887,4.531344560955336,0.2301053944564974,0.1443095644561173,1.27920781717146,63.40485519747241,2855.625,3.409292163767801,33.12740933210319,-0.0001385899365797
2,517,412.016,3.719664140192933,26.646509541346354,-0.0006472497664694836,4.521613013709118,0.23008222288542532,0.14428381625679282,1.27403676090292,63.14854807557744,2855.594,3.409549235480477,33.439116773449626,-0.000140587522514
2,521,412.39,3.7193109727848985,26.757375076492043,-0.0006497708304101552,4.502477924503108,0.2302850158321032,0.14482848962066588,1.27412739230015,63.15304028594434,2847.437,3.410318915287339,33.482874768414376,-0.0001392110874161
2,525,402.875,3.716279902145884,26.45753478709995,-0.000661895606389095,4.435735866674705,0.22499924921554,0.1414907142054394,1.26376394264408,62.63936845251047,2847.36,3.409269478846637,33.22136307064441,-0.0001307233382833
2,529,393.344,3.7171332836108437,26.126256410944777,-0.0006731760270595094,4.420294512472516,0.21964617567338054,0.13863183953353295,1.25813736889552,62.36048327920517,2837.328,3.409437443506909,32.98562738901426,-0.000126994855627
2,533,393.547,3.7153513369069233,26.00090741130238,-0.0006775423437335927,4.481364811667806,0.21978324126932985,0.13870568336375566,1.2532598640553,62.11872624491582,2837.281,3.403885091976961,32.97018278153956,-0.0001311407746937
2,537,393.25,3.7185689751750615,26.350999208856038,-0.0006784304241918923,4.438791185263241,0.2196018192361876,0.13854075106173475,1.25323133154934,62.11731201074328,2838.515,3.4065929107527846,33.31018716138479,-0.0001316958704144
2,541,384.28200000000004,3.718427605578792,26.337507602462853,-0.0006886147810699134,4.374356608738914,0.21465902284078756,0.1358689656928051,1.24808749603136,61.86235410492132,2828.328,3.4095930016592684,33.23406652671602,-0.0001243607963477
2,545,374.67199999999997,3.7109020259648573,25.968260526436822,-0.0006804327038402375,4.351823758229941,0.20923821315065885,0.13200740593284982,1.25343542849448,62.12742822257309,2838.265,3.409409922814414,33.117656712920734,-0.0001172200252565
2,548,440.344,3.7261007648226827,26.85334351641086,-0.0006382232226860165,4.811314488061953,0.24589683432591575,0.15372203702714599,1.28980487732669,63.93010610326108,2864.547,3.4195489282896943,33.78417036686004,-0.0001442094140247
2,552,411.938,3.7196771560020365,26.711000383376152,-0.0006660482896602758,4.64801570161687,0.23000767628966837,0.14472296487831957,1.26354020217588,62.62827859533666,2846.39,3.4151799904188,33.806439563441614,-0.0001301355372243
2,556,393.469,3.720002163704145,26.450318565957094,-0.0006888998190171189,4.54165018952942,0.21971122948430266,0.13864457293226246,1.24797617068429,61.85683618405182,2837.969,3.4154594925159083,33.63735785291911,-0.000120121134805
2,560,384.031,3.7180268194941806,26.304429675886983,-0.0007044672322216557,4.505700817603763,0.21447132977798045,0.13531003933539948,1.23212028779433,61.07092794836815,2838.156,3.4130336456755868,33.58195933847606,-0.0001139129250099
2,564,374.312,3.7190512156998725,26.170178664086585,-0.000718590348255246,4.473601973710114,0.20907652697007992,0.13227306249852025,1.22711376662135,60.82277612678393,2829.843,3.4094524356574096,33.56245583951572,-0.0001150401372462
2,568,375.094,3.716913598605011,26.145679151698737,-0.0007242156747865247,4.494215508111132,0.20946243222048244,0.13255961478994566,1.22173975813774,60.55640953242813,2829.625,3.4138496008165014,33.5111267532655,-0.0001038939608364
2,572,365.078,3.7178955238138927,26.120317409524127,-0.0007376389569824153,4.401985726835484,0.20386172427666643,0.12948613499787368,1.21110267891517,60.02917505279337,2819.437,3.410900672125043,33.53675907012135,-0.0001053009963351
2,576,365.157,3.7165571213019164,26.05241986639527,-0.0007437734008046582,4.414850604571615,0.20390577810598026,0.12950763216778105,1.20561597651317,59.75722270334661,2819.579,3.4105744140130074,33.49803069556778,-0.0001015259158683
2,580,356.062,3.7182587386947548,25.99105649994074,-0.0007571590877075607,4.372288411878728,0.19884821777467643,0.12668215999590135,1.20089362627173,59.52315601830062,2810.672,3.4096514247359915,33.516977262709986,-0.0001008438532295
2,584,346.969,3.7185402256991287,26.00050265822222,-0.0007710943906609278,4.28312979900188,0.19376576151187866,0.12341129332007818,1.19059039855583,59.01246912863032,2811.485,3.4128578373442537,33.531923269271225,-9.170142371375772e-05
2,588,346.391,3.718482573929487,26.04356147814954,-0.0007766704661234359,4.2923887022348595,0.19338969805812964,0.12360415383550373,1.18517925104194,58.74426171153606,2802.422,3.413450901705652,33.567636169584304,-9.054035154467215e-05
2,592,346.59299999999996,3.7178008891724104,26.089520628536178,-0.0007822093500484018,4.2886458810775,0.19355184463364258,0.12371141748092623,1.17967068181446,58.47122551716232,2801.625,3.414388187503409,33.60493096509702,-8.64367286305255e-05
2,596,337.23400000000004,3.7185520411338886,25.947783415929447,-0.0007976352315423801,4.224584682564458,0.18828645476882122,0.12035341507642137,1.17459528367539,58.2196597592319,2802.031,3.412419038813061,33.54281440778599,-8.377869250127949e-05
2,600,318.297,3.714030770299794,25.846092346147188,-0.0008259560887080859,4.034571541522528,0.17771736609691796,0.11394649511883412,1.15381833159625,57.18983519098029,2793.39,3.414810305745517,33.472459360982775,-6.844544929053148e-05
2,604,328.14099999999996,3.7189195925820138,25.975043978115178,-0.0008194472242715685,4.1481542832420715,0.18324961576307822,0.11747052864082709,1.16440095573723,57.71437056534329,2793.39,3.4166177332601,33.58210389885497,-7.301842034318162e-05
2,608,327.82800000000003,3.7186691368691234,25.996728929673715,-0.0008259234519363553,4.146119793412403,0.18308287603194423,0.11739651242531295,1.15879749479161,57.43663099473362,2792.485,3.4121341541171764,33.6634605108384,-7.636737462465426e-05
2,612,337.234,3.7132356374589843,26.773397269727074,-0.000774636184567344,3.8480229075382475,0.18834456571468614,0.12035405936297293,1.17497488347692,58.23847489632371,2802.016,3.419700177568569,33.730546074122294,-7.984939661928298e-05
2,614,384.094,3.725072640878666,27.29984362808647,-0.0007497628367711287,4.330588336487974,0.21465409925816137,0.1361847120433699,1.18567523279294,58.76884540363096,2820.39,3.4234687742187893,33.8912822372509,-9.47539428312169e-05
3,2,1370.875,3.749461752465122,28.9203747656355,-0.00024517041052043797,7.643034471002469,0.7578470739449688,0.37148728237829903,1.89105229539079,100.45351791563915,3690.234,3.522006703394617,32.62485875142121,-0.0002393785934269
3,4,1389.4850000000001,3.7511876803904274,29.176336680863507,-0.0002454537818845102,7.550946805011737,0.7680069741377391,0.3783646085442976,1.88063702768686,99.900254379013,3672.344,3.531949043431712,32.738209593287145,-0.0002339275724125
3,6,1390.0,3.7528687106163052,29.160340960553736,-0.00024654175203218807,7.470280127821457,0.7682122570731201,0.38065078138842234,1.88066267170114,99.90161660017114,3651.641,3.5344025220217845,32.68511456550919,-0.0002360076201041
3,8,1408.328,3.75132156636039,29.08900098826968,-0.00024612655090180876,7.476358795714535,0.7784971923855158,0.38780216672545675,1.88077090098334,99.9073657865712,3631.563,3.53492504932652,32.554748499572646,-0.0002391706919943
3,10,1389.453,3.7532124880317306,28.961728303873095,-0.0002481572644532019,7.436032448909128,0.7680220876510765,0.38285675079604936,1.87945087282851,99.83724531860553,3629.172,3.534536640068787,32.46787845303298,-0.0002399462135813
3,12,1408.0,3.751842264676045,29.003715960952366,-0.0002472044729921487,7.507220851731766,0.7783287183728693,0.3855125057464089,1.88070035171174,99.90361817867274,3652.281,3.5411626672196816,32.48624734055599,-0.0002269398514557
3,14,1407.6100000000001,3.7533832446262125,29.08024513956592,-0.0002476740536411719,7.460159312662455,0.7780287030226749,0.3855591115220986,1.87993525235661,99.86297576917136,3650.828,3.541165612176161,32.55779966353037,-0.0002291908826782
3,16,1409.5,3.754870418580427,29.100818804738875,-0.000248674155410931,7.400127964639328,0.7789066383457175,0.3945468281878026,1.88150881240388,99.94656396119812,3572.453,3.549458117635797,32.45374435641106,-0.0002315991240694
3,18,1408.516,3.754743760437973,29.04466171204569,-0.0002491846642004795,7.3943283588777895,0.7784467373582944,0.396698693232738,1.86969078703858,99.31878532934633,3550.594,3.5502805464079743,32.373246444985035,-0.0002337234672534
3,20,1408.703,3.7546448586280063,28.966025284516782,-0.00024960368716064614,7.3815326254275995,0.7785925410873109,0.39667807110172476,1.8700523801392,99.33799331164263,3551.25,3.5481347674910286,32.30534276235138,-0.0002368170439452
3,22,1408.484,3.7541251761077636,28.85241072283068,-0.0002500325082288936,7.424972472509893,0.7785936559455466,0.398975709935557,1.87004423941886,99.33756087304828,3530.25,3.548427214895644,32.183319483399806,-0.0002389829215049
3,25,1408.047,3.7549328716137476,29.11765394883085,-0.0002509450165927446,7.410541110100922,0.7783721219814762,0.4033344447576293,1.85965189877664,98.78551523188162,3491.016,3.5560433603714667,32.378853181816005,-0.0002342146444273
3,27,1408.813,3.755597460762781,29.090893741593607,-0.00025141598312114087,7.32892097230453,0.7786295248959341,0.4059651077247059,1.85907465608622,98.75485184986668,3470.281,3.5604849642800684,32.2913249500013,-0.0002314690910801
3,29,1408.047,3.754315581223143,28.914508952828463,-0.00025138290086810253,7.382331483095776,0.7781767548364961,0.4057772334293948,1.85900845777092,98.75133536665352,3470.0,3.5562872542469752,32.14782797344657,-0.0002363617518806
3,31,1389.7179999999998,3.756139794559045,28.799056187937822,-0.00025363025675302674,7.284230186709024,0.7680985605116619,0.4027821373058609,1.8593622586957,98.77012942519043,3450.297,3.5647746218187324,32.01380948237792,-0.0002249162577282
3,33,1389.6560000000002,3.7556466158318904,28.689659939462715,-0.000254079852588451,7.336666883856491,0.76802645462753,0.40521757843265616,1.8587355450601,98.73683812511632,3429.407,3.565438928797127,31.88131010347136,-0.0002266484737427
3,35,1390.078,3.755288658304172,28.679668376938366,-0.0002543338929232452,7.3578240909923025,0.7683112233571718,0.40770920174431086,1.84781729132214,98.15685575226132,3409.484,3.565961679108638,31.854304304240515,-0.0002284829937096
3,37,1390.672,3.754891205971418,28.71902289860155,-0.00025467763587320823,7.34479974989031,0.7687426311538718,0.410176668273153,1.8485252916137,98.19446503474695,3390.422,3.572496559005355,31.85655540457676,-0.0002195865559084
3,39,1389.3429999999998,3.7547300936089316,28.72266333520622,-0.0002550616647518253,7.338160210572944,0.7681260316348099,0.40980172439983586,1.84837895185003,98.186691403046,3390.281,3.5699492020415136,31.86718260708393,-0.000223655615551
3,42,1427.578,3.7555158858671547,29.065544500929498,-0.0002472714056503262,7.230721379113714,0.7887786351784166,0.39746206150009994,1.88078054376098,99.90787801510066,3591.734,3.5464338449590023,32.35216872128999,-0.0002377494889186
3,46,1427.188,3.757482787364328,29.352759760762297,-0.00024794628902962155,7.251140588070566,0.7887659884094221,0.40176482991146295,1.88147215974436,99.94461695603135,3552.297,3.5531968089006387,32.60219299451182,-0.0002370499505689
3,50,1428.047,3.755355493060832,29.015920097734476,-0.00024848681755012175,7.225185517121904,0.7890514324884361,0.404365130828202,1.88109543132448,99.92460497901308,3531.578,3.5599340214678805,32.19571819720114,-0.0002259480773377
3,54,1409.141,3.755734016969534,28.628568247423228,-0.00025034390841389135,7.1950531826987785,0.7786363579441379,0.4034292925634722,1.871008964978,99.38880751306714,3492.907,3.5595604968238,31.805988160181123,-0.0002308844304144
3,58,1408.281,3.7544761589248545,28.492054977136604,-0.00025083388531182174,7.229702922038349,0.7781604075292562,0.4010375345213598,1.87019951519414,99.34580918956073,3511.594,3.552385161941813,31.737001978644926,-0.0002372144458291
3,62,1390.233999999994,3.7559639185506817,28.400271413358276,-0.00025299970694000427,7.194593216809832,0.7681669110643676,0.4050872728724309,1.8706715362801,99.37088315432128,3431.9370000000054,3.5707670304281067,31.51707667966367,-0.0002190498402862
3,66,1389.2659999999998,3.7552024443668706,28.30439915221911,-0.0002535969579443108,7.170788226648586,0.767830414279165,0.404901016430471,1.85961246440202,98.78342046080256,3431.125,3.565722484743929,31.442860781038384,-0.0002263361225529
3,70,1391.031,3.754191786445738,28.209623131131604,-0.0002541033021111184,7.219995596896155,0.7685805743439804,0.40763936061535466,1.86003390971835,98.8058078187501,3412.406,3.571283506748709,31.32326275303232,-0.0002180317823421
3,74,1371.094,3.7557510645513332,28.121314259907184,-0.00025610712939174124,7.1666953566809255,0.7576398659328533,0.40199924472716353,1.85916531091608,98.75966747373796,3410.688,3.56797162748914,31.28571570579735,-0.0002230418463692
3,78,1371.312,3.75570677422256,28.15463653759281,-0.0002570252651593621,7.176491807157415,0.7578252347115962,0.4020596249821885,1.84813981787783,98.1739885027512,3410.718,3.5646314038791784,31.331850868998004,-0.0002285707585109
3,82,1372.281,3.7544762970125154,28.17252654755954,-0.0002571437708110005,7.179674771260775,0.7583352480005972,0.4044782370717999,1.84920170212616,98.23039625446908,3392.719,3.568983888921194,31.32285733932258,-0.0002217861758737
3,86,1404.907,3.756432516829362,28.384169918470217,-0.0002533989484425557,7.12077603963883,0.7765775551708415,0.40479394192248647,1.88346774379508,100.05062324611636,3470.672,3.564620688944316,31.60843645212248,-0.0002154498467036
3,90,1395.922,3.7558958575164727,28.71207749220912,-0.00025563917415156193,7.021130408563874,0.7715294570427613,0.4088686096431016,1.86282111179058,98.95386520139344,3414.109,3.569438814221784,31.782101501165204,-0.0002144408298415
3,94,1377.0620000000001,3.755449278312052,28.43814138173952,-0.00025830260596534455,6.952410937084242,0.7609892656684211,0.4055885643901027,1.85208503965235,98.38356039411237,3395.219,3.568742147335628,31.51504198920288,-0.0002142956916249
3,98,1358.125,3.7545823959154685,27.997216101176395,-0.00026054664168379877,7.000383220581373,0.7505387792160623,0.40110011813349083,1.84695046482087,98.11080955264678,3386.0,3.5642424070467817,31.13866351339678,-0.0002184327319814
3,102,1349.1399999999999,3.7545474415309825,27.975811868750522,-0.0002624454663652916,6.893060659451454,0.7454667649403275,0.40055376972834345,1.83682843116902,97.57312273601715,3368.187,3.5653038098527605,31.068710515588776,-0.0002172686748408
3,106,1358.7649999999999,3.754958351995761,28.452401679661076,-0.00026182636100386097,6.992417628924709,0.7508620471622084,0.4034019284700198,1.83716196196723,97.5908400366413,3368.266,3.565432167703823,31.618244836823447,-0.0002196228779011
3,110,1339.625,3.7549677486310062,28.170476296586607,-0.00026453018588862417,6.898597789612925,0.7401960890800606,0.3988499782208634,1.83167225837189,97.29922460125108,3358.719,3.5622303163451425,31.3315280636684,-0.0002227924321928
3,114,1330.25,3.7541509706450062,27.954821993592272,-0.0002661396823231891,6.970412199877192,0.7350754156030217,0.39833807456206016,1.82114709513178,96.74012336609094,3339.5,3.564481026852489,31.132569191182142,-0.0002187722198058
3,118,1320.891,3.7559162639303465,27.686968599932552,-0.00027040900729999366,7.0485618808094195,0.7298702425307826,0.396513336525314,1.81650609151151,96.49359124138364,3331.265,3.561614556780574,30.972969676157927,-0.0002215286483174
3,122,1320.984,3.7560454282554865,27.89266973760889,-0.00027098154640608536,7.109576155378164,0.7301174096326316,0.3977444215744486,1.81138156015046,96.22137391342224,3321.188,3.5630587459190144,31.1990648511682,-0.0002206189950854
3,126,1320.969,3.755254143601406,28.474918964059974,-0.0002689867716643743,7.039029950208395,0.7300089210486516,0.3976613591727968,1.81160563339396,96.233276781278,3321.844,3.5629534367704405,31.722267598269813,-0.000223844187935
3,130,1321.188,3.7551907494043806,28.692928707704702,-0.00026977973359103237,6.948949704505168,0.7301652309238986,0.39893013767623203,1.80605489555574,95.93841918044076,3311.828,3.563446012076242,31.900827580605675,-0.0002241515458115
3,134,1295.812,3.757829779434908,28.27347830383358,-0.0002737469244965785,6.824640521592787,0.7160578218669352,0.3894378508567222,1.81320418269941,96.31819241353496,3327.391,3.563998342345823,31.5372402498617,-0.0002293600796838
3,136,1302.4379999999999,3.755603755835812,28.120180704520426,-0.00027328334464565347,6.73709354110694,0.7197964190324116,0.3932389273441024,1.80626419382835,95.94953719543624,3312.078,3.5604902283110547,31.24662583059252,-0.0002259908437386
3,140,1292.437,3.755086245092447,27.682524337053767,-0.00027729540121437915,6.876402949277452,0.7141717230106241,0.3924596103695768,1.79583102499005,95.3953227427902,3293.172,3.5567002097886946,30.939399361884792,-0.0002281880794921
3,144,1282.8439999999998,3.75504471433041,27.605369876424817,-0.00027929936534562506,6.884239262358982,0.7088344319108344,0.39166886491978814,1.78588526003905,94.86699939598208,3275.328,3.5584127263446006,30.88485700435457,-0.0002260365852623
3,148,1264.5320000000002,3.7556887111522137,27.570439252606132,-0.0002815055289367804,6.88062151652586,0.6987871687304545,0.38729733636833635,1.78032686045028,94.57173479963342,3265.016,3.556136820956992,30.920682316695828,-0.0002288026800456
3,150,1358.563,3.75840946757684,30.892706716415656,-0.0002662646222323397,6.490541075783483,0.7506167726708713,0.40810715252346325,1.81507568995756,96.41760769059738,3328.937,3.568999942180493,33.8805778170798,-0.0002198849519729
3,154,1358.219,3.7586226221464143,30.009904050957893,-0.0002690450589794911,6.716329761691988,0.7504988167043208,0.40796349705911156,1.81570251548458,96.45090493439226,3329.266,3.571059290544873,33.038339318294426,-0.0002205619591192
3,158,1321.094,3.7569176899691,29.176695966170506,-0.0002732193998285818,6.718753311341292,0.7299843410792793,0.40014005419830934,1.80024321780567,95.6297003383392,3301.579,3.566692128462209,32.27329169539202,-0.0002224368088562
3,162,1292.625,3.7568724060756846,28.733805097979523,-0.00027697679447501893,6.792058393266906,0.7143159798773202,0.3936653568090516,1.79044762056093,95.10935396520227,3283.563,3.563327431073248,31.937919783481355,-0.0002255778876203
3,166,1283.75,3.7574830927760923,28.369291707043296,-0.0002815135008059431,6.895619536134877,0.7093351852450658,0.3919697721461013,1.78034303230013,94.57259385530976,3275.125,3.559014621482901,31.688686599521045,-0.0002284659298668
3,170,1273.891,3.7576617402928787,28.394414254780322,-0.00028354264106556686,6.924923721130234,0.7039236322466507,0.3900873208935663,1.77532876959681,94.30623404626093,3265.656,3.556694583634292,31.779120691032947,-0.00023233945093
3,174,1273.6879999999999,3.757753550880244,28.71973039099425,-0.0002841810786077252,6.939751104844081,0.7039506562241278,0.38997297382530133,1.77026297347329,94.0371367595855,3266.093,3.555013984911923,32.133873372089305,-0.0002348660020065
3,178,1255.219,3.757471863424093,28.489919276971715,-0.0002868806103085354,6.873234355179179,0.6936846259059465,0.3853208840635144,1.7600810618542,93.49626919937222,3257.594,3.552637375406741,31.889431533099835,-0.0002354532086934
3,182,1245.9060000000002,3.7558458935352474,28.34566316709307,-0.0002884323419180581,6.872438095048217,0.6885331222760318,0.38352172771412124,1.74964759353769,92.9420388383138,3248.593,3.547186025484395,31.81736328028127,-0.0002417764186334
3,186,1236.0780000000002,3.7559359858823997,28.208197803422436,-0.00029068715249441773,6.919774451990847,0.6831025346470706,0.38165091272416724,1.74965007505931,92.94217065781828,3238.766,3.546814755244375,31.72316205746117,-0.0002418309276869
3,190,1227.4370000000001,3.7565062624551686,28.340738650258515,-0.0002920478376772191,6.958229075551106,0.6783103329534849,0.3788222113859278,1.74502873921468,92.69668329388116,3240.14,3.544785017297265,31.957150654392294,-0.0002438641641471
3,194,1227.125,3.757595141988666,28.78438622549815,-0.0002932818619944156,6.77682813539991,0.6782021895621402,0.37990204045745823,1.73964574552867,92.41073633514534,3230.109,3.546521542096416,32.29917704213345,-0.000243590167041
3,198,1217.5310000000002,3.7563824264206707,28.589165989394044,-0.0002949220988811799,6.783671796223668,0.6728605316364316,0.37697014131917894,1.7285642277718,91.82208130681248,3229.7810000000027,3.540832547654255,32.128842946565555,-0.0002488568126756
3,202,1208.703,3.7560660261922783,28.444994137600457,-0.00029722797607665505,6.8295156988404315,0.667897547517192,0.37625359186345453,1.72390032458842,91.5743327473832,3212.469,3.542992511358393,32.021134355757404,-0.0002454649756342
3,206,1189.375,3.7558823963863786,28.206496157258467,-0.00030026077239829577,6.734070285078666,0.6572791362248182,0.3701506184296806,1.71397887764852,91.04730118386937,3213.219,3.5360811169860216,31.85904886148665,-0.000252186991152
3,210,1189.625,3.7559263005978094,28.430356229970776,-0.0003004421277529757,6.904025415124682,0.6574297958080442,0.37134260504972877,1.71397019970046,91.04684020750553,3203.578,3.5392436935272635,32.16100333536097,-0.0002485062701847
3,214,1180.172,3.7565889165474333,28.58859766208853,-0.00030319556865813417,6.437503621150739,0.652118326360332,0.3693664567113963,1.70365211736388,90.49873919973382,3195.125,3.534823706293257,32.10276048728767,-0.0002554423430217
3,216,1180.7340000000002,3.7568875894957787,28.62351466799195,-0.00030381347274762956,6.78490238795256,0.6524696442156436,0.36952060721437996,1.70401374743825,90.51794914609178,3195.312999999994,3.5366477402090606,32.33880662180898,-0.00025286433189
3,220,1161.86,3.7558498194229144,28.430661914473113,-0.00030603845960289606,6.784697170286524,0.6421173060082033,0.36464271849108854,1.6935716157343,89.96325858213598,3186.297,3.535206284098092,32.21373014824893,-0.0002505287330199
3,224,1152.109,3.7552311547226727,28.273291146570365,-0.00030779822828887996,6.809063202623566,0.6365376792969668,0.3627047025630596,1.68765773638777,89.64911074691454,3176.438,3.53298522375534,32.09949526722965,-0.0002525997769247
3,228,1152.079,3.7544223408705912,28.27633502025105,-0.00030870440980062494,6.809993294810781,0.636666357412169,0.3637080268835043,1.68307443565832,89.4056438247883,3167.593,3.532158560934324,32.11305439113157,-0.000253865396352
3,232,1142.766,3.754932783665284,28.32497072213725,-0.00031053839986039513,6.8136940027381385,0.6315018602612307,0.360753589570287,1.67792701420255,89.13221056506995,3167.719,3.5308376380023527,32.20371989479744,-0.0002541818896886
3,236,1133.5940000000005,3.755573162984661,28.339200799782496,-0.00031254537669839666,6.762824049028719,0.6264564180825843,0.35883697711800805,1.67320602759662,88.88142970948275,3159.077999999994,3.5296958440720005,32.23340825772458,-0.0002562530321304
3,240,1124.141,3.7550570423017318,28.288146747400273,-0.00031410167723240374,6.770630368452679,0.6212215025328091,0.3570028731315673,1.6674367208254,88.57496163215028,3148.829,3.5281819372126093,32.212169716369466,-0.0002573375930393
3,244,1123.953,3.7540165814081257,28.271376828405334,-0.00031496412278918934,6.7645596403260555,0.6211375428747294,0.35691313120535617,1.66226626306675,88.30030467403411,3149.094,3.5265730179666974,32.21746401954225,-0.0002575226927093
3,248,1114.656,3.753991912662668,28.25466710551664,-0.0003166126269214345,6.775131133096831,0.6160574102566204,0.35492415811640454,1.65742430657631,88.04309784572763,3140.547,3.5245022548553444,32.23410177209762,-0.0002602029569486
3,252,1105.563,3.7539632323547534,28.227588282988574,-0.0003183204520646469,6.730968330588539,0.6110080238937065,0.3530317327266196,1.65253868492873,87.7835715053401,3131.625,3.5228548406546385,32.228343983674435,-0.0002621609210761
3,256,1096.078,3.7541508577993645,28.164973035250583,-0.0003203630359378434,6.699757932157059,0.6058294928656915,0.35109245727050803,1.64721746275733,87.5009058762453,3121.907,3.522282912123785,32.1833106060944,-0.000262630728572
3,260,1086.515,3.7540646799863095,28.10008002675724,-0.00032248564090557277,6.701560896990994,0.6003693535621925,0.34800496456740204,1.63641368108981,86.92700430940862,3122.125,3.5189923820688493,32.17200142078129,-0.0002649550269198
3,264,1086.453,3.7543300803245034,28.04150726691922,-0.00032428480177913217,6.599913493724504,0.6003248991314696,0.3480356039968325,1.63625543120485,86.91859800690037,3121.672,3.51778442795708,32.03316223587618,-0.0002661343258032
3,266,1105.515,3.754813545531578,28.616279355561247,-0.00032053022664888577,6.649924517828623,0.6109591084116985,0.35423408932153316,1.64111917921838,87.17696241036246,3120.86,3.521222605727349,32.506671891788216,-0.0002666993924943
3,270,1067.9840000000002,3.7538008547259953,27.956883060903454,-0.00032610525752958634,6.556489658910664,0.5901572011304561,0.3440860769346756,1.6315700789657,86.66971006432802,3103.828,3.5172227884430147,31.96103948562093,-0.0002652851205062
3,274,1058.672,3.751917792872096,27.637029365312248,-0.0003276518617118589,6.701020006684477,0.5848889734428597,0.3420484159770269,1.62121328298724,86.11955257111292,3095.094,3.5125010864221813,31.798082670491866,-0.000269748379484
3,278,1049.594,3.7528885044236433,27.70669341457354,-0.0003298425119520881,6.687999217505791,0.5800209290035769,0.33904013236078395,1.61642732147621,85.86532022039283,3095.781,3.512961463507468,31.95802833708937,-0.0002676785000385
3,282,1058.641,3.752652851649695,28.18984926117773,-0.00032878065478385076,6.705006207967319,0.5851017272768775,0.3421230716330008,1.61582351016192,85.83324550155743,3094.328,3.512520410039196,32.41813169746276,-0.0002702709121001
3,286,1058.875,3.753463684685255,28.4799116733111,-0.00032956958679486545,6.641296954317163,0.5852220479499344,0.3430631346323753,1.61672418029789,85.88108948972226,3086.531,3.5151454557578807,32.64044972789331,-0.0002682871094952
3,290,1049.1399999999999,3.753366333947204,28.36766007814169,-0.00033162085430724227,6.637740844184773,0.5798303928432,0.3400089122949159,1.610865586373,85.56987844007078,3085.625,3.513443179473182,32.56399373078006,-0.0002678595597538
3,294,1039.593,3.752575670145781,28.116276442085535,-0.00033434744723909637,6.5888231107994315,0.5744894638698934,0.3389384400054382,1.60066033743094,85.027771191142,3067.203,3.509708940257453,32.28305350922276,-0.0002739838003451
3,298,1021.3439999999999,3.7517659207016227,27.78662841054177,-0.00033727543295782644,6.574526081926585,0.5645008783962824,0.3339736972300637,1.59591744870057,84.77582688520748,3058.157,3.5042771471757,32.06065237439007,-0.0002789060084733
3,302,1021.5469999999999,3.752202811998619,28.014945023665724,-0.0003372045412247744,6.676818887264933,0.5646427681345814,0.33396854726606273,1.59621795194622,84.79178974791847,3058.812,3.509207943122176,32.365261126964526,-0.0002707371311764
3,306,1030.64,3.7524165237019407,28.39181551750983,-0.0003365296300829095,6.627890437766688,0.5695267045434272,0.33696704808574446,1.5958065114634,84.76993385106519,3058.578,3.5095064920492853,32.68851871366292,-0.0002726005106007
3,310,1021.0160000000001,3.7532572688122254,28.430994676037265,-0.00033841177123004494,6.583392074937915,0.5642293909549395,0.33483311732945753,1.59065078214807,84.49605927424464,3049.328,3.505203266169396,32.747733642524246,-0.0002811348879224
3,313,1133.562,3.7646561860147605,28.632677457917964,-0.00032120608097380897,6.793616115735144,0.6265457244358058,0.35677805023827436,1.68882111618555,89.71090998622898,3177.219,3.528118234591976,32.50500516961017,-0.0002716185478545
3,316,1086.7350000000001,3.7556578907111513,28.907994072460212,-0.00032604791987309853,6.665641840816438,0.6007086382157699,0.35249990512293966,1.62599382797332,86.37349719367897,3082.937,3.519590928396835,32.91993878980996,-0.0002728129826725
3,320,1067.8600000000001,3.754975157873523,28.88274141989033,-0.0003295778227761367,6.580209991178005,0.5902668094501499,0.34735445794215597,1.61574338628129,85.82898928627563,3074.266,3.5146260368096875,32.948305858317944,-0.0002764035914621
3,324,1049.094,3.7542539050261676,28.624160085588848,-0.0003333774489742784,6.563599126145174,0.5797577802749541,0.34217025440313115,1.60566267648465,85.2934976107533,3066.0,3.5115494818370454,32.76906651915661,-0.0002766675929608
3,328,1030.4850000000001,3.7538529942542986,28.38758238476396,-0.00033672778843956737,6.562885729097619,0.5695672421522048,0.3371523770979085,1.59497469215243,84.72574724857897,3056.437,3.510769869032659,32.59734424608833,-0.0002735822640842
3,332,1030.516,3.7522918104864527,28.28134412369657,-0.00033789760927941016,6.565113645560643,0.569582534820514,0.3380715099538452,1.59041024388719,84.48328177752624,3048.219,3.50804494279531,32.52349894408369,-0.0002769787281579
3,336,1021.3120000000001,3.752741377883722,28.307063085467846,-0.00033997421273684945,6.550500870509122,0.5644909163938622,0.3360443377210849,1.58535170629882,84.21457006738538,3039.218,3.507748080950393,32.578228834731775,-0.0002773833276164
3,340,1011.781,3.7528719314145995,28.326099238722172,-0.0003417600370772602,6.518899190294352,0.5592412963354112,0.3329270656228745,1.57997371472424,83.9288888229777,3039.047,3.506667352106726,32.62728298499839,-0.0002763301930908
3,344,1012.203,3.7522108991952607,28.357689046460646,-0.00034294291081427735,6.547355505540715,0.5595287670063643,0.3340190570473951,1.57521854652781,83.67629222648154,3030.375,3.50618439217454,32.652115712561326,-0.0002772745025088
3,348,1001.9839999999999,3.7519900182643777,28.31676092097269,-0.00034474003015707384,6.526990805452787,0.5538114794356496,0.33167295597484275,1.56979848464887,83.38837618926404,3021.0,3.5051004339266254,32.64767456395258,-0.0002781231693454
3,352,992.781,3.752794183298056,28.33130436430072,-0.00034661309911223134,6.493915917776569,0.5487457898232517,0.3285450483991065,1.57025653759504,83.41270816038221,3021.75,3.5054479186890566,32.6993879231031,-0.0002753686795087
3,356,992.907,3.751727159155207,28.338114366229238,-0.0003472705331089005,6.507541300471146,0.5488107928680532,0.3296213978517827,1.56524987390944,83.14675201444969,3012.265,3.500074246846,32.724576765133094,-0.0002851128774003
3,360,983.8119999999999,3.752273255246663,28.31131285654456,-0.00034948099827458474,6.49234910133254,0.5437515467656373,0.3276488930911154,1.55963393356115,82.8484308280049,3002.641,3.5011647157526498,32.70434030242972,-0.0002832575937281
3,364,993.172,3.7532987044813244,28.32984741336796,-0.0003491107230726858,6.500056239715359,0.5489257034273299,0.32973837981407705,1.56498205333921,83.13252526962864,3012.0,3.500407285435189,32.74051962267582,-0.0002815607009609
3,367,1021.5000000000001,3.7552892371042548,29.141729662941223,-0.0003438432404054911,6.5663000701116765,0.5645893155034238,0.33823271337798955,1.57497949984227,83.66359396289195,3020.11,3.507816455272743,33.38712825139849,-0.0002837074989904
3,371,1002.453,3.7529572704900533,28.945132294824706,-0.00034646124704804966,6.5244560548125285,0.5540594693166725,0.33390924970321423,1.56528111687805,83.14841165448959,3002.172000000006,3.5025243992110107,33.270627344923426,-0.0002876318628813
3,375,992.6560000000001,3.7523706513461144,28.772706774539103,-0.00034920353409266904,6.518679103305267,0.5486548814429979,0.3316921191310999,1.55975549747013,82.85488835556158,2992.703,3.505155823274424,33.115074143665915,-0.0002803770293878
3,379,974.078,3.751127295915934,28.517246669037974,-0.0003520255785623029,6.499647541827919,0.5385563519380965,0.3285844205435849,1.5498976856705,82.33123711829187,2964.468,3.498364647513572,32.90572814040102,-0.0002922740320039
3,383,964.2189999999999,3.7521593799437594,28.45806927883535,-0.00035427821361134197,6.518309751555851,0.5329283190297669,0.3231973855113755,1.5438771531345,82.01142381939957,2983.375,3.500140843862167,32.953112654161664,-0.0002820316711786
3,387,974.812,3.7519721711940326,28.77959139003352,-0.0003537106528495362,6.494669206589499,0.5389209666802985,0.32763519070533126,1.54501874886901,82.07206587982726,2975.297,3.49909547013937,33.2282109237263,-0.0002882642421372
3,391,965.1100000000006,3.753125961860332,28.902146557137957,-0.00035540700137494434,6.469193659103915,0.5334321692972045,0.32440835836147086,1.54459401541029,82.0495038543302,2974.9850000000006,3.501035761164061,33.361342590516294,-0.0002833231820608
3,395,955.547,3.7518014466158647,28.637134143634498,-0.0003577887648925087,6.469911130928889,0.5280978946235457,0.32213973872734936,1.53430867217589,81.5031419618624,2966.25,3.497212315865497,33.12431679486816,-0.0002865999860767
3,399,955.312,3.7535204720549618,28.398178053790602,-0.0003640557274854771,6.550509645526578,0.5280213625687296,0.3231380221414247,1.52876039429585,81.20841503507037,2956.359,3.496089957852059,32.991553593266204,-0.000286811809923
3,403,955.1719999999999,3.7509657665194216,28.703013723462384,-0.00035926700697652957,6.4933247191205155,0.5280199510276496,0.32309230590215476,1.52892602491798,81.21721340553746,2956.344,3.495877119417779,33.2318318845246,-0.0002891243505366
3,407,946.0310000000001,3.7523796128802367,28.95292953936108,-0.00036058399612343497,6.439434789109903,0.5229241762275623,0.31999360033770735,1.52909165013312,81.22601148878292,2956.406,3.493116071455022,33.5098123920945,-0.0002938740394549
3,411,955.75,3.753026178772228,28.794180661080542,-0.0003656121283703871,6.520396203383395,0.5281625942542852,0.32428359028333376,1.52390593246612,80.95054391771832,2947.266,3.492655946458748,33.382402850667845,-0.000293137067826
3,415,946.079,3.7526417470236813,28.5653237223282,-0.00036813284815192393,6.507195208401502,0.5229754125574794,0.32201638946978606,1.51866754191006,80.67227833994721,2937.984,3.49208824531703,33.17829959346276,-0.0002922744942221
3,419,927.8119999999999,3.7531332701742497,28.31956372913302,-0.00037162471290966064,6.485382895236661,0.5127867637464997,0.3167539794307173,1.5136482266427,80.40565013650571,2929.125,3.490216477408044,33.01591345323486,-0.0002929920095294
3,423,936.719,3.7528471882468053,28.58563322420942,-0.0003707182350430127,6.51715029036394,0.517700808478386,0.3198680942230952,1.5136050185229,80.40335490244634,2928.454,3.490593195862046,33.271000362987586,-0.0002942697202854
3,427,927.844,3.7520812368822742,28.999667402704514,-0.00036650787420571245,6.4227004607242115,0.5127966138145916,0.3167378707062087,1.5139470614868,80.42152437300291,2929.375,3.4911419366203664,33.61966967517867,-0.0002960040845204
3,431,955.468,3.751859821846067,28.954045942904255,-0.0003586973811652773,6.113956322660979,0.5280866429843984,0.3243238105776891,1.53395991931588,81.48461605871495,2946.031,3.49283645226053,33.29697162630193,-0.0002944822702214
3,433,964.906,3.754666648412124,29.134356526350327,-0.0003585285242477915,6.276160623123857,0.5334231465060694,0.326484940641624,1.53913727986531,81.75963969607048,2955.438,3.5025157522808223,33.393130865360554,-0.0002866128201603
3,437,946.375,3.7545681191365508,28.69381641193574,-0.0003675226567787095,6.291600754119457,0.5229708015075022,0.3221565039785541,1.52362479728387,80.93560989493338,2937.625,3.492953565598811,33.13820710362847,-0.0002952457715189
3,441,936.922,3.752452338986145,28.33104152430689,-0.0003705692682012982,6.330020834125079,0.5177732870687944,0.31986925578629183,1.51358130355891,80.40209515327608,2929.078,3.491746263651724,32.84069778843796,-0.0002915614017636
3,445,927.031,3.7521013443961833,28.20302780494408,-0.00037314420364671413,6.334126179299258,0.5123644456733638,0.3176531460144772,1.50778507498479,80.09419697809993,2918.375,3.490432264232956,32.75739655594484,-0.0002923129015713
3,449,918.422,3.752316749531964,28.167811861059878,-0.0003754044478788186,6.324024958210668,0.5075598624142336,0.31454833393382864,1.50319606760373,79.85042691616567,2919.812,3.488861416967918,32.77234087259374,-0.0002914945624206
3,453,908.828,3.7525622430917944,28.10644407620312,-0.0003777406161928948,6.299662568136853,0.5022632967885597,0.31334336865463025,1.49782205969959,79.56495728605914,2900.422,3.4891932104785104,32.720417557744895,-0.0002930526729187
3,457,908.875,3.751038204785097,28.081844880209864,-0.0003785544073907238,6.296434023090757,0.5022712156668282,0.31325664555598637,1.49284853463352,79.30076147796538,2901.375,3.487878571337592,32.710022803073514,-0.0002917064301719
3,461,899.031,3.7507154852601694,27.940261887273792,-0.00038095403084231235,6.307893187251608,0.4967930934285813,0.30988385098926746,1.49241438986703,79.2776995197187,2901.187,3.486430546073901,32.62076759783716,-0.0002899044412498
3,465,889.64,3.7514417324198903,27.858781526357493,-0.0003837010957783758,6.290908071296382,0.4916045488802255,0.30765932135397217,1.48748277653808,79.01573008127421,2891.64,3.481257277522668,32.57651826255201,-0.0002999403672025
3,469,890.125,3.7502801035697284,27.865895317354404,-0.0003841650324552877,6.307513242183173,0.4918856063815022,0.3087596335086888,1.48253514864041,78.7529099419952,2882.906,3.4823550791204023,32.58396494906228,-0.0002975355280808
3,473,880.703,3.750850306132084,27.87641266215072,-0.0003862615746352636,6.26887637902357,0.48667347353757534,0.30545336623584723,1.4827874322229,78.76631135529045,2883.265,3.4835074286280525,32.623742674615976,-0.000292770238807
3,477,880.3910000000001,3.7498944473744342,27.80287653710231,-0.0003873242480263082,6.298734261874046,0.48650018887801855,0.30537650595618615,1.47697117977506,78.45734950325969,2882.969,3.478976541530706,32.58599202496769,-0.0002987551155386
3,481,890.125,3.749195420472677,28.34239757423792,-0.00037926153679839587,5.96912945622427,0.49171164206205703,0.307825342986856,1.48190155541373,78.71925319505982,2891.656,3.483501191305966,32.864544723781215,-0.0002923166302968
3,483,918.125,3.7533570193637886,28.591276052856006,-0.00037933858335496514,6.200222735681027,0.5074027957102711,0.3164584230934942,1.49813661988748,79.58166685963718,2901.25,3.489970199409661,33.079651096902374,-0.0002935515152706
3,485,898.5780000000001,3.751647330610384,28.333502689488135,-0.000384074093593319,6.175853242554261,0.49656850225200855,0.3107435307152913,1.48207752143929,78.72860058663869,2891.703,3.484801138956006,32.932141650182686,-0.000295381985785
3,489,880.531,3.75068082174199,28.055904112632618,-0.00038755747346305404,6.181744586085042,0.48660167094910106,0.3054200878524434,1.47711553128122,78.46501751785956,2883.016,3.47835437960934,32.755748003791545,-0.000301176591475
3,493,870.875,3.749239105864119,27.765569540460664,-0.00039017163143188673,6.186342785560292,0.481227501649071,0.30307612478784235,1.47207727830565,78.19738333514631,2873.453,3.475694933923807,32.52965474617847,-0.0003022049315893
3,497,871.344,3.7503165688892697,28.104357752158243,-0.0003903369959515008,6.189797763773424,0.48153409927798946,0.30317835820142514,1.47224801365645,78.20645287101384,2874.031,3.481431873453954,32.848065199041,-0.0002930894159878
3,501,871.188,3.7511547807582484,28.34375344288212,-0.00039114538277845056,6.120188127478368,0.48144499737971846,0.30310267013750447,1.46701066722747,77.92824275772597,2874.234,3.479606033623236,33.072327061961936,-0.0002973606349908
3,505,862.093,3.750506550844455,28.101070741264632,-0.0003938796358210822,6.117736734998285,0.47643209184849283,0.30090674153852165,1.46176724953354,77.6497101362114,2864.984,3.47822589673296,32.85096451719535,-0.0002973596378224
3,509,852.578,3.7489482881306655,27.76014163873361,-0.0003966414896374437,6.118616201654184,0.4712186240142823,0.29861654243837243,1.45669526704897,77.38028422735451,2855.093,3.4743233868367187,32.572302329954546,-0.0003001497320882
3,513,842.844,3.7483160475570085,27.560841693414623,-0.00039911035197227873,6.158386889325836,0.46577751410072155,0.2951521996060407,1.45135497275896,77.09660547904922,2855.625,3.4737305453330443,32.450684441760906,-0.0002961274852133
3,517,842.8130000000001,3.749702575451514,27.836409701508643,-0.0003992886212140589,6.169231623468221,0.4659086575550648,0.2951445478593946,1.45161592625737,77.11046744203753,2855.594,3.47481272321405,32.7394359440147,-0.0002967673561875
3,521,843.25,3.749291486941542,27.94420125277612,-0.0003998945139706504,6.11307098678936,0.46603553538134906,0.2961435143253389,1.44681613321737,76.85550035450103,2847.437,3.476096426841386,32.775898242252914,-0.0002952411820241
3,525,833.859,3.748890395405377,27.664875806329793,-0.0004032745368210324,6.0978633523355406,0.46082109022611606,0.2928533799730276,1.44675706077688,76.85236240084764,2847.36,3.4686822529487804,32.5817324044051,-0.0003041120874039
3,529,824.297,3.747074247698973,27.36182855269895,-0.0004056408442525842,6.106003540041026,0.4555231229251534,0.29051875567435276,1.44137974814468,76.56671722215358,2837.328,3.4661964701943586,32.35021153014993,-0.0003041948594863
3,533,815.079,3.747429034190269,27.230519837730093,-0.00040809085620680376,6.147862798920503,0.4505016068084052,0.28727468305042747,1.43624562522082,76.29399038621672,2837.281,3.468183423895935,32.28754240914786,-0.0002971736579044
3,537,814.859,3.7489065126891874,27.5702468382746,-0.00040807400065590737,6.101583360019763,0.45045579931495416,0.2870722895598579,1.43681541539248,76.32425788720361,2838.515,3.4678606629897453,32.603239183227075,-0.0003003125487254
3,541,815.2189999999999,3.7488344370939175,27.59510539393168,-0.00040925726765761477,6.086620750814589,0.45061081258441144,0.28823354292712866,1.436294514586,76.29658741049414,2828.328,3.4662499547181245,32.61208344144242,-0.0003056437802514
3,545,805.625,3.7440142599310398,27.20843411457716,-0.00040132404258280934,6.060393988024579,0.4452145240719378,0.2838441794547021,1.4418575315878,76.59209728582513,2838.265,3.462469269360201,32.26742656599958,-0.0003028077784827
3,548,861.86,3.752077256089094,27.89412193620222,-0.00039547016877480786,6.086064547277534,0.4763857103838031,0.3008713070513418,1.46720634847818,77.93863743061358,2864.547,3.480518309485383,32.637733704417855,-0.0002953618093585
3,552,842.9069999999999,3.749569125016188,27.8184698136987,-0.00039987981721730393,6.0973212188764805,0.4658041083168026,0.2961319425658466,1.45186403678489,77.12364718084329,2846.39,3.4723137993738336,32.665258715232376,-0.0003036263852318
3,556,833.844,3.748537854660574,27.636528442911473,-0.0004034063172786508,6.071991297269292,0.46087220832403225,0.29381716290769916,1.44713797527485,76.8725967441492,2837.969,3.474362108592906,32.502652632323915,-0.0002956423077735
3,560,824.359,3.7484404652985135,27.514783373918732,-0.0004068708669716073,6.080822014766479,0.45559610693998265,0.2904558452741851,1.4417905865624,76.58854113704766,2838.156,3.472282321238876,32.446842086875606,-0.0002946881449369
3,564,814.828,3.748020884805615,27.409265698180242,-0.00040955969029656116,6.0832026435303135,0.45039357846359734,0.2879410624547016,1.43163094791111,76.04885672654179,2829.843,3.4701761898320465,32.39361892904713,-0.0002962047162638
3,568,806.172,3.748014105476546,27.352513177238787,-0.00041196295734602145,6.03894556000429,0.4455517912304321,0.28490418341653045,1.43180842496737,76.05828438472663,2829.625,3.4635011119445216,32.417221778010834,-0.0003049468138328
3,572,805.4060000000001,3.747847898571064,27.377702783755257,-0.0004132114433253649,6.029128098253128,0.44518634842137134,0.285661995639555,1.42625625851069,75.76335089505734,2819.437,3.467453100453348,32.40094040453025,-0.0002990297209929
3,576,796.079,3.747869259710328,27.294738525317836,-0.0004155645321119832,6.047920429549258,0.4399777347835437,0.2823396684398628,1.42608775289249,75.75439980355237,2819.579,3.4675864728547845,32.36314241861482,-0.0002946830706806
3,580,796.328,3.7465623672042954,27.274954670358078,-0.0004162515111516013,6.03325838250197,0.44012114109044365,0.2833229917969795,1.42126335100317,75.49812548326929,2810.672,3.462182535852444,32.382600705235255,-0.0003046852199898
3,584,796.6089999999999,3.746553464329908,27.34281566454066,-0.00041730143469229715,6.048275227006631,0.4403209204317228,0.28334101017789526,1.41632727487951,75.23591897923467,2811.485,3.465962999117946,32.4323818014572,-0.000296624363286
3,588,786.594,3.747160029643169,27.355724139379777,-0.00041969580396652675,6.005959584147334,0.43471861595650424,0.28068363722522877,1.4165781829176,75.24924732301496,2802.422,3.4601727514874407,32.48861829940489,-0.0003077463579674
3,592,786.906,3.7465725875176386,27.401741514192093,-0.000420291262604212,6.0049487828996,0.43494633450721876,0.2808748494177486,1.41084017294252,74.94444174506414,2801.625,3.464226115253961,32.524062377970175,-0.0002982640756847
3,596,777.563,3.7470117972970134,27.30247648253396,-0.00042291405466651734,5.994776419745449,0.42970364881543177,0.27749978497739675,1.41099496283478,74.95266425125988,2802.031,3.458799193390812,32.482615965621896,-0.0003052658923934
3,600,777.3589999999999,3.746651003581881,27.29647483267292,-0.0004240907781788863,6.012572849563927,0.4296244321526074,0.2782851660527173,1.40617142903988,74.69643604452878,2793.39,3.4620805499710854,32.46389583182878,-0.0003002480668355
3,604,777.5939999999999,3.7457597911219267,27.362273560230932,-0.0004245287792762575,6.00411239209636,0.42977401348292577,0.27836929322436177,1.40633584796929,74.7051700493532,2793.39,3.4578782949034514,32.55681404542561,-0.0003061407858291
3,608,767.9689999999999,3.7467246556056577,27.36550344090861,-0.0004268001605472027,5.964034788171581,0.4243947495672801,0.275012757454382,1.40045523990665,74.39278959915883,2792.485,3.461590937144894,32.576296430484255,-0.0002971197943667
3,612,796.2969999999999,3.7460630279209584,28.076966508158094,-0.0004100513221420111,5.5691625074424635,0.44006306486408986,0.28418717095120083,1.42178650460552,75.52591562947222,2802.016,3.462906230864041,32.81804879809979,-0.0003079828081157
3,614,843.172,3.753343084623334,28.5185997143874,-0.00040831654237119444,5.830740303831192,0.46620864822230185,0.2989558181669911,1.43245527206254,76.09264518290325,2820.39,3.47535804252648,32.92941193334214,-0.0003038834956357
4,3,1240.094,3.7404340492760793,28.275073095979696,-0.00025596602242969525,6.913512640884861,0.6920887257998893,0.3610286323496146,1.85500452079108,100.8025811041783,3434.891,3.5275462263272543,31.773285281389256,-0.0002180925575429
4,7,1278.078,3.743336500322574,28.630650098626376,-0.0002553663316432808,6.67341534000532,0.713117162602947,0.37310862549390816,1.843195531709,100.16087022619236,3425.485,3.534835576186522,31.92489159472864,-0.0002192630593703
4,11,1286.031,3.74480416003245,28.063291863823984,-0.0002565362853883782,6.6742590981080845,0.7173885168090339,0.3770937213649525,1.83960184243554,99.96558598273582,3410.375,3.538246596159443,31.31691283374216,-0.0002195374265207
4,15,1275.25,3.745253921512885,27.52569527931322,-0.0002580694499292134,6.648520146007957,0.7113880714560699,0.3745536709490563,1.83067360449621,99.48041766162956,3404.719,3.537697945111872,30.821190751176527,-0.0002199348202684
4,18,1312.765,3.748627957088452,28.7025934362454,-0.0002568413499108498,6.664830511129164,0.7327127465536122,0.38411436426470774,1.83270020694197,99.59054502526398,3417.641,3.542667604586918,31.95346971511436,-0.0002213485528986
4,20,1331.719,3.7501658383926793,28.906053636519477,-0.0002569523911239461,6.544534688885207,0.743048124455438,0.39033128297778924,1.82852888460464,99.36387169185286,3411.766,3.5451037330477333,32.02311236185272,-0.0002231345776916
4,22,1318.4679999999998,3.750370735603437,28.508245797528815,-0.00025874361587559225,6.511342864484774,0.7357005368915926,0.38783991603510615,1.82120118956979,98.96567828327716,3399.516,3.5475142438631493,31.63453315807769,-0.0002186374023245
4,24,1305.8590000000002,3.750228618933602,28.115983471881375,-0.0002605509451188241,6.521476377695052,0.7286385685736039,0.38535123570638147,1.81517001064333,98.63793870309058,3388.75,3.544812433691423,31.288194921595714,-0.0002218970706708
4,27,1293.4850000000001,3.74984525397506,27.873845015053558,-0.0002612433442161741,6.563643815505529,0.7217839616933628,0.382641907510518,1.80429805209676,98.04714689052696,3380.406,3.543478027416409,31.11122470608501,-0.0002228110725256
4,30,1310.2659999999998,3.749549276324704,27.853705094182157,-0.00026003729373602055,6.659072216657059,0.7312169480722615,0.3849035630427764,1.82310023028442,99.06887382997856,3404.141,3.543133206790044,31.13166983979621,-0.0002227040192655
4,32,1318.2340000000002,3.751005583764644,28.3246413599032,-0.0002607071172924398,6.530285835369547,0.7355096379096004,0.3881564399122416,1.81212535202555,98.47248926951052,3396.141,3.545155146280937,31.51305775907457,-0.0002236145704238
4,34,1304.641,3.7511423236481733,28.150476013955142,-0.000263050991289523,6.45863746319311,0.7279080837783161,0.3855215014712948,1.80469163821178,98.068534707018,3384.094,3.545032366549762,31.31102568785445,-0.0002228175277024
4,36,1281.547,3.7506368058185355,27.683063980430347,-0.0002658284410587099,6.432249891536106,0.7149395746526469,0.3802069982816401,1.79084434978629,97.31606084566693,3370.656,3.5440892170496827,30.893964711700164,-0.0002206711782788
4,39,1267.203,3.7488435076074698,27.251007589320967,-0.00026714972592311307,6.467271300005834,0.7069887929894292,0.3773911883297293,1.78347072284193,96.91537145663308,3357.797,3.541317108618481,30.540598970902945,-0.000221682110142
4,42,1272.954,3.752205855560188,27.48009477702084,-0.00026943880029348685,6.548881327444896,0.7105313876994561,0.37851570688801567,1.78093861253107,96.77777434993364,3363.015,3.541197979542517,30.82566018736547,-0.0002267662223429
4,44,1282.859,3.7517465403644192,28.15373775215866,-0.0002689382616401554,6.512500925786167,0.715887352950055,0.38206093752512854,1.7712090396727,96.24906078283864,3357.734,3.541255460524434,31.451400678644536,-0.0002279264425286
4,46,1275.281,3.75298813715844,28.29703207985373,-0.0002712296311008745,6.37277460012314,0.711433069966894,0.38134261032651584,1.76863039967071,96.10893521170082,3344.187,3.5427478949705886,31.518847747922937,-0.0002274622389605
4,48,1249.3129999999999,3.751900307145862,27.826335186476793,-0.0002742141421619164,6.3106985216505365,0.6967888981471336,0.37404928009810867,1.75363048019171,95.29382636269746,3339.969,3.541251093602656,31.11237289077096,-0.0002232715689808
4,51,1225.719,3.749307695074661,27.192607290106107,-0.0002763018026361294,6.384819930479363,0.6836337230553178,0.3683447222822414,1.74621974164151,94.89112029628322,3327.641,3.5350260562177453,30.586452588663985,-0.0002264986987062
4,54,1211.031,3.7507531886804584,26.820237418121568,-0.00028015494447846155,6.33503160650066,0.675533856769902,0.3655563014738997,1.73766473370537,94.42623362260446,3312.844,3.5326627624319777,30.24291302110412,-0.0002315117473236
4,56,1203.8439999999998,3.7493706607666755,26.63686356543914,-0.00028186955444207333,6.394074913947286,0.6716390842340212,0.3645768316530038,1.73151667354758,94.09214261326034,3302.031,3.5333109441755526,30.10270376338569,-0.0002278978484641
4,58,1177.031,3.7482883282983126,26.703414177020655,-0.000284333922104454,6.2970804035170005,0.6565959602194041,0.3560775266544387,1.70859498944706,92.84655809058668,3305.547,3.52738705832889,30.25118485222193,-0.0002289888824263
4,60,1171.547,3.749500540072146,26.6607375752767,-0.0002867171524791694,6.297680754667173,0.653578693408137,0.3561407263337794,1.71146995706821,93.00278636580364,3289.562,3.529602596572045,30.212407704391104,-0.0002283275394973
4,63,1167.719,3.7485408386955794,26.5466891993058,-0.00028775405613486616,6.367588218948228,0.6512572181301366,0.35560023960068177,1.70750213732726,92.78717154289568,3283.797,3.528970769422984,30.12501100963617,-0.0002272993239335
4,66,1203.594,3.750744438134659,26.69149941297205,-0.00028115376462128363,6.417188806388804,0.6716572127399255,0.3619575759307237,1.74923820643602,95.05514633441328,3325.235,3.5322741848919814,30.22428629982563,-0.0002287699167667
4,68,1208.546,3.752704009610216,27.459442137402803,-0.0002827989642575207,6.361461045552375,0.6746412574262042,0.3642890364477127,1.732769714743,94.16023397654948,3317.547,3.532438322521663,30.976376254737342,-0.0002325491495896
4,70,1213.875,3.752173860837176,27.965338012021288,-0.00028403886622713263,6.308738593872171,0.6773810043391914,0.3665340486012599,1.72223133282924,93.58756901230694,3311.766,3.5363211310943603,31.41570291330098,-0.000226153480889
4,72,1198.015,3.7524294200963597,27.918206332797446,-0.0002874204785005649,6.233769511014565,0.6684517542192524,0.3624617196203095,1.71184629898473,93.02323711734508,3305.218,3.533535274219931,31.38329984153528,-0.00022760294137
4,75,1169.297,3.751786155750347,27.588330208794527,-0.00029056282479947683,6.2462304080409226,0.6523051357758516,0.3548213250196559,1.69926783512669,92.33971230163448,3295.453,3.527012841842043,31.167937826253635,-0.0002325742441166
4,78,1162.203,3.7519081562954475,27.420870758461188,-0.0002938686365706571,6.209473571812062,0.6484911201637901,0.3535756008518406,1.69403664392431,92.05544475967478,3287.0,3.52925730014011,30.994690437264207,-0.0002279595700229
4,80,1144.5939999999998,3.752080588773402,27.40478677144332,-0.0002969990856151016,6.212435712594587,0.6386466756309465,0.3492893636162227,1.68190270787681,91.39607597710202,3276.922,3.527821497534469,31.05531797855489,-0.0002273818468222
4,82,1150.204,3.75140345910981,27.700494890885288,-0.0002978778081136449,6.2534014676176355,0.6418290046910249,0.35188563481299984,1.67697706184337,91.12841202900309,3268.687,3.525692957415014,31.373945543706103,-0.0002314099405867
4,84,1133.25,3.751718328274376,27.886317302645992,-0.00030030196197427183,6.165886551800909,0.6322680439291052,0.34755937108391904,1.66552293064789,90.50598444143154,3260.594,3.524396248234728,31.56128410753226,-0.0002307126491273
4,87,1113.485,3.75014224563944,27.575020424137065,-0.0003028312953705001,6.1428021237297905,0.6211861176722521,0.341684331590776,1.65719245758321,90.05329919062662,3258.812,3.520797576383474,31.31847472390288,-0.0002294878409432
4,90,1108.844,3.7514896700673965,27.34926987525252,-0.00030650630664645195,6.115214295897847,0.6187114028940113,0.3418747236714803,1.6482241555294,89.56595375021743,3243.422,3.519457281260753,31.104012325043943,-0.0002339368471555
4,92,1092.594,3.750284636433977,27.163012684699282,-0.0003098805081196889,6.122135245694352,0.6094959084298827,0.33758348099730734,1.63877014979873,89.05221474379236,3236.515,3.513165600287965,30.98973039800908,-0.0002389005023288
4,94,1071.4070000000002,3.749824315162179,27.08373701280611,-0.00031289744835809725,6.101352593616902,0.5978778269415961,0.3316295925322234,1.62764869072621,88.4478648526792,3230.734,3.517217159454334,30.967851972472324,-0.0002264673740111
4,96,1075.281,3.7499644723721,27.347481958100563,-0.0003141591777693513,6.15695371099806,0.6000269207870651,0.3337212799258122,1.62215370227252,88.14926233550939,3222.093,3.5120091114107965,31.285342046153826,-0.0002368609497718
4,99,1056.3439999999998,3.749445069638443,27.455575008608818,-0.0003158877729027482,6.053386535411359,0.5893371183083125,0.32802209950241334,1.61400665104676,87.70654438914323,3220.344,3.50911052654104,31.41096207271253,-0.0002359961736205
4,102,1128.094,3.7507704421056007,26.962048756484453,-0.0003015360466022511,6.2436119902362215,0.6294938464905294,0.3470257632853957,1.67605161544246,91.07812245566797,3250.75,3.516106699716392,30.755137125871208,-0.0002443342138939
4,104,1097.5,3.750497678353991,27.219751801245863,-0.0003072735172273337,6.067731399349821,0.6122660181210907,0.3388031650852765,1.6493006425522,89.62445100410937,3239.344,3.519010068254593,30.977446633931525,-0.000231877860459
4,106,1079.891,3.750552351790084,26.970680165411732,-0.0003131613797843132,6.043290282338653,0.6023564601258468,0.33513569710605945,1.63238299185809,88.70513095013024,3222.25,3.512421274222929,30.800512192698992,-0.0002395860996943
4,108,1058.9219999999998,3.7486186994574555,26.689526425331394,-0.00031742774287357955,6.050437099041648,0.5907638430357457,0.3302776501587414,1.61641597190258,87.83746900859978,3206.157,3.50815215295169,30.61619279567613,-0.0002399621564668
4,111,1029.672,3.7490531815018384,26.38131710098512,-0.00032202814652903134,6.03955981029895,0.574384720632389,0.32197685468495785,1.61090283782494,87.53788044222665,3197.969,3.508648568515266,30.399839302766903,-0.0002332394804814
4,114,1020.7810000000001,3.74869345408025,26.329131869941985,-0.0003253587153183066,6.0128909788399625,0.5694928134478147,0.32083636506502183,1.59546386936957,86.69891328476463,3181.625,3.505199343959548,30.38386825126278,-0.0002376330804068
4,117,1172.235,3.7502794203970278,27.180731377798637,-0.00029171613486606425,5.942691499961832,0.654211950971389,0.3549688707469809,1.72670744008576,93.83080462693712,3302.36,3.523165280193865,30.576239500422748,-0.0002419480908083
4,119,1167.438,3.7536774265485806,27.34964276945456,-0.0002993604050260711,5.828284335389878,0.6511356443662113,0.355296651177852,1.71656739174298,93.27978546012802,3285.812,3.527269876472835,30.705906284556665,-0.0002391161668792
4,121,1135.515,3.7542078873332745,27.18616521171456,-0.00030631496707154987,5.797508839885424,0.6333773685179805,0.34831577513729994,1.69582355709348,92.1525471966999,3260.016,3.526762654741574,30.62583594950684,-0.0002367689036133
4,123,1117.9530000000002,3.7526649376796275,27.084077213232923,-0.0003108123378465839,5.768048154560439,0.6235907053607005,0.3450439208760658,1.67777831907926,91.17195305362098,3240.031,3.523020179476104,30.59735706865797,-0.0002382258673205
4,125,1089.531,3.752384183009975,26.954200121353907,-0.0003156061686730136,5.734006943553609,0.6077727918223167,0.3370797258269356,1.66065868977742,90.2416573040256,3232.265,3.519792345798265,30.528493896066266,-0.0002365622598086
4,128,1115.172,3.753624421906811,27.64690318828992,-0.0003128624098734217,5.824771006641516,0.6221795688992001,0.3450375321276312,1.66641092748275,90.55423897233052,3232.031,3.5251014582287223,31.20375424610397,-0.0002357689616786
4,130,1096.891,3.75284979685609,27.601395006934126,-0.00031740599690593176,5.795066790485922,0.6118220985528869,0.3417622288725867,1.64683361744078,89.49039068452917,3209.5149999999994,3.518519199837846,31.17263944933504,-0.0002438074473752
4,132,1065.172,3.751037220554288,27.342714214429595,-0.0003226793260544994,5.709444333665516,0.5941244079058956,0.3332698189213501,1.625763992878,88.3454487099843,3196.125,3.5190801794284594,30.96825922704022,-0.0002335909641737
4,134,1046.656,3.751004500829865,27.08400172088425,-0.00032775918981565755,5.70695413360853,0.5837064405361289,0.32990876143634074,1.61215774118746,87.60607299731777,3172.562,3.511416727290241,30.821704306343133,-0.000244643089345
4,136,1039.343,3.750494747399989,26.96112571766787,-0.00033067752492290357,5.761581424412455,0.579859141211888,0.32758582106605183,1.60573668237553,87.25714700042141,3172.735,3.5108038681605738,30.7652197216374,-0.0002411794435557
4,141,1083.016,3.75285584178939,27.00234954902252,-0.0003171689136288561,5.855067715802075,0.6042450296989702,0.33445940207695296,1.67364531487989,90.9473619616094,3238.109,3.51432611790755,30.809988428281613,-0.0002390370555904
4,143,1081.922,3.752955327530825,27.421039425339075,-0.0003227024768674191,5.776470101735821,0.6035479151652315,0.33904752115517617,1.64043485723499,89.1426764135498,3191.063,3.5196664048265607,31.03903359070028,-0.0002410381955868
4,145,1052.1719999999998,3.751909520829352,27.331836046315622,-0.00032930667040726396,5.730556714969218,0.5868984094303447,0.3323528631372266,1.61326533174221,87.66626044455795,3165.828,3.512403849382274,31.04176453157222,-0.00024639495004
4,147,1020.469,3.749876597230595,27.150560087534203,-0.0003348073015692996,5.687328382949769,0.5692247425376232,0.3249480083314042,1.59209643246863,86.51592379470374,3140.407,3.5077862234460104,30.95978419551177,-0.0002465382225801
4,150,1002.016,3.7492333905818245,26.951129390953227,-0.00033941609266102164,5.726234295736749,0.5589627632274256,0.31993644797028786,1.58660118206988,86.21730704320841,3131.922,3.5076596102713244,30.843513277103145,-0.0002409958712999
4,153,995.218,3.75094579356079,26.889497050806124,-0.0003434357482387852,5.708472646561766,0.5550929796882188,0.3188667874143453,1.58007664903363,85.8627581657356,3121.109,3.507483356587461,30.797157400797865,-0.0002423769407696
4,155,984.765,3.7504169624442243,27.02106891175587,-0.0003470582934678913,5.696447618536375,0.5493325820844106,0.31712752373790964,1.56417329532892,84.99855590440428,3105.265,3.502386593344072,30.98443458075409,-0.0002492810365802
4,157,964.359,3.7502663211446996,26.990995100793537,-0.00035136933107253937,5.625944754849574,0.5378635514561818,0.3119640921957137,1.55561827219392,84.53366840480606,3091.25,3.503693493885047,30.967899275139946,-0.0002430546646546
4,159,955.89,3.7485294459024674,26.93739727273168,-0.0003542105143297605,5.624953028919617,0.5331296525807749,0.31068647184989906,1.54020452786374,83.69607194854545,3076.703,3.498994846204812,30.976616345195183,-0.0002473663379426
4,162,935.015,3.747315528774474,26.7459039825675,-0.0003575766695465136,5.619862797840327,0.5214525210092061,0.30532816863510376,1.53216130159599,83.25899594193369,3062.328,3.495405576723954,30.89768961926806,-0.0002479935777145
4,165,926.89,3.7501264508720937,26.697155461438495,-0.0003618837207760471,5.565380055865681,0.5169381143028591,0.30384227436050326,1.53162324036934,83.22975722050174,3050.563,3.494528300232307,30.81568822237933,-0.0002530372502679
4,167,916.8589999999999,3.7483536493124325,26.573620897760733,-0.0003655147993959285,5.573161910357431,0.5114142650592838,0.30212787411621417,1.5222595950772,82.72092847997168,3034.672,3.496255482779393,30.72618807915112,-0.0002461543333185
4,169,895.39,3.7465637249211197,26.495682134219095,-0.00036957509335995033,5.567673373622224,0.4994384499581519,0.2953863917525773,1.50652671268513,81.86598978006339,3031.25,3.48769646191346,30.76818712651005,-0.000251386210193
4,171,889.328,3.747176912697233,26.50073622505739,-0.0003731636771823225,5.564412769354366,0.49605470160592585,0.2953260389135346,1.50142195565329,81.58859278240016,3011.343,3.486547580844067,30.775415173787835,-0.0002553952182349
4,174,878.187,3.7451981088949213,26.388681426174006,-0.000374855902216672,5.573653782588774,0.48983834002115945,0.29243656343656343,1.49635341174865,81.31316363799587,3003.0,3.482298183882304,30.761821976538275,-0.0002573769133431
4,177,928.578,3.7484037576999323,26.70487919522575,-0.0003615811677042339,5.6358773942830105,0.5179533934276337,0.3049329975466203,1.53342620003124,83.32773163808899,3045.187,3.491819481711868,30.913721930762733,-0.0002567940765272
4,179,918.281,3.7491389280519227,27.0346619589664,-0.0003666445337754938,5.547969428360762,0.5122341317968966,0.3032162455683053,1.52384526751443,82.80709531820148,3028.469,3.493995853241935,31.22821565316561,-0.0002524644200349
4,181,884.797,3.7471129825853797,27.040928447404013,-0.00037309003506295034,5.488598320243771,0.4935836967251551,0.29366594787743655,1.50119209942612,81.57610219236552,3012.937,3.484377015629623,31.261679783387308,-0.0002579556590483
4,183,876.141,3.7476483306336683,26.885799077085377,-0.00037766536481653723,5.465405766077925,0.4887196629643302,0.29215655870951607,1.49241767145029,81.09929204028072,2998.875,3.4859116793558376,31.18408593575448,-0.0002547801000123
4,185,866.25,3.74623067127674,26.65120154285934,-0.0003810494625324565,5.435202036004835,0.4831331676759622,0.2903423341412084,1.48332385194012,80.60512587063184,2983.547,3.484278753976678,31.001432353085377,-0.0002543884502533
4,188,856.344,3.7476791949197823,26.602663680037786,-0.00038422169312137515,5.4930575172260845,0.4777209924862958,0.2886364708816729,1.48073767922942,80.4645909654616,2966.86,3.482988652120672,30.981374033120872,-0.0002589443666718
4,190,848.343,3.745931875480402,26.68184178851517,-0.00038725358378919423,5.4797549022383265,0.47330699371976404,0.28710703307198426,1.47350778099025,80.07171192098461,2954.797,3.483799876979844,31.088687926688607,-0.0002534730600995
4,192,848.594,3.7469074144990957,26.95276242299906,-0.0003890372477838436,5.43332661342593,0.4734383203970989,0.28807547182621657,1.46801928526661,79.77346222448996,2945.735,3.4787540756450497,31.336420133762665,-0.0002648569405812
4,194,825.8910000000001,3.746502698838878,26.73736456271115,-0.0003948542295379392,5.406794256919515,0.46066134627929023,0.28078398708087204,1.4580923557119,79.23402412051846,2941.375,3.4752194351784507,31.22599987103565,-0.0002630548551866
4,197,804.782,3.7435751445875245,26.44324810812096,-0.00039841240247556287,5.431187439600226,0.448867026795149,0.2752376662689175,1.44786609888914,78.6783203089025,2923.953,3.470739535801023,31.0373234886888,-0.0002623668322789
4,200,819.438,3.746356322646484,26.268101955069984,-0.000400246169145854,5.484881965316628,0.4569934883954815,0.28053040176567795,1.4527808777542,78.94539372549075,2921.031,3.474600910003521,30.811349225731828,-0.0002638728632759
4,202,796.703,3.7445240275267166,26.311603931590717,-0.00040484792848152594,5.4357150462112145,0.4444611043978305,0.27446490397037293,1.44253563644924,78.38865828037459,2902.75,3.4740521567700093,30.93222317974605,-0.0002581689149449
4,204,799.0160000000001,3.7451226904229418,26.619145624384807,-0.0004054813398231991,5.406686586101866,0.445736966927761,0.2757247983436139,1.43927128772033,78.21127069246836,2897.875,3.475075728648004,31.215527070380897,-0.0002583786997083
4,206,800.437,3.744293754430819,26.837932245096336,-0.00040691801421039776,5.381026792746308,0.4465487172157362,0.27676728349770097,1.42864756818882,77.6339684068403,2892.094,3.472424307596416,31.40079708433756,-0.000262274705305
4,209,777.7810000000001,3.743024198302649,26.581211013806637,-0.0004111056855965959,5.403034933319301,0.4338249774143955,0.26941540831910543,1.42490267500049,77.43046760934243,2886.921,3.471751102262539,31.25921326972124,-0.0002544013452731
4,212,841.5939999999999,3.7461650210665667,26.657978979251936,-0.0003915941963652442,5.5087532827733625,0.4694646402974641,0.2860102408436818,1.46981153245241,79.8708545166814,2942.531,3.4745407296058963,31.134701292957462,-0.0002697537927891
4,214,818.688,3.7459391154034476,26.765953181585733,-0.00039908424491181784,5.387656979057006,0.4566463178506502,0.28109758421463027,1.45258196510502,78.93458463676515,2912.469,3.471720060423485,31.24687969598809,-0.0002720274434506
4,216,796.2189999999999,3.7448570517777346,26.48283371323779,-0.00040656176142436995,5.344470156192639,0.4441461340125647,0.274976049819139,1.44283419890879,78.40488242765085,2895.594,3.471398409828823,31.027558674438325,-0.0002649112494207
4,218,774.562,3.744058843814981,26.244317125226942,-0.0004134130348578089,5.374098236592701,0.431952350418237,0.2685343186777451,1.42837605880795,77.61921434771055,2884.406,3.4626491088970703,30.931917385258963,-0.0002726537136702
4,220,750.079,3.7412720960276356,25.898496478398044,-0.0004189252015162121,5.327270932112555,0.4183563349538806,0.2610090731117286,1.41545478443707,76.9170609064971,2873.766,3.466072725920186,30.66708223665601,-0.0002547935531991
4,223,815.187,3.7467334614763708,26.687002840412518,-0.0004041142384173579,5.491006644744001,0.45484747133396497,0.281742601633041,1.45457667007771,79.04297866359087,2893.375,3.473067053341288,31.22678910771077,-0.0002721482824963
4,225,791.4069999999973,3.743587632066675,26.746313028225693,-0.00040983659633269374,5.3696710927310995,0.4414730801242734,0.27431937230847664,1.42831795482741,77.61605692618127,2884.9839999999967,3.4668548162926327,31.387733116648285,-0.0002700960039828
4,227,781.219,3.743470893005037,26.86485204396543,-0.00041426316494984014,5.3342439852298895,0.4358089748352907,0.272179550517484,1.41970268832041,77.14789574863566,2870.234,3.46527367520258,31.50566683829289,-0.0002711975091054
4,229,770.3900000000001,3.744995782679271,26.91883758494269,-0.00041835244491104814,5.290507291828977,0.4298333276194372,0.26898059082926284,1.41556066303065,76.92281444261894,2864.11,3.4638878223448684,31.5462258449116,-0.0002724449023604
4,232,747.047,3.742350753859046,26.580762812174513,-0.0004234306499956599,5.328973727399312,0.41668212947257244,0.2624311468959897,1.40568003541923,76.3858924270674,2846.64,3.457807923440064,31.38997788229748,-0.0002745134436819
4,235,761.062,3.743321045298147,26.67247479167687,-0.0004224834162680925,5.325112590224581,0.424496240243196,0.268023744757939,1.40844610711661,76.53620320177981,2839.532,3.459813554486507,31.385433749863733,-0.0002782800848735
4,237,750.359,3.7414920090833044,26.649816147366803,-0.0004276804775988999,5.310813304607567,0.4185531875465106,0.2648915188073017,1.39685477828724,75.9063201738239,2832.703,3.458027727779737,31.42370719914205,-0.0002744859006643
4,239,739.828,3.7412912433199157,26.633097030730628,-0.0004316130937742583,5.2885082385282445,0.41275678060054055,0.26169352242845845,1.39356703714407,75.72766142150313,2827.077999999994,3.4613996718507845,31.435368910968148,-0.0002646223775823
4,241,732.829,3.742439616935215,26.729460009363454,-0.00043477176675703517,5.251091832153804,0.4089154232910121,0.2597274316674174,1.38936442928095,75.49928800503805,2821.531,3.461128547669321,31.542375291159843,-0.0002647224813712
4,244,725.14,3.739887454065564,26.63437775118607,-0.00043621585226753145,5.331142180921496,0.40452230427731384,0.25850255743352596,1.37856514156667,74.9124451895705,2805.156,3.455556822823358,31.52669677306915,-0.0002715456819233
4,247,720.438,3.7429789401207185,26.577271798369157,-0.00043878675957754413,5.255063051299711,0.401917348421177,0.2559367879424748,1.38490111008575,75.25674730493446,2814.906,3.459598362944341,31.43592191429037,-0.0002646716426418
4,249,707.4380000000001,3.7401502204789585,26.502950869123783,-0.0004435505096706185,5.244069782699228,0.3947935626387121,0.2525521606079776,1.37032518142424,74.46467849076038,2801.156,3.4506569891269216,31.47523811288649,-0.0002735706415259
4,251,709.547,3.7414314530912054,26.651258380169548,-0.0004453214991894052,5.238038259426403,0.39581589387372523,0.25393683386258686,1.37334643852291,74.62885626516028,2794.187,3.455515243082573,31.5817445550721,-0.0002682019013077
4,253,710.765,3.7401645366919576,26.733702516951002,-0.0004460003508708017,5.246263599804255,0.39649790056545914,0.2551760237611165,1.36794872855048,74.33553994642665,2785.391,3.455840338587253,31.647958536134297,-0.0002671175012701
4,256,686.562,3.740036107531727,26.582390470616264,-0.0004513805929761205,5.268851003324393,0.3830105506356893,0.24700917431192662,1.35671410870896,73.72504079935909,2779.5,3.448678293668265,31.662032275252905,-0.0002722878669162
4,259,817.4680000000001,3.746674199221607,25.955252187024424,-0.00040012063061613,5.431192537971452,0.45602355469190126,0.2819599935707156,1.46043102091946,79.36110924975578,2899.234,3.474503178644755,30.434500875864146,-0.0002730834116421
4,261,819.5780000000001,3.746442215106981,26.545031644761895,-0.00040264214718824655,5.408146502007327,0.4572585350438409,0.2831088367838581,1.45009989371041,78.799706688891,2894.922,3.474031881945217,31.01799705807701,-0.0002734768396735
4,263,808.656,3.747166768751525,26.934091663077513,-0.00040724710364031704,5.357270904073022,0.45106555016278954,0.2799813035575175,1.43814069018245,78.14983302548104,2888.25,3.474404210386772,31.39483761465523,-0.0002700760712567
4,265,799.594,3.7456983420502907,26.75725463401331,-0.00041251930065394117,5.308290417686152,0.4459109547050565,0.2782255230338084,1.42836819809643,77.61878718971624,2873.906,3.471767043833224,31.24511885640641,-0.0002713931906157
4,267,771.937,3.7441915818921476,26.45852506048151,-0.0004198829772282928,5.30474275557928,0.4305725203277791,0.27110183795356196,1.41478745175524,76.88079746021991,2847.406,3.468530527297593,31.05306925187263,-0.0002694028667879
4,270,763.125,3.7453398112235567,26.24603099928284,-0.00042409712578672,5.262193124338964,0.4256362098913888,0.26783072641834904,1.41388916339318,76.8319836786595,2849.281,3.46512136466626,30.88589263299331,-0.0002730880841727
4,272,749.297,3.743189629114462,26.305493306813297,-0.0004287078102541234,5.296604657041328,0.41795619997159156,0.2644246649595862,1.39893316621772,76.01926160635412,2833.688,3.4652879859475885,31.053992379018933,-0.0002663062009287
4,274,751.297,3.7457171029555627,26.762838741052914,-0.0004292600640103259,5.229839283523539,0.4192435859148917,0.2658091254303539,1.3953322584034,75.82358510102308,2826.453,3.461799526154992,31.492840068071885,-0.0002783955880506
4,276,752.328,3.7460952963375247,27.234280986111457,-0.0004308721891234321,5.257760330809578,0.4197224313124259,0.2669427657406277,1.39004612954025,75.53633219814198,2818.312,3.463260140320492,31.93832684630049,-0.0002783466463127
4,279,740.5,3.7429622003603433,26.99869199888366,-0.00043446882989092077,5.280768024407841,0.41301463740246336,0.26326838905699457,1.38602714542096,75.31793705780649,2812.7189999999973,3.462839429201602,31.74562722135923,-0.0002691075543761
4,282,741.687,3.745667963671577,26.533914441825814,-0.00043853487918559425,5.351292148125584,0.41363737936220285,0.2645575173889781,1.38821526019375,75.43684114368729,2803.5,3.4569152237960306,31.31018499405759,-0.0002855628670824
4,284,717.4369999999999,3.7425520471253413,26.322486707921012,-0.00044432401352915556,5.218328579312367,0.40009725551592706,0.2577695140573071,1.37618265623945,74.7829788363973,2783.25,3.4574690175816127,31.12736034547181,-0.0002741964280236
4,286,705.484,3.741334418072072,26.081728990764237,-0.00044918305174369925,5.196554736030482,0.39343330121131903,0.2541010974318819,1.36471688986402,74.15991898288928,2776.391,3.45021917812178,30.985550813719595,-0.000280933030842
4,288,693.219,3.741651987333453,25.9339944601973,-0.0004544731207159179,5.220813370471653,0.38650912571171453,0.2505747300937352,1.35898547393736,73.84846878839457,2766.516,3.448672805179396,30.89965328075741,-0.0002809551140869
4,291,669.485,3.7382403023683692,25.60820637838177,-0.0004613350674047971,5.243310588826098,0.3733309557606488,0.24331495800860325,1.34623087640088,73.15537271331122,2751.516,3.444632719716698,30.70612364496648,-0.000277347478357
4,294,777.453,3.747571138288873,25.829266904489806,-0.0004212583871088997,5.443435011885953,0.43364067639390125,0.2728997819828921,1.42684278184546,77.53589472577204,2848.859,3.467272639213176,30.47122187456595,-0.0002790238926241
4,296,765.171,3.743254929100018,26.27691909212359,-0.0004248391572659863,5.292359169273023,0.4268038211599677,0.2694248905639968,1.40644814832797,76.42763235972666,2840.016,3.464490491162134,30.939221783021114,-0.0002734955956406
4,298,753.453,3.7442974251098438,26.450702436725784,-0.00043072514980439065,5.2620974343128175,0.4202205753048274,0.2674308531878078,1.39349074920752,75.72351586777258,2817.375,3.459667012281024,31.11164063156189,-0.0002834568615782
4,300,741.6560000000001,3.7434672775005615,26.35370000601187,-0.0004361008927117858,5.198644829219894,0.41357890018990423,0.26400648717764347,1.38824935122493,75.4386936803776,2809.234,3.462241956955771,31.037910219908994,-0.0002730669957693
4,302,716.579,3.7416421522805288,26.13611326696004,-0.00044308677987621843,5.206990299164254,0.3995979131630475,0.25672912635376993,1.37018783384209,74.45721490205536,2791.187,3.4555661695067355,30.96795084053884,-0.0002766119745979
4,305,717.063,3.744542540748503,26.117908354635578,-0.0004442924122874164,5.1968698025623254,0.39998084138062934,0.25664241006493876,1.37969516656086,74.97385174402893,2794.016,3.458696199585801,30.93996203578424,-0.0002735610911553
4,307,719.265,3.7430730585275938,26.44344472577463,-0.00044563899541148424,5.199343951149036,0.4012807685096709,0.2592208436241652,1.36865863239357,74.3741167471391,2774.719,3.4525282614097663,31.295019295352866,-0.0002876014548191
4,309,720.515,3.743592782296951,26.99361176528872,-0.00044682161741812224,5.172899479632875,0.40203481582177986,0.259379216399481,1.36273717790964,74.05233968989694,2777.844,3.4552290080443044,31.81846533166901,-0.0002823492164922
4,311,720.312,3.7443343609340882,27.26829707071938,-0.0004473296755733461,5.122557806590525,0.40182696497570247,0.2590002247292013,1.36340511339281,74.08863589293038,2781.125,3.4619744219744675,32.00067162597675,-0.0002696682110033
4,314,695.297,3.739838449965337,26.81291412073144,-0.00045464132640800033,5.160079938553302,0.3877719445928774,0.2518365348186429,1.35186460353052,73.46151441244959,2760.906,3.452221905520614,31.73992229230571,-0.0002745166467831
4,317,697.703,3.7435292700341796,26.645162388404206,-0.0004559925923581186,5.165544736809185,0.38908939547824734,0.2534106964496504,1.35479697296526,73.62086195282473,2753.25,3.447650049442191,31.52613649688221,-0.0002907086370297
4,319,684.063,3.741034385686419,26.318335641490382,-0.00046288264435621104,5.139926410619864,0.3815547291026745,0.24939925471490712,1.34105144064048,72.87391760769836,2742.843,3.447928507599004,31.27624493654335,-0.0002818529343125
