battery,cycle,w5_mean_V,w5_mean_T,w5_V_slope,w5_dT,w5_n,w10_mean_V,w10_mean_T,w10_V_slope,w10_dT,w10_n,w20_mean_V,w20_mean_T,w20_V_slope,w20_dT,w20_n,w30_mean_V,w30_mean_T,w30_V_slope,w30_dT,w30_n,dv0.1_mean_V,dv0.1_mean_T,dv0.1_V_slope,dv0.1_dT,dv0.1_n,dv0.2_mean_V,dv0.2_mean_T,dv0.2_V_slope,dv0.2_dT,dv0.2_n,dv0.3_mean_V,dv0.3_mean_T,dv0.3_V_slope,dv0.3_dT,dv0.3_n,capacity,soh
1,2,3.922897159609408,25.521948787832915,-0.0009727812925900523,2.6274249654158126,17,3.8549954824155153,26.931697254051453,-0.0004836277673125286,5.072711922623558,34,3.772385869329498,28.628269992151804,-0.0003013883575503066,6.894772652745679,66,3.7067480149278196,29.785873749856847,-0.0002395154148982767,8.535752383072278,99,,,,,0,,,,,0,,,,,0,1.85648742081816,100.80760884947765
1,4,3.928452856500106,25.85039880621845,-0.0009508800784367235,2.557983587595597,17,3.8606536600277233,27.22270256937441,-0.00048124831660624473,4.925814950928672,34,3.7774499725902033,28.862393167249845,-0.0003026497534831655,6.686851284251535,66,3.7115590553624935,29.989480540617183,-0.00024038422748587642,8.29487216851896,99,,,,,0,,,,,0,,,,,0,1.84632724971993,100.25590968770103
1,6,3.9300559050505113,25.888425248208026,-0.0009396923989608999,2.537620918474861,17,3.862539273745325,27.23559973360528,-0.00047917501400472607,4.843848866367804,34,3.779164098125793,28.839256617469267,-0.0003027884552106423,6.597283483199863,66,3.7130514631512446,29.955390575921772,-0.0002408279760289204,8.19466828785832,99,,,,,0,,,,,0,3.979006962592141,25.27464922677283,-0.0017489852456385525,1.3198192227057461,10,1.83534919422341,99.65979925247206
1,8,3.9320161855451268,25.784135193907943,-0.000933580178592615,2.5055035055011032,17,3.864520736101327,27.129756827207732,-0.0004785754607922314,4.8228125249444815,34,3.780906725008698,28.725195583942277,-0.00030367841646712954,6.547145205618797,66,3.71453655611759,29.834288253852982,-0.00024165778641976242,8.149534449192366,99,,,,,0,,,,,0,3.9807458174141472,25.178526659284472,-0.001737399040742415,1.2875725499117507,10,1.83526252758211,99.65509323788856
1,10,3.932734393112874,25.64997309540867,-0.0009313344368522779,2.476809153239298,17,3.865338361479303,26.994456772416516,-0.0004778223472309403,4.811071029902763,34,3.7815948072717984,28.58506906718119,-0.00030383554778942853,6.530018701044746,66,3.7151233302939386,29.69031280676469,-0.00024208872313061607,8.13684395443266,99,,,,,0,,,,,0,3.9812978846042917,25.04494810093429,-0.0017317299150348938,1.2921374818121443,10,1.83464550821204,99.6215889724607
1,12,3.934450893428785,25.649602553312526,-0.0009273761173475829,2.4925158726054555,17,3.8672499306658654,26.994215573630033,-0.00047630704910967025,4.8270873381625705,34,3.7834194043955787,28.596396298789003,-0.00030401506710092105,6.542616381403093,66,3.716768983441747,29.70809689051736,-0.00024244665101164116,8.174573976009373,99,,,,,0,,,,,0,3.982771007548071,25.04701032264608,-0.0017271255358733545,1.2897620106325682,10,1.83566166006755,99.67676620535396
1,14,3.9358131348120518,25.713773734637947,-0.0009211626604933811,2.4848779791512534,17,3.8688092188780927,27.052358439638393,-0.00047496318442626035,4.808189046958283,34,3.784875754264695,28.642588620589738,-0.00030418037719889737,6.510340230528666,66,3.718103145506529,29.748831340296462,-0.0002428599244587063,8.146380562839031,99,,,,,0,,,,,0,3.9838323603239445,25.11362932171604,-0.0017117034014367608,1.2978526218757942,10,1.83514614292266,99.64877352944652
1,16,3.9377663309205815,25.824767932236934,-0.0009151076726205191,2.4444536659916523,17,3.8707534886521926,27.142641813776102,-0.00047379778029852727,4.748652862488843,34,3.786469288039855,28.70318453382925,-0.0003048479018638732,6.391674986501844,66,3.719333190902521,29.792553081449242,-0.00024359161203966621,8.017016273866947,99,,,,,0,,,,,0,3.9768611613766023,25.318348880604642,-0.0015135242835644393,1.4480729287190321,11,1.82575679056655,99.13892996732449
1,18,3.9378883625698298,25.750953861548137,-0.0009145993100059354,2.4603758040570156,17,3.8709424147697056,27.071518141130195,-0.00047368232150288227,4.763004127611385,34,3.7865630051514185,28.638042901048355,-0.00030513877919996393,6.413901150803888,66,3.719383837214501,29.726972410166724,-0.00024403160459459018,8.023265869804256,99,,,,,0,,,,,0,3.9769102979314255,25.242552063135953,-0.0015131058454177556,1.4608740942788252,11,1.82477385298913,99.08555627584838
1,20,3.9385483762460134,25.68062355674998,-0.0009152000682982601,2.4461099335890992,17,3.87158026269557,27.002878757286105,-0.00047394464787923514,4.749964979563877,34,3.787052914528836,28.558716880601704,-0.0003057013808606144,6.386644260200157,66,3.719688464554395,29.647841034735034,-0.000244477048649887,8.009019305116539,99,,,,,0,,,,,0,3.9775700872228614,25.1728806493449,-0.001513404846334193,1.4452998056836002,11,1.82461326849694,99.0768365083485
1,22,3.938242517396095,25.538349561802022,-0.0009142217104617287,2.4466968144091865,17,3.8712688278436427,26.861583576475113,-0.00047387095440544415,4.746730799818774,34,3.786691487673305,28.421035481640867,-0.0003059869838779398,6.391069151132925,66,3.7192687569730607,29.514721391918364,-0.0002446983582269694,8.035676089501546,99,,,,,0,,,,,0,3.977257290231893,25.03109187492436,-0.0015113610226686889,1.438319131365148,11,1.82461955268645,99.07717774099622
1,25,3.9407804290974364,25.847556834753302,-0.0009079285891551337,2.44140453047509,17,3.8739943896820734,27.15874471391576,-0.0004724415957019467,4.733539860878331,34,3.7890625706482215,28.709253564046602,-0.00030683752364632993,6.35263813074063,66,3.7212868256589355,29.79598215043107,-0.00024586649450867356,7.989079913267918,99,,,,,0,,,,,0,3.9795742489472237,25.342981109791516,-0.0015001210345165794,1.4421416237596745,11,1.81420193576739,98.5114992237362
1,27,3.9405915288523357,25.832565988649865,-0.0009087353577814582,2.4237528878582033,17,3.8737669393073486,27.14126182155086,-0.00047251093904752435,4.71843684394565,34,3.7886964284237554,28.676994629032336,-0.00030714888556171574,6.300499498344486,66,3.720769930069161,29.75789761917829,-0.00024614701199571985,7.961823763559639,99,,,,,0,,,,,0,3.979372081893977,25.330459014173883,-0.001500524477727678,1.42552770489392,11,1.81375215775491,98.4870761948254
1,29,3.93941506039632,25.5629910013073,-0.0009109571480962474,2.466274520247609,17,3.872614432011748,26.895193569177124,-0.00047285728648713846,4.78753118690533,34,3.787614228635345,28.4564009340106,-0.00030720082254659153,6.425228535778018,66,3.7196992858174207,29.558802125116127,-0.00024618966450201375,8.096125640177611,99,,,,,0,,,,,0,3.978263068904214,25.054163560731638,-0.0015044978080936263,1.4538881601019007,11,1.81344049147358,98.47015265835132
1,31,3.939798626709888,25.571985602175534,-0.0009107170247741196,2.419609262504288,17,3.872893718232815,26.88608890364019,-0.00047359230564297333,4.724276964842776,34,3.7875679995408364,28.423221574943934,-0.0003081724504932211,6.326429877242941,66,3.719481146787467,29.508393789111672,-0.0002468836500619435,7.990489531392434,99,,,,,0,,,,,0,3.978628054521313,25.071932653235717,-0.00150463697326817,1.4366443216115634,11,1.80259800363065,97.88140357167902
1,33,3.9394004387220747,25.438569222562712,-0.0009120589821365921,2.463322735774433,17,3.872344471748505,26.759930401196463,-0.00047401636526576345,4.757683417550801,34,3.78685050877163,28.302700314322013,-0.00030871605588710907,6.35838449071748,66,3.7186903170939134,29.395037915627338,-0.0002472849268253914,8.043831797395281,99,,,,,0,,,,,0,3.978350429615979,24.931720662631225,-0.001506208013168688,1.4471719844650828,11,1.80210690024615,97.85473656745688
1,35,3.9395140083322424,25.45681343004023,-0.0009115952421339211,2.420429891712363,17,3.8724387171493824,26.77737888597765,-0.0004740787265932124,4.736528067085477,34,3.7867664863168344,28.318709846423644,-0.00030915919690927874,6.336887537950631,66,3.7184315357324516,29.412350329592396,-0.0002476913738763942,8.03329437010784,99,,,,,0,,,,,0,3.978435125452563,24.953242307054236,-0.0015056257341428238,1.432011466394549,11,1.80257950082621,97.88039886599036
1,37,3.939370103754475,25.485581045493486,-0.0009112519426804202,2.433732658579867,17,3.872303265417072,26.80535796375981,-0.00047437309469793433,4.745185740455611,34,3.7865040127337872,28.348242590293136,-0.0003095137991777697,6.348770478797405,66,3.7180796861347774,29.446086369312805,-0.0002479267070730903,8.052259223320686,99,,,,,0,,,,,0,3.9783250964064716,24.982233891166842,-0.001502592991109608,1.4317959572415262,11,1.80306831428341,97.9069415267384
1,39,3.9395214057296415,25.46271052135622,-0.0009123489697519647,2.4295058668581824,17,3.872404972484286,26.787404178860655,-0.00047515571847265,4.764251869157093,34,3.786477043446574,28.33261759699898,-0.00031024886641754123,6.365058321408565,66,3.7179613040480226,29.431433879180503,-0.00024849476156048284,8.056355325709408,99,,,,,0,,,,,0,3.9784996218746724,24.959221137915527,-0.0015038256253752762,1.4465467240816245,11,1.8027776247196,97.89115702988882
1,42,3.938478692598264,25.71062324253338,-0.0009064487271241408,2.514535120917529,17,3.8722823245532196,27.059712748216178,-0.00046897987570471237,4.871415833900436,34,3.788444038227094,28.639942625036355,-0.0003031226647665366,6.491149318121547,66,3.7214547274497263,29.737350370046613,-0.0002428728680863706,8.145949063916248,99,,,,,0,,,,,0,3.977081322849497,25.192945076805426,-0.0015010647789400903,1.4957074726249324,11,1.84702599493292,100.29385168145046
1,46,3.940989904254527,26.064253507624272,-0.0008979397990565697,2.4865155166390593,17,3.8751343700231957,27.398386857003512,-0.00046646746318744465,4.825783301709649,34,3.7909906259961326,28.95687056667066,-0.0003036758341057239,6.408273282653891,66,3.723673509271323,30.042645951953602,-0.00024379780565076523,8.074994630083612,99,,,,,0,,,,,0,3.979302475544024,25.550053206855274,-0.0014853299093405322,1.484553738412,11,1.84741731128364,100.31510023136114
1,50,3.939864668483557,25.712577918702184,-0.0009008177463501521,2.511128613350138,17,3.876944822649624,26.980612640010364,-0.00047864432900231646,4.755908333990092,33,3.789283446980079,28.607650959125372,-0.0003046438824797279,6.410092586207639,66,3.721851387270468,29.695313479193324,-0.0002442607090019972,8.092018703478534,99,,,,,0,,,,,0,3.9782710926475064,25.19482564665016,-0.001491873704766338,1.48863141561662,11,1.83617742134789,99.70477213786135
1,54,3.938571641855129,25.376398975625115,-0.000905593060424242,2.532293122287186,17,3.872233422880501,26.72810206403287,-0.0004698715132341684,4.886680704018097,34,3.7875966253430655,28.289722815045,-0.0003055717954390975,6.449568245016145,66,3.7200787279798946,29.38545787971545,-0.0002447158837302641,8.150641408614103,99,,,,,0,,,,,0,3.9771749022347733,24.85932933960381,-0.0014985434308012668,1.511977248700429,11,1.82578074757762,99.1402308374376
1,58,3.9380338998766007,25.220226947357993,-0.0009072486866127794,2.5504838795521643,17,3.871642617575046,26.5806468156033,-0.0004702192936116802,4.9222432643872125,34,3.7868621690985536,28.146381331394473,-0.000306116995475422,6.470610547286068,66,3.719252598981844,29.24730279792938,-0.00024522615606807434,8.200789275478964,99,,,,,0,,,,,0,3.9767336155537194,24.69638906921954,-0.0015010254830114685,1.5132444653406978,11,1.82511364350784,99.10400696359169
1,62,3.9383370952192602,25.18509702789423,-0.0009085351785757282,2.53882265729991,17,3.8717766300573158,26.5464811005619,-0.00047120928201817546,4.905875527033018,34,3.7866551569386893,28.104945448242436,-0.0003071967839696023,6.456588501240681,66,3.7188184752063,29.203258135933105,-0.0002459793345035102,8.181916466099693,99,,,,,0,,,,,0,3.9771050390245253,24.662752895653885,-0.0015033665674145172,1.5076111932879392,11,1.82558150422038,99.12941188644592
1,66,3.938489502720838,25.099373969890184,-0.0009103192838236999,2.5436874768635853,17,3.8719075659182303,26.45991742347656,-0.00047239632686516914,4.925261253484244,34,3.7865352997603816,28.02144699125939,-0.0003082290200054789,6.454419224769708,66,3.718494838619514,29.121867979489828,-0.0002466958367868397,8.194806740961564,99,,,,,0,,,,,0,3.9772834566259365,24.576503321361557,-0.0015074366821571537,1.5179722564776768,11,1.81403112750839,98.50222430381568
1,70,3.9372363089522264,24.98094829549396,-0.0009118716604446646,2.5657029005304537,17,3.8705607918903024,26.3545048131413,-0.00047243896919294724,4.952489962156822,34,3.7849856575012186,27.91361791076789,-0.0003085458546579477,6.475518136420089,66,3.7168331477326633,29.021035742437174,-0.0002468940438829132,8.245611251475687,99,,,,,0,,,,,0,3.9761185476726038,24.453897336732595,-0.001510536245647674,1.5161338444775083,11,1.81476919411589,98.5423014565286
1,74,3.937009182274459,24.93373444242918,-0.0009134383513082858,2.5670960790432282,17,3.870238703749712,26.30805630915077,-0.0004731007717987196,4.967042396226802,34,3.7844562250483444,27.868415433291506,-0.00030938437059344174,6.497242512849109,66,3.7162423235715485,28.975716707063466,-0.0002475281466798237,8.257628594198547,99,,,,,0,,,,,0,3.9759309598648853,24.407300775533084,-0.0015129440425353286,1.537467109856422,11,1.81396938871035,98.49887187571204
1,78,3.9375624089492183,24.975632433344153,-0.000912632697395031,2.5707295491364057,17,3.8706534033187316,26.349866548798637,-0.0004739806559998973,4.957741591182842,34,3.784551304907407,27.90462700982219,-0.0003104981738978427,6.495450239700638,66,3.716121224125638,29.01268121333007,-0.0002483080870008371,8.269446960499621,99,,,,,0,,,,,0,3.976508428815347,24.445575444463973,-0.0015091244528044956,1.5313783842102566,11,1.80276566516782,97.89050762402466
1,82,3.9372140784911562,24.975479523623587,-0.0009144480634390213,2.572472490934963,17,3.8702776201905458,26.353999883938744,-0.00047452659556401636,4.971888181457416,34,3.783979084555022,27.913662827654033,-0.00031102423089402295,6.512006399465566,66,3.7153221533938874,29.025535097538167,-0.0002487594045517989,8.277005163563384,99,,,,,0,,,,,0,3.976201997665893,24.445480818553822,-0.0015119351488985188,1.516046713760577,11,1.80407704011735,97.96171552529285
1,86,3.93172029320922,25.06625576275495,-0.0007477842591019663,2.7314463316774535,32,3.8730969378446405,26.448247239836903,-0.0004212772103909309,5.202965255645051,64,3.785672448878868,28.118504368402604,-0.0002953950157695918,6.576947226026153,129,3.718228383808836,29.168554632242422,-0.0002437729154417269,8.363169591000897,193,,,,,0,,,,,0,3.973518899752126,24.40349286789971,-0.0013911807163222367,1.4263090017086881,18,1.85180255167045,100.55321959197046
1,90,3.9342902743409285,25.461998922806366,-0.0007438717556101965,2.6881181471976205,32,3.8750020919694608,26.82355033324415,-0.00042515016672316447,5.1161445453053105,64,3.78648774664794,28.447558618637853,-0.0002985237304721518,6.489042045453573,129,3.7187605122113143,29.485261850109517,-0.00024526478236842984,8.112323986989065,193,,,,,0,,,,,0,3.972162296467899,24.857980568923285,-0.0012876524503579348,1.49652418069088,19,1.83070384567394,99.4075559707276
1,94,3.9332373994465533,25.260073817488202,-0.0007483721296415903,2.6580343041120784,32,3.87360034706626,26.624895896853484,-0.00042760671700589576,5.122845237607596,64,3.785813507211905,28.221531693457145,-0.00030124013558893725,6.445249864335764,128,3.7166814522226757,29.278668113017854,-0.0002462338234282808,8.18901762442924,193,,,,,0,,,,,0,3.971400730053879,24.656720646549886,-0.0012941039127270016,1.4934583605986447,19,1.81990410895013,98.82112827769676
1,98,3.930556613324215,24.811644475281245,-0.000755302895251646,2.7009781135806,32,3.870567955592027,26.187406553859685,-0.000430447226864696,5.181191146107604,64,3.781257648326683,27.812833885824247,-0.0003013323854466567,6.536430662888598,129,3.7132737977772714,28.874071401967985,-0.00024670392724609005,8.293314141089844,193,,,,,0,,,,,0,3.9729783321434797,24.152704602951392,-0.0013905789129781104,1.4303638175948272,18,1.80930796370285,98.2457556393358
1,102,3.9307439285935155,24.83545576142498,-0.0007572990120533954,2.7102711129834027,32,3.87052085809269,26.209751051340056,-0.0004320454222475553,5.127132592504129,64,3.7818934824219683,27.79981069568372,-0.0003040786787880901,6.406796767328032,128,3.7123304214532187,28.854780873932153,-0.00024796623106228694,8.191612629538405,193,,,,,0,,,,,0,3.973255945007743,24.17906550947049,-0.0013929557385254547,1.4078856700364497,18,1.80460990458052,97.99065016377766
1,106,3.931725730916052,25.243976858401652,-0.0007530943551674248,2.6906230316199284,32,3.871648739944202,26.62307626777623,-0.00043077843330627935,5.148268708040423,64,3.7829399416996523,28.234830673648474,-0.0003041122467184099,6.454922652441741,128,3.714209154491035,29.29833728571911,-0.00024894998622046526,8.298933867148964,192,,,,,0,,,,,0,3.970169516512569,24.63603550314596,-0.0013020014138121338,1.5119598151120677,19,1.79937706519722,97.7065060215613
1,110,3.9300102028149664,25.007954685720897,-0.0007589152637398324,2.6716172626105212,32,3.8695347906891575,26.389507793212886,-0.0004338569576875508,5.162875143330879,64,3.7792174418904687,28.00271693120685,-0.00030459752182179946,6.519405483669111,129,3.7106193079971748,29.06553904559635,-0.0002489988029299704,8.32843651671995,193,,,,,0,,,,,0,3.972680607699504,24.356544367199298,-0.0013945966690742002,1.3858417989250995,18,1.78844323353705,97.11279694879056
1,114,3.9289741611869786,24.793070185093335,-0.0007646047573272227,2.7163326726925305,32,3.8682131015028576,26.190614575447093,-0.0004362727068977151,5.208975750757052,64,3.7774972249065164,27.817100770839566,-0.00030597810441842534,6.569625141014111,129,3.7087569958885527,28.893479763807676,-0.00024967586596897197,8.384098140863056,193,,,,,0,,,,,0,3.9719487955103876,24.13614362840594,-0.0014055338758240327,1.4125199750853952,18,1.78292304842527,96.81304988059888
1,118,3.926812070319035,24.561248529905434,-0.0007694956209848409,2.73751130389142,32,3.8658039861430398,25.970356226031043,-0.000438208977170843,5.2531903230982735,64,3.7760586950120727,27.5935595403379,-0.0003079237167090353,6.67635958727692,128,3.706079924421491,28.710211056282468,-0.000249998418789987,8.513262498631523,193,,,,,0,,,,,0,3.9742633678143156,23.846608227432135,-0.0015108417127567388,1.3341368952826222,17,1.77303371580183,96.27605729788222
1,122,3.9271006991001802,24.737784598950213,-0.0007689539384941889,2.767078149689631,32,3.8660830282407663,26.155237344399012,-0.0004383339091434282,5.309296460511661,64,3.7760860217821275,27.79095231997057,-0.000308781656983114,6.697245390050444,128,3.7058870331275466,28.917813622476086,-0.0002506830242946418,8.598335430209033,193,,,,,0,,,,,0,3.9745225873982197,24.01909138460074,-0.001509553907323269,1.3463651159057264,17,1.77303775507894,96.2762766313732
1,126,3.928957665474252,25.310434132696866,-0.0007650546133891843,2.7406456106348216,32,3.8679860834938076,26.718920734430924,-0.0004375523789572043,5.255958970420409,64,3.776585019892196,28.365471275287923,-0.00030813824714004726,6.714071923074542,129,3.7074134185168153,29.47374016530871,-0.0002512842918352687,8.544098309076773,193,,,,,0,,,,,0,3.971986491590057,24.644019726434077,-0.00140438664860455,1.4349424521417333,18,1.76787211066621,95.99578118843372
1,130,3.9294690108480137,25.53844028548611,-0.0007643252495591888,2.7321279755649996,32,3.868425066541199,26.943285470068336,-0.00043796285780681193,5.237420059887974,64,3.7766433765551586,28.57076386628687,-0.00030927002403160564,6.6056044068057425,129,3.7072089719765686,29.669427494991442,-0.0002521778789909781,8.517064301541708,193,,,,,0,,,,,0,3.9724741235966374,24.876861935372702,-0.0014013246461265277,1.4243265540398795,18,1.76231507040931,95.69403287907456
1,134,3.9394809530073047,25.185414230963364,-0.0009350704329150926,2.6367948325880697,17,3.8714218873077577,26.63586238489862,-0.0004834881709507215,5.245717571965049,34,3.7804356497089775,28.176316842455204,-0.00032603788142136563,6.402894478496783,66,3.7088963945879416,29.256141747237663,-0.0002598501507819375,8.352829062340987,99,,,,,0,,,,,0,3.988084930476132,24.55384422532594,-0.0017394974388272426,1.3551987976173798,10,1.76761729249384,95.98194451474556
1,136,3.9285616508332204,25.106237182789027,-0.0007721819537462129,2.7448823660646227,32,3.8670752461492715,26.523993559491117,-0.0004417478918799091,5.256929841516438,64,3.7757214579191607,28.110499102526802,-0.0003127886782666549,6.522172251190003,128,3.7049217619887944,29.19748377259847,-0.00025312825960916325,8.426488086405971,193,,,,,0,,,,,0,3.9762265403574397,24.38813889769554,-0.001513571152111886,1.310237935931756,17,1.76266835974315,95.71321655496544
1,140,3.924775984284585,24.652200834485505,-0.0007770368669222193,2.796842847856613,32,3.863162345512947,26.090589849950618,-0.0004433944047919667,5.291080216738138,64,3.7704365145283023,27.71715674068891,-0.00031242345377523217,6.639335918819125,129,3.700850821249619,28.813386895987243,-0.000253423548433452,8.482840364827364,193,,,,,0,,,,,0,3.972726044353571,23.923801565481057,-0.0015260363573250022,1.3314791755989965,17,1.75173048706641,95.11928805425076
1,144,3.9238904798082275,24.555766133172437,-0.0007818388487989685,2.8125559082106513,32,3.8619226592927283,25.99876846918606,-0.00044598298546808017,5.376697574898312,64,3.7688471685846956,27.633745638381804,-0.00031373373911260674,6.729360005235364,129,3.6990869562607043,28.739089515844984,-0.00025418234009902396,8.6216003871283,193,,,,,0,,,,,0,3.97215502554009,23.82539939811915,-0.001533776044289599,1.3650527845842326,17,1.741849604796,94.58275432725988
1,148,3.9228497469670898,24.533523462388956,-0.0007842536226852708,2.8080118314143654,32,3.860687929903476,25.98870255723446,-0.00044722643975529273,5.367549933125858,64,3.767250800782798,27.623812785549603,-0.000314739970004848,6.710361385959423,129,3.697356270251586,28.74537406565857,-0.0002548290866495583,8.737927235184234,193,,,,,0,,,,,0,3.9758174869435625,23.74723050546202,-0.0016519661935955408,1.2721618166787643,16,1.73609135118471,94.27008009570102
1,150,3.931244018022728,27.922936167131013,-0.0007247778398765297,2.7175678093584104,32,3.8729353846309618,29.3270116988834,-0.00041879865910114303,5.267643237987809,64,3.783315849063099,30.813630200278865,-0.00030509844537805313,6.205114105300375,128,3.7131901609384785,31.81408507988344,-0.0002495116735408193,8.031567052663554,193,,,,,0,,,,,0,3.961292911207334,27.40736162551589,-0.0011189524528916696,1.703785802923555,21,1.79362401485736,97.39411432859931
1,154,3.9367618869798457,26.951508816607443,-0.0007438993100396808,2.6801864519216316,32,3.876859545423744,28.345713628380725,-0.00042956104592939816,5.235466170417464,64,3.7841895481995316,29.907071886454716,-0.0003104015650381173,6.301160775579625,129,3.7143806223054763,30.91361504002986,-0.00025347444705343085,8.068672109195838,193,,,,,0,,,,,0,3.9711626555566135,26.391049993054327,-0.0012079072718505458,1.5774378679847203,20,1.78318902232733,96.82749231246368
1,158,3.9320712070105905,26.121297559470598,-0.0007558818539736514,2.7434345319970674,32,3.8714529398242554,27.54078047835364,-0.00043509207901254205,5.316139573458955,64,3.779503052642185,29.097372456739258,-0.00031348532219954147,6.411367059299373,128,3.7083678078820155,30.143598384897132,-0.000254139725984459,8.27508032605602,193,,,,,0,,,,,0,3.9707132065559607,25.50359770700989,-0.0013015250100472241,1.523711693550279,19,1.7673642076279,95.96820195991576
1,162,3.9292344435264748,25.658336412327575,-0.0007650003641453393,2.763467646422402,32,3.868054957942208,27.089793210905746,-0.0004397349657406768,5.324937736857269,64,3.7744488102331224,28.67042348284844,-0.00031409979726903934,6.543123623471818,129,3.7044825238111416,29.726275652852536,-0.0002547847764964195,8.34882089557577,193,,,,,0,,,,,0,3.972301764652613,24.988280979917917,-0.0014010531809839721,1.4401013700100513,18,1.75701778503531,95.40638930769452
1,166,3.927161514522859,25.31758064759066,-0.0007708603085201243,2.7665836860758724,32,3.8655872894051146,26.759227749222546,-0.0004426780153728248,5.4164206173549445,64,3.7727987376732925,28.339587266204262,-0.0003167309433893327,6.5741867501025375,128,3.7023659964308475,29.41436651810601,-0.00025633446893183373,8.519760372012755,192,,,,,0,,,,,0,3.974806694075131,24.58822046818366,-0.0015118326334158797,1.345087033142704,17,1.74687061798379,94.8553962680492
1,170,3.9265406890963064,25.31735116545495,-0.0007754457784954318,2.786445576534309,32,3.8646642639628794,26.762628860024385,-0.0004448141411462642,5.3679524337987345,64,3.7703850901568057,28.364534305091397,-0.0003166576923661473,6.620322555032157,129,3.7001211692472973,29.453993504674532,-0.0002561937823839649,8.550040044217319,193,,,,,0,,,,,0,3.9744087527132486,24.59001129208892,-0.001519199572053076,1.3472121469274114,17,1.74171725074571,94.5755674779542
1,174,3.9270454524478566,25.634309429318336,-0.0007737775601567737,2.7783994383517907,32,3.8651481769969562,27.084518798586302,-0.00044514046586846307,5.391656227494153,64,3.7706520554289638,28.694678622105116,-0.00031737907909606906,6.62016709060314,129,3.700198144692799,29.793539709832793,-0.0002568363067555874,8.660164805605476,193,,,,,0,,,,,0,3.9748278852799115,24.904615405512367,-0.0015147297123880227,1.3396793723151568,17,1.73642250564782,94.28806184403476
1,178,3.924969494504338,25.42688590107155,-0.000779193200985867,2.7744883620103273,32,3.8627457009115407,26.875240138048696,-0.0004477114020327694,5.366585491871064,64,3.7678598741323244,28.467124466521426,-0.0003187007360041053,6.610702431211717,129,3.6972356509366793,29.56657403915708,-0.000257579796901331,8.590494134579124,193,,,,,0,,,,,0,3.9730983423162165,24.701589865577056,-0.0015252772762649068,1.3493886127875712,17,1.72632172392358,93.73958753620327
1,182,3.9231622703723725,25.29369490623502,-0.0007838919525132673,2.822589320407218,32,3.860649974328274,26.74871944537839,-0.0004499908056483794,5.406356306761875,64,3.765438167561207,28.345003592544785,-0.0003197435891232241,6.634706802094527,129,3.694717320862182,29.446872225648345,-0.0002580722181440261,8.63493977080621,193,,,,,0,,,,,0,3.9715590629013313,24.556917709228493,-0.0015354946990325852,1.3576125169362854,17,1.71580653893301,93.16861105469168
1,186,3.9222520363299127,25.166075121680215,-0.0007887669698657981,2.8451184240521705,32,3.857742069323634,26.668916850550865,-0.0004485591486464051,5.461125203187507,65,3.7639827649262285,28.234339497110504,-0.0003210646199522195,6.712426338438007,129,3.6931156106759118,29.348121213846028,-0.00025884851069256983,8.758765260135824,193,,,,,0,,,,,0,3.9755717726773065,24.38038736491152,-0.001657202861327691,1.2738705433347022,16,1.71053335113519,92.88227598613614
1,190,3.922105251304644,25.289637806472655,-0.0007891628499594445,2.8479579204942773,32,3.8591648317156784,26.77052075149728,-0.0004531115066402626,5.4772898651166955,64,3.7646748279530797,28.375019784352233,-0.00032284552318602135,6.7651054813892735,128,3.6924348564593727,29.53470402587112,-0.0002591748557818999,8.890303027369523,193,,,,,0,,,,,0,3.975468147281873,24.49999843048146,-0.0016572591803507035,1.2788771134484875,16,1.70601449964852,92.636901518198
1,194,3.923446948929917,25.777618983686885,-0.0007873692356041648,2.81193868040922,32,3.860444965108244,27.242964044100596,-0.0004532956062656615,5.4231348668539745,64,3.7643093644011754,28.846937711990176,-0.00032287894267786493,6.680403835673847,129,3.692953631728047,29.95968880338709,-0.00026046296115805965,8.706365542991538,193,,,,,0,,,,,0,3.976627214367224,24.994747606145523,-0.0016511941089209614,1.2553311182924425,16,1.70031102726426,92.32720191735562
1,198,3.921532048281648,25.58928406040524,-0.0007918418829201448,2.8240476191856025,32,3.858276677619008,27.04965813142549,-0.0004553401808099669,5.406523935731045,64,3.7619691444723538,28.64486679233524,-0.0003237020870474028,6.698022520069227,129,3.690586500023415,29.77501022154414,-0.00026078501420362084,8.792936795277381,193,,,,,0,,,,,0,3.9750818839282984,24.80480884326241,-0.0016616074137286163,1.2671861878728166,16,1.69457986017979,92.01599848919145
1,202,3.92064016160519,25.46785108949439,-0.0007975862273402028,2.8228553835908734,32,3.8569052185962107,26.934311855651753,-0.00045864050054890664,5.403660917176371,64,3.7614376345303344,28.520524694034002,-0.00032633744764716234,6.715269376481803,128,3.6886519762192638,29.674449795144117,-0.00026140588161210454,8.774776905166096,193,,,,,0,,,,,0,3.9746026754709023,24.677569376523625,-0.0016726440898054019,1.259088219980658,16,1.68490290866093,91.49053823956656
1,206,3.9188070504483434,25.273950629566862,-0.0008027514840773209,2.8751867695500444,32,3.854793218505124,26.75012129565513,-0.000461100255691344,5.451260209329874,64,3.7577114392538107,28.35622159501397,-0.00032654754527215713,6.772710541710584,129,3.686012228872596,29.498831129077786,-0.0002622955064015742,8.820000491511653,193,,,,,0,,,,,0,3.978093117923797,24.43090578970949,-0.0018193856963278166,1.1886428527985409,15,1.67447415911597,90.92425521866993
1,210,3.9185143085294607,25.424950120608457,-0.0008028341033060439,2.866127147657757,32,3.8544374401091224,26.90158395703562,-0.00046139031968854473,5.453588853742431,64,3.7572660425673536,28.524729818337196,-0.00032676460056175403,6.8709937740573,129,3.685525527755166,29.690688830906044,-0.0002624517136235671,8.97237526717894,193,,,,,0,,,,,0,3.97782839270245,24.581888051690395,-0.0018173622099801653,1.1843694669535978,15,1.67456924798791,90.92941856192826
1,214,3.918732266242864,25.70023580179991,-0.0008004751457100682,2.741887302344015,32,3.854507049620672,27.121475677270055,-0.00046224733012569316,5.252917000853667,64,3.756591248851478,28.641961849967988,-0.00032905688166322614,6.499424058061983,129,3.684249286496957,29.738673491980542,-0.0002644896618962715,8.47851395326219,193,,,,,0,,,,,0,3.972911264784271,24.937802951053882,-0.0016776258177134584,1.1997449223322647,16,1.66371637598141,90.34010561326173
1,216,3.919526575690087,25.659947154829034,-0.0008095457625239647,2.843025316092934,32,3.8547446791001945,27.135029101001006,-0.000466150617464286,5.435922799485446,64,3.7579969100560024,28.73049823381524,-0.0003308196503378439,6.81406059155756,128,3.684475429820609,29.911807906653923,-0.00026429165559834823,8.920514640225441,193,,,,,0,,,,,0,3.979383534135967,24.820281787505056,-0.0018296052655823055,1.1688880595536801,15,1.65901386874825,90.0847586044663
1,220,3.916236086276837,25.476596784732354,-0.0008127171138639761,2.8703675018256263,32,3.851311089232923,26.964013153173667,-0.00046731560278723754,5.461608624137721,64,3.7543950174406855,28.570989209053245,-0.0003314927346501655,6.892319031316493,128,3.6818189168721998,29.754637156880705,-0.00026544641870120995,9.011055708209295,192,,,,,0,,,,,0,3.97631861164806,24.628091494446537,-0.0018390835875075617,1.1817757173545367,15,1.6538540573335,89.80457989439137
1,224,3.914202702730618,25.341946448506555,-0.000817780585322479,2.8979669134576156,32,3.8490042358971053,26.830547834226078,-0.00046976226971176673,5.480711290653485,64,3.7505880695730527,28.461833021116842,-0.00033117874370548593,6.966097562466615,129,3.6782510489927636,29.65767163135773,-0.0002650629281853199,9.12382055868568,193,,,,,0,,,,,0,3.9800767312698975,24.438865947282796,-0.002009035346792725,1.0992482611465775,14,1.64265378213013,89.19640288815545
1,228,3.912888859437839,25.336295113367306,-0.0008202876920474473,2.904410501007721,32,3.8474552980836956,26.832023193063087,-0.00047145057011921214,5.483687098051938,64,3.748817730981326,28.465984007273438,-0.00033201016020062933,6.9937914817706925,129,3.6763789482742655,29.669133477735027,-0.0002654894091607291,9.157649961316725,193,,,,,0,,,,,0,3.9789735806712048,24.429867569899734,-0.0020154993264361364,1.0984449819923405,14,1.63785784302237,88.93598251136243
1,232,3.913004939898671,25.401034254894732,-0.0008222564746115844,2.906554419456416,32,3.8473254151559244,26.898636595390226,-0.0004730055408499424,5.484800216612381,64,3.7483115686023205,28.538247551328237,-0.00033331475207091485,7.013884504895657,129,3.6756340339597284,29.745807118900565,-0.0002664650460246813,9.18891712740966,193,,,,,0,,,,,0,3.9793302011147214,24.495999475696586,-0.0020198191602860145,1.0953463491325763,14,1.63273504070991,88.65781340235759
1,236,3.912597389451809,25.4378639929786,-0.0008260110628213079,2.9012335134553204,32,3.8466288744111288,26.935352533941888,-0.0004751477971548511,5.469197096900292,64,3.748555408790975,28.556104576402753,-0.0003358258160236826,6.9871293281642615,128,3.6743665504296903,29.78914683834804,-0.0002673027160270304,9.216298149667875,193,,,,,0,,,,,0,3.9792435388833605,24.531754997339352,-0.002027435765955287,1.080739661129826,14,1.62775289155336,88.38728178562198
1,240,3.9109325579785814,25.409291087707025,-0.0008285943357117503,2.9286276731575356,32,3.844748165416124,26.913628047560294,-0.00047657828801825054,5.490463393503511,64,3.7451483060636455,28.557157117281005,-0.00033537128601146543,7.053403812013752,129,3.672155839923302,29.77920996703979,-0.00026784457452019427,9.281274450839863,193,,,,,0,,,,,0,3.9778580819177947,24.49748512015086,-0.0020375222905218834,1.0876874227380746,14,1.62212548552116,88.08171260170519
1,244,3.910026715243509,25.37625362843565,-0.0008327137355846768,2.9300523282997233,32,3.843616140815996,26.883042609844544,-0.00047851446670651814,5.487045234297792,64,3.743700913142768,28.533014073487962,-0.0003364306928540688,7.093840724479911,129,3.6705270195538313,29.76111046671877,-0.0002685560702277347,9.311186260745778,193,,,,,0,,,,,0,3.9832845084487127,24.415053987753215,-0.0022351948956139743,0.9961695815758276,13,1.61132566037658,87.49528010741024
1,248,3.908767134902143,25.373246282136694,-0.000835523298934798,2.9498199212644636,32,3.8420984649221266,26.887860209291723,-0.00048035063305880085,5.51445453221627,64,3.741947324037062,28.54050318473497,-0.00033737003538101553,7.121432390408046,129,3.668650125487932,29.779249609725003,-0.0002690523082861875,9.385887295251404,193,,,,,0,,,,,0,3.982283091972101,24.408257770058167,-0.002243328815501686,1.0052869747154922,13,1.60656313974884,87.2366743602368
1,252,3.907739581504559,25.36537462130539,-0.000838905969407917,2.962999640919822,32,3.840782732411494,26.88007277189353,-0.00048218726614607054,5.509078925619896,64,3.741607529063905,28.516031917692175,-0.0003397461516046114,7.113834535735446,128,3.666807730332976,29.782418146519653,-0.0002697672022821126,9.407548526761463,193,,,,,0,,,,,0,3.9815582423491214,24.396004501322473,-0.002254167014404256,0.9958173396996841,13,1.60151422339176,86.96251727221627
1,256,3.9066215583443507,25.312530092921744,-0.000842785139568512,2.96083832986843,32,3.839370163971931,26.830468463460498,-0.0004845177231698817,5.523808005573873,64,3.7385137143451987,28.49272257158432,-0.0003397081181949286,7.176877203182176,129,3.6648656408392277,29.74775256242457,-0.0002706238085772558,9.457065580448752,193,,,,,0,,,,,0,3.9808315203411677,24.341250912171457,-0.0022621235555121085,1.0066172431715223,13,1.59036923140033,86.35734215456989
1,260,3.905528193165176,25.262565449793236,-0.0008477185974242699,2.9637582022509363,32,3.8379435013756584,26.785508574866963,-0.0004872022152155285,5.521666330201246,64,3.7367564078198625,28.447930015293572,-0.00034102834981549434,7.194180186555766,129,3.662893944081308,29.713419870839985,-0.00027143038833614153,9.516589080166423,193,,,,,0,,,,,0,3.9801979889017427,24.289437191356853,-0.0022716078456798162,1.0080988587691877,13,1.58578899682422,86.10863457357058
1,264,3.905249770498097,25.26238927613307,-0.0008512632181284049,2.8991824652271845,32,3.837463843779225,26.760761188202082,-0.0004885274464940234,5.40125531847935,64,3.7356605135439844,28.39406781289201,-0.00034306467403659837,7.065994663634051,129,3.661267740580041,29.631802420371258,-0.0002733287065424115,9.319366781814463,193,,,,,0,,,,,0,3.9869962020315,24.257572684754255,-0.0025152058931259343,0.8745790096001436,12,1.58494307073741,86.06270063126725
1,266,3.9097704392594843,25.83174898393815,-0.0008429220134286501,2.9077588335301137,32,3.842327956467874,27.3347856647717,-0.00048570423917493436,5.475280824805505,64,3.7410308695739856,28.970423096268767,-0.0003411179056282482,7.069857681600009,129,3.6669857477674292,30.194304140724064,-0.0002719108550072622,9.236952477471455,193,,,,,0,,,,,0,3.984042402401281,24.8713909270114,-0.0022553889757349465,0.9843667137302958,13,1.59552638924959,86.63737677555004
1,270,3.9027317152825587,25.205114496037943,-0.000853382109333462,2.9621769436006105,32,3.8347404968026813,26.722897094311882,-0.0004900438819092977,5.510778874119783,64,3.733035991728394,28.373838377527424,-0.00034275840235788895,7.174351354953412,129,3.6588980017389554,29.632120240855375,-0.00027255316893585893,9.447553990602948,193,,,,,0,,,,,0,3.984695719307622,24.183322739515905,-0.00252249328082081,0.8893654622243368,12,1.5747301747801,85.50813849993258
1,274,3.899747827334645,24.813559653966834,-0.0008634877059007478,3.0130054223581944,32,3.8311672273345048,26.3543905707648,-0.0004944091990368664,5.568178708988732,64,3.7304306048047486,28.01830554339548,-0.0003455375669851406,7.287672978196337,128,3.654824568884683,29.33324043679809,-0.00027325213831555544,9.668938506696605,193,,,,,0,,,,,0,3.9827500065190886,23.77381994424223,-0.00255907940007783,0.905360089258032,12,1.56490199509379,84.97446653296429
1,278,3.8993840442181256,24.916270051136603,-0.000866981585113447,3.0275489587053137,32,3.830505568738629,26.458475053231325,-0.0004965071048323325,5.568021342618234,64,3.7294022727555083,28.13245223203237,-0.0003467586401721086,7.3264927273324965,128,3.653636583297487,29.462661034971394,-0.00027401514355441327,9.766249187063117,193,,,,,0,,,,,0,3.98272847490422,23.872017863942684,-0.002562339932819478,0.913523472440918,12,1.55976594733704,84.69557819389517
1,282,3.9001488539954616,25.39603104056171,-0.0008619342904330643,3.007706317314998,32,3.8313959750037982,26.936336920191835,-0.0004954056655554694,5.5560558043783494,64,3.7301811674368577,28.6126327622244,-0.0003471019286560641,7.319536487272245,128,3.6542740367812216,29.940149713280505,-0.00027444935718462597,9.751807118390726,193,,,,,0,,,,,0,3.982958151833389,24.354680011652658,-0.00254746980096202,0.9076114249805727,12,1.55948156681842,84.68013627936132
1,286,3.9011341416477894,25.731400761324938,-0.0008603053333061543,2.9872124706215892,32,3.832276034833284,27.256699457833005,-0.0004958075716046373,5.489476615866341,64,3.7306814358917366,28.904245249613297,-0.00034819611095534636,7.2350803212406305,128,3.654448743120885,30.22364549026995,-0.00027543970840162316,9.669802844405496,193,,,,,0,,,,,0,3.9838231548481393,24.70361729103249,-0.0025361256657424856,0.9137897249397469,12,1.55468935359061,84.41991821853574
1,290,3.899259621933486,25.605332204190937,-0.0008656395718211279,2.9982856761286705,32,3.8300900009374557,27.136016479769367,-0.0004984448113797527,5.496097938026946,64,3.72685867154236,28.8098557451644,-0.0003480427362517175,7.313956780557586,129,3.651843949467291,30.11726710693529,-0.0002761639234389849,9.715308220226063,193,,,,,0,,,,,0,3.982475478653937,24.571167888868985,-0.0025538711014607834,0.8974262789492364,12,1.54887410798904,84.10414931140878
1,294,3.897625889002922,25.41017925726047,-0.0008733101952296432,3.0129779845847686,32,3.827919171779088,26.94195174221428,-0.0005020111349683667,5.518436373734492,64,3.7242259670034366,28.614573645902283,-0.0003497842630135679,7.351023252024092,129,3.648946276631899,29.92545151593318,-0.0002773515019990918,9.735425464636315,193,,,,,0,,,,,0,3.9891771348287914,24.324040620500167,-0.002858639855600973,0.8075406445782995,11,1.53823659894256,83.52653061113354
1,298,3.8941590394195305,25.085197891360597,-0.0008799226458369857,3.0439216992989273,32,3.824085773787181,26.63263743028129,-0.0005046644937057858,5.545799515598816,64,3.7214776438681945,28.3076557117272,-0.0003520237090294219,7.363429718253268,128,3.6447802194597574,29.66157670688403,-0.00027775079175298837,9.874812769800087,193,,,,,0,,,,,0,3.986551042089568,23.98481858981894,-0.0028884801908407296,0.8036509536777174,11,1.52791425825103,82.96602561057489
1,302,3.8941078299048284,25.277693344400266,-0.0008788163362684017,3.085329423274416,32,3.8239607303921406,26.83514490560603,-0.0005050946029101991,5.570512016134675,64,3.7212670341713108,28.530868181967513,-0.0003523531184675449,7.473651536806457,128,3.6445429669629883,29.912656926367433,-0.0002778845394844866,10.026951652898411,193,,,,,0,,,,,0,3.9864831415624904,24.170391074203668,-0.0028833701335305214,0.8103918439368982,11,1.52852526297564,82.99920327964658
1,306,3.8957991958120797,25.66064053876923,-0.0008768530923298596,3.0455691827258953,32,3.8256520401735736,27.211151459703473,-0.0005051213501664974,5.551311094813009,64,3.7212575870525746,28.915060071373702,-0.00035198049773411255,7.451405521843466,129,3.6456093736326087,30.261895842120058,-0.00027882876536042815,9.951142170899896,193,,,,,0,,,,,0,3.9878827237555075,24.56279273085146,-0.0028751443931948235,0.8017212397041753,11,1.52264732528438,82.68003018050378
1,310,3.8951601330552545,25.71780334715775,-0.0008803792568385943,3.033092584900409,32,3.8248043894057613,27.26448825008682,-0.0005067822437773666,5.53250281568841,64,3.7201429859192707,28.966654262578746,-0.00035292749326145306,7.461271404348807,129,3.644329474776869,30.317339116269736,-0.0002795192908802699,9.967192506107377,193,,,,,0,,,,,0,3.9874818245879426,24.624185822044772,-0.002881962168127103,0.7990158360632797,11,1.51748599384899,82.39976893302816
1,313,3.9236672575347207,25.458939257581875,-0.0008656287480234343,2.8984744786335845,32,3.855838560052913,26.969698810424028,-0.0004891489270466684,5.599810370705146,64,3.749896138314686,28.74618243351324,-0.0003555818384073564,7.194952435030114,129,3.671451781160647,29.997339557072035,-0.000286293701971915,9.588472202908374,193,,,,,0,,,,,0,4.006688429603747,24.458567045635792,-0.0025621413102758744,0.8596001196409624,12,1.60581889913066,87.19626195760692
1,316,3.906840934660707,26.134022349918464,-0.000851529738978158,3.0192118118267786,32,3.838281101385709,27.67896838139292,-0.0004936775170635889,5.5919317309859835,64,3.736241482731223,29.32638760875185,-0.0003491989430986874,7.225950411382588,128,3.659872482463079,30.628876403375248,-0.0002760689777221917,9.632437334828158,193,,,,,0,,,,,0,3.9819366132593768,25.14495127808904,-0.0022740347547682517,1.0194485221598804,13,1.56384914467444,84.91729656129593
1,320,3.9031223836244218,26.135115531815295,-0.0008570767797699239,2.9952577929752486,32,3.834109531605112,27.67095721194811,-0.0004970397127961138,5.533385173672794,64,3.730183617356185,29.332862595223883,-0.00034971492259708726,7.277482163899023,129,3.65489664884104,30.630500909922436,-0.0002772266853435017,9.683612609686321,193,,,,,0,,,,,0,3.9853723592508703,25.102877224822723,-0.002519080230314684,0.9162590984270338,12,1.54809152477678,84.06165489885902
1,324,3.9004866633394606,25.903750637269702,-0.000865357066098362,3.007004802661264,32,3.8308691088840474,27.445595380423935,-0.0005013602217474652,5.526554533660757,64,3.7264420210569296,29.121675850454224,-0.00035157420593089517,7.338304810287735,129,3.6509070317944823,30.44037977521098,-0.00027838044055255846,9.796471234554495,193,,,,,0,,,,,0,3.9836658894193264,24.862275111010273,-0.0025457154413371175,0.9026147098595736,12,1.53237556318686,83.2082752902044
1,328,3.897630642601344,25.689955567563633,-0.0008725934431931354,3.051135696860925,32,3.8274966393581673,27.247090045345182,-0.0005050200396469113,5.571798955703873,64,3.72266832476589,28.936948033740897,-0.00035297152805778987,7.439912283952708,129,3.646989629028244,30.271715859489312,-0.00027913534426471614,9.904104659636996,193,,,,,0,,,,,0,3.9891741637195364,24.587609313935683,-0.0028559900501993266,0.8127300291321085,11,1.52695282684897,82.91381970838151
1,332,3.8960406275386683,25.579606288714977,-0.0008775465130762988,3.058422291100584,32,3.825538239124723,27.136386878743544,-0.0005076719332884649,5.57772378788669,64,3.721721273575878,28.81553805573856,-0.00035576971974675056,7.446273175030097,128,3.6444461228122913,30.190147459758688,-0.00028008315369157404,10.004158360829699,193,,,,,0,,,,,0,3.9881366621254757,24.472882659236276,-0.00287072204182029,0.8147237373716578,11,1.51695730171363,82.37106085271179
1,336,3.8948796548304587,25.637521162469923,-0.0008810652202738547,3.073066089255562,32,3.8240796956749525,27.19782171135117,-0.000509569333549674,5.574321446097681,64,3.719976035273167,28.87815671866545,-0.0003567667734229442,7.4639473254370365,128,3.642536836100779,30.260686155761164,-0.00028072651427562737,10.03691941099482,193,,,,,0,,,,,0,3.9874175612253495,24.531509292885588,-0.0028806998777969692,0.8162139728386428,11,1.51189759601427,82.09631790141844
1,340,3.8941860658767906,25.667840266816704,-0.0008834678556981575,3.075726965793873,32,3.8231364843425117,27.22926559769001,-0.0005112599174649749,5.589921817930421,64,3.7172933674439594,28.935744589201896,-0.0003565558817680888,7.519852240058174,129,3.6410231518844136,30.303273721825377,-0.0002816458256751391,10.084353711620153,193,,,,,0,,,,,0,3.986939920218525,24.55480246010659,-0.0028891301760920517,0.825156488877063,11,1.50656389606811,81.80669701206385
1,344,3.8932483806272016,25.698126938206347,-0.0008870543167191059,3.085586505623759,32,3.8219194872043687,27.259386242205046,-0.0005134778153069069,5.57665068828981,64,3.717118744336136,28.9471906793264,-0.0003590663386496239,7.5081581416154535,128,3.6392564863737253,30.34364874992983,-0.00028238942337393375,10.11029557082649,193,,,,,0,,,,,0,3.9863950198757863,24.58736193046,-0.002899743234361143,0.814103169862193,11,1.50154535266714,81.53418918115372
1,348,3.891639992846377,25.67406197492609,-0.0008909910004909106,3.1026973873236976,32,3.820114884503625,27.238994730165185,-0.0005152275991150027,5.570180077240305,64,3.7137334866223415,28.956808445356227,-0.00035864441736356404,7.5981581682074975,129,3.637129826842236,30.34699017284672,-0.0002830630275606814,10.188726271870351,193,,,,,0,,,,,0,3.9852013246753497,24.55661588224008,-0.0029081475509681294,0.8196408158691177,11,1.49084440504002,80.95312575426658
1,352,3.8910516738740246,25.71456572704213,-0.0008933101053265584,3.105709150840127,32,3.8192434484707434,27.28288976694953,-0.0005168849530207641,5.577757973842402,64,3.7125025496258455,29.0048387838779,-0.00035970055183067655,7.61119462827871,129,3.6356743703975747,30.40053973387285,-0.00028384964515319717,10.223820777051412,193,,,,,0,,,,,0,3.984872881814282,24.595575928466836,-0.0029260101678249533,0.8151561315593199,11,1.4858683845612,80.6829269258604
1,356,3.8898091679556988,25.713947828335762,-0.0008961768489765347,3.1128309357874,32,3.8177689941359483,27.28523658305884,-0.0005185419804278752,5.586352191024812,64,3.710756463598935,29.01306397630795,-0.00036060579273695806,7.640742537677799,129,3.6337709338653337,30.417103888871335,-0.0002844825049970738,10.28832862432283,193,,,,,0,,,,,0,3.992677574725512,24.541388656989437,-0.003290576652649722,0.7141826488316205,10,1.48041367797611,80.38673535372676
1,360,3.88908491574837,25.705505966835247,-0.0009006853043728251,3.1191575953884723,32,3.816681844362896,27.27953602768011,-0.0005209953445123376,5.584538886777132,64,3.710706829065099,28.99009834808212,-0.00036328639538044284,7.623950064469998,128,3.6320895216775058,30.42583868602595,-0.00028539751686299636,10.32739176942055,193,,,,,0,,,,,0,3.992546294151711,24.527841886992057,-0.003296402942111262,0.7116847373395814,10,1.47520958690316,80.10415225005684
1,364,3.8864122546617494,25.780249609550054,-0.0008860449886844255,3.0890903873891986,32,3.815052423319547,27.342425516538512,-0.0005136974279246837,5.532121122277172,64,3.7085554096102387,29.05633694438619,-0.0003587522733596422,7.572327206316565,129,3.6317901709635665,30.461289242307156,-0.000283454255357489,10.261626597188837,193,,,,,0,,,,,0,3.9795638015487707,24.661288430404067,-0.0029213193669387237,0.8133210213248923,11,1.4859035988304,80.68483906716317
1,367,3.898245332038352,26.477487856376506,-0.0008916372483664088,3.0559418529518965,32,3.826360696662591,28.038581843140626,-0.0005172867262120543,5.559509648449946,64,3.7204327639084296,29.721957510762955,-0.00036267788370690566,7.480104443320087,128,3.6418025151068503,31.11003014988424,-0.0002851348044119912,10.044673408087043,193,,,,,0,,,,,0,3.9917759437668625,25.37068728667214,-0.002898440157149644,0.8033240931395973,11,1.49609182981367,81.23806188586506
1,371,3.891631598509238,26.295361773507178,-0.0008915950031334078,3.1084832310045627,32,3.8195685154275054,27.863681539067247,-0.0005184750322369368,5.5713567469138745,64,3.713468909090756,29.555481716656267,-0.00036351509541007136,7.572074559890957,128,3.6347246828941517,30.97345313859851,-0.00028571732020214925,10.22076692298242,193,,,,,0,,,,,0,3.9853214963446764,25.174211516027185,-0.00291536354197375,0.821062655734675,11,1.4808005946929,80.40774500270479
1,375,3.889811532121664,26.135364085746247,-0.0009004438818823511,3.121568617411441,32,3.817187117770123,27.711807593405936,-0.0005227912706179021,5.586272513906341,64,3.7092107226384528,29.43641348242331,-0.0003638848269369743,7.659533636310439,129,3.631592083064627,30.848702967454447,-0.00028699043974369126,10.317499123998804,193,,,,,0,,,,,0,3.9931717765477814,24.960025465404378,-0.0032980691683086685,0.7006532955917493,10,1.46975432684668,79.80793062432481
1,379,3.8820411790417237,25.915640164418463,-0.0009024302636019991,3.1497189892812614,32,3.807078158668106,27.52801894962943,-0.000520185742126919,5.5723051721645795,65,3.7015017540448802,29.215171091465123,-0.000362755713704796,7.747182862327957,129,3.624282938410101,30.652158837451232,-0.00028577554897013405,10.434346147251052,193,,,,,0,,,,,0,3.9857468342163394,24.724491920139872,-0.0033210588570211645,0.7175986233399989,10,1.45390122748459,78.94710440938543
1,383,3.88508173353385,25.854689906679074,-0.0009102337392205787,3.156085851971408,32,3.8097885307662223,27.482789527254152,-0.0005227550136424454,5.646330152237574,65,3.7032664842699274,29.199270597319607,-0.0003659601567212558,7.813801681674256,129,3.6252895611022873,30.647871490221334,-0.0002885285174535399,10.516160685371581,193,,,,,0,,,,,0,3.989623158949118,24.662161212973587,-0.0033401300314673636,0.7191778178629278,10,1.45414620672357,78.96040682717852
1,387,3.8862792693000214,26.175641043212437,-0.0009097356028039781,3.1459912481685315,32,3.812801339667442,27.75883464910644,-0.0005279889527916236,5.593635102049696,64,3.705284937245186,29.481252519068153,-0.0003682621261421881,7.704891187402392,128,3.6268014258092536,30.92747094772888,-0.0002899880450368656,10.438169595612269,192,,,,,0,,,,,0,3.990784082884665,24.990562405519892,-0.003332782245243959,0.7058474119902911,10,1.45502375190668,79.00805769223405
1,391,3.8851687514397537,26.32366056248437,-0.0009083333216372157,3.152043681829351,32,3.8116260650768083,27.901688564244854,-0.0005285965441372825,5.5811810746044195,64,3.70398771323965,29.62367314836762,-0.00036884884525909494,7.730809698382512,128,3.6242790456177505,31.097783251233075,-0.000289577560536816,10.526746715159735,193,,,,,0,,,,,0,3.989510177708916,25.136558541973024,-0.0033308323964718455,0.7221934658634446,10,1.44904216376124,78.68325635434054
1,395,3.8829812030135082,26.05991765598254,-0.0009156141184026386,3.1604715362545655,32,3.809002777712877,27.64443133726016,-0.0005318613464285298,5.5901527156036295,64,3.7009521229603624,29.379927182823153,-0.0003704652800928789,7.770459968188497,128,3.621980217992858,30.842401815636283,-0.00029175148902550047,10.531900334011773,192,,,,,0,,,,,0,3.988391496208331,24.86170145016825,-0.003364050526333375,0.7074217578686195,10,1.43867093714806,78.12009683923326
1,399,3.8811874139562246,25.86672647180803,-0.0009214771730856832,3.1973714431413605,32,3.8068755142986026,27.45980117734425,-0.0005342938487031604,5.624364912336777,64,3.6971478268788744,29.236910939731267,-0.00036997831852798505,7.907525746864398,129,3.6183631534057703,30.717637034810025,-0.0002916754256193546,10.697182192437094,193,,,,,0,,,,,0,,,,,0,1.43344543215698,77.83635095586517
1,403,3.881802686474221,26.134307655021512,-0.0009228565551209786,3.2048137179531366,32,3.8053238334588855,27.769973592046558,-0.0005308313782264987,5.654216708007638,65,3.6973562810121194,29.503535808090326,-0.0003708054732979547,7.898644950464622,129,3.6184559120274176,30.988798605915623,-0.00029223449361405555,10.709808002583806,193,,,,,0,,,,,0,,,,,0,1.43339589008381,77.83366081216815
1,407,3.881898134039097,26.415392792791707,-0.0009194905069549879,3.1902034385983704,32,3.8074288669437264,28.00261530902912,-0.0005349616934668332,5.596886898376248,64,3.697260044195783,29.770014786330663,-0.000371215754090967,7.882918674975691,129,3.618231047466489,31.252882598946805,-0.0002926008878480562,10.687149390204233,193,,,,,0,,,,,0,3.9875624852218805,25.221791755522165,-0.0033716734071550666,0.7297176228117159,10,1.42806487344776,77.54418562704669
1,411,3.8805801485027267,26.27829743463562,-0.0009239699821606517,3.1646489845503503,32,3.8058457233049543,27.867304535052373,-0.0005369334826489212,5.590175272258371,64,3.696775794338093,29.61490222804727,-0.00037384797387161444,7.864540572462666,128,3.6160477655943906,31.131501287058562,-0.0002935009424934342,10.71963473338107,193,,,,,0,,,,,0,,,,,0,1.42292031817412,77.26483532824366
1,415,3.8782855272356516,26.069226942729916,-0.0009293908200095213,3.213487566097733,32,3.803193631826974,27.664192588035103,-0.0005397002385781329,5.623862392601804,64,3.6924016288275587,29.446169129668885,-0.00037342243494897586,7.957887502756947,129,3.612863557214861,30.952267401039848,-0.00029447557318576495,10.825148411506575,193,,,,,0,,,,,0,,,,,0,1.41742903273131,76.96665751739931
1,419,3.8761517959675764,25.856145542742492,-0.0009360098352407222,3.2259476173131105,32,3.800682247719352,27.459410317094516,-0.0005423082162251875,5.630694414768449,64,3.6910247371273313,29.235352668762168,-0.000376001503433286,7.992057701542482,128,3.609842510514572,30.78577923692169,-0.00029532080183456637,10.948903440563253,193,,,,,0,,,,,0,,,,,0,1.41240922879445,76.69408123915822
1,423,3.8770588097131604,26.11731017518412,-0.0009352174451682246,3.2275561839365032,32,3.8015452641085394,27.714692433539334,-0.0005428560696884037,5.632917485295675,64,3.6902703326186455,29.514018832260767,-0.0003750610228779851,8.019605377558545,129,3.61039768047991,31.040855907321273,-0.00029576767509676007,10.94555994316637,193,,,,,0,,,,,0,,,,,0,1.41257879294019,76.7032886034996
1,427,3.878414636350718,26.508696693892425,-0.0009317571428836389,3.2050841459922452,32,3.8028604254340843,28.103443434717224,-0.0005427088231526543,5.600312297267166,64,3.6927949733976875,29.86825421377556,-0.000377111729351108,7.934669990258616,128,3.611393199665213,31.413645255575904,-0.00029605607934473125,10.885781721899658,193,,,,,0,,,,,0,,,,,0,1.40759837314699,76.43285089151239
1,431,3.8778728311747415,26.585923852191296,-0.0009006226161457621,3.0692712720065245,32,3.804569244025706,28.12430157358196,-0.0005269314023412064,5.384015737019858,64,3.6967873941346348,29.79670753550377,-0.00036909611053527746,7.547431183349314,128,3.617018786692604,31.26057476035112,-0.00028977748460276207,10.385640261153593,193,,,,,0,,,,,0,3.981401507920409,25.42922155530916,-0.0033433281707331967,0.6962501659518878,10,1.43339204852215,77.83345221466253
1,433,3.8881490061588817,26.662696441003373,-0.000918218054505513,3.1160603305613,32,3.8136993400703503,28.240486773851877,-0.0005357736923836002,5.569739156179352,64,3.70288052800966,29.980180818441077,-0.00037302741246857747,7.7451929785987055,129,3.62360277261768,31.428498055810625,-0.0002935405719461086,10.4878640724591,193,,,,,0,,,,,0,3.993637007940028,25.483763661641575,-0.0033468864226943924,0.7051335231774303,10,1.43825501767929,78.09751233548145
1,437,3.880448140330425,26.319539468749365,-0.0009235124740317629,3.1666335662177225,32,3.8054784939742383,27.898100028740938,-0.0005389641356203743,5.544210666049359,64,3.694324591315724,29.654119752800145,-0.0003742810488074818,7.841113203855354,129,3.6147145869242268,31.13699867314316,-0.00029479820163774543,10.683353650117855,193,,,,,0,,,,,0,,,,,0,1.41735471744855,76.96262218385922
1,441,3.8771401486062507,25.95805421760525,-0.0009339765458676508,3.1857847279063414,32,3.801508413231158,27.549640374072215,-0.0005436077605358743,5.593610589213352,64,3.6912750901102727,29.307492323136906,-0.0003777875361477828,7.911084826051262,128,3.6097827958921,30.84550118128737,-0.00029639448015904627,10.840843649154369,193,,,,,0,,,,,0,,,,,0,1.40698166367764,76.3993634537507
1,445,3.8748786373594633,25.83733487963891,-0.0009401502152448158,3.2176040985619707,32,3.7988964969975356,27.438430800341315,-0.0005464099319817353,5.6286153512953945,64,3.6869821241687917,29.23761381026745,-0.0003773771586433073,8.03493092343263,129,3.6067166694969437,30.76864061062552,-0.0002974587423935028,10.961733349038273,193,,,,,0,,,,,0,,,,,0,1.40120377835876,76.08562321685423
1,449,3.8735967010508574,25.82119132349009,-0.0009429919929981802,3.232159372969747,32,3.7973836506206893,27.42107644067838,-0.0005480507032149441,5.61902945805015,64,3.6865221814802718,29.203418437289237,-0.00037995627975682386,8.016987457139269,128,3.604512415779496,30.771158246002578,-0.000298343178004977,11.02966645004695,193,,,,,0,,,,,0,,,,,0,1.39670082327263,75.84111192639295
1,453,3.8723161922603557,25.790252069166844,-0.0009461573775796815,3.248149662670002,32,3.795763590669042,27.393736786734667,-0.0005501341578249282,5.635793876104334,64,3.684637835300963,29.179513817403837,-0.0003809901161902711,8.05166312410833,128,3.6024093550298293,30.75939121651831,-0.0002992002001011258,11.10163506406662,193,,,,,0,,,,,0,,,,,0,1.39128478885273,75.5470202599512
1,457,3.8706549717238,25.755499839319093,-0.0009500526772119861,3.2574673734885025,32,3.793822795749346,27.360678923269628,-0.0005519734524339941,5.6307240416285005,64,3.6810102087437158,29.179861741021394,-0.00038020160076093046,8.142016772835476,129,3.600031784273303,30.743462954160773,-0.00030003531206012626,11.145184017609566,193,,,,,0,,,,,0,,,,,0,1.38622876779783,75.2724773855306
1,461,3.8689461072721034,25.64079346465284,-0.0009546275825926577,3.2678699536726654,32,3.79183257047542,27.24785267682637,-0.0005543239238230286,5.641667441608973,64,3.6787682777780732,29.07511050528566,-0.00038135156110734656,8.162987695746683,129,3.5975165219755514,30.648459481869757,-0.00030110080277148666,11.204514322919113,193,,,,,0,,,,,0,,,,,0,1.38043667619741,74.95796574493023
1,465,3.868526727152726,25.57390550820753,-0.0009595084765663839,3.2781006410724913,32,3.791094194426261,27.18884209253568,-0.0005568857793353852,5.6521353176448415,64,3.6776364286900445,29.0237738987882,-0.0003826924402924892,8.209061437282422,129,3.5960705642215034,30.60976301171251,-0.00030222921058745524,11.276334634805224,193,,,,,0,,,,,0,,,,,0,1.37523641502562,74.67559060559861
1,469,3.865834563141184,25.587154094084966,-0.0009597581273493309,3.284603538213865,32,3.78825199807857,27.198192539773824,-0.0005574239454862963,5.637481384296866,64,3.676190219530144,29.0195696269948,-0.0003843346154521163,8.205929435384085,128,3.5931010861295682,30.646113862440135,-0.0003023488673568934,11.34563417350816,193,,,,,0,,,,,0,,,,,0,1.3705128024895,74.4190975749656
1,473,3.866452008410724,25.616374243295397,-0.0009625230716789107,3.298424751575247,32,3.788638064048503,27.2338309788977,-0.000559074717943798,5.665681756939538,64,3.6761450444859256,29.056374021240956,-0.0003858781605606365,8.226962905977661,128,3.592680443071635,30.685111100265605,-0.00030372562143676264,11.380353169812413,193,,,,,0,,,,,0,,,,,0,1.37050855662704,74.41886702385212
1,477,3.8650556955456863,25.54561644548856,-0.0009661803789693031,3.3004826403642404,32,3.7870124542158954,27.163470355919657,-0.000560822394324812,5.666945311302818,64,3.6728149512887494,29.018515741466988,-0.000385108683589069,8.30295342441158,129,3.5905849272077943,30.631481802292882,-0.0003046315723054196,11.428148474378471,193,,,,,0,,,,,0,,,,,0,1.36473551086815,74.10538957595438
1,481,3.8658362157802655,26.21502760954428,-0.0009347668685710945,3.2130536107938212,32,3.789468123911549,27.795376709833725,-0.0005480157308328434,5.509591204919438,64,3.6783142418994754,29.563745213216276,-0.00038102039886879176,8.021322479600656,128,3.5959570814132396,31.1572939060766,-0.0002996175436445682,11.104589208548013,193,,,,,0,,,,,0,,,,,0,1.37539201689576,74.68403981580354
1,483,3.876981296546262,26.343428185180876,-0.0009481117165918586,3.2319141260511266,32,3.799913383232206,27.94687730692646,-0.0005539575522755258,5.630856537056495,64,3.687483122927274,29.728912482624512,-0.00038514578295814405,8.030145132851295,128,3.6044594239531667,31.301539390897606,-0.00030212248142605537,11.069345467630761,193,,,,,0,,,,,0,,,,,0,1.38611151515354,75.26611054535188
1,485,3.8711582122119594,26.103875156794345,-0.0009580495880403498,3.2781757241447735,32,3.7933714729862644,27.71988901910912,-0.0005592490666913464,5.665508553476055,64,3.679099277673111,29.55787152234094,-0.0003853297190234417,8.231703521649074,129,3.5971425181237913,31.14780084125722,-0.0003038216591076237,11.293482046195756,193,,,,,0,,,,,0,,,,,0,1.36985000358389,74.38310747232698
1,489,3.8668046776760727,25.87414765333859,-0.0009616502323030351,3.3029620286533365,32,3.7887158787657995,27.493522029057644,-0.0005608780624240762,5.676961359046835,64,3.6741175910391815,29.353377507456823,-0.000386193740512826,8.317696933944308,129,3.591761234424756,30.96828523309904,-0.0003051744809014436,11.43921129307807,193,,,,,0,,,,,0,,,,,0,1.36478279492608,74.10795710900801
1,493,3.8641191054357487,25.579447090732494,-0.0009698630221056948,3.33085863437989,32,3.7856236823252876,27.21045736638451,-0.0005639932004200683,5.709999398362914,64,3.67073672321122,29.085785912128255,-0.0003873443387352731,8.408977731474778,129,3.588083990571745,30.72677978731857,-0.0003062339140904734,11.592859665899518,193,,,,,0,,,,,0,,,,,0,1.354322046626,73.53993654981534
1,497,3.865278080255946,25.936403281728186,-0.0009669773683976341,3.310405881166954,32,3.7867191390705526,27.565642244634716,-0.0005639986577354401,5.698205025915286,64,3.6731497414038743,29.41737869684454,-0.0003893650973245166,8.35080624725299,128,3.5890169046345073,31.084305271111212,-0.00030626979160490214,11.566236376646799,193,,,,,0,,,,,0,,,,,0,1.3546417018379,73.55729388669064
1,501,3.8657597328985647,26.185468069509582,-0.0009654202500816038,3.3055941635729944,32,3.7871786176504196,27.80240389605524,-0.0005642459016322659,5.654721945375112,64,3.673375406297432,29.63531009329929,-0.0003900565021016035,8.29054115490225,128,3.5890302317335854,31.29189767693218,-0.0003069417064015849,11.515844142759612,193,,,,,0,,,,,0,,,,,0,1.35470392131924,73.56067241598603
1,505,3.86395659438187,25.948477509087432,-0.0009718797843748742,3.3158477299809235,32,3.784951354827082,27.571214135394037,-0.0005673565138282014,5.6694039031698225,64,3.670723059969795,29.416812928209755,-0.0003915519282079314,8.33104170202504,128,3.58596793496201,31.08241560036728,-0.0003085164188596254,11.568924703972215,193,,,,,0,,,,,0,,,,,0,1.34931499750346,73.26805286034079
1,509,3.861238069068787,25.635306560206544,-0.0009803940178565204,3.3415124878899007,32,3.781807210020909,27.26231499188364,-0.0005706617461404481,5.713849607002523,64,3.6672446251708726,29.12431828629112,-0.0003929248313478437,8.410253916747966,128,3.5820178772210705,30.814783254317295,-0.00030997383062093554,11.718710252418685,193,,,,,0,,,,,0,,,,,0,1.34418919379706,72.98972077509227
1,513,3.858887787987876,25.447257934541387,-0.0009853377699195877,3.38773021171907,32,3.7791860994841713,27.090305733826835,-0.0005727016433957073,5.749875088672415,64,3.6629480853115934,29.006740831913834,-0.00039202400826329124,8.579059838101635,129,3.5789903002466725,30.69137962180091,-0.00031082853189817874,11.848188315108004,193,,,,,0,,,,,0,,,,,0,1.33899137906958,72.70747847813722
1,517,3.860224358323931,25.738607952852455,-0.0009827603389506105,3.361905539269486,32,3.780519933537683,27.379480556397148,-0.0005724822944529472,5.743200018598905,64,3.6642204214745755,29.295238091058543,-0.000392186272532957,8.56316827511716,129,3.580360185388569,30.98557417490974,-0.00031064872237927647,11.853751416401298,193,,,,,0,,,,,0,,,,,0,1.3389145230207,72.70330518052887
1,521,3.8602545199474196,25.844549517487163,-0.000982336994879772,3.3546497748264024,32,3.780418689183784,27.479872077813262,-0.0005732563805075119,5.707015553245107,64,3.6653064290170168,29.355107984018865,-0.00039477658413553264,8.470916445911726,128,3.5796389013789978,31.05991252466329,-0.0003116151085890723,11.788240255045793,193,,,,,0,,,,,0,,,,,0,1.33400667597617,72.43680818215978
1,525,3.857234300740049,25.58006814961771,-0.0009895159883478177,3.3714799683769456,32,3.776972084375551,27.220848099678843,-0.0005763846715565048,5.721233947592427,64,3.661626586124647,29.105246766622013,-0.000395700428164522,8.52710350913117,128,3.57562128813087,30.828000089770214,-0.0003127226059786015,11.89582249640048,193,,,,,0,,,,,0,,,,,0,1.32864443091749,72.14563728793834
1,529,3.854854789950723,25.29550503785198,-0.000996678712569235,3.4084005674194486,32,3.774313865714725,26.943510539965423,-0.0005789141813870834,5.763551291522962,64,3.6571226504277825,28.88152546768802,-0.00039528534386965144,8.667031645919042,129,3.572170777692829,30.600493265625087,-0.00031431599581846015,12.03371023518665,193,,,,,0,,,,,0,,,,,0,1.32317089922762,71.84842350914826
1,533,3.853564265755786,25.174727293416883,-0.0010002721672886003,3.4396170063578424,32,3.7727996600561506,26.837036797401048,-0.0005802879357405687,5.8139005734354186,64,3.655421459684817,28.799937531182728,-0.00039589156397701607,8.770819149999646,129,3.570283412881684,30.542392049371166,-0.0003149105509692439,12.182142003524127,193,,,,,0,,,,,0,,,,,0,1.31816915884452,71.57682808520298
1,537,3.855308069981484,25.54314519117709,-0.0009956893513842877,3.415082197929614,32,3.7746050465994414,27.197390910062467,-0.0005796409569546911,5.785481531126944,64,3.6571352327987032,29.151634242071285,-0.0003960600878835135,8.730775753408178,129,3.5720838304827076,30.892230156820567,-0.000314626783791375,12.160218157519349,193,,,,,0,,,,,0,,,,,0,1.31846644366403,71.59297070565168
1,541,3.8551794917722706,25.560376607777023,-0.000997850331256593,3.4170146704230326,32,3.7741610258687515,27.21173470746408,-0.0005813682974672945,5.772145377091967,64,3.657884998900551,29.122679058543625,-0.0003989115428893907,8.637960374673419,128,3.5710870458708555,30.879065796633526,-0.00031565890160320075,12.10390179310469,193,,,,,0,,,,,0,,,,,0,1.3182930401027,71.58355486033668
1,545,3.8451108124251667,25.188197634462867,-0.0009771577571573797,3.430122224066295,32,3.76595015246646,26.82713086963407,-0.0005684140396059967,5.717193396059731,64,3.650913490433048,28.75493220274547,-0.0003880362746843263,8.671859207872263,129,3.5676425086526344,30.480434971606464,-0.00030811610279475826,12.061338678579833,193,,,,,0,,,,,0,,,,,0,1.32387242224427,71.88651633814797
1,548,3.869235934551138,25.7712724587669,-0.000971623726089982,3.3068882027308533,32,3.7901518239806395,27.40453926407332,-0.0005684313123700044,5.715035491517238,64,3.6737164876862733,29.27179348084828,-0.0003920852487662681,8.34594159972967,129,3.590329194564004,30.89519233682606,-0.0003091743712256885,11.49323386483129,193,,,,,0,,,,,0,,,,,0,1.36012167665548,73.85485752850198
1,552,3.8613956551672506,25.72736667538474,-0.0009749084855869677,3.359571451332844,32,3.7818580411307128,27.36607101544315,-0.0005714431928020414,5.7177559233376805,64,3.665298244934948,29.26057507202928,-0.00039279382893128424,8.499077778564317,129,3.5815298938027973,30.930484242916815,-0.0003103683367766044,11.75936019395093,193,,,,,0,,,,,0,,,,,0,1.33953068679474,72.73676298693475
1,556,3.858597598405365,25.557420001110323,-0.0009836288980253824,3.3725729774960307,32,3.778420411017125,27.195782461538773,-0.0005757101703721389,5.717864994158248,64,3.6612986877677365,29.104038807494845,-0.00039469869545467277,8.561021673262857,129,3.5769576540357253,30.794654320145032,-0.0003124409907096639,11.87982015808953,193,,,,,0,,,,,0,,,,,0,1.32902865651207,72.16650080848474
1,560,3.857348134647524,25.457970477611582,-0.0009913502587428334,3.407773211716787,32,3.7766514648270073,27.109180971367817,-0.0005793371853283547,5.7608141514290345,64,3.6590175489480363,29.03456009803502,-0.0003965139148582452,8.628247387275753,129,3.574203359958249,30.739669815323655,-0.0003141893411928132,11.975576620964102,193,,,,,0,,,,,0,,,,,0,1.3236741274999,71.87574889700983
1,564,3.8551187144595773,25.37978937451055,-0.0009957800330587766,3.40785284430525,32,3.7719783161366642,27.07303114838649,-0.0005761664875672418,5.779725827803745,65,3.6562857432932416,28.97015786603908,-0.00039728927563463013,8.688722886494435,129,3.5711260064651595,30.695447142646046,-0.0003151842402848763,12.072796049568911,193,,,,,0,,,,,0,,,,,0,1.31863389675329,71.60206343923741
1,568,3.853759415328798,25.342194717403125,-0.0009973733978079242,3.425980417067983,32,3.7725356566573747,26.999503983653938,-0.0005827226778642625,5.771423147114447,64,3.6559058512996585,28.919088028653377,-0.0003999332044780534,8.677541011885406,128,3.5689826594631637,30.68475066756516,-0.0003162097088680014,12.146395986675454,193,,,,,0,,,,,0,,,,,0,1.31347513213243,71.32194157026348
1,572,3.853815822452718,25.363246198449133,-0.001001330067182115,3.415995033358449,32,3.770211987769469,27.05468093738644,-0.0005797330861944052,5.795370427290514,65,3.6539340824835214,28.962069297254068,-0.0003994051749303284,8.734341964677732,129,3.5681704880860416,30.702877388483852,-0.0003173044816058557,12.168889769184055,193,,,,,0,,,,,0,,,,,0,1.31320206344422,71.30711389020412
1,576,3.8521118562102554,25.29487396667266,-0.0010039646418017675,3.428541932605487,32,3.7704993524376773,26.954538278851295,-0.0005862302792979404,5.784095568547848,64,3.651838596186741,28.913628316542194,-0.0004000996397261006,8.779261116845142,129,3.565845661794388,30.667327594214086,-0.00031820620311026143,12.244641381356402,193,,,,,0,,,,,0,,,,,0,1.30779599469444,71.01356336148518
1,580,3.8509109937647996,25.284044371115883,-0.001005136343699483,3.4448785146857936,32,3.7691001621550044,26.9383700807935,-0.0005873069793038649,5.7766058670134655,64,3.65026166744323,28.903686742474324,-0.00040066469936545304,8.807325483903128,129,3.5640569737867174,30.66982023237584,-0.0003188553401399247,12.301208323320552,193,,,,,0,,,,,0,,,,,0,1.30303291864059,70.75492745457169
1,584,3.850951749852414,25.348642335845497,-0.001005903651277089,3.4289579284479004,32,3.768907153028832,27.00434906596283,-0.0005886026386926091,5.763196030807769,64,3.6513760853766604,28.940200669866165,-0.0004031750129437782,8.750882470236704,128,3.5635032019773885,30.73526930210468,-0.0003194268289957759,12.300624584535477,193,,,,,0,,,,,0,,,,,0,1.30335735590382,70.77254445771489
1,588,3.8507651670504544,25.38893450195946,-0.0010082740384635953,3.4371140731512995,32,3.768662998326793,27.04608455117438,-0.0005898160774850309,5.777497364116723,64,3.649380360502803,29.017532660429456,-0.00040220938440695337,8.831763650246177,129,3.5627811080992435,30.78871900461823,-0.0003202291278858055,12.316685261881116,193,,,,,0,,,,,0,,,,,0,1.30341004386556,70.77540542374062
1,592,3.850266193418297,25.43505599696784,-0.0010093322147894503,3.4410913216625225,32,3.7679391466880343,27.092092667729133,-0.0005908559781912199,5.769327873323114,64,3.6484070795119665,29.066463490790632,-0.00040297500245829,8.840700871725335,129,3.5616298970219904,30.844605406693372,-0.0003209700609220746,12.352930737251494,193,,,,,0,,,,,0,,,,,0,1.29788708064957,70.47550750397869
1,596,3.8493979380349668,25.34689692295646,-0.0010127875398245373,3.4386500728103577,32,3.766813342224815,27.007004419738163,-0.0005926893703807149,5.770785467396802,64,3.6470260641418806,28.98614155450154,-0.0004039722205840561,8.85126042616334,129,3.5599630730323084,30.770064753009372,-0.0003220040615025766,12.392610511793453,193,,,,,0,,,,,0,,,,,0,1.29807350569189,70.48563041810954
1,600,3.8494043246696164,25.347692679194743,-0.001015847973727439,3.448399896406933,32,3.7665627711758574,27.0099882294242,-0.0005945075315795446,5.791805624359455,64,3.6464456638803164,28.995028366260016,-0.00040498609295640665,8.887683654892545,129,3.559113007606058,30.786042680039348,-0.00032288456182308904,12.433201939047965,193,,,,,0,,,,,0,,,,,0,1.29346361384424,70.23531244180377
1,604,3.8483756407428125,25.413978771640465,-0.0010148756279285416,3.4564762303649204,32,3.765408536307268,27.074275423436063,-0.000594862591136094,5.778628336568353,64,3.6452049937479467,29.06276192638391,-0.0004053354793400358,8.90072005088187,129,3.557760164816478,30.858532728178133,-0.00032325593170948305,12.471387987276255,193,,,,,0,,,,,0,,,,,0,1.28800339261912,69.93882142370093
1,608,3.848193387597017,25.448743549048892,-0.0010166687754759114,3.447904899541957,32,3.765117781463813,27.108165268097068,-0.0005961224864805473,5.772428742725541,64,3.6447121907249813,29.10035220895412,-0.0004060935226150421,8.914785997359445,129,3.5571126208264423,30.901834358103134,-0.0003239105756556618,12.48688950629375,193,,,,,0,,,,,0,,,,,0,1.28745252213794,69.90890905512207
1,612,3.852035052327297,26.402295467964976,-0.0009657163832284325,3.1613405854360757,32,3.7716326355289542,27.92137460848491,-0.0005753460856417811,5.2466579771047,64,3.6556589826698573,29.669818524950152,-0.00039730494448349723,8.007584685728094,128,3.569653794000273,31.334718742270265,-0.00031310637775377055,11.353566612060373,193,,,,,0,,,,,0,,,,,0,1.30901536423074,71.07977535187085
1,614,3.868017987774075,26.616309600734322,-0.0009776282135887564,3.2551356030542635,32,3.7869704739611527,28.207015581720242,-0.0005815608458216906,5.539136930452173,64,3.6687870355401966,29.97746942172162,-0.000404493590231427,8.043581179880771,128,3.580933757673477,31.566494130522358,-0.0003192696163092589,11.138705291448336,193,,,,,0,,,,,0,,,,,0,1.32507932864294,71.95205157786506
2,2,3.9217358373409645,25.390778388552913,-0.0009172829636657778,2.4134416119147204,17,3.858620578830223,26.680704673157734,-0.0004507399311262984,4.70174115440582,34,3.7811027032642626,28.269387491935056,-0.00028291796007137135,6.394208131509245,66,3.7186011093631666,29.368339608288178,-0.0002269939127308597,8.074861213493339,99,,,,,0,,,,,0,3.9690986790138174,24.812299932636414,-0.001743086001776153,1.2768695498929787,10,2.0353375910056,100.88297108833646
2,4,3.926032501099835,25.71443348446067,-0.0008961176253381325,2.3338947591206605,17,3.8632707510936286,26.969331384543484,-0.00044700301295305835,4.556076502869967,34,3.785316682062328,28.499327146794478,-0.0002835097862745715,6.198193418835469,66,3.7226405236399267,29.57247241302118,-0.00022749910318669282,7.848632635727235,99,,,,,0,,,,,0,3.963808671812761,25.233172367874463,-0.0015063258742964295,1.3779900968678724,11,2.02514024603141,100.37753235288778
2,6,3.928937200065088,25.775983776484797,-0.0008908375547074032,2.325275276781152,17,3.86607693060274,27.008267484712352,-0.00044748828285217073,4.514933559398369,34,3.787667992775014,28.509778821411984,-0.00028476689975294917,6.115509224216833,66,3.724619875078298,29.571235368536687,-0.00022863121073682163,7.745793693351462,99,,,,,0,,,,,0,3.9665817407963275,25.29857369487171,-0.0014903532817044035,1.4005681030814827,11,2.01332637134546,99.79196916000484
2,8,3.930150371151174,25.69802669216969,-0.0008885170478335325,2.300768149258385,17,3.867165139939428,26.9329723913396,-0.0004479834618595798,4.480699095643384,34,3.788452407908627,28.432405753290013,-0.00028594273577342376,6.101989190848016,66,3.7250882585194725,29.49537889099266,-0.00022969120199949007,7.747886540847894,99,,,,,0,,,,,0,3.96776950681045,25.225381081719263,-0.001487784727293897,1.358746494401469,11,2.01328466554074,99.7899019818078
2,10,3.9302063223163306,25.669330124598805,-0.0008875526622225005,2.258335400428777,17,3.867220731026695,26.88999362618532,-0.0004479061105713379,4.421793162428784,34,3.7882457566915666,28.367954084670032,-0.00028658595336590294,6.027332784528234,66,3.724683685037581,29.416780297570334,-0.0002304747758918477,7.657199563664271,99,,,,,0,,,,,0,3.9677331776243134,25.201638106114352,-0.0014859248831538161,1.3416309905388033,11,2.00052833762477,99.15762541696316
2,12,3.943189337640566,25.419850286619777,-0.0009002243101169722,2.3395547222756576,17,3.879155290285227,26.66525262771242,-0.0004545536090192278,4.570139273471963,34,3.798850692155832,28.234871281204153,-0.000291544140598889,6.268528251867494,66,3.73394205968565,29.317749248274332,-0.00023493624694024686,7.930329353921184,99,,,,,0,,,,,0,3.9812886417540487,24.94078596222278,-0.0015055007501216492,1.4055419175769472,11,2.01389907599316,99.8203556776378
2,14,3.94466754706588,25.498877147913404,-0.0008971272381134,2.3390162756732664,17,3.880723905331417,26.742413953242476,-0.0004541896107059733,4.557973097007739,34,3.800172534909181,28.30477283757879,-0.00029226689253737437,6.223326657106341,66,3.7349587642038893,29.384678601433354,-0.00023594411354351338,7.906099041966996,99,,,,,0,,,,,0,3.9826926309895256,25.01879847769629,-0.0014966576669212148,1.378078142683048,11,2.01310110562697,99.7808037027038
2,16,3.9302287624700254,25.694538699693567,-0.0008839732363277274,2.279986341653995,17,3.867112103560594,26.923743293203508,-0.00044813688073853285,4.470175683317599,34,3.7876226185737423,28.409557934896867,-0.0002880215020839659,6.082373991925319,66,3.723523463362918,29.480414098823214,-0.00023183583973224577,7.776605238163164,99,,,,,0,,,,,0,3.9676715807382577,25.22676410081347,-0.0014794886898726763,1.3578831004738454,11,1.96878982627284,97.5844832820893
2,18,3.9295655230132875,25.61571791903569,-0.0008859539291008619,2.2903144644216837,17,3.866382454107614,26.849416224071632,-0.00044896290392044497,4.486086757102655,34,3.7866897850358163,28.338672131938967,-0.00028872069211242685,6.111143728505596,66,3.7224469348345766,29.41634355599252,-0.00023259204737532488,7.802891671785243,99,,,,,0,,,,,0,3.967108958395316,25.143441718677607,-0.0014799107034475672,1.3582149990021968,11,1.96816617643342,97.5535716293996
2,20,3.929885716134327,25.564748342063613,-0.0008874424999280385,2.283341288954766,17,3.866584974810205,26.799440273154346,-0.00044969725029547276,4.469272085070138,34,3.786621122742214,28.279732615216037,-0.0002897403052726195,6.084233708598209,66,3.7220030947082767,29.35795849342238,-0.00023362663765557457,7.809457994413783,99,,,,,0,,,,,0,3.967449156091372,25.093837526033884,-0.0014825378456996446,1.349540293006637,11,1.95723079175605,97.01155142541865
2,22,3.9299443128078906,25.45948555539931,-0.0008901640212391004,2.2841958519121057,17,3.866403803002359,26.691422578468956,-0.000451286514773855,4.474885467679389,34,3.78609796787201,28.17264945099504,-0.00029108510804572125,6.097649824479944,66,3.721199411677482,29.254138605793024,-0.00023467241341898238,7.822127053657091,99,,,,,0,,,,,0,3.9676697328234813,24.988617855420046,-0.001486261723751423,1.3589362371148077,11,1.94559915141294,96.43502080876348
2,25,3.930534355573786,25.72174802613236,-0.0008890202222526321,2.29014798146288,17,3.8669114069682395,26.954491488886752,-0.0004519268232876592,4.478120981175508,34,3.7860458190090083,28.434793977601366,-0.00029287430662302806,6.1128951718509725,66,3.720540847761038,29.52835834568727,-0.00023667497676646855,7.888224305472878,99,,,,,0,,,,,0,3.9682561952603916,25.249889339129993,-0.001483335667989516,1.3548675288997458,11,1.93475050448411,95.8972998236526
2,27,3.9297840080330975,25.836750418106895,-0.0008866340156200895,2.226027867438848,17,3.866252545850285,27.045784855324374,-0.0004510698764924389,4.366002754289422,34,3.7851354882290225,28.486578224698764,-0.00029339981121972823,5.9450512559665505,66,3.7193053241667067,29.559912937324743,-0.0002374218887922269,7.704445452510345,99,,,,,0,,,,,0,3.959732429945955,25.453036974882384,-0.001331716961104182,1.4633614003004034,12,1.9232799539368,95.32875373854844
2,29,3.930441399754151,25.654721680523792,-0.0008911686666934637,2.2460703729155505,17,3.866738620520718,26.873472455548146,-0.0004526189240545747,4.412627035768256,34,3.785248428580339,28.330150747006876,-0.00029502439151038305,6.012134316326055,66,3.7189623170948174,29.41117120221215,-0.00023900839889357157,7.786421711369307,99,,,,,0,,,,,0,3.968142137016152,25.191961674525206,-0.0014875063131935282,1.334448208813118,11,1.91188993094849,94.76419905980474
2,31,3.9286206346633623,25.499371009300827,-0.0008964130677995597,2.266943014026417,17,3.864592043552203,26.7298247000732,-0.00045506308083169563,4.45282952798085,34,3.7827922307812187,28.19494488630469,-0.0002961294999118554,6.0692979179511966,66,3.716380782638899,29.29152235528942,-0.00023962706855541668,7.867327661413,99,,,,,0,,,,,0,3.9666049300241712,25.028974257794346,-0.0014944915237104874,1.3501265010389467,11,1.90106671419793,94.22773853976388
2,33,3.9257553413242876,25.334707999055745,-0.000900462452543068,2.3249302492111923,17,3.8614591826435145,26.583866893664133,-0.00045660296205849604,4.516109566306948,34,3.77946566984064,28.057516502181976,-0.0002968236136954955,6.162001164960955,66,3.7130094609889364,29.17127431954116,-0.00023999101597835926,7.989372548135211,99,,,,,0,,,,,0,3.963924078740699,24.857988955523524,-0.001502789659750055,1.3771363752282717,11,1.88919899480615,93.6395064953226
2,35,3.9273806422212014,25.402942894957356,-0.000902482772198004,2.302750834996079,17,3.8627771327556144,26.643588443371407,-0.00045835832467027246,4.503589767585336,34,3.7801401365203233,28.112320218095135,-0.00029895634466112393,6.11967200000792,66,3.713106075418158,29.22263779419278,-0.00024181125187974778,7.967389073448963,99,,,,,0,,,,,0,3.965628073722891,24.928283851719446,-0.0015063025304671862,1.3551628412916905,11,1.87827837224885,93.09821798643677
2,37,3.9255253591508175,25.432336474165005,-0.0009044241778375232,2.2941541840726813,17,3.860843064447521,26.67542036184329,-0.0004595359322082069,4.4955157184401955,34,3.777968063452744,28.145764095402118,-0.0002997178521350923,6.145870310547984,66,3.710688403748895,29.26502825074423,-0.00024251109526750777,7.980270052516563,99,,,,,0,,,,,0,3.963897746194678,24.957958650175488,-0.0015070605901536382,1.3644812589704038,11,1.86756971615202,92.56743574756617
2,39,3.9263058743929906,25.508715187590205,-0.0009060936763550892,2.289467348778281,17,3.8615221425509607,26.742020954257516,-0.00046057390688814274,4.4620700248504015,34,3.7781160934859175,28.199294405604224,-0.00030174547441899944,6.09129874341852,66,3.7103364425857306,29.312784098677948,-0.0002443894794822631,7.944467450118758,99,,,,,0,,,,,0,3.964770146405729,25.03740185418286,-0.0015074353514959989,1.355488957446731,11,1.86758925744538,92.56840432582156
2,42,3.930352012001667,25.520305060937442,-0.000871120276524813,2.1898138072594016,17,3.8684609834198267,26.680323647856277,-0.0004401895053636294,4.245497628041672,34,3.7895809584539166,28.069834106604144,-0.0002855747865135185,5.704049344876651,66,3.7251965629468935,29.068397144238496,-0.0002319727196573683,7.291068438002071,99,,,,,0,,,,,0,3.959671309999555,25.147946335070884,-0.0013121432565980236,1.4531497315724948,12,1.97962654825082,98.12161319843736
2,46,3.9318665952622136,25.90333543032957,-0.0008688809390755835,2.145053807000444,17,3.869776911582681,27.053257076311816,-0.00044137514259321765,4.202755592807922,34,3.790128934890329,28.42354925410594,-0.0002879329410949556,5.647133875568091,66,3.725125174061922,29.420242575534658,-0.00023407011760802587,7.280888551515741,99,,,,,0,,,,,0,3.9611602580460885,25.53667077802443,-0.0013082804642933973,1.4501615065109696,12,1.9575499080884,97.02736865587346
2,50,3.931826459973111,25.57688067039316,-0.0008772742069207809,2.175236970152934,17,3.8722344261347743,26.666508114754578,-0.00045535288579263847,4.122073765473001,33,3.7887015513031,28.09721787645535,-0.00029088608348671176,5.657334367454499,66,3.7229822430108177,29.096163874274463,-0.00023649160654212316,7.307444524954889,99,,,,,0,,,,,0,3.9614357228629746,25.205830434257944,-0.0013197547459571084,1.460796444633779,12,1.94581501707876,96.4457203456954
2,54,3.9294766312238947,25.237920481432802,-0.0008853512230715167,2.187704274443476,17,3.8664315737567527,26.400917008237496,-0.0004483004231181187,4.244107330585187,34,3.7854099998043433,27.774876625440303,-0.0002929529827783374,5.705613389878067,66,3.719309459884385,28.78991066947411,-0.00023794417597481542,7.389384348283645,99,,,,,0,,,,,0,3.966944017842016,24.789988596614524,-0.0014798638972182304,1.3147223527789436,11,1.92424611216801,95.37664206593776
2,58,3.9411086113677185,25.045967096780426,-0.0008960237786516257,2.1929736477045374,17,3.8770455340868164,26.21048449489019,-0.0004544369759000947,4.279792796842113,34,3.794322468747016,27.62929579754786,-0.00029907049266152775,5.745960964298039,66,3.726526479505368,28.649076368129027,-0.00024379708364956012,7.447252045351572,99,,,,,0,,,,,0,3.9790994241074684,24.593928548916935,-0.0014949479273216337,1.3088073679115908,11,1.94598113314216,96.45395400781383
2,62,3.9274544885109273,25.03976416703967,-0.0008941588399200404,2.2111809417663615,17,3.8638075842550887,26.21908529741429,-0.0004524498933421773,4.300835165376217,34,3.7816550047414044,27.59550040869048,-0.00029688383909308425,5.759150628525685,66,3.7146842841287686,28.629375767437026,-0.00024112145724406166,7.495681815584167,99,,,,,0,,,,,0,3.9652755794604557,24.586029292886494,-0.0014970685323315025,1.3217945303648442,11,1.90140793055308,94.2446511737385
2,66,3.92294153633268,24.93224348178366,-0.0008988688497042984,2.225423404403575,17,3.8592123584982145,26.117428058659392,-0.0004544732328628195,4.308842668392149,34,3.776893534373108,27.49112579535548,-0.0002977288315276714,5.808911568408686,66,3.7098536011624668,28.53911692525337,-0.00024145775205267907,7.5506365523498715,99,,,,,0,,,,,0,3.960940515107503,24.475543115896983,-0.0015047729139875587,1.3279957856718312,11,1.87867421368008,93.11783815158223
2,70,3.9243135227711234,24.852604658382006,-0.0009048598991000459,2.246493025535571,17,3.8601303545938617,26.044272200431408,-0.0004567928476960452,4.3346194679397385,34,3.7770088456023423,27.42033927068498,-0.000300201239667285,5.814303349221607,66,3.7092829126782,28.472577695162478,-0.00024360969052782122,7.597012034502917,99,,,,,0,,,,,0,3.9626085137808387,24.3911132704479,-0.001514870241039585,1.3457469909509143,11,1.86830613282642,92.60393676951
2,74,3.9229173644092916,24.8076799868918,-0.0009090616031117914,2.2522140185553923,17,3.858505714245341,26.00647522701176,-0.000458592193948047,4.364417983173908,34,3.7749309107623006,27.38586596274484,-0.0003019309335654009,5.851331560369363,66,3.706897848886466,28.447459939549404,-0.0002450220392634302,7.662951486273062,99,,,,,0,,,,,0,3.96998819637786,24.27049127456832,-0.001712698739052111,1.2067152782408321,10,1.8560244070083,91.99518419888014
2,78,3.9191354713198443,24.82627626634541,-0.0009106962686863737,2.2829291062505312,17,3.854534767924224,26.031249359043166,-0.00046010902445873196,4.356416376105017,34,3.770783933521294,27.408736552580528,-0.00030267280625795307,5.8825038058115275,66,3.7027187622223066,28.48299422491546,-0.0002452471301480977,7.713625860157045,99,,,,,0,,,,,0,3.966355732447167,24.28232287214518,-0.0017141704138673266,1.205904331550368,10,1.84519979618558,91.45865458065036
2,82,3.9326948711985117,24.797048721433423,-0.0009221700025836519,2.2487708541731415,17,3.8671217619170326,25.997473533332112,-0.00046618973171132417,4.387368142771372,34,3.781438883492549,27.417850845937636,-0.0003092477003302163,5.896326097600607,66,3.711388480065717,28.485700922213024,-0.00025154221447263946,7.715137096914418,99,,,,,0,,,,,0,3.9805347816244456,24.257218076082754,-0.0017279861748364074,1.1761489063087645,10,1.85722889088532,92.05488530825814
2,86,3.91829681588134,24.88442784442853,-0.0007387310101742032,2.381310433734903,32,3.862003187194728,26.074144562136926,-0.00040583761303103786,4.496677534494786,64,3.777664890339538,27.52992841053411,-0.0002858672128790046,5.865530049515243,129,3.7109971269774698,28.52620647251181,-0.00023927238953403375,7.6454325355989035,193,,,,,0,,,,,0,3.95939399613553,24.312097658391544,-0.0013917700307214131,1.2695836145592025,18,1.92477608890906,95.40291074415664
2,90,3.9183612851074097,25.31098736076826,-0.0007370863586561416,2.3407463183644808,32,3.8612429381686337,26.477421761380434,-0.0004110950407356781,4.404413143292263,64,3.7752906133050055,27.878012276147548,-0.00029055524009165105,5.753988553149249,129,3.707934233643941,28.86456225928375,-0.0002421514837293208,7.549953828782964,193,,,,,0,,,,,0,3.9556479932349684,24.789300179137772,-0.0012928035332213923,1.304493951122879,19,1.88223175260926,93.2941701264468
2,94,3.9153064365734935,25.08286938586437,-0.0007450410529016451,2.266173554679188,32,3.8576416797750723,26.262694013404392,-0.00041512238164068853,4.32560722557988,64,3.771962415243408,27.635371607430876,-0.0002946730380248627,5.7886231863235835,128,3.7029123582841446,28.65622539126881,-0.00024421573470704145,7.590903567440364,193,,,,,0,,,,,0,3.956913122965176,24.526918268434216,-0.0013915300035622013,1.2676212906321815,18,1.85527668788559,91.95812296295944
2,98,3.9130650518382613,24.660941859048883,-0.0007558092945180039,2.3515527184301064,32,3.8548047193015433,25.86224897305631,-0.000419701835763414,4.528270288522304,64,3.767083781687068,27.287750883796576,-0.00029669717719482946,5.909579411087876,129,3.6987226628621444,28.311535939714084,-0.00024623995138255573,7.693990233167902,193,,,,,0,,,,,0,3.959414607372685,24.048539856231024,-0.001511648768392623,1.2044776366880718,17,1.83925089171819,91.16379285351326
2,102,3.9084240745639725,24.67322619886933,-0.0007589806992363106,2.4113990220608343,32,3.84993042218744,25.87360472619757,-0.0004217504923962905,4.354303101801886,64,3.7628880460677037,27.241192783982573,-0.0002993365019571764,5.842692624975982,128,3.6931325528913215,28.264766361584172,-0.0002470464972017668,7.6896566980133265,193,,,,,0,,,,,0,3.9549323418744002,24.065298604361203,-0.0015192569376489104,1.171600438345223,17,1.81853960739944,90.13722315501992
2,106,3.91117656970213,25.093853768109945,-0.0007594931574620803,2.3908970364899425,32,3.8524951527873896,26.31344925218152,-0.00042288198277229394,4.565351659182564,64,3.764758585854579,27.70412407977263,-0.00030144223732214904,5.903323919521313,128,3.6954010214385824,28.742318361844195,-0.0002496196085354017,7.760583536146509,192,,,,,0,,,,,0,3.9577915574147977,24.480844004311436,-0.001517793003983949,1.204762310266286,17,1.81347700595671,89.88629167454431
2,110,3.9082233869911205,24.855584465684764,-0.0007679243749057146,2.2889989613348156,32,3.849038301247386,26.058870018745544,-0.00042681065590715315,4.582395759496226,64,3.7593840843479436,27.46204394104717,-0.0003029926549178688,5.911797060773157,129,3.6899546493815008,28.496519651761535,-0.00025044115944288203,7.801204026105424,193,,,,,0,,,,,0,3.9598324586418165,24.208189622510798,-0.00165232989061434,1.0989421566029591,16,1.79710184503054,89.07464504963947
2,114,3.9041138700705362,24.676338159347768,-0.0007741830111547956,2.4258476556920208,32,3.8446083987454114,25.90158561128051,-0.00042975315841867754,4.551147832652916,64,3.7544191689913564,27.315006691098052,-0.00030482727403943684,6.045576822976059,129,3.6848683080128515,28.37618942896986,-0.0002511972682763361,7.9371164575594975,193,,,,,0,,,,,0,3.960974010469263,23.963491378589463,-0.0018039890836565678,1.039771401202625,15,1.78100462941205,88.27677498375004
2,118,3.9027256671582595,24.429124240045052,-0.0007826581844991157,2.4405295885087597,32,3.8427807323639303,25.667305200654273,-0.00043309324232263197,4.639969376948791,64,3.753055115052539,27.090311751402634,-0.00030838916035383823,6.127113536758724,128,3.6818412283413533,28.187674192081275,-0.0002529681359411321,8.052593197934325,193,,,,,0,,,,,0,3.9602240263057165,23.705562669591746,-0.0018224128537820997,1.0402054242878442,15,1.77101304226823,87.78153478310176
2,122,3.902083659304544,24.599701622385012,-0.0007853443643206303,2.4865826638768986,32,3.841931196424146,25.854737723597623,-0.00043474517997724686,4.701896872935265,64,3.7516714550149497,27.284689063543368,-0.00031019204395872646,6.178731850446972,128,3.680113898234831,28.405310244946428,-0.00025422123244072336,8.109660753003222,193,,,,,0,,,,,0,3.965071252714014,23.832855661987825,-0.001990628720371363,0.9810125623710313,14,1.76047124481709,87.25902301297472
2,126,3.9026887126076955,25.18851656205002,-0.0007832560174994601,2.492438165167041,32,3.8423488684922757,26.438686490052213,-0.00043568257387332815,4.6550369289928,64,3.7503542925304267,27.892228306660506,-0.00031070005034406346,6.209473611768459,129,3.6797544576672405,29.004246604620946,-0.00025533163586134895,8.204005478907654,193,,,,,0,,,,,0,3.9602467397240866,24.45988553370184,-0.0018236571631094162,1.0544912954145182,15,1.75029137880066,86.75445063463465
2,130,3.9013441187926317,25.405307502520643,-0.0007850413479952065,2.4484528832125925,32,3.8407311104278463,26.652500134374694,-0.00043775224583087065,4.650938561500666,64,3.7481306121904825,28.092930683500587,-0.00031260319597368677,6.1820496557308005,129,3.677173379073353,29.206323061606504,-0.00025667204564969366,8.147321906694273,193,,,,,0,,,,,0,3.9643211758535726,24.64031668388377,-0.001987683581898694,0.9653027943066697,14,1.73949250377326,86.21919662960373
2,134,3.90856300252375,25.05031319749932,-0.0009648243768337742,2.4284447884332145,17,3.8409115862965604,26.358257321200718,-0.00048466600387030867,4.6386222435256315,34,3.7500944557327713,27.714385082950038,-0.0003264432294969995,6.066976962988665,66,3.6780318356442723,28.834293731430506,-0.00026119389594335304,8.140312249005504,99,,,,,0,,,,,0,,,,,0,1.75467665536372,86.97181002045869
2,136,3.906558314402065,24.994745220166536,-0.0007905224937481929,2.480263691564108,32,3.8458911772237174,26.270109187007936,-0.0004384074866322291,4.774457126277952,64,3.7539900566259687,27.675464946515973,-0.0003151161448440123,6.100829980333252,128,3.681449597240724,28.7698050790289,-0.0002578439370349439,8.091766556332601,193,,,,,0,,,,,0,3.9699541171170627,24.218769123185208,-0.0020015242431933237,0.9707778194570267,14,1.76593909418422,87.53004089819298
2,140,3.896909787314338,24.56146441081033,-0.0007985391070424422,2.5186854964414636,32,3.835834875428888,25.848416856931753,-0.00044258825746517597,4.838374639201742,64,3.742136534094258,27.30419679041379,-0.00031605497573489763,6.386771373530607,129,3.670884744086608,28.427308227475585,-0.0002584139905037735,8.416667896535433,193,,,,,0,,,,,0,3.966841855391185,23.717476080062344,-0.002222061391074728,0.9458146643554848,13,1.73378874196248,85.93648557449694
2,144,3.8929260431806165,24.491092240927813,-0.0008062074395592507,2.5708264760725434,32,3.8312843131574623,25.807849781901826,-0.0004469194220576165,4.817348918037563,64,3.7368564845596084,27.26140020349967,-0.00031859362034493833,6.447493820507518,129,3.665285143080102,28.40591012363005,-0.00025988091988279216,8.556591612582743,193,,,,,0,,,,,0,3.9635812533429555,23.63676868305701,-0.00224607550412053,0.9445406456581829,13,1.71332591204073,84.92223069682748
2,148,3.8919606983266344,24.463662641531894,-0.0008138400502348066,2.650753533812079,32,3.8297987201969037,25.78714039928421,-0.0004506905478222649,4.863639285023076,64,3.7343949778584515,27.263016666132376,-0.00032156271138748907,6.506680906162856,129,3.6622059331183077,28.421645186895557,-0.0002622390237012795,8.443631738726339,193,,,,,0,,,,,0,3.9698724676279618,23.55536415186393,-0.0025049124142236833,0.8080644679518194,12,1.70240778136735,84.38106569995976
2,150,3.905441967084225,27.768661952151575,-0.0007289000379256379,2.46210120219666,32,3.848582321690277,29.012745959588123,-0.00041147429846380483,4.491215349716736,64,3.7608408280530297,30.233038117724647,-0.0002993775758463574,5.462775957398261,128,3.6913908317703354,31.202461212630755,-0.0002462782104856083,7.477661298008467,193,,,,,0,,,,,0,3.9423192007631402,27.235947772389014,-0.0012833832624850508,1.3467663344006304,19,1.82371946178183,90.39396636175364
2,154,3.9136952089930372,26.766833730307493,-0.0007553815896246057,2.3961964561235796,32,3.8547904212109545,28.001820858191714,-0.0004249506675974657,4.6044903709198834,64,3.7625946988659558,29.33875252028053,-0.00030922404823608774,5.770632083142921,129,3.692302190173308,30.347726554038964,-0.00025421675106029505,7.553702826929669,193,,,,,0,,,,,0,3.960073013096396,26.144298376164745,-0.001505303187050689,1.183375999739333,17,1.80812840503147,89.62118442408695
2,158,3.907423885137055,25.99624259538382,-0.0007723490100096497,2.5366319395705297,32,3.847483965655042,27.2687849286106,-0.00043319139650208505,4.751402456387815,64,3.755150237348401,28.600387768103793,-0.00031511908170842235,5.833405534114874,128,3.682984421744796,29.644690467749264,-0.00025694667620726464,7.832540396403186,193,,,,,0,,,,,0,3.959327006603085,25.309360202617437,-0.0016581703445923605,1.1556591057724503,16,1.77576109450343,88.01687540594799
2,162,3.899102960976699,25.560763510887,-0.0007832011243135263,2.601309655100369,32,3.838324457706078,26.865275524855704,-0.0004403222850424087,4.8444509333255255,64,3.7440374532320297,28.233785416237673,-0.00031672748276659823,6.2071686324309745,129,3.6731593604357973,29.319215030491044,-0.00025763860523979733,8.185034997402703,193,,,,,0,,,,,0,3.9566774961696707,24.801837087076265,-0.001822649347314891,1.143153107149402,15,1.74474098418368,86.47934133475826
2,166,3.898426350297957,25.234602514830783,-0.0007962263395856959,2.614177824582704,32,3.8369312911139613,26.555787873441222,-0.00044568443242857267,4.857953536879354,64,3.742525701493983,27.9360326036553,-0.0003223776892121649,6.22092999167641,128,3.6704250104164067,29.043174246715864,-0.00026185974700970136,8.285272601501632,192,,,,,0,,,,,0,3.9624222006109835,24.426385222593037,-0.0020172207082858372,1.0299222929828602,14,1.72920703413237,85.7093899316892
2,170,3.893892746883039,25.26171275254357,-0.0008026702791750029,2.63838420064949,32,3.8317515435871945,26.58939603857977,-0.0004503747690641914,4.867711183673709,64,3.7355511302430466,27.99685543051782,-0.00032330178672664456,6.344642890661401,129,3.6636180302433234,29.132524703211786,-0.00026200991056048433,8.40842936244658,193,,,,,0,,,,,0,3.964188709908518,24.40234862059744,-0.002231690651668646,0.9431944810759347,13,1.70810865525532,84.66363361309608
2,174,3.89374397266676,25.577218014328434,-0.0008064841436259538,2.6614202232285358,32,3.831264530913161,26.914434987061263,-0.00045328199072792725,4.913370115059731,64,3.7342363884329575,28.33472080372,-0.0003260053908335656,6.376856161950045,129,3.661759914714006,29.486731268593378,-0.0002640595735822568,8.564811562115231,193,,,,,0,,,,,0,3.964419157097483,24.712107434057007,-0.0022418566653107535,0.9691322962345552,13,1.69759542374618,84.14253773442293
2,178,3.8906772993724243,25.392955844887197,-0.0008147681205999735,2.6635987115804163,32,3.8275841576168754,26.731361703494958,-0.0004578342233597393,4.910201022599274,64,3.729699251674483,28.15841217393959,-0.0003288198806368131,6.330800307314931,129,3.6566574981896753,29.31442398167462,-0.0002661877627828682,8.612898294669488,193,,,,,0,,,,,0,3.9686498295120622,24.47667000241131,-0.0025057760857574063,0.8661659168555325,12,1.68206345240295,83.37268440744252
2,182,3.888824918122583,25.262885174696823,-0.0008243036418294019,2.6843475764480083,32,3.825142514050462,26.612300703278706,-0.00046224298283027476,4.920993725689247,64,3.7263222332523975,28.052124610846466,-0.0003317871292238525,6.479493458474213,129,3.6526972535681823,29.228704529398037,-0.00026840473322492845,8.676385871264308,193,,,,,0,,,,,0,3.9676654022927687,24.33916575914547,-0.002540427437052248,0.8747111036687976,12,1.67147683222951,82.84795096685752
2,186,3.885682282577349,25.135474388986616,-0.0008316231339518702,2.734138864190996,32,3.819664949152997,26.530109232314167,-0.0004628898489105297,4.9842428821805065,65,3.722051249743028,27.952413129649514,-0.00033410100775949444,6.5786777101302825,129,3.6480891002307407,29.15115822285877,-0.0002699315071501843,8.871361192609399,193,,,,,0,,,,,0,3.9727534563192908,24.154411711291615,-0.0028586077095601107,0.7860555644220462,11,1.66075913870477,82.31672078137474
2,190,3.8834482694695325,25.259937990598313,-0.0008352206636835184,2.7248820209779616,32,3.8187880680678834,26.627554941346823,-0.0004696326261901829,4.962436878262594,64,3.7201312977883036,28.080654237044214,-0.00033700943951295564,6.632851953743028,128,3.644616006052662,29.334188340892805,-0.0002708626575389868,9.029024022455634,193,,,,,0,,,,,0,3.9709528182982012,24.2766755770042,-0.002874467912763932,0.781871289666956,11,1.65112101503807,81.8390002521071
2,194,3.883857650923926,25.747937862073865,-0.0008362472578449893,2.6914601916724834,32,3.8188543545960822,27.101938489968404,-0.0004719334242537756,4.874433572564154,64,3.7181617829148577,28.544117499493815,-0.00033811388323691033,6.566910797142487,129,3.6433840650285187,29.745643020264353,-0.00027294962622956937,8.796235161355348,193,,,,,0,,,,,0,3.9713766719027475,24.784505272231286,-0.002870047781640616,0.7719109008550653,11,1.64013492561909,81.29446683115198
2,198,3.880498551587507,25.572931058081622,-0.0008442749605491295,2.750595494564216,32,3.8149957227146905,26.94067374191672,-0.000475833393535814,4.955942954707133,64,3.713765012104653,28.412862171107115,-0.0003401180391393821,6.640474244971315,129,3.6386952060235243,29.636852345928055,-0.0002742528405541788,8.958160768660044,193,,,,,0,,,,,0,3.9689871970007222,24.58306216752758,-0.0029024018238634946,0.7760877573321565,11,1.62919994161654,80.75246648690656
2,202,3.874696163668821,25.455462994514193,-0.0008496512735325575,2.7935098400321756,32,3.8084702960932777,26.828435897366916,-0.0004807945105102632,4.942659864964064,64,3.7082444627182563,28.285193304500595,-0.00034260768179102536,6.7351856278046895,128,3.631808162664812,29.565636591156174,-0.0002746000407262087,9.154010899294246,193,,,,,0,,,,,0,3.9723637391095594,24.40493454071504,-0.003303062580041789,0.684212797657846,10,1.60884963029617,79.7437886746144
2,206,3.872551313441824,25.270856598889964,-0.0008586228515229412,2.7959227970021274,32,3.805795445668951,26.643920524940107,-0.0004852421552026717,4.881983475617723,64,3.703310844488877,28.120248084186354,-0.0003445761421422309,6.760298783367343,129,3.627484489215323,29.394107918702932,-0.00027730602150889217,9.244054377868348,193,,,,,0,,,,,0,3.97133201545575,24.2211353117607,-0.0033436669273895236,0.7054587814883142,10,1.60352448989692,79.47984426199564
2,210,3.872496442541503,25.421823362972567,-0.0008636807708496581,2.8314786274455663,32,3.805313736760935,26.819582874520872,-0.0004880456473006162,5.017222161911924,64,3.7023134185861024,28.344797441711826,-0.0003462489880705903,6.95344145542213,129,3.6262110724313343,29.650820378516897,-0.0002784392992487533,9.430962865290166,193,,,,,0,,,,,0,,,,,0,1.5989712144028,79.25415788836384
2,214,3.8707313539111583,25.717914089980162,-0.0008640177278412221,2.6819639157326165,32,3.803139114659239,27.004973898728352,-0.0004908238141208958,4.665527948168457,64,3.699152478815171,28.35357883526129,-0.0003493898198345085,6.313131410594945,129,3.622091545685266,29.535657915371385,-0.0002816063945951393,8.682359296924332,193,,,,,0,,,,,0,,,,,0,1.58762731235756,78.69188922732394
2,216,3.873953943613145,25.648275808711745,-0.0008836160672085588,2.7590014622787535,32,3.8053939474205656,26.990069244572588,-0.0004980467908805635,4.859428805077922,64,3.701824384775155,28.428119433750492,-0.0003539550415929938,6.656166716224881,128,3.623091024771795,29.693502745296836,-0.0002830896294871473,9.038039031514153,193,,,,,0,,,,,0,,,,,0,1.58297197446862,78.46114405771091
2,220,3.8640303963696123,25.490219486704433,-0.0008797501763647635,2.8065201976259466,32,3.795294816112074,26.841073712745555,-0.000498907435923777,4.839807852323638,64,3.692013763212275,28.292890762161292,-0.0003532425795146992,6.773171999624832,128,3.614581134515062,29.571845984503483,-0.00028328260671989903,9.197009436751799,192,,,,,0,,,,,0,,,,,0,1.56713763671356,77.67630372212932
2,224,3.862875719220166,25.348042127387675,-0.0008891101125859668,2.8363131096994785,32,3.793692726301073,26.702630151544874,-0.000502953973084146,4.887863116462288,64,3.688266277884492,28.192654642544948,-0.000354637596710045,6.874087737828994,129,3.610502042695646,29.482319814176115,-0.000284783494045751,9.31457050635305,193,,,,,0,,,,,0,,,,,0,1.56134461397139,77.38916838478035
2,228,3.8599439195944507,25.343501665732486,-0.0008941908239900655,2.8356139609357527,32,3.790295072837443,26.707175158380352,-0.0005062801064995463,4.8818562675759125,64,3.6844599708746273,28.213595881258332,-0.0003561235261273033,6.939439164928917,129,3.60645391597494,29.524646766705402,-0.00028573259876633054,9.419833367000809,193,,,,,0,,,,,0,,,,,0,1.55117118927904,76.88491527529958
2,232,3.8582645836687184,25.419746895896168,-0.0008983788853049261,2.858921047694462,32,3.7881219870880134,26.78621694219163,-0.0005096104271511809,4.888004688341116,64,3.681795734606768,28.30176326677687,-0.00035793303873954727,6.970299037580855,129,3.6034608777716275,29.624711669000412,-0.0002870912003785137,9.487706048744823,193,,,,,0,,,,,0,,,,,0,1.54067416062952,76.3646225030132
2,236,3.8519623949769484,25.467679640412513,-0.0008994284278198972,2.893564103926227,32,3.781302082128653,26.82895065301207,-0.000512707718072624,4.832209345532359,64,3.6765120704138083,28.321563377388564,-0.00035916439410006414,6.994394390094008,128,3.5970570678787817,29.68395623148719,-0.0002864437502726996,9.586918581584506,193,,,,,0,,,,,0,,,,,0,1.52531387446244,75.60327887522882
2,240,3.854838033811121,25.414525248994316,-0.0009091445584625841,2.888532927449969,32,3.783774445643855,26.79232578973101,-0.000516039103719692,4.940550057542236,64,3.676311103449284,28.329628927240215,-0.00036185917921782934,7.072574631790033,129,3.5971921466671697,29.679148813225083,-0.00029015971164137263,9.651642361456908,193,,,,,0,,,,,0,,,,,0,1.53015703180674,75.84333345118733
2,244,3.853136768791794,25.3983994816232,-0.0009154305279159758,2.9057309890796894,32,3.7816426004602377,26.780608976555484,-0.0005194805103699882,4.936525182840612,64,3.6736340046835934,28.329650461072312,-0.0003637241693202249,7.133355228081367,129,3.594084294959255,29.690406895225895,-0.00029171655697836195,9.714404293001419,193,,,,,0,,,,,0,,,,,0,1.52465668344741,75.57070473005419
2,248,3.8505178747101256,25.395390954465004,-0.0009206671280945828,2.9181143995683385,32,3.7785391912981403,26.786840399007062,-0.0005227791548343614,4.950895698387907,64,3.67017201057674,28.350269551833712,-0.00036513783928700407,7.203167761765101,129,3.5904497907459274,29.727514375425336,-0.00029246600666038515,9.821679722256299,193,,,,,0,,,,,0,,,,,0,1.51454929866554,75.06972493621848
2,252,3.848735892841179,25.393387489460157,-0.0009269683709327737,2.9334804980658262,32,3.776324779444522,26.786101345205836,-0.0005258505048940014,4.956364046555173,64,3.6688343908050034,28.33857526586496,-0.00036836738727692833,7.190869943609595,128,3.587292457735709,29.749283621120384,-0.00029391255354180274,9.85675820515489,193,,,,,0,,,,,0,,,,,0,1.50939150460208,74.81407516505371
2,256,3.846428698448945,25.344905352380195,-0.0009316353508387195,2.9692288287832724,32,3.7736036961983013,26.74117180912203,-0.0005289493128483861,4.984502621007326,64,3.6642129055694874,28.32300611842331,-0.00036859464986543027,7.292767607252927,129,3.583770754905452,29.723796620606564,-0.00029528850224465244,9.977699948707446,193,,,,,0,,,,,0,,,,,0,1.50399743330507,74.54671414292675
2,260,3.843388074136975,25.29425354075053,-0.0009376329295561388,2.976638094589248,32,3.7700658266701446,26.6922717601181,-0.0005327235772570498,4.979790070902837,64,3.6603377957892964,28.28623248681415,-0.0003700810678100471,7.334908746669697,129,3.579652563332204,29.704089725031622,-0.0002962260133560356,10.0327753653606,193,,,,,0,,,,,0,,,,,0,1.49352019180402,74.02740213488109
2,264,3.8414831061264243,25.329549870950082,-0.0009426679539124541,3.0080299557591204,32,3.7678190296506067,26.741414461680506,-0.0005351354542535414,5.00898270259378,64,3.6575484152219015,28.333171463522184,-0.00037202647954603257,7.335681219409725,129,3.576125063080447,29.761259972859083,-0.0002986477462877477,10.101364870226995,193,,,,,0,,,,,0,,,,,0,1.48763230244974,73.73556466569462
2,266,3.85865114880543,25.870256176996133,-0.000922959765558086,2.96806145482903,32,3.786380640337679,27.302276582065787,-0.0005248092058063333,5.078902721873973,64,3.6770061511760765,28.88570564753912,-0.0003681290748193308,7.216945331388498,129,3.596347345351918,30.267799296786464,-0.00029553214336025627,9.863154222490895,193,,,,,0,,,,,0,,,,,0,1.53028762144017,75.84980622026112
2,270,3.8444978170496644,25.26986545773108,-0.000932843429413515,3.011673083050894,32,3.7713319126244707,26.706568024643673,-0.0005312052749362157,5.091478521481044,64,3.6617885004794455,28.335333090350964,-0.0003694233893533467,7.4915414423434115,129,3.5808706159060426,29.77949413997956,-0.00029657170884881735,10.242733800039293,193,,,,,0,,,,,0,,,,,0,1.50407600883601,74.55060879561292
2,274,3.8393555337689613,24.889205369202077,-0.0009484768517012181,3.105546574612095,32,3.765339332286413,26.35867415522869,-0.0005378274205060713,5.198482493795396,64,3.6563345714989977,28.01872523423544,-0.00037412551699722915,7.66100140589516,128,3.573358728981489,29.541913061414697,-0.0002989379046134468,10.591726658541212,193,,,,,0,,,,,0,,,,,0,1.48875936087309,73.79142812679322
2,278,3.835464779509823,24.99696040526402,-0.0009530858010281964,3.110756023065889,32,3.7608574519515123,26.467065104560298,-0.0005416866438291428,5.174145501168958,64,3.6515347436681145,28.14100321255988,-0.00037532891717816314,7.744953368623527,128,3.568510122240909,29.690112895323956,-0.0002994561200460346,10.713664614907994,193,,,,,0,,,,,0,,,,,0,1.47827792855466,73.27190839787096
2,282,3.8379813695796914,25.462286660057874,-0.0009536047704076517,3.111536155271505,32,3.76313196131529,26.936081796006455,-0.0005433154672887023,5.226518708841535,64,3.6531013888668937,28.630222054553393,-0.00037765374027190496,7.774216560526096,128,3.569681948670762,30.18084317153418,-0.00030102091177607417,10.746766844876177,193,,,,,0,,,,,0,,,,,0,1.47845998221568,73.28093201847443
2,286,3.83873076548718,25.799756143937238,-0.0009541744195080759,3.0971812415059787,32,3.76354865831542,27.263720458761817,-0.0005453120800333177,5.1706856068153755,64,3.6529862753798295,28.937175000638916,-0.00037931695124391376,7.7150045114101715,128,3.569204456402544,30.482635043118748,-0.000302264570743164,10.659255744420541,193,,,,,0,,,,,0,,,,,0,1.47321484489997,73.02095301621284
2,290,3.835410006699118,25.69065810693521,-0.0009613122381763209,3.1405214183925416,32,3.759772987358343,27.1612100526052,-0.0005489439786813009,5.207038223171796,64,3.647364292543333,28.866833660122357,-0.0003793979537837588,7.84234931971233,129,3.5647287429456327,30.404027011724217,-0.000303554916536978,10.774359534163484,193,,,,,0,,,,,0,,,,,0,1.46751649350679,72.73851013234444
2,294,3.830352148583936,25.49410291181914,-0.0009684314992804716,3.1265820348637803,32,3.754076794238156,26.956250910624245,-0.000552845865311966,5.17053548349352,64,3.6413596098973198,28.671010367952583,-0.0003808194069676282,7.848867488651507,129,3.5583900487328988,30.216705533708488,-0.00030486226524402085,10.808965045611888,193,,,,,0,,,,,0,,,,,0,1.45162926575213,71.95104826590523
2,298,3.828317653494711,25.172327096992582,-0.0009787386051435386,3.17098163675562,32,3.751528902111163,26.655979772984814,-0.0005568870994306802,5.225566757372743,64,3.6393014593683315,28.376869733006956,-0.000385411849589512,7.92278081326419,128,3.554060733519365,29.97855551271186,-0.00030760596968287395,11.016164243620839,193,,,,,0,,,,,0,,,,,0,1.45192377209672,71.96564568462234
2,302,3.827998411991267,25.364776276151836,-0.0009798199321404558,3.192042175462351,32,3.7510094417169366,26.866019100572725,-0.0005582092274629439,5.28104557805727,64,3.638724327057646,28.61850800476763,-0.0003857148617350167,8.038984869971735,128,3.553652990814038,30.249630039652818,-0.0003072556692949356,11.181721696620652,193,,,,,0,,,,,0,,,,,0,1.44714846947777,71.72895437691278
2,306,3.8295026580920286,25.744752462664433,-0.0009783101243846896,3.180075224022694,32,3.7523059877732585,27.2346819010652,-0.0005594963824449335,5.258553539354246,64,3.6382208797780775,28.994693312919296,-0.00038523290293319447,8.040034379763881,129,3.5544590368395164,30.58583152330994,-0.00030795786382004705,11.092255785854924,193,,,,,0,,,,,0,,,,,0,1.44685381056599,71.71434939609318
2,310,3.828834475071491,25.801170054612854,-0.0009831022476074858,3.180124908115598,32,3.7513612278416746,27.29140720398433,-0.0005616960303066841,5.243397664432422,64,3.636845196023873,29.055200529863686,-0.00038667017928173977,8.05866513243268,129,3.552806311865514,30.650263132036606,-0.00030904437561339707,11.09374547462182,193,,,,,0,,,,,0,,,,,0,1.44167419302847,71.45761792874575
2,313,3.8783025398070965,25.486974714332142,-0.0009639930923727939,2.961521373723226,32,3.8056303700119676,26.963493834585076,-0.000529478590713133,5.537013151122366,64,3.6916903634705642,28.711401534875773,-0.00038183784167321306,7.486557142641075,129,3.607362202438353,30.098292386665186,-0.0003079444266603154,10.166272978435174,193,,,,,0,,,,,0,,,,,0,1.59358665931001,78.98726854374111
2,316,3.8592859609041996,26.119955573147823,-0.000930245939358084,2.9652450028406037,32,3.7859500402542725,27.557311566090476,-0.000532616156930504,5.128503932167892,64,3.677335915192754,29.122726978952002,-0.00037169805261204423,7.238647516685852,128,3.5959720463169242,30.517481197136387,-0.0002943322981378245,9.892667210142918,193,,,,,0,,,,,0,,,,,0,1.54639023769156,76.64794397240323
2,320,3.8489116275397306,26.16161363124612,-0.0009343624277374497,2.9763638532457257,32,3.7745527168784654,27.584007001952095,-0.0005393001413317467,5.026200030450628,64,3.6638775080492016,29.17375109218635,-0.00037286382952425476,7.348133719941707,129,3.583460841722852,30.58259336310339,-0.0002962384148924643,10.029781186556413,193,,,,,0,,,,,0,,,,,0,1.51470559175661,75.07747171565073
2,324,3.844878860376968,25.92633027924734,-0.0009485052334788046,3.015570264620017,32,3.769461481522491,27.35627426885665,-0.0005470305160631696,5.05013928066715,64,3.657531952195027,28.97183274809572,-0.00037730444593326684,7.463251165711039,129,3.576124796540645,30.41415753475436,-0.00029989592485183265,10.212028446575843,193,,,,,0,,,,,0,,,,,0,1.49897860833354,74.29795247472106
2,328,3.8408417330086255,25.725520725868954,-0.0009594150325156552,3.0714927220958472,32,3.7645307287748513,27.170519133355686,-0.0005532471075866955,5.119301023278894,64,3.651604712027466,28.815788031491376,-0.00038080790974570936,7.623551958253749,129,3.569430385626401,30.28726826783249,-0.0003027354189875042,10.414495839645372,193,,,,,0,,,,,0,,,,,0,1.48311107454105,73.51146675367659
2,332,3.837104315978597,25.607839217470467,-0.0009677773700965386,3.0875412011352914,32,3.7600523804668082,27.056921831417974,-0.000558387408643229,5.108415084126143,64,3.6478628740724677,28.70174823815474,-0.00038510183894782223,7.633741391954846,128,3.563688783859573,30.227991159153593,-0.0003047904261441717,10.564659494434007,193,,,,,0,,,,,0,,,,,0,1.47296648254683,73.00864275760908
2,336,3.834921484729919,25.663028839488966,-0.0009730037406167196,3.105956116615591,32,3.757295631002978,27.118569574280592,-0.0005619071211819509,5.122403874105942,64,3.644568927236465,28.77858156076104,-0.00038700616445192426,7.7104338221020505,128,3.560025679534796,30.32192273361813,-0.00030616035313704563,10.67613519226202,193,,,,,0,,,,,0,,,,,0,1.46276043960993,72.50277290138493
2,340,3.8331571992270512,25.710808335207037,-0.0009794039875366432,3.1338459765233324,32,3.755041359879804,27.169370008619417,-0.0005653566100864853,5.1451568672732435,64,3.6402327091885156,28.863149744050236,-0.0003875106323633193,7.79965394487261,129,3.5567354338273556,30.392454139774575,-0.0003078760838117358,10.734901190839409,193,,,,,0,,,,,0,,,,,0,1.45183646810625,71.96131839956391
2,344,3.8298421450246374,25.747889562402385,-0.0009831135475589143,3.1185719025955123,32,3.7512844478945544,27.20288260269207,-0.0005683875702873979,5.098059350261305,64,3.637677082328243,28.878807234564363,-0.0003901277752879435,7.787775961568336,128,3.552521514922328,30.446661558979148,-0.0003085201495045049,10.789977096994889,193,,,,,0,,,,,0,,,,,0,1.44686706440304,71.71500633205595
2,348,3.8285564678018362,25.715702968690195,-0.0009902187758594598,3.134923913241039,32,3.7495830830583485,27.18114052272481,-0.0005717657200983798,5.166831438000592,64,3.633937490035496,28.90651704416607,-0.0003907298935913609,7.925579631084176,129,3.5499008468073296,30.468820079868163,-0.0003101302540432384,10.904600367784568,193,,,,,0,,,,,0,,,,,0,1.44138039942778,71.44305583769248
2,352,3.8271209248118723,25.761913598738218,-0.000994492725602718,3.160736171934481,32,3.7476983599978997,27.225757534632486,-0.0005746298818264507,5.144866682501409,64,3.631586486731975,28.957811919267204,-0.00039221218470787385,7.94656864794047,129,3.5472107390429635,30.534150640445922,-0.0003113023578193108,10.982506726654112,193,,,,,0,,,,,0,,,,,0,1.43121074496077,70.93898960214143
2,356,3.825233213201872,25.756853310098414,-0.0009991022150748084,3.172693947628485,32,3.74545160008708,27.226681157078893,-0.0005770053833850781,5.175770577929267,64,3.628988519746288,28.972780157831078,-0.00039338002913877395,8.005995942872211,129,3.544405707467216,30.559765794715066,-0.0003121211102479145,11.04004125516348,193,,,,,0,,,,,0,,,,,0,1.42602471795257,70.68194044477139
2,360,3.8225359426331025,25.75991044609119,-0.0010023118881086464,3.1878368071449437,32,3.742297691443238,27.227945129428146,-0.0005797627331729798,5.142578856266269,64,3.62708358386506,28.95477647094283,-0.00039604805775117724,7.994573150528542,128,3.540824820324412,30.58110775892085,-0.0003128296731036567,11.086346492336393,193,,,,,0,,,,,0,,,,,0,1.42048764996619,70.4074916889224
2,364,3.81563156546828,25.806255852426922,-0.0009865746746728656,3.2284854159735836,32,3.7364107219618132,27.296062004527027,-0.0005715925717142473,5.178593423240386,64,3.6218145763101233,29.108447080313255,-0.0003875761605622199,8.261583523460533,129,3.538732306475812,30.777247371248908,-0.0003069634669428392,11.42377938091553,193,,,,,0,,,,,0,,,,,0,1.4207006230355,70.41804785222855
2,367,3.837081091149004,26.517070998672295,-0.0009890556978389307,3.100026274485039,32,3.757795129437457,27.977297424336488,-0.000573224771948676,5.1306374043581435,64,3.6437394121324758,29.66959950069015,-0.0003916731918523042,7.805821810601387,128,3.5589395909691253,31.24057595560884,-0.00030797837301177266,10.797167457383843,193,,,,,0,,,,,0,,,,,0,1.45225580433084,71.98210310103482
2,371,3.827709028098318,26.34928830804478,-0.0009909907686782575,3.1564453239110897,32,3.747845990737127,27.815849667649022,-0.0005765235549893629,5.148958137784312,64,3.6332805645651254,29.53762798140211,-0.0003938652597882459,7.948424739225178,128,3.5478972175844143,31.154320841871716,-0.0003100642631623477,11.048863280236244,193,,,,,0,,,,,0,,,,,0,1.43155763277257,70.95618334594263
2,375,3.822039161803671,26.200000474838486,-0.001001718688873074,3.1986811106141353,32,3.741376548124542,27.66412025649356,-0.0005820295263631813,5.130528584244718,64,3.624901156617708,29.43088422746152,-0.00039395485007111226,8.092501175876496,129,3.5407615802930357,31.05029687354083,-0.00031128868217129824,11.186045879311731,193,,,,,0,,,,,0,,,,,0,1.41501575115894,70.1362730902931
2,379,3.8194796056801783,25.980516813730453,-0.0010121160919844122,3.2205593871819076,32,3.7360070407090857,27.48580606235478,-0.000581437010385842,5.191696383740382,65,3.620754593885359,29.246547953440764,-0.0003971734759595576,8.167234260824184,129,3.535903741592266,30.88519870647549,-0.0003138859450412851,11.319386271402134,193,,,,,0,,,,,0,,,,,0,1.40973115065175,69.87433806657212
2,383,3.818315830696419,25.916539004355005,-0.001020876824606355,3.2457835277116764,32,3.7343257639627203,27.44366306962051,-0.0005849895125011737,5.287654905371486,65,3.6184556793373006,29.233247789490598,-0.0003995083214560138,8.314635408725916,129,3.53315676961339,30.90088201998181,-0.00031569358919963274,11.49197721353131,193,,,,,0,,,,,0,,,,,0,1.40491731812931,69.63573699649338
2,387,3.8164261865036915,26.24772252689043,-0.001018404658298993,3.231677498113708,32,3.7342671869166075,27.727258172219216,-0.0005913898811241904,5.1832869303542175,64,3.6177818306975382,29.52087583814757,-0.00040055160617074985,8.21287103108504,128,3.5324311503552437,31.19208047031711,-0.0003157223436108355,11.421462193781938,192,,,,,0,,,,,0,,,,,0,1.39516429657156,69.15232147064526
2,391,3.8179607506220345,26.396251929493467,-0.0010227388910062005,3.2476562365960966,32,3.7355604251042593,27.882543876081616,-0.0005939361982148408,5.207592799041709,64,3.6183140774157643,29.679408412278946,-0.0004032419390226162,8.240215126592123,128,3.531152647025995,31.376562615173427,-0.00031695184154684756,11.501692118817775,193,,,,,0,,,,,0,,,,,0,1.39453438326141,69.12109936452545
2,395,3.814526400966838,26.15077468180531,-0.0010316706618599377,3.277393559284775,32,3.7315478869557923,27.64589555090658,-0.0005980151902608469,5.252678771922735,64,3.61367405678963,29.462533583502555,-0.000405614027443647,8.321820072817431,128,3.527171319130747,31.15074618341465,-0.0003198227166243677,11.55773223932956,192,,,,,0,,,,,0,,,,,0,1.38931711793126,68.86250185726787
2,399,3.811943701035535,25.949061770535447,-0.0010394252208570116,3.27998454336068,32,3.72853616748106,27.44815592757937,-0.0006012454965711594,5.252296886277218,64,3.6087981179977273,29.318246065370303,-0.00040516926169382745,8.463458122692856,129,3.522425316820888,31.0295230484753,-0.00031992567565449284,11.725552992929295,193,,,,,0,,,,,0,,,,,0,1.38383794723278,68.59092282212131
2,403,3.8096627530155334,26.211269617925897,-0.0010387745749317302,3.287883045713304,32,3.72378132732175,27.735314688715707,-0.0005966128384638222,5.268051385921385,65,3.606536945967931,29.573711570856325,-0.00040442924670773664,8.475180956488813,129,3.520523392670606,31.292712917043787,-0.0003189365831922109,11.756896723632266,193,,,,,0,,,,,0,,,,,0,1.37368142381951,68.08750743669
2,407,3.8127194804422464,26.492452390054687,-0.0010398816539237536,3.2814786497361794,32,3.728879138115314,27.986362002069686,-0.000603465827173768,5.240899148079592,64,3.6087817583397737,29.851679605163024,-0.00040628926494267137,8.457295956572239,129,3.522417018722763,31.562398208156814,-0.0003202056639669866,11.721219618823504,193,,,,,0,,,,,0,,,,,0,1.37860598918637,68.33159705981836
2,411,3.811100396858942,26.36228231240314,-0.001044938155391327,3.272504452983405,32,3.726844024980356,27.853305820321197,-0.0006062959340424111,5.22941488803329,64,3.607759930821536,29.699005133510955,-0.00040981711929162935,8.416868416311335,128,3.5194447788315304,31.44728931636841,-0.00032158799732841573,11.759477003310348,193,,,,,0,,,,,0,,,,,0,1.37376002991086,68.09140360412486
2,415,3.8082036183173855,26.152514969814995,-0.0010525071931988823,3.31278018415545,32,3.723516919096732,27.651508267673307,-0.0006096698062005863,5.267262164811999,64,3.6024786707685554,29.538136526097034,-0.00040953389288250785,8.542851792430703,129,3.5153400931127683,31.27453793407919,-0.00032296939894866684,11.858911788527344,193,,,,,0,,,,,0,,,,,0,1.36825805839427,67.81869443003508
2,419,3.805462012543723,25.934272689061608,-0.001059588987197724,3.334106298020494,32,3.7203174461489916,27.4385298226526,-0.0006125578024084065,5.305224705998867,64,3.6004121672331557,29.325417292989314,-0.0004127205645471988,8.57100297693679,128,3.5114542294683835,31.11509936275315,-0.00032402357463753097,12.016746003928894,193,,,,,0,,,,,0,,,,,0,1.36330240373175,67.5730638436144
2,423,3.8054079066477513,26.18700064212825,-0.0010581745578165048,3.3415757697050736,32,3.720116458028517,27.69022064975215,-0.0006134311142126686,5.300353573821148,64,3.598839893735836,29.607904875686522,-0.0004105113056450964,8.640857887216786,129,3.5117259578044933,31.371461540306893,-0.0003232226071801863,12.026362631165465,193,,,,,0,,,,,0,,,,,0,1.35809661401726,67.31503513349786
2,427,3.8062149781035455,26.58298602577078,-0.0010549418078257215,3.3200233962444443,32,3.7207980837438646,28.07654359406417,-0.000613537338872541,5.250465506858891,64,3.6011269683760236,29.959437812700816,-0.00041197071104774613,8.542087972145513,128,3.5126613213254845,31.744914044636793,-0.0003225875996399008,11.95457739984062,193,,,,,0,,,,,0,,,,,0,1.35326909099953,67.07575548417674
2,431,3.802690529394131,26.66662097230885,-0.001007610422216933,3.1677173629093893,32,3.7203107286606873,28.072199322277505,-0.0005902376644463719,4.8937609574980385,64,3.60567583149169,29.835377205725752,-0.00039515170523483185,8.044779159538898,128,3.521056407852213,31.521362888231206,-0.00030873253704154436,11.293621507802975,193,,,,,0,,,,,0,,,,,0,1.38416057382375,68.60691404106846
2,433,3.8251659120164723,26.70965151946625,-0.0010376870720730075,3.2042934223428965,32,3.7413469752631565,28.1974768804954,-0.0006042410742035432,5.202823292226022,64,3.6219807010924607,30.007100349741222,-0.0004039885915945392,8.203436953018851,129,3.5367724897952155,31.643465007971553,-0.00031661682851735176,11.298089734165124,193,,,,,0,,,,,0,,,,,0,1.40514677906515,69.64711039275872
2,437,3.813695766391212,26.390709008585052,-0.0010427449925423313,3.260121549854677,32,3.7290889135549183,27.872422885034624,-0.0006081699289046987,5.2054447657756135,64,3.609034031515649,29.722556016793114,-0.00040631974701502653,8.360073957413931,129,3.523203735744073,31.4080465589979,-0.00031886126761363946,11.573578146501646,193,,,,,0,,,,,0,,,,,0,1.37871902262735,68.33719964359061
2,441,3.8085186364448274,26.03209981742641,-0.0010575950603355353,3.2871519076491573,32,3.7229194260166767,27.527335164574563,-0.0006149928589174983,5.238301328282677,64,3.6035144510550956,29.389135374355874,-0.00041143967857818864,8.454886076663392,128,3.5153911200840016,31.143562376035767,-0.0003215388534286642,11.783211193919556,193,,,,,0,,,,,0,,,,,0,1.36826577831991,67.81907707369999
2,445,3.806098905942739,25.916502398324315,-0.001067448390982001,3.330882247067379,32,3.719881880936537,27.421323311468107,-0.0006196689379101849,5.305765604899047,64,3.5981707155584877,29.335551728471817,-0.00041246972562040463,8.602095797303203,129,3.5110651531192922,31.084062181136893,-0.000323830496245954,11.96507742733196,193,,,,,0,,,,,0,,,,,0,1.3573151296618,67.27630029953899
2,449,3.803926815357008,25.90268247720097,-0.0010732435929791465,3.3331460539554207,32,3.717221769973653,27.40699245375525,-0.0006229715757421834,5.302990349186828,64,3.5965357406864724,29.307679775742333,-0.00041582101231810387,8.60769895147481,128,3.5075246021431967,31.101917588559377,-0.0003249547604732574,12.03852829565529,193,,,,,0,,,,,0,,,,,0,1.35249346388016,67.03731096833596
2,453,3.8024342592814504,25.868727705089867,-0.0010777609502642526,3.3453857305689745,32,3.7151836786255155,27.377629748294172,-0.0006262928607617121,5.3004493709651435,64,3.594033343213254,29.29287940930802,-0.00041756028883014083,8.656039771520298,128,3.5046959030109015,31.101712659031794,-0.0003262417805433857,12.107371263779811,193,,,,,0,,,,,0,,,,,0,1.34740991516612,66.78534122129697
2,457,3.800828021452946,25.846639966919795,-0.0010834979203006893,3.3659632835067725,32,3.713136569647731,27.35588680159107,-0.0006291016026406328,5.3078023024431715,64,3.5899427477633052,29.309508013100878,-0.00041727372267858826,8.757225371036927,129,3.501864267271445,31.099169511438614,-0.00032755033246284465,12.16912057642681,193,,,,,0,,,,,0,,,,,0,1.33700751308423,66.26973868287087
2,461,3.7987670480314297,25.721342611961248,-0.0010908699042420239,3.394614154309803,32,3.7106191688540906,27.232853203427347,-0.0006326844622251806,5.340879456594283,64,3.5869903790851625,29.20296116670654,-0.00041908781288815697,8.819747065780245,129,3.4985489012828728,31.008778448821605,-0.00032900407531190985,12.273557873154704,193,,,,,0,,,,,0,,,,,0,1.33123529667185,65.98363462621751
2,465,3.7951125670722377,25.66402234209393,-0.0010950574853907725,3.405687147162805,32,3.7065226268988423,27.170493574178806,-0.0006353131318789783,5.32925079916734,64,3.5829696716061123,29.15600338576251,-0.0004190889870536585,8.85454549316745,129,3.494521743826966,30.97885739007296,-0.0003290530392515807,12.35390578085908,193,,,,,0,,,,,0,,,,,0,1.32593037817276,65.72069252661954
2,469,3.795625254855805,25.66618341335682,-0.00109997330176865,3.4000762108582805,32,3.7066388486969437,27.18187269849444,-0.0006380062553546733,5.3649919021276915,64,3.5839585165485266,29.151429639410274,-0.0004230613537601814,8.85830509172726,128,3.4935096909659134,31.01279304858004,-0.00033052052568636016,12.406123112453805,193,,,,,0,,,,,0,,,,,0,1.32157874386753,65.50500064349335
2,473,3.79514588908535,25.708824700249437,-0.0011027544204581814,3.430615440408367,32,3.70583460735895,27.227560271002293,-0.0006401658905219944,5.37853532504235,64,3.5828083817098015,29.201726906734933,-0.0004243548996222631,8.872898871205997,128,3.492138095873899,31.067354517661453,-0.0003314810879570115,12.457929605898173,193,,,,,0,,,,,0,,,,,0,1.32122507406611,65.48747074550045
2,477,3.793862162417177,25.63764745351189,-0.0011088584831588542,3.420502600999299,32,3.7041584611846865,27.15692817171101,-0.0006429485073562958,5.373321677393804,64,3.5791758788415473,29.1723258055715,-0.0004237750951095559,8.956292791686241,129,3.4898418814607424,31.021405653643505,-0.0003325684743132776,12.48979547559399,193,,,,,0,,,,,0,,,,,0,1.31564853018627,65.2110653386093
2,481,3.789497244223706,26.258115657822486,-0.0010711214467822062,3.3302946159446662,32,3.7017188478017182,27.706747039391146,-0.0006267817884812581,5.132347583372539,64,3.5814273035542774,29.60801575397468,-0.0004152870366256943,8.564241088577731,128,3.4927347277611065,31.422828612874888,-0.00032430350951677167,12.107963494648494,193,,,,,0,,,,,0,,,,,0,1.32090256975024,65.47148558720653
2,483,3.811900431242564,26.36068284984766,-0.0010890501324390556,3.2151833254931006,32,3.723091139222974,27.798461011926072,-0.0006366463474549548,5.074078139790522,64,3.6005900969259557,29.60847783067201,-0.00042235496501904395,8.21795349748605,128,3.5108911324289096,31.29970600586764,-0.0003283344347261195,11.389740906988273,193,,,,,0,,,,,0,,,,,0,1.34743287672739,66.78647932759047
2,485,3.8041928373796177,26.12895391373952,-0.001102871691767892,3.2269773279530902,32,3.7143452898137133,27.56650437412317,-0.0006437455105589196,5.098312853537916,64,3.5895378777707894,29.43860376012431,-0.00042347319574916303,8.375340382830355,129,3.500797648936017,31.141793663510477,-0.0003309014853309899,11.604641158732658,193,,,,,0,,,,,0,,,,,0,1.32601280723536,65.72477818237311
2,489,3.7966183122799526,25.90048548745764,-0.0011081378923864463,3.2826752912951704,32,3.7062425887619144,27.34324209155616,-0.00064644497556634,5.138939388889742,64,3.5810670387907084,29.26269420479772,-0.00042448890210121875,8.533580854400324,129,3.4919793090987943,31.00718121284188,-0.00033218380129032294,11.846483096419835,193,,,,,0,,,,,0,,,,,0,1.31011867848311,64.93697426302657
2,493,3.793095861786579,25.61432443659,-0.0011200642202340272,3.333885308746808,32,3.702042125654701,27.065963020316204,-0.0006514363317074596,5.179849121682661,64,3.5762613896675552,28.998722817425012,-0.0004267431227704684,8.61175589383998,129,3.486686989388041,30.76492256554033,-0.00033397226665764706,11.995230019367607,193,,,,,0,,,,,0,,,,,0,1.30521620229393,64.69397950587184
2,497,3.7935022532136062,25.94956525798112,-0.0011175376986338682,3.299575034470024,32,3.702216628461195,27.391641109012188,-0.0006520150110613709,5.153378969670257,64,3.578111508978388,29.30850913529856,-0.0004283806116314577,8.575520103052867,128,3.4872159930223083,31.109722834542886,-0.0003331937164807654,12.006964860735224,193,,,,,0,,,,,0,,,,,0,1.30040619513558,64.45556804271465
2,501,3.7946229001990064,26.222059706069345,-0.0011180238650776264,3.3082513955133876,32,3.703095587904821,27.660492259249224,-0.0006537482159511763,5.140056633368808,64,3.5786562834219264,29.561668538892793,-0.00042950031812617414,8.545130524393947,128,3.4875531955024073,31.35026870489053,-0.0003339719600867335,11.932198957341669,193,,,,,0,,,,,0,,,,,0,1.30023573584112,64.44711910522597
2,505,3.791351044369401,25.98335624550144,-0.001126571280829386,3.3398482305291246,32,3.6992312414928765,27.4242308162364,-0.0006577546430898911,5.174450802691819,64,3.5742645950579277,29.34619872013743,-0.0004313677501089161,8.605247517143571,128,3.4826677789242946,31.151952994221244,-0.0003358625298586362,12.06483932236436,193,,,,,0,,,,,0,,,,,0,1.28950667224808,63.9153253541329
2,509,3.787024242638485,25.671641246643762,-0.0011357623433963613,3.332370931192308,32,3.694300908042531,27.109733269869615,-0.0006618537234162205,5.175141338939536,64,3.568918870310678,29.051874182345124,-0.00043305289817270186,8.665928680867708,128,3.4767688153107397,30.884662140783554,-0.00033760889800746964,12.164144401846379,193,,,,,0,,,,,0,,,,,0,1.27925305738479,63.40709756117343
2,513,3.7860297138459407,25.473377143844935,-0.0011461447461246993,3.378197257894019,32,3.692706163395772,26.93388424011359,-0.0006667082203955936,5.247159660038687,64,3.5649863296940043,28.93107176760206,-0.0004336415186679416,8.851905406762782,129,3.4739478853462873,30.75406922601817,-0.00033960216276405873,12.30789497626008,193,,,,,0,,,,,0,,,,,0,1.27920781717146,63.40485519747241
2,517,3.787473987129576,25.751066127208677,-0.001144948384501074,3.3719626447706013,32,3.6940125514539774,27.21068817710298,-0.0006672259821709974,5.240102506938225,64,3.566328036862205,29.21757184795978,-0.00043353828440937097,8.855223616497806,129,3.4756097915362876,31.047609174790523,-0.00033884817692722704,12.345601929867076,193,,,,,0,,,,,0,,,,,0,1.27403676090292,63.14854807557744
2,521,3.787383867323326,25.866136829307262,-0.0011456195435371806,3.3510473213487053,32,3.6935254489851865,27.31484891695152,-0.0006692927126756917,5.199658646767588,64,3.5670518368872797,29.282069708402467,-0.000436887288876202,8.758996523022805,128,3.4743378496395234,31.13533411396954,-0.0003401083152518719,12.269129695520373,193,,,,,0,,,,,0,,,,,0,1.27412739230015,63.15304028594434
2,525,3.7822140851648993,25.61225958430596,-0.0011542732043671807,3.3860429446432008,32,3.687829120314284,27.057069258361146,-0.0006727424502990121,5.228322185125975,64,3.561205190154797,29.03668634726558,-0.00043763879300593215,8.817497694447479,128,3.468064770623632,30.906634389958572,-0.0003414206424663588,12.387019381626327,193,,,,,0,,,,,0,,,,,0,1.26376394264408,62.63936845251047
2,529,3.780816124570153,25.323197642524462,-0.0011662280993510854,3.3970996774698747,32,3.6858285104950284,26.78021249268179,-0.0006780354071724381,5.272477201917315,64,3.5566126584012743,28.81965168223931,-0.00043889392387836784,8.963314869383247,129,3.4643795072073984,30.68251104591166,-0.00034420048186915896,12.520620310164254,193,,,,,0,,,,,0,,,,,0,1.25813736889552,62.36048327920517
2,533,3.779413936899351,25.189129415818556,-0.0011720563858253713,3.430367342199091,32,3.6839005070987003,26.663257165587012,-0.0006810311179250043,5.338323583434693,64,3.554322943119227,28.73447450408709,-0.0004400991299673722,9.084309824468647,129,3.4618849302900934,30.620971563601888,-0.0003450068543794097,12.66839220349533,193,,,,,0,,,,,0,,,,,0,1.2532598640553,62.11872624491582
2,537,3.7825438894260115,25.544443786702452,-0.0011698646458109144,3.4018839634099542,32,3.6868924960048237,27.01591855182692,-0.0006817859282132465,5.309358286865816,64,3.5572636859860296,29.08066537540825,-0.0004402533009080433,9.051920757784437,129,3.464965754378869,30.963009078612288,-0.00034462052355982377,12.645251480559715,193,,,,,0,,,,,0,,,,,0,1.25323133154934,62.11731201074328
2,541,3.7799402218864695,25.58110805266616,-0.0011710829728333535,3.4188954973875525,32,3.6839106701571795,27.036549923872563,-0.0006832096002994224,5.2827885411813895,64,3.5559297996107766,29.06200165229005,-0.0004425139573391806,8.968776943818927,128,3.4618880657332567,30.967755159692057,-0.00034516624357432764,12.604780335349002,193,,,,,0,,,,,0,,,,,0,1.24808749603136,61.86235410492132
2,545,3.7687521767482073,25.249093073011977,-0.0011484605974466256,3.501437507227198,32,3.6751004568729226,26.71850953305612,-0.0006661869702017511,5.362356409100737,64,3.549201724685898,28.829621631037988,-0.0004281846494206694,9.207575287200463,129,3.4592854729748046,30.765085282094525,-0.00033564539199608937,12.954037630138266,193,,,,,0,,,,,0,,,,,0,1.25343542849448,62.12742822257309
2,548,3.801907664619892,25.783247438483095,-0.0011405519652849248,3.386966509308074,32,3.707530824612477,27.31206688301402,-0.000672015611127616,5.396039643594641,64,3.5791647430323024,29.384033772488248,-0.0004357570163262083,9.053358083654352,129,3.488390224000844,31.26306651305408,-0.00033951686926468665,12.647080982960226,193,,,,,0,,,,,0,,,,,0,1.28980487732669,63.93010610326108
2,552,3.7887437547447425,25.78289855472925,-0.0011555526384064284,3.465706420375671,32,3.6932347822082656,27.29858820404776,-0.0006791312759431195,5.42423580871592,64,3.56463864842342,29.42658844183103,-0.000437021991126549,9.275713828403337,129,3.4735234036642133,31.367569288632854,-0.00034086988177193893,12.985397762505738,193,,,,,0,,,,,0,,,,,0,1.26354020217588,62.62827859533666
2,556,3.7845185082718933,25.61880080506127,-0.001172251380082229,3.479962317889303,32,3.6877980302006286,27.134575726605476,-0.0006872973913414289,5.445683887992121,64,3.558151054711813,29.29149739295851,-0.0004406638913870198,9.375245422351068,129,3.46608808472396,31.26182738366872,-0.00034440049045372876,13.139976658759831,193,,,,,0,,,,,0,,,,,0,1.24797617068429,61.85683618405182
2,560,3.7804300843272864,25.51906786543451,-0.0011837700214866822,3.523064596227666,32,3.682818584270218,27.03918051560617,-0.0006929188276965413,5.473289684378802,64,3.5525433062348366,29.22997901413153,-0.000442986763110189,9.485626248148606,129,3.4597988458044115,31.23065760983386,-0.0003468880418248181,13.322778138737235,193,,,,,0,,,,,0,,,,,0,1.23212028779433,61.07092794836815
2,564,3.779027827137303,25.431731331094092,-0.0011947468733087274,3.53922370245985,32,3.678136896733147,27.00105735935182,-0.0006912780193969859,5.588038301251412,65,3.5494840617492036,29.180765385319898,-0.00044594341365945995,9.587589826157533,129,3.4559526746693354,31.20582389645944,-0.0003495588525507434,13.473332510390819,193,,,,,0,,,,,0,,,,,0,1.22711376662135,60.82277612678393
2,568,3.7773689318481845,25.4057362969295,-0.0012016316261907571,3.5419877536048254,32,3.678287309998248,26.939107061466178,-0.0007027548705136324,5.53272165669582,64,3.5481640639250385,29.14158530172534,-0.00045026848064822373,9.580990249609883,128,3.4524642632918074,31.21792483622929,-0.00035163146080582696,13.567027824353943,193,,,,,0,,,,,0,,,,,0,1.22173975813774,60.55640953242813
2,572,3.77568305789655,25.436644558754804,-0.0012085328048944775,3.5444154327767485,32,3.6736386759870214,26.99998402143508,-0.0006993163188888464,5.594820476521754,65,3.544053214923653,29.203975475917268,-0.0004494823612971534,9.655911458987308,129,3.449497256945627,31.25639461614855,-0.00035323088251705293,13.611281059030556,193,,,,,0,,,,,0,,,,,0,1.21110267891517,60.02917505279337
2,576,3.7747209876338412,25.364228023040617,-0.0012167648574889357,3.575345564289062,32,3.6745357676884525,26.903529131478216,-0.0007111508722905847,5.607816694439801,64,3.541690085133836,29.16599427986838,-0.00045197619339672234,9.74416442409234,129,3.446511494092635,31.23446127762861,-0.0003556281209483838,13.726973948793173,193,,,,,0,,,,,0,,,,,0,1.20561597651317,59.75722270334661
2,580,3.7737442853638257,25.35504257581094,-0.001222780115360731,3.5639447379611013,32,3.672980616718758,26.899368302526195,-0.000714883731505857,5.607357437900184,64,3.539610717351867,29.176765209844884,-0.00045379287660015163,9.793155245592132,129,3.443934923868919,31.262198593725675,-0.0003573612599698877,13.8141238577374,193,,,,,0,,,,,0,,,,,0,1.20089362627173,59.52315601830062
2,584,3.771243400284429,25.420286458877676,-0.0012255590439169024,3.5787765993451472,32,3.6700611236433955,26.95637852115359,-0.0007168645363402932,5.611683873291653,64,3.5383551899608428,29.212577360821705,-0.00045626198458993916,9.758241385242325,128,3.4407241214638606,31.343659423810543,-0.00035825772488381867,13.874682719719974,193,,,,,0,,,,,0,,,,,0,1.19059039855583,59.01246912863032
2,588,3.771391757886165,25.463261475689144,-0.0012327667863078384,3.585873956971703,32,3.669689618397679,27.004598900243124,-0.0007213469751212914,5.624980098425183,64,3.5357168892383077,29.304577503389186,-0.0004561271955435864,9.861374871773325,129,3.439217040994836,31.410788361858177,-0.00036018528584809927,13.923761075144494,193,,,,,0,,,,,0,,,,,0,1.18517925104194,58.74426171153606
2,592,3.7709996236774384,25.50787001490169,-0.0012390032125030852,3.5861643756057013,32,3.668654951107198,27.052057263506235,-0.0007250869044955559,5.647222817843346,64,3.5340552210509335,29.36363678539057,-0.00045818792366493586,9.901091094412514,129,3.437012717957933,31.481480227402635,-0.00036224214045040893,13.985198824787354,193,,,,,0,,,,,0,,,,,0,1.17967068181446,58.47122551716232
2,596,3.7689110125836445,25.422419758983693,-0.001246272619717825,3.5986207058407587,32,3.666007453484904,26.966565544261194,-0.0007289845770329077,5.6596026402626585,64,3.530930000091065,29.294224179670557,-0.0004600007845859432,9.951180394814251,129,3.433203754230124,31.427690585155858,-0.0003645716880280051,14.072608586025524,193,,,,,0,,,,,0,,,,,0,1.17459528367539,58.2196597592319
2,600,3.7582086803353176,25.435679556371603,-0.0012500403118522474,3.617393609284626,32,3.6553999319539896,26.95249560114037,-0.0007276122783308344,5.676343815483126,64,3.5216337148470793,29.315858179601467,-0.0004560027066456838,10.053460975672976,129,3.4236357587270843,31.484612871494075,-0.0003644559126677147,14.25398649592816,193,,,,,0,,,,,0,,,,,0,1.15381833159625,57.18983519098029
2,604,3.766551276049445,25.503751444265944,-0.001258082331915159,3.609149676911457,32,3.6625596630559487,27.052729578303623,-0.0007357601796340057,5.695573413525562,64,3.5267609605576333,29.409276847544223,-0.00046263048510100907,10.040153652934666,129,3.4279834293605034,31.567876696092863,-0.000367995684922444,14.243900375071423,193,,,,,0,,,,,0,,,,,0,1.16440095573723,57.71437056534329
2,608,3.766491191511145,25.526490495880164,-0.0012654458943829367,3.612735324917903,32,3.661889813565324,27.077392867775295,-0.0007405179238909123,5.724085151429367,64,3.525475982720473,29.445172864415298,-0.0004648989792398522,10.088159121226756,129,3.426115157818938,31.614603049507796,-0.0003701938964691762,14.311323737757935,193,,,,,0,,,,,0,,,,,0,1.15879749479161,57.43663099473362
2,612,3.76209090979705,26.288060416015497,-0.001198956307462587,3.362768737327695,32,3.662742695355475,27.683841663312375,-0.0007016876034680132,5.198434021018354,64,3.535149240671326,29.791178487177334,-0.00044259743122921497,9.06894401166426,128,3.4397727293418767,31.79450262565675,-0.00034959055788342386,13.020649381298544,193,,,,,0,,,,,0,,,,,0,1.17497488347692,58.23847489632371
2,614,3.7899765353511032,26.547936448329853,-0.001219729353358992,3.4325494722210124,32,3.6871915450557315,28.00252853521624,-0.0007257217344680605,5.2572816886408305,64,3.5535867841798754,30.079222287580997,-0.0004626355517273803,9.073693986850625,128,3.45352020519439,32.01674374246411,-0.00036605678795094323,12.825348761441429,193,,,,,0,,,,,0,,,,,0,1.18567523279294,58.76884540363096
3,2,3.936088956036548,25.145351213564062,-0.0009502024290093491,2.658570524074367,17,3.8692860484654235,26.56574031049286,-0.0004750861319882224,5.158096362653023,34,3.786715922248445,28.328499547936186,-0.00030066827054815964,7.033434374212714,66,3.7200905774653372,29.523008333607667,-0.00024169049844951354,8.810665149859318,99,,,,,0,,,,,0,,,,,0,1.89105229539079,100.45351791563915
3,4,3.9405992513538317,25.45091748330658,-0.0009381047491401906,2.5916755224481136,17,3.873448199085964,26.84101284185269,-0.0004759749725633345,5.042238076458425,34,3.790301669731597,28.558501140350742,-0.0003020937667886178,6.907094250025729,66,3.7237540279186967,29.733582003966777,-0.00024181945228080344,8.626074047431114,99,,,,,0,,,,,0,3.9894358875905462,24.824921615175647,-0.0017513628929187906,1.3534259218835807,10,1.88063702768686,99.900254379013
3,6,3.942751598655954,25.487783091829673,-0.0009326917121844025,2.554457296735265,17,3.8755526146074346,26.85848600172392,-0.0004763152027835623,4.952281205291065,34,3.7920292290821243,28.548491321791136,-0.00030303588727843134,6.800886909278656,66,3.725285927693207,29.715329246578282,-0.00024243677521230557,8.511824737075056,99,,,,,0,,,,,0,3.991369082019113,24.871091014120296,-0.0017331684905729971,1.325795870832529,10,1.88066267170114,99.90161660017114
3,8,3.9436787557465065,25.387839567913858,-0.0009297230842738026,2.545875880819395,17,3.8762368582139204,26.760799020403326,-0.0004773584570751858,4.961076609530188,34,3.792491853203246,28.445696588637,-0.0003039786699522404,6.80298549011588,66,3.7256479192110987,29.605080453512855,-0.00024290723511219365,8.49249314126844,99,,,,,0,,,,,0,3.9922741937151196,24.773372669882505,-0.0017248056469371849,1.3214295693913733,10,1.88077090098334,99.9073657865712
3,10,3.944199637129039,25.29313962761019,-0.0009317903788606753,2.54359313779959,17,3.8765061111836787,26.666698605495938,-0.0004791634400976365,4.956636605737309,34,3.7924695791902026,28.352222032299412,-0.00030488251519047787,6.786846589610235,66,3.7255763425553354,29.513779272572755,-0.000243422830691624,8.497714033261342,99,,,,,0,,,,,0,3.992882932976147,24.67768922767931,-0.0017256382547377455,1.315467315924252,10,1.87945087282851,99.83724531860553
3,12,3.9449037519897234,25.292080329045604,-0.0009285538240388871,2.5341046353932803,17,3.8771929682601716,26.663514730778953,-0.000478751341980779,4.962408965200275,34,3.7930781311900175,28.355394499965097,-0.00030511853488350826,6.811366210310691,66,3.726115030516623,29.52524564613246,-0.00024352920469058878,8.525396920231412,99,,,,,0,,,,,0,3.9933954872585913,24.68117127397229,-0.0017217422710099014,1.2977815209371428,10,1.88070035171174,99.90361817867274
3,14,3.946320829757038,25.388222809445054,-0.0009229721441263251,2.5168571798143944,17,3.878851090009137,26.753219109680007,-0.000477292502912896,4.940000969413571,34,3.7946339891805927,28.43632626161818,-0.0003052375678971237,6.765215445063124,66,3.7275582903001783,29.59919796126311,-0.00024390552620887822,8.485141942910172,99,,,,,0,,,,,0,3.9857710876949977,24.86889398078156,-0.0015226945200423464,1.4723691402286043,11,1.87993525235661,99.86297576917136
3,16,3.9484789740851927,25.449209035981934,-0.0009201688340661242,2.5182100596886094,17,3.8808807719980742,26.801549387670786,-0.0004770168484144578,4.912936480122536,34,3.796269987391429,28.46374366033141,-0.00030612860304764656,6.700106904562091,66,3.728874839312738,29.61375448314389,-0.00024461082355281864,8.41169292614994,99,,,,,0,,,,,0,3.9878676874644494,24.931020386246452,-0.0015172838928472008,1.4825733145132851,11,1.88150881240388,99.94656396119812
3,18,3.9485141093444582,25.393088651533812,-0.0009194169931511684,2.5175442854122423,17,3.8808970992895513,26.744240630217888,-0.00047753677981209936,4.892235481011451,34,3.796149196442129,28.40763658963564,-0.0003065903149136575,6.701299043323544,66,3.728747394786598,29.557543808116876,-0.00024498899902390475,8.406144814563646,99,,,,,0,,,,,0,3.987877625470249,24.875230385574863,-0.0015138886104052473,1.4759749534115407,11,1.86969078703858,99.31878532934633
3,20,3.9486987461706917,25.318345678828486,-0.0009200915942040469,2.498156284354156,17,3.881008867828505,26.671473081346694,-0.0004780621361758997,4.895180232598921,34,3.796109578294641,28.32972300611304,-0.0003071802223460288,6.690736151218285,66,3.7285973634059664,29.47922870880984,-0.00024527909612308485,8.394920557564443,99,,,,,0,,,,,0,3.9880602285451703,24.800834861371662,-0.001514448486087787,1.4658218841603912,11,1.8700523801392,99.33799331164263
3,22,3.948462342277848,25.195559817829253,-0.0009206386223802263,2.4983180362186594,17,3.8806412778637736,26.551930116127476,-0.00047879970979932985,4.9006101107702165,34,3.7956315021099414,28.21364542269528,-0.0003077243171420138,6.704165107211846,66,3.7280630688591834,29.36743744226707,-0.00024557016399444055,8.431391802230362,99,,,,,0,,,,,0,3.987884087432923,24.679549864177954,-0.0015151129420169027,1.4656566328719727,11,1.87004423941886,99.33756087304828
3,25,3.9494867701045386,25.46803015990518,-0.0009169010626065998,2.49312217074095,17,3.881783068058371,26.823081906242624,-0.0004780593352200223,4.899466518583182,34,3.7965287729345945,28.479228627886258,-0.0003083000010097268,6.6914522270376615,66,3.7287547795506275,29.63514577870753,-0.00024630410320548325,8.437424515358288,99,,,,,0,,,,,0,3.9887891813175256,24.9535792506889,-0.0015083214575919584,1.479094548227188,11,1.85965189877664,98.78551523188162
3,27,3.9503797598732064,25.467019084787044,-0.0009157961233916605,2.482326360144338,17,3.8827011111529366,26.814277506103924,-0.0004774871121205313,4.854123432151567,34,3.79726740292042,28.457849663269037,-0.0003086436485093847,6.627058625277961,66,3.7293163112861034,29.603487076875748,-0.0002466516058608487,8.348317987542277,99,,,,,0,,,,,0,3.989582207282989,24.953734009795724,-0.0015062719127371378,1.43912704477993,11,1.85907465608622,98.75485184986668
3,29,3.948992714933165,25.26525752918214,-0.000917548869990155,2.496181988703757,17,3.8813211201760462,26.62359918970077,-0.00047790351070609434,4.895426223978163,34,3.795988276196476,28.277598316634766,-0.0003086262355771048,6.680171151143693,66,3.7280522726794088,29.431593172535145,-0.0002466718347029548,8.432556437189817,99,,,,,0,,,,,0,3.988260980748795,24.749544735841177,-0.00150811428560005,1.4656862346943562,11,1.85900845777092,98.75133536665352
3,31,3.9495746050156497,25.201850311181353,-0.000920532874763382,2.4768896602299897,17,3.8816319239510353,26.552566862311984,-0.0004799091799032695,4.882029971176955,34,3.7959285026874476,28.198188400266815,-0.00030984199045832,6.656585860547864,66,3.7278449953058668,29.34820002856561,-0.0002473728254830136,8.392749354842337,99,,,,,0,,,,,0,3.988975755095852,24.69113785402847,-0.001513023085373164,1.4729155144907153,11,1.8593622586957,98.77012942519043
3,33,3.9493867815893084,25.080295478301295,-0.0009202134470652679,2.5151886714966274,17,3.881345518104363,26.438092595474984,-0.00047988067639704435,4.916851375079499,34,3.7954766573713883,28.08746621301216,-0.00031028166531692664,6.68510803417238,66,3.727326861649937,29.240443383393075,-0.0002477390694375775,8.431925869736187,99,,,,,0,,,,,0,3.9888383124664895,24.564260419121908,-0.001512020380223822,1.493556287208488,11,1.8587355450601,98.73683812511632
3,35,3.9492646179923896,25.05903259612947,-0.0009208421425594204,2.500381784480723,17,3.8811419929031445,26.422262032200006,-0.0004803451342473946,4.922712167201517,34,3.7951625933371305,28.076191252232142,-0.0003105841234893763,6.6973369980774144,66,3.7269333978576995,29.23419629239042,-0.00024788616604203484,8.450304875602562,99,,,,,0,,,,,0,3.988730437063255,24.539944344899933,-0.0015129382003305752,1.4651643420893308,11,1.84781729132214,98.15685575226132
3,37,3.948999086257254,25.10818017648117,-0.0009200255739618229,2.4840278038239276,17,3.880894684781337,26.461295843470634,-0.0004805757574000529,4.903498122937897,34,3.794811664556654,28.11392700342992,-0.00031088198951693393,6.676921118234194,66,3.7264957246431254,29.27398385611147,-0.00024809252928148387,8.432020436003352,99,,,,,0,,,,,0,3.988487510778616,24.591133309189516,-0.0015087438365267991,1.4628216476032492,11,1.8485252916137,98.19446503474695
3,39,3.9488644461779825,25.11429582782274,-0.0009190540709348061,2.487458239532856,17,3.880797712216936,26.47352292979037,-0.0004805916429962154,4.89915040275919,34,3.7946661336696335,28.12019781106951,-0.00031126050451727474,6.672988101702057,66,3.726304908531335,29.27730533547628,-0.00024845025937000035,8.422990526187874,99,,,,,0,,,,,0,3.988285801092152,24.59820939376609,-0.0015067159799058178,1.4643229309712034,11,1.84837895185003,98.186691403046
3,42,3.949544165539666,25.470716014092957,-0.0009041620757458917,2.46320537076301,17,3.8831117901738357,26.800375776640983,-0.00046955767909049814,4.812166186210078,34,3.798771124881342,28.415633690188038,-0.0003046759159838706,6.506718646932075,66,3.7313479123840234,29.53269803746858,-0.0002443608485608816,8.215444287323209,99,,,,,0,,,,,0,3.98818013749654,24.964966604901768,-0.0014900085103167196,1.4394560138521904,11,1.88078054376098,99.90787801510066
3,46,3.951671685669183,25.76170944144629,-0.0008988425331601184,2.454517894086738,17,3.885344566366572,27.09012998742062,-0.00046874108193012057,4.818972516209712,34,3.8007844853195762,28.70404713417901,-0.0003050836917638741,6.478083874927762,66,3.7331968767927073,29.82032235399949,-0.00024487227050382456,8.226630759157395,99,,,,,0,,,,,0,3.9824059092481097,25.336487191952628,-0.0013352967462037326,1.5994649242299097,12,1.88147215974436,99.94461695603135
3,50,3.950398171126546,25.430611440771298,-0.000904581645645443,2.4614759789953773,17,3.886838470548684,26.692325977723453,-0.00048223408892970415,4.719529653376757,33,3.798774255061158,28.37032238016499,-0.0003060825258998444,6.476471319192864,66,3.73110126395479,29.48035407463139,-0.0002452722037011185,8.19452551283793,99,,,,,0,,,,,0,3.9891348074741084,24.919460829748196,-0.0014891475559838125,1.4399217193261151,11,1.88109543132448,99.92460497901308
3,54,3.9493124822833634,25.068899183097386,-0.0009087852695198874,2.4717585598802216,17,3.882301567648084,26.4043816870647,-0.00047331187913694783,4.846696764075343,34,3.7972541793229895,28.014056774626102,-0.0003070168997514233,6.49542982429967,66,3.729498712904031,29.128834473417864,-0.00024571263379359403,8.21779946291289,99,,,,,0,,,,,0,3.9882166917127106,24.56175261940137,-0.001495399235171761,1.455788885728662,11,1.871008964978,99.38880751306714
3,58,3.948336451982605,24.920488279619395,-0.0009116466290157667,2.4827744887242993,17,3.8812361758724423,26.263891120651092,-0.000474098857742353,4.860243002131927,34,3.796056490158332,27.874537944346294,-0.00030763423129147766,6.519692503424064,66,3.728279355947469,28.994817789094114,-0.0002460850104642459,8.260044737637113,99,,,,,0,,,,,0,3.987356627821374,24.40791951844616,-0.001500918861445737,1.4604472962111927,11,1.87019951519414,99.34580918956073
3,62,3.9485614766835426,24.857932941755575,-0.0009141980499375854,2.483489173587717,17,3.881192478966083,26.2053981612618,-0.00047563851914894103,4.854820651216301,34,3.7956490221779466,27.81691392559985,-0.0003087667520898189,6.516727908306372,66,3.7277071121646865,28.937427403807828,-0.0002467162618374652,8.258291916252332,99,,,,,0,,,,,0,3.987738448665547,24.343235788740312,-0.001503761467532425,1.452327845267284,11,1.8706715362801,99.37088315432128
3,66,3.9479876759821146,24.76839569172435,-0.0009151512468296307,2.472301993089996,17,3.880608018800108,26.11427618631789,-0.0004767659469998912,4.8610741071770995,34,3.7949524088385544,27.7210412911598,-0.00030942454362110216,6.504264390940985,66,3.726893968943956,28.843397308289827,-0.0002471224204642342,8.266703901433463,99,,,,,0,,,,,0,3.9871621970846407,24.25585578005955,-0.0015060086174270805,1.447714716608047,11,1.85961246440202,98.78342046080256
3,70,3.947539161473435,24.654376644670563,-0.0009171937720889399,2.4844886996681375,17,3.88000611050122,26.01292182165267,-0.0004771301104567124,4.898964912904852,34,3.794066680311504,27.62292951203494,-0.0003100103226488976,6.533238500400483,66,3.725841356275984,28.749477186636362,-0.00024752362439624525,8.319522202205675,99,,,,,0,,,,,0,3.9868175190612094,24.138574161552313,-0.0015106234485237444,1.451424597729961,11,1.86003390971835,98.8058078187501
3,74,3.947311071405341,24.601951267497167,-0.0009175169914008057,2.4797505967135294,17,3.879771482211492,25.95986905295468,-0.000477260957528197,4.887776688984349,34,3.793639686470423,27.568639844753925,-0.00031072976729420326,6.53070974325383,66,3.725377785474469,28.69861917810672,-0.0002480630742120844,8.30803380091632,99,,,,,0,,,,,0,3.986580928108535,24.08660994883528,-0.001510809296098749,1.4475310469243858,11,1.85916531091608,98.75966747373796
3,78,3.9477326476522876,24.636327059796017,-0.0009169325572826103,2.50774246467687,17,3.8800725595741152,25.995482569974666,-0.00047801206577509494,4.921283149816176,34,3.7936862718839635,27.60241514665646,-0.0003116628805904831,6.556146717753396,66,3.725229871632683,28.73144572856503,-0.00024873784431903137,8.321771661645137,99,,,,,0,,,,,0,3.98706371429102,24.11649470119036,-0.0015061458995563103,1.4813885096231125,11,1.84813981787783,98.1739885027512
3,82,3.9466244940620907,24.653409926553294,-0.0009183854255560552,2.493618076062443,17,3.8789931185601034,26.015088270427782,-0.0004783152495109251,4.908117380983736,34,3.792508610171044,27.619517892325707,-0.0003118336435754177,6.549230233665359,66,3.7239713593401573,28.750843143893857,-0.0002487511593807221,8.338161294843747,99,,,,,0,,,,,0,3.985941007390021,24.13609563779411,-0.0015099484607736544,1.4658729893601539,11,1.84920170212616,98.23039625446908
3,86,3.9407305375402677,24.77449990755345,-0.0007449527154186647,2.6305665885202814,32,3.8818908303766237,26.132482385893674,-0.0004217389024547113,5.10509938523953,64,3.7945835237216774,27.818129059416428,-0.0002950448241226056,6.527032654058861,129,3.7272481450525703,28.868843754724267,-0.00024346864622063787,8.328078103371176,193,,,,,0,,,,,0,3.978647276351567,24.17602247276461,-0.001292448669958554,1.479329888499553,19,1.88346774379508,100.05062324611636
3,90,3.94074901789583,25.179534865527504,-0.0007433239255215877,2.5969292193456077,32,3.881216617237907,26.524611330440496,-0.0004262878501619314,5.023430455791139,64,3.793038521496206,28.164897168856797,-0.0002974472873880063,6.465167073785352,129,3.7258055018520073,29.207087708395775,-0.00024382304156478243,8.18401732489178,193,,,,,0,,,,,0,3.9750752969405596,24.635174401253686,-0.00120706568779988,1.56402757654541,20,1.86282111179058,98.95386520139344
3,94,3.9392927441975942,24.943303804384673,-0.0007478549436695396,2.5691567061182177,32,3.879323346047875,26.293906334823873,-0.0004292548614849828,5.03067267023761,64,3.791834715083168,27.90737586133867,-0.0003003058639377542,6.401374790093602,128,3.7232459395685193,28.968012137416697,-0.00024473126737957495,8.178254564854278,193,,,,,0,,,,,0,3.973886106623465,24.40440422465894,-0.0012130668733642282,1.5348311415960936,20,1.85208503965235,98.38356039411237
3,98,3.937201810140993,24.524964017932984,-0.0007545957789904127,2.5777253019745814,32,3.8768359716756926,25.873487198791373,-0.0004323392621501612,5.042356138518926,64,3.787791252462503,27.508497101376342,-0.00030050687898846944,6.521987036701248,129,3.720318396631907,28.56739531210244,-0.0002452914938478511,8.241414603776384,193,,,,,0,,,,,0,3.9758082444761094,23.929768912081773,-0.0012967135950811325,1.4323963678514247,19,1.84695046482087,98.11080955264678
3,102,3.9368536411484145,24.522303076122,-0.0007564570395623449,2.628575317807517,32,3.8762914593345466,25.87940680589432,-0.00043379217387697376,5.101511142274511,64,3.7880109195059037,27.491892007259462,-0.0003029690096744345,6.381972942297139,128,3.7190823477076913,28.5473645206568,-0.00024619625089003614,8.17980132020666,193,,,,,0,,,,,0,3.975555939081185,23.934343428161725,-0.0012984919215161001,1.4442136611677867,19,1.83682843116902,97.57312273601715
3,106,3.93816093790217,24.95463450144726,-0.0007519007077258793,2.628976201942546,32,3.8777874847051796,26.314913820809863,-0.0004322077038145175,5.099361094580715,64,3.7894699594159507,27.940738484845753,-0.000302812201208642,6.465811670661338,128,3.7214536379351046,29.019760971203073,-0.000246932458609474,8.316478433908674,192,,,,,0,,,,,0,3.9729968463911236,24.405955324735956,-0.0012183475397709983,1.5029941765856805,20,1.83716196196723,97.5908400366413
3,110,3.937008439341252,24.71910354697249,-0.0007574567359139839,2.6118254028410632,32,3.8762227178227118,26.077075101315458,-0.00043522152643284427,5.073548038702597,64,3.7862967123885194,27.71502403344217,-0.00030328904888099207,6.541959691588193,129,3.718335523470341,28.77781771801619,-0.0002471525963445532,8.278026759326469,193,,,,,0,,,,,0,3.9758021292240957,24.12047683602129,-0.0012994625741394017,1.457205341459165,19,1.83167225837189,97.29922460125108
3,114,3.9358671527163818,24.491047271888828,-0.0007628517365825724,2.6178472193834637,32,3.8747967797421428,25.870817343891773,-0.0004376558670919746,5.1588534522678025,64,3.7844951688163477,27.509002623786454,-0.00030459790457007643,6.559714424945373,129,3.716466755505477,28.584006015995506,-0.0002476388680358461,8.343134351501092,193,,,,,0,,,,,0,3.9749398926619093,23.895217624328097,-0.0013086537722304446,1.4618637753460142,19,1.82114709513178,96.74012336609094
3,118,3.9343119554822548,24.27063988276069,-0.0007662545776062792,2.6806911677858984,32,3.873026419786153,25.65443428487982,-0.0004392260383898577,5.17296065940916,64,3.7836449359908264,27.283212951300982,-0.0003066494159931113,6.607794684909631,128,3.714347235715962,28.397165850820652,-0.00024806087991654954,8.403510134067403,193,,,,,0,,,,,0,3.9774967420862004,23.62003101458362,-0.0013984586101703168,1.369347523899652,18,1.81650609151151,96.49359124138364
3,122,3.934598273474382,24.44342901443253,-0.0007656341794473934,2.6613404210796325,32,3.8733498537749638,25.843151732434123,-0.0004391312869805791,5.194562811996946,64,3.7838154495916645,27.487967959115807,-0.00030719124251683757,6.625225525992885,128,3.714393219844551,28.60989805248712,-0.00024844749067856104,8.503482338540532,193,,,,,0,,,,,0,3.9738177237578425,23.838954289528715,-0.0013132534879392197,1.4874519245805473,19,1.81138156015046,96.22137391342224
3,126,3.936783739305669,25.004092533696106,-0.0007607247372859612,2.647005144387851,32,3.875654738820711,26.38843344240117,-0.00043778639224254656,5.165238132635462,64,3.7846715162938986,28.040074218012965,-0.000306613673906001,6.623105081423784,129,3.7162022806486608,29.13867522404821,-0.00024921844979231114,8.462121441406538,193,,,,,0,,,,,0,3.9757706486015274,24.403370109887845,-0.001303561990851933,1.4787277941425465,19,1.81160563339396,96.233276781278
3,130,3.9370972309909167,25.2398130106402,-0.0007594761795635165,2.666189394712383,32,3.8759117764435436,26.620424218713083,-0.0004380257764554458,5.151697459339427,64,3.7846764314656283,28.26096044370433,-0.0003073308869446228,6.594229364270447,129,3.716030442320403,29.355736034711583,-0.0002497915564672033,8.437024933161922,193,,,,,0,,,,,0,3.976041330707087,24.63770516163463,-0.001300122180250772,1.4727601896262037,19,1.80605489555574,95.93841918044076
3,134,3.9463732120445494,24.880119628793672,-0.0009225830729986538,2.5781896460691414,17,3.878573978096828,26.315123826226486,-0.00048055704385921785,5.202514050278847,34,3.788424905313237,27.876827524959523,-0.00032288608288739344,6.398509360663109,66,3.7177830769867013,28.964694366283393,-0.00025689391086345607,8.357981970111023,99,,,,,0,,,,,0,3.985718815584779,24.344470617301077,-0.001521744528771193,1.5017182269696931,11,1.81320418269941,96.31819241353496
3,136,3.936731207628534,24.767538907606948,-0.0007668000838348056,2.640638466430268,32,3.875160873551482,26.142006184130558,-0.00044136602526280975,5.104870891582216,64,3.784275145963161,27.72020679487631,-0.0003110321525828842,6.368835804885681,128,3.714199334765571,28.782502496113786,-0.0002509663057385937,8.212103140705814,193,,,,,0,,,,,0,3.9760655913060323,24.16463956096846,-0.0013127389864995556,1.4624330173828213,19,1.80626419382835,95.94953719543624
3,140,3.932521087184648,24.34451194337388,-0.0007709842081175282,2.70892810970194,32,3.870782006814638,25.74274653936692,-0.0004432241513892245,5.168189862798844,64,3.7785947790069674,27.357413608536422,-0.000310454563752988,6.509903375775128,129,3.70982915444484,28.432121988472403,-0.00025094490894916085,8.35590066853609,193,,,,,0,,,,,0,3.9760119369744356,23.68373205074017,-0.001405958118284832,1.3936916763386265,18,1.79583102499005,95.3953227427902
3,144,3.9321444039032496,24.258642628787477,-0.0007750792109705913,2.7154203173744555,32,3.870081860487055,25.665997455229906,-0.00044556366786234497,5.242675271217966,64,3.777513713325896,27.29438444367385,-0.0003118587450325746,6.6216395905585195,129,3.7085818322410855,28.38102081481523,-0.0002517076280899995,8.454073772592373,193,,,,,0,,,,,0,3.975868503690222,23.601768087151257,-0.0014134861635156375,1.4000178762158484,18,1.78588526003905,94.86699939598208
3,148,3.930925978500569,24.238358751545007,-0.0007770042772449505,2.716230683579237,32,3.8687342866317724,25.65875813502915,-0.0004464194843042561,5.251192373053385,64,3.7759283824645973,27.290727353522673,-0.0003124253690016086,6.597029152447718,129,3.7069444562726224,28.394803385418093,-0.0002520265477923989,8.531456731216071,193,,,,,0,,,,,0,3.9747613607878987,23.57707490040732,-0.001415843162252604,1.396766988166128,18,1.78032686045028,94.57173479963342
3,150,3.937369005297499,27.66134700036109,-0.0007166003844280032,2.5983202346530767,32,3.879225632589818,29.027035988084045,-0.00041665768366749996,5.0983880129626264,64,3.7901901565161715,30.48859443108208,-0.00030292857746257445,5.898516996869532,128,3.7206688306443416,31.44845107357714,-0.00024753869234183745,7.721277203512571,193,,,,,0,,,,,0,3.9609294761624216,27.253567460890192,-0.0009968732176242109,1.7927822433923808,23,1.81507568995756,96.41760769059738
3,154,3.9444893108522754,26.59595600162875,-0.0007371415925709217,2.5998284369157822,32,3.884659324191778,27.97434162778709,-0.0004279099641521459,5.1705636829855735,64,3.7925087988735697,29.552653664604527,-0.0003085261008700616,6.237722364564487,129,3.723269215430098,30.550112962383714,-0.00025163472087757517,8.036129499601433,193,,,,,0,,,,,0,3.9752398752530174,26.096008121683195,-0.0011283538518376724,1.6096197812809336,21,1.81570251548458,96.45090493439226
3,158,3.9398068560948456,25.770502452324376,-0.000750049672774006,2.6829469024179815,32,3.879269475119134,27.181611003930207,-0.0004335606825272562,5.265942206277657,64,3.78780856768408,28.75308625677168,-0.0003116705572138247,6.355998527350721,128,3.7172853119616303,29.789375684116298,-0.0002522317199549103,8.196048996872818,193,,,,,0,,,,,0,3.974578404885461,25.20940616603749,-0.0012125585393891493,1.5440948630754399,20,1.80024321780567,95.6297003383392
3,162,3.9377403950046026,25.32206310471713,-0.0007595905331217719,2.724582001723494,32,3.876542641964498,26.750409087324563,-0.00043881035684415983,5.323993020036202,64,3.783340653209442,28.36327105059225,-0.0003125512787821421,6.548690483934639,129,3.7139584931434872,29.41942361010034,-0.0002529906974698004,8.362899593745766,193,,,,,0,,,,,0,3.9766912579490676,24.7048750445967,-0.0012999673781658723,1.5006874754396158,19,1.79044762056093,95.10935396520227
3,166,3.9351218658486777,25.00493392407218,-0.000764874077028397,2.748704185819335,32,3.873573615205518,26.44189644516411,-0.0004414634984472362,5.367745558397761,64,3.781260404123347,28.044922952730047,-0.000314877689082778,6.5305371056191355,128,3.711516616155375,29.122568343064703,-0.00025420664249306823,8.460711124677651,192,,,,,0,,,,,0,3.974395576176653,24.379893115525203,-0.0013098447264888987,1.520912871449962,19,1.78034303230013,94.57259385530976
3,170,3.9349324742133924,25.02329974075696,-0.00076909111923492,2.738798375874186,32,3.873036859411708,26.464800665022054,-0.00044376241255816585,5.367220380322916,64,3.7791392158804413,28.099894461342405,-0.00031507370524403035,6.6496561493865585,129,3.7095471828545756,29.192684031555455,-0.0002541611225281234,8.613410494162771,193,,,,,0,,,,,0,3.978326260599067,24.355242601662177,-0.0014004652750717532,1.4077042773556805,18,1.77532876959681,94.30623404626093
3,174,3.9351852776760667,25.34664173814747,-0.0007670761226562815,2.7467413261703157,32,3.8733173120438478,26.787276827645208,-0.0004438984254574148,5.359184442416424,64,3.7792495458334385,28.42456071510412,-0.00031563299018727326,6.637304966280578,129,3.7095112804696604,29.526601921929263,-0.0002546603201544782,8.613860967853647,193,,,,,0,,,,,0,3.974530342806125,24.724886924715133,-0.0013133213907882764,1.517670205164471,19,1.77026297347329,94.0371367595855
3,178,3.9333694126410887,25.159519270055455,-0.0007721973191684536,2.7697790536640596,32,3.8711629192818497,26.596549025789816,-0.0004465291496479531,5.374981332203639,64,3.7767379334620492,28.228387958097187,-0.00031684232273904975,6.689650573755756,129,3.7068520377314,29.320141171162152,-0.0002553113662042262,8.620691286531269,193,,,,,0,,,,,0,3.9769741854963843,24.486049712645652,-0.0014046894095540532,1.436233009817169,18,1.7600810618542,93.49626919937222
3,182,3.931174416997354,25.02434094967352,-0.0007759109540252406,2.7608892941584706,32,3.8686862475952495,26.47562978322082,-0.00044860598537071344,5.387155426158493,64,3.77399567123725,28.101930101602324,-0.0003176746840291208,6.642010304953626,129,3.704112994055441,29.209898280132393,-0.000255507096557851,8.654530768818383,193,,,,,0,,,,,0,3.974939816501788,24.35099145142665,-0.001412762336882787,1.4290494904419724,18,1.74964759353769,92.9420388383138
3,186,3.930861682551502,24.8809866220471,-0.0007812167973766594,2.770673292885192,32,3.8663327789765587,26.375591112529236,-0.0004474900893335819,5.418314635489438,65,3.772995359322752,27.97787388006721,-0.00031927231715075016,6.7505885634463105,129,3.7029336954918866,29.10585015144117,-0.00025643068439849717,8.7894679356327,193,,,,,0,,,,,0,3.9792374153893575,24.157169528760075,-0.0015170737709032517,1.3404875335978694,17,1.74965007505931,92.94217065781828
3,190,3.9306131722644597,25.013039315642473,-0.0007812517842186828,2.778470084573552,32,3.8677099793308125,26.472134137160957,-0.00045167183821885924,5.41371557589283,64,3.773662545161433,28.107124404333327,-0.0003209716186249484,6.785158351240398,128,3.702262045045792,29.27278795317702,-0.0002566838312363821,8.818433233827271,193,,,,,0,,,,,0,3.9747313075020565,24.335238866581992,-0.0014201405724666783,1.445149347009064,18,1.74502873921468,92.69668329388116
3,194,3.932062519849827,25.501844128129925,-0.0007795429080016496,2.7539242832559516,32,3.8691463953999414,26.949164185767692,-0.0004516397721333484,5.372958627371968,64,3.773520619198318,28.574423389279833,-0.000320827300481036,6.688563068671929,129,3.7030114750501224,29.6937213579888,-0.0002578748546560038,8.682902952364696,193,,,,,0,,,,,0,3.9760612679765313,24.830452881154702,-0.0014154343484697953,1.4122245220679162,18,1.73964574552867,92.41073633514534
3,198,3.9302419522887417,25.319262827989846,-0.00078277087529058,2.7842381081928167,32,3.867025604724942,26.773825394137482,-0.0004537709674965145,5.385041647768915,64,3.7711715614042762,28.395159653887887,-0.00032174733932028356,6.765827993456924,129,3.7006138841418705,29.52005067470133,-0.00025827983436339764,8.758871916505989,193,,,,,0,,,,,0,3.978738848556852,24.596240235961616,-0.0015189357569417574,1.3405643053052962,17,1.7285642277718,91.82208130681248
3,202,3.929751702883583,25.176345176770923,-0.0007891169880406256,2.8061501413093097,32,3.866072997657029,26.631746436794316,-0.0004569457124854883,5.410002587251277,64,3.7709916516294553,28.249278956196893,-0.00032458166078306574,6.758911267263102,128,3.699011592463299,29.405164380950833,-0.0002590176225958127,8.78520080557282,193,,,,,0,,,,,0,3.978674781186332,24.445784304376705,-0.0015291335677759291,1.3493097676703947,17,1.72390032458842,91.5743327473832
3,206,3.9277615364714427,24.986167219053197,-0.0007928611353503456,2.7897258999748544,32,3.8638276665556384,26.445202757300052,-0.00045926959976108595,5.412060062138494,64,3.7671742609966663,28.066028756475877,-0.00032463577197326606,6.780607649422464,129,3.696316069445278,29.206870833113946,-0.0002597516996496946,8.797430347559526,193,,,,,0,,,,,0,3.9769050112410183,24.253298798166824,-0.001538488351341731,1.333818355534241,17,1.71397887764852,91.04730118386937
3,210,3.927931672701913,25.15289854666441,-0.0007935566806066178,2.815034105514968,32,3.8639745796512,26.62496299551521,-0.0004593243200259321,5.444691907241744,64,3.767222579927185,28.286945345120674,-0.0003248270906834426,6.909082596017253,129,3.6963524412361077,29.460665620537405,-0.0002598485095998886,8.982580430108943,193,,,,,0,,,,,0,3.977132821007344,24.419671390582295,-0.0015391097598734665,1.3540278953681906,17,1.71397019970046,91.04684020750553
3,214,3.92793805442511,25.489906928076692,-0.0007896577441755672,2.722708951141559,32,3.8639458515359726,26.917841931149194,-0.0004593588989648767,5.270570590726734,64,3.766663641560407,28.47079019436752,-0.0003264244345129436,6.48934908203746,129,3.6952310875659995,29.55275701038455,-0.0002615923020800687,8.443509427852021,193,,,,,0,,,,,0,3.976886974517612,24.78110572539573,-0.0015297029900546834,1.3031641903420486,17,1.70365211736388,90.49873919973382
3,216,3.9290719284974256,25.399654820287065,-0.0007974089446294785,2.7932354590057926,32,3.8645565271156093,26.862048064888235,-0.00046291877491221105,5.394749415860943,64,3.768297531795538,28.481491074995365,-0.00032854935924995625,6.788657742325999,128,3.6956736742616245,29.662658083615796,-0.00026153828366681076,8.892660784894115,193,,,,,0,,,,,0,3.9785456723351738,24.670953068616754,-0.0015444161749091623,1.347370304116648,17,1.70401374743825,90.51794914609178
3,220,3.925823501757774,25.216458526681215,-0.0008007542262818212,2.834652981307336,32,3.8611487843188774,26.69394487463944,-0.0004642402179666433,5.449005196195461,64,3.764816939710226,28.324621550679513,-0.00032894575309822276,6.876705657228907,128,3.6932038826744678,29.502861917953577,-0.00026243908258703264,8.963636611824619,192,,,,,0,,,,,0,3.9801173281345434,24.43067528880164,-0.001664266022596248,1.257345718094367,16,1.6935716157343,89.96325858213598
3,224,3.9243688976764384,25.066678383111977,-0.0008041441905281695,2.8272185805642316,32,3.859513712756277,26.54749757989557,-0.0004660128528607437,5.4437364796190515,64,3.761700196678227,28.205389830802915,-0.0003285345239100504,6.93935967015593,129,3.690293160930256,29.393399627151073,-0.00026211153872946765,9.060542394944932,193,,,,,0,,,,,0,3.978853694643494,24.27794923891474,-0.0016722018786249097,1.2615227800159197,16,1.68765773638777,89.64911074691454
3,228,3.92404558444104,25.063452565619926,-0.0008070074316374199,2.839916090600706,32,3.8590125723455757,26.54577936957432,-0.000467373602023026,5.463195075836609,64,3.760911791858629,28.20855303674303,-0.0003295162291563321,6.977956994352038,129,3.6893197499250854,29.404744150975272,-0.000262771168906339,9.102121875682542,193,,,,,0,,,,,0,3.9787198627002955,24.275487913652977,-0.0016781966995016572,1.2620228649839582,16,1.68307443565832,89.4056438247883
3,232,3.9237189462713005,25.126704469309455,-0.0008077842349909173,2.8593950957280967,32,3.8585199953133977,26.61386044318305,-0.0004684243898733871,5.486907637500796,64,3.7601728307112294,28.276051997543426,-0.0003303561783282164,6.9920556527946545,129,3.688441774570218,29.477293358357752,-0.0002633806966132828,9.132771503833592,193,,,,,0,,,,,0,3.9785171787831413,24.33168867532601,-0.0016786119803878332,1.2761453771279037,16,1.67792701420255,89.13221056506995
3,236,3.9236477948109387,25.160624930454137,-0.0008102778419499948,2.8384857412575357,32,3.858236567848963,26.646202295889324,-0.00046994797050622266,5.457641221090196,64,3.7608573113133783,28.29044222645269,-0.00033269752702727075,6.949244251678234,128,3.6876447359661557,29.51402324087499,-0.00026413508317889745,9.123319065038366,193,,,,,0,,,,,0,3.9786174167271975,24.36871743693333,-0.0016833487702765787,1.2593585755537653,16,1.67320602759662,88.88142970948275
3,240,3.9221528828470724,25.122964869006733,-0.0008116963281387827,2.8653758772329887,32,3.8566036808541266,26.613472936492798,-0.00047089009277767266,5.495316169891481,64,3.757784883971309,28.27880263799169,-0.0003319721884447307,7.036245288325247,129,3.6857957029647945,29.48984443055713,-0.00026450747030772997,9.186932046748101,193,,,,,0,,,,,0,3.9822996226858076,24.278442745206817,-0.0018220720557975657,1.1778329450976663,15,1.6674367208254,88.57496163215028
3,244,3.9215797805302,25.1030997957373,-0.0008145236408466273,2.8628024043383142,32,3.8558424263427233,26.594341746341975,-0.00047242840450918694,5.473364018934834,64,3.7567498576474696,28.262012116165167,-0.0003328972937031338,7.0158075848666,129,3.684599939428374,29.478642855656865,-0.0002651136956439249,9.20733747398791,193,,,,,0,,,,,0,3.9818942847008545,24.259334008797172,-0.0018263944552885801,1.169184045919053,15,1.66226626306675,88.30030467403411
3,248,3.920609870009412,25.091367520815368,-0.0008171349277569303,2.8699203733167167,32,3.854715152511247,26.593881216212367,-0.0004737096996267016,5.49537476072193,64,3.755460348270066,28.265845173684767,-0.0003335248570795986,7.065949729906258,129,3.683207445139928,29.48900321884757,-0.0002654766147463476,9.253150392020288,193,,,,,0,,,,,0,3.9811229789228646,24.24436462818952,-0.0018319836669010404,1.1662112379319751,15,1.65742430657631,88.04309784572763
3,252,3.919726647565696,25.086254425663572,-0.0008187183556706484,2.8783121604172024,32,3.8536253468427213,26.586846309934085,-0.0004749810482128467,5.491529549913935,64,3.75544653587705,28.238560702313734,-0.0003355194815956771,7.032356184239774,128,3.6817742245063716,29.48667446205855,-0.0002659317806362198,9.245728721711377,193,,,,,0,,,,,0,3.980353294635283,24.24246962279484,-0.0018368533860303223,1.17127367863295,15,1.65253868492873,87.7835715053401
3,256,3.9191083345816655,25.042630689700047,-0.0008215834116478127,2.8934775640318655,32,3.8528196403702104,26.54336050211105,-0.00047650677364582554,5.504210408462441,64,3.753034134247729,28.2159773663709,-0.00033524383990685353,7.086140249297859,129,3.6805017060761305,29.44966708456394,-0.00026670424869776853,9.296724614868854,193,,,,,0,,,,,0,3.9799619738757332,24.190432608343748,-0.0018432838778398846,1.1832015338116548,15,1.64721746275733,87.5009058762453
3,260,3.91826246023866,24.994507298457993,-0.0008254130532309973,2.894255861533942,32,3.8516902612249266,26.497068968114654,-0.0004788542276069409,5.492851262966219,64,3.7516470747570407,28.172458817147245,-0.00033632087934739344,7.113886874600542,129,3.67896059231126,29.41192817346303,-0.00026728804713878183,9.33100757856764,193,,,,,0,,,,,0,3.9794382395024885,24.141322706716362,-0.001849743783330182,1.1816518977718111,15,1.63641368108981,86.92700430940862
3,264,3.9192503963650416,24.96738383176166,-0.0008297669798541343,2.877117985101549,32,3.8525211398286077,26.45814747712759,-0.00047983100733721163,5.448239309805043,64,3.7518699414674375,28.109712609131563,-0.00033832392763262584,7.018721855587611,129,3.6785598886939774,29.3184247575485,-0.00026939051100286827,9.189179781443219,193,,,,,0,,,,,0,3.986265685718376,24.064940045440675,-0.0020172806626470655,1.0724291602501346,14,1.63625543120485,86.91859800690037
3,266,3.9214771015163086,25.49605701275945,-0.0008212226065266163,2.855414667833255,32,3.8551120740358114,26.99433180369288,-0.0004769064418509081,5.487963748292756,64,3.75495230665981,28.64411543019004,-0.00033647609768871426,6.967996617914643,129,3.6818879622183225,29.843061012208736,-0.0002682653473346634,9.121993869372083,193,,,,,0,,,,,0,3.982362361410985,24.64651753403065,-0.0018389223285399763,1.1301451041135024,15,1.64111917921838,87.17696241036246
3,270,3.9161460204443586,24.913177090003266,-0.0008305815458906664,2.9088449629828332,32,3.8492529051394415,26.414676633634244,-0.00048116138980835456,5.515689765955052,64,3.748731818738361,28.065399400770264,-0.0003379120008123781,7.059767786562791,129,3.675614852069035,29.280010428198725,-0.00026874003875614305,9.201861361652504,193,,,,,0,,,,,0,3.983242222969834,24.005636735897465,-0.0020212089442096493,1.0771319858477106,14,1.6315700789657,86.66971006432802
3,274,3.913497079546447,24.53765095712678,-0.0008379384486532024,2.953872260917649,32,3.8462313878410725,26.07031934873948,-0.0004840135936826435,5.590155797739449,64,3.7468888116514423,27.752543799101044,-0.0003398508212464566,7.253327022573288,128,3.672572842810713,29.038358407925966,-0.0002686111350645871,9.46753987042301,193,,,,,0,,,,,0,3.9812005005796323,23.614595795095475,-0.002044244708095097,1.100495576377547,14,1.62121328298724,86.11955257111292
3,278,3.913626456330484,24.63023528433762,-0.000839437342435137,2.9312415783484624,32,3.8461608228715827,26.161005485492883,-0.0004854527650693874,5.5767480452834945,64,3.7464928554532113,27.84515867457789,-0.00034085942811637346,7.2404308182428245,128,3.672040890129257,29.14655077207649,-0.0002692384154906178,9.604727331730484,193,,,,,0,,,,,0,3.9814671065064817,23.714791073956444,-0.002045551667387602,1.0914254510215784,14,1.61642732147621,85.86532022039283
3,282,3.914487264503087,25.09323456195191,-0.0008342911259459499,2.9510203216814546,32,3.8472106667798567,26.61919064609468,-0.00048389277209121104,5.580620716811826,64,3.747549098022549,28.306197770232394,-0.0003408427011313099,7.252619499784096,128,3.672989964642452,29.603257387976356,-0.0002695084375167222,9.59456261757341,193,,,,,0,,,,,0,3.9818719092682646,24.176657815525108,-0.002032729408116855,1.1218863211325107,14,1.61582351016192,85.83324550155743
3,286,3.915506275250616,25.418106855591105,-0.0008324586723561807,2.919817142397683,32,3.8482343987983914,26.931033804319206,-0.00048363928491337675,5.507551867278686,64,3.7483049357735556,28.595760250546743,-0.00034153811807739894,7.147385557724462,128,3.673493272840393,29.883800453362262,-0.0002702285867665766,9.476557364354306,193,,,,,0,,,,,0,3.982753257245533,24.510726826492277,-0.002023027022856433,1.0711868513981564,14,1.61672418029789,85.88108948972226
3,290,3.914491404927257,25.319475853640874,-0.0008357229914230537,2.9272918297614012,32,3.8470070910589946,26.83687432937396,-0.00048548337837370627,5.526771862509904,64,3.745527580129064,28.524909283372992,-0.0003411751943208329,7.226093525856911,129,3.6719013288882167,29.79758405180508,-0.00027087416343781037,9.493793548621046,193,,,,,0,,,,,0,3.982024745379552,24.410344292994132,-0.0020330648988977074,1.0860023850079727,14,1.610865586373,85.56987844007078
3,294,3.9132647166383823,25.09338093227685,-0.0008428166062915227,2.9423659474309574,32,3.845290009586365,26.613025122620705,-0.0004888013624079641,5.545221236791825,64,3.743377709270002,28.293069726295265,-0.0003428156997691543,7.21306247924106,129,3.669486221060579,29.556093182967988,-0.00027201690942869623,9.516584168361078,193,,,,,0,,,,,0,3.987364955415214,24.127781300002106,-0.0022367511879692386,0.9982901060972083,13,1.60066033743094,85.027771191142
3,298,3.9102811536354727,24.779017425628997,-0.0008474011368817817,2.9825908764793247,32,3.842002215244168,26.312542188362002,-0.0004909719927010773,5.590620049204997,64,3.7411830807459188,27.987703600998138,-0.0003448737640904328,7.2509526656236325,128,3.6659875749147917,29.29680577160661,-0.00027213570199691514,9.623925158380448,193,,,,,0,,,,,0,3.9849242355206616,23.80018213597717,-0.0022546625799593997,1.0136317094800447,13,1.59591744870057,84.77582688520748
3,302,3.910628531897904,24.977681067729318,-0.0008460029430478909,2.99701289835442,32,3.8423769417762665,26.521285981758943,-0.000490832310050277,5.599180507033097,64,3.741603024015119,28.221110609071637,-0.0003447824566444892,7.340208267685526,128,3.6664234132014184,29.556363765941164,-0.00027204974211577986,9.77179409488311,193,,,,,0,,,,,0,3.9852306774453443,24.003236184265248,-0.002247944409095467,1.008124165485878,13,1.59621795194622,84.79178974791847
3,306,3.912168923003154,25.361226877339156,-0.0008423159266229502,2.9537411984876023,32,3.844053703708518,26.891949219798878,-0.000489776208030925,5.562090297159273,64,3.7417900377901168,28.595504434161043,-0.0003438044384711794,7.3284712224982655,129,3.6677369994345628,29.895834808689507,-0.0002726453510947924,9.67277851228491,193,,,,,0,,,,,0,3.9803226365466595,24.44630718818468,-0.0020528714304868818,1.0933798427172832,14,1.5958065114634,84.76993385106519
3,310,3.911865574025213,25.423172982403464,-0.0008447246924001709,2.9414663692883316,32,3.843690500508112,26.953507545239013,-0.0004905975059135241,5.548523519201588,64,3.7412067162475955,28.656907366735794,-0.0003445568427427141,7.311014997782529,129,3.6669970809467447,29.95562639713384,-0.0002732342653576219,9.652357001720933,193,,,,,0,,,,,0,3.986176924279422,24.457235928139802,-0.0022429925332965,0.9833445824957003,13,1.59065078214807,84.49605927424464
3,313,3.9448206424067243,25.169240692594222,-0.0008348465303873523,2.8419585438753643,32,3.8789148523191197,26.648390053706905,-0.0004726965505909289,5.536882102884512,64,3.775267460020494,28.48540506409086,-0.00034757489037077425,7.117064053001968,129,3.6975420095216442,29.685375326059013,-0.0002823947960252983,9.377058538107693,193,,,,,0,,,,,0,4.012097848768126,24.283969423740075,-0.002042001136618744,1.0367181635753795,14,1.68882111618555,89.71090998622898
3,316,3.920858289721468,25.791219274725822,-0.0008218073381086693,2.9078485596869683,32,3.8543902106332455,27.30371676999051,-0.0004778942931219874,5.54910189429982,64,3.754407843919497,28.957068939169286,-0.0003411246685544622,7.056777305183942,128,3.6792425822889663,30.20972927444561,-0.0002710405936727348,9.355642918058031,193,,,,,0,,,,,0,3.981779431710979,24.93532774032677,-0.0018411244964140433,1.181173577113217,15,1.62599382797332,86.37349719367897
3,320,3.9181889700107178,25.83034458040481,-0.0008253689008999131,2.874789659259985,32,3.851370059417163,27.33658965015446,-0.00048055168337990324,5.4809884935113935,64,3.7497018830433584,28.992914435810714,-0.0003411460880627663,7.058525914696794,129,3.6757000342215234,30.229774892528773,-0.0002717492121776199,9.330579887070162,193,,,,,0,,,,,0,3.9792712732530924,24.981000872933198,-0.0018484527498855814,1.1727190476502614,15,1.61574338628129,85.82898928627563
3,324,3.915727532230603,25.595375122741025,-0.0008318133896339833,2.932470881287138,32,3.848391700632556,27.110680267473015,-0.00048442570988585943,5.525266041596581,64,3.746291149222,28.77540524995626,-0.0003427374044800263,7.134648892082925,129,3.6721848595373388,30.028589253197435,-0.0002724484159792012,9.441413265589173,193,,,,,0,,,,,0,3.982875394491068,24.68490846758082,-0.0020224475579544232,1.0857707489925232,14,1.60566267648465,85.2934976107533
3,328,3.913364497042685,25.380748231952463,-0.0008376211855298653,2.948330002783493,32,3.8455766815496806,26.905584880695997,-0.0004876204068540689,5.549174685029087,64,3.7431663711870184,28.58388272217978,-0.0003438597754728659,7.213639116693038,129,3.6689971323902095,29.854429963076065,-0.0002729066264091127,9.52491189812466,193,,,,,0,,,,,0,3.9810450220260774,24.46322924952208,-0.0020385830499761444,1.0978874985083387,14,1.59497469215243,84.72574724857897
3,332,3.9124182886258496,25.265264496856716,-0.0008418875600283875,2.946427635837619,32,3.8443258162812537,26.792713018623708,-0.0004899180821524899,5.545370364253433,64,3.7429284218900243,28.460085348465526,-0.0003464469627163429,7.212390570800856,128,3.6672458030277824,29.763806940987358,-0.00027366343124974164,9.604556368677919,193,,,,,0,,,,,0,3.9865147311784463,24.2966377565257,-0.002236599050250061,0.9918147554250254,13,1.59041024388719,84.48328177752624
3,336,3.9119588069215183,25.30992996805217,-0.0008440620792978145,2.952054120675985,32,3.8436389445536308,26.83967424724678,-0.0004913444735373005,5.54100310340991,64,3.741971512921936,28.50770015145695,-0.000347353575028279,7.242275511605751,128,3.666166838500855,29.820293850870723,-0.00027416689532217426,9.639157221718783,193,,,,,0,,,,,0,3.9862877393702356,24.341230117477895,-0.0022420556836864505,0.9878660836299247,13,1.58535170629882,84.21457006738538
3,340,3.9110037911378726,25.3510992939504,-0.0008451286859880827,2.93195695226359,32,3.8425116745040264,26.882022915611127,-0.0004924108078917426,5.549854001829505,64,3.7393480033312803,28.570442767204515,-0.0003465519422407446,7.2675026936658575,129,3.6648147021787807,29.864125717592824,-0.00027456661405717757,9.649179926095929,193,,,,,0,,,,,0,3.985386498485925,24.385710721918596,-0.002247390823133991,0.9806144594542126,13,1.57997371472424,83.9288888229777
3,344,3.9108851593252263,25.37593948240479,-0.000848143206143006,2.9542588478642458,32,3.8421769299669455,26.912103622779707,-0.0004942501534657435,5.568531428895419,64,3.7399844894643595,28.58174087062315,-0.0003490731931458548,7.258233032450786,128,3.663889858795277,29.900438979256496,-0.00027532750796489374,9.668304154642854,193,,,,,0,,,,,0,3.9855851112639096,24.4041981562046,-0.002253568529442797,0.9861513495033662,13,1.57521854652781,83.67629222648154
3,348,3.9094633585129532,25.35817658189527,-0.0008508093622310458,2.969893096756831,32,3.840612591955045,26.890606968695945,-0.0004957013638819711,5.552741901337107,64,3.7370129533883203,28.58555712771731,-0.0003482973450465182,7.326581970425398,129,3.6622324933601917,29.894475307020418,-0.00027564543494126826,9.731826132266143,193,,,,,0,,,,,0,3.9843393695186102,24.386164547539938,-0.002258487854038523,0.9968777195663066,13,1.56979848464887,83.38837618926404
3,352,3.9091934839467966,25.389431791897408,-0.0008518783269083946,2.9724375873929887,32,3.8402187586486827,26.927098150067046,-0.000496354152045368,5.547015533547096,64,3.7363574735638565,28.622397096252836,-0.0003489847112338374,7.334149948994785,129,3.6614280790322162,29.937626011855766,-0.0002761319933983356,9.751279613252446,193,,,,,0,,,,,0,3.9841926541552457,24.4103546624939,-0.002266369241909452,0.9894138258681586,13,1.57025653759504,83.41270816038221
3,356,3.9084394967433673,25.3918930322384,-0.0008534147448130214,2.965081477989237,32,3.839303322461707,26.931308399091286,-0.0004975106968363898,5.54087107398227,64,3.735259624805403,28.63055992681992,-0.0003495998896237971,7.355308706857397,129,3.660233165922763,29.95145844532126,-0.0002765197893106847,9.789151356925782,193,,,,,0,,,,,0,3.9835761628077204,24.41586492957953,-0.0022711181892039055,0.9959345057497551,13,1.56524987390944,83.14675201444969
3,360,3.9080844487397117,25.38038203094153,-0.0008565566416675707,2.980682857574383,32,3.8386901116357364,26.922462297691624,-0.0004992304006591799,5.5686947507835995,64,3.735701918993106,28.60438646005718,-0.0003519674466486644,7.323712883154588,128,3.6591720962317553,29.949639675040824,-0.00027714178225097754,9.80757524437233,193,,,,,0,,,,,0,3.9835520712750463,24.401046018279537,-0.002275316937470405,0.991273729651045,13,1.55963393356115,82.8484308280049
3,364,3.90468101612245,25.463526359187654,-0.000844044543765119,2.983463339774442,32,3.8363906067185463,26.998317249902634,-0.0004918156958829594,5.536640125998989,64,3.7332063860670113,28.680922493762637,-0.00034669655201617183,7.314037351457145,129,3.658521189472665,29.99244160386707,-0.00027492929698236734,9.761930878172926,193,,,,,0,,,,,0,3.978998593714915,24.485613114000905,-0.002260245431954115,1.0031720021739012,13,1.56498205333921,83.13252526962864
3,367,3.9159230757373718,26.148773284479198,-0.0008465539462705118,2.9441863604170564,32,3.8471607169151882,27.675724930541364,-0.0004943266124942356,5.545159789809837,64,3.7442908329639653,29.344284623304784,-0.00035102181095412723,7.241286740136054,128,3.6675281825127355,30.659062182316543,-0.0002774045650669151,9.640257332497335,193,,,,,0,,,,,0,3.9843318885895873,25.234297136484823,-0.002051945945891701,1.1156069518479121,14,1.57497949984227,83.66359396289195
3,371,3.9109330713536,25.98339721259914,-0.0008473658431978914,2.959830630882223,32,3.8420024874268104,27.523042113820825,-0.0004957376108114758,5.553359065858228,64,3.7391605736827627,29.19407442375235,-0.00035136229040462973,7.2902728315030565,128,3.6624872638486377,30.529059853485446,-0.00027731298902348967,9.73274804943479,193,,,,,0,,,,,0,3.985592856522609,25.012476245003953,-0.0022493760744089434,0.9808876672214559,13,1.56528111687805,83.14841165448959
3,375,3.9096812021073215,25.820964715582026,-0.0008540683096116678,3.003469448507065,32,3.8403555949948958,27.36602548104112,-0.0004989561354180324,5.5775151871265045,64,3.735767985882566,29.065365071688277,-0.0003514236508522771,7.384517512286209,129,3.66031261810888,30.3883924585728,-0.00027811370922881703,9.803904012389381,193,,,,,0,,,,,0,3.984863916475883,24.838687887905966,-0.0022672842369746127,1.0101051431892003,13,1.55975549747013,82.85488835556158
3,379,3.9059653782681787,25.601191837913927,-0.0008577203402656613,3.007932329088188,32,3.8343923277756895,27.193420383730142,-0.00049724163550977,5.612265071082906,65,3.7317096358307076,28.858691327732494,-0.00035165528536913564,7.421255161367931,129,3.656342217762174,30.194996591221777,-0.0002779347535166428,9.883963933782919,193,,,,,0,,,,,0,3.981563033247462,24.61140689601706,-0.0022796657117229624,1.010272211788383,13,1.5498976856705,82.33123711829187
3,383,3.905945809292176,25.534993539215115,-0.0008621933699274841,3.0292943531452536,32,3.8342271533964785,27.13889969133987,-0.0004983253283896809,5.660458806492539,65,3.7312221587205436,28.82544006061481,-0.00035289136715205375,7.509114016720687,129,3.65565398673071,30.181018050582228,-0.000278823083341289,10.001173646730454,193,,,,,0,,,,,0,3.9886328757804255,24.490993803054348,-0.0025211075706084666,0.9175595290521734,12,1.5438771531345,82.01142381939957
3,387,3.907585805032175,25.852136544000626,-0.0008599180394846415,2.9960204804932253,32,3.8376701861444307,27.406600745496974,-0.0005024766499433591,5.588771421234586,64,3.7337654830022493,29.102225972084472,-0.0003548336165289534,7.418998184576871,128,3.657664234187834,30.45344321797673,-0.0002802726151168954,9.903436646144275,192,,,,,0,,,,,0,3.9833138048854284,24.866005348688063,-0.0022854037826628626,0.9992988608066327,13,1.54501874886901,82.07206587982726
3,391,3.9072918594712847,26.009879505774407,-0.0008587605862299367,3.0031889253225046,32,3.8373904821004947,27.558054667644093,-0.00050272214509159,5.5636825098799285,64,3.7334018316941675,29.245536045779495,-0.0003553078875856662,7.394123511298442,128,3.6561434024097195,30.617484715739415,-0.00027975190409447654,9.952053716641633,193,,,,,0,,,,,0,3.9829062943119955,25.02193636593603,-0.0022818911250690327,1.0152107383834945,13,1.54459401541029,82.0495038543302
3,395,3.9050784836424373,25.751705805465104,-0.000863638720001928,3.0227310839445956,32,3.834847198580711,27.307828319310993,-0.0005051304347871719,5.568428316794865,64,3.7305983115993646,29.004057048999606,-0.00035643889439669385,7.440158683413269,128,3.6542444437361254,30.36231212313973,-0.00028125791557813033,9.95045030512086,192,,,,,0,,,,,0,3.988072784352253,24.712566858257446,-0.0025239589012592007,0.9062321304021559,12,1.53430867217589,81.5031419618624
3,399,3.903291933775405,25.562017384790746,-0.0008680783238204577,3.044410711596413,32,3.8328094865020885,27.12643590705757,-0.0005070576102251208,5.615582279643377,64,3.7270841106130588,28.859740163307663,-0.00035551208633281556,7.582409350729339,129,3.651112165343166,30.235751323786385,-0.00028052404908299406,10.099380774155012,193,,,,,0,,,,,0,3.986675520484304,24.51432668535278,-0.0025431083703877115,0.9155994285839384,12,1.52876039429585,81.20841503507037
3,403,3.904884337644079,25.809936213491095,-0.0008693247603765665,3.0374879405308484,32,3.8323814894587325,27.41100431022733,-0.0005037018585537894,5.627606224140443,65,3.7283155129803367,29.099502189115146,-0.00035642592543328686,7.55388536634139,129,3.65213523550728,30.473716758240794,-0.00028132128249518654,10.090461087427418,193,,,,,0,,,,,0,3.98824617315096,24.763168662514445,-0.0025423108069829235,0.9059372190022934,12,1.52892602491798,81.21721340553746
3,407,3.904769663924395,26.09270393590694,-0.0008654385398636062,3.04495485053182,32,3.834263168785318,27.648747602301988,-0.0005068601879384006,5.5927759023685155,64,3.7282195041758164,29.37058268279232,-0.0003563689828135682,7.553728649289813,129,3.652007717079041,30.744314735371564,-0.000281325046244343,10.073178350979635,193,,,,,0,,,,,0,3.987794518597189,25.050446306433056,-0.0025312413198155404,0.9158338121094189,12,1.52909165013312,81.22601148878292
3,411,3.903365756203122,25.97555059535113,-0.0008679215979919622,3.02825020921005,32,3.832656487376887,27.533130881463215,-0.0005081955985368756,5.58441327175926,64,3.727814760566357,29.232969724385796,-0.0003583869047442399,7.487575573250513,128,3.650106911503509,30.632276581488927,-0.00028168725558275773,10.077842498977898,193,,,,,0,,,,,0,3.9867059089069348,24.929548868684595,-0.0025391442794025325,0.8950748912804336,12,1.52390593246612,80.95054391771832
3,415,3.901993842574926,25.756965737540366,-0.0008735876159676202,3.0485667262031804,32,3.8310119966470904,27.320411156185184,-0.0005106399346643318,5.5947522549552,64,3.724489125622578,29.0498501046717,-0.00035808130488600604,7.5722989546036885,129,3.6480068816346707,30.436955218991695,-0.000282415052065346,10.131027599268315,193,,,,,0,,,,,0,3.985914262667665,24.706287966725426,-0.0025574639260109162,0.910823289180879,12,1.51866754191006,80.67227833994721
3,419,3.899956572949961,25.542363172635795,-0.0008781431860024559,3.0857823394610726,32,3.828674875211807,27.112678697422616,-0.0005126636025323157,5.629234392628547,64,3.7233471620176237,28.834646151169324,-0.0003601817309459524,7.604260604050907,128,3.6454744395871472,30.26018837002728,-0.0002826432436701387,10.26072579497258,193,,,,,0,,,,,0,3.9843266823780366,24.48000621181526,-0.002573649463158447,0.924641064219017,12,1.5136482266427,80.40565013650571
3,423,3.9012033623023585,25.78718236524835,-0.0008770683301953982,3.060010983167601,32,3.829950320829216,27.356882364511712,-0.0005126525593812299,5.609507995826572,64,3.7231070387283554,29.102594502460647,-0.00035918422901129004,7.644018009966398,129,3.64648124144959,30.50736206335563,-0.00028307188274014045,10.263756283394233,193,,,,,0,,,,,0,3.9854805492310743,24.730621292826186,-0.0025660036357879486,0.9170006056940885,12,1.5136050185229,80.40335490244634
3,427,3.902953369090688,26.167445870157664,-0.0008738363798095227,3.0507114065810903,32,3.831758950497763,27.732923086045254,-0.0005119597124687797,5.59970590323227,64,3.726095704171263,29.44866903367368,-0.00036101516882095327,7.569624007588363,128,3.6479089925236226,30.869559819145834,-0.000283532931990452,10.19239579974295,193,,,,,0,,,,,0,3.9868935577024263,25.116480871058368,-0.002552483414429126,0.9075327374357052,12,1.5139470614868,80.42152437300291
3,431,3.8991665633533334,26.29189473317294,-0.0008486376000882364,2.875911450454602,32,3.830148424663019,27.77297957023705,-0.0004972759041399084,5.2801662059000485,64,3.726970317819304,29.364033271351637,-0.00035252502460123133,7.047635102234757,128,3.6501221135699016,30.682675227639493,-0.00027798413854654126,9.547606962344005,193,,,,,0,,,,,0,3.9738205538986664,25.346629936004586,-0.00228327836586114,0.9537877584682555,13,1.53395991931588,81.48461605871495
3,433,3.909817958813984,26.316909269073747,-0.0008624438984505315,2.930120890784675,32,3.839656738349418,27.828505021406745,-0.000505008019710326,5.444160962047384,64,3.733315437635018,29.487021061469378,-0.00035701980895887626,7.239866322190053,129,3.6566273279810546,30.790604843153652,-0.0002825686589824161,9.636377569930495,193,,,,,0,,,,,0,3.992599531983597,25.301386602889846,-0.0025163994972388637,0.8722431549841794,12,1.53913727986531,81.75963969607048
3,437,3.903465753603876,25.968954760862697,-0.0008678152893642426,2.9427485081027562,32,3.832889964523824,27.48735710564091,-0.0005080983854679941,5.442893474066057,64,3.726387924584762,29.1615415249975,-0.0003576852434632536,7.335937179974401,129,3.64983318313137,30.495733160484882,-0.0002824394387919464,9.798954430168923,193,,,,,0,,,,,0,3.9867748389602142,24.95179990945118,-0.002543577120413372,0.8774382769147095,12,1.52362479728387,80.93560989493338
3,441,3.9007160042163678,25.607238735496352,-0.0008764330120112783,2.995166170255736,32,3.829577109096623,27.137251492303292,-0.0005120170088202405,5.489401127953162,64,3.724092162412883,28.80666118099218,-0.00036062966725293916,7.368544498220082,128,3.6459990984964503,30.186485097743255,-0.0002831629136101355,9.924973671412182,193,,,,,0,,,,,0,3.984942475841397,24.576459377275324,-0.002574156995193624,0.9033168084447851,12,1.51358130355891,80.40209515327608
3,445,3.8992766098508214,25.487604564582206,-0.0008804247134170404,3.0183954838258202,32,3.8278757890197754,27.025261687589705,-0.0005141711418249858,5.506842894472104,64,3.72078993015813,28.728576269758403,-0.00036020738056697087,7.462674873296258,129,3.643971516865421,30.098395995707968,-0.000283893613721727,10.005090272614261,193,,,,,0,,,,,0,3.9915829993799288,24.397836072350255,-0.0028669164522786366,0.7879033762938903,11,1.50778507498479,80.09419697809993
3,449,3.898417202299784,25.472287048684517,-0.0008832625493443419,3.0204829390598107,32,3.8268019312164903,27.012445728838664,-0.0005157569545365832,5.506920902540784,64,3.7207814155252388,28.697483933224394,-0.00036247335539397123,7.460035344678527,128,3.642419508762978,30.097275712463603,-0.0002843485708120795,10.072762404520699,193,,,,,0,,,,,0,3.990960192615741,24.383251566246102,-0.0028753844925840924,0.8004726097071568,11,1.50319606760373,79.85042691616567
3,453,3.8974736953930105,25.431405186505817,-0.0008849374173426444,3.0255717604732943,32,3.8256453795753087,26.972932224501932,-0.0005170344379786311,5.516875292975428,64,3.719431205202318,28.66361274878912,-0.0003632450841428592,7.500393130968426,128,3.6409543492513756,30.073563449197856,-0.00028485598435064677,10.110988953854875,193,,,,,0,,,,,0,3.990339831326928,24.3341500901362,-0.0028849913975597316,0.7968835231926299,11,1.49782205969959,79.56495728605914
3,457,3.8963529894880695,25.40505790486022,-0.0008878200709550821,3.0456642455940823,32,3.824303739193682,26.950351122607028,-0.000518511146102211,5.493478287784626,64,3.716476913403783,28.662056483921383,-0.0003625061269547289,7.53670533211827,129,3.6393231817652487,30.053553687616045,-0.00028532817874959293,10.132987709202727,193,,,,,0,,,,,0,3.989473697152459,24.310197149777093,-0.002895269615988487,0.803489114110743,11,1.49284853463352,79.30076147796538
3,461,3.8948206476672764,25.279383879791233,-0.0008911474294691443,3.0282631585332425,32,3.822549591138858,26.829895587807965,-0.0005203605087014256,5.513857702160152,64,3.7145537271018614,28.54852761552461,-0.0003633675341530679,7.573708042127016,129,3.6372887626695856,29.950037947333207,-0.00028588172369343784,10.195044858928604,193,,,,,0,,,,,0,3.9882826695766727,24.179126298345864,-0.0029101770387273576,0.8063878258575592,11,1.49241438986703,79.2776995197187
3,465,3.894432521027589,25.21544089021789,-0.0008944578042143526,3.05491816166219,32,3.821906337429491,26.769187194671744,-0.0005223980349450642,5.52764441416446,64,3.7136248206743736,28.492917730330102,-0.0003643703203266961,7.590125835465884,129,3.6361856158386905,29.8986129436637,-0.0002865649593438513,10.21985984247588,193,,,,,0,,,,,0,3.9882727859414078,24.108602774528197,-0.002914881794986164,0.7899718407206606,11,1.48748277653808,79.01573008127421
3,469,3.893560490693967,25.21865464701652,-0.0008959868399653307,3.0687547007329954,32,3.8208891766280306,26.773084956271333,-0.00052313303624351,5.540850519152222,64,3.7138074252200877,28.480671340556825,-0.00036634535705563985,7.592712137392194,128,3.6348624569950423,29.919527432781468,-0.00028686843536262786,10.280455026747042,193,,,,,0,,,,,0,3.9876111935766203,24.117088897289374,-0.0029243409463076283,0.8103818878947244,11,1.48253514864041,78.7529099419952
3,473,3.89275087991901,25.256878832917817,-0.0008967353602711145,3.0768365519677445,32,3.8199592645623746,26.80919070262982,-0.0005239397032949033,5.516454666140195,64,3.712756961732982,28.516809281270927,-0.0003668669472710002,7.59327225572375,128,3.6337381901534163,29.960098165167448,-0.00028723820725119515,10.3018629685617,193,,,,,0,,,,,0,3.98694372818012,24.15129517949605,-0.0029264626842464996,0.8123614008215085,11,1.4827874322229,78.76631135529045
3,477,3.8921841980862477,25.17684516484698,-0.0009000267477939351,3.0706756938568773,32,3.8191831922585857,26.73270060678588,-0.0005255351614251995,5.5170239476088945,64,3.7103094381587747,28.471008367029405,-0.00036633364333656777,7.656635225012494,129,3.6325483653951984,29.89707003220674,-0.0002879546789955476,10.330320735532517,193,,,,,0,,,,,0,3.995382520824029,24.01905432596281,-0.003300405151363144,0.6909259179520504,10,1.47697117977506,78.45734950325969
3,481,3.8904338899407866,25.814679473059464,-0.0008752443361356089,2.94155037194567,32,3.8189450064027186,27.3154545557432,-0.0005145172792784047,5.225288125102047,64,3.7129660854291746,28.924804165235635,-0.0003625859487370968,7.232388191590829,128,3.6345442035614046,30.296854870836338,-0.00028461088805097735,9.791095346277672,193,,,,,0,,,,,0,3.982338471552741,24.746222748697924,-0.0028792739822704194,0.7563229280120076,11,1.48190155541373,78.71925319505982
3,483,3.9006341588869162,25.94270528341589,-0.0008852345684904937,2.931117478145424,32,3.8285895659669222,27.459567655009995,-0.000518655433432538,5.411038552377949,64,3.7213931963439557,29.113077334304478,-0.0003662863003454528,7.319739418354644,128,3.642123799179049,30.49316447763206,-0.00028750645862884235,9.87776700985896,193,,,,,0,,,,,0,3.9933431568804436,24.877204153040815,-0.002880854154714431,0.7523641916549124,11,1.49813661988748,79.58166685963718
3,485,3.89662911750391,25.71979001779728,-0.000893314132038217,2.983389712390487,32,3.8240094125430124,27.24128330265791,-0.0005231329267981724,5.416338730413507,64,3.715153604555316,28.93225158764826,-0.0003661906084906718,7.446538734691561,129,3.6372899522186724,30.314560966489562,-0.00028804791609858527,10.016759445895257,193,,,,,0,,,,,0,3.990230882966778,24.64575989569936,-0.0029079194145043325,0.7779337592996676,11,1.48207752143929,78.72860058663869
3,489,3.8929205921156664,25.47877116921034,-0.0008968477485373428,2.9915751683429015,32,3.8200217115056265,27.00558856802012,-0.0005248385644764001,5.421412324653264,64,3.7109760301365804,28.713762403285877,-0.0003667164568489588,7.515044674797053,129,3.6330666622135976,30.115252772261314,-0.00028839262029220833,10.121907672164749,193,,,,,0,,,,,0,3.987025584679989,24.39011595843375,-0.0029303979589227367,0.7747453135414766,11,1.47711553128122,78.46501751785956
3,493,3.890417829973245,25.195642949921762,-0.0009030345851469694,3.04499154775063,32,3.81717166014108,26.73300877453002,-0.0005274493291202454,5.467990692905559,64,3.707927724687482,28.45296751815803,-0.00036757772110325193,7.597395603799292,129,3.6299385542365257,29.87187149539639,-0.00028880146109703364,10.25898988102982,193,,,,,0,,,,,0,3.993945372018048,24.046913172010655,-0.0033171314823274185,0.6930537069639442,10,1.47207727830565,78.19738333514631
3,497,3.891509925906173,25.53997855627736,-0.0008996836221070076,3.02000174370529,32,3.818287972029661,27.073331393785587,-0.0005268293804045029,5.452940499869381,64,3.7103629366297044,28.772041514356328,-0.0003691881809823054,7.55248899725526,128,3.6309299339378267,30.21486255269117,-0.0002888352150760862,10.252080041409428,193,,,,,0,,,,,0,3.994680842978203,24.399153849620603,-0.0033003158185647384,0.6803221896761222,10,1.47224801365645,78.20645287101384
3,501,3.8924627262861584,25.79415374820642,-0.000898450289764841,2.990183681391162,32,3.8192427719724513,27.320725684575507,-0.0005270545358553981,5.408690327936849,64,3.711066189776641,29.005992050256708,-0.0003699425845662557,7.515273239458661,128,3.631426044727315,30.442429163276337,-0.0002894977980160047,10.182353180246572,193,,,,,0,,,,,0,3.995435620706214,24.662900497811442,-0.003291834225569154,0.6819356428235928,10,1.46701066722747,77.92824275772597
3,505,3.8907432908838047,25.570102069558196,-0.0009031913073785233,3.0231822331461515,32,3.8171852677336595,27.10020047540239,-0.0005294546899819782,5.426413194136348,64,3.7087289451596885,28.787777289907908,-0.0003709647465224836,7.529401339546688,128,3.6289182101065567,30.227403092118028,-0.0002903213318633528,10.232400979017864,193,,,,,0,,,,,0,3.99430219968078,24.432392235002204,-0.0033101392566683824,0.6946568054608342,10,1.46176724953354,77.6497101362114
3,509,3.888133448150697,25.24361142808189,-0.0009097274759130016,3.0328064340321284,32,3.8142042310332056,26.779556662368226,-0.0005322334895563191,5.427427543848278,64,3.7055033815620586,28.479016249018756,-0.00037202456768105775,7.591228461404352,128,3.625536821239056,29.937111798384716,-0.000290910873781968,10.311706219985929,193,,,,,0,,,,,0,3.99251542263523,24.09529185507253,-0.00333514175898095,0.6698894844767089,10,1.45669526704897,77.38028422735451
3,513,3.8862182128687586,25.043975296087048,-0.0009144977564107664,3.0770919710626323,32,3.812055763395898,26.594886027239426,-0.0005341007757611355,5.471583685099329,64,3.701795526654589,28.339154119711974,-0.00037112576938449923,7.731363566453094,129,3.6231935770034767,29.792883255537653,-0.0002913021207136787,10.441100212460437,193,,,,,0,,,,,0,3.991199355704417,23.8862093767245,-0.0033585147269730737,0.6994974991160099,10,1.45135497275896,77.09660547904922
3,517,3.887555438904312,25.32007969007967,-0.0009123197001029644,3.07478946244726,32,3.8134565341622366,26.869154190120835,-0.0005335896573814148,5.476711215513543,64,3.7031232707332955,28.618372190514314,-0.00037129481886119027,7.7444310674978,129,3.6244982417751586,30.076379420759565,-0.0002914219018163647,10.459608891006123,193,,,,,0,,,,,0,3.99219205393853,24.16033372332357,-0.0033471316810511926,0.6981250990335823,10,1.45161592625737,77.11046744203753
3,521,3.8873893631167284,25.44187560038704,-0.0009112105946080618,3.0437663005606943,32,3.813153929614776,26.98433417305428,-0.0005341564732105174,5.444698847780202,64,3.7040214299625385,28.695062131525376,-0.00037348600366255547,7.632126597053169,128,3.623780742996139,30.16562134885224,-0.0002920125048346431,10.390079665186533,193,,,,,0,,,,,0,3.9920279749319176,24.28939620940495,-0.0033450400226980254,0.6758109339108671,10,1.44681613321737,76.85550035450103
3,525,3.8859931213690757,25.18218215030992,-0.0009182826242708149,3.058713267092511,32,3.811373425211672,26.727425604374442,-0.0005371331271049022,5.454886809995777,64,3.701869020053091,28.445532650719777,-0.00037481470589961904,7.677325002525777,128,3.6213866511738004,29.92811736363132,-0.0002929362135492965,10.457388331450595,193,,,,,0,,,,,0,3.9915152076762395,24.025250622947127,-0.003364974946395625,0.6893963599418491,10,1.44675706077688,76.85236240084764
3,529,3.882884815260224,24.89329644647286,-0.000923812062680922,3.0960226852610013,32,3.808004530734638,26.445728804640982,-0.0005393675003671914,5.4821965596721505,64,3.6969452038611097,28.2017905289453,-0.0003738917150394738,7.780311854136926,129,3.617831392144012,29.68130360184265,-0.0002934203831694573,10.576525895169688,193,,,,,0,,,,,0,,,,,0,1.44137974814468,76.56671722215358
3,533,3.8819119375700284,24.762186518280096,-0.0009270678953117424,3.1101325693276998,32,3.806816728313483,26.32893757185058,-0.0005406531078410285,5.5217791009733475,64,3.695585717956557,28.110161358529492,-0.0003744344044944657,7.874646380757692,129,3.6163719504411653,29.605579718986867,-0.0002937685840054672,10.674192264281768,193,,,,,0,,,,,0,,,,,0,1.43624562522082,76.29399038621672
3,537,3.883242948199909,25.118680656980153,-0.0009227437832773297,3.1003446881562517,32,3.808255776268782,26.67497444440061,-0.000539725482019165,5.496107898496309,64,3.697000317371512,28.445695808948063,-0.00037440987629804354,7.85342557204946,129,3.6177510749709345,29.93679042875628,-0.0002937564792571462,10.621587891879486,193,,,,,0,,,,,0,,,,,0,1.43681541539248,76.32425788720361
3,541,3.883584295954261,25.14704332424229,-0.0009243884294647071,3.1047003663152886,32,3.8083571435425543,26.70187751103828,-0.0005410685896834401,5.4985885059535065,64,3.6982088424848074,28.439449129974633,-0.00037711775641540584,7.75406377919786,128,3.617337054090171,29.948441357464052,-0.00029462873657425234,10.621216161964703,193,,,,,0,,,,,0,,,,,0,1.436294514586,76.29658741049414
3,545,3.874360738086992,24.798565962131825,-0.0009096346492812189,3.1557460443347125,32,3.800669148865151,26.35202179330214,-0.0005308257985258722,5.453024595116599,64,3.691476768873418,28.101922372989264,-0.0003677720617045621,7.808906830270654,129,3.613587795597932,29.586417045799575,-0.0002886700220854157,10.641622532069526,193,,,,,0,,,,,0,,,,,0,1.4418575315878,76.59209728582513
3,548,3.892656909261982,25.36265741605078,-0.0009056235406073999,2.98729206889076,32,3.819054318249231,26.8904581368246,-0.0005302124922709132,5.406765956542721,64,3.708581182367688,28.604677270766274,-0.0003713028077301282,7.5451436902551094,129,3.629721896148467,30.02463505539498,-0.00029188836004773096,10.222618808679815,193,,,,,0,,,,,0,3.9964573017490195,24.228228014638564,-0.0033181310817157637,0.6623915754011307,10,1.46720634847818,77.93863743061358
3,552,3.887444512202282,25.32850298154261,-0.0009085410119129174,3.0308892689914764,32,3.8134401623005645,26.862870415608715,-0.0005331809372717485,5.414063299202638,64,3.7028027734399376,28.589369900269,-0.0003721181101857541,7.649669384670048,129,3.623935531246729,30.03546403389095,-0.0002921069045309155,10.365617250839943,193,,,,,0,,,,,0,3.9917166475805543,24.186667319611413,-0.003345030324049996,0.6913677669484528,10,1.45186403678489,77.12364718084329
3,556,3.8855720482157974,25.169093564431105,-0.0009153855096158278,3.042381169861848,32,3.811063665407252,26.707355284477373,-0.0005365267418084932,5.437835200718553,64,3.6999781768192532,28.43717830539735,-0.0003736478375187017,7.684962226740598,129,3.620867497861659,29.891906825173667,-0.0002932224855259396,10.430275143614082,193,,,,,0,,,,,0,3.990711080255731,24.019690086892595,-0.003368036419302775,0.6948092636089065,10,1.44713797527485,76.8725967441492
3,560,3.884483043545232,25.052753946219866,-0.0009212816044853229,3.0683446999861133,32,3.8095414457504386,26.601309123937664,-0.0005395153290274233,5.455084552960688,64,3.698085300545602,28.348940956999794,-0.00037496910400854744,7.7514869947678235,129,3.6187224642233065,29.818914587758673,-0.00029425502919198243,10.513265215884132,193,,,,,0,,,,,0,,,,,0,1.4417905865624,76.58854113704766
3,564,3.8827565249821947,24.972047772137216,-0.0009244815341647723,3.0673688882460723,32,3.8055259808786706,26.55964967027625,-0.0005366711251571844,5.473744092630035,65,3.6958912593589544,28.278304807159447,-0.00037574122658453306,7.802820554463157,129,3.6163754952967464,29.762898419881623,-0.00029475223060507633,10.599274050275486,193,,,,,0,,,,,0,,,,,0,1.43163094791111,76.04885672654179
3,568,3.881426394166624,24.939553500407868,-0.0009255475393570131,3.096659499474157,32,3.8060255544805566,26.4913058432821,-0.0005423793225998181,5.457524902650622,64,3.695576696787245,28.226283089074485,-0.0003779700949614431,7.777111240677801,128,3.614545495966655,29.74549524678349,-0.00029525465388617866,10.655537183424713,193,,,,,0,,,,,0,,,,,0,1.43180842496737,76.05828438472663
3,572,3.881468577248621,24.970114733198336,-0.0009294563408856327,3.07496474799785,32,3.80389301835038,26.554320797895787,-0.0005395421613535858,5.466703306035104,65,3.693816301070905,28.276024399233076,-0.00037737121105820465,7.7999674824993015,129,3.613974771213438,29.770130033106224,-0.000296039106313979,10.630835543442245,193,,,,,0,,,,,0,,,,,0,1.42625625851069,75.76335089505734
3,576,3.880081678933456,24.90325812819076,-0.0009312394035931232,3.0944908801624535,32,3.8043765382649273,26.45589831513499,-0.0005452602160757245,5.4630216254664035,64,3.6920763882777576,28.225902819808773,-0.0003779693902877729,7.847521381510266,129,3.612142303525081,29.728856824431077,-0.00029655367104405975,10.682192238463006,193,,,,,0,,,,,0,,,,,0,1.42608775289249,75.75439980355237
3,580,3.879050424191812,24.881136559695406,-0.000932580044753855,3.0961807562539185,32,3.8031804970417307,26.436626390824642,-0.0005462307482376168,5.459672864966432,64,3.6907147945192342,28.21111475107326,-0.00037848836997198476,7.882629251608833,129,3.6106879862530366,29.726664766925907,-0.00029689233101687834,10.752501842755795,193,,,,,0,,,,,0,,,,,0,1.42126335100317,75.49812548326929
3,584,3.8794005215737477,24.948104541226748,-0.0009336557100327606,3.107170175099231,32,3.803312461751064,26.502664810761644,-0.0005474575556833342,5.461900041599499,64,3.6920476475796473,28.25539771032346,-0.0003809213604524976,7.844824223155772,128,3.610405110931287,29.796107666696127,-0.00029750359738251917,10.764969279667604,193,,,,,0,,,,,0,,,,,0,1.41632727487951,75.23591897923467
3,588,3.87837430813076,24.992841394570714,-0.000934897685294132,3.119769542369312,32,3.8022125380773604,26.545291468750538,-0.0005485524416927029,5.461536129398553,64,3.689438345140356,28.322414724449946,-0.0003796428417264827,7.915947076606109,129,3.6091829556113506,29.844193604598388,-0.0002977452011068885,10.813612515777368,193,,,,,0,,,,,0,,,,,0,1.4165781829176,75.24924732301496
3,592,3.8780479028501222,25.038425930218466,-0.0009363924402175357,3.1044639764149835,32,3.801736162639571,26.590911730385454,-0.000549290995541512,5.4433414848155905,64,3.6887368407861385,28.371938080846686,-0.0003803141954478416,7.905964985373604,129,3.60835625693553,29.89944524636122,-0.0002983140834001647,10.816946129606478,193,,,,,0,,,,,0,,,,,0,1.41084017294252,74.94444174506414
3,596,3.8770405579257305,24.962361830433846,-0.0009383300592227399,3.116111388144162,32,3.800541535250503,26.515606767735914,-0.0005505188227475238,5.460122759897526,64,3.687374683026008,28.2992906671605,-0.00038098135459428033,7.925024065229653,129,3.6068595357726574,29.828205458225725,-0.00029887429605305964,10.832314133318114,193,,,,,0,,,,,0,,,,,0,1.41099496283478,74.95266425125988
3,600,3.8770165581205567,24.951522860831844,-0.0009415719732676288,3.107353358601184,32,3.800304027526594,26.508439385833032,-0.0005521066828941104,5.476404145390127,64,3.686847868540388,28.29905148186222,-0.0003818888744415733,7.950805349745757,129,3.606146133458527,29.837767512577546,-0.0002995187228756191,10.885635140108164,193,,,,,0,,,,,0,,,,,0,1.40617142903988,74.69643604452878
3,604,3.8763043353134945,25.016588312609517,-0.0009404882275924494,3.130656974012709,32,3.7994611282811186,26.574996575294243,-0.000552523655550927,5.476317379165486,64,3.685936588331891,28.367200430423935,-0.0003821812050395826,7.973019624825618,129,3.6051867297320843,29.908660429770165,-0.0002996996852136945,10.901755263366137,193,,,,,0,,,,,0,,,,,0,1.40633584796929,74.7051700493532
3,608,3.875577040321721,25.047665055232308,-0.0009418222783633047,3.1367779373867464,32,3.7987140059609397,26.605963137991637,-0.0005531380126675595,5.4715324831691134,64,3.685094873356132,28.400971462974415,-0.0003825791511169796,7.979160699258035,129,3.6042856073116543,29.947277858663337,-0.00030002050228682077,10.917248864624277,193,,,,,0,,,,,0,,,,,0,1.40045523990665,74.39278959915883
3,612,3.8763793533686313,25.856106111677352,-0.0009022166712250169,2.933724971835897,32,3.801838490951498,27.31710136170613,-0.0005358601713984059,5.089965651668251,64,3.692133380671889,28.909142042332363,-0.00037533167307328647,7.259623166666451,128,3.611598988763399,30.340901507316456,-0.00029324518288841494,10.01112226313088,193,,,,,0,,,,,0,3.9800974701101532,24.740777809692908,-0.003357329080102217,0.6590673828943423,10,1.42178650460552,75.52591562947222
3,614,3.8934380509436037,26.123654645710374,-0.0009121881015194864,2.9700048108539185,32,3.8185081811580477,27.610913746243142,-0.0005396752649925494,5.2656255375234124,64,3.7065798077639167,29.214438963923765,-0.0003822864492587676,7.244914675473336,128,3.623696534835447,30.573156833553245,-0.0003006242550407533,9.751431072921761,193,,,,,0,,,,,0,3.9979719517407255,25.002729590181623,-0.0033393653221374226,0.6744515358469165,10,1.43245527206254,76.09264518290325
4,3,3.896040705801129,25.091101159110334,-0.0008030255058114761,2.6473485091727653,32,3.836047989755023,26.404895211743412,-0.0004317259762903095,4.926126918454102,64,3.7547317899968267,28.07418046105182,-0.0002830875472089726,6.738042836648962,128,3.690264182181623,29.19152601921374,-0.00023287717384635798,8.360178724291028,192,,,,,0,,,,,0,3.9666258762260065,24.221545902071146,-0.0022217865006219934,0.9410623987297413,13,1.85500452079108,100.8025811041783
4,7,3.90332534570361,25.534902778091393,-0.0007789603224472789,2.546553054107118,32,3.843288026617526,26.80024853801542,-0.00042743022501286063,4.732681288891957,64,3.761912050454043,28.36675028345525,-0.00028488623569634,6.415072824743017,127,3.696585500020092,29.43800024627867,-0.00023400190287526773,7.997936410204385,191,,,,,0,,,,,0,3.961239749527663,24.786518487691005,-0.0017971550387260971,1.0859975475876809,15,1.843195531709,100.16087022619236
4,11,3.906118362503544,24.97022435261742,-0.0007749714471620707,2.553248855900474,32,3.8472845237797015,26.202448591909977,-0.0004322785120929029,4.686809893238976,63,3.764666804672926,27.780876944972878,-0.0002869770899627615,6.389787336262994,126,3.699397392932115,28.839684935582426,-0.0002360311837196725,7.951688812276313,189,,,,,0,,,,,0,3.964077416399909,24.21976563865526,-0.0017812825737227283,1.1022095436887724,15,1.83960184243554,99.96558598273582
4,15,3.9054249007671014,24.462040584438313,-0.0007730097118342669,2.5717890349817765,32,3.846268460946113,25.70333893292835,-0.00043132589754093527,4.718796653728855,63,3.7630776254740055,27.278215290749475,-0.0002869315133315445,6.42381789949334,126,3.698415130119736,28.329809191395253,-0.0002364646325186953,8.007157753830509,188,,,,,0,,,,,0,3.9636595375078683,23.70631146953217,-0.001776924838077555,1.107325974144004,15,1.83067360449621,99.48041766162956
4,18,3.9127277721679414,25.61367086736489,-0.000753141066380872,2.503398318314602,32,3.8537620204600675,26.835642717802475,-0.00042606898957488925,4.638773006912462,63,3.770916208295308,28.383281891894434,-0.0002881938062913044,6.292964067489958,125,3.7053889294780964,29.439461543525344,-0.0002377124085933936,7.908611647233144,187,,,,,0,,,,,0,3.965020908228789,24.91792660724643,-0.0015968590271869952,1.1455686563185559,16,1.83270020694197,99.59054502526398
4,20,3.9187333910998503,25.83776082445183,-0.0007637038558583157,2.4000495879092156,31,3.8589356761477425,27.047311540003676,-0.0004267909956694328,4.505049266463882,62,3.7748949631207593,28.561687941796254,-0.0002894750738142428,6.119049211145562,124,3.7083838090442898,29.587094752080507,-0.0002391051778981508,7.678228850197595,186,,,,,0,,,,,0,3.9635812407369904,25.23209576471923,-0.0014589082424389997,1.2358848728210674,17,1.82852888460464,99.36387169185286
4,22,3.917702240199148,25.464140961080656,-0.000764266561675457,2.4186187112471274,31,3.857590337815891,26.680558648675305,-0.0004273868078306492,4.539519343706484,62,3.7742314209280274,28.17825917832795,-0.0002909770267584688,6.124032091146557,123,3.7071330952193766,29.214258836562294,-0.00023985874665776903,7.705396304022958,185,,,,,0,,,,,0,3.9627858803916673,24.85783957530117,-0.001459528474292069,1.2403766688513507,17,1.82120118956979,98.96567828327716
4,24,3.916383773213133,25.090635881767586,-0.0007649336995785725,2.4477165768115015,31,3.8559266509509675,26.314461329046043,-0.0004278823194931368,4.580352224954893,62,3.771999219817147,27.817029754511246,-0.00029138862103418465,6.189937891005581,123,3.7055274066857185,28.850585016114,-0.00024055977959652283,7.771960996333689,184,,,,,0,,,,,0,3.9662907530183977,24.43264340525202,-0.0015654440137477202,1.1821091884788402,16,1.81517001064333,98.63793870309058
4,27,3.9139447691573483,24.842191736225097,-0.0007610585971994014,2.4893496541560296,31,3.8551516794716782,26.049601346276113,-0.0004297413556533485,4.584345769621791,61,3.7706385384826797,27.587014690996536,-0.0002915403626650875,6.229438532296189,122,3.703754168620882,28.64280198466553,-0.00024051112649460738,7.875726926607864,183,,,,,0,,,,,0,3.9639386205832152,24.172170310609534,-0.0015600565460768062,1.1857005776447167,16,1.80429805209676,98.04714689052696
4,30,3.9157974647197897,24.77058579025963,-0.0007644620254353196,2.47084037050098,31,3.8564321929376613,25.98216267170323,-0.00043147302421157093,4.594001667242523,61,3.7727383870726756,27.524447929961344,-0.00029242159868347206,6.274287754464229,121,3.70563757304022,28.60193245059823,-0.00024033185164192727,7.918356882114182,182,,,,,0,,,,,0,3.966233891206752,24.1078106107982,-0.0015659161008672383,1.1806723266397654,16,1.82310023028442,99.06887382997856
4,32,3.91787604562727,25.304384960849575,-0.0007515557072950139,2.4747592263637763,31,3.8586465832691497,26.5027840729246,-0.00042749009176347484,4.5435025634394535,61,3.7743324715546853,28.002764983041097,-0.00029248313932757916,6.1551126602092765,121,3.7075751135247654,29.041214266895622,-0.00024152166024109215,7.758154548141782,181,,,,,0,,,,,0,3.9633249727681545,24.686365376317525,-0.0014315408805897806,1.2680000375459706,17,1.81212535202555,98.47248926951052
4,34,3.919552957797336,25.140474278316546,-0.0007759136746088841,2.403415166345667,30,3.8590251398595874,26.345422810677494,-0.00043293097242950594,4.4865890200380285,60,3.7735517152301057,27.847942333475483,-0.00029448395048627053,6.0872696969337845,120,3.7061318490188975,28.879596324926418,-0.00024264132128585237,7.688703926959981,180,,,,,0,,,,,0,3.9626527866772694,24.56370273027813,-0.001427582801917779,1.2675643976923006,17,1.80469163821178,98.068534707018
4,36,3.9167275507118102,24.70249054591658,-0.0007791510907304451,2.411578735655848,30,3.8557740495446473,25.922434676874754,-0.00043409734759650793,4.5351104471754695,60,3.770959815518455,27.41235801861792,-0.0002962945370418366,6.135105401581015,119,3.70295640276281,28.45996507791004,-0.00024342017338674628,7.755365362723207,179,,,,,0,,,,,0,3.9648192339608865,24.075379884226937,-0.0015385879013749834,1.192695430100894,16,1.79084434978629,97.31606084566693
4,39,3.9132313806424857,24.262093295149384,-0.0007814601176661459,2.460385805194278,30,3.8520519398868083,25.504470547726196,-0.00043380810133284044,4.617510313509385,60,3.766899751561756,27.0127314417799,-0.0002960700638882943,6.235486162274746,119,3.6997199030335466,28.069485139325376,-0.00024375425362773397,7.8923873180256265,178,,,,,0,,,,,0,3.966617717373618,23.5748488783742,-0.001668269120648772,1.1232442893734067,15,1.78347072284193,96.91537145663308
4,42,3.918442805922161,24.466435891039488,-0.0007812692388254969,2.452929355562251,30,3.858413173493538,25.67111699300391,-0.00044031765711431545,4.570748310189348,59,3.771711693968205,27.218040781202944,-0.00029949350213179303,6.275795659022183,118,3.703533249726917,28.297590589855968,-0.0002461668795246088,7.956592020085374,177,,,,,0,,,,,0,3.9720996388688836,23.7863055205746,-0.0016650236708126648,1.1107241103893095,15,1.78093861253107,96.77777434993364
4,44,3.918381611239025,25.167691015612927,-0.000766907115524686,2.4585761564686415,30,3.858493033663843,26.36872315392003,-0.00043546096567472056,4.562918507773993,59,3.772581294369137,27.873281843011576,-0.000299593734904588,6.188835995255893,117,3.703758250156055,28.95091005442342,-0.0002462485995507048,7.877260338377152,176,,,,,0,,,,,0,3.966561946602457,24.531913624187162,-0.001511696400289611,1.2197142790752658,16,1.7712090396727,96.24906078283864
4,46,3.919338019067104,25.379061554141057,-0.0007654053927367986,2.421762790657951,30,3.8592389874104494,26.566177036148925,-0.00043598618412820945,4.491451900888293,59,3.772718785166695,28.041321719899944,-0.0003010038257408601,6.065818564381619,117,3.7034008295873573,29.094905795292334,-0.0002474326436954734,7.73902467260913,176,,,,,0,,,,,0,3.9675612765191968,24.74885525934883,-0.0015042864574617452,1.1970796919491384,16,1.76863039967071,96.10893521170082
4,48,3.915651949627937,24.95591264036839,-0.0007704646672084446,2.4530938704632312,30,3.8550652717796265,26.152245081901917,-0.0004383097238017098,4.524043134298779,59,3.768042095495493,27.625073504127382,-0.0003018204450175897,6.114409271251482,117,3.699569194698492,28.674643488573565,-0.00024816797415049604,7.785224924736191,175,,,,,0,,,,,0,3.9644050655298257,24.320651303941595,-0.0015130647469567802,1.2108592850212503,16,1.75363048019171,95.29382636269746
4,51,3.9129519395783965,24.27283934493112,-0.0008021494043842789,2.4323610412931167,29,3.8510360341280325,25.506612992860706,-0.0004439208056227166,4.5673858899010185,58,3.763114821685478,27.024548419385162,-0.00030280414354443247,6.233861717201837,116,3.6942569165593055,28.105372054752458,-0.00024820381845921637,7.95434073998749,174,,,,,0,,,,,0,3.9645733438320856,23.62090235908311,-0.0016475843903901418,1.1496915741925342,15,1.74621974164151,94.89112029628322
4,54,3.913898980424507,23.92669789616715,-0.0008076159826642274,2.4334217282829904,29,3.851150043181207,25.168326835838872,-0.00044729252631634344,4.571388889826846,58,3.7634857032311793,26.671228076715785,-0.0003063326360303853,6.222242003989582,115,3.693706958434269,27.759829588351543,-0.0002502867276969553,7.955810432058271,173,,,,,0,,,,,0,3.9716590928888627,23.223043195746186,-0.0017966157752028608,1.0410762249133292,14,1.73766473370537,94.42623362260446
4,56,3.9121238357122095,23.74396967296268,-0.0008116675934073222,2.468922052091518,29,3.8490509264716155,24.992454071985506,-0.00044916846455016614,4.623561121279916,58,3.7608838357272485,26.505622638859073,-0.0003072380247218273,6.308413912866445,115,3.6919047629707347,27.595744652232487,-0.000251477493636213,8.022157284674996,172,,,,,0,,,,,0,3.9703402753276036,23.033614549943415,-0.001805141019203606,1.0553897108815846,14,1.73151667354758,94.09214261326034
4,58,3.90770757486323,23.878565851232313,-0.0008091123301301626,2.4625241061110543,29,3.844332359489622,25.13273150095751,-0.0004490770148909685,4.602942568419149,58,3.7558982303752666,26.634077996146523,-0.00030687806518587174,6.317809100423965,115,3.6869958207247855,27.732880888738467,-0.00025056231156374227,8.061405374642312,172,,,,,0,,,,,0,3.9659401956092357,23.164438720095,-0.0017989373148059873,1.0696115772114076,14,1.70859498944706,92.84655809058668
4,60,3.90875420370469,23.83287519029459,-0.0008094762169182606,2.494136630915982,29,3.8469431360045743,25.061225406435355,-0.0004546141229134537,4.594430185207134,57,3.757192598984691,26.590555296959433,-0.0003095769340810575,6.320682357177766,114,3.6873701168308264,27.699165407613275,-0.00025249478876184514,8.100152616506044,171,,,,,0,,,,,0,3.967260305978545,23.1134178900648,-0.001798984839840327,1.0753858026265526,14,1.71146995706821,93.00278636580364
4,63,3.9072127618118397,23.711793829630768,-0.0008093933502325777,2.5441486409329066,29,3.845211021080398,24.952299390027772,-0.0004537196132361743,4.661319193959269,57,3.7549376398640795,26.496790861521568,-0.00030970019303422813,6.421082455989758,114,3.685833949982586,27.601577902093545,-0.00025337060733477226,8.191950415500035,170,,,,,0,,,,,0,3.972143240121573,22.9328101666123,-0.001960619087400272,1.0092082249305427,13,1.70750213732726,92.78717154289568
4,66,3.9119247894092752,23.79266576618317,-0.0007969861113403018,2.4935852299262393,29,3.850437971692788,25.02762422508037,-0.0004479558456481529,4.630884642109418,57,3.762407826049301,26.557835900826085,-0.0003067853103879249,6.324214843714131,113,3.6924818690863996,27.669729438362335,-0.0002503256559003065,8.092965942561381,170,,,,,0,,,,,0,3.970055921832139,23.073325765811102,-0.0017727059332874955,1.0827454766767204,14,1.74923820643602,95.05514633441328
4,68,3.9149031525154587,24.588616151377433,-0.0007872073909610474,2.474506161516697,29,3.8532732713947464,25.812710109078203,-0.0004461651951137954,4.589879355329344,57,3.7643849351072936,27.326409674094375,-0.00030802559446551237,6.281241392600219,113,3.6948814085561135,28.420869102891935,-0.00025245443167266787,8.036018649782104,169,,,,,0,,,,,0,3.967205170819503,23.92106556017016,-0.0016077291795487663,1.1534017918445372,15,1.732769714743,94.16023397654948
4,70,3.918188007312338,25.07801387772181,-0.0008092487548263143,2.371351185867816,28,3.855389386914586,26.301364197520133,-0.0004505954658954085,4.512532385877101,56,3.765282154396494,27.81226463056081,-0.0003103263176965815,6.186095619912209,112,3.6949898032665223,28.904187103092568,-0.00025396776505189533,7.942062279038051,168,,,,,0,,,,,0,3.9675224494406724,24.459712010187598,-0.0015933779677487145,1.1614102123696597,15,1.72223133282924,93.58756901230694
4,72,3.9172814813914094,25.08566294478916,-0.0008115414131534795,2.3820320944385536,28,3.853941984825456,26.31090683860172,-0.0004520447724408566,4.525632907563942,56,3.762922814786105,27.80677912585654,-0.0003118833291605462,6.18476429606719,112,3.6932149512231796,28.87734591266295,-0.0002557374450819992,7.9203168947204325,167,,,,,0,,,,,0,3.966968920733324,24.465050730307315,-0.0015966128507477891,1.1739276298596515,15,1.71184629898473,93.02323711734508
4,75,3.913206049581075,24.77758114090315,-0.0008151711967146241,2.432379856153794,28,3.8496168640406387,26.02518566156568,-0.0004529569764213894,4.585428724407926,56,3.759638300161622,27.51695120065026,-0.0003136437388168739,6.257306144272722,111,3.6883362230031134,28.63213165061643,-0.00025566914772685314,8.078017375460313,167,,,,,0,,,,,0,3.9688109924459796,24.097140112565892,-0.0017419260596899363,1.0982438110544663,14,1.69926783512669,92.33971230163448
4,78,3.913761461491331,24.63365403474992,-0.0008202893223811159,2.4472149849051235,28,3.849415305064388,25.880665018984235,-0.00045633275509717234,4.596534666750227,56,3.7584249722436134,27.370948683114626,-0.0003160234759298045,6.272786288758287,111,3.687655985466382,28.47011813516874,-0.0002580317372616068,8.05633949110495,166,,,,,0,,,,,0,3.9699178583449415,23.94950674377339,-0.0017514636215404463,1.0867297389909822,14,1.69403664392431,92.05544475967478
4,80,3.9121730048207644,24.638496134516735,-0.0008234166495037481,2.4792914486010105,28,3.847403389854861,25.892954221875705,-0.0004582350832081737,4.619667445086311,56,3.7557931834324156,27.398408329307994,-0.00031719716373370256,6.3556113319740035,111,3.684642208887343,28.519370268101195,-0.00025854148395014134,8.18753801352408,166,,,,,0,,,,,0,3.968730778260203,23.949216236949116,-0.001755245382521196,1.1157465318880746,14,1.68190270787681,91.39607597710202
4,82,3.912494857712282,24.9189254552335,-0.0008199994359622138,2.4493244271330816,28,3.8494160001330506,26.140193776704294,-0.0004632123481212569,4.56340307693727,55,3.7565641888409864,27.672579556801267,-0.0003192505791272299,6.335800700853785,110,3.6846537247988707,28.80860321220413,-0.00025998142150683866,8.19512129538409,165,,,,,0,,,,,0,3.9691267148011393,24.231708102615897,-0.001744961648639856,1.0877374489821428,14,1.67697706184337,91.12841202900309
4,84,3.910634866318134,25.171107402795602,-0.0008178976264475849,2.4802691123277576,28,3.847361135989066,26.388446799715194,-0.0004631500094312682,4.5683962482233795,55,3.75397957921968,27.90263063119962,-0.0003194977700566358,6.329793117403764,110,3.6829265428103963,29.018389825277918,-0.0002608466673824831,8.176087095474816,164,,,,,0,,,,,0,3.9673028652639535,24.47854731973953,-0.0017380350103375333,1.1278356877380666,14,1.66552293064789,90.50598444143154
4,87,3.906733865952366,24.878608580786533,-0.0008213323614952518,2.5156077585646024,28,3.8432129977412517,26.11535360113231,-0.0004639740923165599,4.619904191556962,55,3.7509920655140854,27.613962065046604,-0.00032150793302974516,6.350385634862125,109,3.6783105209347418,28.76430842295608,-0.0002610110592044821,8.256861078052914,164,,,,,0,,,,,0,3.969916707066422,24.125501698332304,-0.0019142568550832646,1.029434351019198,13,1.65719245758321,90.05329919062662
4,90,3.9087133892985606,24.667066234771177,-0.0008264927026151542,2.5135691153535333,28,3.8443573694036033,25.908385312729827,-0.00046720301563840726,4.612283436717007,55,3.750823549077218,27.411043700108863,-0.0003239836311471593,6.3670901723327376,109,3.6783984190737815,28.544363587571524,-0.0002637074713238773,8.252334963424495,163,,,,,0,,,,,0,3.972680454551195,23.91590400653785,-0.0019193963083985054,1.013073584154352,13,1.6482241555294,89.56595375021743
4,92,3.90739540865636,24.491411563650033,-0.0008435587577695108,2.511401590584356,27,3.842199135185568,25.7387263613236,-0.00047407641588276614,4.631145124219895,53,3.7480376228750587,27.251966481305235,-0.0003269604439945334,6.3937318328531525,105,3.6753620829991087,28.39410492415785,-0.0002654388455578575,8.302222786782085,157,,,,,0,,,,,0,3.97645940617752,23.70759513477979,-0.002075622394393329,0.9470055553755827,12,1.63877014979873,89.05221474379236
4,94,3.9062496652652388,24.40634651717293,-0.0008655649498589792,2.465235294098626,27,3.8397944799110975,25.67425413685449,-0.00047726039133400786,4.626586230511773,54,3.7446123234487128,27.219689207672438,-0.00032733203869644286,6.463842326283231,108,3.671407527012295,28.390576901097344,-0.00026518725284894383,8.43026560504262,162,,,,,0,,,,,0,3.975009247013786,23.634514351484782,-0.0021338025172418073,0.9291190102104849,12,1.62764869072621,88.4478648526792
4,96,3.907320101641531,24.653725373762807,-0.0008639535140217003,2.479500661662801,27,3.8405613800716756,25.927746553161622,-0.00047767095159182137,4.64769822032768,54,3.744668848135249,27.485509575095534,-0.000328476749386489,6.519441179847785,108,3.6721689633012553,28.65349994907673,-0.0002669262270342533,8.48436723440042,161,,,,,0,,,,,0,3.976215976774258,23.882224875381013,-0.0021284267509708524,0.942068543442101,12,1.62215370227252,88.14926233550939
4,99,3.9037690855887175,24.820128501004817,-0.0008605821786938615,2.49985043042269,27,3.8370572724987486,26.09934137706345,-0.0004759286356416248,4.644887433125156,54,3.7425546810133463,27.61671823688593,-0.00032933785732019934,6.454075115583819,107,3.6684668645314344,28.803971205543846,-0.00026638494194776695,8.462913161603606,161,,,,,0,,,,,0,3.972604037125915,24.04163702724311,-0.0021183719647249128,0.9552644936740826,12,1.61400665104676,87.70654438914323
4,102,3.9111604198712118,24.17203801851822,-0.0008400658520490765,2.478299952015579,27,3.84575217363173,25.44930022897457,-0.00046460791621869365,4.6875546919687565,54,3.7531328778012383,26.97882557927615,-0.0003215307046540733,6.416585803412158,107,3.6812965083465174,28.121152642361174,-0.00026201376972322723,8.32982501862774,160,,,,,0,,,,,0,3.97184335119578,23.452368289172334,-0.0018850679984246512,1.0445981554895774,13,1.67605161544246,91.07812245566797
4,104,3.907911421723433,24.54487469636433,-0.000842183581679677,2.478656700813989,27,3.8418609844567078,25.813587106535095,-0.0004679486369391718,4.619109080180916,54,3.748277811603801,27.305155820265117,-0.00032380613600763196,6.353673485060739,107,3.6760065430020568,28.434304200100286,-0.0002632127902341785,8.243584287869044,160,,,,,0,,,,,0,3.9689669700485064,23.827725745163427,-0.0018845552552538313,1.0515812659019872,13,1.6493006425522,89.62445100410937
4,106,3.9073749348963287,24.319652802336183,-0.0008524454088205038,2.4877476241451255,27,3.842400979323262,25.55744875612265,-0.0004788398738667551,4.6012239926904535,53,3.746731826330357,27.080986680191266,-0.00032886283343688675,6.380999906980758,106,3.6732002238800883,28.23031202904602,-0.0002664314374222482,8.302435679297982,159,,,,,0,,,,,0,3.976310242629293,23.541338255390176,-0.0020972699239645456,0.9383987127075955,12,1.63238299185809,88.70513095013024
4,108,3.9035775006489892,24.054951366011263,-0.000861165893349009,2.5187533661120014,27,3.8379986037999494,25.310863245476863,-0.00048279550770194207,4.6407205345242275,53,3.7416301458521395,26.85111590912676,-0.0003308348836302299,6.459562970336883,106,3.6677691208863554,28.025541375364416,-0.0002674536177418138,8.435295261064763,159,,,,,0,,,,,0,3.9733994796627337,23.27105589575137,-0.002118123345409131,0.9493875193055388,12,1.61641597190258,87.83746900859978
4,111,3.9003455340217608,23.78529288166615,-0.0008658043938465062,2.59375195407236,27,3.834302203756938,25.059490877814827,-0.00048421128467628126,4.734727836350036,53,3.7387911406139596,26.596148577760335,-0.0003334951143408457,6.563346928599994,105,3.6641010279574355,27.79667753892533,-0.00026909512670768987,8.588892041901623,158,,,,,0,,,,,0,3.9786972869544686,22.927895915835027,-0.002365875064252386,0.8983810732463269,11,1.61090283782494,87.53788044222665
4,114,3.8996260948758965,23.75157864902741,-0.0008685492841000711,2.57478363811164,27,3.8329809895538434,25.030122735096427,-0.00048691056609172814,4.705827328471674,53,3.7366774123482434,26.57272287172626,-0.00033529018997029803,6.575262989361573,105,3.6615330783366327,27.785383973706885,-0.00027021835739158293,8.62954960296133,158,,,,,0,,,,,0,3.978306599071756,22.898501847597263,-0.0023743921352223384,0.860239466990997,11,1.59546386936957,86.69891328476463
4,117,3.911489295351557,24.38289110706723,-0.0008046540666837833,2.6658050466841097,28,3.8506166527714187,25.707851945856795,-0.0004511584925213856,4.96800920837633,55,3.7582457107698377,27.107087677586595,-0.00031504577792623007,5.982300411798128,110,3.6880458774088765,28.09263085243883,-0.0002545431209490838,7.834551417102372,165,,,,,0,,,,,0,3.9668422956433185,23.642317385579258,-0.0017440832606698772,1.1926647821853287,14,1.72670744008576,93.83080462693712
4,119,3.917060917700905,24.633201306157158,-0.0007966380743074426,2.5954137391543846,28,3.855014373785125,25.92435182923222,-0.00045554461514260797,4.862319938082674,55,3.760192322472971,27.295553600938874,-0.0003209834012575191,5.870378137326195,110,3.6895316318261724,28.264085803552256,-0.00026009636351776783,7.713866567029264,164,,,,,0,,,,,0,3.9668468497053624,23.960289798134376,-0.00156964094716344,1.2902023030843779,15,1.71656739174298,93.27978546012802
4,121,3.9153566430356337,24.502617782324528,-0.0008052077805638943,2.606689162291083,28,3.8523545646911823,25.812596703810005,-0.0004620381739314135,4.879682428550545,55,3.757890335816641,27.169264128236424,-0.00032614001460895276,5.932359082144352,109,3.685153249369166,28.183293063762815,-0.0002623126471143617,7.822717053469983,164,,,,,0,,,,,0,3.9712865475770243,23.773672757840504,-0.001714913179362915,1.1690841060872081,14,1.69582355709348,92.1525471966999
4,123,3.912707483811413,24.45985063799136,-0.0008098114904682797,2.638944625787847,28,3.8488008083399987,25.760928461202326,-0.0004665867808605962,4.865932195482451,55,3.7533935063657586,27.10582623391826,-0.000328411855561583,5.983490405344391,109,3.6813109521727903,28.126254458134706,-0.0002643490899324607,7.9268173721641375,163,,,,,0,,,,,0,3.9692944513225075,23.725976761570667,-0.0017228412382638372,1.2231560582024805,14,1.67777831907926,91.17195305362098
4,125,3.9092472475302595,24.359922408734246,-0.0008121239473091637,2.629566158093912,28,3.8446538215600277,25.679688985430204,-0.00046947692387821013,4.866982199598915,55,3.748562309597742,27.036966667698348,-0.00032950412501623477,6.042375801069522,109,3.6773709602853293,28.048352295419686,-0.00026556735758136277,7.909002025909164,162,,,,,0,,,,,0,3.972348431857916,23.572528013195857,-0.0018895540911824547,1.0718381775058035,13,1.66065868977742,90.2416573040256
4,128,3.9163948795522043,24.949953736580877,-0.0008334207547835637,2.5026046068952503,27,3.851246661303939,26.27384481043621,-0.00047027471120866983,4.841809010613467,54,3.754287117108088,27.672643704355114,-0.0003304391991087463,6.060234942170144,108,3.681192311702189,28.72873400141614,-0.00026565692126808587,7.995182793602897,162,,,,,0,,,,,0,3.969920270598283,24.27441241834421,-0.0017073738858703153,1.1833760366921489,14,1.66641092748275,90.55423897233052
4,130,3.9143470341871542,24.935829219631152,-0.0008383765642556405,2.57253327136371,27,3.848337163128372,26.27391829657194,-0.0004742616228390598,4.861833183586199,54,3.7504436523989715,27.66703752520763,-0.00033256142449679865,6.086983333274439,108,3.6780817602700377,28.70246573668647,-0.000267842139317842,7.98461703544417,161,,,,,0,,,,,0,3.9684453316712665,24.245430585226774,-0.0017158233659637612,1.1820392460445817,14,1.64683361744078,89.49039068452917
4,132,3.9092598434812698,24.761833967856983,-0.0008454122585895193,2.5725268162676116,27,3.8422784988781533,26.098305839507947,-0.0004807554670748922,4.830171702642499,54,3.7439867679496026,27.472417911614567,-0.00033396657786476986,6.112138421469048,108,3.6716378423341873,28.525431856517237,-0.0002678449646926719,8.056835443027293,161,,,,,0,,,,,0,3.970134217823753,24.0150314889663,-0.0018859513471865764,1.0896699609085445,13,1.625763992878,88.3454487099843
4,134,3.907909488072682,24.515291649584075,-0.0008517620607855947,2.582310329581489,27,3.8400271572659106,25.86451403085471,-0.0004846524959519352,4.828099560309674,54,3.7422456595797557,27.240137628528807,-0.00033793164547083946,6.180642008257429,107,3.6689495195797264,28.328201920257346,-0.0002702983680383037,8.184554833314575,160,,,,,0,,,,,0,3.9694345272361824,23.76758084743022,-0.0019021097930477988,1.0961553680368645,13,1.61215774118746,87.60607299731777
4,136,3.90692465426068,24.376870499352826,-0.0008584246370357463,2.617519327956586,27,3.838717295703139,25.737475105984775,-0.00048608552863334346,4.9065290041526985,54,3.7400197434875,27.141192123376445,-0.0003396847146663975,6.291295116086371,107,3.666095783268313,28.250738235339053,-0.00027161839513512964,8.34211452304584,160,,,,,0,,,,,0,3.9760165779510577,23.56647578810822,-0.0021063473229433563,1.0094890186952874,12,1.60573668237553,87.25714700042141
4,141,3.9116018393216505,24.304905960171162,-0.0008506593994532467,2.5959419606803564,26,3.8458547339511973,25.662694931190895,-0.000469565037672679,4.97055475537816,52,3.7487315806882515,27.0930625989147,-0.00033252877297954784,6.206782891672429,103,3.6754868233078613,28.174497136026908,-0.00026779889756001907,8.242427232551258,154,,,,,0,,,,,0,3.9769180003674323,23.518744818435525,-0.0020343065700193447,1.0385155081914945,12,1.67364531487989,90.9473619616094
4,143,3.9129515603921003,24.786472755346313,-0.0008358650057203076,2.594216960381015,27,3.8479783016693325,26.10540300450901,-0.0004796026161435509,4.883395087441002,53,3.7488477400557776,27.508822917440636,-0.000336876848585984,6.1124840437867505,106,3.6746165694538266,28.579376771691788,-0.00026979553079257274,8.144789599164522,159,,,,,0,,,,,0,3.9739834735552537,24.030216322480005,-0.0018672176255896094,1.0970889807056565,13,1.64043485723499,89.1426764135498
4,145,3.909154316430564,24.76099314805951,-0.0008423087166599762,2.631284534926639,27,3.8430581120843477,26.088515816327792,-0.0004855164184511944,4.868820822622045,53,3.7428707872239273,27.486280660494874,-0.0003393764960295808,6.171494947049641,106,3.6693898935806275,28.563147158505515,-0.0002719174096007101,8.210679582652048,158,,,,,0,,,,,0,3.970960602085869,23.994727089044833,-0.0018801808708528885,1.1056211280372104,13,1.61326533174221,87.66626044455795
4,147,3.903458434745095,24.630353327244713,-0.0008470791756111355,2.665097379237352,27,3.836486131439078,25.972051295483674,-0.0004904508062821651,4.869714762576713,53,3.737484595737966,27.35472195302432,-0.0003422625222861053,6.244369631165739,105,3.6635114575424037,28.464149130630684,-0.0002730792057224243,8.315403687666905,157,,,,,0,,,,,0,3.972757153986313,23.799898504678342,-0.002081477269534114,1.0048576270341698,12,1.59209643246863,86.51592379470374
4,150,3.900921489848926,24.446272798479633,-0.0008518679109865832,2.738855405005097,27,3.833286139809151,25.798513464451414,-0.0004933565436599324,4.934473190347912,53,3.7333509633066253,27.20889293677766,-0.0003440747885463549,6.387661560595394,105,3.658771329007851,28.348334187176537,-0.00027414989662856985,8.496818872038308,157,,,,,0,,,,,0,3.971171337202041,23.602625072584107,-0.0021024768353273176,1.0539480349521497,12,1.58660118206988,86.21730704320841
4,153,3.9025693566248503,24.389472306019073,-0.0008567032144117061,2.7262296611306915,27,3.8366226400451096,25.704866154252418,-0.0005010585637894411,4.928604689065285,52,3.734731628841083,27.148801305079438,-0.00034811810709118316,6.36112781681155,104,3.6589712471180107,28.30109752121163,-0.0002768662585063409,8.532096475128363,156,,,,,0,,,,,0,3.98098264883388,23.483538074759256,-0.0023363090133832597,0.9140716190159317,11,1.58007664903363,85.8627581657356
4,155,3.901397171481683,24.547902049870807,-0.0008610864618263288,2.7034080859276983,27,3.8348687250485316,25.859524559570104,-0.0005047433144754254,4.890068272757823,52,3.732347813503282,27.305949647951838,-0.0003500825415482487,6.388214123091728,104,3.656199918993242,28.4708563679882,-0.0002780120428498497,8.588829644580088,156,,,,,0,,,,,0,3.9803839448056735,23.64741728409479,-0.002346355384816826,0.9145212309861961,11,1.56417329532892,84.99855590440428
4,157,3.9021238738502477,24.505764254875167,-0.0008983091583155889,2.638635348143527,26,3.831650345648462,25.88794121143964,-0.0005073235958696963,4.89198073038698,52,3.728567335192423,27.32651212027469,-0.0003511246679516258,6.434224391636995,104,3.6534040877987977,28.481396045709804,-0.00027957640901338135,8.618958886939115,155,,,,,0,,,,,0,3.978302170256319,23.647510692906902,-0.0023532418323528774,0.9159184005543253,11,1.55561827219392,84.53366840480606
4,159,3.899704298758679,24.47263741743889,-0.0009015830174183139,2.683928148344247,26,3.8285832809406912,25.85427127188585,-0.0005103672631738664,4.921733807940299,52,3.7249195841784886,27.303428953777104,-0.00035219467830016333,6.530575325527138,104,3.649424359285473,28.485000701591467,-0.00027997437975803047,8.7397574895943,155,,,,,0,,,,,0,3.9764306222009678,23.607747313854876,-0.002362836531171487,0.9463213466059059,11,1.54020452786374,83.69607194854545
4,162,3.8954364074414674,24.28976777846487,-0.0009052111623000565,2.7469032117475543,26,3.8240136155434286,25.697369223114467,-0.0005115655178564408,4.9574138776808,52,3.7217023993181777,27.14392501827652,-0.00035434645048347736,6.584576732802418,103,3.645592450345617,28.350638694980297,-0.0002812131317947013,8.880732972505175,154,,,,,0,,,,,0,3.981535064173304,23.35717299806316,-0.0026742045605584797,0.8116244938177566,10,1.53216130159599,83.25899594193369
4,165,3.897820074277275,24.281117375858,-0.0009068647231610821,2.6839962890074816,26,3.8257689968140727,25.671556568544283,-0.0005135068892738996,4.922395257600844,52,3.722332325234444,27.120776269557844,-0.0003567428843163713,6.562379741660319,103,3.645420350947322,28.31820407578248,-0.000283032418673614,8.798743035637308,154,,,,,0,,,,,0,3.9844505459202137,23.355589972782383,-0.0026671407686262322,0.8198372875847468,10,1.53162324036934,83.22975722050174
4,167,3.89528329413459,24.17111550377643,-0.000913794776038006,2.7283332311734156,26,3.82259648225457,25.576037596276215,-0.0005175920933726055,4.960273622766859,52,3.7185507441385424,27.028742068340343,-0.000358303418117998,6.627883631480188,103,3.6426000054890104,28.227699059780285,-0.0002849127656040957,8.89090788896329,153,,,,,0,,,,,0,3.9827465040196457,23.238790024304652,-0.0026814321432976416,0.8391850674047596,10,1.5222595950772,82.72092847997168
4,169,3.8906173069707863,24.117891558711783,-0.0009179433572803795,2.7609261908149563,26,3.817233202147376,25.536343152757528,-0.0005206555754531052,4.978625642425531,52,3.714739755633004,26.988583266442085,-0.00036040238470531704,6.665493175084304,102,3.6370489423326164,28.235994205395592,-0.00028457914151542793,9.05180235924033,153,,,,,0,,,,,0,3.978694650914099,23.165837815954404,-0.0026971703766354932,0.8364322338291608,10,1.50652671268513,81.86598978006339
4,171,3.890814749906799,24.15372501381461,-0.0009191955517175962,2.7619099170496746,26,3.819130536909304,25.528753574753893,-0.000528481633987519,4.932325434650689,51,3.7130580292369713,27.02542586921924,-0.00036185112588333544,6.723826863551771,102,3.636040755576814,28.258913451844084,-0.00028659942245355436,9.064646820589953,152,,,,,0,,,,,0,,,,,0,1.50142195565329,81.58859278240016
4,174,3.8870218493661923,24.05434799151955,-0.0009213643929336944,2.8077377646811144,26,3.8153129851031005,25.434041855714266,-0.0005288034214391169,4.965660543643079,51,3.7090745681361765,26.94765228899841,-0.0003620618501281105,6.799918751607915,102,3.631925806890327,28.212509102578345,-0.00028680390714604657,9.20459309721214,152,,,,,0,,,,,0,,,,,0,1.49635341174865,81.31316363799587
4,177,3.8954147934710357,24.28466137772466,-0.0008952522348118539,2.732936404388969,26,3.8251612669469197,25.65208841892255,-0.0005160675901005594,4.945562666820436,51,3.7219441825203226,27.1163252453643,-0.00035807014193635735,6.581847556269516,101,3.6450866587914756,28.328341783397985,-0.0002843558994463633,8.873965350169488,151,,,,,0,,,,,0,3.982174802338931,23.343259936911053,-0.0026356314232668324,0.8349771314772987,10,1.53342620003124,83.32773163808899
4,179,3.8957018474350233,24.662070289512755,-0.0009003956254410118,2.741488091441333,26,3.8247587106882706,26.020876073104688,-0.0005199858356478121,4.939370034448537,51,3.7204591618612866,27.470358659425695,-0.00036105866986039126,6.5868999098754735,101,3.642900246445917,28.699451703130773,-0.0002863013685267168,8.946890850887254,151,,,,,0,,,,,0,3.9831861729661613,23.714907155880503,-0.002643491459847715,0.8484255699809502,10,1.52384526751443,82.80709531820148
4,181,3.8891196107730908,24.741462816505912,-0.0009070091228914894,2.8039510827668757,26,3.817220624742502,26.1145586300026,-0.0005252142047108656,4.902884724434347,51,3.712677396945778,27.56288969971739,-0.0003615874858374301,6.655952881941904,101,3.635164652772502,28.79960036476694,-0.00028587483238136244,8.965825716632075,151,,,,,0,,,,,0,3.977523858968399,23.777843350519525,-0.0026626996810247506,0.8556917561140551,10,1.50119209942612,81.57610219236552
4,183,3.889159388928012,24.584677525426223,-0.00091272015552655,2.7764685753088685,26,3.8165282769004287,25.967365022057454,-0.0005284216970458493,4.940826859051231,51,3.710839612022257,27.439080064582484,-0.00036406333512735276,6.721715706115319,101,3.6339229547821197,28.6708805875831,-0.0002889409185698998,9.05533873266204,150,,,,,0,,,,,0,,,,,0,1.49241767145029,81.09929204028072
4,185,3.8866432192853697,24.39121439094758,-0.0009181402461804518,2.7847901418091894,26,3.8135180975570466,25.765426420329607,-0.0005310077454463038,4.894813291139155,51,3.709018366744491,27.21610223128559,-0.0003674681712158839,6.720249324823371,100,3.629853243946662,28.499752675227064,-0.00028983378167675325,9.122139461795307,150,,,,,0,,,,,0,,,,,0,1.48332385194012,80.60512587063184
4,188,3.8867572133173436,24.34406014693832,-0.0009182156877021213,2.8099787480185263,26,3.8159076488313457,25.686422653471297,-0.0005378621047849483,4.911629484287978,50,3.708143766305428,27.208233060859293,-0.00036854770929355384,6.799240694724585,100,3.6298604295471666,28.473833321930826,-0.0002919045889315162,9.168914713528618,149,,,,,0,,,,,0,,,,,0,1.48073767922942,80.4645909654616
4,190,3.887873509739365,24.377211029776063,-0.0009602244352230612,2.7250532302044697,25,3.8125460183137174,25.791827358973915,-0.0005405387208019391,4.93305337695573,50,3.704143447827862,27.32667423824735,-0.00036900724957628295,6.886228911805823,100,3.6256216267622103,28.61183516955675,-0.0002919120319612295,9.298174925032878,149,,,,,0,,,,,0,,,,,0,1.47350778099025,80.07171192098461
4,192,3.889268268848399,24.673580237427824,-0.0009585161501760909,2.710504770443478,25,3.813840020764313,26.070132423022134,-0.0005410867811055916,4.884874317513475,50,3.7047979238209514,27.58681493927033,-0.0003709837237528105,6.80151028418987,100,3.625698483520121,28.863069070142345,-0.0002935972584889624,9.239634714335594,149,,,,,0,,,,,0,,,,,0,1.46801928526661,79.77346222448996
4,194,3.8858297134117925,24.49398554169267,-0.0009666576188946679,2.7714044154213795,25,3.809598437081823,25.90905011995998,-0.0005457784431599052,4.939497472144858,50,3.7019633652966784,27.409084476870845,-0.00037412176406291774,6.863579973865438,99,3.6221652375864397,28.71020714105199,-0.0002952866406041368,9.331713996420902,148,,,,,0,,,,,0,,,,,0,1.4580923557119,79.23402412051846
4,197,3.8793104968481162,24.23601190050046,-0.000969516249232211,2.819551320384061,25,3.802610450735088,25.664663446996137,-0.0005464395178187225,4.958093032360171,50,3.6948006409553553,27.196284016542386,-0.0003737182522163109,6.991172606765538,99,3.614948205386854,28.53195822929051,-0.0002948675791975804,9.540363571596693,148,,,,,0,,,,,0,,,,,0,1.44786609888914,78.6783203089025
4,200,3.8856307096827476,24.00077912540611,-0.000979156106854384,2.80257769283331,25,3.8082885836098086,25.444793162298833,-0.0005499572001042378,5.031893330291837,50,3.6989735630897878,26.991156298455355,-0.00037745056803120246,7.001239199548522,99,3.6194071501754492,28.29721767013805,-0.0002992652423733111,9.49825275047489,147,,,,,0,,,,,0,,,,,0,1.4527808777542,78.94539372549075
4,202,3.8800477421095594,24.119176480679744,-0.0009779984103805252,2.8154990789025476,25,3.802202387101093,25.554210469445174,-0.0005517918265271366,5.003947736713119,50,3.694763960566465,27.082688688080086,-0.0003788843795790672,7.031510551797371,98,3.6134233391430244,28.44484221665587,-0.0002982664646706748,9.619364136633049,147,,,,,0,,,,,0,,,,,0,1.44253563644924,78.38865828037459
4,204,3.881039416819823,24.43723504728717,-0.0009717253225965614,2.7985957984178285,25,3.8057568126467234,25.82319832213554,-0.0005574046050782618,4.924089388704591,49,3.6950285728744294,27.387267906016856,-0.00037960924875463597,6.987752175573501,98,3.6133237391558253,28.7509719388118,-0.000298992743915816,9.60639137003719,147,,,,,0,,,,,0,,,,,0,1.43927128772033,78.21127069246836
4,206,3.8807997502249414,24.669058722677565,-0.0009724454816863487,2.826611572251725,25,3.8051602335370376,26.049196682548175,-0.0005591118612553463,4.9001997767550876,49,3.6939136985140353,27.60070989880545,-0.0003806220823315297,6.9777093826200876,98,3.6133297810244636,28.930132824749315,-0.00030084257871445136,9.526491629560034,146,,,,,0,,,,,0,,,,,0,1.42864756818882,77.6339684068403
4,209,3.8755837551301484,24.43625162236203,-0.0009770622583512533,2.874927758750548,25,3.7996118627109188,25.841938080021055,-0.0005603968895100729,4.968656020782497,49,3.6881782225179216,27.42530143815491,-0.0003806431812365474,7.139172933566286,98,3.6074139002121743,28.790184317061787,-0.0003008530149848963,9.736935375924347,146,,,,,0,,,,,0,,,,,0,1.42490267500049,77.43046760934243
4,212,3.8865000072365556,24.39099090439447,-0.0009455107021700622,2.7711265350192313,25,3.8124946145716514,25.77383456319728,-0.0005445863760944676,4.936298301213029,49,3.7028809202512303,27.3202642099693,-0.00037289164872365637,6.913882566738149,98,3.6234418940025583,28.626043071707898,-0.00029514554635558823,9.408913154973618,146,,,,,0,,,,,0,,,,,0,1.46981153245241,79.8708545166814
4,214,3.8836107171774517,24.56218065229426,-0.0009551562641458639,2.818261098676821,25,3.8085597744147286,25.951919763402085,-0.0005503833940780713,4.9364223325191325,49,3.6999315302685765,27.4592882611678,-0.0003774776900550595,6.871581122140878,97,3.6194523592218806,28.769927989065778,-0.00029798609811400366,9.3597799978727,145,,,,,0,,,,,0,,,,,0,1.45258196510502,78.93458463676515
4,216,3.879681606087361,24.335860600242494,-0.0009648367628345993,2.846066548446583,25,3.803664191761433,25.727750472378357,-0.0005561938151429607,4.921101582027742,49,3.6941155938059294,27.243910296235143,-0.0003798111888541383,6.928123435200938,97,3.612986704717387,28.574885834490274,-0.0002996432192010746,9.489613671510778,145,,,,,0,,,,,0,,,,,0,1.44283419890879,78.40488242765085
4,218,3.875814071094847,24.127620222602992,-0.0009723627960588143,2.9019504010794037,25,3.7988788662352313,25.539627550894878,-0.0005601362471636028,4.980290487599266,49,3.688485168916974,27.09356407424744,-0.00038124854728688914,7.10202974195839,97,3.6082637989777644,28.432351673885602,-0.00030181035810233436,9.664721317766528,144,,,,,0,,,,,0,,,,,0,1.42837605880795,77.61921434771055
4,220,3.869083066672063,23.846213308246753,-0.000979552068583021,2.952986434341227,25,3.7916690557097295,25.25750736171714,-0.0005631393826498149,4.989425704864615,49,3.681151905720937,26.826859762580607,-0.0003815542285382409,7.202383862379833,97,3.6007911827203554,28.19817649083693,-0.00030213264110995905,9.855167780565964,144,,,,,0,,,,,0,,,,,0,1.41545478443707,76.9170609064971
4,223,3.8844349092166404,24.47317372561249,-0.0009591832047057968,2.8640718401163774,25,3.80822585174527,25.879744839981367,-0.0005529675318092687,5.0266429160049455,49,3.699515364149947,27.40621356340385,-0.0003823189082126255,7.004310662592349,96,3.6171597623559353,28.75931058413173,-0.00030120423019599975,9.588762025697115,144,,,,,0,,,,,0,,,,,0,1.45457667007771,79.04297866359087
4,225,3.877633502031654,24.625742936326397,-0.000960226674784646,2.870899962500417,25,3.8035404909509203,25.973336427402284,-0.0005635091456511057,4.891229779202323,48,3.691966030377865,27.540350775337696,-0.0003823677707585243,7.037110037136095,96,3.611229836475077,28.89212802276727,-0.00030216526964064127,9.61559815379196,143,,,,,0,,,,,0,,,,,0,1.42831795482741,77.61605692618127
4,227,3.8803536730486683,24.698381335166044,-0.0010059232606209423,2.756197283294984,24,3.8015742932912624,26.120273199102414,-0.0005661971232742148,4.918143930658413,48,3.689144111184104,27.691376485886636,-0.0003838274268500702,7.046582398158076,96,3.6077775128570018,29.047607660724907,-0.0003032076465862103,9.643822455187586,143,,,,,0,,,,,0,,,,,0,1.41970268832041,77.14789574863566
4,229,3.880208113347525,24.79157192019203,-0.0010049115814118367,2.7664301911495883,24,3.801104612192887,26.209571275673284,-0.0005671953957146056,4.894580513142088,48,3.6878762417201454,27.765849841705755,-0.00038549788833109515,6.996627414484735,96,3.605870361753577,29.111793409196302,-0.0003047629280164179,9.620105665403607,143,,,,,0,,,,,0,,,,,0,1.41556066303065,76.92281444261894
4,232,3.873674758673314,24.48095875478694,-0.0010130914684381227,2.8521922659578287,24,3.793972227429536,25.92661279494686,-0.0005699374935865277,4.979140371125553,48,3.6825551041267106,27.500331666826742,-0.000387861511891616,7.182919756496194,95,3.6000233447566448,28.902779903052842,-0.00030581887494595934,9.880951040600042,142,,,,,0,,,,,0,,,,,0,1.40568003541923,76.3858924270674
4,235,3.8773124889049537,24.559777336468258,-0.001008219496498882,2.783116033514844,24,3.7975395138345562,25.988381232582167,-0.0005694047782073507,4.915255866167001,48,3.685338168543371,27.548781488266165,-0.00038926934953082386,7.078637376038845,95,3.60217142067175,28.934400449695453,-0.00030724969646231615,9.777932414303269,142,,,,,0,,,,,0,,,,,0,1.40844610711661,76.53620320177981
4,237,3.8745152655204937,24.558415052534155,-0.0010189681193140325,2.8509080314909454,24,3.793722424240398,25.998692301367665,-0.0005748656326879268,4.9565385502868295,48,3.680920554805334,27.57447710610364,-0.00039068315201003635,7.1941570922001965,95,3.5974048909969274,28.98261293468637,-0.00030811830998886825,9.930724825748328,142,,,,,0,,,,,0,,,,,0,1.39685477828724,75.9063201738239
4,239,3.8727247550419786,24.57150315789332,-0.0010214620590413683,2.858856608945299,24,3.7913842224152106,26.013719741206597,-0.0005767581768488191,4.9592954777992055,48,3.6780665866152873,27.60198368945724,-0.0003914387376440123,7.262343661480898,95,3.5958226491662306,28.99920910593632,-0.0003099083600793842,9.956261782564034,141,,,,,0,,,,,0,,,,,0,1.39356703714407,75.72766142150313
4,241,3.8724815403041597,24.71430112020899,-0.0010181165632441862,2.8450663227085684,24,3.7934273316414884,26.102803789300715,-0.0005839027873395565,4.884490836964854,47,3.678198438673369,27.705325367340855,-0.00039383764476814997,7.202846556513638,94,3.5948994328486052,29.115141883829835,-0.00031129934422196654,9.924549744588905,140,,,,,0,,,,,0,,,,,0,1.38936442928095,75.49928800503805
4,244,3.8680626568233936,24.61173905181406,-0.00101601435890971,2.944428399779884,24,3.7886518912497387,26.029707437309725,-0.0005827573289522095,5.006537015469835,47,3.674915251693835,27.638125693171567,-0.00039538388655076376,7.3246096426033915,93,3.5906884432486814,29.085770888579574,-0.0003119318302312235,10.16072496106349,139,,,,,0,,,,,0,,,,,0,1.37856514156667,74.9124451895705
4,247,3.870946915923028,24.576124570699516,-0.0010185111930244052,2.8618609453667467,24,3.7916764224089765,25.97749965433356,-0.0005850814685456499,4.927694540529004,47,3.675876656248694,27.597183404052338,-0.0003953807258185008,7.243992375241078,94,3.5920000654680013,29.019473212418045,-0.00031271872466575776,10.023795726086746,140,,,,,0,,,,,0,,,,,0,1.38490111008575,75.25674730493446
4,249,3.866414033088543,24.528236029031703,-0.0010270886869491608,2.928873718692323,24,3.7865149388566857,25.93772466550794,-0.0005895876700805312,4.970283957178875,47,3.67062991523316,27.582816453620193,-0.0003960854191864324,7.385491052443307,94,3.586711417639508,29.035288489653016,-0.00031317262039210945,10.220329302399666,140,,,,,0,,,,,0,,,,,0,1.37032518142424,74.46467849076038
4,251,3.868343698229216,24.680802024110818,-0.0010279974395498855,2.9025679418562085,24,3.7880667846157405,26.08516825541641,-0.0005907566179494866,4.955795966738002,47,3.6713062137056554,27.72926365872358,-0.000397744670975317,7.364432416059824,94,3.5867851220745903,29.183195572403644,-0.00031453309139629134,10.205583743363416,140,,,,,0,,,,,0,,,,,0,1.37334643852291,74.62885626516028
4,253,3.8674619741490077,24.768243578094417,-0.0010261844567616217,2.889897611384608,24,3.786921729804703,26.169704052372655,-0.0005909667148480305,4.91929707294333,47,3.6718669151392973,27.777965965349907,-0.0004006774864610848,7.293361015449662,93,3.586605664148535,29.236807120310726,-0.00031644832287262777,10.148213924634593,139,,,,,0,,,,,0,,,,,0,1.36794872855048,74.33553994642665
4,256,3.8625447429457416,24.659990083584574,-0.0010280963997698507,2.960937744853261,24,3.781789014600874,26.08287286348269,-0.0005914628697029992,5.0008702130166505,47,3.6666008382082196,27.73186322402277,-0.00040023195329713966,7.47739155446062,93,3.5812543855342187,29.226568557730847,-0.0003160762690623696,10.387284801149104,139,,,,,0,,,,,0,,,,,0,1.35671410870896,73.72504079935909
4,259,3.8853543331930354,23.7409569701932,-0.0009608842000974891,2.785667130444846,24,3.8098053698993257,25.129059076716697,-0.0005536295141297185,4.956185528566561,47,3.7004618521136377,26.65682610344523,-0.0003791590283397379,6.922450905623609,93,3.619676870217992,27.973094378907327,-0.00029898937247024014,9.424808187901785,139,,,,,0,,,,,0,,,,,0,1.46043102091946,79.36110924975578
4,261,3.886135561117168,24.34300864425872,-0.0009593231475897847,2.7683880477790197,24,3.809980952996608,25.72673446203883,-0.0005557358333225952,4.914520031493218,47,3.6998687901368257,27.251620803543045,-0.00038077220176818043,6.894822063818083,93,3.6186182970388954,28.582490298098975,-0.00029978257466771685,9.464446410874206,139,,,,,0,,,,,0,,,,,0,1.45009989371041,78.799706688891
4,263,3.8855661157295707,24.771321241515963,-0.0009605582029227898,2.7966319332823595,24,3.808804460731814,26.151924788712112,-0.0005585287660986066,4.8830597788180015,47,3.6978907106113166,27.675371323694893,-0.00038240620923803717,6.913909263902227,93,3.6177196291705704,28.980102244328318,-0.0003023185418551633,9.414092304318906,138,,,,,0,,,,,0,,,,,0,1.43814069018245,78.14983302548104
4,265,3.8844216097641167,24.629839230865866,-0.0009732086084520153,2.81086522491076,23,3.8090468262094475,25.962609484079437,-0.0005730459217789528,4.832084209405814,44,3.695279043275339,27.515551380052752,-0.00038737452595866996,6.933389344910278,88,3.613456107447184,28.84636395364767,-0.00030513605998088496,9.486367218813697,131,,,,,0,,,,,0,,,,,0,1.42836819809643,77.61878718971624
4,267,3.8779791517254814,24.377530338398696,-0.00097769680237669,2.8651967864154386,24,3.7995902520946223,25.770355791699455,-0.0005681191042485847,4.893706386161021,47,3.689200636924061,27.28910760548806,-0.00038885916909391,7.0208103082870466,92,3.6058343582310544,28.670400887652043,-0.00030535303587723837,9.674346167105433,138,,,,,0,,,,,0,,,,,0,1.41478745175524,76.88079746021991
4,270,3.883161127180762,24.12935396824273,-0.0010320424506997084,2.7341176995112306,22,3.80192410747149,25.54901407041518,-0.000579326236503238,4.884479661516025,44,3.6887959302412354,27.096973974287888,-0.00039281986951111484,7.004473319809119,87,3.6053794910367314,28.465286789305466,-0.0003089169528330209,9.653583085746995,130,,,,,0,,,,,0,,,,,0,1.41388916339318,76.8319836786595
4,272,3.873867443492435,24.267613045725557,-0.0009846335348535173,2.9103595190637037,24,3.797293494337719,25.627771877711922,-0.0005814728968837076,4.920192081806686,46,3.6827917469197144,27.237491371602104,-0.000391140540481403,7.200596922320361,92,3.600316620128407,28.637645817601314,-0.00030825882556904797,9.885364474820339,137,,,,,0,,,,,0,,,,,0,1.39893316621772,76.01926160635412
4,274,3.880857248078638,24.681312477954723,-0.0010220239333159197,2.7212290486317414,23,3.799986730803247,26.09257309594952,-0.0005792750905388088,4.8601335175127325,46,3.68479976737752,27.68662319370698,-0.0003920888510090964,7.124060675294103,92,3.6018779881279954,29.077380026898773,-0.0003091487537977931,9.819473933201657,137,,,,,0,,,,,0,,,,,0,1.3953322584034,75.82358510102308
4,276,3.8817882738442684,25.14392468760777,-0.0010226205935526577,2.731748401613025,23,3.8005503695117606,26.56136417579028,-0.0005809615909120127,4.854659459165173,46,3.687042061140938,28.134191394932984,-0.000395497485991386,7.087658872648113,91,3.603407890760033,29.5334501385663,-0.0003109818371396838,9.79146065561154,136,,,,,0,,,,,0,,,,,0,1.39004612954025,75.53633219814198
4,279,3.8769285869875363,24.923023774025364,-0.0010300628497608105,2.8016838104940724,23,3.7951873373095095,26.357708777301884,-0.0005834054244103369,4.921384338021067,46,3.6811143435257345,27.938954961175547,-0.00039652708610244536,7.19517999917576,91,3.5970004933444577,29.355856275591595,-0.00031185431293421156,9.929380149210264,136,,,,,0,,,,,0,,,,,0,1.38602714542096,75.31793705780649
4,282,3.880985176008881,24.420832716548844,-0.0010449163039983162,2.8110618231067797,23,3.7984885139746494,25.876462697149485,-0.0005885247723651965,5.016891845606619,46,3.6830838163612416,27.48106814036625,-0.0004004085348284783,7.2446631558086025,91,3.5978476564063295,28.89859812621859,-0.0003153446277294018,9.969421082098478,136,,,,,0,,,,,0,,,,,0,1.38821526019375,75.43684114368729
4,284,3.873299342477346,24.31292226079222,-0.0010406414737524695,2.802558675862823,23,3.790329966040783,25.750844568997127,-0.0005892767305214324,4.919827271060267,46,3.6747603355457383,27.34215448492287,-0.00039989137332478275,7.2275635488533965,91,3.5893885961438445,28.777298054687343,-0.0003151917740613704,10.02404796024527,136,,,,,0,,,,,0,,,,,0,1.37618265623945,74.7829788363973
4,286,3.8703960723570234,24.11160782329177,-0.0010460718285714475,2.816260305721144,23,3.7867733296814885,25.546367375106012,-0.000592621926020958,4.899663506598436,46,3.670597247115978,27.154053940655842,-0.0004012534308528715,7.281275284434734,91,3.586431375271501,28.58227243149217,-0.0003177424062182513,10.069917199396151,135,,,,,0,,,,,0,,,,,0,1.36471688986402,74.15991898288928
4,288,3.868944509542465,23.980275408743648,-0.0010530505382253291,2.852675665922998,23,3.7847214657448394,25.430181951212983,-0.0005959822894131346,4.950178150759214,46,3.667925617712548,27.059433239711815,-0.00040292833848282737,7.374890535057663,91,3.5832646928351575,28.505449149400235,-0.00031920116539101883,10.206743821046881,135,,,,,0,,,,,0,,,,,0,1.35898547393736,73.84846878839457
4,291,3.8599017293332794,23.732048730631202,-0.0010469932128171855,3.009319110783533,23,3.777002783890936,25.166577337957364,-0.0006017460582978622,5.031554323152751,45,3.6621985714605176,26.804718972932903,-0.00040604539561950445,7.512182828377952,88,3.5751887330496332,28.3269613933746,-0.0003194006420120021,10.480609064744932,132,,,,,0,,,,,0,,,,,0,1.34623087640088,73.15537271331122
4,294,3.8855629860610468,23.646588897399532,-0.001011422297095433,2.789061277820956,23,3.8046230548886606,25.097588908758464,-0.0005711290793459481,5.027570174320427,46,3.69302849073685,26.661236962734293,-0.0003923047603904872,7.113754459920685,90,3.6104045165797256,28.027000927080106,-0.0003093821038755044,9.748445459988996,134,,,,,0,,,,,0,,,,,0,1.42684278184546,77.53589472577204
4,296,3.8794417223593833,24.1683523150016,-0.0010069716689360478,2.776505854673786,23,3.800915475210273,25.554771573543167,-0.0005812973422524511,4.875571722910191,45,3.6863654534420247,27.148931989611285,-0.00039169383566248363,7.084322571351269,90,3.6040749966691834,28.527701713117764,-0.0003081453780619169,9.754265175136492,134,,,,,0,,,,,0,,,,,0,1.40644814832797,76.42763235972666
4,298,3.8791602378320396,24.388333742919034,-0.0010113275309143214,2.7730021083933067,23,3.7999061939471757,25.769147338402327,-0.0005849866614105065,4.853568793599745,45,3.6842810719676335,27.356218773022672,-0.00039429617316078213,7.093718993217742,90,3.6012399699481494,28.730222704110965,-0.00031027596894421305,9.737243326387116,134,,,,,0,,,,,0,,,,,0,1.39349074920752,75.72351586777258
4,300,3.876884398325556,24.324843870087914,-0.0010160824371528542,2.80343195112955,23,3.796892997685465,25.705777613203352,-0.0005884658900131179,4.860969821369544,45,3.680457236943241,27.296057663452626,-0.00039617406177597697,7.111189269569948,90,3.596843975867736,28.688301269714078,-0.00031197246972159136,9.832153813531807,134,,,,,0,,,,,0,,,,,0,1.38824935122493,75.4386936803776
4,302,3.8708327598972643,24.153933851862508,-0.0010214611087134362,2.8976160673547646,23,3.7901212725788795,25.555925044686454,-0.0005922444689509367,4.911475313688136,45,3.675491557502025,27.14631645996628,-0.0003992039248795573,7.240534818506532,89,3.5911134957703377,28.583236291511298,-0.000313569377656725,10.029043179206688,133,,,,,0,,,,,0,,,,,0,1.37018783384209,74.45721490205536
4,305,3.8737579801585396,24.13715519693699,-0.0010188883214913257,2.8334142120480763,23,3.7931790309284406,25.53233535798385,-0.0005910353435136976,4.905772026497161,45,3.6776631220795006,27.128316481725076,-0.00040109084607336864,7.186540254368499,89,3.5924969445685786,28.56212984956457,-0.0003156688073169337,9.987332375860433,133,,,,,0,,,,,0,,,,,0,1.37969516656086,74.97385174402893
4,307,3.8730963650372967,24.462704365952945,-0.001019171913778906,2.823125811520857,23,3.791900989507718,25.859860018543262,-0.0005928080432117039,4.886014353634188,45,3.675980007824522,27.468773455702,-0.00040150299818341454,7.250134106767717,89,3.590672690264579,28.917747391880376,-0.00031553360001639687,10.054562649872356,133,,,,,0,,,,,0,,,,,0,1.36865863239357,74.3741167471391
4,309,3.8741061091486024,25.01951246486553,-0.0010192905564010565,2.85159618036824,23,3.7925583599977366,26.41853377943745,-0.0005941803142635701,4.862456372951051,45,3.6763154651589702,28.011377506830108,-0.0004019234062463956,7.247016398702023,89,3.590947169681635,29.463624977752733,-0.00031549824265424543,10.071175334950645,133,,,,,0,,,,,0,,,,,0,1.36273717790964,74.05233968989694
4,311,3.8747138463504736,25.32190603667338,-0.0010124299822036244,2.7944104222386166,23,3.793296999798204,26.69946696825772,-0.0005930312505331969,4.781034344754119,45,3.67668450183645,28.278052933406492,-0.0004029269414299568,7.159713246475331,89,3.592723541004165,29.679466095174245,-0.00031790450571128343,9.877212909654293,132,,,,,0,,,,,0,,,,,0,1.36340511339281,74.08863589293038
4,314,3.8660806346313734,24.905386554119772,-0.0010247236350374956,2.933622295463792,23,3.783712607803546,26.30855439738076,-0.000597596167502865,4.904590593255708,45,3.669164104495589,27.902073932714096,-0.00040542510954488196,7.355921056570789,88,3.5828728131063716,29.392699598077954,-0.0003175892986440968,10.243012353260443,132,,,,,0,,,,,0,,,,,0,1.35186460353052,73.46151441244959
4,317,3.870147386454064,24.732955477351737,-0.0010210975165606145,2.9025871617714856,23,3.7876459938398113,26.137733013286653,-0.0005971509420889309,4.92644013259039,45,3.6720053944172264,27.71006001687422,-0.0004076725322738664,7.246699242201785,88,3.5846949078416532,29.17879887501945,-0.0003202250405643736,10.130766843448857,132,,,,,0,,,,,0,,,,,0,1.35479697296526,73.62086195282473
4,319,3.8662128592561986,24.44582080808107,-0.001037649212383951,2.9183238300033096,23,3.7827356764366105,25.851238956301977,-0.0006040586738323315,4.883403478505542,45,3.6665469312139902,27.4462777501761,-0.00040966227175114967,7.32209703031592,88,3.5788057208500716,28.945644929891806,-0.00032169318187059645,10.276429488831926,132,,,,,0,,,,,0,,,,,0,1.34105144064048,72.87391760769836
