setting,stage,seed,test_battery,cycle,y_true,y_pred
TD-All,pre_refit,42,B0005,2,100.80760884947765,100.55479
TD-All,pre_refit,42,B0005,4,100.25590968770103,101.561386
TD-All,pre_refit,42,B0005,6,99.65979925247206,101.73199
TD-All,pre_refit,42,B0005,8,99.65509323788856,101.29822
TD-All,pre_refit,42,B0005,10,99.6215889724607,101.05947
TD-All,pre_refit,42,B0005,12,99.67676620535396,101.203186
TD-All,pre_refit,42,B0005,14,99.64877352944652,101.122574
TD-All,pre_refit,42,B0005,16,99.13892996732449,101.05531
TD-All,pre_refit,42,B0005,18,99.08555627584838,100.60137
TD-All,pre_refit,42,B0005,20,99.0768365083485,100.40965
TD-All,pre_refit,42,B0005,22,99.07717774099622,99.90142
TD-All,pre_refit,42,B0005,25,98.5114992237362,100.21204
TD-All,pre_refit,42,B0005,27,98.4870761948254,99.80348
TD-All,pre_refit,42,B0005,29,98.47015265835132,99.535576
TD-All,pre_refit,42,B0005,31,97.88140357167902,99.8949
TD-All,pre_refit,42,B0005,33,97.85473656745688,99.43333
TD-All,pre_refit,42,B0005,35,97.88039886599036,99.04756
TD-All,pre_refit,42,B0005,37,97.9069415267384,98.67292
TD-All,pre_refit,42,B0005,39,97.89115702988882,98.56605
TD-All,pre_refit,42,B0005,42,100.29385168145046,100.76638
TD-All,pre_refit,42,B0005,46,100.31510023136114,100.321526
TD-All,pre_refit,42,B0005,50,99.70477213786135,100.38549
TD-All,pre_refit,42,B0005,54,99.1402308374376,100.1498
TD-All,pre_refit,42,B0005,58,99.10400696359169,99.95024
TD-All,pre_refit,42,B0005,62,99.12941188644592,98.931335
TD-All,pre_refit,42,B0005,66,98.50222430381568,99.42051
TD-All,pre_refit,42,B0005,70,98.5423014565286,98.73127
TD-All,pre_refit,42,B0005,74,98.49887187571204,98.47534
TD-All,pre_refit,42,B0005,78,97.89050762402466,99.05068
TD-All,pre_refit,42,B0005,82,97.96171552529285,98.48432
TD-All,pre_refit,42,B0005,86,100.55321959197046,98.8747
TD-All,pre_refit,42,B0005,90,99.4075559707276,98.92525
TD-All,pre_refit,42,B0005,94,98.82112827769676,98.71294
TD-All,pre_refit,42,B0005,98,98.2457556393358,98.43497
TD-All,pre_refit,42,B0005,102,97.99065016377766,97.992386
TD-All,pre_refit,42,B0005,106,97.7065060215613,98.17071
TD-All,pre_refit,42,B0005,110,97.11279694879056,98.144394
TD-All,pre_refit,42,B0005,114,96.81304988059888,97.72439
TD-All,pre_refit,42,B0005,118,96.27605729788222,97.57913
TD-All,pre_refit,42,B0005,122,96.2762766313732,96.826324
TD-All,pre_refit,42,B0005,126,95.99578118843372,97.224915
TD-All,pre_refit,42,B0005,130,95.69403287907456,96.91792
TD-All,pre_refit,42,B0005,134,95.98194451474556,97.517006
TD-All,pre_refit,42,B0005,136,95.71321655496544,96.38539
TD-All,pre_refit,42,B0005,140,95.11928805425076,95.74532
TD-All,pre_refit,42,B0005,144,94.58275432725988,95.728165
TD-All,pre_refit,42,B0005,148,94.27008009570102,94.670006
TD-All,pre_refit,42,B0005,150,97.39411432859931,97.646706
TD-All,pre_refit,42,B0005,154,96.82749231246368,97.47368
TD-All,pre_refit,42,B0005,158,95.96820195991576,96.29713
TD-All,pre_refit,42,B0005,162,95.40638930769452,95.8586
TD-All,pre_refit,42,B0005,166,94.8553962680492,95.04285
TD-All,pre_refit,42,B0005,170,94.5755674779542,94.7559
TD-All,pre_refit,42,B0005,174,94.28806184403476,94.403305
TD-All,pre_refit,42,B0005,178,93.73958753620327,93.87553
TD-All,pre_refit,42,B0005,182,93.16861105469168,93.49817
TD-All,pre_refit,42,B0005,186,92.88227598613614,92.90846
TD-All,pre_refit,42,B0005,190,92.636901518198,92.91505
TD-All,pre_refit,42,B0005,194,92.32720191735562,92.52225
TD-All,pre_refit,42,B0005,198,92.01599848919145,91.971054
TD-All,pre_refit,42,B0005,202,91.49053823956656,92.338356
TD-All,pre_refit,42,B0005,206,90.92425521866993,92.29896
TD-All,pre_refit,42,B0005,210,90.92941856192826,90.95419
TD-All,pre_refit,42,B0005,214,90.34010561326173,90.760155
TD-All,pre_refit,42,B0005,216,90.0847586044663,91.17814
TD-All,pre_refit,42,B0005,220,89.80457989439137,90.33584
TD-All,pre_refit,42,B0005,224,89.19640288815545,90.125305
TD-All,pre_refit,42,B0005,228,88.93598251136243,89.56191
TD-All,pre_refit,42,B0005,232,88.65781340235759,89.584984
TD-All,pre_refit,42,B0005,236,88.38728178562198,89.241356
TD-All,pre_refit,42,B0005,240,88.08171260170519,88.358444
TD-All,pre_refit,42,B0005,244,87.49528010741024,89.00804
TD-All,pre_refit,42,B0005,248,87.2366743602368,88.387184
TD-All,pre_refit,42,B0005,252,86.96251727221627,87.745056
TD-All,pre_refit,42,B0005,256,86.35734215456989,88.01016
TD-All,pre_refit,42,B0005,260,86.10863457357058,87.80439
TD-All,pre_refit,42,B0005,264,86.06270063126725,87.27003
TD-All,pre_refit,42,B0005,266,86.63737677555004,87.50531
TD-All,pre_refit,42,B0005,270,85.50813849993258,87.00124
TD-All,pre_refit,42,B0005,274,84.97446653296429,86.829506
TD-All,pre_refit,42,B0005,278,84.69557819389517,87.01983
TD-All,pre_refit,42,B0005,282,84.68013627936132,86.344
TD-All,pre_refit,42,B0005,286,84.41991821853574,86.009
TD-All,pre_refit,42,B0005,290,84.10414931140878,85.75035
TD-All,pre_refit,42,B0005,294,83.52653061113354,85.66788
TD-All,pre_refit,42,B0005,298,82.96602561057489,85.40567
TD-All,pre_refit,42,B0005,302,82.99920327964658,85.06291
TD-All,pre_refit,42,B0005,306,82.68003018050378,85.54219
TD-All,pre_refit,42,B0005,310,82.39976893302816,85.1454
TD-All,pre_refit,42,B0005,313,87.19626195760692,88.36156
TD-All,pre_refit,42,B0005,316,84.91729656129593,85.91261
TD-All,pre_refit,42,B0005,320,84.06165489885902,85.34884
TD-All,pre_refit,42,B0005,324,83.2082752902044,85.79747
TD-All,pre_refit,42,B0005,328,82.91381970838151,84.72616
TD-All,pre_refit,42,B0005,332,82.37106085271179,84.98453
TD-All,pre_refit,42,B0005,336,82.09631790141844,84.478264
TD-All,pre_refit,42,B0005,340,81.80669701206385,84.447235
TD-All,pre_refit,42,B0005,344,81.53418918115372,84.095726
TD-All,pre_refit,42,B0005,348,80.95312575426658,84.385376
TD-All,pre_refit,42,B0005,352,80.6829269258604,84.41615
TD-All,pre_refit,42,B0005,356,80.38673535372676,83.98009
TD-All,pre_refit,42,B0005,360,80.10415225005684,83.80005
TD-All,pre_refit,42,B0005,364,80.68483906716317,83.11327
TD-All,pre_refit,42,B0005,367,81.23806188586506,83.98772
TD-All,pre_refit,42,B0005,371,80.40774500270479,82.927864
TD-All,pre_refit,42,B0005,375,79.80793062432481,83.28456
TD-All,pre_refit,42,B0005,379,78.94710440938543,82.14038
TD-All,pre_refit,42,B0005,383,78.96040682717852,83.0318
TD-All,pre_refit,42,B0005,387,79.00805769223405,82.38073
TD-All,pre_refit,42,B0005,391,78.68325635434054,82.13886
TD-All,pre_refit,42,B0005,395,78.12009683923326,82.471085
TD-All,pre_refit,42,B0005,399,77.83635095586517,82.21446
TD-All,pre_refit,42,B0005,403,77.83366081216815,81.97293
TD-All,pre_refit,42,B0005,407,77.54418562704669,82.081604
TD-All,pre_refit,42,B0005,411,77.26483532824366,81.699646
TD-All,pre_refit,42,B0005,415,76.96665751739931,81.25627
TD-All,pre_refit,42,B0005,419,76.69408123915822,80.97159
TD-All,pre_refit,42,B0005,423,76.7032886034996,80.73897
TD-All,pre_refit,42,B0005,427,76.43285089151239,81.47978
TD-All,pre_refit,42,B0005,431,77.83345221466253,81.10027
TD-All,pre_refit,42,B0005,433,78.09751233548145,81.562004
TD-All,pre_refit,42,B0005,437,76.96262218385922,81.41851
TD-All,pre_refit,42,B0005,441,76.3993634537507,81.415985
TD-All,pre_refit,42,B0005,445,76.08562321685423,80.87731
TD-All,pre_refit,42,B0005,449,75.84111192639295,80.9132
TD-All,pre_refit,42,B0005,453,75.5470202599512,80.21355
TD-All,pre_refit,42,B0005,457,75.2724773855306,80.2091
TD-All,pre_refit,42,B0005,461,74.95796574493023,80.3655
TD-All,pre_refit,42,B0005,465,74.67559060559861,80.55657
TD-All,pre_refit,42,B0005,469,74.4190975749656,79.79777
TD-All,pre_refit,42,B0005,473,74.41886702385212,79.44018
TD-All,pre_refit,42,B0005,477,74.10538957595438,79.68987
TD-All,pre_refit,42,B0005,481,74.68403981580354,80.28037
TD-All,pre_refit,42,B0005,483,75.26611054535188,80.4012
TD-All,pre_refit,42,B0005,485,74.38310747232698,80.35157
TD-All,pre_refit,42,B0005,489,74.10795710900801,79.4758
TD-All,pre_refit,42,B0005,493,73.53993654981534,80.0492
TD-All,pre_refit,42,B0005,497,73.55729388669064,79.952736
TD-All,pre_refit,42,B0005,501,73.56067241598603,79.35415
TD-All,pre_refit,42,B0005,505,73.26805286034079,79.15092
TD-All,pre_refit,42,B0005,509,72.98972077509227,78.841286
TD-All,pre_refit,42,B0005,513,72.70747847813722,78.97658
TD-All,pre_refit,42,B0005,517,72.70330518052887,79.02458
TD-All,pre_refit,42,B0005,521,72.43680818215978,78.99245
TD-All,pre_refit,42,B0005,525,72.14563728793834,79.14974
TD-All,pre_refit,42,B0005,529,71.84842350914826,78.91154
TD-All,pre_refit,42,B0005,533,71.57682808520298,79.39018
TD-All,pre_refit,42,B0005,537,71.59297070565168,79.32444
TD-All,pre_refit,42,B0005,541,71.58355486033668,78.57297
TD-All,pre_refit,42,B0005,545,71.88651633814797,78.53306
TD-All,pre_refit,42,B0005,548,73.85485752850198,78.587364
TD-All,pre_refit,42,B0005,552,72.73676298693475,78.80237
TD-All,pre_refit,42,B0005,556,72.16650080848474,79.04589
TD-All,pre_refit,42,B0005,560,71.87574889700983,79.38704
TD-All,pre_refit,42,B0005,564,71.60206343923741,78.888176
TD-All,pre_refit,42,B0005,568,71.32194157026348,79.19837
TD-All,pre_refit,42,B0005,572,71.30711389020412,78.436874
TD-All,pre_refit,42,B0005,576,71.01356336148518,78.6382
TD-All,pre_refit,42,B0005,580,70.75492745457169,78.58642
TD-All,pre_refit,42,B0005,584,70.77254445771489,78.36389
TD-All,pre_refit,42,B0005,588,70.77540542374062,77.52011
TD-All,pre_refit,42,B0005,592,70.47550750397869,78.05131
TD-All,pre_refit,42,B0005,596,70.48563041810954,77.58595
TD-All,pre_refit,42,B0005,600,70.23531244180377,77.92153
TD-All,pre_refit,42,B0005,604,69.93882142370093,78.33771
TD-All,pre_refit,42,B0005,608,69.90890905512207,77.9633
TD-All,pre_refit,42,B0005,612,71.07977535187085,78.05646
TD-All,pre_refit,42,B0005,614,71.95205157786506,78.283615
TD-All,refit_on_3,42,B0005,2,100.80760884947765,100.6317
TD-All,refit_on_3,42,B0005,4,100.25590968770103,99.20151
TD-All,refit_on_3,42,B0005,6,99.65979925247206,99.112274
TD-All,refit_on_3,42,B0005,8,99.65509323788856,98.81951
TD-All,refit_on_3,42,B0005,10,99.6215889724607,98.636246
TD-All,refit_on_3,42,B0005,12,99.67676620535396,98.96794
TD-All,refit_on_3,42,B0005,14,99.64877352944652,99.005295
TD-All,refit_on_3,42,B0005,16,99.13892996732449,98.508255
TD-All,refit_on_3,42,B0005,18,99.08555627584838,98.246346
TD-All,refit_on_3,42,B0005,20,99.0768365083485,98.13438
TD-All,refit_on_3,42,B0005,22,99.07717774099622,97.7678
TD-All,refit_on_3,42,B0005,25,98.5114992237362,98.12239
TD-All,refit_on_3,42,B0005,27,98.4870761948254,97.70946
TD-All,refit_on_3,42,B0005,29,98.47015265835132,97.65318
TD-All,refit_on_3,42,B0005,31,97.88140357167902,97.33262
TD-All,refit_on_3,42,B0005,33,97.85473656745688,97.046555
TD-All,refit_on_3,42,B0005,35,97.88039886599036,96.86538
TD-All,refit_on_3,42,B0005,37,97.9069415267384,96.71668
TD-All,refit_on_3,42,B0005,39,97.89115702988882,96.72058
TD-All,refit_on_3,42,B0005,42,100.29385168145046,98.85442
TD-All,refit_on_3,42,B0005,46,100.31510023136114,98.81451
TD-All,refit_on_3,42,B0005,50,99.70477213786135,98.26253
TD-All,refit_on_3,42,B0005,54,99.1402308374376,97.66281
TD-All,refit_on_3,42,B0005,58,99.10400696359169,97.788124
TD-All,refit_on_3,42,B0005,62,99.12941188644592,96.90198
TD-All,refit_on_3,42,B0005,66,98.50222430381568,96.917015
TD-All,refit_on_3,42,B0005,70,98.5423014565286,96.71646
TD-All,refit_on_3,42,B0005,74,98.49887187571204,96.57248
TD-All,refit_on_3,42,B0005,78,97.89050762402466,96.61728
TD-All,refit_on_3,42,B0005,82,97.96171552529285,96.603134
TD-All,refit_on_3,42,B0005,86,100.55321959197046,98.85555
TD-All,refit_on_3,42,B0005,90,99.4075559707276,97.247826
TD-All,refit_on_3,42,B0005,94,98.82112827769676,96.79237
TD-All,refit_on_3,42,B0005,98,98.2457556393358,96.21156
TD-All,refit_on_3,42,B0005,102,97.99065016377766,95.84462
TD-All,refit_on_3,42,B0005,106,97.7065060215613,95.970345
TD-All,refit_on_3,42,B0005,110,97.11279694879056,95.59573
TD-All,refit_on_3,42,B0005,114,96.81304988059888,95.13908
TD-All,refit_on_3,42,B0005,118,96.27605729788222,94.67047
TD-All,refit_on_3,42,B0005,122,96.2762766313732,94.31713
TD-All,refit_on_3,42,B0005,126,95.99578118843372,94.64403
TD-All,refit_on_3,42,B0005,130,95.69403287907456,94.499756
TD-All,refit_on_3,42,B0005,134,95.98194451474556,95.324356
TD-All,refit_on_3,42,B0005,136,95.71321655496544,94.06205
TD-All,refit_on_3,42,B0005,140,95.11928805425076,93.33891
TD-All,refit_on_3,42,B0005,144,94.58275432725988,93.05332
TD-All,refit_on_3,42,B0005,148,94.27008009570102,92.54985
TD-All,refit_on_3,42,B0005,150,97.39411432859931,95.6591
TD-All,refit_on_3,42,B0005,154,96.82749231246368,95.55972
TD-All,refit_on_3,42,B0005,158,95.96820195991576,94.44283
TD-All,refit_on_3,42,B0005,162,95.40638930769452,93.77251
TD-All,refit_on_3,42,B0005,166,94.8553962680492,93.18658
TD-All,refit_on_3,42,B0005,170,94.5755674779542,92.90238
TD-All,refit_on_3,42,B0005,174,94.28806184403476,92.85035
TD-All,refit_on_3,42,B0005,178,93.73958753620327,92.327255
TD-All,refit_on_3,42,B0005,182,93.16861105469168,91.942215
TD-All,refit_on_3,42,B0005,186,92.88227598613614,91.546585
TD-All,refit_on_3,42,B0005,190,92.636901518198,91.49183
TD-All,refit_on_3,42,B0005,194,92.32720191735562,91.42379
TD-All,refit_on_3,42,B0005,198,92.01599848919145,90.98903
TD-All,refit_on_3,42,B0005,202,91.49053823956656,90.772415
TD-All,refit_on_3,42,B0005,206,90.92425521866993,90.475235
TD-All,refit_on_3,42,B0005,210,90.92941856192826,90.0687
TD-All,refit_on_3,42,B0005,214,90.34010561326173,89.84177
TD-All,refit_on_3,42,B0005,216,90.0847586044663,89.98005
TD-All,refit_on_3,42,B0005,220,89.80457989439137,89.27974
TD-All,refit_on_3,42,B0005,224,89.19640288815545,88.915794
TD-All,refit_on_3,42,B0005,228,88.93598251136243,88.48517
TD-All,refit_on_3,42,B0005,232,88.65781340235759,88.40868
TD-All,refit_on_3,42,B0005,236,88.38728178562198,88.12428
TD-All,refit_on_3,42,B0005,240,88.08171260170519,87.523285
TD-All,refit_on_3,42,B0005,244,87.49528010741024,87.57312
TD-All,refit_on_3,42,B0005,248,87.2366743602368,87.12298
TD-All,refit_on_3,42,B0005,252,86.96251727221627,86.65556
TD-All,refit_on_3,42,B0005,256,86.35734215456989,86.50895
TD-All,refit_on_3,42,B0005,260,86.10863457357058,86.19338
TD-All,refit_on_3,42,B0005,264,86.06270063126725,85.812874
TD-All,refit_on_3,42,B0005,266,86.63737677555004,86.66906
TD-All,refit_on_3,42,B0005,270,85.50813849993258,85.430984
TD-All,refit_on_3,42,B0005,274,84.97446653296429,84.85287
TD-All,refit_on_3,42,B0005,278,84.69557819389517,84.774704
TD-All,refit_on_3,42,B0005,282,84.68013627936132,84.62248
TD-All,refit_on_3,42,B0005,286,84.41991821853574,84.5787
TD-All,refit_on_3,42,B0005,290,84.10414931140878,84.14195
TD-All,refit_on_3,42,B0005,294,83.52653061113354,83.733505
TD-All,refit_on_3,42,B0005,298,82.96602561057489,83.138054
TD-All,refit_on_3,42,B0005,302,82.99920327964658,82.978905
TD-All,refit_on_3,42,B0005,306,82.68003018050378,83.32203
TD-All,refit_on_3,42,B0005,310,82.39976893302816,83.042206
TD-All,refit_on_3,42,B0005,313,87.19626195760692,87.82593
TD-All,refit_on_3,42,B0005,316,84.91729656129593,85.11993
TD-All,refit_on_3,42,B0005,320,84.06165489885902,84.34015
TD-All,refit_on_3,42,B0005,324,83.2082752902044,84.05346
TD-All,refit_on_3,42,B0005,328,82.91381970838151,83.175575
TD-All,refit_on_3,42,B0005,332,82.37106085271179,82.95468
TD-All,refit_on_3,42,B0005,336,82.09631790141844,82.540726
TD-All,refit_on_3,42,B0005,340,81.80669701206385,82.370316
TD-All,refit_on_3,42,B0005,344,81.53418918115372,82.00832
TD-All,refit_on_3,42,B0005,348,80.95312575426658,81.881645
TD-All,refit_on_3,42,B0005,352,80.6829269258604,81.73367
TD-All,refit_on_3,42,B0005,356,80.38673535372676,81.35201
TD-All,refit_on_3,42,B0005,360,80.10415225005684,81.06793
TD-All,refit_on_3,42,B0005,364,80.68483906716317,80.84837
TD-All,refit_on_3,42,B0005,367,81.23806188586506,82.38564
TD-All,refit_on_3,42,B0005,371,80.40774500270479,81.081535
TD-All,refit_on_3,42,B0005,375,79.80793062432481,80.83037
TD-All,refit_on_3,42,B0005,379,78.94710440938543,79.51437
TD-All,refit_on_3,42,B0005,383,78.96040682717852,79.99724
TD-All,refit_on_3,42,B0005,387,79.00805769223405,79.8085
TD-All,refit_on_3,42,B0005,391,78.68325635434054,79.58983
TD-All,refit_on_3,42,B0005,395,78.12009683923326,79.32713
TD-All,refit_on_3,42,B0005,399,77.83635095586517,78.91172
TD-All,refit_on_3,42,B0005,403,77.83366081216815,78.81612
TD-All,refit_on_3,42,B0005,407,77.54418562704669,78.88408
TD-All,refit_on_3,42,B0005,411,77.26483532824366,78.51012
TD-All,refit_on_3,42,B0005,415,76.96665751739931,77.954056
TD-All,refit_on_3,42,B0005,419,76.69408123915822,77.47795
TD-All,refit_on_3,42,B0005,423,76.7032886034996,77.43714
TD-All,refit_on_3,42,B0005,427,76.43285089151239,77.86768
TD-All,refit_on_3,42,B0005,431,77.83345221466253,78.53308
TD-All,refit_on_3,42,B0005,433,78.09751233548145,79.34595
TD-All,refit_on_3,42,B0005,437,76.96262218385922,78.2516
TD-All,refit_on_3,42,B0005,441,76.3993634537507,77.67229
TD-All,refit_on_3,42,B0005,445,76.08562321685423,77.097755
TD-All,refit_on_3,42,B0005,449,75.84111192639295,76.86438
TD-All,refit_on_3,42,B0005,453,75.5470202599512,76.3548
TD-All,refit_on_3,42,B0005,457,75.2724773855306,76.0959
TD-All,refit_on_3,42,B0005,461,74.95796574493023,75.86307
TD-All,refit_on_3,42,B0005,465,74.67559060559861,75.74466
TD-All,refit_on_3,42,B0005,469,74.4190975749656,75.13334
TD-All,refit_on_3,42,B0005,473,74.41886702385212,74.97789
TD-All,refit_on_3,42,B0005,477,74.10538957595438,74.83712
TD-All,refit_on_3,42,B0005,481,74.68403981580354,75.66301
TD-All,refit_on_3,42,B0005,483,75.26611054535188,76.84192
TD-All,refit_on_3,42,B0005,485,74.38310747232698,75.8553
TD-All,refit_on_3,42,B0005,489,74.10795710900801,74.93055
TD-All,refit_on_3,42,B0005,493,73.53993654981534,74.726364
TD-All,refit_on_3,42,B0005,497,73.55729388669064,74.79539
TD-All,refit_on_3,42,B0005,501,73.56067241598603,74.6042
TD-All,refit_on_3,42,B0005,505,73.26805286034079,74.17795
TD-All,refit_on_3,42,B0005,509,72.98972077509227,73.582016
TD-All,refit_on_3,42,B0005,513,72.70747847813722,73.29366
TD-All,refit_on_3,42,B0005,517,72.70330518052887,73.46843
TD-All,refit_on_3,42,B0005,521,72.43680818215978,73.446526
TD-All,refit_on_3,42,B0005,525,72.14563728793834,73.01269
TD-All,refit_on_3,42,B0005,529,71.84842350914826,72.53409
TD-All,refit_on_3,42,B0005,533,71.57682808520298,72.508446
TD-All,refit_on_3,42,B0005,537,71.59297070565168,72.72976
TD-All,refit_on_3,42,B0005,541,71.58355486033668,72.32115
TD-All,refit_on_3,42,B0005,545,71.88651633814797,71.97155
TD-All,refit_on_3,42,B0005,548,73.85485752850198,74.726974
TD-All,refit_on_3,42,B0005,552,72.73676298693475,73.55846
TD-All,refit_on_3,42,B0005,556,72.16650080848474,73.177246
TD-All,refit_on_3,42,B0005,560,71.87574889700983,72.98407
TD-All,refit_on_3,42,B0005,564,71.60206343923741,72.48082
TD-All,refit_on_3,42,B0005,568,71.32194157026348,72.370804
TD-All,refit_on_3,42,B0005,572,71.30711389020412,71.97849
TD-All,refit_on_3,42,B0005,576,71.01356336148518,71.81543
TD-All,refit_on_3,42,B0005,580,70.75492745457169,71.62453
TD-All,refit_on_3,42,B0005,584,70.77254445771489,71.46765
TD-All,refit_on_3,42,B0005,588,70.77540542374062,71.071
TD-All,refit_on_3,42,B0005,592,70.47550750397869,71.163025
TD-All,refit_on_3,42,B0005,596,70.48563041810954,70.803535
TD-All,refit_on_3,42,B0005,600,70.23531244180377,70.83359
TD-All,refit_on_3,42,B0005,604,69.93882142370093,70.88681
TD-All,refit_on_3,42,B0005,608,69.90890905512207,70.68497
TD-All,refit_on_3,42,B0005,612,71.07977535187085,72.06027
TD-All,refit_on_3,42,B0005,614,71.95205157786506,73.40668
TD-All,pre_refit,42,B0006,2,100.88297108833646,101.73218
TD-All,pre_refit,42,B0006,4,100.37753235288778,102.669815
TD-All,pre_refit,42,B0006,6,99.79196916000484,102.75737
TD-All,pre_refit,42,B0006,8,99.7899019818078,102.59854
TD-All,pre_refit,42,B0006,10,99.15762541696316,102.097046
TD-All,pre_refit,42,B0006,12,99.8203556776378,102.72523
TD-All,pre_refit,42,B0006,14,99.7808037027038,102.46629
TD-All,pre_refit,42,B0006,16,97.5844832820893,101.8188
TD-All,pre_refit,42,B0006,18,97.5535716293996,101.64935
TD-All,pre_refit,42,B0006,20,97.01155142541865,101.1081
TD-All,pre_refit,42,B0006,22,96.43502080876348,101.13002
TD-All,pre_refit,42,B0006,25,95.8972998236526,100.733185
TD-All,pre_refit,42,B0006,27,95.32875373854844,100.75565
TD-All,pre_refit,42,B0006,29,94.76419905980474,100.354706
TD-All,pre_refit,42,B0006,31,94.22773853976388,99.79346
TD-All,pre_refit,42,B0006,33,93.6395064953226,99.33022
TD-All,pre_refit,42,B0006,35,93.09821798643677,99.51681
TD-All,pre_refit,42,B0006,37,92.56743574756617,99.04637
TD-All,pre_refit,42,B0006,39,92.56840432582156,99.00227
TD-All,pre_refit,42,B0006,42,98.12161319843736,101.22388
TD-All,pre_refit,42,B0006,46,97.02736865587346,101.431465
TD-All,pre_refit,42,B0006,50,96.4457203456954,100.77437
TD-All,pre_refit,42,B0006,54,95.37664206593776,100.29189
TD-All,pre_refit,42,B0006,58,96.45395400781383,100.41798
TD-All,pre_refit,42,B0006,62,94.2446511737385,99.56916
TD-All,pre_refit,42,B0006,66,93.11783815158223,98.5326
TD-All,pre_refit,42,B0006,70,92.60393676951,98.553246
TD-All,pre_refit,42,B0006,74,91.99518419888014,98.15058
TD-All,pre_refit,42,B0006,78,91.45865458065036,98.08157
TD-All,pre_refit,42,B0006,82,92.05488530825814,97.97168
TD-All,pre_refit,42,B0006,86,95.40291074415664,98.780685
TD-All,pre_refit,42,B0006,90,93.2941701264468,98.67066
TD-All,pre_refit,42,B0006,94,91.95812296295944,97.72859
TD-All,pre_refit,42,B0006,98,91.16379285351326,96.78678
TD-All,pre_refit,42,B0006,102,90.13722315501992,95.495964
TD-All,pre_refit,42,B0006,106,89.88629167454431,94.9382
TD-All,pre_refit,42,B0006,110,89.07464504963947,94.16845
TD-All,pre_refit,42,B0006,114,88.27677498375004,93.31315
TD-All,pre_refit,42,B0006,118,87.78153478310176,92.438675
TD-All,pre_refit,42,B0006,122,87.25902301297472,92.01001
TD-All,pre_refit,42,B0006,126,86.75445063463465,91.930016
TD-All,pre_refit,42,B0006,130,86.21919662960373,91.147415
TD-All,pre_refit,42,B0006,134,86.97181002045869,91.7265
TD-All,pre_refit,42,B0006,136,87.53004089819298,91.65654
TD-All,pre_refit,42,B0006,140,85.93648557449694,90.302444
TD-All,pre_refit,42,B0006,144,84.92223069682748,89.54916
TD-All,pre_refit,42,B0006,148,84.38106569995976,88.872314
TD-All,pre_refit,42,B0006,150,90.39396636175364,95.46361
TD-All,pre_refit,42,B0006,154,89.62118442408695,93.67758
TD-All,pre_refit,42,B0006,158,88.01687540594799,91.730225
TD-All,pre_refit,42,B0006,162,86.47934133475826,90.501144
TD-All,pre_refit,42,B0006,166,85.7093899316892,89.74231
TD-All,pre_refit,42,B0006,170,84.66363361309608,89.18027
TD-All,pre_refit,42,B0006,174,84.14253773442293,88.77045
TD-All,pre_refit,42,B0006,178,83.37268440744252,88.18738
TD-All,pre_refit,42,B0006,182,82.84795096685752,87.60505
TD-All,pre_refit,42,B0006,186,82.31672078137474,86.92022
TD-All,pre_refit,42,B0006,190,81.8390002521071,86.68917
TD-All,pre_refit,42,B0006,194,81.29446683115198,86.38271
TD-All,pre_refit,42,B0006,198,80.75246648690656,85.99101
TD-All,pre_refit,42,B0006,202,79.7437886746144,85.53774
TD-All,pre_refit,42,B0006,206,79.47984426199564,84.84128
TD-All,pre_refit,42,B0006,210,79.25415788836384,84.713875
TD-All,pre_refit,42,B0006,214,78.69188922732394,83.88023
TD-All,pre_refit,42,B0006,216,78.46114405771091,84.18821
TD-All,pre_refit,42,B0006,220,77.67630372212932,83.36306
TD-All,pre_refit,42,B0006,224,77.38916838478035,82.93854
TD-All,pre_refit,42,B0006,228,76.88491527529958,82.7278
TD-All,pre_refit,42,B0006,232,76.3646225030132,82.366455
TD-All,pre_refit,42,B0006,236,75.60327887522882,81.877235
TD-All,pre_refit,42,B0006,240,75.84333345118733,81.781235
TD-All,pre_refit,42,B0006,244,75.57070473005419,81.49037
TD-All,pre_refit,42,B0006,248,75.06972493621848,81.842865
TD-All,pre_refit,42,B0006,252,74.81407516505371,81.19335
TD-All,pre_refit,42,B0006,256,74.54671414292675,80.55587
TD-All,pre_refit,42,B0006,260,74.02740213488109,81.21492
TD-All,pre_refit,42,B0006,264,73.73556466569462,80.51983
TD-All,pre_refit,42,B0006,266,75.84980622026112,80.77677
TD-All,pre_refit,42,B0006,270,74.55060879561292,80.16608
TD-All,pre_refit,42,B0006,274,73.79142812679322,79.39409
TD-All,pre_refit,42,B0006,278,73.27190839787096,80.801346
TD-All,pre_refit,42,B0006,282,73.28093201847443,80.34838
TD-All,pre_refit,42,B0006,286,73.02095301621284,80.05257
TD-All,pre_refit,42,B0006,290,72.73851013234444,79.70123
TD-All,pre_refit,42,B0006,294,71.95104826590523,79.10842
TD-All,pre_refit,42,B0006,298,71.96564568462234,78.79779
TD-All,pre_refit,42,B0006,302,71.72895437691278,79.71514
TD-All,pre_refit,42,B0006,306,71.71434939609318,79.2135
TD-All,pre_refit,42,B0006,310,71.45761792874575,79.18086
TD-All,pre_refit,42,B0006,313,78.98726854374111,82.51163
TD-All,pre_refit,42,B0006,316,76.64794397240323,80.43081
TD-All,pre_refit,42,B0006,320,75.07747171565073,79.56131
TD-All,pre_refit,42,B0006,324,74.29795247472106,78.91004
TD-All,pre_refit,42,B0006,328,73.51146675367659,78.94822
TD-All,pre_refit,42,B0006,332,73.00864275760908,78.3958
TD-All,pre_refit,42,B0006,336,72.50277290138493,78.53874
TD-All,pre_refit,42,B0006,340,71.96131839956391,78.13373
TD-All,pre_refit,42,B0006,344,71.71500633205595,78.20536
TD-All,pre_refit,42,B0006,348,71.44305583769248,77.94423
TD-All,pre_refit,42,B0006,352,70.93898960214143,77.84592
TD-All,pre_refit,42,B0006,356,70.68194044477139,77.44086
TD-All,pre_refit,42,B0006,360,70.4074916889224,78.03734
TD-All,pre_refit,42,B0006,364,70.41804785222855,78.05463
TD-All,pre_refit,42,B0006,367,71.98210310103482,78.60118
TD-All,pre_refit,42,B0006,371,70.95618334594263,77.9468
TD-All,pre_refit,42,B0006,375,70.1362730902931,77.28438
TD-All,pre_refit,42,B0006,379,69.87433806657212,76.74958
TD-All,pre_refit,42,B0006,383,69.63573699649338,77.70615
TD-All,pre_refit,42,B0006,387,69.15232147064526,78.2448
TD-All,pre_refit,42,B0006,391,69.12109936452545,77.67937
TD-All,pre_refit,42,B0006,395,68.86250185726787,77.01559
TD-All,pre_refit,42,B0006,399,68.59092282212131,76.897484
TD-All,pre_refit,42,B0006,403,68.08750743669,76.98579
TD-All,pre_refit,42,B0006,407,68.33159705981836,77.08576
TD-All,pre_refit,42,B0006,411,68.09140360412486,76.779076
TD-All,pre_refit,42,B0006,415,67.81869443003508,76.51579
TD-All,pre_refit,42,B0006,419,67.5730638436144,76.39274
TD-All,pre_refit,42,B0006,423,67.31503513349786,77.24853
TD-All,pre_refit,42,B0006,427,67.07575548417674,76.81869
TD-All,pre_refit,42,B0006,431,68.60691404106846,77.08481
TD-All,pre_refit,42,B0006,433,69.64711039275872,77.1808
TD-All,pre_refit,42,B0006,437,68.33719964359061,76.35806
TD-All,pre_refit,42,B0006,441,67.81907707369999,76.96501
TD-All,pre_refit,42,B0006,445,67.27630029953899,76.17119
TD-All,pre_refit,42,B0006,449,67.03731096833596,77.09006
TD-All,pre_refit,42,B0006,453,66.78534122129697,76.270294
TD-All,pre_refit,42,B0006,457,66.26973868287087,76.36913
TD-All,pre_refit,42,B0006,461,65.98363462621751,76.56665
TD-All,pre_refit,42,B0006,465,65.72069252661954,77.173584
TD-All,pre_refit,42,B0006,469,65.50500064349335,76.150345
TD-All,pre_refit,42,B0006,473,65.48747074550045,76.75644
TD-All,pre_refit,42,B0006,477,65.2110653386093,77.161415
TD-All,pre_refit,42,B0006,481,65.47148558720653,77.71545
TD-All,pre_refit,42,B0006,483,66.78647932759047,76.68747
TD-All,pre_refit,42,B0006,485,65.72477818237311,77.424515
TD-All,pre_refit,42,B0006,489,64.93697426302657,77.01945
TD-All,pre_refit,42,B0006,493,64.69397950587184,77.41148
TD-All,pre_refit,42,B0006,497,64.45556804271465,77.00932
TD-All,pre_refit,42,B0006,501,64.44711910522597,77.5363
TD-All,pre_refit,42,B0006,505,63.9153253541329,76.940674
TD-All,pre_refit,42,B0006,509,63.40709756117343,77.30579
TD-All,pre_refit,42,B0006,513,63.40485519747241,77.82629
TD-All,pre_refit,42,B0006,517,63.14854807557744,77.778305
TD-All,pre_refit,42,B0006,521,63.15304028594434,77.595764
TD-All,pre_refit,42,B0006,525,62.63936845251047,78.309715
TD-All,pre_refit,42,B0006,529,62.36048327920517,78.24158
TD-All,pre_refit,42,B0006,533,62.11872624491582,77.63347
TD-All,pre_refit,42,B0006,537,62.11731201074328,77.72149
TD-All,pre_refit,42,B0006,541,61.86235410492132,78.33567
TD-All,pre_refit,42,B0006,545,62.12742822257309,78.742325
TD-All,pre_refit,42,B0006,548,63.93010610326108,78.45186
TD-All,pre_refit,42,B0006,552,62.62827859533666,78.60777
TD-All,pre_refit,42,B0006,556,61.85683618405182,79.13034
TD-All,pre_refit,42,B0006,560,61.07092794836815,79.57343
TD-All,pre_refit,42,B0006,564,60.82277612678393,78.948746
TD-All,pre_refit,42,B0006,568,60.55640953242813,79.93133
TD-All,pre_refit,42,B0006,572,60.02917505279337,79.49726
TD-All,pre_refit,42,B0006,576,59.75722270334661,79.579384
TD-All,pre_refit,42,B0006,580,59.52315601830062,79.31783
TD-All,pre_refit,42,B0006,584,59.01246912863032,80.30025
TD-All,pre_refit,42,B0006,588,58.74426171153606,80.193726
TD-All,pre_refit,42,B0006,592,58.47122551716232,80.40666
TD-All,pre_refit,42,B0006,596,58.2196597592319,80.45589
TD-All,pre_refit,42,B0006,600,57.18983519098029,81.53076
TD-All,pre_refit,42,B0006,604,57.71437056534329,81.30801
TD-All,pre_refit,42,B0006,608,57.43663099473362,80.61897
TD-All,pre_refit,42,B0006,612,58.23847489632371,81.418396
TD-All,pre_refit,42,B0006,614,58.76884540363096,81.2747
TD-All,refit_on_3,42,B0006,2,100.88297108833646,101.42708
TD-All,refit_on_3,42,B0006,4,100.37753235288778,101.463554
TD-All,refit_on_3,42,B0006,6,99.79196916000484,101.41253
TD-All,refit_on_3,42,B0006,8,99.7899019818078,101.23059
TD-All,refit_on_3,42,B0006,10,99.15762541696316,100.94019
TD-All,refit_on_3,42,B0006,12,99.8203556776378,101.609146
TD-All,refit_on_3,42,B0006,14,99.7808037027038,101.481415
TD-All,refit_on_3,42,B0006,16,97.5844832820893,100.43363
TD-All,refit_on_3,42,B0006,18,97.5535716293996,100.1995
TD-All,refit_on_3,42,B0006,20,97.01155142541865,99.91239
TD-All,refit_on_3,42,B0006,22,96.43502080876348,99.780396
TD-All,refit_on_3,42,B0006,25,95.8972998236526,99.43329
TD-All,refit_on_3,42,B0006,27,95.32875373854844,99.3018
TD-All,refit_on_3,42,B0006,29,94.76419905980474,99.02323
TD-All,refit_on_3,42,B0006,31,94.22773853976388,98.59024
TD-All,refit_on_3,42,B0006,33,93.6395064953226,98.17112
TD-All,refit_on_3,42,B0006,35,93.09821798643677,98.25192
TD-All,refit_on_3,42,B0006,37,92.56743574756617,97.837364
TD-All,refit_on_3,42,B0006,39,92.56840432582156,97.77637
TD-All,refit_on_3,42,B0006,42,98.12161319843736,100.4051
TD-All,refit_on_3,42,B0006,46,97.02736865587346,100.28263
TD-All,refit_on_3,42,B0006,50,96.4457203456954,99.73356
TD-All,refit_on_3,42,B0006,54,95.37664206593776,99.322495
TD-All,refit_on_3,42,B0006,58,96.45395400781383,99.60273
TD-All,refit_on_3,42,B0006,62,94.2446511737385,98.63883
TD-All,refit_on_3,42,B0006,66,93.11783815158223,97.84508
TD-All,refit_on_3,42,B0006,70,92.60393676951,97.79702
TD-All,refit_on_3,42,B0006,74,91.99518419888014,97.474014
TD-All,refit_on_3,42,B0006,78,91.45865458065036,97.325356
TD-All,refit_on_3,42,B0006,82,92.05488530825814,97.385216
TD-All,refit_on_3,42,B0006,86,95.40291074415664,99.328285
TD-All,refit_on_3,42,B0006,90,93.2941701264468,98.06404
TD-All,refit_on_3,42,B0006,94,91.95812296295944,97.148315
TD-All,refit_on_3,42,B0006,98,91.16379285351326,96.36543
TD-All,refit_on_3,42,B0006,102,90.13722315501992,95.61759
TD-All,refit_on_3,42,B0006,106,89.88629167454431,95.32487
TD-All,refit_on_3,42,B0006,110,89.07464504963947,94.69349
TD-All,refit_on_3,42,B0006,114,88.27677498375004,93.96105
TD-All,refit_on_3,42,B0006,118,87.78153478310176,93.26935
TD-All,refit_on_3,42,B0006,122,87.25902301297472,92.792435
TD-All,refit_on_3,42,B0006,126,86.75445063463465,92.59424
TD-All,refit_on_3,42,B0006,130,86.21919662960373,92.02574
TD-All,refit_on_3,42,B0006,134,86.97181002045869,92.891304
TD-All,refit_on_3,42,B0006,136,87.53004089819298,92.51146
TD-All,refit_on_3,42,B0006,140,85.93648557449694,91.15468
TD-All,refit_on_3,42,B0006,144,84.92223069682748,90.372505
TD-All,refit_on_3,42,B0006,148,84.38106569995976,89.60308
TD-All,refit_on_3,42,B0006,150,90.39396636175364,94.15547
TD-All,refit_on_3,42,B0006,154,89.62118442408695,93.86207
TD-All,refit_on_3,42,B0006,158,88.01687540594799,92.35666
TD-All,refit_on_3,42,B0006,162,86.47934133475826,91.315056
TD-All,refit_on_3,42,B0006,166,85.7093899316892,90.51994
TD-All,refit_on_3,42,B0006,170,84.66363361309608,89.92601
TD-All,refit_on_3,42,B0006,174,84.14253773442293,89.454346
TD-All,refit_on_3,42,B0006,178,83.37268440744252,88.7234
TD-All,refit_on_3,42,B0006,182,82.84795096685752,87.98655
TD-All,refit_on_3,42,B0006,186,82.31672078137474,87.27804
TD-All,refit_on_3,42,B0006,190,81.8390002521071,86.92497
TD-All,refit_on_3,42,B0006,194,81.29446683115198,86.47326
TD-All,refit_on_3,42,B0006,198,80.75246648690656,85.95366
TD-All,refit_on_3,42,B0006,202,79.7437886746144,85.35938
TD-All,refit_on_3,42,B0006,206,79.47984426199564,84.69147
TD-All,refit_on_3,42,B0006,210,79.25415788836384,84.18313
TD-All,refit_on_3,42,B0006,214,78.69188922732394,83.51675
TD-All,refit_on_3,42,B0006,216,78.46114405771091,83.73561
TD-All,refit_on_3,42,B0006,220,77.67630372212932,82.75374
TD-All,refit_on_3,42,B0006,224,77.38916838478035,82.107605
TD-All,refit_on_3,42,B0006,228,76.88491527529958,81.65205
TD-All,refit_on_3,42,B0006,232,76.3646225030132,81.28131
TD-All,refit_on_3,42,B0006,236,75.60327887522882,80.68103
TD-All,refit_on_3,42,B0006,240,75.84333345118733,80.22448
TD-All,refit_on_3,42,B0006,244,75.57070473005419,79.89951
TD-All,refit_on_3,42,B0006,248,75.06972493621848,79.52015
TD-All,refit_on_3,42,B0006,252,74.81407516505371,78.96946
TD-All,refit_on_3,42,B0006,256,74.54671414292675,78.40707
TD-All,refit_on_3,42,B0006,260,74.02740213488109,78.25957
TD-All,refit_on_3,42,B0006,264,73.73556466569462,77.69739
TD-All,refit_on_3,42,B0006,266,75.84980622026112,79.30926
TD-All,refit_on_3,42,B0006,270,74.55060879561292,77.78295
TD-All,refit_on_3,42,B0006,274,73.79142812679322,76.95582
TD-All,refit_on_3,42,B0006,278,73.27190839787096,76.89376
TD-All,refit_on_3,42,B0006,282,73.28093201847443,76.57068
TD-All,refit_on_3,42,B0006,286,73.02095301621284,76.239075
TD-All,refit_on_3,42,B0006,290,72.73851013234444,75.83895
TD-All,refit_on_3,42,B0006,294,71.95104826590523,75.109055
TD-All,refit_on_3,42,B0006,298,71.96564568462234,74.435135
TD-All,refit_on_3,42,B0006,302,71.72895437691278,74.49652
TD-All,refit_on_3,42,B0006,306,71.71434939609318,74.36792
TD-All,refit_on_3,42,B0006,310,71.45761792874575,74.02223
TD-All,refit_on_3,42,B0006,313,78.98726854374111,81.586296
TD-All,refit_on_3,42,B0006,316,76.64794397240323,78.66856
TD-All,refit_on_3,42,B0006,320,75.07747171565073,77.34131
TD-All,refit_on_3,42,B0006,324,74.29795247472106,76.46316
TD-All,refit_on_3,42,B0006,328,73.51146675367659,75.739395
TD-All,refit_on_3,42,B0006,332,73.00864275760908,75.07499
TD-All,refit_on_3,42,B0006,336,72.50277290138493,74.59299
TD-All,refit_on_3,42,B0006,340,71.96131839956391,74.184296
TD-All,refit_on_3,42,B0006,344,71.71500633205595,73.78999
TD-All,refit_on_3,42,B0006,348,71.44305583769248,73.23705
TD-All,refit_on_3,42,B0006,352,70.93898960214143,72.97763
TD-All,refit_on_3,42,B0006,356,70.68194044477139,72.50464
TD-All,refit_on_3,42,B0006,360,70.4074916889224,72.242355
TD-All,refit_on_3,42,B0006,364,70.41804785222855,72.027596
TD-All,refit_on_3,42,B0006,367,71.98210310103482,74.10292
TD-All,refit_on_3,42,B0006,371,70.95618334594263,72.5771
TD-All,refit_on_3,42,B0006,375,70.1362730902931,72.09187
TD-All,refit_on_3,42,B0006,379,69.87433806657212,71.50283
TD-All,refit_on_3,42,B0006,383,69.63573699649338,71.29757
TD-All,refit_on_3,42,B0006,387,69.15232147064526,71.084305
TD-All,refit_on_3,42,B0006,391,69.12109936452545,70.90027
TD-All,refit_on_3,42,B0006,395,68.86250185726787,70.642235
TD-All,refit_on_3,42,B0006,399,68.59092282212131,70.42428
TD-All,refit_on_3,42,B0006,403,68.08750743669,70.40907
TD-All,refit_on_3,42,B0006,407,68.33159705981836,70.18682
TD-All,refit_on_3,42,B0006,411,68.09140360412486,69.958534
TD-All,refit_on_3,42,B0006,415,67.81869443003508,69.78845
TD-All,refit_on_3,42,B0006,419,67.5730638436144,69.70842
TD-All,refit_on_3,42,B0006,423,67.31503513349786,69.48742
TD-All,refit_on_3,42,B0006,427,67.07575548417674,69.483284
TD-All,refit_on_3,42,B0006,431,68.60691404106846,70.06614
TD-All,refit_on_3,42,B0006,433,69.64711039275872,71.1212
TD-All,refit_on_3,42,B0006,437,68.33719964359061,70.16126
TD-All,refit_on_3,42,B0006,441,67.81907707369999,69.680466
TD-All,refit_on_3,42,B0006,445,67.27630029953899,69.651
TD-All,refit_on_3,42,B0006,449,67.03731096833596,69.312546
TD-All,refit_on_3,42,B0006,453,66.78534122129697,69.189224
TD-All,refit_on_3,42,B0006,457,66.26973868287087,69.04724
TD-All,refit_on_3,42,B0006,461,65.98363462621751,68.89296
TD-All,refit_on_3,42,B0006,465,65.72069252661954,68.746254
TD-All,refit_on_3,42,B0006,469,65.50500064349335,68.70845
TD-All,refit_on_3,42,B0006,473,65.48747074550045,68.434425
TD-All,refit_on_3,42,B0006,477,65.2110653386093,68.281265
TD-All,refit_on_3,42,B0006,481,65.47148558720653,68.3398
TD-All,refit_on_3,42,B0006,483,66.78647932759047,69.22152
TD-All,refit_on_3,42,B0006,485,65.72477818237311,68.379036
TD-All,refit_on_3,42,B0006,489,64.93697426302657,68.24745
TD-All,refit_on_3,42,B0006,493,64.69397950587184,68.1156
TD-All,refit_on_3,42,B0006,497,64.45556804271465,68.20906
TD-All,refit_on_3,42,B0006,501,64.44711910522597,67.866745
TD-All,refit_on_3,42,B0006,505,63.9153253541329,67.88127
TD-All,refit_on_3,42,B0006,509,63.40709756117343,67.94179
TD-All,refit_on_3,42,B0006,513,63.40485519747241,67.80575
TD-All,refit_on_3,42,B0006,517,63.14854807557744,67.7056
TD-All,refit_on_3,42,B0006,521,63.15304028594434,67.55233
TD-All,refit_on_3,42,B0006,525,62.63936845251047,67.71639
TD-All,refit_on_3,42,B0006,529,62.36048327920517,67.63583
TD-All,refit_on_3,42,B0006,533,62.11872624491582,67.65743
TD-All,refit_on_3,42,B0006,537,62.11731201074328,67.43407
TD-All,refit_on_3,42,B0006,541,61.86235410492132,67.50524
TD-All,refit_on_3,42,B0006,545,62.12742822257309,67.25688
TD-All,refit_on_3,42,B0006,548,63.93010610326108,67.80922
TD-All,refit_on_3,42,B0006,552,62.62827859533666,67.2686
TD-All,refit_on_3,42,B0006,556,61.85683618405182,67.18009
TD-All,refit_on_3,42,B0006,560,61.07092794836815,67.20886
TD-All,refit_on_3,42,B0006,564,60.82277612678393,67.04724
TD-All,refit_on_3,42,B0006,568,60.55640953242813,66.88169
TD-All,refit_on_3,42,B0006,572,60.02917505279337,66.88364
TD-All,refit_on_3,42,B0006,576,59.75722270334661,66.71
TD-All,refit_on_3,42,B0006,580,59.52315601830062,66.58421
TD-All,refit_on_3,42,B0006,584,59.01246912863032,66.57582
TD-All,refit_on_3,42,B0006,588,58.74426171153606,66.489914
TD-All,refit_on_3,42,B0006,592,58.47122551716232,66.30955
TD-All,refit_on_3,42,B0006,596,58.2196597592319,66.27243
TD-All,refit_on_3,42,B0006,600,57.18983519098029,66.08473
TD-All,refit_on_3,42,B0006,604,57.71437056534329,66.09961
TD-All,refit_on_3,42,B0006,608,57.43663099473362,65.933914
TD-All,refit_on_3,42,B0006,612,58.23847489632371,66.37578
TD-All,refit_on_3,42,B0006,614,58.76884540363096,66.78394
TD-All,pre_refit,42,B0007,2,100.45351791563915,95.29662
TD-All,pre_refit,42,B0007,4,99.900254379013,96.65946
TD-All,pre_refit,42,B0007,6,99.90161660017114,96.50943
TD-All,pre_refit,42,B0007,8,99.9073657865712,96.34203
TD-All,pre_refit,42,B0007,10,99.83724531860553,96.3676
TD-All,pre_refit,42,B0007,12,99.90361817867274,96.975266
TD-All,pre_refit,42,B0007,14,99.86297576917136,96.919174
TD-All,pre_refit,42,B0007,16,99.94656396119812,96.322556
TD-All,pre_refit,42,B0007,18,99.31878532934633,96.05778
TD-All,pre_refit,42,B0007,20,99.33799331164263,96.039246
TD-All,pre_refit,42,B0007,22,99.33756087304828,95.836525
TD-All,pre_refit,42,B0007,25,98.78551523188162,95.21208
TD-All,pre_refit,42,B0007,27,98.75485184986668,95.42653
TD-All,pre_refit,42,B0007,29,98.75133536665352,95.268135
TD-All,pre_refit,42,B0007,31,98.77012942519043,95.458466
TD-All,pre_refit,42,B0007,33,98.73683812511632,95.27762
TD-All,pre_refit,42,B0007,35,98.15685575226132,95.049904
TD-All,pre_refit,42,B0007,37,98.19446503474695,95.01065
TD-All,pre_refit,42,B0007,39,98.186691403046,94.867485
TD-All,pre_refit,42,B0007,42,99.90787801510066,96.789444
TD-All,pre_refit,42,B0007,46,99.94461695603135,96.4654
TD-All,pre_refit,42,B0007,50,99.92460497901308,96.58582
TD-All,pre_refit,42,B0007,54,99.38880751306714,96.29953
TD-All,pre_refit,42,B0007,58,99.34580918956073,96.27205
TD-All,pre_refit,42,B0007,62,99.37088315432128,96.0832
TD-All,pre_refit,42,B0007,66,98.78342046080256,95.90114
TD-All,pre_refit,42,B0007,70,98.8058078187501,95.904915
TD-All,pre_refit,42,B0007,74,98.75966747373796,95.768326
TD-All,pre_refit,42,B0007,78,98.1739885027512,95.605095
TD-All,pre_refit,42,B0007,82,98.23039625446908,95.45019
TD-All,pre_refit,42,B0007,86,100.05062324611636,98.96518
TD-All,pre_refit,42,B0007,90,98.95386520139344,97.93353
TD-All,pre_refit,42,B0007,94,98.38356039411237,97.70134
TD-All,pre_refit,42,B0007,98,98.11080955264678,97.04464
TD-All,pre_refit,42,B0007,102,97.57312273601715,97.09416
TD-All,pre_refit,42,B0007,106,97.5908400366413,96.61524
TD-All,pre_refit,42,B0007,110,97.29922460125108,96.4577
TD-All,pre_refit,42,B0007,114,96.74012336609094,96.444244
TD-All,pre_refit,42,B0007,118,96.49359124138364,95.81256
TD-All,pre_refit,42,B0007,122,96.22137391342224,95.640625
TD-All,pre_refit,42,B0007,126,96.233276781278,95.39869
TD-All,pre_refit,42,B0007,130,95.93841918044076,95.29224
TD-All,pre_refit,42,B0007,134,96.31819241353496,96.11566
TD-All,pre_refit,42,B0007,136,95.94953719543624,95.19685
TD-All,pre_refit,42,B0007,140,95.3953227427902,94.68782
TD-All,pre_refit,42,B0007,144,94.86699939598208,94.64885
TD-All,pre_refit,42,B0007,148,94.57173479963342,94.039474
TD-All,pre_refit,42,B0007,150,96.41760769059738,93.607315
TD-All,pre_refit,42,B0007,154,96.45090493439226,94.95996
TD-All,pre_refit,42,B0007,158,95.6297003383392,94.95067
TD-All,pre_refit,42,B0007,162,95.10935396520227,95.08648
TD-All,pre_refit,42,B0007,166,94.57259385530976,94.06734
TD-All,pre_refit,42,B0007,170,94.30623404626093,94.13361
TD-All,pre_refit,42,B0007,174,94.0371367595855,93.5022
TD-All,pre_refit,42,B0007,178,93.49626919937222,93.14014
TD-All,pre_refit,42,B0007,182,92.9420388383138,92.3254
TD-All,pre_refit,42,B0007,186,92.94217065781828,92.134735
TD-All,pre_refit,42,B0007,190,92.69668329388116,91.88533
TD-All,pre_refit,42,B0007,194,92.41073633514534,91.62283
TD-All,pre_refit,42,B0007,198,91.82208130681248,91.17608
TD-All,pre_refit,42,B0007,202,91.5743327473832,91.775665
TD-All,pre_refit,42,B0007,206,91.04730118386937,91.01398
TD-All,pre_refit,42,B0007,210,91.04684020750553,90.30115
TD-All,pre_refit,42,B0007,214,90.49873919973382,89.85887
TD-All,pre_refit,42,B0007,216,90.51794914609178,90.081825
TD-All,pre_refit,42,B0007,220,89.96325858213598,90.02317
TD-All,pre_refit,42,B0007,224,89.64911074691454,89.18552
TD-All,pre_refit,42,B0007,228,89.4056438247883,89.086945
TD-All,pre_refit,42,B0007,232,89.13221056506995,88.87278
TD-All,pre_refit,42,B0007,236,88.88142970948275,89.15346
TD-All,pre_refit,42,B0007,240,88.57496163215028,87.87516
TD-All,pre_refit,42,B0007,244,88.30030467403411,87.70735
TD-All,pre_refit,42,B0007,248,88.04309784572763,87.392204
TD-All,pre_refit,42,B0007,252,87.7835715053401,87.012955
TD-All,pre_refit,42,B0007,256,87.5009058762453,86.77268
TD-All,pre_refit,42,B0007,260,86.92700430940862,86.888405
TD-All,pre_refit,42,B0007,264,86.91859800690037,86.48176
TD-All,pre_refit,42,B0007,266,87.17696241036246,86.50328
TD-All,pre_refit,42,B0007,270,86.66971006432802,86.09163
TD-All,pre_refit,42,B0007,274,86.11955257111292,85.62183
TD-All,pre_refit,42,B0007,278,85.86532022039283,86.06519
TD-All,pre_refit,42,B0007,282,85.83324550155743,85.00098
TD-All,pre_refit,42,B0007,286,85.88108948972226,84.86366
TD-All,pre_refit,42,B0007,290,85.56987844007078,84.84294
TD-All,pre_refit,42,B0007,294,85.027771191142,85.09232
TD-All,pre_refit,42,B0007,298,84.77582688520748,83.90847
TD-All,pre_refit,42,B0007,302,84.79178974791847,83.8271
TD-All,pre_refit,42,B0007,306,84.76993385106519,83.697495
TD-All,pre_refit,42,B0007,310,84.49605927424464,83.482254
TD-All,pre_refit,42,B0007,313,89.71090998622898,88.41554
TD-All,pre_refit,42,B0007,316,86.37349719367897,85.22257
TD-All,pre_refit,42,B0007,320,85.82898928627563,84.9485
TD-All,pre_refit,42,B0007,324,85.2934976107533,84.38193
TD-All,pre_refit,42,B0007,328,84.72574724857897,83.95192
TD-All,pre_refit,42,B0007,332,84.48328177752624,83.745445
TD-All,pre_refit,42,B0007,336,84.21457006738538,83.51807
TD-All,pre_refit,42,B0007,340,83.9288888229777,83.24056
TD-All,pre_refit,42,B0007,344,83.67629222648154,83.463066
TD-All,pre_refit,42,B0007,348,83.38837618926404,82.8343
TD-All,pre_refit,42,B0007,352,83.41270816038221,82.699295
TD-All,pre_refit,42,B0007,356,83.14675201444969,82.51392
TD-All,pre_refit,42,B0007,360,82.8484308280049,82.75164
TD-All,pre_refit,42,B0007,364,83.13252526962864,82.32462
TD-All,pre_refit,42,B0007,367,83.66359396289195,83.6591
TD-All,pre_refit,42,B0007,371,83.14841165448959,82.70218
TD-All,pre_refit,42,B0007,375,82.85488835556158,83.02772
TD-All,pre_refit,42,B0007,379,82.33123711829187,82.22622
TD-All,pre_refit,42,B0007,383,82.01142381939957,81.721725
TD-All,pre_refit,42,B0007,387,82.07206587982726,82.342064
TD-All,pre_refit,42,B0007,391,82.0495038543302,81.597824
TD-All,pre_refit,42,B0007,395,81.5031419618624,81.27927
TD-All,pre_refit,42,B0007,399,81.20841503507037,81.05364
TD-All,pre_refit,42,B0007,403,81.21721340553746,81.744934
TD-All,pre_refit,42,B0007,407,81.22601148878292,80.90077
TD-All,pre_refit,42,B0007,411,80.95054391771832,80.71873
TD-All,pre_refit,42,B0007,415,80.67227833994721,80.53213
TD-All,pre_refit,42,B0007,419,80.40565013650571,80.30086
TD-All,pre_refit,42,B0007,423,80.40335490244634,80.52522
TD-All,pre_refit,42,B0007,427,80.42152437300291,80.80048
TD-All,pre_refit,42,B0007,431,81.48461605871495,81.335884
TD-All,pre_refit,42,B0007,433,81.75963969607048,81.85768
TD-All,pre_refit,42,B0007,437,80.93560989493338,80.905594
TD-All,pre_refit,42,B0007,441,80.40209515327608,80.6181
TD-All,pre_refit,42,B0007,445,80.09419697809993,80.19363
TD-All,pre_refit,42,B0007,449,79.85042691616567,80.08615
TD-All,pre_refit,42,B0007,453,79.56495728605914,79.81655
TD-All,pre_refit,42,B0007,457,79.30076147796538,79.65974
TD-All,pre_refit,42,B0007,461,79.2776995197187,79.39996
TD-All,pre_refit,42,B0007,465,79.01573008127421,79.89907
TD-All,pre_refit,42,B0007,469,78.7529099419952,79.29525
TD-All,pre_refit,42,B0007,473,78.76631135529045,78.93468
TD-All,pre_refit,42,B0007,477,78.45734950325969,78.82433
TD-All,pre_refit,42,B0007,481,78.71925319505982,78.997894
TD-All,pre_refit,42,B0007,483,79.58166685963718,79.6432
TD-All,pre_refit,42,B0007,485,78.72860058663869,79.30489
TD-All,pre_refit,42,B0007,489,78.46501751785956,78.83521
TD-All,pre_refit,42,B0007,493,78.19738333514631,78.55709
TD-All,pre_refit,42,B0007,497,78.20645287101384,78.74419
TD-All,pre_refit,42,B0007,501,77.92824275772597,78.52494
TD-All,pre_refit,42,B0007,505,77.6497101362114,78.55786
TD-All,pre_refit,42,B0007,509,77.38028422735451,78.49439
TD-All,pre_refit,42,B0007,513,77.09660547904922,77.80018
TD-All,pre_refit,42,B0007,517,77.11046744203753,77.86309
TD-All,pre_refit,42,B0007,521,76.85550035450103,77.76582
TD-All,pre_refit,42,B0007,525,76.85236240084764,78.205666
TD-All,pre_refit,42,B0007,529,76.56671722215358,77.425026
TD-All,pre_refit,42,B0007,533,76.29399038621672,77.19646
TD-All,pre_refit,42,B0007,537,76.32425788720361,76.98662
TD-All,pre_refit,42,B0007,541,76.29658741049414,77.62052
TD-All,pre_refit,42,B0007,545,76.59209728582513,76.98223
TD-All,pre_refit,42,B0007,548,77.93863743061358,78.25218
TD-All,pre_refit,42,B0007,552,77.12364718084329,77.7815
TD-All,pre_refit,42,B0007,556,76.8725967441492,77.64528
TD-All,pre_refit,42,B0007,560,76.58854113704766,77.8492
TD-All,pre_refit,42,B0007,564,76.04885672654179,77.28618
TD-All,pre_refit,42,B0007,568,76.05828438472663,76.994995
TD-All,pre_refit,42,B0007,572,75.76335089505734,77.11776
TD-All,pre_refit,42,B0007,576,75.75439980355237,76.64152
TD-All,pre_refit,42,B0007,580,75.49812548326929,76.2807
TD-All,pre_refit,42,B0007,584,75.23591897923467,76.662796
TD-All,pre_refit,42,B0007,588,75.24924732301496,76.49344
TD-All,pre_refit,42,B0007,592,74.94444174506414,76.13346
TD-All,pre_refit,42,B0007,596,74.95266425125988,76.1105
TD-All,pre_refit,42,B0007,600,74.69643604452878,76.251015
TD-All,pre_refit,42,B0007,604,74.7051700493532,75.97519
TD-All,pre_refit,42,B0007,608,74.39278959915883,75.60032
TD-All,pre_refit,42,B0007,612,75.52591562947222,76.90305
TD-All,pre_refit,42,B0007,614,76.09264518290325,77.85439
TD-All,refit_on_3,42,B0007,2,100.45351791563915,98.23231
TD-All,refit_on_3,42,B0007,4,99.900254379013,98.90974
TD-All,refit_on_3,42,B0007,6,99.90161660017114,98.701775
TD-All,refit_on_3,42,B0007,8,99.9073657865712,98.38278
TD-All,refit_on_3,42,B0007,10,99.83724531860553,98.32057
TD-All,refit_on_3,42,B0007,12,99.90361817867274,99.01583
TD-All,refit_on_3,42,B0007,14,99.86297576917136,99.0726
TD-All,refit_on_3,42,B0007,16,99.94656396119812,98.35148
TD-All,refit_on_3,42,B0007,18,99.31878532934633,97.96528
TD-All,refit_on_3,42,B0007,20,99.33799331164263,97.8544
TD-All,refit_on_3,42,B0007,22,99.33756087304828,97.54047
TD-All,refit_on_3,42,B0007,25,98.78551523188162,97.11365
TD-All,refit_on_3,42,B0007,27,98.75485184986668,97.173096
TD-All,refit_on_3,42,B0007,29,98.75133536665352,96.84643
TD-All,refit_on_3,42,B0007,31,98.77012942519043,96.96985
TD-All,refit_on_3,42,B0007,33,98.73683812511632,96.730545
TD-All,refit_on_3,42,B0007,35,98.15685575226132,96.47872
TD-All,refit_on_3,42,B0007,37,98.19446503474695,96.4087
TD-All,refit_on_3,42,B0007,39,98.186691403046,96.28153
TD-All,refit_on_3,42,B0007,42,99.90787801510066,99.4338
TD-All,refit_on_3,42,B0007,46,99.94461695603135,99.20874
TD-All,refit_on_3,42,B0007,50,99.92460497901308,98.80824
TD-All,refit_on_3,42,B0007,54,99.38880751306714,98.29928
TD-All,refit_on_3,42,B0007,58,99.34580918956073,98.22236
TD-All,refit_on_3,42,B0007,62,99.37088315432128,97.90475
TD-All,refit_on_3,42,B0007,66,98.78342046080256,97.666336
TD-All,refit_on_3,42,B0007,70,98.8058078187501,97.54059
TD-All,refit_on_3,42,B0007,74,98.75966747373796,97.40082
TD-All,refit_on_3,42,B0007,78,98.1739885027512,97.30881
TD-All,refit_on_3,42,B0007,82,98.23039625446908,97.08466
TD-All,refit_on_3,42,B0007,86,100.05062324611636,100.78456
TD-All,refit_on_3,42,B0007,90,98.95386520139344,99.199684
TD-All,refit_on_3,42,B0007,94,98.38356039411237,98.61263
TD-All,refit_on_3,42,B0007,98,98.11080955264678,97.985115
TD-All,refit_on_3,42,B0007,102,97.57312273601715,98.013374
TD-All,refit_on_3,42,B0007,106,97.5908400366413,98.12511
TD-All,refit_on_3,42,B0007,110,97.29922460125108,97.4872
TD-All,refit_on_3,42,B0007,114,96.74012336609094,97.36794
TD-All,refit_on_3,42,B0007,118,96.49359124138364,96.8294
TD-All,refit_on_3,42,B0007,122,96.22137391342224,96.96599
TD-All,refit_on_3,42,B0007,126,96.233276781278,97.12112
TD-All,refit_on_3,42,B0007,130,95.93841918044076,96.940895
TD-All,refit_on_3,42,B0007,134,96.31819241353496,97.21704
TD-All,refit_on_3,42,B0007,136,95.94953719543624,96.438446
TD-All,refit_on_3,42,B0007,140,95.3953227427902,95.66186
TD-All,refit_on_3,42,B0007,144,94.86699939598208,95.60715
TD-All,refit_on_3,42,B0007,148,94.57173479963342,95.1495
TD-All,refit_on_3,42,B0007,150,96.41760769059738,97.811325
TD-All,refit_on_3,42,B0007,154,96.45090493439226,97.11549
TD-All,refit_on_3,42,B0007,158,95.6297003383392,96.47983
TD-All,refit_on_3,42,B0007,162,95.10935396520227,96.44099
TD-All,refit_on_3,42,B0007,166,94.57259385530976,95.55499
TD-All,refit_on_3,42,B0007,170,94.30623404626093,95.676735
TD-All,refit_on_3,42,B0007,174,94.0371367595855,95.25915
TD-All,refit_on_3,42,B0007,178,93.49626919937222,94.708725
TD-All,refit_on_3,42,B0007,182,92.9420388383138,93.78099
TD-All,refit_on_3,42,B0007,186,92.94217065781828,93.57399
TD-All,refit_on_3,42,B0007,190,92.69668329388116,93.52296
TD-All,refit_on_3,42,B0007,194,92.41073633514534,93.30046
TD-All,refit_on_3,42,B0007,198,91.82208130681248,92.65387
TD-All,refit_on_3,42,B0007,202,91.5743327473832,93.2227
TD-All,refit_on_3,42,B0007,206,91.04730118386937,92.32729
TD-All,refit_on_3,42,B0007,210,91.04684020750553,91.971565
TD-All,refit_on_3,42,B0007,214,90.49873919973382,91.117134
TD-All,refit_on_3,42,B0007,216,90.51794914609178,91.546455
TD-All,refit_on_3,42,B0007,220,89.96325858213598,91.42225
TD-All,refit_on_3,42,B0007,224,89.64911074691454,90.57396
TD-All,refit_on_3,42,B0007,228,89.4056438247883,90.5003
TD-All,refit_on_3,42,B0007,232,89.13221056506995,90.30518
TD-All,refit_on_3,42,B0007,236,88.88142970948275,90.54446
TD-All,refit_on_3,42,B0007,240,88.57496163215028,89.301636
TD-All,refit_on_3,42,B0007,244,88.30030467403411,89.11553
TD-All,refit_on_3,42,B0007,248,88.04309784572763,88.793015
TD-All,refit_on_3,42,B0007,252,87.7835715053401,88.38782
TD-All,refit_on_3,42,B0007,256,87.5009058762453,88.12287
TD-All,refit_on_3,42,B0007,260,86.92700430940862,88.15661
TD-All,refit_on_3,42,B0007,264,86.91859800690037,87.72921
TD-All,refit_on_3,42,B0007,266,87.17696241036246,88.04673
TD-All,refit_on_3,42,B0007,270,86.66971006432802,87.16144
TD-All,refit_on_3,42,B0007,274,86.11955257111292,86.773674
TD-All,refit_on_3,42,B0007,278,85.86532022039283,87.30778
TD-All,refit_on_3,42,B0007,282,85.83324550155743,86.53761
TD-All,refit_on_3,42,B0007,286,85.88108948972226,86.305244
TD-All,refit_on_3,42,B0007,290,85.56987844007078,86.206856
TD-All,refit_on_3,42,B0007,294,85.027771191142,86.16453
TD-All,refit_on_3,42,B0007,298,84.77582688520748,85.01862
TD-All,refit_on_3,42,B0007,302,84.79178974791847,85.31691
TD-All,refit_on_3,42,B0007,306,84.76993385106519,85.16633
TD-All,refit_on_3,42,B0007,310,84.49605927424464,84.62323
TD-All,refit_on_3,42,B0007,313,89.71090998622898,89.915054
TD-All,refit_on_3,42,B0007,316,86.37349719367897,87.06288
TD-All,refit_on_3,42,B0007,320,85.82898928627563,86.34671
TD-All,refit_on_3,42,B0007,324,85.2934976107533,85.69319
TD-All,refit_on_3,42,B0007,328,84.72574724857897,85.25313
TD-All,refit_on_3,42,B0007,332,84.48328177752624,85.018105
TD-All,refit_on_3,42,B0007,336,84.21457006738538,84.77912
TD-All,refit_on_3,42,B0007,340,83.9288888229777,84.43293
TD-All,refit_on_3,42,B0007,344,83.67629222648154,84.60976
TD-All,refit_on_3,42,B0007,348,83.38837618926404,83.872116
TD-All,refit_on_3,42,B0007,352,83.41270816038221,83.777916
TD-All,refit_on_3,42,B0007,356,83.14675201444969,83.482666
TD-All,refit_on_3,42,B0007,360,82.8484308280049,83.66531
TD-All,refit_on_3,42,B0007,364,83.13252526962864,83.31713
TD-All,refit_on_3,42,B0007,367,83.66359396289195,84.93691
TD-All,refit_on_3,42,B0007,371,83.14841165448959,83.707405
TD-All,refit_on_3,42,B0007,375,82.85488835556158,83.96583
TD-All,refit_on_3,42,B0007,379,82.33123711829187,83.118164
TD-All,refit_on_3,42,B0007,383,82.01142381939957,82.77155
TD-All,refit_on_3,42,B0007,387,82.07206587982726,83.398506
TD-All,refit_on_3,42,B0007,391,82.0495038543302,82.68583
TD-All,refit_on_3,42,B0007,395,81.5031419618624,82.22572
TD-All,refit_on_3,42,B0007,399,81.20841503507037,82.07393
TD-All,refit_on_3,42,B0007,403,81.21721340553746,82.75668
TD-All,refit_on_3,42,B0007,407,81.22601148878292,82.01724
TD-All,refit_on_3,42,B0007,411,80.95054391771832,81.69514
TD-All,refit_on_3,42,B0007,415,80.67227833994721,81.476166
TD-All,refit_on_3,42,B0007,419,80.40565013650571,81.25698
TD-All,refit_on_3,42,B0007,423,80.40335490244634,81.58573
TD-All,refit_on_3,42,B0007,427,80.42152437300291,81.881195
TD-All,refit_on_3,42,B0007,431,81.48461605871495,82.06408
TD-All,refit_on_3,42,B0007,433,81.75963969607048,82.93349
TD-All,refit_on_3,42,B0007,437,80.93560989493338,81.69616
TD-All,refit_on_3,42,B0007,441,80.40209515327608,81.39337
TD-All,refit_on_3,42,B0007,445,80.09419697809993,81.03674
TD-All,refit_on_3,42,B0007,449,79.85042691616567,80.92193
TD-All,refit_on_3,42,B0007,453,79.56495728605914,80.65811
TD-All,refit_on_3,42,B0007,457,79.30076147796538,80.46712
TD-All,refit_on_3,42,B0007,461,79.2776995197187,80.18128
TD-All,refit_on_3,42,B0007,465,79.01573008127421,80.5763
TD-All,refit_on_3,42,B0007,469,78.7529099419952,80.0463
TD-All,refit_on_3,42,B0007,473,78.76631135529045,79.726425
TD-All,refit_on_3,42,B0007,477,78.45734950325969,79.55603
TD-All,refit_on_3,42,B0007,481,78.71925319505982,79.99034
TD-All,refit_on_3,42,B0007,483,79.58166685963718,80.61955
TD-All,refit_on_3,42,B0007,485,78.72860058663869,79.949005
TD-All,refit_on_3,42,B0007,489,78.46501751785956,79.50385
TD-All,refit_on_3,42,B0007,493,78.19738333514631,79.18415
TD-All,refit_on_3,42,B0007,497,78.20645287101384,79.56746
TD-All,refit_on_3,42,B0007,501,77.92824275772597,79.325134
TD-All,refit_on_3,42,B0007,505,77.6497101362114,79.17955
TD-All,refit_on_3,42,B0007,509,77.38028422735451,79.00828
TD-All,refit_on_3,42,B0007,513,77.09660547904922,78.435326
TD-All,refit_on_3,42,B0007,517,77.11046744203753,78.658295
TD-All,refit_on_3,42,B0007,521,76.85550035450103,78.447
TD-All,refit_on_3,42,B0007,525,76.85236240084764,78.67169
TD-All,refit_on_3,42,B0007,529,76.56671722215358,77.922905
TD-All,refit_on_3,42,B0007,533,76.29399038621672,77.7845
TD-All,refit_on_3,42,B0007,537,76.32425788720361,77.71545
TD-All,refit_on_3,42,B0007,541,76.29658741049414,78.1515
TD-All,refit_on_3,42,B0007,545,76.59209728582513,77.26461
TD-All,refit_on_3,42,B0007,548,77.93863743061358,79.13398
TD-All,refit_on_3,42,B0007,552,77.12364718084329,78.409355
TD-All,refit_on_3,42,B0007,556,76.8725967441492,78.20649
TD-All,refit_on_3,42,B0007,560,76.58854113704766,78.36801
TD-All,refit_on_3,42,B0007,564,76.04885672654179,77.83099
TD-All,refit_on_3,42,B0007,568,76.05828438472663,77.51373
TD-All,refit_on_3,42,B0007,572,75.76335089505734,77.63928
TD-All,refit_on_3,42,B0007,576,75.75439980355237,77.170135
TD-All,refit_on_3,42,B0007,580,75.49812548326929,76.8356
TD-All,refit_on_3,42,B0007,584,75.23591897923467,77.19008
TD-All,refit_on_3,42,B0007,588,75.24924732301496,76.984215
TD-All,refit_on_3,42,B0007,592,74.94444174506414,76.69729
TD-All,refit_on_3,42,B0007,596,74.95266425125988,76.57998
TD-All,refit_on_3,42,B0007,600,74.69643604452878,76.74592
TD-All,refit_on_3,42,B0007,604,74.7051700493532,76.47538
TD-All,refit_on_3,42,B0007,608,74.39278959915883,76.146996
TD-All,refit_on_3,42,B0007,612,75.52591562947222,77.556015
TD-All,refit_on_3,42,B0007,614,76.09264518290325,78.93016
TD-All,pre_refit,42,B0018,3,100.8025811041783,91.0579
TD-All,pre_refit,42,B0018,7,100.16087022619236,92.72205
TD-All,pre_refit,42,B0018,11,99.96558598273582,92.142624
TD-All,pre_refit,42,B0018,15,99.48041766162956,92.06084
TD-All,pre_refit,42,B0018,18,99.59054502526398,94.018486
TD-All,pre_refit,42,B0018,20,99.36387169185286,92.236435
TD-All,pre_refit,42,B0018,22,98.96567828327716,91.835556
TD-All,pre_refit,42,B0018,24,98.63793870309058,91.51224
TD-All,pre_refit,42,B0018,27,98.04714689052696,91.32945
TD-All,pre_refit,42,B0018,30,99.06887382997856,93.60208
TD-All,pre_refit,42,B0018,32,98.47248926951052,92.18298
TD-All,pre_refit,42,B0018,34,98.068534707018,91.60707
TD-All,pre_refit,42,B0018,36,97.31606084566693,90.94705
TD-All,pre_refit,42,B0018,39,96.91537145663308,90.441505
TD-All,pre_refit,42,B0018,42,96.77777434993364,92.54759
TD-All,pre_refit,42,B0018,44,96.24906078283864,91.29107
TD-All,pre_refit,42,B0018,46,96.10893521170082,90.74455
TD-All,pre_refit,42,B0018,48,95.29382636269746,90.09234
TD-All,pre_refit,42,B0018,51,94.89112029628322,89.21282
TD-All,pre_refit,42,B0018,54,94.42623362260446,89.96587
TD-All,pre_refit,42,B0018,56,94.09214261326034,88.81098
TD-All,pre_refit,42,B0018,58,92.84655809058668,89.180374
TD-All,pre_refit,42,B0018,60,93.00278636580364,88.19861
TD-All,pre_refit,42,B0018,63,92.78717154289568,87.88204
TD-All,pre_refit,42,B0018,66,95.05514633441328,90.867935
TD-All,pre_refit,42,B0018,68,94.16023397654948,89.95524
TD-All,pre_refit,42,B0018,70,93.58756901230694,89.71469
TD-All,pre_refit,42,B0018,72,93.02323711734508,89.0929
TD-All,pre_refit,42,B0018,75,92.33971230163448,88.22331
TD-All,pre_refit,42,B0018,78,92.05544475967478,88.95572
TD-All,pre_refit,42,B0018,80,91.39607597710202,87.9798
TD-All,pre_refit,42,B0018,82,91.12841202900309,87.89046
TD-All,pre_refit,42,B0018,84,90.50598444143154,87.39952
TD-All,pre_refit,42,B0018,87,90.05329919062662,86.57377
TD-All,pre_refit,42,B0018,90,89.56595375021743,87.175476
TD-All,pre_refit,42,B0018,92,89.05221474379236,85.79106
TD-All,pre_refit,42,B0018,94,88.4478648526792,85.74051
TD-All,pre_refit,42,B0018,96,88.14926233550939,85.57028
TD-All,pre_refit,42,B0018,99,87.70654438914323,84.994576
TD-All,pre_refit,42,B0018,102,91.07812245566797,88.00326
TD-All,pre_refit,42,B0018,104,89.62445100410937,86.43204
TD-All,pre_refit,42,B0018,106,88.70513095013024,85.556015
TD-All,pre_refit,42,B0018,108,87.83746900859978,84.72871
TD-All,pre_refit,42,B0018,111,87.53788044222665,84.15484
TD-All,pre_refit,42,B0018,114,86.69891328476463,84.52403
TD-All,pre_refit,42,B0018,117,93.83080462693712,90.95064
TD-All,pre_refit,42,B0018,119,93.27978546012802,88.89754
TD-All,pre_refit,42,B0018,121,92.1525471966999,88.10469
TD-All,pre_refit,42,B0018,123,91.17195305362098,87.316635
TD-All,pre_refit,42,B0018,125,90.2416573040256,86.614334
TD-All,pre_refit,42,B0018,128,90.55423897233052,88.50829
TD-All,pre_refit,42,B0018,130,89.49039068452917,86.22429
TD-All,pre_refit,42,B0018,132,88.3454487099843,86.319084
TD-All,pre_refit,42,B0018,134,87.60607299731777,85.52061
TD-All,pre_refit,42,B0018,136,87.25714700042141,84.48882
TD-All,pre_refit,42,B0018,141,90.9473619616094,91.15456
TD-All,pre_refit,42,B0018,143,89.1426764135498,86.1673
TD-All,pre_refit,42,B0018,145,87.66626044455795,84.893936
TD-All,pre_refit,42,B0018,147,86.51592379470374,83.70921
TD-All,pre_refit,42,B0018,150,86.21730704320841,83.10432
TD-All,pre_refit,42,B0018,153,85.8627581657356,83.73414
TD-All,pre_refit,42,B0018,155,84.99855590440428,82.563995
TD-All,pre_refit,42,B0018,157,84.53366840480606,81.94595
TD-All,pre_refit,42,B0018,159,83.69607194854545,81.37738
TD-All,pre_refit,42,B0018,162,83.25899594193369,80.58617
TD-All,pre_refit,42,B0018,165,83.22975722050174,80.99706
TD-All,pre_refit,42,B0018,167,82.72092847997168,80.12131
TD-All,pre_refit,42,B0018,169,81.86598978006339,79.279305
TD-All,pre_refit,42,B0018,171,81.58859278240016,79.04131
TD-All,pre_refit,42,B0018,174,81.31316363799587,78.33927
TD-All,pre_refit,42,B0018,177,83.32773163808899,81.37103
TD-All,pre_refit,42,B0018,179,82.80709531820148,80.1022
TD-All,pre_refit,42,B0018,181,81.57610219236552,78.890686
TD-All,pre_refit,42,B0018,183,81.09929204028072,78.58184
TD-All,pre_refit,42,B0018,185,80.60512587063184,77.908356
TD-All,pre_refit,42,B0018,188,80.4645909654616,78.42003
TD-All,pre_refit,42,B0018,190,80.07171192098461,77.461464
TD-All,pre_refit,42,B0018,192,79.77346222448996,77.217255
TD-All,pre_refit,42,B0018,194,79.23402412051846,76.474915
TD-All,pre_refit,42,B0018,197,78.6783203089025,75.52037
TD-All,pre_refit,42,B0018,200,78.94539372549075,76.5215
TD-All,pre_refit,42,B0018,202,78.38865828037459,75.52507
TD-All,pre_refit,42,B0018,204,78.21127069246836,75.63329
TD-All,pre_refit,42,B0018,206,77.6339684068403,75.2697
TD-All,pre_refit,42,B0018,209,77.43046760934243,74.6085
TD-All,pre_refit,42,B0018,212,79.8708545166814,78.077995
TD-All,pre_refit,42,B0018,214,78.93458463676515,76.03774
TD-All,pre_refit,42,B0018,216,78.40488242765085,75.2695
TD-All,pre_refit,42,B0018,218,77.61921434771055,74.44094
TD-All,pre_refit,42,B0018,220,76.9170609064971,73.701096
TD-All,pre_refit,42,B0018,223,79.04297866359087,76.57012
TD-All,pre_refit,42,B0018,225,77.61605692618127,74.949745
TD-All,pre_refit,42,B0018,227,77.14789574863566,74.499146
TD-All,pre_refit,42,B0018,229,76.92281444261894,74.16275
TD-All,pre_refit,42,B0018,232,76.3858924270674,73.214676
TD-All,pre_refit,42,B0018,235,76.53620320177981,74.15193
TD-All,pre_refit,42,B0018,237,75.9063201738239,73.0854
TD-All,pre_refit,42,B0018,239,75.72766142150313,72.92452
TD-All,pre_refit,42,B0018,241,75.49928800503805,72.84582
TD-All,pre_refit,42,B0018,244,74.9124451895705,71.945076
TD-All,pre_refit,42,B0018,247,75.25674730493446,73.03448
TD-All,pre_refit,42,B0018,249,74.46467849076038,71.57411
TD-All,pre_refit,42,B0018,251,74.62885626516028,71.84237
TD-All,pre_refit,42,B0018,253,74.33553994642665,71.75605
TD-All,pre_refit,42,B0018,256,73.72504079935909,70.910736
TD-All,pre_refit,42,B0018,259,79.36110924975578,76.999695
TD-All,pre_refit,42,B0018,261,78.799706688891,76.40243
TD-All,pre_refit,42,B0018,263,78.14983302548104,76.14492
TD-All,pre_refit,42,B0018,265,77.61878718971624,75.37379
TD-All,pre_refit,42,B0018,267,76.88079746021991,74.346634
TD-All,pre_refit,42,B0018,270,76.8319836786595,74.74795
TD-All,pre_refit,42,B0018,272,76.01926160635412,73.82647
TD-All,pre_refit,42,B0018,274,75.82358510102308,74.02852
TD-All,pre_refit,42,B0018,276,75.53633219814198,74.038666
TD-All,pre_refit,42,B0018,279,75.31793705780649,72.82169
TD-All,pre_refit,42,B0018,282,75.43684114368729,72.98804
TD-All,pre_refit,42,B0018,284,74.7829788363973,71.67204
TD-All,pre_refit,42,B0018,286,74.15991898288928,71.138794
TD-All,pre_refit,42,B0018,288,73.84846878839457,70.925415
TD-All,pre_refit,42,B0018,291,73.15537271331122,70.11541
TD-All,pre_refit,42,B0018,294,77.53589472577204,75.24024
TD-All,pre_refit,42,B0018,296,76.42763235972666,74.27555
TD-All,pre_refit,42,B0018,298,75.72351586777258,73.54811
TD-All,pre_refit,42,B0018,300,75.4386936803776,73.20012
TD-All,pre_refit,42,B0018,302,74.45721490205536,72.1969
TD-All,pre_refit,42,B0018,305,74.97385174402893,72.95877
TD-All,pre_refit,42,B0018,307,74.3741167471391,72.32466
TD-All,pre_refit,42,B0018,309,74.05233968989694,72.48734
TD-All,pre_refit,42,B0018,311,74.08863589293038,72.48294
TD-All,pre_refit,42,B0018,314,73.46151441244959,71.03108
TD-All,pre_refit,42,B0018,317,73.62086195282473,71.61858
TD-All,pre_refit,42,B0018,319,72.87391760769836,70.61736
TD-All,refit_on_3,42,B0018,3,100.8025811041783,91.16332
TD-All,refit_on_3,42,B0018,7,100.16087022619236,93.798965
TD-All,refit_on_3,42,B0018,11,99.96558598273582,93.16554
TD-All,refit_on_3,42,B0018,15,99.48041766162956,93.11209
TD-All,refit_on_3,42,B0018,18,99.59054502526398,95.14005
TD-All,refit_on_3,42,B0018,20,99.36387169185286,93.103264
TD-All,refit_on_3,42,B0018,22,98.96567828327716,92.70196
TD-All,refit_on_3,42,B0018,24,98.63793870309058,92.37108
TD-All,refit_on_3,42,B0018,27,98.04714689052696,92.18864
TD-All,refit_on_3,42,B0018,30,99.06887382997856,94.7056
TD-All,refit_on_3,42,B0018,32,98.47248926951052,93.07333
TD-All,refit_on_3,42,B0018,34,98.068534707018,92.41897
TD-All,refit_on_3,42,B0018,36,97.31606084566693,91.777435
TD-All,refit_on_3,42,B0018,39,96.91537145663308,91.27113
TD-All,refit_on_3,42,B0018,42,96.77777434993364,93.562416
TD-All,refit_on_3,42,B0018,44,96.24906078283864,92.09566
TD-All,refit_on_3,42,B0018,46,96.10893521170082,91.451645
TD-All,refit_on_3,42,B0018,48,95.29382636269746,90.80054
TD-All,refit_on_3,42,B0018,51,94.89112029628322,89.89242
TD-All,refit_on_3,42,B0018,54,94.42623362260446,90.79142
TD-All,refit_on_3,42,B0018,56,94.09214261326034,89.53934
TD-All,refit_on_3,42,B0018,58,92.84655809058668,89.70182
TD-All,refit_on_3,42,B0018,60,93.00278636580364,88.88497
TD-All,refit_on_3,42,B0018,63,92.78717154289568,88.54673
TD-All,refit_on_3,42,B0018,66,95.05514633441328,91.792435
TD-All,refit_on_3,42,B0018,68,94.16023397654948,90.659424
TD-All,refit_on_3,42,B0018,70,93.58756901230694,90.352554
TD-All,refit_on_3,42,B0018,72,93.02323711734508,89.65907
TD-All,refit_on_3,42,B0018,75,92.33971230163448,88.74225
TD-All,refit_on_3,42,B0018,78,92.05544475967478,89.658005
TD-All,refit_on_3,42,B0018,80,91.39607597710202,88.53396
TD-All,refit_on_3,42,B0018,82,91.12841202900309,88.401855
TD-All,refit_on_3,42,B0018,84,90.50598444143154,87.84488
TD-All,refit_on_3,42,B0018,87,90.05329919062662,86.990654
TD-All,refit_on_3,42,B0018,90,89.56595375021743,87.72119
TD-All,refit_on_3,42,B0018,92,89.05221474379236,86.172966
TD-All,refit_on_3,42,B0018,94,88.4478648526792,86.17149
TD-All,refit_on_3,42,B0018,96,88.14926233550939,85.95566
TD-All,refit_on_3,42,B0018,99,87.70654438914323,85.29143
TD-All,refit_on_3,42,B0018,102,91.07812245566797,88.60893
TD-All,refit_on_3,42,B0018,104,89.62445100410937,86.85275
TD-All,refit_on_3,42,B0018,106,88.70513095013024,85.883224
TD-All,refit_on_3,42,B0018,108,87.83746900859978,85.03767
TD-All,refit_on_3,42,B0018,111,87.53788044222665,84.509796
TD-All,refit_on_3,42,B0018,114,86.69891328476463,84.967545
TD-All,refit_on_3,42,B0018,117,93.83080462693712,90.46833
TD-All,refit_on_3,42,B0018,119,93.27978546012802,89.405334
TD-All,refit_on_3,42,B0018,121,92.1525471966999,88.57844
TD-All,refit_on_3,42,B0018,123,91.17195305362098,87.731804
TD-All,refit_on_3,42,B0018,125,90.2416573040256,87.027695
TD-All,refit_on_3,42,B0018,128,90.55423897233052,89.04925
TD-All,refit_on_3,42,B0018,130,89.49039068452917,86.51215
TD-All,refit_on_3,42,B0018,132,88.3454487099843,86.42312
TD-All,refit_on_3,42,B0018,134,87.60607299731777,85.54218
TD-All,refit_on_3,42,B0018,136,87.25714700042141,84.73699
TD-All,refit_on_3,42,B0018,141,90.9473619616094,90.49919
TD-All,refit_on_3,42,B0018,143,89.1426764135498,86.43296
TD-All,refit_on_3,42,B0018,145,87.66626044455795,85.056076
TD-All,refit_on_3,42,B0018,147,86.51592379470374,83.836395
TD-All,refit_on_3,42,B0018,150,86.21730704320841,83.23583
TD-All,refit_on_3,42,B0018,153,85.8627581657356,84.01679
TD-All,refit_on_3,42,B0018,155,84.99855590440428,82.62565
TD-All,refit_on_3,42,B0018,157,84.53366840480606,81.99759
TD-All,refit_on_3,42,B0018,159,83.69607194854545,81.37522
TD-All,refit_on_3,42,B0018,162,83.25899594193369,80.5518
TD-All,refit_on_3,42,B0018,165,83.22975722050174,81.08577
TD-All,refit_on_3,42,B0018,167,82.72092847997168,80.054955
TD-All,refit_on_3,42,B0018,169,81.86598978006339,79.19959
TD-All,refit_on_3,42,B0018,171,81.58859278240016,78.867
TD-All,refit_on_3,42,B0018,174,81.31316363799587,78.15297
TD-All,refit_on_3,42,B0018,177,83.32773163808899,81.4439
TD-All,refit_on_3,42,B0018,179,82.80709531820148,79.97982
TD-All,refit_on_3,42,B0018,181,81.57610219236552,78.68025
TD-All,refit_on_3,42,B0018,183,81.09929204028072,78.37098
TD-All,refit_on_3,42,B0018,185,80.60512587063184,77.64758
TD-All,refit_on_3,42,B0018,188,80.4645909654616,78.29338
TD-All,refit_on_3,42,B0018,190,80.07171192098461,77.18975
TD-All,refit_on_3,42,B0018,192,79.77346222448996,76.864494
TD-All,refit_on_3,42,B0018,194,79.23402412051846,76.09193
TD-All,refit_on_3,42,B0018,197,78.6783203089025,75.1181
TD-All,refit_on_3,42,B0018,200,78.94539372549075,76.294945
TD-All,refit_on_3,42,B0018,202,78.38865828037459,75.15062
TD-All,refit_on_3,42,B0018,204,78.21127069246836,75.23322
TD-All,refit_on_3,42,B0018,206,77.6339684068403,74.79445
TD-All,refit_on_3,42,B0018,209,77.43046760934243,74.12891
TD-All,refit_on_3,42,B0018,212,79.8708545166814,77.76991
TD-All,refit_on_3,42,B0018,214,78.93458463676515,75.56927
TD-All,refit_on_3,42,B0018,216,78.40488242765085,74.774185
TD-All,refit_on_3,42,B0018,218,77.61921434771055,73.92453
TD-All,refit_on_3,42,B0018,220,76.9170609064971,73.563576
TD-All,refit_on_3,42,B0018,223,79.04297866359087,76.24403
TD-All,refit_on_3,42,B0018,225,77.61605692618127,74.422615
TD-All,refit_on_3,42,B0018,227,77.14789574863566,73.9208
TD-All,refit_on_3,42,B0018,229,76.92281444261894,73.55097
TD-All,refit_on_3,42,B0018,232,76.3858924270674,72.54173
TD-All,refit_on_3,42,B0018,235,76.53620320177981,73.60687
TD-All,refit_on_3,42,B0018,237,75.9063201738239,72.42196
TD-All,refit_on_3,42,B0018,239,75.72766142150313,72.27088
TD-All,refit_on_3,42,B0018,241,75.49928800503805,72.15524
TD-All,refit_on_3,42,B0018,244,74.9124451895705,71.21244
TD-All,refit_on_3,42,B0018,247,75.25674730493446,72.475914
TD-All,refit_on_3,42,B0018,249,74.46467849076038,70.832726
TD-All,refit_on_3,42,B0018,251,74.62885626516028,71.09446
TD-All,refit_on_3,42,B0018,253,74.33553994642665,70.989395
TD-All,refit_on_3,42,B0018,256,73.72504079935909,70.06044
TD-All,refit_on_3,42,B0018,259,79.36110924975578,76.84581
TD-All,refit_on_3,42,B0018,261,78.799706688891,75.96263
TD-All,refit_on_3,42,B0018,263,78.14983302548104,75.58834
TD-All,refit_on_3,42,B0018,265,77.61878718971624,74.76787
TD-All,refit_on_3,42,B0018,267,76.88079746021991,73.70641
TD-All,refit_on_3,42,B0018,270,76.8319836786595,74.31125
TD-All,refit_on_3,42,B0018,272,76.01926160635412,73.265305
TD-All,refit_on_3,42,B0018,274,75.82358510102308,73.30285
TD-All,refit_on_3,42,B0018,276,75.53633219814198,73.26101
TD-All,refit_on_3,42,B0018,279,75.31793705780649,72.02688
TD-All,refit_on_3,42,B0018,282,75.43684114368729,72.362495
TD-All,refit_on_3,42,B0018,284,74.7829788363973,71.28055
TD-All,refit_on_3,42,B0018,286,74.15991898288928,70.92086
TD-All,refit_on_3,42,B0018,288,73.84846878839457,70.806175
TD-All,refit_on_3,42,B0018,291,73.15537271331122,70.25949
TD-All,refit_on_3,42,B0018,294,77.53589472577204,75.2627
TD-All,refit_on_3,42,B0018,296,76.42763235972666,73.79575
TD-All,refit_on_3,42,B0018,298,75.72351586777258,72.922485
TD-All,refit_on_3,42,B0018,300,75.4386936803776,72.69713
TD-All,refit_on_3,42,B0018,302,74.45721490205536,71.869865
TD-All,refit_on_3,42,B0018,305,74.97385174402893,72.70273
TD-All,refit_on_3,42,B0018,307,74.3741167471391,71.61757
TD-All,refit_on_3,42,B0018,309,74.05233968989694,71.632034
TD-All,refit_on_3,42,B0018,311,74.08863589293038,71.65535
TD-All,refit_on_3,42,B0018,314,73.46151441244959,70.07819
TD-All,refit_on_3,42,B0018,317,73.62086195282473,70.8064
TD-All,refit_on_3,42,B0018,319,72.87391760769836,70.11476
TD-All,pre_refit,7,B0005,2,100.80760884947765,102.7576
TD-All,pre_refit,7,B0005,4,100.25590968770103,102.28
TD-All,pre_refit,7,B0005,6,99.65979925247206,102.54879
TD-All,pre_refit,7,B0005,8,99.65509323788856,101.85838
TD-All,pre_refit,7,B0005,10,99.6215889724607,101.3565
TD-All,pre_refit,7,B0005,12,99.67676620535396,101.52903
TD-All,pre_refit,7,B0005,14,99.64877352944652,101.319466
TD-All,pre_refit,7,B0005,16,99.13892996732449,101.80367
TD-All,pre_refit,7,B0005,18,99.08555627584838,100.88521
TD-All,pre_refit,7,B0005,20,99.0768365083485,100.51073
TD-All,pre_refit,7,B0005,22,99.07717774099622,99.623825
TD-All,pre_refit,7,B0005,25,98.5114992237362,100.3192
TD-All,pre_refit,7,B0005,27,98.4870761948254,99.47574
TD-All,pre_refit,7,B0005,29,98.47015265835132,98.35822
TD-All,pre_refit,7,B0005,31,97.88140357167902,99.83511
TD-All,pre_refit,7,B0005,33,97.85473656745688,98.948685
TD-All,pre_refit,7,B0005,35,97.88039886599036,98.32047
TD-All,pre_refit,7,B0005,37,97.9069415267384,97.48942
TD-All,pre_refit,7,B0005,39,97.89115702988882,97.064514
TD-All,pre_refit,7,B0005,42,100.29385168145046,102.296616
TD-All,pre_refit,7,B0005,46,100.31510023136114,101.3295
TD-All,pre_refit,7,B0005,50,99.70477213786135,101.2628
TD-All,pre_refit,7,B0005,54,99.1402308374376,101.27931
TD-All,pre_refit,7,B0005,58,99.10400696359169,100.44893
TD-All,pre_refit,7,B0005,62,99.12941188644592,99.15424
TD-All,pre_refit,7,B0005,66,98.50222430381568,100.18117
TD-All,pre_refit,7,B0005,70,98.5423014565286,98.41655
TD-All,pre_refit,7,B0005,74,98.49887187571204,98.0105
TD-All,pre_refit,7,B0005,78,97.89050762402466,99.49042
TD-All,pre_refit,7,B0005,82,97.96171552529285,97.79282
TD-All,pre_refit,7,B0005,86,100.55321959197046,100.70749
TD-All,pre_refit,7,B0005,90,99.4075559707276,98.897575
TD-All,pre_refit,7,B0005,94,98.82112827769676,98.523964
TD-All,pre_refit,7,B0005,98,98.2457556393358,98.21263
TD-All,pre_refit,7,B0005,102,97.99065016377766,97.663185
TD-All,pre_refit,7,B0005,106,97.7065060215613,97.58024
TD-All,pre_refit,7,B0005,110,97.11279694879056,97.51886
TD-All,pre_refit,7,B0005,114,96.81304988059888,96.98673
TD-All,pre_refit,7,B0005,118,96.27605729788222,96.724045
TD-All,pre_refit,7,B0005,122,96.2762766313732,95.97206
TD-All,pre_refit,7,B0005,126,95.99578118843372,96.15625
TD-All,pre_refit,7,B0005,130,95.69403287907456,95.91353
TD-All,pre_refit,7,B0005,134,95.98194451474556,96.445
TD-All,pre_refit,7,B0005,136,95.71321655496544,95.7241
TD-All,pre_refit,7,B0005,140,95.11928805425076,95.25978
TD-All,pre_refit,7,B0005,144,94.58275432725988,95.02604
TD-All,pre_refit,7,B0005,148,94.27008009570102,94.41736
TD-All,pre_refit,7,B0005,150,97.39411432859931,95.81355
TD-All,pre_refit,7,B0005,154,96.82749231246368,96.40209
TD-All,pre_refit,7,B0005,158,95.96820195991576,95.62059
TD-All,pre_refit,7,B0005,162,95.40638930769452,95.08653
TD-All,pre_refit,7,B0005,166,94.8553962680492,94.70289
TD-All,pre_refit,7,B0005,170,94.5755674779542,94.31609
TD-All,pre_refit,7,B0005,174,94.28806184403476,94.13017
TD-All,pre_refit,7,B0005,178,93.73958753620327,93.86099
TD-All,pre_refit,7,B0005,182,93.16861105469168,93.65034
TD-All,pre_refit,7,B0005,186,92.88227598613614,93.239586
TD-All,pre_refit,7,B0005,190,92.636901518198,93.17238
TD-All,pre_refit,7,B0005,194,92.32720191735562,92.88482
TD-All,pre_refit,7,B0005,198,92.01599848919145,92.62626
TD-All,pre_refit,7,B0005,202,91.49053823956656,92.55689
TD-All,pre_refit,7,B0005,206,90.92425521866993,92.64637
TD-All,pre_refit,7,B0005,210,90.92941856192826,91.79998
TD-All,pre_refit,7,B0005,214,90.34010561326173,91.76799
TD-All,pre_refit,7,B0005,216,90.0847586044663,91.88173
TD-All,pre_refit,7,B0005,220,89.80457989439137,91.2986
TD-All,pre_refit,7,B0005,224,89.19640288815545,91.18891
TD-All,pre_refit,7,B0005,228,88.93598251136243,90.71205
TD-All,pre_refit,7,B0005,232,88.65781340235759,90.722404
TD-All,pre_refit,7,B0005,236,88.38728178562198,90.4218
TD-All,pre_refit,7,B0005,240,88.08171260170519,89.732925
TD-All,pre_refit,7,B0005,244,87.49528010741024,90.20542
TD-All,pre_refit,7,B0005,248,87.2366743602368,89.693436
TD-All,pre_refit,7,B0005,252,86.96251727221627,89.18737
TD-All,pre_refit,7,B0005,256,86.35734215456989,89.30939
TD-All,pre_refit,7,B0005,260,86.10863457357058,89.167206
TD-All,pre_refit,7,B0005,264,86.06270063126725,88.80666
TD-All,pre_refit,7,B0005,266,86.63737677555004,88.86602
TD-All,pre_refit,7,B0005,270,85.50813849993258,88.58111
TD-All,pre_refit,7,B0005,274,84.97446653296429,88.33358
TD-All,pre_refit,7,B0005,278,84.69557819389517,88.38065
TD-All,pre_refit,7,B0005,282,84.68013627936132,87.815216
TD-All,pre_refit,7,B0005,286,84.41991821853574,87.64221
TD-All,pre_refit,7,B0005,290,84.10414931140878,87.469025
TD-All,pre_refit,7,B0005,294,83.52653061113354,87.31896
TD-All,pre_refit,7,B0005,298,82.96602561057489,87.061035
TD-All,pre_refit,7,B0005,302,82.99920327964658,86.6663
TD-All,pre_refit,7,B0005,306,82.68003018050378,87.05594
TD-All,pre_refit,7,B0005,310,82.39976893302816,86.75221
TD-All,pre_refit,7,B0005,313,87.19626195760692,90.0695
TD-All,pre_refit,7,B0005,316,84.91729656129593,87.17396
TD-All,pre_refit,7,B0005,320,84.06165489885902,87.06792
TD-All,pre_refit,7,B0005,324,83.2082752902044,87.356224
TD-All,pre_refit,7,B0005,328,82.91381970838151,86.527115
TD-All,pre_refit,7,B0005,332,82.37106085271179,86.63485
TD-All,pre_refit,7,B0005,336,82.09631790141844,86.175995
TD-All,pre_refit,7,B0005,340,81.80669701206385,86.175156
TD-All,pre_refit,7,B0005,344,81.53418918115372,85.85225
TD-All,pre_refit,7,B0005,348,80.95312575426658,85.99311
TD-All,pre_refit,7,B0005,352,80.6829269258604,86.01126
TD-All,pre_refit,7,B0005,356,80.38673535372676,85.6452
TD-All,pre_refit,7,B0005,360,80.10415225005684,85.4481
TD-All,pre_refit,7,B0005,364,80.68483906716317,85.00351
TD-All,pre_refit,7,B0005,367,81.23806188586506,85.5277
TD-All,pre_refit,7,B0005,371,80.40774500270479,84.83019
TD-All,pre_refit,7,B0005,375,79.80793062432481,85.013245
TD-All,pre_refit,7,B0005,379,78.94710440938543,84.028564
TD-All,pre_refit,7,B0005,383,78.96040682717852,84.73386
TD-All,pre_refit,7,B0005,387,79.00805769223405,84.15748
TD-All,pre_refit,7,B0005,391,78.68325635434054,84.04167
TD-All,pre_refit,7,B0005,395,78.12009683923326,84.29214
TD-All,pre_refit,7,B0005,399,77.83635095586517,83.96791
TD-All,pre_refit,7,B0005,403,77.83366081216815,83.744125
TD-All,pre_refit,7,B0005,407,77.54418562704669,83.822815
TD-All,pre_refit,7,B0005,411,77.26483532824366,83.57697
TD-All,pre_refit,7,B0005,415,76.96665751739931,83.198494
TD-All,pre_refit,7,B0005,419,76.69408123915822,82.90108
TD-All,pre_refit,7,B0005,423,76.7032886034996,82.65259
TD-All,pre_refit,7,B0005,427,76.43285089151239,83.16742
TD-All,pre_refit,7,B0005,431,77.83345221466253,83.21412
TD-All,pre_refit,7,B0005,433,78.09751233548145,83.409
TD-All,pre_refit,7,B0005,437,76.96262218385922,83.35604
TD-All,pre_refit,7,B0005,441,76.3993634537507,83.27094
TD-All,pre_refit,7,B0005,445,76.08562321685423,82.76713
TD-All,pre_refit,7,B0005,449,75.84111192639295,82.79842
TD-All,pre_refit,7,B0005,453,75.5470202599512,82.15219
TD-All,pre_refit,7,B0005,457,75.2724773855306,82.1803
TD-All,pre_refit,7,B0005,461,74.95796574493023,82.30344
TD-All,pre_refit,7,B0005,465,74.67559060559861,82.34673
TD-All,pre_refit,7,B0005,469,74.4190975749656,81.73506
TD-All,pre_refit,7,B0005,473,74.41886702385212,81.48548
TD-All,pre_refit,7,B0005,477,74.10538957595438,81.678116
TD-All,pre_refit,7,B0005,481,74.68403981580354,81.88536
TD-All,pre_refit,7,B0005,483,75.26611054535188,82.20227
TD-All,pre_refit,7,B0005,485,74.38310747232698,82.241875
TD-All,pre_refit,7,B0005,489,74.10795710900801,81.51403
TD-All,pre_refit,7,B0005,493,73.53993654981534,81.86681
TD-All,pre_refit,7,B0005,497,73.55729388669064,81.66458
TD-All,pre_refit,7,B0005,501,73.56067241598603,81.3017
TD-All,pre_refit,7,B0005,505,73.26805286034079,81.17059
TD-All,pre_refit,7,B0005,509,72.98972077509227,80.89121
TD-All,pre_refit,7,B0005,513,72.70747847813722,80.93675
TD-All,pre_refit,7,B0005,517,72.70330518052887,80.863754
TD-All,pre_refit,7,B0005,521,72.43680818215978,80.89485
TD-All,pre_refit,7,B0005,525,72.14563728793834,81.04962
TD-All,pre_refit,7,B0005,529,71.84842350914826,80.78925
TD-All,pre_refit,7,B0005,533,71.57682808520298,81.07416
TD-All,pre_refit,7,B0005,537,71.59297070565168,80.953865
TD-All,pre_refit,7,B0005,541,71.58355486033668,80.455
TD-All,pre_refit,7,B0005,545,71.88651633814797,80.70942
TD-All,pre_refit,7,B0005,548,73.85485752850198,80.64917
TD-All,pre_refit,7,B0005,552,72.73676298693475,80.74809
TD-All,pre_refit,7,B0005,556,72.16650080848474,80.89912
TD-All,pre_refit,7,B0005,560,71.87574889700983,81.11431
TD-All,pre_refit,7,B0005,564,71.60206343923741,80.69906
TD-All,pre_refit,7,B0005,568,71.32194157026348,80.90957
TD-All,pre_refit,7,B0005,572,71.30711389020412,80.2894
TD-All,pre_refit,7,B0005,576,71.01356336148518,80.45899
TD-All,pre_refit,7,B0005,580,70.75492745457169,80.326385
TD-All,pre_refit,7,B0005,584,70.77254445771489,80.17689
TD-All,pre_refit,7,B0005,588,70.77540542374062,79.50572
TD-All,pre_refit,7,B0005,592,70.47550750397869,79.87206
TD-All,pre_refit,7,B0005,596,70.48563041810954,79.57647
TD-All,pre_refit,7,B0005,600,70.23531244180377,79.71942
TD-All,pre_refit,7,B0005,604,69.93882142370093,80.016624
TD-All,pre_refit,7,B0005,608,69.90890905512207,79.74903
TD-All,pre_refit,7,B0005,612,71.07977535187085,79.716644
TD-All,pre_refit,7,B0005,614,71.95205157786506,79.82518
TD-All,refit_on_3,7,B0005,2,100.80760884947765,96.600555
TD-All,refit_on_3,7,B0005,4,100.25590968770103,97.48077
TD-All,refit_on_3,7,B0005,6,99.65979925247206,97.55923
TD-All,refit_on_3,7,B0005,8,99.65509323788856,97.468575
TD-All,refit_on_3,7,B0005,10,99.6215889724607,97.424065
TD-All,refit_on_3,7,B0005,12,99.67676620535396,97.62671
TD-All,refit_on_3,7,B0005,14,99.64877352944652,97.630165
TD-All,refit_on_3,7,B0005,16,99.13892996732449,97.61099
TD-All,refit_on_3,7,B0005,18,99.08555627584838,97.24672
TD-All,refit_on_3,7,B0005,20,99.0768365083485,97.2296
TD-All,refit_on_3,7,B0005,22,99.07717774099622,96.940506
TD-All,refit_on_3,7,B0005,25,98.5114992237362,96.75226
TD-All,refit_on_3,7,B0005,27,98.4870761948254,96.47291
TD-All,refit_on_3,7,B0005,29,98.47015265835132,95.91755
TD-All,refit_on_3,7,B0005,31,97.88140357167902,96.53142
TD-All,refit_on_3,7,B0005,33,97.85473656745688,96.14442
TD-All,refit_on_3,7,B0005,35,97.88039886599036,95.86776
TD-All,refit_on_3,7,B0005,37,97.9069415267384,95.47787
TD-All,refit_on_3,7,B0005,39,97.89115702988882,95.283264
TD-All,refit_on_3,7,B0005,42,100.29385168145046,98.142746
TD-All,refit_on_3,7,B0005,46,100.31510023136114,97.657
TD-All,refit_on_3,7,B0005,50,99.70477213786135,97.59465
TD-All,refit_on_3,7,B0005,54,99.1402308374376,97.49708
TD-All,refit_on_3,7,B0005,58,99.10400696359169,97.12608
TD-All,refit_on_3,7,B0005,62,99.12941188644592,96.6112
TD-All,refit_on_3,7,B0005,66,98.50222430381568,96.8529
TD-All,refit_on_3,7,B0005,70,98.5423014565286,96.008934
TD-All,refit_on_3,7,B0005,74,98.49887187571204,95.90638
TD-All,refit_on_3,7,B0005,78,97.89050762402466,96.35658
TD-All,refit_on_3,7,B0005,82,97.96171552529285,95.45356
TD-All,refit_on_3,7,B0005,86,100.55321959197046,100.56986
TD-All,refit_on_3,7,B0005,90,99.4075559707276,96.833046
TD-All,refit_on_3,7,B0005,94,98.82112827769676,96.46648
TD-All,refit_on_3,7,B0005,98,98.2457556393358,95.91377
TD-All,refit_on_3,7,B0005,102,97.99065016377766,96.0314
TD-All,refit_on_3,7,B0005,106,97.7065060215613,95.423676
TD-All,refit_on_3,7,B0005,110,97.11279694879056,95.23679
TD-All,refit_on_3,7,B0005,114,96.81304988059888,95.21062
TD-All,refit_on_3,7,B0005,118,96.27605729788222,94.56488
TD-All,refit_on_3,7,B0005,122,96.2762766313732,94.11115
TD-All,refit_on_3,7,B0005,126,95.99578118843372,94.00174
TD-All,refit_on_3,7,B0005,130,95.69403287907456,93.80376
TD-All,refit_on_3,7,B0005,134,95.98194451474556,94.7621
TD-All,refit_on_3,7,B0005,136,95.71321655496544,93.57806
TD-All,refit_on_3,7,B0005,140,95.11928805425076,93.18091
TD-All,refit_on_3,7,B0005,144,94.58275432725988,93.20344
TD-All,refit_on_3,7,B0005,148,94.27008009570102,92.45561
TD-All,refit_on_3,7,B0005,150,97.39411432859931,93.80835
TD-All,refit_on_3,7,B0005,154,96.82749231246368,93.98782
TD-All,refit_on_3,7,B0005,158,95.96820195991576,93.354996
TD-All,refit_on_3,7,B0005,162,95.40638930769452,93.456406
TD-All,refit_on_3,7,B0005,166,94.8553962680492,92.650116
TD-All,refit_on_3,7,B0005,170,94.5755674779542,92.75634
TD-All,refit_on_3,7,B0005,174,94.28806184403476,92.253006
TD-All,refit_on_3,7,B0005,178,93.73958753620327,91.83361
TD-All,refit_on_3,7,B0005,182,93.16861105469168,91.28323
TD-All,refit_on_3,7,B0005,186,92.88227598613614,90.9958
TD-All,refit_on_3,7,B0005,190,92.636901518198,90.86228
TD-All,refit_on_3,7,B0005,194,92.32720191735562,90.50123
TD-All,refit_on_3,7,B0005,198,92.01599848919145,90.15321
TD-All,refit_on_3,7,B0005,202,91.49053823956656,90.53855
TD-All,refit_on_3,7,B0005,206,90.92425521866993,90.05793
TD-All,refit_on_3,7,B0005,210,90.92941856192826,89.316895
TD-All,refit_on_3,7,B0005,214,90.34010561326173,88.95141
TD-All,refit_on_3,7,B0005,216,90.0847586044663,89.087524
TD-All,refit_on_3,7,B0005,220,89.80457989439137,88.76771
TD-All,refit_on_3,7,B0005,224,89.19640288815545,88.18222
TD-All,refit_on_3,7,B0005,228,88.93598251136243,87.89986
TD-All,refit_on_3,7,B0005,232,88.65781340235759,87.75477
TD-All,refit_on_3,7,B0005,236,88.38728178562198,87.80261
TD-All,refit_on_3,7,B0005,240,88.08171260170519,86.740234
TD-All,refit_on_3,7,B0005,244,87.49528010741024,86.71157
TD-All,refit_on_3,7,B0005,248,87.2366743602368,86.31406
TD-All,refit_on_3,7,B0005,252,86.96251727221627,85.88043
TD-All,refit_on_3,7,B0005,256,86.35734215456989,85.6939
TD-All,refit_on_3,7,B0005,260,86.10863457357058,85.66304
TD-All,refit_on_3,7,B0005,264,86.06270063126725,85.21354
TD-All,refit_on_3,7,B0005,266,86.63737677555004,85.50322
TD-All,refit_on_3,7,B0005,270,85.50813849993258,84.81709
TD-All,refit_on_3,7,B0005,274,84.97446653296429,84.49811
TD-All,refit_on_3,7,B0005,278,84.69557819389517,84.68519
TD-All,refit_on_3,7,B0005,282,84.68013627936132,83.82937
TD-All,refit_on_3,7,B0005,286,84.41991821853574,83.50137
TD-All,refit_on_3,7,B0005,290,84.10414931140878,83.309586
TD-All,refit_on_3,7,B0005,294,83.52653061113354,83.39193
TD-All,refit_on_3,7,B0005,298,82.96602561057489,82.596855
TD-All,refit_on_3,7,B0005,302,82.99920327964658,82.31457
TD-All,refit_on_3,7,B0005,306,82.68003018050378,82.27437
TD-All,refit_on_3,7,B0005,310,82.39976893302816,81.89691
TD-All,refit_on_3,7,B0005,313,87.19626195760692,86.05062
TD-All,refit_on_3,7,B0005,316,84.91729656129593,83.71143
TD-All,refit_on_3,7,B0005,320,84.06165489885902,83.205696
TD-All,refit_on_3,7,B0005,324,83.2082752902044,82.84392
TD-All,refit_on_3,7,B0005,328,82.91381970838151,82.18403
TD-All,refit_on_3,7,B0005,332,82.37106085271179,82.06881
TD-All,refit_on_3,7,B0005,336,82.09631790141844,81.640144
TD-All,refit_on_3,7,B0005,340,81.80669701206385,81.35176
TD-All,refit_on_3,7,B0005,344,81.53418918115372,81.29785
TD-All,refit_on_3,7,B0005,348,80.95312575426658,80.8107
TD-All,refit_on_3,7,B0005,352,80.6829269258604,80.60567
TD-All,refit_on_3,7,B0005,356,80.38673535372676,80.2374
TD-All,refit_on_3,7,B0005,360,80.10415225005684,80.25344
TD-All,refit_on_3,7,B0005,364,80.68483906716317,79.82084
TD-All,refit_on_3,7,B0005,367,81.23806188586506,81.08357
TD-All,refit_on_3,7,B0005,371,80.40774500270479,79.80643
TD-All,refit_on_3,7,B0005,375,79.80793062432481,80.00701
TD-All,refit_on_3,7,B0005,379,78.94710440938543,78.77643
TD-All,refit_on_3,7,B0005,383,78.96040682717852,78.81473
TD-All,refit_on_3,7,B0005,387,79.00805769223405,78.9486
TD-All,refit_on_3,7,B0005,391,78.68325635434054,78.167206
TD-All,refit_on_3,7,B0005,395,78.12009683923326,77.97746
TD-All,refit_on_3,7,B0005,399,77.83635095586517,77.73063
TD-All,refit_on_3,7,B0005,403,77.83366081216815,77.97408
TD-All,refit_on_3,7,B0005,407,77.54418562704669,77.26976
TD-All,refit_on_3,7,B0005,411,77.26483532824366,76.988945
TD-All,refit_on_3,7,B0005,415,76.96665751739931,76.665436
TD-All,refit_on_3,7,B0005,419,76.69408123915822,76.40346
TD-All,refit_on_3,7,B0005,423,76.7032886034996,76.39291
TD-All,refit_on_3,7,B0005,427,76.43285089151239,76.592285
TD-All,refit_on_3,7,B0005,431,77.83345221466253,77.26024
TD-All,refit_on_3,7,B0005,433,78.09751233548145,77.92066
TD-All,refit_on_3,7,B0005,437,76.96262218385922,76.883354
TD-All,refit_on_3,7,B0005,441,76.3993634537507,76.59506
TD-All,refit_on_3,7,B0005,445,76.08562321685423,76.04596
TD-All,refit_on_3,7,B0005,449,75.84111192639295,75.88396
TD-All,refit_on_3,7,B0005,453,75.5470202599512,75.429115
TD-All,refit_on_3,7,B0005,457,75.2724773855306,75.20948
TD-All,refit_on_3,7,B0005,461,74.95796574493023,75.01198
TD-All,refit_on_3,7,B0005,465,74.67559060559861,75.353004
TD-All,refit_on_3,7,B0005,469,74.4190975749656,74.524086
TD-All,refit_on_3,7,B0005,473,74.41886702385212,74.23187
TD-All,refit_on_3,7,B0005,477,74.10538957595438,74.10531
TD-All,refit_on_3,7,B0005,481,74.68403981580354,74.54645
TD-All,refit_on_3,7,B0005,483,75.26611054535188,75.22482
TD-All,refit_on_3,7,B0005,485,74.38310747232698,74.62737
TD-All,refit_on_3,7,B0005,489,74.10795710900801,73.927666
TD-All,refit_on_3,7,B0005,493,73.53993654981534,73.84448
TD-All,refit_on_3,7,B0005,497,73.55729388669064,73.852745
TD-All,refit_on_3,7,B0005,501,73.56067241598603,73.42733
TD-All,refit_on_3,7,B0005,505,73.26805286034079,73.36222
TD-All,refit_on_3,7,B0005,509,72.98972077509227,73.21964
TD-All,refit_on_3,7,B0005,513,72.70747847813722,72.713715
TD-All,refit_on_3,7,B0005,517,72.70330518052887,72.69953
TD-All,refit_on_3,7,B0005,521,72.43680818215978,72.56549
TD-All,refit_on_3,7,B0005,525,72.14563728793834,72.77972
TD-All,refit_on_3,7,B0005,529,71.84842350914826,72.20215
TD-All,refit_on_3,7,B0005,533,71.57682808520298,72.1328
TD-All,refit_on_3,7,B0005,537,71.59297070565168,71.89125
TD-All,refit_on_3,7,B0005,541,71.58355486033668,72.07123
TD-All,refit_on_3,7,B0005,545,71.88651633814797,71.66975
TD-All,refit_on_3,7,B0005,548,73.85485752850198,73.50841
TD-All,refit_on_3,7,B0005,552,72.73676298693475,72.77219
TD-All,refit_on_3,7,B0005,556,72.16650080848474,72.57425
TD-All,refit_on_3,7,B0005,560,71.87574889700983,72.73906
TD-All,refit_on_3,7,B0005,564,71.60206343923741,72.108315
TD-All,refit_on_3,7,B0005,568,71.32194157026348,71.90909
TD-All,refit_on_3,7,B0005,572,71.30711389020412,71.768616
TD-All,refit_on_3,7,B0005,576,71.01356336148518,71.426
TD-All,refit_on_3,7,B0005,580,70.75492745457169,71.08103
TD-All,refit_on_3,7,B0005,584,70.77254445771489,71.255295
TD-All,refit_on_3,7,B0005,588,70.77540542374062,70.914345
TD-All,refit_on_3,7,B0005,592,70.47550750397869,70.74338
TD-All,refit_on_3,7,B0005,596,70.48563041810954,70.58305
TD-All,refit_on_3,7,B0005,600,70.23531244180377,70.758125
TD-All,refit_on_3,7,B0005,604,69.93882142370093,70.56292
TD-All,refit_on_3,7,B0005,608,69.90890905512207,70.19913
TD-All,refit_on_3,7,B0005,612,71.07977535187085,71.62354
TD-All,refit_on_3,7,B0005,614,71.95205157786506,72.64066
TD-All,pre_refit,7,B0006,2,100.88297108833646,105.63446
TD-All,pre_refit,7,B0006,4,100.37753235288778,104.53555
TD-All,pre_refit,7,B0006,6,99.79196916000484,104.64309
TD-All,pre_refit,7,B0006,8,99.7899019818078,104.498245
TD-All,pre_refit,7,B0006,10,99.15762541696316,103.47618
TD-All,pre_refit,7,B0006,12,99.8203556776378,104.787895
TD-All,pre_refit,7,B0006,14,99.7808037027038,104.20311
TD-All,pre_refit,7,B0006,16,97.5844832820893,102.992645
TD-All,pre_refit,7,B0006,18,97.5535716293996,102.67949
TD-All,pre_refit,7,B0006,20,97.01155142541865,101.63384
TD-All,pre_refit,7,B0006,22,96.43502080876348,101.68751
TD-All,pre_refit,7,B0006,25,95.8972998236526,101.204384
TD-All,pre_refit,7,B0006,27,95.32875373854844,100.91107
TD-All,pre_refit,7,B0006,29,94.76419905980474,99.63805
TD-All,pre_refit,7,B0006,31,94.22773853976388,99.06288
TD-All,pre_refit,7,B0006,33,93.6395064953226,98.01049
TD-All,pre_refit,7,B0006,35,93.09821798643677,98.503105
TD-All,pre_refit,7,B0006,37,92.56743574756617,97.48616
TD-All,pre_refit,7,B0006,39,92.56840432582156,97.23556
TD-All,pre_refit,7,B0006,42,98.12161319843736,103.19698
TD-All,pre_refit,7,B0006,46,97.02736865587346,103.50179
TD-All,pre_refit,7,B0006,50,96.4457203456954,101.94023
TD-All,pre_refit,7,B0006,54,95.37664206593776,101.36302
TD-All,pre_refit,7,B0006,58,96.45395400781383,101.433624
TD-All,pre_refit,7,B0006,62,94.2446511737385,100.04551
TD-All,pre_refit,7,B0006,66,93.11783815158223,97.8546
TD-All,pre_refit,7,B0006,70,92.60393676951,97.57862
TD-All,pre_refit,7,B0006,74,91.99518419888014,96.79942
TD-All,pre_refit,7,B0006,78,91.45865458065036,96.785095
TD-All,pre_refit,7,B0006,82,92.05488530825814,96.329025
TD-All,pre_refit,7,B0006,86,95.40291074415664,101.26022
TD-All,pre_refit,7,B0006,90,93.2941701264468,98.82514
TD-All,pre_refit,7,B0006,94,91.95812296295944,97.62217
TD-All,pre_refit,7,B0006,98,91.16379285351326,96.24893
TD-All,pre_refit,7,B0006,102,90.13722315501992,95.40403
TD-All,pre_refit,7,B0006,106,89.88629167454431,95.1057
TD-All,pre_refit,7,B0006,110,89.07464504963947,94.112114
TD-All,pre_refit,7,B0006,114,88.27677498375004,93.51373
TD-All,pre_refit,7,B0006,118,87.78153478310176,92.24024
TD-All,pre_refit,7,B0006,122,87.25902301297472,92.15023
TD-All,pre_refit,7,B0006,126,86.75445063463465,92.576454
TD-All,pre_refit,7,B0006,130,86.21919662960373,91.835144
TD-All,pre_refit,7,B0006,134,86.97181002045869,91.8439
TD-All,pre_refit,7,B0006,136,87.53004089819298,91.84401
TD-All,pre_refit,7,B0006,140,85.93648557449694,90.54405
TD-All,pre_refit,7,B0006,144,84.92223069682748,90.22429
TD-All,pre_refit,7,B0006,148,84.38106569995976,89.11067
TD-All,pre_refit,7,B0006,150,90.39396636175364,94.84996
TD-All,pre_refit,7,B0006,154,89.62118442408695,94.443756
TD-All,pre_refit,7,B0006,158,88.01687540594799,92.544365
TD-All,pre_refit,7,B0006,162,86.47934133475826,91.601746
TD-All,pre_refit,7,B0006,166,85.7093899316892,90.50484
TD-All,pre_refit,7,B0006,170,84.66363361309608,90.51099
TD-All,pre_refit,7,B0006,174,84.14253773442293,89.93087
TD-All,pre_refit,7,B0006,178,83.37268440744252,89.09249
TD-All,pre_refit,7,B0006,182,82.84795096685752,88.04503
TD-All,pre_refit,7,B0006,186,82.31672078137474,87.071976
TD-All,pre_refit,7,B0006,190,81.8390002521071,86.99088
TD-All,pre_refit,7,B0006,194,81.29446683115198,87.07539
TD-All,pre_refit,7,B0006,198,80.75246648690656,86.501526
TD-All,pre_refit,7,B0006,202,79.7437886746144,87.21977
TD-All,pre_refit,7,B0006,206,79.47984426199564,85.55173
TD-All,pre_refit,7,B0006,210,79.25415788836384,85.337204
TD-All,pre_refit,7,B0006,214,78.69188922732394,84.076
TD-All,pre_refit,7,B0006,216,78.46114405771091,84.998955
TD-All,pre_refit,7,B0006,220,77.67630372212932,84.39741
TD-All,pre_refit,7,B0006,224,77.38916838478035,83.46893
TD-All,pre_refit,7,B0006,228,76.88491527529958,83.726776
TD-All,pre_refit,7,B0006,232,76.3646225030132,83.25535
TD-All,pre_refit,7,B0006,236,75.60327887522882,83.41898
TD-All,pre_refit,7,B0006,240,75.84333345118733,82.7486
TD-All,pre_refit,7,B0006,244,75.57070473005419,82.40963
TD-All,pre_refit,7,B0006,248,75.06972493621848,82.9829
TD-All,pre_refit,7,B0006,252,74.81407516505371,82.28128
TD-All,pre_refit,7,B0006,256,74.54671414292675,81.603775
TD-All,pre_refit,7,B0006,260,74.02740213488109,82.457985
TD-All,pre_refit,7,B0006,264,73.73556466569462,81.56095
TD-All,pre_refit,7,B0006,266,75.84980622026112,81.54523
TD-All,pre_refit,7,B0006,270,74.55060879561292,81.32865
TD-All,pre_refit,7,B0006,274,73.79142812679322,80.43845
TD-All,pre_refit,7,B0006,278,73.27190839787096,82.30158
TD-All,pre_refit,7,B0006,282,73.28093201847443,81.76674
TD-All,pre_refit,7,B0006,286,73.02095301621284,81.55925
TD-All,pre_refit,7,B0006,290,72.73851013234444,81.20577
TD-All,pre_refit,7,B0006,294,71.95104826590523,80.78831
TD-All,pre_refit,7,B0006,298,71.96564568462234,79.95294
TD-All,pre_refit,7,B0006,302,71.72895437691278,81.10874
TD-All,pre_refit,7,B0006,306,71.71434939609318,80.76513
TD-All,pre_refit,7,B0006,310,71.45761792874575,80.71887
TD-All,pre_refit,7,B0006,313,78.98726854374111,83.290054
TD-All,pre_refit,7,B0006,316,76.64794397240323,81.44221
TD-All,pre_refit,7,B0006,320,75.07747171565073,81.17006
TD-All,pre_refit,7,B0006,324,74.29795247472106,80.36213
TD-All,pre_refit,7,B0006,328,73.51146675367659,80.35434
TD-All,pre_refit,7,B0006,332,73.00864275760908,79.81184
TD-All,pre_refit,7,B0006,336,72.50277290138493,80.00772
TD-All,pre_refit,7,B0006,340,71.96131839956391,79.51781
TD-All,pre_refit,7,B0006,344,71.71500633205595,79.87149
TD-All,pre_refit,7,B0006,348,71.44305583769248,79.354225
TD-All,pre_refit,7,B0006,352,70.93898960214143,79.26088
TD-All,pre_refit,7,B0006,356,70.68194044477139,78.857124
TD-All,pre_refit,7,B0006,360,70.4074916889224,79.73644
TD-All,pre_refit,7,B0006,364,70.41804785222855,79.66947
TD-All,pre_refit,7,B0006,367,71.98210310103482,81.04678
TD-All,pre_refit,7,B0006,371,70.95618334594263,79.90841
TD-All,pre_refit,7,B0006,375,70.1362730902931,79.52851
TD-All,pre_refit,7,B0006,379,69.87433806657212,78.70379
TD-All,pre_refit,7,B0006,383,69.63573699649338,79.33407
TD-All,pre_refit,7,B0006,387,69.15232147064526,80.52707
TD-All,pre_refit,7,B0006,391,69.12109936452545,79.5853
TD-All,pre_refit,7,B0006,395,68.86250185726787,78.69623
TD-All,pre_refit,7,B0006,399,68.59092282212131,78.54093
TD-All,pre_refit,7,B0006,403,68.08750743669,79.24064
TD-All,pre_refit,7,B0006,407,68.33159705981836,79.00711
TD-All,pre_refit,7,B0006,411,68.09140360412486,78.59099
TD-All,pre_refit,7,B0006,415,67.81869443003508,78.22581
TD-All,pre_refit,7,B0006,419,67.5730638436144,78.03648
TD-All,pre_refit,7,B0006,423,67.31503513349786,79.258
TD-All,pre_refit,7,B0006,427,67.07575548417674,79.19354
TD-All,pre_refit,7,B0006,431,68.60691404106846,79.292
TD-All,pre_refit,7,B0006,433,69.64711039275872,79.5872
TD-All,pre_refit,7,B0006,437,68.33719964359061,78.25438
TD-All,pre_refit,7,B0006,441,67.81907707369999,78.754974
TD-All,pre_refit,7,B0006,445,67.27630029953899,77.818924
TD-All,pre_refit,7,B0006,449,67.03731096833596,78.778824
TD-All,pre_refit,7,B0006,453,66.78534122129697,77.946495
TD-All,pre_refit,7,B0006,457,66.26973868287087,78.01829
TD-All,pre_refit,7,B0006,461,65.98363462621751,78.1004
TD-All,pre_refit,7,B0006,465,65.72069252661954,79.12911
TD-All,pre_refit,7,B0006,469,65.50500064349335,77.84069
TD-All,pre_refit,7,B0006,473,65.48747074550045,78.32997
TD-All,pre_refit,7,B0006,477,65.2110653386093,78.69511
TD-All,pre_refit,7,B0006,481,65.47148558720653,79.54883
TD-All,pre_refit,7,B0006,483,66.78647932759047,78.36072
TD-All,pre_refit,7,B0006,485,65.72477818237311,78.95045
TD-All,pre_refit,7,B0006,489,64.93697426302657,78.39137
TD-All,pre_refit,7,B0006,493,64.69397950587184,78.646225
TD-All,pre_refit,7,B0006,497,64.45556804271465,78.66131
TD-All,pre_refit,7,B0006,501,64.44711910522597,79.1708
TD-All,pre_refit,7,B0006,505,63.9153253541329,78.562645
TD-All,pre_refit,7,B0006,509,63.40709756117343,78.91875
TD-All,pre_refit,7,B0006,513,63.40485519747241,79.05502
TD-All,pre_refit,7,B0006,517,63.14854807557744,79.27579
TD-All,pre_refit,7,B0006,521,63.15304028594434,79.100655
TD-All,pre_refit,7,B0006,525,62.63936845251047,80.030075
TD-All,pre_refit,7,B0006,529,62.36048327920517,79.53353
TD-All,pre_refit,7,B0006,533,62.11872624491582,78.849945
TD-All,pre_refit,7,B0006,537,62.11731201074328,79.02599
TD-All,pre_refit,7,B0006,541,61.86235410492132,80.06544
TD-All,pre_refit,7,B0006,545,62.12742822257309,80.01395
TD-All,pre_refit,7,B0006,548,63.93010610326108,80.20509
TD-All,pre_refit,7,B0006,552,62.62827859533666,80.30016
TD-All,pre_refit,7,B0006,556,61.85683618405182,80.844055
TD-All,pre_refit,7,B0006,560,61.07092794836815,81.53725
TD-All,pre_refit,7,B0006,564,60.82277612678393,80.667534
TD-All,pre_refit,7,B0006,568,60.55640953242813,81.57384
TD-All,pre_refit,7,B0006,572,60.02917505279337,81.31268
TD-All,pre_refit,7,B0006,576,59.75722270334661,81.15727
TD-All,pre_refit,7,B0006,580,59.52315601830062,80.78226
TD-All,pre_refit,7,B0006,584,59.01246912863032,81.89584
TD-All,pre_refit,7,B0006,588,58.74426171153606,81.751915
TD-All,pre_refit,7,B0006,592,58.47122551716232,81.887344
TD-All,pre_refit,7,B0006,596,58.2196597592319,81.959694
TD-All,pre_refit,7,B0006,600,57.18983519098029,82.66347
TD-All,pre_refit,7,B0006,604,57.71437056534329,82.467804
TD-All,pre_refit,7,B0006,608,57.43663099473362,81.97796
TD-All,pre_refit,7,B0006,612,58.23847489632371,82.57028
TD-All,pre_refit,7,B0006,614,58.76884540363096,82.39181
TD-All,refit_on_3,7,B0006,2,100.88297108833646,101.3374
TD-All,refit_on_3,7,B0006,4,100.37753235288778,103.006424
TD-All,refit_on_3,7,B0006,6,99.79196916000484,102.95447
TD-All,refit_on_3,7,B0006,8,99.7899019818078,102.77291
TD-All,refit_on_3,7,B0006,10,99.15762541696316,102.41739
TD-All,refit_on_3,7,B0006,12,99.8203556776378,103.685555
TD-All,refit_on_3,7,B0006,14,99.7808037027038,103.492355
TD-All,refit_on_3,7,B0006,16,97.5844832820893,101.51609
TD-All,refit_on_3,7,B0006,18,97.5535716293996,101.08051
TD-All,refit_on_3,7,B0006,20,97.01155142541865,100.79186
TD-All,refit_on_3,7,B0006,22,96.43502080876348,100.55039
TD-All,refit_on_3,7,B0006,25,95.8972998236526,99.49201
TD-All,refit_on_3,7,B0006,27,95.32875373854844,99.19231
TD-All,refit_on_3,7,B0006,29,94.76419905980474,98.5841
TD-All,refit_on_3,7,B0006,31,94.22773853976388,98.37828
TD-All,refit_on_3,7,B0006,33,93.6395064953226,97.62127
TD-All,refit_on_3,7,B0006,35,93.09821798643677,97.45092
TD-All,refit_on_3,7,B0006,37,92.56743574756617,96.661575
TD-All,refit_on_3,7,B0006,39,92.56840432582156,96.43223
TD-All,refit_on_3,7,B0006,42,98.12161319843736,102.01483
TD-All,refit_on_3,7,B0006,46,97.02736865587346,101.447
TD-All,refit_on_3,7,B0006,50,96.4457203456954,100.86413
TD-All,refit_on_3,7,B0006,54,95.37664206593776,100.18008
TD-All,refit_on_3,7,B0006,58,96.45395400781383,100.71619
TD-All,refit_on_3,7,B0006,62,94.2446511737385,98.69434
TD-All,refit_on_3,7,B0006,66,93.11783815158223,97.748985
TD-All,refit_on_3,7,B0006,70,92.60393676951,97.22843
TD-All,refit_on_3,7,B0006,74,91.99518419888014,96.76197
TD-All,refit_on_3,7,B0006,78,91.45865458065036,96.46512
TD-All,refit_on_3,7,B0006,82,92.05488530825814,96.55605
TD-All,refit_on_3,7,B0006,86,95.40291074415664,101.09637
TD-All,refit_on_3,7,B0006,90,93.2941701264468,98.371994
TD-All,refit_on_3,7,B0006,94,91.95812296295944,97.30095
TD-All,refit_on_3,7,B0006,98,91.16379285351326,96.27223
TD-All,refit_on_3,7,B0006,102,90.13722315501992,95.68925
TD-All,refit_on_3,7,B0006,106,89.88629167454431,94.926285
TD-All,refit_on_3,7,B0006,110,89.07464504963947,94.41669
TD-All,refit_on_3,7,B0006,114,88.27677498375004,93.877525
TD-All,refit_on_3,7,B0006,118,87.78153478310176,92.91262
TD-All,refit_on_3,7,B0006,122,87.25902301297472,92.29172
TD-All,refit_on_3,7,B0006,126,86.75445063463465,91.95297
TD-All,refit_on_3,7,B0006,130,86.21919662960373,91.416794
TD-All,refit_on_3,7,B0006,134,86.97181002045869,92.31994
TD-All,refit_on_3,7,B0006,136,87.53004089819298,91.84015
TD-All,refit_on_3,7,B0006,140,85.93648557449694,90.61083
TD-All,refit_on_3,7,B0006,144,84.92223069682748,89.996155
TD-All,refit_on_3,7,B0006,148,84.38106569995976,88.944305
TD-All,refit_on_3,7,B0006,150,90.39396636175364,93.19386
TD-All,refit_on_3,7,B0006,154,89.62118442408695,93.550804
TD-All,refit_on_3,7,B0006,158,88.01687540594799,91.979416
TD-All,refit_on_3,7,B0006,162,86.47934133475826,91.08302
TD-All,refit_on_3,7,B0006,166,85.7093899316892,89.97224
TD-All,refit_on_3,7,B0006,170,84.66363361309608,89.513985
TD-All,refit_on_3,7,B0006,174,84.14253773442293,88.70403
TD-All,refit_on_3,7,B0006,178,83.37268440744252,87.92411
TD-All,refit_on_3,7,B0006,182,82.84795096685752,86.98344
TD-All,refit_on_3,7,B0006,186,82.31672078137474,86.19643
TD-All,refit_on_3,7,B0006,190,81.8390002521071,85.692154
TD-All,refit_on_3,7,B0006,194,81.29446683115198,85.274025
TD-All,refit_on_3,7,B0006,198,80.75246648690656,84.63791
TD-All,refit_on_3,7,B0006,202,79.7437886746144,84.57982
TD-All,refit_on_3,7,B0006,206,79.47984426199564,83.55096
TD-All,refit_on_3,7,B0006,210,79.25415788836384,82.73053
TD-All,refit_on_3,7,B0006,214,78.69188922732394,82.23273
TD-All,refit_on_3,7,B0006,216,78.46114405771091,82.52675
TD-All,refit_on_3,7,B0006,220,77.67630372212932,81.63323
TD-All,refit_on_3,7,B0006,224,77.38916838478035,80.77083
TD-All,refit_on_3,7,B0006,228,76.88491527529958,80.41949
TD-All,refit_on_3,7,B0006,232,76.3646225030132,79.9216
TD-All,refit_on_3,7,B0006,236,75.60327887522882,79.5619
TD-All,refit_on_3,7,B0006,240,75.84333345118733,78.78613
TD-All,refit_on_3,7,B0006,244,75.57070473005419,78.38719
TD-All,refit_on_3,7,B0006,248,75.06972493621848,78.13507
TD-All,refit_on_3,7,B0006,252,74.81407516505371,77.506355
TD-All,refit_on_3,7,B0006,256,74.54671414292675,76.91779
TD-All,refit_on_3,7,B0006,260,74.02740213488109,77.005775
TD-All,refit_on_3,7,B0006,264,73.73556466569462,76.09208
TD-All,refit_on_3,7,B0006,266,75.84980622026112,77.398605
TD-All,refit_on_3,7,B0006,270,74.55060879561292,76.3386
TD-All,refit_on_3,7,B0006,274,73.79142812679322,75.40171
TD-All,refit_on_3,7,B0006,278,73.27190839787096,75.68961
TD-All,refit_on_3,7,B0006,282,73.28093201847443,74.87503
TD-All,refit_on_3,7,B0006,286,73.02095301621284,74.554985
TD-All,refit_on_3,7,B0006,290,72.73851013234444,74.17244
TD-All,refit_on_3,7,B0006,294,71.95104826590523,73.79581
TD-All,refit_on_3,7,B0006,298,71.96564568462234,73.09843
TD-All,refit_on_3,7,B0006,302,71.72895437691278,72.951515
TD-All,refit_on_3,7,B0006,306,71.71434939609318,72.65807
TD-All,refit_on_3,7,B0006,310,71.45761792874575,72.36822
TD-All,refit_on_3,7,B0006,313,78.98726854374111,79.40705
TD-All,refit_on_3,7,B0006,316,76.64794397240323,76.95394
TD-All,refit_on_3,7,B0006,320,75.07747171565073,75.951126
TD-All,refit_on_3,7,B0006,324,74.29795247472106,74.97373
TD-All,refit_on_3,7,B0006,328,73.51146675367659,74.286446
TD-All,refit_on_3,7,B0006,332,73.00864275760908,73.60984
TD-All,refit_on_3,7,B0006,336,72.50277290138493,73.15695
TD-All,refit_on_3,7,B0006,340,71.96131839956391,72.606125
TD-All,refit_on_3,7,B0006,344,71.71500633205595,72.44845
TD-All,refit_on_3,7,B0006,348,71.44305583769248,71.84702
TD-All,refit_on_3,7,B0006,352,70.93898960214143,71.56174
TD-All,refit_on_3,7,B0006,356,70.68194044477139,71.19572
TD-All,refit_on_3,7,B0006,360,70.4074916889224,71.24698
TD-All,refit_on_3,7,B0006,364,70.41804785222855,70.58846
TD-All,refit_on_3,7,B0006,367,71.98210310103482,72.63696
TD-All,refit_on_3,7,B0006,371,70.95618334594263,71.14903
TD-All,refit_on_3,7,B0006,375,70.1362730902931,70.7192
TD-All,refit_on_3,7,B0006,379,69.87433806657212,69.983475
TD-All,refit_on_3,7,B0006,383,69.63573699649338,69.911644
TD-All,refit_on_3,7,B0006,387,69.15232147064526,69.80704
TD-All,refit_on_3,7,B0006,391,69.12109936452545,69.12713
TD-All,refit_on_3,7,B0006,395,68.86250185726787,68.83717
TD-All,refit_on_3,7,B0006,399,68.59092282212131,68.76121
TD-All,refit_on_3,7,B0006,403,68.08750743669,68.63637
TD-All,refit_on_3,7,B0006,407,68.33159705981836,68.077034
TD-All,refit_on_3,7,B0006,411,68.09140360412486,67.91532
TD-All,refit_on_3,7,B0006,415,67.81869443003508,67.80373
TD-All,refit_on_3,7,B0006,419,67.5730638436144,67.72983
TD-All,refit_on_3,7,B0006,423,67.31503513349786,67.746025
TD-All,refit_on_3,7,B0006,427,67.07575548417674,67.30453
TD-All,refit_on_3,7,B0006,431,68.60691404106846,68.25331
TD-All,refit_on_3,7,B0006,433,69.64711039275872,69.31325
TD-All,refit_on_3,7,B0006,437,68.33719964359061,68.08487
TD-All,refit_on_3,7,B0006,441,67.81907707369999,68.149445
TD-All,refit_on_3,7,B0006,445,67.27630029953899,67.64058
TD-All,refit_on_3,7,B0006,449,67.03731096833596,67.708405
TD-All,refit_on_3,7,B0006,453,66.78534122129697,67.21475
TD-All,refit_on_3,7,B0006,457,66.26973868287087,67.09776
TD-All,refit_on_3,7,B0006,461,65.98363462621751,67.0488
TD-All,refit_on_3,7,B0006,465,65.72069252661954,67.27088
TD-All,refit_on_3,7,B0006,469,65.50500064349335,66.67669
TD-All,refit_on_3,7,B0006,473,65.48747074550045,66.586044
TD-All,refit_on_3,7,B0006,477,65.2110653386093,66.61554
TD-All,refit_on_3,7,B0006,481,65.47148558720653,66.56522
TD-All,refit_on_3,7,B0006,483,66.78647932759047,67.61401
TD-All,refit_on_3,7,B0006,485,65.72477818237311,67.33821
TD-All,refit_on_3,7,B0006,489,64.93697426302657,66.86427
TD-All,refit_on_3,7,B0006,493,64.69397950587184,66.953
TD-All,refit_on_3,7,B0006,497,64.45556804271465,66.5674
TD-All,refit_on_3,7,B0006,501,64.44711910522597,66.30809
TD-All,refit_on_3,7,B0006,505,63.9153253541329,66.23141
TD-All,refit_on_3,7,B0006,509,63.40709756117343,66.44446
TD-All,refit_on_3,7,B0006,513,63.40485519747241,66.41151
TD-All,refit_on_3,7,B0006,517,63.14854807557744,66.15189
TD-All,refit_on_3,7,B0006,521,63.15304028594434,65.901375
TD-All,refit_on_3,7,B0006,525,62.63936845251047,66.30853
TD-All,refit_on_3,7,B0006,529,62.36048327920517,66.18327
TD-All,refit_on_3,7,B0006,533,62.11872624491582,65.98333
TD-All,refit_on_3,7,B0006,537,62.11731201074328,65.63301
TD-All,refit_on_3,7,B0006,541,61.86235410492132,65.8863
TD-All,refit_on_3,7,B0006,545,62.12742822257309,65.7411
TD-All,refit_on_3,7,B0006,548,63.93010610326108,66.58353
TD-All,refit_on_3,7,B0006,552,62.62827859533666,65.56203
TD-All,refit_on_3,7,B0006,556,61.85683618405182,65.55784
TD-All,refit_on_3,7,B0006,560,61.07092794836815,65.63314
TD-All,refit_on_3,7,B0006,564,60.82277612678393,65.18373
TD-All,refit_on_3,7,B0006,568,60.55640953242813,65.2253
TD-All,refit_on_3,7,B0006,572,60.02917505279337,65.02205
TD-All,refit_on_3,7,B0006,576,59.75722270334661,64.815025
TD-All,refit_on_3,7,B0006,580,59.52315601830062,64.49939
TD-All,refit_on_3,7,B0006,584,59.01246912863032,64.72569
TD-All,refit_on_3,7,B0006,588,58.74426171153606,64.53509
TD-All,refit_on_3,7,B0006,592,58.47122551716232,64.32479
TD-All,refit_on_3,7,B0006,596,58.2196597592319,64.27632
TD-All,refit_on_3,7,B0006,600,57.18983519098029,64.18616
TD-All,refit_on_3,7,B0006,604,57.71437056534329,64.185394
TD-All,refit_on_3,7,B0006,608,57.43663099473362,63.731552
TD-All,refit_on_3,7,B0006,612,58.23847489632371,64.68527
TD-All,refit_on_3,7,B0006,614,58.76884540363096,65.29304
TD-All,pre_refit,7,B0007,2,100.45351791563915,96.19566
TD-All,pre_refit,7,B0007,4,99.900254379013,98.32257
TD-All,pre_refit,7,B0007,6,99.90161660017114,98.11839
TD-All,pre_refit,7,B0007,8,99.9073657865712,97.90174
TD-All,pre_refit,7,B0007,10,99.83724531860553,97.88606
TD-All,pre_refit,7,B0007,12,99.90361817867274,98.12623
TD-All,pre_refit,7,B0007,14,99.86297576917136,98.13933
TD-All,pre_refit,7,B0007,16,99.94656396119812,97.241
TD-All,pre_refit,7,B0007,18,99.31878532934633,96.96391
TD-All,pre_refit,7,B0007,20,99.33799331164263,97.014015
TD-All,pre_refit,7,B0007,22,99.33756087304828,96.72447
TD-All,pre_refit,7,B0007,25,98.78551523188162,96.166504
TD-All,pre_refit,7,B0007,27,98.75485184986668,96.010796
TD-All,pre_refit,7,B0007,29,98.75133536665352,96.000114
TD-All,pre_refit,7,B0007,31,98.77012942519043,95.587364
TD-All,pre_refit,7,B0007,33,98.73683812511632,95.26089
TD-All,pre_refit,7,B0007,35,98.15685575226132,95.00461
TD-All,pre_refit,7,B0007,37,98.19446503474695,94.686195
TD-All,pre_refit,7,B0007,39,98.186691403046,94.694916
TD-All,pre_refit,7,B0007,42,99.90787801510066,97.181595
TD-All,pre_refit,7,B0007,46,99.94461695603135,96.97234
TD-All,pre_refit,7,B0007,50,99.92460497901308,96.505585
TD-All,pre_refit,7,B0007,54,99.38880751306714,95.6517
TD-All,pre_refit,7,B0007,58,99.34580918956073,95.96846
TD-All,pre_refit,7,B0007,62,99.37088315432128,94.489746
TD-All,pre_refit,7,B0007,66,98.78342046080256,94.47555
TD-All,pre_refit,7,B0007,70,98.8058078187501,94.18417
TD-All,pre_refit,7,B0007,74,98.75966747373796,94.140305
TD-All,pre_refit,7,B0007,78,98.1739885027512,94.10364
TD-All,pre_refit,7,B0007,82,98.23039625446908,93.92878
TD-All,pre_refit,7,B0007,86,100.05062324611636,94.922775
TD-All,pre_refit,7,B0007,90,98.95386520139344,96.709175
TD-All,pre_refit,7,B0007,94,98.38356039411237,96.47594
TD-All,pre_refit,7,B0007,98,98.11080955264678,96.03219
TD-All,pre_refit,7,B0007,102,97.57312273601715,95.86667
TD-All,pre_refit,7,B0007,106,97.5908400366413,95.275116
TD-All,pre_refit,7,B0007,110,97.29922460125108,95.445694
TD-All,pre_refit,7,B0007,114,96.74012336609094,95.332695
TD-All,pre_refit,7,B0007,118,96.49359124138364,94.67322
TD-All,pre_refit,7,B0007,122,96.22137391342224,94.133675
TD-All,pre_refit,7,B0007,126,96.233276781278,93.9306
TD-All,pre_refit,7,B0007,130,95.93841918044076,93.82452
TD-All,pre_refit,7,B0007,134,96.31819241353496,94.97923
TD-All,pre_refit,7,B0007,136,95.94953719543624,93.93997
TD-All,pre_refit,7,B0007,140,95.3953227427902,93.63985
TD-All,pre_refit,7,B0007,144,94.86699939598208,93.526245
TD-All,pre_refit,7,B0007,148,94.57173479963342,92.75224
TD-All,pre_refit,7,B0007,150,96.41760769059738,91.78101
TD-All,pre_refit,7,B0007,154,96.45090493439226,93.99978
TD-All,pre_refit,7,B0007,158,95.6297003383392,93.52435
TD-All,pre_refit,7,B0007,162,95.10935396520227,93.60786
TD-All,pre_refit,7,B0007,166,94.57259385530976,92.688065
TD-All,pre_refit,7,B0007,170,94.30623404626093,92.74224
TD-All,pre_refit,7,B0007,174,94.0371367595855,92.1145
TD-All,pre_refit,7,B0007,178,93.49626919937222,91.869774
TD-All,pre_refit,7,B0007,182,92.9420388383138,91.14761
TD-All,pre_refit,7,B0007,186,92.94217065781828,90.990776
TD-All,pre_refit,7,B0007,190,92.69668329388116,90.558
TD-All,pre_refit,7,B0007,194,92.41073633514534,90.18212
TD-All,pre_refit,7,B0007,198,91.82208130681248,89.839
TD-All,pre_refit,7,B0007,202,91.5743327473832,90.55113
TD-All,pre_refit,7,B0007,206,91.04730118386937,89.804184
TD-All,pre_refit,7,B0007,210,91.04684020750553,88.90908
TD-All,pre_refit,7,B0007,214,90.49873919973382,88.5833
TD-All,pre_refit,7,B0007,216,90.51794914609178,88.61583
TD-All,pre_refit,7,B0007,220,89.96325858213598,88.65578
TD-All,pre_refit,7,B0007,224,89.64911074691454,87.92358
TD-All,pre_refit,7,B0007,228,89.4056438247883,87.75029
TD-All,pre_refit,7,B0007,232,89.13221056506995,87.51519
TD-All,pre_refit,7,B0007,236,88.88142970948275,87.70543
TD-All,pre_refit,7,B0007,240,88.57496163215028,86.581726
TD-All,pre_refit,7,B0007,244,88.30030467403411,86.43452
TD-All,pre_refit,7,B0007,248,88.04309784572763,86.08173
TD-All,pre_refit,7,B0007,252,87.7835715053401,85.71399
TD-All,pre_refit,7,B0007,256,87.5009058762453,85.493614
TD-All,pre_refit,7,B0007,260,86.92700430940862,85.541725
TD-All,pre_refit,7,B0007,264,86.91859800690037,85.26226
TD-All,pre_refit,7,B0007,266,87.17696241036246,84.95576
TD-All,pre_refit,7,B0007,270,86.66971006432802,85.00726
TD-All,pre_refit,7,B0007,274,86.11955257111292,84.50533
TD-All,pre_refit,7,B0007,278,85.86532022039283,84.757416
TD-All,pre_refit,7,B0007,282,85.83324550155743,83.57613
TD-All,pre_refit,7,B0007,286,85.88108948972226,83.439156
TD-All,pre_refit,7,B0007,290,85.56987844007078,83.4661
TD-All,pre_refit,7,B0007,294,85.027771191142,83.669304
TD-All,pre_refit,7,B0007,298,84.77582688520748,82.67679
TD-All,pre_refit,7,B0007,302,84.79178974791847,82.48882
TD-All,pre_refit,7,B0007,306,84.76993385106519,82.22881
TD-All,pre_refit,7,B0007,310,84.49605927424464,81.6949
TD-All,pre_refit,7,B0007,313,89.71090998622898,86.5836
TD-All,pre_refit,7,B0007,316,86.37349719367897,83.37508
TD-All,pre_refit,7,B0007,320,85.82898928627563,83.22397
TD-All,pre_refit,7,B0007,324,85.2934976107533,82.821976
TD-All,pre_refit,7,B0007,328,84.72574724857897,82.55325
TD-All,pre_refit,7,B0007,332,84.48328177752624,82.30431
TD-All,pre_refit,7,B0007,336,84.21457006738538,81.95615
TD-All,pre_refit,7,B0007,340,83.9288888229777,81.68253
TD-All,pre_refit,7,B0007,344,83.67629222648154,81.79146
TD-All,pre_refit,7,B0007,348,83.38837618926404,81.11102
TD-All,pre_refit,7,B0007,352,83.41270816038221,81.016014
TD-All,pre_refit,7,B0007,356,83.14675201444969,80.434586
TD-All,pre_refit,7,B0007,360,82.8484308280049,80.70305
TD-All,pre_refit,7,B0007,364,83.13252526962864,80.32849
TD-All,pre_refit,7,B0007,367,83.66359396289195,81.00983
TD-All,pre_refit,7,B0007,371,83.14841165448959,80.1711
TD-All,pre_refit,7,B0007,375,82.85488835556158,80.760475
TD-All,pre_refit,7,B0007,379,82.33123711829187,79.61616
TD-All,pre_refit,7,B0007,383,82.01142381939957,79.4374
TD-All,pre_refit,7,B0007,387,82.07206587982726,79.55864
TD-All,pre_refit,7,B0007,391,82.0495038543302,78.97695
TD-All,pre_refit,7,B0007,395,81.5031419618624,78.74157
TD-All,pre_refit,7,B0007,399,81.20841503507037,78.47758
TD-All,pre_refit,7,B0007,403,81.21721340553746,78.85581
TD-All,pre_refit,7,B0007,407,81.22601148878292,77.71265
TD-All,pre_refit,7,B0007,411,80.95054391771832,77.69759
TD-All,pre_refit,7,B0007,415,80.67227833994721,77.63372
TD-All,pre_refit,7,B0007,419,80.40565013650571,77.4089
TD-All,pre_refit,7,B0007,423,80.40335490244634,77.32568
TD-All,pre_refit,7,B0007,427,80.42152437300291,77.30398
TD-All,pre_refit,7,B0007,431,81.48461605871495,78.404144
TD-All,pre_refit,7,B0007,433,81.75963969607048,79.01022
TD-All,pre_refit,7,B0007,437,80.93560989493338,78.050415
TD-All,pre_refit,7,B0007,441,80.40209515327608,77.99847
TD-All,pre_refit,7,B0007,445,80.09419697809993,77.51246
TD-All,pre_refit,7,B0007,449,79.85042691616567,77.40398
TD-All,pre_refit,7,B0007,453,79.56495728605914,77.04474
TD-All,pre_refit,7,B0007,457,79.30076147796538,76.94981
TD-All,pre_refit,7,B0007,461,79.2776995197187,76.810135
TD-All,pre_refit,7,B0007,465,79.01573008127421,76.920494
TD-All,pre_refit,7,B0007,469,78.7529099419952,76.37104
TD-All,pre_refit,7,B0007,473,78.76631135529045,76.1488
TD-All,pre_refit,7,B0007,477,78.45734950325969,75.87538
TD-All,pre_refit,7,B0007,481,78.71925319505982,75.95225
TD-All,pre_refit,7,B0007,483,79.58166685963718,76.55493
TD-All,pre_refit,7,B0007,485,78.72860058663869,76.42186
TD-All,pre_refit,7,B0007,489,78.46501751785956,75.76326
TD-All,pre_refit,7,B0007,493,78.19738333514631,75.55103
TD-All,pre_refit,7,B0007,497,78.20645287101384,75.69887
TD-All,pre_refit,7,B0007,501,77.92824275772597,75.24893
TD-All,pre_refit,7,B0007,505,77.6497101362114,75.46132
TD-All,pre_refit,7,B0007,509,77.38028422735451,75.44224
TD-All,pre_refit,7,B0007,513,77.09660547904922,74.91788
TD-All,pre_refit,7,B0007,517,77.11046744203753,74.66929
TD-All,pre_refit,7,B0007,521,76.85550035450103,74.66678
TD-All,pre_refit,7,B0007,525,76.85236240084764,74.94411
TD-All,pre_refit,7,B0007,529,76.56671722215358,74.28192
TD-All,pre_refit,7,B0007,533,76.29399038621672,74.26117
TD-All,pre_refit,7,B0007,537,76.32425788720361,73.70287
TD-All,pre_refit,7,B0007,541,76.29658741049414,74.15722
TD-All,pre_refit,7,B0007,545,76.59209728582513,74.07249
TD-All,pre_refit,7,B0007,548,77.93863743061358,75.184814
TD-All,pre_refit,7,B0007,552,77.12364718084329,74.51722
TD-All,pre_refit,7,B0007,556,76.8725967441492,74.72261
TD-All,pre_refit,7,B0007,560,76.58854113704766,74.92717
TD-All,pre_refit,7,B0007,564,76.04885672654179,74.323395
TD-All,pre_refit,7,B0007,568,76.05828438472663,73.72187
TD-All,pre_refit,7,B0007,572,75.76335089505734,73.994736
TD-All,pre_refit,7,B0007,576,75.75439980355237,73.7121
TD-All,pre_refit,7,B0007,580,75.49812548326929,72.9591
TD-All,pre_refit,7,B0007,584,75.23591897923467,73.5471
TD-All,pre_refit,7,B0007,588,75.24924732301496,72.94613
TD-All,pre_refit,7,B0007,592,74.94444174506414,72.87456
TD-All,pre_refit,7,B0007,596,74.95266425125988,72.66366
TD-All,pre_refit,7,B0007,600,74.69643604452878,72.9054
TD-All,pre_refit,7,B0007,604,74.7051700493532,72.37724
TD-All,pre_refit,7,B0007,608,74.39278959915883,72.305084
TD-All,pre_refit,7,B0007,612,75.52591562947222,72.98996
TD-All,pre_refit,7,B0007,614,76.09264518290325,73.90484
TD-All,refit_on_3,7,B0007,2,100.45351791563915,98.66111
TD-All,refit_on_3,7,B0007,4,99.900254379013,100.67395
TD-All,refit_on_3,7,B0007,6,99.90161660017114,100.434135
TD-All,refit_on_3,7,B0007,8,99.9073657865712,100.113945
TD-All,refit_on_3,7,B0007,10,99.83724531860553,100.070305
TD-All,refit_on_3,7,B0007,12,99.90361817867274,100.33357
TD-All,refit_on_3,7,B0007,14,99.86297576917136,100.47909
TD-All,refit_on_3,7,B0007,16,99.94656396119812,99.40808
TD-All,refit_on_3,7,B0007,18,99.31878532934633,99.02352
TD-All,refit_on_3,7,B0007,20,99.33799331164263,99.03651
TD-All,refit_on_3,7,B0007,22,99.33756087304828,98.70075
TD-All,refit_on_3,7,B0007,25,98.78551523188162,98.198906
TD-All,refit_on_3,7,B0007,27,98.75485184986668,97.84899
TD-All,refit_on_3,7,B0007,29,98.75133536665352,97.880844
TD-All,refit_on_3,7,B0007,31,98.77012942519043,97.177185
TD-All,refit_on_3,7,B0007,33,98.73683812511632,96.856255
TD-All,refit_on_3,7,B0007,35,98.15685575226132,96.59229
TD-All,refit_on_3,7,B0007,37,98.19446503474695,96.115616
TD-All,refit_on_3,7,B0007,39,98.186691403046,96.27869
TD-All,refit_on_3,7,B0007,42,99.90787801510066,100.27013
TD-All,refit_on_3,7,B0007,46,99.94461695603135,99.952484
TD-All,refit_on_3,7,B0007,50,99.92460497901308,98.86275
TD-All,refit_on_3,7,B0007,54,99.38880751306714,98.022995
TD-All,refit_on_3,7,B0007,58,99.34580918956073,98.60402
TD-All,refit_on_3,7,B0007,62,99.37088315432128,96.6537
TD-All,refit_on_3,7,B0007,66,98.78342046080256,96.73149
TD-All,refit_on_3,7,B0007,70,98.8058078187501,96.356995
TD-All,refit_on_3,7,B0007,74,98.75966747373796,96.40877
TD-All,refit_on_3,7,B0007,78,98.1739885027512,96.41392
TD-All,refit_on_3,7,B0007,82,98.23039625446908,96.183846
TD-All,refit_on_3,7,B0007,86,100.05062324611636,97.7546
TD-All,refit_on_3,7,B0007,90,98.95386520139344,99.17004
TD-All,refit_on_3,7,B0007,94,98.38356039411237,98.61956
TD-All,refit_on_3,7,B0007,98,98.11080955264678,98.08867
TD-All,refit_on_3,7,B0007,102,97.57312273601715,98.11684
TD-All,refit_on_3,7,B0007,106,97.5908400366413,97.94287
TD-All,refit_on_3,7,B0007,110,97.29922460125108,97.63356
TD-All,refit_on_3,7,B0007,114,96.74012336609094,97.5867
TD-All,refit_on_3,7,B0007,118,96.49359124138364,97.01387
TD-All,refit_on_3,7,B0007,122,96.22137391342224,96.889046
TD-All,refit_on_3,7,B0007,126,96.233276781278,96.77902
TD-All,refit_on_3,7,B0007,130,95.93841918044076,96.69035
TD-All,refit_on_3,7,B0007,134,96.31819241353496,97.34337
TD-All,refit_on_3,7,B0007,136,95.94953719543624,96.32913
TD-All,refit_on_3,7,B0007,140,95.3953227427902,95.76514
TD-All,refit_on_3,7,B0007,144,94.86699939598208,95.867294
TD-All,refit_on_3,7,B0007,148,94.57173479963342,95.1051
TD-All,refit_on_3,7,B0007,150,96.41760769059738,97.03441
TD-All,refit_on_3,7,B0007,154,96.45090493439226,96.85845
TD-All,refit_on_3,7,B0007,158,95.6297003383392,96.06332
TD-All,refit_on_3,7,B0007,162,95.10935396520227,96.32992
TD-All,refit_on_3,7,B0007,166,94.57259385530976,95.21416
TD-All,refit_on_3,7,B0007,170,94.30623404626093,95.37294
TD-All,refit_on_3,7,B0007,174,94.0371367595855,94.66174
TD-All,refit_on_3,7,B0007,178,93.49626919937222,94.14928
TD-All,refit_on_3,7,B0007,182,92.9420388383138,93.0628
TD-All,refit_on_3,7,B0007,186,92.94217065781828,92.891365
TD-All,refit_on_3,7,B0007,190,92.69668329388116,92.685196
TD-All,refit_on_3,7,B0007,194,92.41073633514534,92.43966
TD-All,refit_on_3,7,B0007,198,91.82208130681248,91.74884
TD-All,refit_on_3,7,B0007,202,91.5743327473832,92.60586
TD-All,refit_on_3,7,B0007,206,91.04730118386937,91.4691
TD-All,refit_on_3,7,B0007,210,91.04684020750553,91.06912
TD-All,refit_on_3,7,B0007,214,90.49873919973382,90.19594
TD-All,refit_on_3,7,B0007,216,90.51794914609178,90.585144
TD-All,refit_on_3,7,B0007,220,89.96325858213598,90.59729
TD-All,refit_on_3,7,B0007,224,89.64911074691454,89.743256
TD-All,refit_on_3,7,B0007,228,89.4056438247883,89.63259
TD-All,refit_on_3,7,B0007,232,89.13221056506995,89.4185
TD-All,refit_on_3,7,B0007,236,88.88142970948275,89.620544
TD-All,refit_on_3,7,B0007,240,88.57496163215028,88.393295
TD-All,refit_on_3,7,B0007,244,88.30030467403411,88.21456
TD-All,refit_on_3,7,B0007,248,88.04309784572763,87.83749
TD-All,refit_on_3,7,B0007,252,87.7835715053401,87.41416
TD-All,refit_on_3,7,B0007,256,87.5009058762453,87.17108
TD-All,refit_on_3,7,B0007,260,86.92700430940862,87.158134
TD-All,refit_on_3,7,B0007,264,86.91859800690037,86.73775
TD-All,refit_on_3,7,B0007,266,87.17696241036246,86.85665
TD-All,refit_on_3,7,B0007,270,86.66971006432802,86.32168
TD-All,refit_on_3,7,B0007,274,86.11955257111292,85.82
TD-All,refit_on_3,7,B0007,278,85.86532022039283,86.33444
TD-All,refit_on_3,7,B0007,282,85.83324550155743,85.375496
TD-All,refit_on_3,7,B0007,286,85.88108948972226,85.223564
TD-All,refit_on_3,7,B0007,290,85.56987844007078,85.177185
TD-All,refit_on_3,7,B0007,294,85.027771191142,85.0994
TD-All,refit_on_3,7,B0007,298,84.77582688520748,83.896996
TD-All,refit_on_3,7,B0007,302,84.79178974791847,84.262886
TD-All,refit_on_3,7,B0007,306,84.76993385106519,84.02368
TD-All,refit_on_3,7,B0007,310,84.49605927424464,83.289314
TD-All,refit_on_3,7,B0007,313,89.71090998622898,88.33302
TD-All,refit_on_3,7,B0007,316,86.37349719367897,85.63652
TD-All,refit_on_3,7,B0007,320,85.82898928627563,85.01412
TD-All,refit_on_3,7,B0007,324,85.2934976107533,84.44578
TD-All,refit_on_3,7,B0007,328,84.72574724857897,84.156395
TD-All,refit_on_3,7,B0007,332,84.48328177752624,83.85257
TD-All,refit_on_3,7,B0007,336,84.21457006738538,83.592995
TD-All,refit_on_3,7,B0007,340,83.9288888229777,83.294044
TD-All,refit_on_3,7,B0007,344,83.67629222648154,83.45074
TD-All,refit_on_3,7,B0007,348,83.38837618926404,82.725235
TD-All,refit_on_3,7,B0007,352,83.41270816038221,82.69797
TD-All,refit_on_3,7,B0007,356,83.14675201444969,81.94008
TD-All,refit_on_3,7,B0007,360,82.8484308280049,82.272385
TD-All,refit_on_3,7,B0007,364,83.13252526962864,81.90633
TD-All,refit_on_3,7,B0007,367,83.66359396289195,83.268394
TD-All,refit_on_3,7,B0007,371,83.14841165448959,81.84403
TD-All,refit_on_3,7,B0007,375,82.85488835556158,82.594185
TD-All,refit_on_3,7,B0007,379,82.33123711829187,81.1256
TD-All,refit_on_3,7,B0007,383,82.01142381939957,81.15139
TD-All,refit_on_3,7,B0007,387,82.07206587982726,81.41978
TD-All,refit_on_3,7,B0007,391,82.0495038543302,80.80695
TD-All,refit_on_3,7,B0007,395,81.5031419618624,80.26936
TD-All,refit_on_3,7,B0007,399,81.20841503507037,80.101234
TD-All,refit_on_3,7,B0007,403,81.21721340553746,80.64534
TD-All,refit_on_3,7,B0007,407,81.22601148878292,79.4515
TD-All,refit_on_3,7,B0007,411,80.95054391771832,79.2431
TD-All,refit_on_3,7,B0007,415,80.67227833994721,79.113594
TD-All,refit_on_3,7,B0007,419,80.40565013650571,78.863754
TD-All,refit_on_3,7,B0007,423,80.40335490244634,79.027214
TD-All,refit_on_3,7,B0007,427,80.42152437300291,79.15649
TD-All,refit_on_3,7,B0007,431,81.48461605871495,79.73863
TD-All,refit_on_3,7,B0007,433,81.75963969607048,80.93143
TD-All,refit_on_3,7,B0007,437,80.93560989493338,79.323235
TD-All,refit_on_3,7,B0007,441,80.40209515327608,79.250854
TD-All,refit_on_3,7,B0007,445,80.09419697809993,78.80729
TD-All,refit_on_3,7,B0007,449,79.85042691616567,78.69729
TD-All,refit_on_3,7,B0007,453,79.56495728605914,78.34871
TD-All,refit_on_3,7,B0007,457,79.30076147796538,78.20774
TD-All,refit_on_3,7,B0007,461,79.2776995197187,78.011795
TD-All,refit_on_3,7,B0007,465,79.01573008127421,77.9914
TD-All,refit_on_3,7,B0007,469,78.7529099419952,77.486626
TD-All,refit_on_3,7,B0007,473,78.76631135529045,77.33247
TD-All,refit_on_3,7,B0007,477,78.45734950325969,76.86537
TD-All,refit_on_3,7,B0007,481,78.71925319505982,77.44688
TD-All,refit_on_3,7,B0007,483,79.58166685963718,78.09127
TD-All,refit_on_3,7,B0007,485,78.72860058663869,77.44669
TD-All,refit_on_3,7,B0007,489,78.46501751785956,76.67484
TD-All,refit_on_3,7,B0007,493,78.19738333514631,76.343925
TD-All,refit_on_3,7,B0007,497,78.20645287101384,77.01839
TD-All,refit_on_3,7,B0007,501,77.92824275772597,76.48523
TD-All,refit_on_3,7,B0007,505,77.6497101362114,76.47338
TD-All,refit_on_3,7,B0007,509,77.38028422735451,76.26241
TD-All,refit_on_3,7,B0007,513,77.09660547904922,75.787796
TD-All,refit_on_3,7,B0007,517,77.11046744203753,75.83297
TD-All,refit_on_3,7,B0007,521,76.85550035450103,75.732086
TD-All,refit_on_3,7,B0007,525,76.85236240084764,75.67354
TD-All,refit_on_3,7,B0007,529,76.56671722215358,74.88549
TD-All,refit_on_3,7,B0007,533,76.29399038621672,75.042595
TD-All,refit_on_3,7,B0007,537,76.32425788720361,74.64754
TD-All,refit_on_3,7,B0007,541,76.29658741049414,74.96015
TD-All,refit_on_3,7,B0007,545,76.59209728582513,74.33598
TD-All,refit_on_3,7,B0007,548,77.93863743061358,76.46376
TD-All,refit_on_3,7,B0007,552,77.12364718084329,75.34235
TD-All,refit_on_3,7,B0007,556,76.8725967441492,75.579544
TD-All,refit_on_3,7,B0007,560,76.58854113704766,75.81308
TD-All,refit_on_3,7,B0007,564,76.04885672654179,75.13808
TD-All,refit_on_3,7,B0007,568,76.05828438472663,74.33959
TD-All,refit_on_3,7,B0007,572,75.76335089505734,74.77999
TD-All,refit_on_3,7,B0007,576,75.75439980355237,74.47419
TD-All,refit_on_3,7,B0007,580,75.49812548326929,73.58338
TD-All,refit_on_3,7,B0007,584,75.23591897923467,74.36445
TD-All,refit_on_3,7,B0007,588,75.24924732301496,73.581314
TD-All,refit_on_3,7,B0007,592,74.94444174506414,73.687225
TD-All,refit_on_3,7,B0007,596,74.95266425125988,73.2504
TD-All,refit_on_3,7,B0007,600,74.69643604452878,73.6737
TD-All,refit_on_3,7,B0007,604,74.7051700493532,73.042175
TD-All,refit_on_3,7,B0007,608,74.39278959915883,73.09954
TD-All,refit_on_3,7,B0007,612,75.52591562947222,74.019714
TD-All,refit_on_3,7,B0007,614,76.09264518290325,75.57676
TD-All,pre_refit,7,B0018,3,100.8025811041783,91.3842
TD-All,pre_refit,7,B0018,7,100.16087022619236,93.12305
TD-All,pre_refit,7,B0018,11,99.96558598273582,92.261345
TD-All,pre_refit,7,B0018,15,99.48041766162956,92.067795
TD-All,pre_refit,7,B0018,18,99.59054502526398,94.43828
TD-All,pre_refit,7,B0018,20,99.36387169185286,92.31283
TD-All,pre_refit,7,B0018,22,98.96567828327716,91.74112
TD-All,pre_refit,7,B0018,24,98.63793870309058,91.34582
TD-All,pre_refit,7,B0018,27,98.04714689052696,91.123146
TD-All,pre_refit,7,B0018,30,99.06887382997856,93.72107
TD-All,pre_refit,7,B0018,32,98.47248926951052,92.10934
TD-All,pre_refit,7,B0018,34,98.068534707018,91.42256
TD-All,pre_refit,7,B0018,36,97.31606084566693,90.6086
TD-All,pre_refit,7,B0018,39,96.91537145663308,90.01913
TD-All,pre_refit,7,B0018,42,96.77777434993364,92.50498
TD-All,pre_refit,7,B0018,44,96.24906078283864,91.152275
TD-All,pre_refit,7,B0018,46,96.10893521170082,90.52005
TD-All,pre_refit,7,B0018,48,95.29382636269746,89.736496
TD-All,pre_refit,7,B0018,51,94.89112029628322,88.72136
TD-All,pre_refit,7,B0018,54,94.42623362260446,89.58395
TD-All,pre_refit,7,B0018,56,94.09214261326034,88.22186
TD-All,pre_refit,7,B0018,58,92.84655809058668,88.75127
TD-All,pre_refit,7,B0018,60,93.00278636580364,87.614105
TD-All,pre_refit,7,B0018,63,92.78717154289568,87.2555
TD-All,pre_refit,7,B0018,66,95.05514633441328,90.56796
TD-All,pre_refit,7,B0018,68,94.16023397654948,89.64743
TD-All,pre_refit,7,B0018,70,93.58756901230694,89.417366
TD-All,pre_refit,7,B0018,72,93.02323711734508,88.74644
TD-All,pre_refit,7,B0018,75,92.33971230163448,87.80986
TD-All,pre_refit,7,B0018,78,92.05544475967478,88.625694
TD-All,pre_refit,7,B0018,80,91.39607597710202,87.54214
TD-All,pre_refit,7,B0018,82,91.12841202900309,87.54918
TD-All,pre_refit,7,B0018,84,90.50598444143154,87.05018
TD-All,pre_refit,7,B0018,87,90.05329919062662,86.115234
TD-All,pre_refit,7,B0018,90,89.56595375021743,86.81398
TD-All,pre_refit,7,B0018,92,89.05221474379236,85.28163
TD-All,pre_refit,7,B0018,94,88.4478648526792,85.206024
TD-All,pre_refit,7,B0018,96,88.14926233550939,85.141045
TD-All,pre_refit,7,B0018,99,87.70654438914323,84.556656
TD-All,pre_refit,7,B0018,102,91.07812245566797,87.642654
TD-All,pre_refit,7,B0018,104,89.62445100410937,85.86808
TD-All,pre_refit,7,B0018,106,88.70513095013024,84.94757
TD-All,pre_refit,7,B0018,108,87.83746900859978,84.06807
TD-All,pre_refit,7,B0018,111,87.53788044222665,83.40412
TD-All,pre_refit,7,B0018,114,86.69891328476463,83.903145
TD-All,pre_refit,7,B0018,117,93.83080462693712,90.31012
TD-All,pre_refit,7,B0018,119,93.27978546012802,88.46531
TD-All,pre_refit,7,B0018,121,92.1525471966999,87.598175
TD-All,pre_refit,7,B0018,123,91.17195305362098,86.77687
TD-All,pre_refit,7,B0018,125,90.2416573040256,86.03872
TD-All,pre_refit,7,B0018,128,90.55423897233052,88.26992
TD-All,pre_refit,7,B0018,130,89.49039068452917,85.74095
TD-All,pre_refit,7,B0018,132,88.3454487099843,85.79543
TD-All,pre_refit,7,B0018,134,87.60607299731777,84.99775
TD-All,pre_refit,7,B0018,136,87.25714700042141,83.88951
TD-All,pre_refit,7,B0018,141,90.9473619616094,91.253494
TD-All,pre_refit,7,B0018,143,89.1426764135498,85.63777
TD-All,pre_refit,7,B0018,145,87.66626044455795,84.331764
TD-All,pre_refit,7,B0018,147,86.51592379470374,83.07956
TD-All,pre_refit,7,B0018,150,86.21730704320841,82.410934
TD-All,pre_refit,7,B0018,153,85.8627581657356,83.15068
TD-All,pre_refit,7,B0018,155,84.99855590440428,81.93726
TD-All,pre_refit,7,B0018,157,84.53366840480606,81.24573
TD-All,pre_refit,7,B0018,159,83.69607194854545,80.6858
TD-All,pre_refit,7,B0018,162,83.25899594193369,79.84929
TD-All,pre_refit,7,B0018,165,83.22975722050174,80.32333
TD-All,pre_refit,7,B0018,167,82.72092847997168,79.317795
TD-All,pre_refit,7,B0018,169,81.86598978006339,78.49561
TD-All,pre_refit,7,B0018,171,81.58859278240016,78.2603
TD-All,pre_refit,7,B0018,174,81.31316363799587,77.52356
TD-All,pre_refit,7,B0018,177,83.32773163808899,80.77587
TD-All,pre_refit,7,B0018,179,82.80709531820148,79.39907
TD-All,pre_refit,7,B0018,181,81.57610219236552,78.18201
TD-All,pre_refit,7,B0018,183,81.09929204028072,77.8242
TD-All,pre_refit,7,B0018,185,80.60512587063184,77.07114
TD-All,pre_refit,7,B0018,188,80.4645909654616,77.69181
TD-All,pre_refit,7,B0018,190,80.07171192098461,76.63797
TD-All,pre_refit,7,B0018,192,79.77346222448996,76.47912
TD-All,pre_refit,7,B0018,194,79.23402412051846,75.67266
TD-All,pre_refit,7,B0018,197,78.6783203089025,74.65061
TD-All,pre_refit,7,B0018,200,78.94539372549075,75.678314
TD-All,pre_refit,7,B0018,202,78.38865828037459,74.63467
TD-All,pre_refit,7,B0018,204,78.21127069246836,74.80937
TD-All,pre_refit,7,B0018,206,77.6339684068403,74.46946
TD-All,pre_refit,7,B0018,209,77.43046760934243,73.726685
TD-All,pre_refit,7,B0018,212,79.8708545166814,77.41414
TD-All,pre_refit,7,B0018,214,78.93458463676515,75.20119
TD-All,pre_refit,7,B0018,216,78.40488242765085,74.33518
TD-All,pre_refit,7,B0018,218,77.61921434771055,73.509
TD-All,pre_refit,7,B0018,220,76.9170609064971,73.00555
TD-All,pre_refit,7,B0018,223,79.04297866359087,75.795525
TD-All,pre_refit,7,B0018,225,77.61605692618127,74.12048
TD-All,pre_refit,7,B0018,227,77.14789574863566,73.67663
TD-All,pre_refit,7,B0018,229,76.92281444261894,73.334496
TD-All,pre_refit,7,B0018,232,76.3858924270674,72.35353
TD-All,pre_refit,7,B0018,235,76.53620320177981,73.375404
TD-All,pre_refit,7,B0018,237,75.9063201738239,72.22989
TD-All,pre_refit,7,B0018,239,75.72766142150313,72.0192
TD-All,pre_refit,7,B0018,241,75.49928800503805,71.961525
TD-All,pre_refit,7,B0018,244,74.9124451895705,71.037224
TD-All,pre_refit,7,B0018,247,75.25674730493446,72.20355
TD-All,pre_refit,7,B0018,249,74.46467849076038,70.67309
TD-All,pre_refit,7,B0018,251,74.62885626516028,70.949745
TD-All,pre_refit,7,B0018,253,74.33553994642665,70.84248
TD-All,pre_refit,7,B0018,256,73.72504079935909,70.027214
TD-All,pre_refit,7,B0018,259,79.36110924975578,76.555435
TD-All,pre_refit,7,B0018,261,78.799706688891,75.46238
TD-All,pre_refit,7,B0018,263,78.14983302548104,75.23464
TD-All,pre_refit,7,B0018,265,77.61878718971624,74.38735
TD-All,pre_refit,7,B0018,267,76.88079746021991,73.284485
TD-All,pre_refit,7,B0018,270,76.8319836786595,73.99471
TD-All,pre_refit,7,B0018,272,76.01926160635412,72.791275
TD-All,pre_refit,7,B0018,274,75.82358510102308,73.14346
TD-All,pre_refit,7,B0018,276,75.53633219814198,73.22876
TD-All,pre_refit,7,B0018,279,75.31793705780649,71.847084
TD-All,pre_refit,7,B0018,282,75.43684114368729,72.12401
TD-All,pre_refit,7,B0018,284,74.7829788363973,71.034805
TD-All,pre_refit,7,B0018,286,74.15991898288928,71.16413
TD-All,pre_refit,7,B0018,288,73.84846878839457,71.263985
TD-All,pre_refit,7,B0018,291,73.15537271331122,71.19008
TD-All,pre_refit,7,B0018,294,77.53589472577204,75.219086
TD-All,pre_refit,7,B0018,296,76.42763235972666,73.28676
TD-All,pre_refit,7,B0018,298,75.72351586777258,72.494896
TD-All,pre_refit,7,B0018,300,75.4386936803776,72.25078
TD-All,pre_refit,7,B0018,302,74.45721490205536,71.73535
TD-All,pre_refit,7,B0018,305,74.97385174402893,72.70396
TD-All,pre_refit,7,B0018,307,74.3741167471391,71.526
TD-All,pre_refit,7,B0018,309,74.05233968989694,71.57483
TD-All,pre_refit,7,B0018,311,74.08863589293038,71.54001
TD-All,pre_refit,7,B0018,314,73.46151441244959,69.97677
TD-All,pre_refit,7,B0018,317,73.62086195282473,70.98128
TD-All,pre_refit,7,B0018,319,72.87391760769836,70.37632
TD-All,refit_on_3,7,B0018,3,100.8025811041783,93.0193
TD-All,refit_on_3,7,B0018,7,100.16087022619236,94.100464
TD-All,refit_on_3,7,B0018,11,99.96558598273582,93.33478
TD-All,refit_on_3,7,B0018,15,99.48041766162956,93.190254
TD-All,refit_on_3,7,B0018,18,99.59054502526398,95.44976
TD-All,refit_on_3,7,B0018,20,99.36387169185286,93.376434
TD-All,refit_on_3,7,B0018,22,98.96567828327716,92.86961
TD-All,refit_on_3,7,B0018,24,98.63793870309058,92.48019
TD-All,refit_on_3,7,B0018,27,98.04714689052696,92.2535
TD-All,refit_on_3,7,B0018,30,99.06887382997856,94.84651
TD-All,refit_on_3,7,B0018,32,98.47248926951052,93.201675
TD-All,refit_on_3,7,B0018,34,98.068534707018,92.50032
TD-All,refit_on_3,7,B0018,36,97.31606084566693,91.75748
TD-All,refit_on_3,7,B0018,39,96.91537145663308,91.18352
TD-All,refit_on_3,7,B0018,42,96.77777434993364,93.58123
TD-All,refit_on_3,7,B0018,44,96.24906078283864,92.17175
TD-All,refit_on_3,7,B0018,46,96.10893521170082,91.51635
TD-All,refit_on_3,7,B0018,48,95.29382636269746,90.78896
TD-All,refit_on_3,7,B0018,51,94.89112029628322,89.77477
TD-All,refit_on_3,7,B0018,54,94.42623362260446,90.62739
TD-All,refit_on_3,7,B0018,56,94.09214261326034,89.30801
TD-All,refit_on_3,7,B0018,58,92.84655809058668,89.5117
TD-All,refit_on_3,7,B0018,60,93.00278636580364,88.651566
TD-All,refit_on_3,7,B0018,63,92.78717154289568,88.297226
TD-All,refit_on_3,7,B0018,66,95.05514633441328,91.670204
TD-All,refit_on_3,7,B0018,68,94.16023397654948,90.5655
TD-All,refit_on_3,7,B0018,70,93.58756901230694,90.313156
TD-All,refit_on_3,7,B0018,72,93.02323711734508,89.61755
TD-All,refit_on_3,7,B0018,75,92.33971230163448,88.65703
TD-All,refit_on_3,7,B0018,78,92.05544475967478,89.54134
TD-All,refit_on_3,7,B0018,80,91.39607597710202,88.40513
TD-All,refit_on_3,7,B0018,82,91.12841202900309,88.33874
TD-All,refit_on_3,7,B0018,84,90.50598444143154,87.785545
TD-All,refit_on_3,7,B0018,87,90.05329919062662,86.87999
TD-All,refit_on_3,7,B0018,90,89.56595375021743,87.593346
TD-All,refit_on_3,7,B0018,92,89.05221474379236,86.0013
TD-All,refit_on_3,7,B0018,94,88.4478648526792,85.96637
TD-All,refit_on_3,7,B0018,96,88.14926233550939,85.82018
TD-All,refit_on_3,7,B0018,99,87.70654438914323,85.16448
TD-All,refit_on_3,7,B0018,102,91.07812245566797,88.47861
TD-All,refit_on_3,7,B0018,104,89.62445100410937,86.58295
TD-All,refit_on_3,7,B0018,106,88.70513095013024,85.61171
TD-All,refit_on_3,7,B0018,108,87.83746900859978,84.72303
TD-All,refit_on_3,7,B0018,111,87.53788044222665,84.14093
TD-All,refit_on_3,7,B0018,114,86.69891328476463,84.61458
TD-All,refit_on_3,7,B0018,117,93.83080462693712,90.23631
TD-All,refit_on_3,7,B0018,119,93.27978546012802,89.16368
TD-All,refit_on_3,7,B0018,121,92.1525471966999,88.303185
TD-All,refit_on_3,7,B0018,123,91.17195305362098,87.4438
TD-All,refit_on_3,7,B0018,125,90.2416573040256,86.72795
TD-All,refit_on_3,7,B0018,128,90.55423897233052,88.91093
TD-All,refit_on_3,7,B0018,130,89.49039068452917,86.29877
TD-All,refit_on_3,7,B0018,132,88.3454487099843,86.11184
TD-All,refit_on_3,7,B0018,134,87.60607299731777,85.224014
TD-All,refit_on_3,7,B0018,136,87.25714700042141,84.441086
TD-All,refit_on_3,7,B0018,141,90.9473619616094,90.43128
TD-All,refit_on_3,7,B0018,143,89.1426764135498,86.1367
TD-All,refit_on_3,7,B0018,145,87.66626044455795,84.75712
TD-All,refit_on_3,7,B0018,147,86.51592379470374,83.48796
TD-All,refit_on_3,7,B0018,150,86.21730704320841,82.86828
TD-All,refit_on_3,7,B0018,153,85.8627581657356,83.67183
TD-All,refit_on_3,7,B0018,155,84.99855590440428,82.2938
TD-All,refit_on_3,7,B0018,157,84.53366840480606,81.62832
TD-All,refit_on_3,7,B0018,159,83.69607194854545,80.99895
TD-All,refit_on_3,7,B0018,162,83.25899594193369,80.140526
TD-All,refit_on_3,7,B0018,165,83.22975722050174,80.69213
TD-All,refit_on_3,7,B0018,167,82.72092847997168,79.587746
TD-All,refit_on_3,7,B0018,169,81.86598978006339,78.73031
TD-All,refit_on_3,7,B0018,171,81.58859278240016,78.38936
TD-All,refit_on_3,7,B0018,174,81.31316363799587,77.64307
TD-All,refit_on_3,7,B0018,177,83.32773163808899,81.10552
TD-All,refit_on_3,7,B0018,179,82.80709531820148,79.56505
TD-All,refit_on_3,7,B0018,181,81.57610219236552,78.24762
TD-All,refit_on_3,7,B0018,183,81.09929204028072,77.91398
TD-All,refit_on_3,7,B0018,185,80.60512587063184,77.14903
TD-All,refit_on_3,7,B0018,188,80.4645909654616,77.818535
TD-All,refit_on_3,7,B0018,190,80.07171192098461,76.66737
TD-All,refit_on_3,7,B0018,192,79.77346222448996,76.413734
TD-All,refit_on_3,7,B0018,194,79.23402412051846,75.59422
TD-All,refit_on_3,7,B0018,197,78.6783203089025,74.54219
TD-All,refit_on_3,7,B0018,200,78.94539372549075,75.73654
TD-All,refit_on_3,7,B0018,202,78.38865828037459,74.54416
TD-All,refit_on_3,7,B0018,204,78.21127069246836,74.68793
TD-All,refit_on_3,7,B0018,206,77.6339684068403,74.27881
TD-All,refit_on_3,7,B0018,209,77.43046760934243,73.551384
TD-All,refit_on_3,7,B0018,212,79.8708545166814,77.375435
TD-All,refit_on_3,7,B0018,214,78.93458463676515,74.99496
TD-All,refit_on_3,7,B0018,216,78.40488242765085,74.12999
TD-All,refit_on_3,7,B0018,218,77.61921434771055,73.3002
TD-All,refit_on_3,7,B0018,220,76.9170609064971,73.23131
TD-All,refit_on_3,7,B0018,223,79.04297866359087,75.77485
TD-All,refit_on_3,7,B0018,225,77.61605692618127,73.8335
TD-All,refit_on_3,7,B0018,227,77.14789574863566,73.34013
TD-All,refit_on_3,7,B0018,229,76.92281444261894,72.9853
TD-All,refit_on_3,7,B0018,232,76.3858924270674,71.99484
TD-All,refit_on_3,7,B0018,235,76.53620320177981,73.03508
TD-All,refit_on_3,7,B0018,237,75.9063201738239,71.85917
TD-All,refit_on_3,7,B0018,239,75.72766142150313,71.65526
TD-All,refit_on_3,7,B0018,241,75.49928800503805,71.524345
TD-All,refit_on_3,7,B0018,244,74.9124451895705,70.78314
TD-All,refit_on_3,7,B0018,247,75.25674730493446,71.8573
TD-All,refit_on_3,7,B0018,249,74.46467849076038,70.52265
TD-All,refit_on_3,7,B0018,251,74.62885626516028,70.61728
TD-All,refit_on_3,7,B0018,253,74.33553994642665,70.4632
TD-All,refit_on_3,7,B0018,256,73.72504079935909,69.75542
TD-All,refit_on_3,7,B0018,259,79.36110924975578,76.83212
TD-All,refit_on_3,7,B0018,261,78.799706688891,75.246925
TD-All,refit_on_3,7,B0018,263,78.14983302548104,74.91034
TD-All,refit_on_3,7,B0018,265,77.61878718971624,74.05917
TD-All,refit_on_3,7,B0018,267,76.88079746021991,72.96372
TD-All,refit_on_3,7,B0018,270,76.8319836786595,73.908424
TD-All,refit_on_3,7,B0018,272,76.01926160635412,72.60637
TD-All,refit_on_3,7,B0018,274,75.82358510102308,72.61277
TD-All,refit_on_3,7,B0018,276,75.53633219814198,72.624504
TD-All,refit_on_3,7,B0018,279,75.31793705780649,71.32263
TD-All,refit_on_3,7,B0018,282,75.43684114368729,72.029396
TD-All,refit_on_3,7,B0018,284,74.7829788363973,71.19663
TD-All,refit_on_3,7,B0018,286,74.15991898288928,71.31569
TD-All,refit_on_3,7,B0018,288,73.84846878839457,71.39906
TD-All,refit_on_3,7,B0018,291,73.15537271331122,71.28249
TD-All,refit_on_3,7,B0018,294,77.53589472577204,75.47559
TD-All,refit_on_3,7,B0018,296,76.42763235972666,73.16954
TD-All,refit_on_3,7,B0018,298,75.72351586777258,72.36928
TD-All,refit_on_3,7,B0018,300,75.4386936803776,72.21688
TD-All,refit_on_3,7,B0018,302,74.45721490205536,71.845345
TD-All,refit_on_3,7,B0018,305,74.97385174402893,72.83925
TD-All,refit_on_3,7,B0018,307,74.3741167471391,71.42485
TD-All,refit_on_3,7,B0018,309,74.05233968989694,70.94629
TD-All,refit_on_3,7,B0018,311,74.08863589293038,70.92186
TD-All,refit_on_3,7,B0018,314,73.46151441244959,69.634575
TD-All,refit_on_3,7,B0018,317,73.62086195282473,70.8581
TD-All,refit_on_3,7,B0018,319,72.87391760769836,70.33364
TD-All,pre_refit,123,B0005,2,100.80760884947765,100.07912
TD-All,pre_refit,123,B0005,4,100.25590968770103,101.03238
TD-All,pre_refit,123,B0005,6,99.65979925247206,101.21478
TD-All,pre_refit,123,B0005,8,99.65509323788856,100.85567
TD-All,pre_refit,123,B0005,10,99.6215889724607,100.625336
TD-All,pre_refit,123,B0005,12,99.67676620535396,100.66876
TD-All,pre_refit,123,B0005,14,99.64877352944652,100.55055
TD-All,pre_refit,123,B0005,16,99.13892996732449,100.80983
TD-All,pre_refit,123,B0005,18,99.08555627584838,100.33899
TD-All,pre_refit,123,B0005,20,99.0768365083485,100.1546
TD-All,pre_refit,123,B0005,22,99.07717774099622,99.70027
TD-All,pre_refit,123,B0005,25,98.5114992237362,99.92525
TD-All,pre_refit,123,B0005,27,98.4870761948254,99.60553
TD-All,pre_refit,123,B0005,29,98.47015265835132,99.03683
TD-All,pre_refit,123,B0005,31,97.88140357167902,99.81449
TD-All,pre_refit,123,B0005,33,97.85473656745688,99.3607
TD-All,pre_refit,123,B0005,35,97.88039886599036,99.00399
TD-All,pre_refit,123,B0005,37,97.9069415267384,98.58008
TD-All,pre_refit,123,B0005,39,97.89115702988882,98.37661
TD-All,pre_refit,123,B0005,42,100.29385168145046,100.78116
TD-All,pre_refit,123,B0005,46,100.31510023136114,100.2901
TD-All,pre_refit,123,B0005,50,99.70477213786135,100.381165
TD-All,pre_refit,123,B0005,54,99.1402308374376,100.417984
TD-All,pre_refit,123,B0005,58,99.10400696359169,99.955025
TD-All,pre_refit,123,B0005,62,99.12941188644592,99.28364
TD-All,pre_refit,123,B0005,66,98.50222430381568,99.829796
TD-All,pre_refit,123,B0005,70,98.5423014565286,98.907364
TD-All,pre_refit,123,B0005,74,98.49887187571204,98.698135
TD-All,pre_refit,123,B0005,78,97.89050762402466,99.46416
TD-All,pre_refit,123,B0005,82,97.96171552529285,98.58813
TD-All,pre_refit,123,B0005,86,100.55321959197046,99.381676
TD-All,pre_refit,123,B0005,90,99.4075559707276,98.48673
TD-All,pre_refit,123,B0005,94,98.82112827769676,98.21742
TD-All,pre_refit,123,B0005,98,98.2457556393358,97.89207
TD-All,pre_refit,123,B0005,102,97.99065016377766,97.68651
TD-All,pre_refit,123,B0005,106,97.7065060215613,97.75833
TD-All,pre_refit,123,B0005,110,97.11279694879056,97.64573
TD-All,pre_refit,123,B0005,114,96.81304988059888,97.39317
TD-All,pre_refit,123,B0005,118,96.27605729788222,97.17345
TD-All,pre_refit,123,B0005,122,96.2762766313732,96.791534
TD-All,pre_refit,123,B0005,126,95.99578118843372,97.09048
TD-All,pre_refit,123,B0005,130,95.69403287907456,96.990776
TD-All,pre_refit,123,B0005,134,95.98194451474556,97.083305
TD-All,pre_refit,123,B0005,136,95.71321655496544,96.66197
TD-All,pre_refit,123,B0005,140,95.11928805425076,96.049835
TD-All,pre_refit,123,B0005,144,94.58275432725988,96.162766
TD-All,pre_refit,123,B0005,148,94.27008009570102,95.146835
TD-All,pre_refit,123,B0005,150,97.39411432859931,97.842865
TD-All,pre_refit,123,B0005,154,96.82749231246368,97.46129
TD-All,pre_refit,123,B0005,158,95.96820195991576,96.81459
TD-All,pre_refit,123,B0005,162,95.40638930769452,96.56239
TD-All,pre_refit,123,B0005,166,94.8553962680492,95.607506
TD-All,pre_refit,123,B0005,170,94.5755674779542,95.58014
TD-All,pre_refit,123,B0005,174,94.28806184403476,95.318954
TD-All,pre_refit,123,B0005,178,93.73958753620327,94.64025
TD-All,pre_refit,123,B0005,182,93.16861105469168,94.173416
TD-All,pre_refit,123,B0005,186,92.88227598613614,93.643234
TD-All,pre_refit,123,B0005,190,92.636901518198,93.80224
TD-All,pre_refit,123,B0005,194,92.32720191735562,93.50055
TD-All,pre_refit,123,B0005,198,92.01599848919145,92.865234
TD-All,pre_refit,123,B0005,202,91.49053823956656,93.376465
TD-All,pre_refit,123,B0005,206,90.92425521866993,93.12862
TD-All,pre_refit,123,B0005,210,90.92941856192826,92.04064
TD-All,pre_refit,123,B0005,214,90.34010561326173,91.61151
TD-All,pre_refit,123,B0005,216,90.0847586044663,92.214645
TD-All,pre_refit,123,B0005,220,89.80457989439137,91.46606
TD-All,pre_refit,123,B0005,224,89.19640288815545,91.142685
TD-All,pre_refit,123,B0005,228,88.93598251136243,90.62244
TD-All,pre_refit,123,B0005,232,88.65781340235759,90.6495
TD-All,pre_refit,123,B0005,236,88.38728178562198,90.52078
TD-All,pre_refit,123,B0005,240,88.08171260170519,89.162125
TD-All,pre_refit,123,B0005,244,87.49528010741024,89.82849
TD-All,pre_refit,123,B0005,248,87.2366743602368,89.16294
TD-All,pre_refit,123,B0005,252,86.96251727221627,88.429115
TD-All,pre_refit,123,B0005,256,86.35734215456989,88.69083
TD-All,pre_refit,123,B0005,260,86.10863457357058,88.582184
TD-All,pre_refit,123,B0005,264,86.06270063126725,87.79622
TD-All,pre_refit,123,B0005,266,86.63737677555004,88.28336
TD-All,pre_refit,123,B0005,270,85.50813849993258,87.486786
TD-All,pre_refit,123,B0005,274,84.97446653296429,87.23137
TD-All,pre_refit,123,B0005,278,84.69557819389517,87.70279
TD-All,pre_refit,123,B0005,282,84.68013627936132,86.804855
TD-All,pre_refit,123,B0005,286,84.41991821853574,86.45855
TD-All,pre_refit,123,B0005,290,84.10414931140878,86.17587
TD-All,pre_refit,123,B0005,294,83.52653061113354,86.27276
TD-All,pre_refit,123,B0005,298,82.96602561057489,85.61452
TD-All,pre_refit,123,B0005,302,82.99920327964658,85.31363
TD-All,pre_refit,123,B0005,306,82.68003018050378,85.88946
TD-All,pre_refit,123,B0005,310,82.39976893302816,85.42774
TD-All,pre_refit,123,B0005,313,87.19626195760692,89.01042
TD-All,pre_refit,123,B0005,316,84.91729656129593,86.43889
TD-All,pre_refit,123,B0005,320,84.06165489885902,85.94746
TD-All,pre_refit,123,B0005,324,83.2082752902044,86.271385
TD-All,pre_refit,123,B0005,328,82.91381970838151,85.006676
TD-All,pre_refit,123,B0005,332,82.37106085271179,85.29654
TD-All,pre_refit,123,B0005,336,82.09631790141844,84.74805
TD-All,pre_refit,123,B0005,340,81.80669701206385,84.63862
TD-All,pre_refit,123,B0005,344,81.53418918115372,84.44162
TD-All,pre_refit,123,B0005,348,80.95312575426658,84.54596
TD-All,pre_refit,123,B0005,352,80.6829269258604,84.5526
TD-All,pre_refit,123,B0005,356,80.38673535372676,84.06834
TD-All,pre_refit,123,B0005,360,80.10415225005684,84.05237
TD-All,pre_refit,123,B0005,364,80.68483906716317,83.29804
TD-All,pre_refit,123,B0005,367,81.23806188586506,84.67047
TD-All,pre_refit,123,B0005,371,80.40774500270479,83.374695
TD-All,pre_refit,123,B0005,375,79.80793062432481,83.74791
TD-All,pre_refit,123,B0005,379,78.94710440938543,82.43785
TD-All,pre_refit,123,B0005,383,78.96040682717852,82.98599
TD-All,pre_refit,123,B0005,387,79.00805769223405,82.819916
TD-All,pre_refit,123,B0005,391,78.68325635434054,82.35218
TD-All,pre_refit,123,B0005,395,78.12009683923326,82.338455
TD-All,pre_refit,123,B0005,399,77.83635095586517,82.10419
TD-All,pre_refit,123,B0005,403,77.83366081216815,82.21455
TD-All,pre_refit,123,B0005,407,77.54418562704669,82.05301
TD-All,pre_refit,123,B0005,411,77.26483532824366,81.63492
TD-All,pre_refit,123,B0005,415,76.96665751739931,81.200615
TD-All,pre_refit,123,B0005,419,76.69408123915822,80.91174
TD-All,pre_refit,123,B0005,423,76.7032886034996,80.9292
TD-All,pre_refit,123,B0005,427,76.43285089151239,81.56823
TD-All,pre_refit,123,B0005,431,77.83345221466253,81.42354
TD-All,pre_refit,123,B0005,433,78.09751233548145,82.14501
TD-All,pre_refit,123,B0005,437,76.96262218385922,81.41085
TD-All,pre_refit,123,B0005,441,76.3993634537507,81.21415
TD-All,pre_refit,123,B0005,445,76.08562321685423,80.70672
TD-All,pre_refit,123,B0005,449,75.84111192639295,80.65288
TD-All,pre_refit,123,B0005,453,75.5470202599512,80.11775
TD-All,pre_refit,123,B0005,457,75.2724773855306,79.98871
TD-All,pre_refit,123,B0005,461,74.95796574493023,79.941315
TD-All,pre_refit,123,B0005,465,74.67559060559861,80.27687
TD-All,pre_refit,123,B0005,469,74.4190975749656,79.47821
TD-All,pre_refit,123,B0005,473,74.41886702385212,79.163765
TD-All,pre_refit,123,B0005,477,74.10538957595438,79.21371
TD-All,pre_refit,123,B0005,481,74.68403981580354,80.08797
TD-All,pre_refit,123,B0005,483,75.26611054535188,80.39693
TD-All,pre_refit,123,B0005,485,74.38310747232698,79.95093
TD-All,pre_refit,123,B0005,489,74.10795710900801,79.14932
TD-All,pre_refit,123,B0005,493,73.53993654981534,79.35508
TD-All,pre_refit,123,B0005,497,73.55729388669064,79.53251
TD-All,pre_refit,123,B0005,501,73.56067241598603,79.038536
TD-All,pre_refit,123,B0005,505,73.26805286034079,78.78667
TD-All,pre_refit,123,B0005,509,72.98972077509227,78.47008
TD-All,pre_refit,123,B0005,513,72.70747847813722,78.31202
TD-All,pre_refit,123,B0005,517,72.70330518052887,78.518425
TD-All,pre_refit,123,B0005,521,72.43680818215978,78.40228
TD-All,pre_refit,123,B0005,525,72.14563728793834,78.577896
TD-All,pre_refit,123,B0005,529,71.84842350914826,78.04636
TD-All,pre_refit,123,B0005,533,71.57682808520298,78.506294
TD-All,pre_refit,123,B0005,537,71.59297070565168,78.427986
TD-All,pre_refit,123,B0005,541,71.58355486033668,77.93384
TD-All,pre_refit,123,B0005,545,71.88651633814797,77.46251
TD-All,pre_refit,123,B0005,548,73.85485752850198,78.59285
TD-All,pre_refit,123,B0005,552,72.73676298693475,78.34295
TD-All,pre_refit,123,B0005,556,72.16650080848474,78.33214
TD-All,pre_refit,123,B0005,560,71.87574889700983,78.7964
TD-All,pre_refit,123,B0005,564,71.60206343923741,78.07744
TD-All,pre_refit,123,B0005,568,71.32194157026348,78.32522
TD-All,pre_refit,123,B0005,572,71.30711389020412,77.67764
TD-All,pre_refit,123,B0005,576,71.01356336148518,77.67027
TD-All,pre_refit,123,B0005,580,70.75492745457169,77.5217
TD-All,pre_refit,123,B0005,584,70.77254445771489,77.49332
TD-All,pre_refit,123,B0005,588,70.77540542374062,76.86952
TD-All,pre_refit,123,B0005,592,70.47550750397869,77.105934
TD-All,pre_refit,123,B0005,596,70.48563041810954,76.72873
TD-All,pre_refit,123,B0005,600,70.23531244180377,77.05084
TD-All,pre_refit,123,B0005,604,69.93882142370093,77.41118
TD-All,pre_refit,123,B0005,608,69.90890905512207,76.89409
TD-All,pre_refit,123,B0005,612,71.07977535187085,77.76427
TD-All,pre_refit,123,B0005,614,71.95205157786506,78.47954
TD-All,refit_on_3,123,B0005,2,100.80760884947765,98.35776
TD-All,refit_on_3,123,B0005,4,100.25590968770103,97.91762
TD-All,refit_on_3,123,B0005,6,99.65979925247206,97.9343
TD-All,refit_on_3,123,B0005,8,99.65509323788856,97.75832
TD-All,refit_on_3,123,B0005,10,99.6215889724607,97.67235
TD-All,refit_on_3,123,B0005,12,99.67676620535396,97.96431
TD-All,refit_on_3,123,B0005,14,99.64877352944652,97.94628
TD-All,refit_on_3,123,B0005,16,99.13892996732449,97.720726
TD-All,refit_on_3,123,B0005,18,99.08555627584838,97.402214
TD-All,refit_on_3,123,B0005,20,99.0768365083485,97.338066
TD-All,refit_on_3,123,B0005,22,99.07717774099622,97.02065
TD-All,refit_on_3,123,B0005,25,98.5114992237362,97.03628
TD-All,refit_on_3,123,B0005,27,98.4870761948254,96.74326
TD-All,refit_on_3,123,B0005,29,98.47015265835132,96.5153
TD-All,refit_on_3,123,B0005,31,97.88140357167902,96.680214
TD-All,refit_on_3,123,B0005,33,97.85473656745688,96.383064
TD-All,refit_on_3,123,B0005,35,97.88039886599036,96.142586
TD-All,refit_on_3,123,B0005,37,97.9069415267384,95.84994
TD-All,refit_on_3,123,B0005,39,97.89115702988882,95.74603
TD-All,refit_on_3,123,B0005,42,100.29385168145046,98.39164
TD-All,refit_on_3,123,B0005,46,100.31510023136114,98.008224
TD-All,refit_on_3,123,B0005,50,99.70477213786135,97.75224
TD-All,refit_on_3,123,B0005,54,99.1402308374376,97.5556
TD-All,refit_on_3,123,B0005,58,99.10400696359169,97.50615
TD-All,refit_on_3,123,B0005,62,99.12941188644592,96.79649
TD-All,refit_on_3,123,B0005,66,98.50222430381568,96.991295
TD-All,refit_on_3,123,B0005,70,98.5423014565286,96.494576
TD-All,refit_on_3,123,B0005,74,98.49887187571204,96.36969
TD-All,refit_on_3,123,B0005,78,97.89050762402466,96.63858
TD-All,refit_on_3,123,B0005,82,97.96171552529285,96.19246
TD-All,refit_on_3,123,B0005,86,100.55321959197046,97.65879
TD-All,refit_on_3,123,B0005,90,99.4075559707276,96.893166
TD-All,refit_on_3,123,B0005,94,98.82112827769676,96.56557
TD-All,refit_on_3,123,B0005,98,98.2457556393358,96.1358
TD-All,refit_on_3,123,B0005,102,97.99065016377766,95.95024
TD-All,refit_on_3,123,B0005,106,97.7065060215613,95.701584
TD-All,refit_on_3,123,B0005,110,97.11279694879056,95.48787
TD-All,refit_on_3,123,B0005,114,96.81304988059888,95.23181
TD-All,refit_on_3,123,B0005,118,96.27605729788222,94.785706
TD-All,refit_on_3,123,B0005,122,96.2762766313732,94.30488
TD-All,refit_on_3,123,B0005,126,95.99578118843372,94.33806
TD-All,refit_on_3,123,B0005,130,95.69403287907456,94.12773
TD-All,refit_on_3,123,B0005,134,95.98194451474556,95.07634
TD-All,refit_on_3,123,B0005,136,95.71321655496544,93.91153
TD-All,refit_on_3,123,B0005,140,95.11928805425076,93.42923
TD-All,refit_on_3,123,B0005,144,94.58275432725988,93.31218
TD-All,refit_on_3,123,B0005,148,94.27008009570102,92.71748
TD-All,refit_on_3,123,B0005,150,97.39411432859931,94.29795
TD-All,refit_on_3,123,B0005,154,96.82749231246368,94.48674
TD-All,refit_on_3,123,B0005,158,95.96820195991576,93.807816
TD-All,refit_on_3,123,B0005,162,95.40638930769452,93.52555
TD-All,refit_on_3,123,B0005,166,94.8553962680492,92.979996
TD-All,refit_on_3,123,B0005,170,94.5755674779542,92.80479
TD-All,refit_on_3,123,B0005,174,94.28806184403476,92.48906
TD-All,refit_on_3,123,B0005,178,93.73958753620327,92.09477
TD-All,refit_on_3,123,B0005,182,93.16861105469168,91.71681
TD-All,refit_on_3,123,B0005,186,92.88227598613614,91.38546
TD-All,refit_on_3,123,B0005,190,92.636901518198,91.23807
TD-All,refit_on_3,123,B0005,194,92.32720191735562,90.97163
TD-All,refit_on_3,123,B0005,198,92.01599848919145,90.600876
TD-All,refit_on_3,123,B0005,202,91.49053823956656,90.656006
TD-All,refit_on_3,123,B0005,206,90.92425521866993,90.379585
TD-All,refit_on_3,123,B0005,210,90.92941856192826,89.76142
TD-All,refit_on_3,123,B0005,214,90.34010561326173,89.525505
TD-All,refit_on_3,123,B0005,216,90.0847586044663,89.6061
TD-All,refit_on_3,123,B0005,220,89.80457989439137,89.050735
TD-All,refit_on_3,123,B0005,224,89.19640288815545,88.69457
TD-All,refit_on_3,123,B0005,228,88.93598251136243,88.30125
TD-All,refit_on_3,123,B0005,232,88.65781340235759,88.18575
TD-All,refit_on_3,123,B0005,236,88.38728178562198,87.99649
TD-All,refit_on_3,123,B0005,240,88.08171260170519,87.236084
TD-All,refit_on_3,123,B0005,244,87.49528010741024,87.32492
TD-All,refit_on_3,123,B0005,248,87.2366743602368,86.874695
TD-All,refit_on_3,123,B0005,252,86.96251727221627,86.40796
TD-All,refit_on_3,123,B0005,256,86.35734215456989,86.320076
TD-All,refit_on_3,123,B0005,260,86.10863457357058,86.10047
TD-All,refit_on_3,123,B0005,264,86.06270063126725,85.71183
TD-All,refit_on_3,123,B0005,266,86.63737677555004,86.206535
TD-All,refit_on_3,123,B0005,270,85.50813849993258,85.36611
TD-All,refit_on_3,123,B0005,274,84.97446653296429,84.98672
TD-All,refit_on_3,123,B0005,278,84.69557819389517,84.96608
TD-All,refit_on_3,123,B0005,282,84.68013627936132,84.39809
TD-All,refit_on_3,123,B0005,286,84.41991821853574,84.188576
TD-All,refit_on_3,123,B0005,290,84.10414931140878,83.86229
TD-All,refit_on_3,123,B0005,294,83.52653061113354,83.735756
TD-All,refit_on_3,123,B0005,298,82.96602561057489,83.18565
TD-All,refit_on_3,123,B0005,302,82.99920327964658,82.874
TD-All,refit_on_3,123,B0005,306,82.68003018050378,83.02786
TD-All,refit_on_3,123,B0005,310,82.39976893302816,82.70598
TD-All,refit_on_3,123,B0005,313,87.19626195760692,87.07413
TD-All,refit_on_3,123,B0005,316,84.91729656129593,84.45371
TD-All,refit_on_3,123,B0005,320,84.06165489885902,83.79225
TD-All,refit_on_3,123,B0005,324,83.2082752902044,83.62125
TD-All,refit_on_3,123,B0005,328,82.91381970838151,82.83612
TD-All,refit_on_3,123,B0005,332,82.37106085271179,82.729706
TD-All,refit_on_3,123,B0005,336,82.09631790141844,82.28871
TD-All,refit_on_3,123,B0005,340,81.80669701206385,82.078674
TD-All,refit_on_3,123,B0005,344,81.53418918115372,81.813644
TD-All,refit_on_3,123,B0005,348,80.95312575426658,81.63371
TD-All,refit_on_3,123,B0005,352,80.6829269258604,81.46204
TD-All,refit_on_3,123,B0005,356,80.38673535372676,81.086716
TD-All,refit_on_3,123,B0005,360,80.10415225005684,80.92166
TD-All,refit_on_3,123,B0005,364,80.68483906716317,80.54605
TD-All,refit_on_3,123,B0005,367,81.23806188586506,81.78592
TD-All,refit_on_3,123,B0005,371,80.40774500270479,80.548
TD-All,refit_on_3,123,B0005,375,79.80793062432481,80.55068
TD-All,refit_on_3,123,B0005,379,78.94710440938543,79.365204
TD-All,refit_on_3,123,B0005,383,78.96040682717852,79.710205
TD-All,refit_on_3,123,B0005,387,79.00805769223405,79.50755
TD-All,refit_on_3,123,B0005,391,78.68325635434054,79.06022
TD-All,refit_on_3,123,B0005,395,78.12009683923326,78.967224
TD-All,refit_on_3,123,B0005,399,77.83635095586517,78.66925
TD-All,refit_on_3,123,B0005,403,77.83366081216815,78.58304
TD-All,refit_on_3,123,B0005,407,77.54418562704669,78.34012
TD-All,refit_on_3,123,B0005,411,77.26483532824366,78.044464
TD-All,refit_on_3,123,B0005,415,76.96665751739931,77.629036
TD-All,refit_on_3,123,B0005,419,76.69408123915822,77.2895
TD-All,refit_on_3,123,B0005,423,76.7032886034996,77.16343
TD-All,refit_on_3,123,B0005,427,76.43285089151239,77.46172
TD-All,refit_on_3,123,B0005,431,77.83345221466253,78.07398
TD-All,refit_on_3,123,B0005,433,78.09751233548145,78.744286
TD-All,refit_on_3,123,B0005,437,76.96262218385922,77.855545
TD-All,refit_on_3,123,B0005,441,76.3993634537507,77.51037
TD-All,refit_on_3,123,B0005,445,76.08562321685423,76.97257
TD-All,refit_on_3,123,B0005,449,75.84111192639295,76.774734
TD-All,refit_on_3,123,B0005,453,75.5470202599512,76.300545
TD-All,refit_on_3,123,B0005,457,75.2724773855306,76.073746
TD-All,refit_on_3,123,B0005,461,74.95796574493023,75.91002
TD-All,refit_on_3,123,B0005,465,74.67559060559861,76.00039
TD-All,refit_on_3,123,B0005,469,74.4190975749656,75.29533
TD-All,refit_on_3,123,B0005,473,74.41886702385212,75.0589
TD-All,refit_on_3,123,B0005,477,74.10538957595438,74.97166
TD-All,refit_on_3,123,B0005,481,74.68403981580354,75.50983
TD-All,refit_on_3,123,B0005,483,75.26611054535188,76.410614
TD-All,refit_on_3,123,B0005,485,74.38310747232698,75.66618
TD-All,refit_on_3,123,B0005,489,74.10795710900801,74.854294
TD-All,refit_on_3,123,B0005,493,73.53993654981534,74.8526
TD-All,refit_on_3,123,B0005,497,73.55729388669064,74.78003
TD-All,refit_on_3,123,B0005,501,73.56067241598603,74.41497
TD-All,refit_on_3,123,B0005,505,73.26805286034079,74.19787
TD-All,refit_on_3,123,B0005,509,72.98972077509227,73.855194
TD-All,refit_on_3,123,B0005,513,72.70747847813722,73.55631
TD-All,refit_on_3,123,B0005,517,72.70330518052887,73.57511
TD-All,refit_on_3,123,B0005,521,72.43680818215978,73.53079
TD-All,refit_on_3,123,B0005,525,72.14563728793834,73.412476
TD-All,refit_on_3,123,B0005,529,71.84842350914826,72.99814
TD-All,refit_on_3,123,B0005,533,71.57682808520298,73.01941
TD-All,refit_on_3,123,B0005,537,71.59297070565168,72.96458
TD-All,refit_on_3,123,B0005,541,71.58355486033668,72.735794
TD-All,refit_on_3,123,B0005,545,71.88651633814797,72.487854
TD-All,refit_on_3,123,B0005,548,73.85485752850198,74.59736
TD-All,refit_on_3,123,B0005,552,72.73676298693475,73.68381
TD-All,refit_on_3,123,B0005,556,72.16650080848474,73.47675
TD-All,refit_on_3,123,B0005,560,71.87574889700983,73.458786
TD-All,refit_on_3,123,B0005,564,71.60206343923741,72.93141
TD-All,refit_on_3,123,B0005,568,71.32194157026348,72.833855
TD-All,refit_on_3,123,B0005,572,71.30711389020412,72.494225
TD-All,refit_on_3,123,B0005,576,71.01356336148518,72.315216
TD-All,refit_on_3,123,B0005,580,70.75492745457169,72.10369
TD-All,refit_on_3,123,B0005,584,70.77254445771489,72.02005
TD-All,refit_on_3,123,B0005,588,70.77540542374062,71.5902
TD-All,refit_on_3,123,B0005,592,70.47550750397869,71.635216
TD-All,refit_on_3,123,B0005,596,70.48563041810954,71.335144
TD-All,refit_on_3,123,B0005,600,70.23531244180377,71.46442
TD-All,refit_on_3,123,B0005,604,69.93882142370093,71.399315
TD-All,refit_on_3,123,B0005,608,69.90890905512207,71.16968
TD-All,refit_on_3,123,B0005,612,71.07977535187085,72.365906
TD-All,refit_on_3,123,B0005,614,71.95205157786506,73.45358
TD-All,pre_refit,123,B0006,2,100.88297108833646,101.56334
TD-All,pre_refit,123,B0006,4,100.37753235288778,102.448616
TD-All,pre_refit,123,B0006,6,99.79196916000484,102.53379
TD-All,pre_refit,123,B0006,8,99.7899019818078,102.43154
TD-All,pre_refit,123,B0006,10,99.15762541696316,101.895546
TD-All,pre_refit,123,B0006,12,99.8203556776378,102.4776
TD-All,pre_refit,123,B0006,14,99.7808037027038,102.156
TD-All,pre_refit,123,B0006,16,97.5844832820893,101.69208
TD-All,pre_refit,123,B0006,18,97.5535716293996,101.53322
TD-All,pre_refit,123,B0006,20,97.01155142541865,100.96626
TD-All,pre_refit,123,B0006,22,96.43502080876348,101.0236
TD-All,pre_refit,123,B0006,25,95.8972998236526,100.45346
TD-All,pre_refit,123,B0006,27,95.32875373854844,100.573494
TD-All,pre_refit,123,B0006,29,94.76419905980474,99.8753
TD-All,pre_refit,123,B0006,31,94.22773853976388,99.64368
TD-All,pre_refit,123,B0006,33,93.6395064953226,99.14594
TD-All,pre_refit,123,B0006,35,93.09821798643677,99.36283
TD-All,pre_refit,123,B0006,37,92.56743574756617,98.83248
TD-All,pre_refit,123,B0006,39,92.56840432582156,98.66243
TD-All,pre_refit,123,B0006,42,98.12161319843736,101.5246
TD-All,pre_refit,123,B0006,46,97.02736865587346,101.77148
TD-All,pre_refit,123,B0006,50,96.4457203456954,101.04157
TD-All,pre_refit,123,B0006,54,95.37664206593776,100.76988
TD-All,pre_refit,123,B0006,58,96.45395400781383,100.68029
TD-All,pre_refit,123,B0006,62,94.2446511737385,100.06018
TD-All,pre_refit,123,B0006,66,93.11783815158223,98.96135
TD-All,pre_refit,123,B0006,70,92.60393676951,98.770325
TD-All,pre_refit,123,B0006,74,91.99518419888014,98.360374
TD-All,pre_refit,123,B0006,78,91.45865458065036,98.398476
TD-All,pre_refit,123,B0006,82,92.05488530825814,98.06155
TD-All,pre_refit,123,B0006,86,95.40291074415664,99.37018
TD-All,pre_refit,123,B0006,90,93.2941701264468,98.04338
TD-All,pre_refit,123,B0006,94,91.95812296295944,97.137566
TD-All,pre_refit,123,B0006,98,91.16379285351326,96.25586
TD-All,pre_refit,123,B0006,102,90.13722315501992,95.23622
TD-All,pre_refit,123,B0006,106,89.88629167454431,94.75912
TD-All,pre_refit,123,B0006,110,89.07464504963947,93.78163
TD-All,pre_refit,123,B0006,114,88.27677498375004,93.05361
TD-All,pre_refit,123,B0006,118,87.78153478310176,91.8415
TD-All,pre_refit,123,B0006,122,87.25902301297472,91.59705
TD-All,pre_refit,123,B0006,126,86.75445063463465,91.74247
TD-All,pre_refit,123,B0006,130,86.21919662960373,90.83217
TD-All,pre_refit,123,B0006,134,86.97181002045869,91.051384
TD-All,pre_refit,123,B0006,136,87.53004089819298,91.19063
TD-All,pre_refit,123,B0006,140,85.93648557449694,89.81761
TD-All,pre_refit,123,B0006,144,84.92223069682748,89.31768
TD-All,pre_refit,123,B0006,148,84.38106569995976,88.18007
TD-All,pre_refit,123,B0006,150,90.39396636175364,96.65321
TD-All,pre_refit,123,B0006,154,89.62118442408695,93.97719
TD-All,pre_refit,123,B0006,158,88.01687540594799,91.5505
TD-All,pre_refit,123,B0006,162,86.47934133475826,90.46067
TD-All,pre_refit,123,B0006,166,85.7093899316892,89.47558
TD-All,pre_refit,123,B0006,170,84.66363361309608,89.235054
TD-All,pre_refit,123,B0006,174,84.14253773442293,88.4941
TD-All,pre_refit,123,B0006,178,83.37268440744252,87.67886
TD-All,pre_refit,123,B0006,182,82.84795096685752,86.63209
TD-All,pre_refit,123,B0006,186,82.31672078137474,85.58799
TD-All,pre_refit,123,B0006,190,81.8390002521071,85.325035
TD-All,pre_refit,123,B0006,194,81.29446683115198,85.24572
TD-All,pre_refit,123,B0006,198,80.75246648690656,84.67088
TD-All,pre_refit,123,B0006,202,79.7437886746144,85.19274
TD-All,pre_refit,123,B0006,206,79.47984426199564,83.5639
TD-All,pre_refit,123,B0006,210,79.25415788836384,83.31978
TD-All,pre_refit,123,B0006,214,78.69188922732394,82.226204
TD-All,pre_refit,123,B0006,216,78.46114405771091,82.911064
TD-All,pre_refit,123,B0006,220,77.67630372212932,82.16286
TD-All,pre_refit,123,B0006,224,77.38916838478035,81.37015
TD-All,pre_refit,123,B0006,228,76.88491527529958,81.4598
TD-All,pre_refit,123,B0006,232,76.3646225030132,80.89019
TD-All,pre_refit,123,B0006,236,75.60327887522882,80.88836
TD-All,pre_refit,123,B0006,240,75.84333345118733,80.34374
TD-All,pre_refit,123,B0006,244,75.57070473005419,79.947655
TD-All,pre_refit,123,B0006,248,75.06972493621848,80.48862
TD-All,pre_refit,123,B0006,252,74.81407516505371,79.72679
TD-All,pre_refit,123,B0006,256,74.54671414292675,78.99382
TD-All,pre_refit,123,B0006,260,74.02740213488109,79.78047
TD-All,pre_refit,123,B0006,264,73.73556466569462,78.83194
TD-All,pre_refit,123,B0006,266,75.84980622026112,79.34823
TD-All,pre_refit,123,B0006,270,74.55060879561292,78.68743
TD-All,pre_refit,123,B0006,274,73.79142812679322,77.89454
TD-All,pre_refit,123,B0006,278,73.27190839787096,79.37572
TD-All,pre_refit,123,B0006,282,73.28093201847443,78.73148
TD-All,pre_refit,123,B0006,286,73.02095301621284,78.42215
TD-All,pre_refit,123,B0006,290,72.73851013234444,78.009026
TD-All,pre_refit,123,B0006,294,71.95104826590523,77.49279
TD-All,pre_refit,123,B0006,298,71.96564568462234,76.80187
TD-All,pre_refit,123,B0006,302,71.72895437691278,77.85905
TD-All,pre_refit,123,B0006,306,71.71434939609318,77.372856
TD-All,pre_refit,123,B0006,310,71.45761792874575,77.304054
TD-All,pre_refit,123,B0006,313,78.98726854374111,80.94828
TD-All,pre_refit,123,B0006,316,76.64794397240323,79.32647
TD-All,pre_refit,123,B0006,320,75.07747171565073,78.5121
TD-All,pre_refit,123,B0006,324,74.29795247472106,77.72205
TD-All,pre_refit,123,B0006,328,73.51146675367659,77.489365
TD-All,pre_refit,123,B0006,332,73.00864275760908,76.909836
TD-All,pre_refit,123,B0006,336,72.50277290138493,76.87742
TD-All,pre_refit,123,B0006,340,71.96131839956391,76.40729
TD-All,pre_refit,123,B0006,344,71.71500633205595,76.45149
TD-All,pre_refit,123,B0006,348,71.44305583769248,76.0044
TD-All,pre_refit,123,B0006,352,70.93898960214143,75.81953
TD-All,pre_refit,123,B0006,356,70.68194044477139,75.4302
TD-All,pre_refit,123,B0006,360,70.4074916889224,76.13865
TD-All,pre_refit,123,B0006,364,70.41804785222855,75.98564
TD-All,pre_refit,123,B0006,367,71.98210310103482,77.302635
TD-All,pre_refit,123,B0006,371,70.95618334594263,76.173
TD-All,pre_refit,123,B0006,375,70.1362730902931,75.61017
TD-All,pre_refit,123,B0006,379,69.87433806657212,74.832405
TD-All,pre_refit,123,B0006,383,69.63573699649338,75.56994
TD-All,pre_refit,123,B0006,387,69.15232147064526,76.502785
TD-All,pre_refit,123,B0006,391,69.12109936452545,75.60651
TD-All,pre_refit,123,B0006,395,68.86250185726787,74.74468
TD-All,pre_refit,123,B0006,399,68.59092282212131,74.58608
TD-All,pre_refit,123,B0006,403,68.08750743669,75.014786
TD-All,pre_refit,123,B0006,407,68.33159705981836,74.8534
TD-All,pre_refit,123,B0006,411,68.09140360412486,74.45598
TD-All,pre_refit,123,B0006,415,67.81869443003508,74.14009
TD-All,pre_refit,123,B0006,419,67.5730638436144,74.16283
TD-All,pre_refit,123,B0006,423,67.31503513349786,75.0424
TD-All,pre_refit,123,B0006,427,67.07575548417674,74.753265
TD-All,pre_refit,123,B0006,431,68.60691404106846,75.06119
TD-All,pre_refit,123,B0006,433,69.64711039275872,75.45118
TD-All,pre_refit,123,B0006,437,68.33719964359061,74.13821
TD-All,pre_refit,123,B0006,441,67.81907707369999,74.713425
TD-All,pre_refit,123,B0006,445,67.27630029953899,73.99309
TD-All,pre_refit,123,B0006,449,67.03731096833596,74.94437
TD-All,pre_refit,123,B0006,453,66.78534122129697,74.24399
TD-All,pre_refit,123,B0006,457,66.26973868287087,74.42224
TD-All,pre_refit,123,B0006,461,65.98363462621751,74.65889
TD-All,pre_refit,123,B0006,465,65.72069252661954,75.811615
TD-All,pre_refit,123,B0006,469,65.50500064349335,74.56557
TD-All,pre_refit,123,B0006,473,65.48747074550045,74.95033
TD-All,pre_refit,123,B0006,477,65.2110653386093,75.376114
TD-All,pre_refit,123,B0006,481,65.47148558720653,75.74726
TD-All,pre_refit,123,B0006,483,66.78647932759047,74.42227
TD-All,pre_refit,123,B0006,485,65.72477818237311,75.437416
TD-All,pre_refit,123,B0006,489,64.93697426302657,75.27936
TD-All,pre_refit,123,B0006,493,64.69397950587184,75.81818
TD-All,pre_refit,123,B0006,497,64.45556804271465,75.55678
TD-All,pre_refit,123,B0006,501,64.44711910522597,75.80927
TD-All,pre_refit,123,B0006,505,63.9153253541329,75.65642
TD-All,pre_refit,123,B0006,509,63.40709756117343,76.380585
TD-All,pre_refit,123,B0006,513,63.40485519747241,76.53216
TD-All,pre_refit,123,B0006,517,63.14854807557744,76.408966
TD-All,pre_refit,123,B0006,521,63.15304028594434,76.282104
TD-All,pre_refit,123,B0006,525,62.63936845251047,77.618484
TD-All,pre_refit,123,B0006,529,62.36048327920517,77.31118
TD-All,pre_refit,123,B0006,533,62.11872624491582,76.79503
TD-All,pre_refit,123,B0006,537,62.11731201074328,76.51055
TD-All,pre_refit,123,B0006,541,61.86235410492132,77.704475
TD-All,pre_refit,123,B0006,545,62.12742822257309,77.7988
TD-All,pre_refit,123,B0006,548,63.93010610326108,76.439766
TD-All,pre_refit,123,B0006,552,62.62827859533666,76.950745
TD-All,pre_refit,123,B0006,556,61.85683618405182,77.77129
TD-All,pre_refit,123,B0006,560,61.07092794836815,78.68251
TD-All,pre_refit,123,B0006,564,60.82277612678393,77.9664
TD-All,pre_refit,123,B0006,568,60.55640953242813,78.814575
TD-All,pre_refit,123,B0006,572,60.02917505279337,78.69211
TD-All,pre_refit,123,B0006,576,59.75722270334661,78.61349
TD-All,pre_refit,123,B0006,580,59.52315601830062,78.255424
TD-All,pre_refit,123,B0006,584,59.01246912863032,79.546104
TD-All,pre_refit,123,B0006,588,58.74426171153606,79.448395
TD-All,pre_refit,123,B0006,592,58.47122551716232,79.47839
TD-All,pre_refit,123,B0006,596,58.2196597592319,79.706825
TD-All,pre_refit,123,B0006,600,57.18983519098029,81.0523
TD-All,pre_refit,123,B0006,604,57.71437056534329,80.59319
TD-All,pre_refit,123,B0006,608,57.43663099473362,79.8315
TD-All,pre_refit,123,B0006,612,58.23847489632371,80.763756
TD-All,pre_refit,123,B0006,614,58.76884540363096,80.006424
TD-All,refit_on_3,123,B0006,2,100.88297108833646,101.35061
TD-All,refit_on_3,123,B0006,4,100.37753235288778,101.64714
TD-All,refit_on_3,123,B0006,6,99.79196916000484,101.65114
TD-All,refit_on_3,123,B0006,8,99.7899019818078,101.495834
TD-All,refit_on_3,123,B0006,10,99.15762541696316,101.16522
TD-All,refit_on_3,123,B0006,12,99.8203556776378,101.81795
TD-All,refit_on_3,123,B0006,14,99.7808037027038,101.66446
TD-All,refit_on_3,123,B0006,16,97.5844832820893,100.745476
TD-All,refit_on_3,123,B0006,18,97.5535716293996,100.50674
TD-All,refit_on_3,123,B0006,20,97.01155142541865,100.18888
TD-All,refit_on_3,123,B0006,22,96.43502080876348,100.09217
TD-All,refit_on_3,123,B0006,25,95.8972998236526,99.62205
TD-All,refit_on_3,123,B0006,27,95.32875373854844,99.49104
TD-All,refit_on_3,123,B0006,29,94.76419905980474,99.08624
TD-All,refit_on_3,123,B0006,31,94.22773853976388,98.80013
TD-All,refit_on_3,123,B0006,33,93.6395064953226,98.34244
TD-All,refit_on_3,123,B0006,35,93.09821798643677,98.344284
TD-All,refit_on_3,123,B0006,37,92.56743574756617,97.89067
TD-All,refit_on_3,123,B0006,39,92.56840432582156,97.79799
TD-All,refit_on_3,123,B0006,42,98.12161319843736,100.544525
TD-All,refit_on_3,123,B0006,46,97.02736865587346,100.44014
TD-All,refit_on_3,123,B0006,50,96.4457203456954,99.95019
TD-All,refit_on_3,123,B0006,54,95.37664206593776,99.46427
TD-All,refit_on_3,123,B0006,58,96.45395400781383,99.65149
TD-All,refit_on_3,123,B0006,62,94.2446511737385,98.61459
TD-All,refit_on_3,123,B0006,66,93.11783815158223,97.8997
TD-All,refit_on_3,123,B0006,70,92.60393676951,97.68765
TD-All,refit_on_3,123,B0006,74,91.99518419888014,97.379295
TD-All,refit_on_3,123,B0006,78,91.45865458065036,97.29041
TD-All,refit_on_3,123,B0006,82,92.05488530825814,97.22498
TD-All,refit_on_3,123,B0006,86,95.40291074415664,99.795
TD-All,refit_on_3,123,B0006,90,93.2941701264468,97.92816
TD-All,refit_on_3,123,B0006,94,91.95812296295944,97.24177
TD-All,refit_on_3,123,B0006,98,91.16379285351326,96.347946
TD-All,refit_on_3,123,B0006,102,90.13722315501992,95.54933
TD-All,refit_on_3,123,B0006,106,89.88629167454431,94.97928
TD-All,refit_on_3,123,B0006,110,89.07464504963947,94.26278
TD-All,refit_on_3,123,B0006,114,88.27677498375004,93.55879
TD-All,refit_on_3,123,B0006,118,87.78153478310176,92.497604
TD-All,refit_on_3,123,B0006,122,87.25902301297472,91.992805
TD-All,refit_on_3,123,B0006,126,86.75445063463465,91.89335
TD-All,refit_on_3,123,B0006,130,86.21919662960373,91.21695
TD-All,refit_on_3,123,B0006,134,86.97181002045869,92.00752
TD-All,refit_on_3,123,B0006,136,87.53004089819298,91.60723
TD-All,refit_on_3,123,B0006,140,85.93648557449694,90.157585
TD-All,refit_on_3,123,B0006,144,84.92223069682748,89.502235
TD-All,refit_on_3,123,B0006,148,84.38106569995976,88.423065
TD-All,refit_on_3,123,B0006,150,90.39396636175364,94.5967
TD-All,refit_on_3,123,B0006,154,89.62118442408695,93.64012
TD-All,refit_on_3,123,B0006,158,88.01687540594799,91.66964
TD-All,refit_on_3,123,B0006,162,86.47934133475826,90.64673
TD-All,refit_on_3,123,B0006,166,85.7093899316892,89.56071
TD-All,refit_on_3,123,B0006,170,84.66363361309608,89.15809
TD-All,refit_on_3,123,B0006,174,84.14253773442293,88.46338
TD-All,refit_on_3,123,B0006,178,83.37268440744252,87.63865
TD-All,refit_on_3,123,B0006,182,82.84795096685752,86.65868
TD-All,refit_on_3,123,B0006,186,82.31672078137474,85.76945
TD-All,refit_on_3,123,B0006,190,81.8390002521071,85.40542
TD-All,refit_on_3,123,B0006,194,81.29446683115198,85.073555
TD-All,refit_on_3,123,B0006,198,80.75246648690656,84.48596
TD-All,refit_on_3,123,B0006,202,79.7437886746144,84.47125
TD-All,refit_on_3,123,B0006,206,79.47984426199564,83.31827
TD-All,refit_on_3,123,B0006,210,79.25415788836384,82.66616
TD-All,refit_on_3,123,B0006,214,78.69188922732394,81.902626
TD-All,refit_on_3,123,B0006,216,78.46114405771091,82.37227
TD-All,refit_on_3,123,B0006,220,77.67630372212932,81.48918
TD-All,refit_on_3,123,B0006,224,77.38916838478035,80.60033
TD-All,refit_on_3,123,B0006,228,76.88491527529958,80.367004
TD-All,refit_on_3,123,B0006,232,76.3646225030132,79.89459
TD-All,refit_on_3,123,B0006,236,75.60327887522882,79.59742
TD-All,refit_on_3,123,B0006,240,75.84333345118733,78.86821
TD-All,refit_on_3,123,B0006,244,75.57070473005419,78.50646
TD-All,refit_on_3,123,B0006,248,75.06972493621848,78.44973
TD-All,refit_on_3,123,B0006,252,74.81407516505371,77.75915
TD-All,refit_on_3,123,B0006,256,74.54671414292675,77.086914
TD-All,refit_on_3,123,B0006,260,74.02740213488109,77.37876
TD-All,refit_on_3,123,B0006,264,73.73556466569462,76.51391
TD-All,refit_on_3,123,B0006,266,75.84980622026112,77.590744
TD-All,refit_on_3,123,B0006,270,74.55060879561292,76.453415
TD-All,refit_on_3,123,B0006,274,73.79142812679322,75.50922
TD-All,refit_on_3,123,B0006,278,73.27190839787096,76.235214
TD-All,refit_on_3,123,B0006,282,73.28093201847443,75.57454
TD-All,refit_on_3,123,B0006,286,73.02095301621284,75.23912
TD-All,refit_on_3,123,B0006,290,72.73851013234444,74.84967
TD-All,refit_on_3,123,B0006,294,71.95104826590523,74.281906
TD-All,refit_on_3,123,B0006,298,71.96564568462234,73.4492
TD-All,refit_on_3,123,B0006,302,71.72895437691278,73.78455
TD-All,refit_on_3,123,B0006,306,71.71434939609318,73.52143
TD-All,refit_on_3,123,B0006,310,71.45761792874575,73.24256
TD-All,refit_on_3,123,B0006,313,78.98726854374111,80.03887
TD-All,refit_on_3,123,B0006,316,76.64794397240323,76.95127
TD-All,refit_on_3,123,B0006,320,75.07747171565073,75.90478
TD-All,refit_on_3,123,B0006,324,74.29795247472106,74.980125
TD-All,refit_on_3,123,B0006,328,73.51146675367659,74.46742
TD-All,refit_on_3,123,B0006,332,73.00864275760908,73.78728
TD-All,refit_on_3,123,B0006,336,72.50277290138493,73.47571
TD-All,refit_on_3,123,B0006,340,71.96131839956391,72.9722
TD-All,refit_on_3,123,B0006,344,71.71500633205595,72.946175
TD-All,refit_on_3,123,B0006,348,71.44305583769248,72.2751
TD-All,refit_on_3,123,B0006,352,70.93898960214143,72.13954
TD-All,refit_on_3,123,B0006,356,70.68194044477139,71.74214
TD-All,refit_on_3,123,B0006,360,70.4074916889224,72.097435
TD-All,refit_on_3,123,B0006,364,70.41804785222855,71.70804
TD-All,refit_on_3,123,B0006,367,71.98210310103482,73.38426
TD-All,refit_on_3,123,B0006,371,70.95618334594263,71.80275
TD-All,refit_on_3,123,B0006,375,70.1362730902931,71.75405
TD-All,refit_on_3,123,B0006,379,69.87433806657212,70.77031
TD-All,refit_on_3,123,B0006,383,69.63573699649338,70.971085
TD-All,refit_on_3,123,B0006,387,69.15232147064526,71.50456
TD-All,refit_on_3,123,B0006,391,69.12109936452545,70.65096
TD-All,refit_on_3,123,B0006,395,68.86250185726787,70.124344
TD-All,refit_on_3,123,B0006,399,68.59092282212131,69.92299
TD-All,refit_on_3,123,B0006,403,68.08750743669,70.398796
TD-All,refit_on_3,123,B0006,407,68.33159705981836,69.75519
TD-All,refit_on_3,123,B0006,411,68.09140360412486,69.48633
TD-All,refit_on_3,123,B0006,415,67.81869443003508,69.26363
TD-All,refit_on_3,123,B0006,419,67.5730638436144,69.105225
TD-All,refit_on_3,123,B0006,423,67.31503513349786,69.5404
TD-All,refit_on_3,123,B0006,427,67.07575548417674,69.46673
TD-All,refit_on_3,123,B0006,431,68.60691404106846,70.118484
TD-All,refit_on_3,123,B0006,433,69.64711039275872,70.53172
TD-All,refit_on_3,123,B0006,437,68.33719964359061,69.3645
TD-All,refit_on_3,123,B0006,441,67.81907707369999,69.51242
TD-All,refit_on_3,123,B0006,445,67.27630029953899,68.88657
TD-All,refit_on_3,123,B0006,449,67.03731096833596,69.23853
TD-All,refit_on_3,123,B0006,453,66.78534122129697,68.5848
TD-All,refit_on_3,123,B0006,457,66.26973868287087,68.59649
TD-All,refit_on_3,123,B0006,461,65.98363462621751,68.592354
TD-All,refit_on_3,123,B0006,465,65.72069252661954,69.16028
TD-All,refit_on_3,123,B0006,469,65.50500064349335,68.268654
TD-All,refit_on_3,123,B0006,473,65.48747074550045,68.283295
TD-All,refit_on_3,123,B0006,477,65.2110653386093,68.4047
TD-All,refit_on_3,123,B0006,481,65.47148558720653,68.71124
TD-All,refit_on_3,123,B0006,483,66.78647932759047,68.877075
TD-All,refit_on_3,123,B0006,485,65.72477818237311,68.83215
TD-All,refit_on_3,123,B0006,489,64.93697426302657,68.43359
TD-All,refit_on_3,123,B0006,493,64.69397950587184,68.464836
TD-All,refit_on_3,123,B0006,497,64.45556804271465,68.419205
TD-All,refit_on_3,123,B0006,501,64.44711910522597,68.36708
TD-All,refit_on_3,123,B0006,505,63.9153253541329,68.1872
TD-All,refit_on_3,123,B0006,509,63.40709756117343,68.39041
TD-All,refit_on_3,123,B0006,513,63.40485519747241,68.21034
TD-All,refit_on_3,123,B0006,517,63.14854807557744,68.16675
TD-All,refit_on_3,123,B0006,521,63.15304028594434,67.928894
TD-All,refit_on_3,123,B0006,525,62.63936845251047,68.818054
TD-All,refit_on_3,123,B0006,529,62.36048327920517,68.30117
TD-All,refit_on_3,123,B0006,533,62.11872624491582,67.98563
TD-All,refit_on_3,123,B0006,537,62.11731201074328,67.68132
TD-All,refit_on_3,123,B0006,541,61.86235410492132,68.50914
TD-All,refit_on_3,123,B0006,545,62.12742822257309,68.33656
TD-All,refit_on_3,123,B0006,548,63.93010610326108,68.6167
TD-All,refit_on_3,123,B0006,552,62.62827859533666,67.98953
TD-All,refit_on_3,123,B0006,556,61.85683618405182,68.23627
TD-All,refit_on_3,123,B0006,560,61.07092794836815,68.799736
TD-All,refit_on_3,123,B0006,564,60.82277612678393,68.1566
TD-All,refit_on_3,123,B0006,568,60.55640953242813,68.41172
TD-All,refit_on_3,123,B0006,572,60.02917505279337,68.34591
TD-All,refit_on_3,123,B0006,576,59.75722270334661,68.11151
TD-All,refit_on_3,123,B0006,580,59.52315601830062,67.68748
TD-All,refit_on_3,123,B0006,584,59.01246912863032,68.48072
TD-All,refit_on_3,123,B0006,588,58.74426171153606,68.3073
TD-All,refit_on_3,123,B0006,592,58.47122551716232,68.12741
TD-All,refit_on_3,123,B0006,596,58.2196597592319,68.25132
TD-All,refit_on_3,123,B0006,600,57.18983519098029,68.755684
TD-All,refit_on_3,123,B0006,604,57.71437056534329,68.515526
TD-All,refit_on_3,123,B0006,608,57.43663099473362,67.97519
TD-All,refit_on_3,123,B0006,612,58.23847489632371,69.01414
TD-All,refit_on_3,123,B0006,614,58.76884540363096,68.88052
TD-All,pre_refit,123,B0007,2,100.45351791563915,92.748856
TD-All,pre_refit,123,B0007,4,99.900254379013,95.404816
TD-All,pre_refit,123,B0007,6,99.90161660017114,95.40363
TD-All,pre_refit,123,B0007,8,99.9073657865712,95.33128
TD-All,pre_refit,123,B0007,10,99.83724531860553,95.29341
TD-All,pre_refit,123,B0007,12,99.90361817867274,95.800125
TD-All,pre_refit,123,B0007,14,99.86297576917136,95.74519
TD-All,pre_refit,123,B0007,16,99.94656396119812,95.861664
TD-All,pre_refit,123,B0007,18,99.31878532934633,95.71875
TD-All,pre_refit,123,B0007,20,99.33799331164263,95.630684
TD-All,pre_refit,123,B0007,22,99.33756087304828,95.4871
TD-All,pre_refit,123,B0007,25,98.78551523188162,95.21551
TD-All,pre_refit,123,B0007,27,98.75485184986668,95.75563
TD-All,pre_refit,123,B0007,29,98.75133536665352,95.23321
TD-All,pre_refit,123,B0007,31,98.77012942519043,95.84247
TD-All,pre_refit,123,B0007,33,98.73683812511632,95.63388
TD-All,pre_refit,123,B0007,35,98.15685575226132,95.51561
TD-All,pre_refit,123,B0007,37,98.19446503474695,95.72162
TD-All,pre_refit,123,B0007,39,98.186691403046,95.466194
TD-All,pre_refit,123,B0007,42,99.90787801510066,95.493996
TD-All,pre_refit,123,B0007,46,99.94461695603135,95.78962
TD-All,pre_refit,123,B0007,50,99.92460497901308,96.08673
TD-All,pre_refit,123,B0007,54,99.38880751306714,95.74375
TD-All,pre_refit,123,B0007,58,99.34580918956073,95.21434
TD-All,pre_refit,123,B0007,62,99.37088315432128,95.84953
TD-All,pre_refit,123,B0007,66,98.78342046080256,95.515274
TD-All,pre_refit,123,B0007,70,98.8058078187501,95.520996
TD-All,pre_refit,123,B0007,74,98.75966747373796,95.2847
TD-All,pre_refit,123,B0007,78,98.1739885027512,95.17864
TD-All,pre_refit,123,B0007,82,98.23039625446908,95.0571
TD-All,pre_refit,123,B0007,86,100.05062324611636,97.6866
TD-All,pre_refit,123,B0007,90,98.95386520139344,97.367645
TD-All,pre_refit,123,B0007,94,98.38356039411237,97.15185
TD-All,pre_refit,123,B0007,98,98.11080955264678,96.439476
TD-All,pre_refit,123,B0007,102,97.57312273601715,96.62308
TD-All,pre_refit,123,B0007,106,97.5908400366413,96.1995
TD-All,pre_refit,123,B0007,110,97.29922460125108,96.05587
TD-All,pre_refit,123,B0007,114,96.74012336609094,96.23591
TD-All,pre_refit,123,B0007,118,96.49359124138364,95.55711
TD-All,pre_refit,123,B0007,122,96.22137391342224,95.40278
TD-All,pre_refit,123,B0007,126,96.233276781278,95.463036
TD-All,pre_refit,123,B0007,130,95.93841918044076,95.57274
TD-All,pre_refit,123,B0007,134,96.31819241353496,95.94379
TD-All,pre_refit,123,B0007,136,95.94953719543624,95.13189
TD-All,pre_refit,123,B0007,140,95.3953227427902,94.71718
TD-All,pre_refit,123,B0007,144,94.86699939598208,94.838104
TD-All,pre_refit,123,B0007,148,94.57173479963342,94.23096
TD-All,pre_refit,123,B0007,150,96.41760769059738,95.500786
TD-All,pre_refit,123,B0007,154,96.45090493439226,96.56978
TD-All,pre_refit,123,B0007,158,95.6297003383392,95.789825
TD-All,pre_refit,123,B0007,162,95.10935396520227,95.62448
TD-All,pre_refit,123,B0007,166,94.57259385530976,94.68666
TD-All,pre_refit,123,B0007,170,94.30623404626093,94.719406
TD-All,pre_refit,123,B0007,174,94.0371367595855,94.34159
TD-All,pre_refit,123,B0007,178,93.49626919937222,93.86039
TD-All,pre_refit,123,B0007,182,92.9420388383138,92.95902
TD-All,pre_refit,123,B0007,186,92.94217065781828,92.767815
TD-All,pre_refit,123,B0007,190,92.69668329388116,92.57671
TD-All,pre_refit,123,B0007,194,92.41073633514534,92.466034
TD-All,pre_refit,123,B0007,198,91.82208130681248,91.92722
TD-All,pre_refit,123,B0007,202,91.5743327473832,92.66681
TD-All,pre_refit,123,B0007,206,91.04730118386937,91.72505
TD-All,pre_refit,123,B0007,210,91.04684020750553,91.16115
TD-All,pre_refit,123,B0007,214,90.49873919973382,90.67215
TD-All,pre_refit,123,B0007,216,90.51794914609178,90.96209
TD-All,pre_refit,123,B0007,220,89.96325858213598,90.884605
TD-All,pre_refit,123,B0007,224,89.64911074691454,90.06377
TD-All,pre_refit,123,B0007,228,89.4056438247883,89.97234
TD-All,pre_refit,123,B0007,232,89.13221056506995,89.781265
TD-All,pre_refit,123,B0007,236,88.88142970948275,90.06911
TD-All,pre_refit,123,B0007,240,88.57496163215028,88.87448
TD-All,pre_refit,123,B0007,244,88.30030467403411,88.69999
TD-All,pre_refit,123,B0007,248,88.04309784572763,88.404144
TD-All,pre_refit,123,B0007,252,87.7835715053401,88.04929
TD-All,pre_refit,123,B0007,256,87.5009058762453,87.82108
TD-All,pre_refit,123,B0007,260,86.92700430940862,87.8729
TD-All,pre_refit,123,B0007,264,86.91859800690037,87.44602
TD-All,pre_refit,123,B0007,266,87.17696241036246,87.61607
TD-All,pre_refit,123,B0007,270,86.66971006432802,87.105095
TD-All,pre_refit,123,B0007,274,86.11955257111292,86.587265
TD-All,pre_refit,123,B0007,278,85.86532022039283,87.02466
TD-All,pre_refit,123,B0007,282,85.83324550155743,86.19398
TD-All,pre_refit,123,B0007,286,85.88108948972226,86.16037
TD-All,pre_refit,123,B0007,290,85.56987844007078,86.0975
TD-All,pre_refit,123,B0007,294,85.027771191142,86.207214
TD-All,pre_refit,123,B0007,298,84.77582688520748,85.04467
TD-All,pre_refit,123,B0007,302,84.79178974791847,85.12104
TD-All,pre_refit,123,B0007,306,84.76993385106519,85.075066
TD-All,pre_refit,123,B0007,310,84.49605927424464,84.65088
TD-All,pre_refit,123,B0007,313,89.71090998622898,89.1535
TD-All,pre_refit,123,B0007,316,86.37349719367897,86.620094
TD-All,pre_refit,123,B0007,320,85.82898928627563,86.346375
TD-All,pre_refit,123,B0007,324,85.2934976107533,85.758026
TD-All,pre_refit,123,B0007,328,84.72574724857897,85.323555
TD-All,pre_refit,123,B0007,332,84.48328177752624,85.08491
TD-All,pre_refit,123,B0007,336,84.21457006738538,84.82878
TD-All,pre_refit,123,B0007,340,83.9288888229777,84.52086
TD-All,pre_refit,123,B0007,344,83.67629222648154,84.72865
TD-All,pre_refit,123,B0007,348,83.38837618926404,84.02545
TD-All,pre_refit,123,B0007,352,83.41270816038221,83.92104
TD-All,pre_refit,123,B0007,356,83.14675201444969,83.458855
TD-All,pre_refit,123,B0007,360,82.8484308280049,83.77093
TD-All,pre_refit,123,B0007,364,83.13252526962864,83.308914
TD-All,pre_refit,123,B0007,367,83.66359396289195,84.745316
TD-All,pre_refit,123,B0007,371,83.14841165448959,83.62681
TD-All,pre_refit,123,B0007,375,82.85488835556158,84.14983
TD-All,pre_refit,123,B0007,379,82.33123711829187,83.0048
TD-All,pre_refit,123,B0007,383,82.01142381939957,82.64282
TD-All,pre_refit,123,B0007,387,82.07206587982726,83.14045
TD-All,pre_refit,123,B0007,391,82.0495038543302,82.458305
TD-All,pre_refit,123,B0007,395,81.5031419618624,82.024185
TD-All,pre_refit,123,B0007,399,81.20841503507037,81.76675
TD-All,pre_refit,123,B0007,403,81.21721340553746,82.426506
TD-All,pre_refit,123,B0007,407,81.22601148878292,81.36682
TD-All,pre_refit,123,B0007,411,80.95054391771832,81.20106
TD-All,pre_refit,123,B0007,415,80.67227833994721,81.02761
TD-All,pre_refit,123,B0007,419,80.40565013650571,80.749054
TD-All,pre_refit,123,B0007,423,80.40335490244634,80.93604
TD-All,pre_refit,123,B0007,427,80.42152437300291,81.17047
TD-All,pre_refit,123,B0007,431,81.48461605871495,81.825584
TD-All,pre_refit,123,B0007,433,81.75963969607048,82.70387
TD-All,pre_refit,123,B0007,437,80.93560989493338,81.419014
TD-All,pre_refit,123,B0007,441,80.40209515327608,81.173
TD-All,pre_refit,123,B0007,445,80.09419697809993,80.68263
TD-All,pre_refit,123,B0007,449,79.85042691616567,80.54348
TD-All,pre_refit,123,B0007,453,79.56495728605914,80.24633
TD-All,pre_refit,123,B0007,457,79.30076147796538,80.07278
TD-All,pre_refit,123,B0007,461,79.2776995197187,79.80225
TD-All,pre_refit,123,B0007,465,79.01573008127421,80.07447
TD-All,pre_refit,123,B0007,469,78.7529099419952,79.49563
TD-All,pre_refit,123,B0007,473,78.76631135529045,79.20096
TD-All,pre_refit,123,B0007,477,78.45734950325969,78.89889
TD-All,pre_refit,123,B0007,481,78.71925319505982,79.22885
TD-All,pre_refit,123,B0007,483,79.58166685963718,79.98281
TD-All,pre_refit,123,B0007,485,78.72860058663869,79.571465
TD-All,pre_refit,123,B0007,489,78.46501751785956,78.85137
TD-All,pre_refit,123,B0007,493,78.19738333514631,78.50989
TD-All,pre_refit,123,B0007,497,78.20645287101384,78.92142
TD-All,pre_refit,123,B0007,501,77.92824275772597,78.55789
TD-All,pre_refit,123,B0007,505,77.6497101362114,78.601364
TD-All,pre_refit,123,B0007,509,77.38028422735451,78.44454
TD-All,pre_refit,123,B0007,513,77.09660547904922,77.76421
TD-All,pre_refit,123,B0007,517,77.11046744203753,77.796455
TD-All,pre_refit,123,B0007,521,76.85550035450103,77.7479
TD-All,pre_refit,123,B0007,525,76.85236240084764,77.95516
TD-All,pre_refit,123,B0007,529,76.56671722215358,77.10121
TD-All,pre_refit,123,B0007,533,76.29399038621672,77.00888
TD-All,pre_refit,123,B0007,537,76.32425788720361,76.68152
TD-All,pre_refit,123,B0007,541,76.29658741049414,77.251236
TD-All,pre_refit,123,B0007,545,76.59209728582513,76.584724
TD-All,pre_refit,123,B0007,548,77.93863743061358,78.2922
TD-All,pre_refit,123,B0007,552,77.12364718084329,77.59082
TD-All,pre_refit,123,B0007,556,76.8725967441492,77.629074
TD-All,pre_refit,123,B0007,560,76.58854113704766,77.81445
TD-All,pre_refit,123,B0007,564,76.04885672654179,77.15501
TD-All,pre_refit,123,B0007,568,76.05828438472663,76.56543
TD-All,pre_refit,123,B0007,572,75.76335089505734,76.874535
TD-All,pre_refit,123,B0007,576,75.75439980355237,76.4406
TD-All,pre_refit,123,B0007,580,75.49812548326929,75.78661
TD-All,pre_refit,123,B0007,584,75.23591897923467,76.39023
TD-All,pre_refit,123,B0007,588,75.24924732301496,75.91252
TD-All,pre_refit,123,B0007,592,74.94444174506414,75.75874
TD-All,pre_refit,123,B0007,596,74.95266425125988,75.518974
TD-All,pre_refit,123,B0007,600,74.69643604452878,75.817505
TD-All,pre_refit,123,B0007,604,74.7051700493532,75.333115
TD-All,pre_refit,123,B0007,608,74.39278959915883,75.15051
TD-All,pre_refit,123,B0007,612,75.52591562947222,76.328964
TD-All,pre_refit,123,B0007,614,76.09264518290325,77.620636
TD-All,refit_on_3,123,B0007,2,100.45351791563915,96.32751
TD-All,refit_on_3,123,B0007,4,99.900254379013,97.68415
TD-All,refit_on_3,123,B0007,6,99.90161660017114,97.62435
TD-All,refit_on_3,123,B0007,8,99.9073657865712,97.442345
TD-All,refit_on_3,123,B0007,10,99.83724531860553,97.35062
TD-All,refit_on_3,123,B0007,12,99.90361817867274,97.97373
TD-All,refit_on_3,123,B0007,14,99.86297576917136,97.9979
TD-All,refit_on_3,123,B0007,16,99.94656396119812,97.98783
TD-All,refit_on_3,123,B0007,18,99.31878532934633,97.720955
TD-All,refit_on_3,123,B0007,20,99.33799331164263,97.569466
TD-All,refit_on_3,123,B0007,22,99.33756087304828,97.352165
TD-All,refit_on_3,123,B0007,25,98.78551523188162,97.19263
TD-All,refit_on_3,123,B0007,27,98.75485184986668,97.530205
TD-All,refit_on_3,123,B0007,29,98.75133536665352,96.8286
TD-All,refit_on_3,123,B0007,31,98.77012942519043,97.51896
TD-All,refit_on_3,123,B0007,33,98.73683812511632,97.297066
TD-All,refit_on_3,123,B0007,35,98.15685575226132,97.14314
TD-All,refit_on_3,123,B0007,37,98.19446503474695,97.28661
TD-All,refit_on_3,123,B0007,39,98.186691403046,97.021614
TD-All,refit_on_3,123,B0007,42,99.90787801510066,98.440445
TD-All,refit_on_3,123,B0007,46,99.94461695603135,98.6097
TD-All,refit_on_3,123,B0007,50,99.92460497901308,98.56476
TD-All,refit_on_3,123,B0007,54,99.38880751306714,98.195496
TD-All,refit_on_3,123,B0007,58,99.34580918956073,97.60901
TD-All,refit_on_3,123,B0007,62,99.37088315432128,98.21937
TD-All,refit_on_3,123,B0007,66,98.78342046080256,97.86372
TD-All,refit_on_3,123,B0007,70,98.8058078187501,97.73372
TD-All,refit_on_3,123,B0007,74,98.75966747373796,97.51742
TD-All,refit_on_3,123,B0007,78,98.1739885027512,97.493484
TD-All,refit_on_3,123,B0007,82,98.23039625446908,97.21398
TD-All,refit_on_3,123,B0007,86,100.05062324611636,101.21167
TD-All,refit_on_3,123,B0007,90,98.95386520139344,98.985825
TD-All,refit_on_3,123,B0007,94,98.38356039411237,98.51506
TD-All,refit_on_3,123,B0007,98,98.11080955264678,97.708694
TD-All,refit_on_3,123,B0007,102,97.57312273601715,97.9701
TD-All,refit_on_3,123,B0007,106,97.5908400366413,97.76896
TD-All,refit_on_3,123,B0007,110,97.29922460125108,97.31119
TD-All,refit_on_3,123,B0007,114,96.74012336609094,97.48658
TD-All,refit_on_3,123,B0007,118,96.49359124138364,96.78954
TD-All,refit_on_3,123,B0007,122,96.22137391342224,96.83499
TD-All,refit_on_3,123,B0007,126,96.233276781278,96.95032
TD-All,refit_on_3,123,B0007,130,95.93841918044076,96.93746
TD-All,refit_on_3,123,B0007,134,96.31819241353496,97.18606
TD-All,refit_on_3,123,B0007,136,95.94953719543624,96.354065
TD-All,refit_on_3,123,B0007,140,95.3953227427902,95.758026
TD-All,refit_on_3,123,B0007,144,94.86699939598208,95.91965
TD-All,refit_on_3,123,B0007,148,94.57173479963342,95.3166
TD-All,refit_on_3,123,B0007,150,96.41760769059738,98.60722
TD-All,refit_on_3,123,B0007,154,96.45090493439226,97.80122
TD-All,refit_on_3,123,B0007,158,95.6297003383392,96.79194
TD-All,refit_on_3,123,B0007,162,95.10935396520227,96.774475
TD-All,refit_on_3,123,B0007,166,94.57259385530976,95.762924
TD-All,refit_on_3,123,B0007,170,94.30623404626093,95.96412
TD-All,refit_on_3,123,B0007,174,94.0371367595855,95.521545
TD-All,refit_on_3,123,B0007,178,93.49626919937222,94.88688
TD-All,refit_on_3,123,B0007,182,92.9420388383138,93.89299
TD-All,refit_on_3,123,B0007,186,92.94217065781828,93.68906
TD-All,refit_on_3,123,B0007,190,92.69668329388116,93.64742
TD-All,refit_on_3,123,B0007,194,92.41073633514534,93.40658
TD-All,refit_on_3,123,B0007,198,91.82208130681248,92.75344
TD-All,refit_on_3,123,B0007,202,91.5743327473832,93.49856
TD-All,refit_on_3,123,B0007,206,91.04730118386937,92.447426
TD-All,refit_on_3,123,B0007,210,91.04684020750553,92.08517
TD-All,refit_on_3,123,B0007,214,90.49873919973382,91.19442
TD-All,refit_on_3,123,B0007,216,90.51794914609178,91.64359
TD-All,refit_on_3,123,B0007,220,89.96325858213598,91.53131
TD-All,refit_on_3,123,B0007,224,89.64911074691454,90.66727
TD-All,refit_on_3,123,B0007,228,89.4056438247883,90.602516
TD-All,refit_on_3,123,B0007,232,89.13221056506995,90.403534
TD-All,refit_on_3,123,B0007,236,88.88142970948275,90.66256
TD-All,refit_on_3,123,B0007,240,88.57496163215028,89.38289
TD-All,refit_on_3,123,B0007,244,88.30030467403411,89.19617
TD-All,refit_on_3,123,B0007,248,88.04309784572763,88.878525
TD-All,refit_on_3,123,B0007,252,87.7835715053401,88.47012
TD-All,refit_on_3,123,B0007,256,87.5009058762453,88.20414
TD-All,refit_on_3,123,B0007,260,86.92700430940862,88.2586
TD-All,refit_on_3,123,B0007,264,86.91859800690037,87.806725
TD-All,refit_on_3,123,B0007,266,87.17696241036246,88.10671
TD-All,refit_on_3,123,B0007,270,86.66971006432802,87.24497
TD-All,refit_on_3,123,B0007,274,86.11955257111292,86.87472
TD-All,refit_on_3,123,B0007,278,85.86532022039283,87.436646
TD-All,refit_on_3,123,B0007,282,85.83324550155743,86.6306
TD-All,refit_on_3,123,B0007,286,85.88108948972226,86.37205
TD-All,refit_on_3,123,B0007,290,85.56987844007078,86.28208
TD-All,refit_on_3,123,B0007,294,85.027771191142,86.270905
TD-All,refit_on_3,123,B0007,298,84.77582688520748,85.11523
TD-All,refit_on_3,123,B0007,302,84.79178974791847,85.41323
TD-All,refit_on_3,123,B0007,306,84.76993385106519,85.23872
TD-All,refit_on_3,123,B0007,310,84.49605927424464,84.69819
TD-All,refit_on_3,123,B0007,313,89.71090998622898,89.81564
TD-All,refit_on_3,123,B0007,316,86.37349719367897,87.138725
TD-All,refit_on_3,123,B0007,320,85.82898928627563,86.43738
TD-All,refit_on_3,123,B0007,324,85.2934976107533,85.779434
TD-All,refit_on_3,123,B0007,328,84.72574724857897,85.33556
TD-All,refit_on_3,123,B0007,332,84.48328177752624,85.10945
TD-All,refit_on_3,123,B0007,336,84.21457006738538,84.87144
TD-All,refit_on_3,123,B0007,340,83.9288888229777,84.514015
TD-All,refit_on_3,123,B0007,344,83.67629222648154,84.713165
TD-All,refit_on_3,123,B0007,348,83.38837618926404,83.95452
TD-All,refit_on_3,123,B0007,352,83.41270816038221,83.854164
TD-All,refit_on_3,123,B0007,356,83.14675201444969,83.36447
TD-All,refit_on_3,123,B0007,360,82.8484308280049,83.62497
TD-All,refit_on_3,123,B0007,364,83.13252526962864,83.20334
TD-All,refit_on_3,123,B0007,367,83.66359396289195,84.98437
TD-All,refit_on_3,123,B0007,371,83.14841165448959,83.52009
TD-All,refit_on_3,123,B0007,375,82.85488835556158,83.947945
TD-All,refit_on_3,123,B0007,379,82.33123711829187,82.893394
TD-All,refit_on_3,123,B0007,383,82.01142381939957,82.6546
TD-All,refit_on_3,123,B0007,387,82.07206587982726,83.07592
TD-All,refit_on_3,123,B0007,391,82.0495038543302,82.54825
TD-All,refit_on_3,123,B0007,395,81.5031419618624,82.133545
TD-All,refit_on_3,123,B0007,399,81.20841503507037,81.974556
TD-All,refit_on_3,123,B0007,403,81.21721340553746,82.44042
TD-All,refit_on_3,123,B0007,407,81.22601148878292,81.90569
TD-All,refit_on_3,123,B0007,411,80.95054391771832,81.60664
TD-All,refit_on_3,123,B0007,415,80.67227833994721,81.39671
TD-All,refit_on_3,123,B0007,419,80.40565013650571,81.17721
TD-All,refit_on_3,123,B0007,423,80.40335490244634,81.41175
TD-All,refit_on_3,123,B0007,427,80.42152437300291,81.62103
TD-All,refit_on_3,123,B0007,431,81.48461605871495,81.843155
TD-All,refit_on_3,123,B0007,433,81.75963969607048,82.70611
TD-All,refit_on_3,123,B0007,437,80.93560989493338,81.607056
TD-All,refit_on_3,123,B0007,441,80.40209515327608,81.290764
TD-All,refit_on_3,123,B0007,445,80.09419697809993,80.98006
TD-All,refit_on_3,123,B0007,449,79.85042691616567,80.84235
TD-All,refit_on_3,123,B0007,453,79.56495728605914,80.601395
TD-All,refit_on_3,123,B0007,457,79.30076147796538,80.40775
TD-All,refit_on_3,123,B0007,461,79.2776995197187,80.142914
TD-All,refit_on_3,123,B0007,465,79.01573008127421,80.36196
TD-All,refit_on_3,123,B0007,469,78.7529099419952,79.95573
TD-All,refit_on_3,123,B0007,473,78.76631135529045,79.693535
TD-All,refit_on_3,123,B0007,477,78.45734950325969,79.530396
TD-All,refit_on_3,123,B0007,481,78.71925319505982,79.90681
TD-All,refit_on_3,123,B0007,483,79.58166685963718,80.57036
TD-All,refit_on_3,123,B0007,485,78.72860058663869,79.91537
TD-All,refit_on_3,123,B0007,489,78.46501751785956,79.485794
TD-All,refit_on_3,123,B0007,493,78.19738333514631,79.17479
TD-All,refit_on_3,123,B0007,497,78.20645287101384,79.450005
TD-All,refit_on_3,123,B0007,501,77.92824275772597,79.26472
TD-All,refit_on_3,123,B0007,505,77.6497101362114,79.0768
TD-All,refit_on_3,123,B0007,509,77.38028422735451,78.854614
TD-All,refit_on_3,123,B0007,513,77.09660547904922,78.412895
TD-All,refit_on_3,123,B0007,517,77.11046744203753,78.59261
TD-All,refit_on_3,123,B0007,521,76.85550035450103,78.39602
TD-All,refit_on_3,123,B0007,525,76.85236240084764,78.46449
TD-All,refit_on_3,123,B0007,529,76.56671722215358,77.85947
TD-All,refit_on_3,123,B0007,533,76.29399038621672,77.72876
TD-All,refit_on_3,123,B0007,537,76.32425788720361,77.707275
TD-All,refit_on_3,123,B0007,541,76.29658741049414,77.96172
TD-All,refit_on_3,123,B0007,545,76.59209728582513,77.24986
TD-All,refit_on_3,123,B0007,548,77.93863743061358,79.125534
TD-All,refit_on_3,123,B0007,552,77.12364718084329,78.40243
TD-All,refit_on_3,123,B0007,556,76.8725967441492,78.15673
TD-All,refit_on_3,123,B0007,560,76.58854113704766,78.18687
TD-All,refit_on_3,123,B0007,564,76.04885672654179,77.745346
TD-All,refit_on_3,123,B0007,568,76.05828438472663,77.459724
TD-All,refit_on_3,123,B0007,572,75.76335089505734,77.51711
TD-All,refit_on_3,123,B0007,576,75.75439980355237,77.13202
TD-All,refit_on_3,123,B0007,580,75.49812548326929,76.85797
TD-All,refit_on_3,123,B0007,584,75.23591897923467,77.07504
TD-All,refit_on_3,123,B0007,588,75.24924732301496,76.88088
TD-All,refit_on_3,123,B0007,592,74.94444174506414,76.65284
TD-All,refit_on_3,123,B0007,596,74.95266425125988,76.51505
TD-All,refit_on_3,123,B0007,600,74.69643604452878,76.60594
TD-All,refit_on_3,123,B0007,604,74.7051700493532,76.37799
TD-All,refit_on_3,123,B0007,608,74.39278959915883,76.11599
TD-All,refit_on_3,123,B0007,612,75.52591562947222,77.329506
TD-All,refit_on_3,123,B0007,614,76.09264518290325,78.732254
TD-All,pre_refit,123,B0018,3,100.8025811041783,90.84755
TD-All,pre_refit,123,B0018,7,100.16087022619236,92.90041
TD-All,pre_refit,123,B0018,11,99.96558598273582,92.172455
TD-All,pre_refit,123,B0018,15,99.48041766162956,91.970406
TD-All,pre_refit,123,B0018,18,99.59054502526398,94.11861
TD-All,pre_refit,123,B0018,20,99.36387169185286,92.36194
TD-All,pre_refit,123,B0018,22,98.96567828327716,91.84641
TD-All,pre_refit,123,B0018,24,98.63793870309058,91.4409
TD-All,pre_refit,123,B0018,27,98.04714689052696,91.205414
TD-All,pre_refit,123,B0018,30,99.06887382997856,93.44635
TD-All,pre_refit,123,B0018,32,98.47248926951052,92.13256
TD-All,pre_refit,123,B0018,34,98.068534707018,91.52557
TD-All,pre_refit,123,B0018,36,97.31606084566693,90.73646
TD-All,pre_refit,123,B0018,39,96.91537145663308,90.14269
TD-All,pre_refit,123,B0018,42,96.77777434993364,92.28693
TD-All,pre_refit,123,B0018,44,96.24906078283864,91.153275
TD-All,pre_refit,123,B0018,46,96.10893521170082,90.615166
TD-All,pre_refit,123,B0018,48,95.29382636269746,89.877686
TD-All,pre_refit,123,B0018,51,94.89112029628322,88.88222
TD-All,pre_refit,123,B0018,54,94.42623362260446,89.5291
TD-All,pre_refit,123,B0018,56,94.09214261326034,88.33104
TD-All,pre_refit,123,B0018,58,92.84655809058668,88.84846
TD-All,pre_refit,123,B0018,60,93.00278636580364,87.71418
TD-All,pre_refit,123,B0018,63,92.78717154289568,87.37422
TD-All,pre_refit,123,B0018,66,95.05514633441328,90.325554
TD-All,pre_refit,123,B0018,68,94.16023397654948,89.63599
TD-All,pre_refit,123,B0018,70,93.58756901230694,89.468414
TD-All,pre_refit,123,B0018,72,93.02323711734508,88.84461
TD-All,pre_refit,123,B0018,75,92.33971230163448,87.92764
TD-All,pre_refit,123,B0018,78,92.05544475967478,88.56079
TD-All,pre_refit,123,B0018,80,91.39607597710202,87.61402
TD-All,pre_refit,123,B0018,82,91.12841202900309,87.58631
TD-All,pre_refit,123,B0018,84,90.50598444143154,87.128914
TD-All,pre_refit,123,B0018,87,90.05329919062662,86.25062
TD-All,pre_refit,123,B0018,90,89.56595375021743,86.757256
TD-All,pre_refit,123,B0018,92,89.05221474379236,85.38216
TD-All,pre_refit,123,B0018,94,88.4478648526792,85.29996
TD-All,pre_refit,123,B0018,96,88.14926233550939,85.17581
TD-All,pre_refit,123,B0018,99,87.70654438914323,84.65129
TD-All,pre_refit,123,B0018,102,91.07812245566797,87.42109
TD-All,pre_refit,123,B0018,104,89.62445100410937,85.97767
TD-All,pre_refit,123,B0018,106,88.70513095013024,85.070885
TD-All,pre_refit,123,B0018,108,87.83746900859978,84.193214
TD-All,pre_refit,123,B0018,111,87.53788044222665,83.54523
TD-All,pre_refit,123,B0018,114,86.69891328476463,83.846214
TD-All,pre_refit,123,B0018,117,93.83080462693712,91.30442
TD-All,pre_refit,123,B0018,119,93.27978546012802,88.59218
TD-All,pre_refit,123,B0018,121,92.1525471966999,87.7402
TD-All,pre_refit,123,B0018,123,91.17195305362098,86.92027
TD-All,pre_refit,123,B0018,125,90.2416573040256,86.1817
TD-All,pre_refit,123,B0018,128,90.55423897233052,88.13825
TD-All,pre_refit,123,B0018,130,89.49039068452917,85.89485
TD-All,pre_refit,123,B0018,132,88.3454487099843,86.000984
TD-All,pre_refit,123,B0018,134,87.60607299731777,85.18607
TD-All,pre_refit,123,B0018,136,87.25714700042141,84.038635
TD-All,pre_refit,123,B0018,141,90.9473619616094,92.19008
TD-All,pre_refit,123,B0018,143,89.1426764135498,85.7853
TD-All,pre_refit,123,B0018,145,87.66626044455795,84.50255
TD-All,pre_refit,123,B0018,147,86.51592379470374,83.26675
TD-All,pre_refit,123,B0018,150,86.21730704320841,82.621254
TD-All,pre_refit,123,B0018,153,85.8627581657356,83.14967
TD-All,pre_refit,123,B0018,155,84.99855590440428,82.09299
TD-All,pre_refit,123,B0018,157,84.53366840480606,81.443665
TD-All,pre_refit,123,B0018,159,83.69607194854545,80.87501
TD-All,pre_refit,123,B0018,162,83.25899594193369,80.06009
TD-All,pre_refit,123,B0018,165,83.22975722050174,80.360016
TD-All,pre_refit,123,B0018,167,82.72092847997168,79.535614
TD-All,pre_refit,123,B0018,169,81.86598978006339,78.68765
TD-All,pre_refit,123,B0018,171,81.58859278240016,78.4698
TD-All,pre_refit,123,B0018,174,81.31316363799587,77.74164
TD-All,pre_refit,123,B0018,177,83.32773163808899,80.67876
TD-All,pre_refit,123,B0018,179,82.80709531820148,79.59393
TD-All,pre_refit,123,B0018,181,81.57610219236552,78.38626
TD-All,pre_refit,123,B0018,183,81.09929204028072,78.03869
TD-All,pre_refit,123,B0018,185,80.60512587063184,77.327835
TD-All,pre_refit,123,B0018,188,80.4645909654616,77.730675
TD-All,pre_refit,123,B0018,190,80.07171192098461,76.85782
TD-All,pre_refit,123,B0018,192,79.77346222448996,76.6772
TD-All,pre_refit,123,B0018,194,79.23402412051846,75.91335
TD-All,pre_refit,123,B0018,197,78.6783203089025,74.91541
TD-All,pre_refit,123,B0018,200,78.94539372549075,75.7521
TD-All,pre_refit,123,B0018,202,78.38865828037459,74.86213
TD-All,pre_refit,123,B0018,204,78.21127069246836,75.015366
TD-All,pre_refit,123,B0018,206,77.6339684068403,74.7023
TD-All,pre_refit,123,B0018,209,77.43046760934243,74.00677
TD-All,pre_refit,123,B0018,212,79.8708545166814,77.34046
TD-All,pre_refit,123,B0018,214,78.93458463676515,75.44196
TD-All,pre_refit,123,B0018,216,78.40488242765085,74.62007
TD-All,pre_refit,123,B0018,218,77.61921434771055,73.759094
TD-All,pre_refit,123,B0018,220,76.9170609064971,72.92575
TD-All,pre_refit,123,B0018,223,79.04297866359087,75.755005
TD-All,pre_refit,123,B0018,225,77.61605692618127,74.35097
TD-All,pre_refit,123,B0018,227,77.14789574863566,73.91522
TD-All,pre_refit,123,B0018,229,76.92281444261894,73.58652
TD-All,pre_refit,123,B0018,232,76.3858924270674,72.62965
TD-All,pre_refit,123,B0018,235,76.53620320177981,73.449814
TD-All,pre_refit,123,B0018,237,75.9063201738239,72.474205
TD-All,pre_refit,123,B0018,239,75.72766142150313,72.28399
TD-All,pre_refit,123,B0018,241,75.49928800503805,72.22527
TD-All,pre_refit,123,B0018,244,74.9124451895705,71.32025
TD-All,pre_refit,123,B0018,247,75.25674730493446,72.3009
TD-All,pre_refit,123,B0018,249,74.46467849076038,70.929535
TD-All,pre_refit,123,B0018,251,74.62885626516028,71.21042
TD-All,pre_refit,123,B0018,253,74.33553994642665,71.09904
TD-All,pre_refit,123,B0018,256,73.72504079935909,70.314865
TD-All,pre_refit,123,B0018,259,79.36110924975578,75.927635
TD-All,pre_refit,123,B0018,261,78.799706688891,75.65317
TD-All,pre_refit,123,B0018,263,78.14983302548104,75.47384
TD-All,pre_refit,123,B0018,265,77.61878718971624,74.66791
TD-All,pre_refit,123,B0018,267,76.88079746021991,73.59036
TD-All,pre_refit,123,B0018,270,76.8319836786595,73.86928
TD-All,pre_refit,123,B0018,272,76.01926160635412,73.04343
TD-All,pre_refit,123,B0018,274,75.82358510102308,73.358315
TD-All,pre_refit,123,B0018,276,75.53633219814198,73.45132
TD-All,pre_refit,123,B0018,279,75.31793705780649,72.18709
TD-All,pre_refit,123,B0018,282,75.43684114368729,72.146164
TD-All,pre_refit,123,B0018,284,74.7829788363973,70.867874
TD-All,pre_refit,123,B0018,286,74.15991898288928,70.30213
TD-All,pre_refit,123,B0018,288,73.84846878839457,70.07754
TD-All,pre_refit,123,B0018,291,73.15537271331122,69.23286
TD-All,pre_refit,123,B0018,294,77.53589472577204,74.07789
TD-All,pre_refit,123,B0018,296,76.42763235972666,73.438965
TD-All,pre_refit,123,B0018,298,75.72351586777258,72.75826
TD-All,pre_refit,123,B0018,300,75.4386936803776,72.38988
TD-All,pre_refit,123,B0018,302,74.45721490205536,71.36602
TD-All,pre_refit,123,B0018,305,74.97385174402893,72.00362
TD-All,pre_refit,123,B0018,307,74.3741167471391,71.557335
TD-All,pre_refit,123,B0018,309,74.05233968989694,71.80483
TD-All,pre_refit,123,B0018,311,74.08863589293038,71.82356
TD-All,pre_refit,123,B0018,314,73.46151441244959,70.32602
TD-All,pre_refit,123,B0018,317,73.62086195282473,70.79608
TD-All,pre_refit,123,B0018,319,72.87391760769836,69.82782
TD-All,refit_on_3,123,B0018,3,100.8025811041783,91.550865
TD-All,refit_on_3,123,B0018,7,100.16087022619236,93.95487
TD-All,refit_on_3,123,B0018,11,99.96558598273582,93.22035
TD-All,refit_on_3,123,B0018,15,99.48041766162956,93.14288
TD-All,refit_on_3,123,B0018,18,99.59054502526398,95.300476
TD-All,refit_on_3,123,B0018,20,99.36387169185286,93.09847
TD-All,refit_on_3,123,B0018,22,98.96567828327716,92.63696
TD-All,refit_on_3,123,B0018,24,98.63793870309058,92.29504
TD-All,refit_on_3,123,B0018,27,98.04714689052696,92.105705
TD-All,refit_on_3,123,B0018,30,99.06887382997856,94.77561
TD-All,refit_on_3,123,B0018,32,98.47248926951052,93.02878
TD-All,refit_on_3,123,B0018,34,98.068534707018,92.34295
TD-All,refit_on_3,123,B0018,36,97.31606084566693,91.6478
TD-All,refit_on_3,123,B0018,39,96.91537145663308,91.12406
TD-All,refit_on_3,123,B0018,42,96.77777434993364,93.57724
TD-All,refit_on_3,123,B0018,44,96.24906078283864,92.0347
TD-All,refit_on_3,123,B0018,46,96.10893521170082,91.35213
TD-All,refit_on_3,123,B0018,48,95.29382636269746,90.664375
TD-All,refit_on_3,123,B0018,51,94.89112029628322,89.72937
TD-All,refit_on_3,123,B0018,54,94.42623362260446,90.69275
TD-All,refit_on_3,123,B0018,56,94.09214261326034,89.35198
TD-All,refit_on_3,123,B0018,58,92.84655809058668,89.645035
TD-All,refit_on_3,123,B0018,60,93.00278636580364,88.69985
TD-All,refit_on_3,123,B0018,63,92.78717154289568,88.34914
TD-All,refit_on_3,123,B0018,66,95.05514633441328,91.74196
TD-All,refit_on_3,123,B0018,68,94.16023397654948,90.567474
TD-All,refit_on_3,123,B0018,70,93.58756901230694,90.2444
TD-All,refit_on_3,123,B0018,72,93.02323711734508,89.53802
TD-All,refit_on_3,123,B0018,75,92.33971230163448,88.606926
TD-All,refit_on_3,123,B0018,78,92.05544475967478,89.55675
TD-All,refit_on_3,123,B0018,80,91.39607597710202,88.3928
TD-All,refit_on_3,123,B0018,82,91.12841202900309,88.29266
TD-All,refit_on_3,123,B0018,84,90.50598444143154,87.727486
TD-All,refit_on_3,123,B0018,87,90.05329919062662,86.83848
TD-All,refit_on_3,123,B0018,90,89.56595375021743,87.61751
TD-All,refit_on_3,123,B0018,92,89.05221474379236,86.019844
TD-All,refit_on_3,123,B0018,94,88.4478648526792,86.00714
TD-All,refit_on_3,123,B0018,96,88.14926233550939,85.82489
TD-All,refit_on_3,123,B0018,99,87.70654438914323,85.16281
TD-All,refit_on_3,123,B0018,102,91.07812245566797,88.531395
TD-All,refit_on_3,123,B0018,104,89.62445100410937,86.673195
TD-All,refit_on_3,123,B0018,106,88.70513095013024,85.70511
TD-All,refit_on_3,123,B0018,108,87.83746900859978,84.84767
TD-All,refit_on_3,123,B0018,111,87.53788044222665,84.27354
TD-All,refit_on_3,123,B0018,114,86.69891328476463,84.798996
TD-All,refit_on_3,123,B0018,117,93.83080462693712,91.31638
TD-All,refit_on_3,123,B0018,119,93.27978546012802,89.29504
TD-All,refit_on_3,123,B0018,121,92.1525471966999,88.43892
TD-All,refit_on_3,123,B0018,123,91.17195305362098,87.585976
TD-All,refit_on_3,123,B0018,125,90.2416573040256,86.86865
TD-All,refit_on_3,123,B0018,128,90.55423897233052,89.008965
TD-All,refit_on_3,123,B0018,130,89.49039068452917,86.36539
TD-All,refit_on_3,123,B0018,132,88.3454487099843,86.32837
TD-All,refit_on_3,123,B0018,134,87.60607299731777,85.46548
TD-All,refit_on_3,123,B0018,136,87.25714700042141,84.56775
TD-All,refit_on_3,123,B0018,141,90.9473619616094,91.56358
TD-All,refit_on_3,123,B0018,143,89.1426764135498,86.280685
TD-All,refit_on_3,123,B0018,145,87.66626044455795,84.89836
TD-All,refit_on_3,123,B0018,147,86.51592379470374,83.65081
TD-All,refit_on_3,123,B0018,150,86.21730704320841,83.02573
TD-All,refit_on_3,123,B0018,153,85.8627581657356,83.84821
TD-All,refit_on_3,123,B0018,155,84.99855590440428,82.447105
TD-All,refit_on_3,123,B0018,157,84.53366840480606,81.78274
TD-All,refit_on_3,123,B0018,159,83.69607194854545,81.17126
TD-All,refit_on_3,123,B0018,162,83.25899594193369,80.33237
TD-All,refit_on_3,123,B0018,165,83.22975722050174,80.88507
TD-All,refit_on_3,123,B0018,167,82.72092847997168,79.81799
TD-All,refit_on_3,123,B0018,169,81.86598978006339,78.963974
TD-All,refit_on_3,123,B0018,171,81.58859278240016,78.6494
TD-All,refit_on_3,123,B0018,174,81.31316363799587,77.909706
TD-All,refit_on_3,123,B0018,177,83.32773163808899,81.29201
TD-All,refit_on_3,123,B0018,179,82.80709531820148,79.763306
TD-All,refit_on_3,123,B0018,181,81.57610219236552,78.47092
TD-All,refit_on_3,123,B0018,183,81.09929204028072,78.14095
TD-All,refit_on_3,123,B0018,185,80.60512587063184,77.39532
TD-All,refit_on_3,123,B0018,188,80.4645909654616,78.081085
TD-All,refit_on_3,123,B0018,190,80.07171192098461,76.9391
TD-All,refit_on_3,123,B0018,192,79.77346222448996,76.64619
TD-All,refit_on_3,123,B0018,194,79.23402412051846,75.85329
TD-All,refit_on_3,123,B0018,197,78.6783203089025,74.85049
TD-All,refit_on_3,123,B0018,200,78.94539372549075,76.03159
TD-All,refit_on_3,123,B0018,202,78.38865828037459,74.88188
TD-All,refit_on_3,123,B0018,204,78.21127069246836,74.98702
TD-All,refit_on_3,123,B0018,206,77.6339684068403,74.556015
TD-All,refit_on_3,123,B0018,209,77.43046760934243,73.86308
TD-All,refit_on_3,123,B0018,212,79.8708545166814,77.62409
TD-All,refit_on_3,123,B0018,214,78.93458463676515,75.32001
TD-All,refit_on_3,123,B0018,216,78.40488242765085,74.49343
TD-All,refit_on_3,123,B0018,218,77.61921434771055,73.64175
TD-All,refit_on_3,123,B0018,220,76.9170609064971,72.9075
TD-All,refit_on_3,123,B0018,223,79.04297866359087,76.01771
TD-All,refit_on_3,123,B0018,225,77.61605692618127,74.177345
TD-All,refit_on_3,123,B0018,227,77.14789574863566,73.67665
TD-All,refit_on_3,123,B0018,229,76.92281444261894,73.304184
TD-All,refit_on_3,123,B0018,232,76.3858924270674,72.29418
TD-All,refit_on_3,123,B0018,235,76.53620320177981,73.391525
TD-All,refit_on_3,123,B0018,237,75.9063201738239,72.17539
TD-All,refit_on_3,123,B0018,239,75.72766142150313,72.0028
TD-All,refit_on_3,123,B0018,241,75.49928800503805,71.89764
TD-All,refit_on_3,123,B0018,244,74.9124451895705,70.94006
TD-All,refit_on_3,123,B0018,247,75.25674730493446,72.23723
TD-All,refit_on_3,123,B0018,249,74.46467849076038,70.56859
TD-All,refit_on_3,123,B0018,251,74.62885626516028,70.8343
TD-All,refit_on_3,123,B0018,253,74.33553994642665,70.71892
TD-All,refit_on_3,123,B0018,256,73.72504079935909,69.81434
TD-All,refit_on_3,123,B0018,259,79.36110924975578,76.38707
TD-All,refit_on_3,123,B0018,261,78.799706688891,75.67589
TD-All,refit_on_3,123,B0018,263,78.14983302548104,75.31387
TD-All,refit_on_3,123,B0018,265,77.61878718971624,74.46888
TD-All,refit_on_3,123,B0018,267,76.88079746021991,73.384766
TD-All,refit_on_3,123,B0018,270,76.8319836786595,73.96279
TD-All,refit_on_3,123,B0018,272,76.01926160635412,72.905464
TD-All,refit_on_3,123,B0018,274,75.82358510102308,73.05553
TD-All,refit_on_3,123,B0018,276,75.53633219814198,73.02642
TD-All,refit_on_3,123,B0018,279,75.31793705780649,71.720955
TD-All,refit_on_3,123,B0018,282,75.43684114368729,72.04062
TD-All,refit_on_3,123,B0018,284,74.7829788363973,70.57572
TD-All,refit_on_3,123,B0018,286,74.15991898288928,70.00481
TD-All,refit_on_3,123,B0018,288,73.84846878839457,69.7737
TD-All,refit_on_3,123,B0018,291,73.15537271331122,68.885284
TD-All,refit_on_3,123,B0018,294,77.53589472577204,74.445755
TD-All,refit_on_3,123,B0018,296,76.42763235972666,73.354164
TD-All,refit_on_3,123,B0018,298,75.72351586777258,72.49562
TD-All,refit_on_3,123,B0018,300,75.4386936803776,72.122955
TD-All,refit_on_3,123,B0018,302,74.45721490205536,71.06206
TD-All,refit_on_3,123,B0018,305,74.97385174402893,72.06347
TD-All,refit_on_3,123,B0018,307,74.3741167471391,71.19768
TD-All,refit_on_3,123,B0018,309,74.05233968989694,71.36138
TD-All,refit_on_3,123,B0018,311,74.08863589293038,71.3533
TD-All,refit_on_3,123,B0018,314,73.46151441244959,69.757065
TD-All,refit_on_3,123,B0018,317,73.62086195282473,70.51131
TD-All,refit_on_3,123,B0018,319,72.87391760769836,69.33928
