setting,stage,seed,test_battery,cycle,y_true,y_pred,y_pred_mono
TD-Clean-7,dsoh_refit,42,B0005,2,100.80760884947765,100.0,100.0
TD-Clean-7,dsoh_refit,42,B0005,4,100.25590968770103,100.15896926820278,100.0
TD-Clean-7,dsoh_refit,42,B0005,6,99.65979925247206,100.25011536478996,100.0
TD-Clean-7,dsoh_refit,42,B0005,8,99.65509323788856,100.32333707809448,100.0
TD-Clean-7,dsoh_refit,42,B0005,10,99.6215889724607,100.38799339532852,100.0
TD-Clean-7,dsoh_refit,42,B0005,12,99.67676620535396,100.53468507528305,100.0
TD-Clean-7,dsoh_refit,42,B0005,14,99.64877352944652,100.66142106056213,100.0
TD-Clean-7,dsoh_refit,42,B0005,16,99.13892996732449,100.54474449157715,100.0
TD-Clean-7,dsoh_refit,42,B0005,18,99.08555627584838,100.41725715994835,100.0
TD-Clean-7,dsoh_refit,42,B0005,20,99.0768365083485,100.37824189662933,100.0
TD-Clean-7,dsoh_refit,42,B0005,22,99.07717774099622,100.21805064380169,100.0
TD-Clean-7,dsoh_refit,42,B0005,25,98.5114992237362,99.96165625751019,99.96165625751019
TD-Clean-7,dsoh_refit,42,B0005,27,98.4870761948254,99.68507599830627,99.68507599830627
TD-Clean-7,dsoh_refit,42,B0005,29,98.47015265835132,99.6438279747963,99.6438279747963
TD-Clean-7,dsoh_refit,42,B0005,31,97.88140357167902,99.41270983219147,99.41270983219147
TD-Clean-7,dsoh_refit,42,B0005,33,97.85473656745688,99.14950466156006,99.14950466156006
TD-Clean-7,dsoh_refit,42,B0005,35,97.88039886599036,98.96545481681824,98.96545481681824
TD-Clean-7,dsoh_refit,42,B0005,37,97.9069415267384,98.78605628013611,98.78605628013611
TD-Clean-7,dsoh_refit,42,B0005,39,97.89115702988882,98.66755020618439,98.66755020618439
TD-Clean-7,dsoh_refit,42,B0005,42,100.29385168145046,99.1179341673851,98.66755020618439
TD-Clean-7,dsoh_refit,42,B0005,46,100.31510023136114,99.54335176944733,98.66755020618439
TD-Clean-7,dsoh_refit,42,B0005,50,99.70477213786135,99.79121647775173,98.66755020618439
TD-Clean-7,dsoh_refit,42,B0005,54,99.1402308374376,99.96267232298851,98.66755020618439
TD-Clean-7,dsoh_refit,42,B0005,58,99.10400696359169,100.26072296500206,98.66755020618439
TD-Clean-7,dsoh_refit,42,B0005,62,99.12941188644592,100.46149986982346,98.66755020618439
TD-Clean-7,dsoh_refit,42,B0005,66,98.50222430381568,100.52606791257858,98.66755020618439
TD-Clean-7,dsoh_refit,42,B0005,70,98.5423014565286,100.86541122198105,98.66755020618439
TD-Clean-7,dsoh_refit,42,B0005,74,98.49887187571204,101.20964539051056,98.66755020618439
TD-Clean-7,dsoh_refit,42,B0005,78,97.89050762402466,101.4672030210495,98.66755020618439
TD-Clean-7,dsoh_refit,42,B0005,82,97.96171552529285,101.80122756958008,98.66755020618439
TD-Clean-7,dsoh_refit,42,B0005,90,99.4075559707276,101.74231541156769,98.66755020618439
TD-Clean-7,dsoh_refit,42,B0005,94,98.82112827769676,101.61395192146301,98.66755020618439
TD-Clean-7,dsoh_refit,42,B0005,98,98.2457556393358,101.52073657512665,98.66755020618439
TD-Clean-7,dsoh_refit,42,B0005,102,97.99065016377766,101.27821731567383,98.66755020618439
TD-Clean-7,dsoh_refit,42,B0005,106,97.7065060215613,101.31829226016998,98.66755020618439
TD-Clean-7,dsoh_refit,42,B0005,110,97.11279694879056,101.22405159473419,98.66755020618439
TD-Clean-7,dsoh_refit,42,B0005,114,96.81304988059888,101.08790493011475,98.66755020618439
TD-Clean-7,dsoh_refit,42,B0005,118,96.27605729788222,101.0086259841919,98.66755020618439
TD-Clean-7,dsoh_refit,42,B0005,122,96.2762766313732,101.06661629676819,98.66755020618439
TD-Clean-7,dsoh_refit,42,B0005,126,95.99578118843372,101.08920335769653,98.66755020618439
TD-Clean-7,dsoh_refit,42,B0005,130,95.69403287907456,100.89877861738205,98.66755020618439
TD-Clean-7,dsoh_refit,42,B0005,134,95.98194451474556,100.72033154964447,98.66755020618439
TD-Clean-7,dsoh_refit,42,B0005,136,95.71321655496544,100.69159245491028,98.66755020618439
TD-Clean-7,dsoh_refit,42,B0005,140,95.11928805425076,100.61566579341888,98.66755020618439
TD-Clean-7,dsoh_refit,42,B0005,144,94.58275432725988,100.50800865888596,98.66755020618439
TD-Clean-7,dsoh_refit,42,B0005,148,94.27008009570102,100.52448034286499,98.66755020618439
TD-Clean-7,dsoh_refit,42,B0005,150,97.39411432859931,101.20776844024658,98.66755020618439
TD-Clean-7,dsoh_refit,42,B0005,154,96.82749231246368,101.01275086402893,98.66755020618439
TD-Clean-7,dsoh_refit,42,B0005,158,95.96820195991576,100.80592554807663,98.66755020618439
TD-Clean-7,dsoh_refit,42,B0005,162,95.40638930769452,100.49104499816895,98.66755020618439
TD-Clean-7,dsoh_refit,42,B0005,166,94.8553962680492,100.38984674215317,98.66755020618439
TD-Clean-7,dsoh_refit,42,B0005,170,94.5755674779542,100.2602089047432,98.66755020618439
TD-Clean-7,dsoh_refit,42,B0005,174,94.28806184403476,100.11966137588024,98.66755020618439
TD-Clean-7,dsoh_refit,42,B0005,178,93.73958753620327,100.00887454301119,98.66755020618439
TD-Clean-7,dsoh_refit,42,B0005,182,93.16861105469168,99.93373899906874,98.66755020618439
TD-Clean-7,dsoh_refit,42,B0005,186,92.88227598613614,99.86572059988976,98.66755020618439
TD-Clean-7,dsoh_refit,42,B0005,190,92.636901518198,99.76130636036396,98.66755020618439
TD-Clean-7,dsoh_refit,42,B0005,194,92.32720191735562,99.70924389362335,98.66755020618439
TD-Clean-7,dsoh_refit,42,B0005,198,92.01599848919145,99.638248026371,98.66755020618439
TD-Clean-7,dsoh_refit,42,B0005,202,91.49053823956656,99.37821054458618,98.66755020618439
TD-Clean-7,dsoh_refit,42,B0005,206,90.92425521866993,99.15443205833435,98.66755020618439
TD-Clean-7,dsoh_refit,42,B0005,210,90.92941856192826,99.05627477169037,98.66755020618439
TD-Clean-7,dsoh_refit,42,B0005,214,90.34010561326173,98.84745824337006,98.66755020618439
TD-Clean-7,dsoh_refit,42,B0005,216,90.0847586044663,98.7619571685791,98.66755020618439
TD-Clean-7,dsoh_refit,42,B0005,220,89.80457989439137,98.63216865062714,98.63216865062714
TD-Clean-7,dsoh_refit,42,B0005,224,89.19640288815545,98.45197653770447,98.45197653770447
TD-Clean-7,dsoh_refit,42,B0005,228,88.93598251136243,98.27365708351135,98.27365708351135
TD-Clean-7,dsoh_refit,42,B0005,232,88.65781340235759,98.10112154483795,98.10112154483795
TD-Clean-7,dsoh_refit,42,B0005,236,88.38728178562198,97.85979199409485,97.85979199409485
TD-Clean-7,dsoh_refit,42,B0005,240,88.08171260170519,97.73326706886292,97.73326706886292
TD-Clean-7,dsoh_refit,42,B0005,244,87.49528010741024,97.67871165275574,97.67871165275574
TD-Clean-7,dsoh_refit,42,B0005,248,87.2366743602368,97.559326171875,97.559326171875
TD-Clean-7,dsoh_refit,42,B0005,252,86.96251727221627,97.44813871383667,97.44813871383667
TD-Clean-7,dsoh_refit,42,B0005,256,86.35734215456989,97.3158016204834,97.3158016204834
TD-Clean-7,dsoh_refit,42,B0005,260,86.10863457357058,97.14808464050293,97.14808464050293
TD-Clean-7,dsoh_refit,42,B0005,264,86.06270063126725,97.08288192749023,97.08288192749023
TD-Clean-7,dsoh_refit,42,B0005,266,86.63737677555004,96.99667882919312,96.99667882919312
TD-Clean-7,dsoh_refit,42,B0005,270,85.50813849993258,96.78517723083496,96.78517723083496
TD-Clean-7,dsoh_refit,42,B0005,274,84.97446653296429,96.73523807525635,96.73523807525635
TD-Clean-7,dsoh_refit,42,B0005,278,84.69557819389517,96.6286928653717,96.6286928653717
TD-Clean-7,dsoh_refit,42,B0005,282,84.68013627936132,96.63885068893433,96.6286928653717
TD-Clean-7,dsoh_refit,42,B0005,286,84.41991821853574,96.48543405532837,96.48543405532837
TD-Clean-7,dsoh_refit,42,B0005,290,84.10414931140878,96.31751418113708,96.31751418113708
TD-Clean-7,dsoh_refit,42,B0005,294,83.52653061113354,96.08180904388428,96.08180904388428
TD-Clean-7,dsoh_refit,42,B0005,298,82.96602561057489,96.03187942504883,96.03187942504883
TD-Clean-7,dsoh_refit,42,B0005,302,82.99920327964658,96.09753799438477,96.03187942504883
TD-Clean-7,dsoh_refit,42,B0005,306,82.68003018050378,96.02043271064758,96.02043271064758
TD-Clean-7,dsoh_refit,42,B0005,310,82.39976893302816,95.90147638320923,95.90147638320923
TD-Clean-7,dsoh_refit,42,B0005,313,87.19626195760692,95.71554565429688,95.71554565429688
TD-Clean-7,dsoh_refit,42,B0005,316,84.91729656129593,95.72668981552124,95.71554565429688
TD-Clean-7,dsoh_refit,42,B0005,320,84.06165489885902,95.56302452087402,95.56302452087402
TD-Clean-7,dsoh_refit,42,B0005,324,83.2082752902044,95.38245296478271,95.38245296478271
TD-Clean-7,dsoh_refit,42,B0005,328,82.91381970838151,95.23894739151001,95.23894739151001
TD-Clean-7,dsoh_refit,42,B0005,332,82.37106085271179,95.12851428985596,95.12851428985596
TD-Clean-7,dsoh_refit,42,B0005,336,82.09631790141844,95.01446580886841,95.01446580886841
TD-Clean-7,dsoh_refit,42,B0005,340,81.80669701206385,94.92555046081543,94.92555046081543
TD-Clean-7,dsoh_refit,42,B0005,344,81.53418918115372,94.76574516296387,94.76574516296387
TD-Clean-7,dsoh_refit,42,B0005,348,80.95312575426658,94.66121006011963,94.66121006011963
TD-Clean-7,dsoh_refit,42,B0005,352,80.6829269258604,94.59424829483032,94.59424829483032
TD-Clean-7,dsoh_refit,42,B0005,356,80.38673535372676,94.49774217605591,94.49774217605591
TD-Clean-7,dsoh_refit,42,B0005,360,80.10415225005684,94.31612586975098,94.31612586975098
TD-Clean-7,dsoh_refit,42,B0005,364,80.68483906716317,94.26952886581421,94.26952886581421
TD-Clean-7,dsoh_refit,42,B0005,367,81.23806188586506,94.18547439575195,94.18547439575195
TD-Clean-7,dsoh_refit,42,B0005,371,80.40774500270479,94.03119707107544,94.03119707107544
TD-Clean-7,dsoh_refit,42,B0005,375,79.80793062432481,93.78518724441528,93.78518724441528
TD-Clean-7,dsoh_refit,42,B0005,379,78.94710440938543,93.59900426864624,93.59900426864624
TD-Clean-7,dsoh_refit,42,B0005,383,78.96040682717852,93.53068494796753,93.53068494796753
TD-Clean-7,dsoh_refit,42,B0005,387,79.00805769223405,93.37870407104492,93.37870407104492
TD-Clean-7,dsoh_refit,42,B0005,391,78.68325635434054,93.29226732254028,93.29226732254028
TD-Clean-7,dsoh_refit,42,B0005,395,78.12009683923326,93.13865327835083,93.13865327835083
TD-Clean-7,dsoh_refit,42,B0005,399,77.83635095586517,93.07890844345093,93.07890844345093
TD-Clean-7,dsoh_refit,42,B0005,403,77.83366081216815,92.93152379989624,92.93152379989624
TD-Clean-7,dsoh_refit,42,B0005,407,77.54418562704669,92.87046098709106,92.87046098709106
TD-Clean-7,dsoh_refit,42,B0005,411,77.26483532824366,92.74504470825195,92.74504470825195
TD-Clean-7,dsoh_refit,42,B0005,415,76.96665751739931,92.60250806808472,92.60250806808472
TD-Clean-7,dsoh_refit,42,B0005,419,76.69408123915822,92.57853126525879,92.57853126525879
TD-Clean-7,dsoh_refit,42,B0005,423,76.7032886034996,92.51930141448975,92.51930141448975
TD-Clean-7,dsoh_refit,42,B0005,427,76.43285089151239,92.42075443267822,92.42075443267822
TD-Clean-7,dsoh_refit,42,B0005,431,77.83345221466253,92.1683235168457,92.1683235168457
TD-Clean-7,dsoh_refit,42,B0005,433,78.09751233548145,92.05898427963257,92.05898427963257
TD-Clean-7,dsoh_refit,42,B0005,437,76.96262218385922,91.8791856765747,91.8791856765747
TD-Clean-7,dsoh_refit,42,B0005,441,76.3993634537507,91.72787380218506,91.72787380218506
TD-Clean-7,dsoh_refit,42,B0005,445,76.08562321685423,91.68640232086182,91.68640232086182
TD-Clean-7,dsoh_refit,42,B0005,449,75.84111192639295,91.64663600921631,91.64663600921631
TD-Clean-7,dsoh_refit,42,B0005,453,75.5470202599512,91.60596466064453,91.60596466064453
TD-Clean-7,dsoh_refit,42,B0005,457,75.2724773855306,91.52895736694336,91.52895736694336
TD-Clean-7,dsoh_refit,42,B0005,461,74.95796574493023,91.50279998779297,91.50279998779297
TD-Clean-7,dsoh_refit,42,B0005,465,74.67559060559861,91.33309364318848,91.33309364318848
TD-Clean-7,dsoh_refit,42,B0005,469,74.4190975749656,91.3106632232666,91.3106632232666
TD-Clean-7,dsoh_refit,42,B0005,473,74.41886702385212,91.31049060821533,91.31049060821533
TD-Clean-7,dsoh_refit,42,B0005,477,74.10538957595438,91.32735061645508,91.31049060821533
TD-Clean-7,dsoh_refit,42,B0005,481,74.68403981580354,91.52139377593994,91.31049060821533
TD-Clean-7,dsoh_refit,42,B0005,483,75.26611054535188,91.51738452911377,91.31049060821533
TD-Clean-7,dsoh_refit,42,B0005,485,74.38310747232698,91.37074375152588,91.31049060821533
TD-Clean-7,dsoh_refit,42,B0005,489,74.10795710900801,91.3206148147583,91.31049060821533
TD-Clean-7,dsoh_refit,42,B0005,493,73.53993654981534,91.28499698638916,91.28499698638916
TD-Clean-7,dsoh_refit,42,B0005,497,73.55729388669064,91.31659603118896,91.28499698638916
TD-Clean-7,dsoh_refit,42,B0005,501,73.56067241598603,91.25087928771973,91.25087928771973
TD-Clean-7,dsoh_refit,42,B0005,505,73.26805286034079,91.14912223815918,91.14912223815918
TD-Clean-7,dsoh_refit,42,B0005,509,72.98972077509227,90.99678039550781,90.99678039550781
TD-Clean-7,dsoh_refit,42,B0005,513,72.70747847813722,91.05831336975098,90.99678039550781
TD-Clean-7,dsoh_refit,42,B0005,517,72.70330518052887,91.11697673797607,90.99678039550781
TD-Clean-7,dsoh_refit,42,B0005,521,72.43680818215978,91.09220695495605,90.99678039550781
TD-Clean-7,dsoh_refit,42,B0005,525,72.14563728793834,90.94422817230225,90.94422817230225
TD-Clean-7,dsoh_refit,42,B0005,529,71.84842350914826,90.92431545257568,90.92431545257568
TD-Clean-7,dsoh_refit,42,B0005,533,71.57682808520298,90.98283004760742,90.92431545257568
TD-Clean-7,dsoh_refit,42,B0005,537,71.59297070565168,91.10898494720459,90.92431545257568
TD-Clean-7,dsoh_refit,42,B0005,541,71.58355486033668,91.01122379302979,90.92431545257568
TD-Clean-7,dsoh_refit,42,B0005,545,71.88651633814797,90.89030265808105,90.89030265808105
TD-Clean-7,dsoh_refit,42,B0005,548,73.85485752850198,90.97409725189209,90.89030265808105
TD-Clean-7,dsoh_refit,42,B0005,552,72.73676298693475,90.93612957000732,90.89030265808105
TD-Clean-7,dsoh_refit,42,B0005,556,72.16650080848474,90.85503005981445,90.85503005981445
TD-Clean-7,dsoh_refit,42,B0005,560,71.87574889700983,90.75862121582031,90.75862121582031
TD-Clean-7,dsoh_refit,42,B0005,564,71.60206343923741,90.72469711303711,90.72469711303711
TD-Clean-7,dsoh_refit,42,B0005,568,71.32194157026348,90.74082469940186,90.72469711303711
TD-Clean-7,dsoh_refit,42,B0005,572,71.30711389020412,90.70661926269531,90.70661926269531
TD-Clean-7,dsoh_refit,42,B0005,576,71.01356336148518,90.72847843170166,90.70661926269531
TD-Clean-7,dsoh_refit,42,B0005,580,70.75492745457169,90.8024263381958,90.70661926269531
TD-Clean-7,dsoh_refit,42,B0005,584,70.77254445771489,90.77802085876465,90.70661926269531
TD-Clean-7,dsoh_refit,42,B0005,588,70.77540542374062,90.78277683258057,90.70661926269531
TD-Clean-7,dsoh_refit,42,B0005,592,70.47550750397869,90.79447746276855,90.70661926269531
TD-Clean-7,dsoh_refit,42,B0005,596,70.48563041810954,90.77022075653076,90.70661926269531
TD-Clean-7,dsoh_refit,42,B0005,600,70.23531244180377,90.71580791473389,90.70661926269531
TD-Clean-7,dsoh_refit,42,B0005,604,69.93882142370093,90.6885929107666,90.6885929107666
TD-Clean-7,dsoh_refit,42,B0005,608,69.90890905512207,90.7015380859375,90.6885929107666
TD-Clean-7,dsoh_refit,42,B0005,612,71.07977535187085,90.73328495025635,90.6885929107666
TD-Clean-7,dsoh_refit,42,B0005,614,71.95205157786506,90.93111896514893,90.6885929107666
TD-Clean-7,dsoh_refit,42,B0006,2,100.88297108833646,100.0,100.0
TD-Clean-7,dsoh_refit,42,B0006,4,100.37753235288778,99.76855720579624,99.76855720579624
TD-Clean-7,dsoh_refit,42,B0006,6,99.79196916000484,99.47995316982269,99.47995316982269
TD-Clean-7,dsoh_refit,42,B0006,8,99.7899019818078,99.18166261911392,99.18166261911392
TD-Clean-7,dsoh_refit,42,B0006,10,99.15762541696316,98.89069509506226,98.89069509506226
TD-Clean-7,dsoh_refit,42,B0006,12,99.8203556776378,98.57311594486237,98.57311594486237
TD-Clean-7,dsoh_refit,42,B0006,14,99.7808037027038,98.25226855278015,98.25226855278015
TD-Clean-7,dsoh_refit,42,B0006,16,97.5844832820893,97.92221665382385,97.92221665382385
TD-Clean-7,dsoh_refit,42,B0006,18,97.5535716293996,97.58184957504272,97.58184957504272
TD-Clean-7,dsoh_refit,42,B0006,20,97.01155142541865,97.2565975189209,97.2565975189209
TD-Clean-7,dsoh_refit,42,B0006,22,96.43502080876348,96.89386487007141,96.89386487007141
TD-Clean-7,dsoh_refit,42,B0006,25,95.8972998236526,96.45930480957031,96.45930480957031
TD-Clean-7,dsoh_refit,42,B0006,27,95.32875373854844,96.08767223358154,96.08767223358154
TD-Clean-7,dsoh_refit,42,B0006,29,94.76419905980474,95.68967533111572,95.68967533111572
TD-Clean-7,dsoh_refit,42,B0006,31,94.22773853976388,95.3176622390747,95.3176622390747
TD-Clean-7,dsoh_refit,42,B0006,33,93.6395064953226,94.92718458175659,94.92718458175659
TD-Clean-7,dsoh_refit,42,B0006,35,93.09821798643677,94.5376524925232,94.5376524925232
TD-Clean-7,dsoh_refit,42,B0006,37,92.56743574756617,94.15707731246948,94.15707731246948
TD-Clean-7,dsoh_refit,42,B0006,39,92.56840432582156,93.76722192764282,93.76722192764282
TD-Clean-7,dsoh_refit,42,B0006,42,98.12161319843736,93.66865634918213,93.66865634918213
TD-Clean-7,dsoh_refit,42,B0006,46,97.02736865587346,93.63576316833496,93.63576316833496
TD-Clean-7,dsoh_refit,42,B0006,50,96.4457203456954,93.47996187210083,93.47996187210083
TD-Clean-7,dsoh_refit,42,B0006,54,95.37664206593776,93.34328985214233,93.34328985214233
TD-Clean-7,dsoh_refit,42,B0006,58,96.45395400781383,93.18311643600464,93.18311643600464
TD-Clean-7,dsoh_refit,42,B0006,62,94.2446511737385,93.0372896194458,93.0372896194458
TD-Clean-7,dsoh_refit,42,B0006,66,93.11783815158223,92.91640710830688,92.91640710830688
TD-Clean-7,dsoh_refit,42,B0006,70,92.60393676951,92.74804401397705,92.74804401397705
TD-Clean-7,dsoh_refit,42,B0006,74,91.99518419888014,92.60533952713013,92.60533952713013
TD-Clean-7,dsoh_refit,42,B0006,78,91.45865458065036,92.49164152145386,92.49164152145386
TD-Clean-7,dsoh_refit,42,B0006,82,92.05488530825814,92.32046937942505,92.32046937942505
TD-Clean-7,dsoh_refit,42,B0006,90,93.2941701264468,91.93102073669434,91.93102073669434
TD-Clean-7,dsoh_refit,42,B0006,94,91.95812296295944,91.48146533966064,91.48146533966064
TD-Clean-7,dsoh_refit,42,B0006,98,91.16379285351326,91.05242538452148,91.05242538452148
TD-Clean-7,dsoh_refit,42,B0006,102,90.13722315501992,90.67157077789307,90.67157077789307
TD-Clean-7,dsoh_refit,42,B0006,106,89.88629167454431,90.35576152801514,90.35576152801514
TD-Clean-7,dsoh_refit,42,B0006,110,89.07464504963947,89.94244384765625,89.94244384765625
TD-Clean-7,dsoh_refit,42,B0006,114,88.27677498375004,89.56388759613037,89.56388759613037
TD-Clean-7,dsoh_refit,42,B0006,118,87.78153478310176,89.20574474334717,89.20574474334717
TD-Clean-7,dsoh_refit,42,B0006,122,87.25902301297472,88.9335708618164,88.9335708618164
TD-Clean-7,dsoh_refit,42,B0006,126,86.75445063463465,88.6603012084961,88.6603012084961
TD-Clean-7,dsoh_refit,42,B0006,130,86.21919662960373,88.32449245452881,88.32449245452881
TD-Clean-7,dsoh_refit,42,B0006,134,86.97181002045869,87.93194961547852,87.93194961547852
TD-Clean-7,dsoh_refit,42,B0006,136,87.53004089819298,87.61272239685059,87.61272239685059
TD-Clean-7,dsoh_refit,42,B0006,140,85.93648557449694,87.29035568237305,87.29035568237305
TD-Clean-7,dsoh_refit,42,B0006,144,84.92223069682748,86.99603462219238,86.99603462219238
TD-Clean-7,dsoh_refit,42,B0006,148,84.38106569995976,86.75514316558838,86.75514316558838
TD-Clean-7,dsoh_refit,42,B0006,150,90.39396636175364,86.9103651046753,86.75514316558838
TD-Clean-7,dsoh_refit,42,B0006,154,89.62118442408695,86.40002346038818,86.40002346038818
TD-Clean-7,dsoh_refit,42,B0006,158,88.01687540594799,85.90885543823242,85.90885543823242
TD-Clean-7,dsoh_refit,42,B0006,162,86.47934133475826,85.51053237915039,85.51053237915039
TD-Clean-7,dsoh_refit,42,B0006,166,85.7093899316892,85.14191436767578,85.14191436767578
TD-Clean-7,dsoh_refit,42,B0006,170,84.66363361309608,84.82849597930908,84.82849597930908
TD-Clean-7,dsoh_refit,42,B0006,174,84.14253773442293,84.53860855102539,84.53860855102539
TD-Clean-7,dsoh_refit,42,B0006,178,83.37268440744252,84.21872806549072,84.21872806549072
TD-Clean-7,dsoh_refit,42,B0006,182,82.84795096685752,83.90413284301758,83.90413284301758
TD-Clean-7,dsoh_refit,42,B0006,186,82.31672078137474,83.61021995544434,83.61021995544434
TD-Clean-7,dsoh_refit,42,B0006,190,81.8390002521071,83.38607406616211,83.38607406616211
TD-Clean-7,dsoh_refit,42,B0006,194,81.29446683115198,83.09675979614258,83.09675979614258
TD-Clean-7,dsoh_refit,42,B0006,198,80.75246648690656,82.80057334899902,82.80057334899902
TD-Clean-7,dsoh_refit,42,B0006,202,79.7437886746144,82.48443222045898,82.48443222045898
TD-Clean-7,dsoh_refit,42,B0006,206,79.47984426199564,82.17160987854004,82.17160987854004
TD-Clean-7,dsoh_refit,42,B0006,210,79.25415788836384,81.96589469909668,81.96589469909668
TD-Clean-7,dsoh_refit,42,B0006,214,78.69188922732394,81.55214500427246,81.55214500427246
TD-Clean-7,dsoh_refit,42,B0006,216,78.46114405771091,81.17696762084961,81.17696762084961
TD-Clean-7,dsoh_refit,42,B0006,220,77.67630372212932,80.80083847045898,80.80083847045898
TD-Clean-7,dsoh_refit,42,B0006,224,77.38916838478035,80.49238204956055,80.49238204956055
TD-Clean-7,dsoh_refit,42,B0006,228,76.88491527529958,80.19768905639648,80.19768905639648
TD-Clean-7,dsoh_refit,42,B0006,232,76.3646225030132,79.89859580993652,79.89859580993652
TD-Clean-7,dsoh_refit,42,B0006,236,75.60327887522882,79.54652976989746,79.54652976989746
TD-Clean-7,dsoh_refit,42,B0006,240,75.84333345118733,79.30435562133789,79.30435562133789
TD-Clean-7,dsoh_refit,42,B0006,244,75.57070473005419,79.08304977416992,79.08304977416992
TD-Clean-7,dsoh_refit,42,B0006,248,75.06972493621848,78.87923431396484,78.87923431396484
TD-Clean-7,dsoh_refit,42,B0006,252,74.81407516505371,78.69095802307129,78.69095802307129
TD-Clean-7,dsoh_refit,42,B0006,256,74.54671414292675,78.52965545654297,78.52965545654297
TD-Clean-7,dsoh_refit,42,B0006,260,74.02740213488109,78.31524658203125,78.31524658203125
TD-Clean-7,dsoh_refit,42,B0006,264,73.73556466569462,78.23503684997559,78.23503684997559
TD-Clean-7,dsoh_refit,42,B0006,266,75.84980622026112,78.09640312194824,78.09640312194824
TD-Clean-7,dsoh_refit,42,B0006,270,74.55060879561292,77.90039443969727,77.90039443969727
TD-Clean-7,dsoh_refit,42,B0006,274,73.79142812679322,77.89236259460449,77.89236259460449
TD-Clean-7,dsoh_refit,42,B0006,278,73.27190839787096,77.81388473510742,77.81388473510742
TD-Clean-7,dsoh_refit,42,B0006,282,73.28093201847443,77.79583549499512,77.79583549499512
TD-Clean-7,dsoh_refit,42,B0006,286,73.02095301621284,77.72017288208008,77.72017288208008
TD-Clean-7,dsoh_refit,42,B0006,290,72.73851013234444,77.56569290161133,77.56569290161133
TD-Clean-7,dsoh_refit,42,B0006,294,71.95104826590523,77.33946228027344,77.33946228027344
TD-Clean-7,dsoh_refit,42,B0006,298,71.96564568462234,77.3376579284668,77.3376579284668
TD-Clean-7,dsoh_refit,42,B0006,302,71.72895437691278,77.40348052978516,77.3376579284668
TD-Clean-7,dsoh_refit,42,B0006,306,71.71434939609318,77.32676696777344,77.32676696777344
TD-Clean-7,dsoh_refit,42,B0006,310,71.45761792874575,77.22305297851562,77.22305297851562
TD-Clean-7,dsoh_refit,42,B0006,313,78.98726854374111,77.06108474731445,77.06108474731445
TD-Clean-7,dsoh_refit,42,B0006,316,76.64794397240323,76.92404556274414,76.92404556274414
TD-Clean-7,dsoh_refit,42,B0006,320,75.07747171565073,76.59155464172363,76.59155464172363
TD-Clean-7,dsoh_refit,42,B0006,324,74.29795247472106,76.32316970825195,76.32316970825195
TD-Clean-7,dsoh_refit,42,B0006,328,73.51146675367659,76.12355041503906,76.12355041503906
TD-Clean-7,dsoh_refit,42,B0006,332,73.00864275760908,75.94584465026855,75.94584465026855
TD-Clean-7,dsoh_refit,42,B0006,336,72.50277290138493,75.80348587036133,75.80348587036133
TD-Clean-7,dsoh_refit,42,B0006,340,71.96131839956391,75.67469596862793,75.67469596862793
TD-Clean-7,dsoh_refit,42,B0006,344,71.71500633205595,75.487060546875,75.487060546875
TD-Clean-7,dsoh_refit,42,B0006,348,71.44305583769248,75.37714004516602,75.37714004516602
TD-Clean-7,dsoh_refit,42,B0006,352,70.93898960214143,75.29360961914062,75.29360961914062
TD-Clean-7,dsoh_refit,42,B0006,356,70.68194044477139,75.20054054260254,75.20054054260254
TD-Clean-7,dsoh_refit,42,B0006,360,70.4074916889224,75.03572463989258,75.03572463989258
TD-Clean-7,dsoh_refit,42,B0006,364,70.41804785222855,75.02327156066895,75.02327156066895
TD-Clean-7,dsoh_refit,42,B0006,367,71.98210310103482,74.83999252319336,74.83999252319336
TD-Clean-7,dsoh_refit,42,B0006,371,70.95618334594263,74.60795211791992,74.60795211791992
TD-Clean-7,dsoh_refit,42,B0006,375,70.1362730902931,74.3190746307373,74.3190746307373
TD-Clean-7,dsoh_refit,42,B0006,379,69.87433806657212,74.11889266967773,74.11889266967773
TD-Clean-7,dsoh_refit,42,B0006,383,69.63573699649338,74.05576133728027,74.05576133728027
TD-Clean-7,dsoh_refit,42,B0006,387,69.15232147064526,73.87474822998047,73.87474822998047
TD-Clean-7,dsoh_refit,42,B0006,391,69.12109936452545,73.74369049072266,73.74369049072266
TD-Clean-7,dsoh_refit,42,B0006,395,68.86250185726787,73.62052536010742,73.62052536010742
TD-Clean-7,dsoh_refit,42,B0006,399,68.59092282212131,73.57141494750977,73.57141494750977
TD-Clean-7,dsoh_refit,42,B0006,403,68.08750743669,73.41205978393555,73.41205978393555
TD-Clean-7,dsoh_refit,42,B0006,407,68.33159705981836,73.33199882507324,73.33199882507324
TD-Clean-7,dsoh_refit,42,B0006,411,68.09140360412486,73.21432685852051,73.21432685852051
TD-Clean-7,dsoh_refit,42,B0006,415,67.81869443003508,73.12560844421387,73.12560844421387
TD-Clean-7,dsoh_refit,42,B0006,419,67.5730638436144,73.09932136535645,73.09932136535645
TD-Clean-7,dsoh_refit,42,B0006,423,67.31503513349786,73.05501174926758,73.05501174926758
TD-Clean-7,dsoh_refit,42,B0006,427,67.07575548417674,72.91999816894531,72.91999816894531
TD-Clean-7,dsoh_refit,42,B0006,431,68.60691404106846,72.64377021789551,72.64377021789551
TD-Clean-7,dsoh_refit,42,B0006,433,69.64711039275872,72.46909141540527,72.46909141540527
TD-Clean-7,dsoh_refit,42,B0006,437,68.33719964359061,72.28126525878906,72.28126525878906
TD-Clean-7,dsoh_refit,42,B0006,441,67.81907707369999,72.17676544189453,72.17676544189453
TD-Clean-7,dsoh_refit,42,B0006,445,67.27630029953899,72.16654586791992,72.16654586791992
TD-Clean-7,dsoh_refit,42,B0006,449,67.03731096833596,72.15422821044922,72.15422821044922
TD-Clean-7,dsoh_refit,42,B0006,453,66.78534122129697,72.18534278869629,72.15422821044922
TD-Clean-7,dsoh_refit,42,B0006,457,66.26973868287087,72.19589424133301,72.15422821044922
TD-Clean-7,dsoh_refit,42,B0006,461,65.98363462621751,72.25980758666992,72.15422821044922
TD-Clean-7,dsoh_refit,42,B0006,465,65.72069252661954,72.21517372131348,72.15422821044922
TD-Clean-7,dsoh_refit,42,B0006,469,65.50500064349335,72.2930679321289,72.15422821044922
TD-Clean-7,dsoh_refit,42,B0006,473,65.48747074550045,72.41034126281738,72.15422821044922
TD-Clean-7,dsoh_refit,42,B0006,477,65.2110653386093,72.53971672058105,72.15422821044922
TD-Clean-7,dsoh_refit,42,B0006,481,65.47148558720653,72.70114707946777,72.15422821044922
TD-Clean-7,dsoh_refit,42,B0006,483,66.78647932759047,72.69736099243164,72.15422821044922
TD-Clean-7,dsoh_refit,42,B0006,485,65.72477818237311,72.53629302978516,72.15422821044922
TD-Clean-7,dsoh_refit,42,B0006,489,64.93697426302657,72.54203796386719,72.15422821044922
TD-Clean-7,dsoh_refit,42,B0006,493,64.69397950587184,72.61567878723145,72.15422821044922
TD-Clean-7,dsoh_refit,42,B0006,497,64.45556804271465,72.66287803649902,72.15422821044922
TD-Clean-7,dsoh_refit,42,B0006,501,64.44711910522597,72.63920783996582,72.15422821044922
TD-Clean-7,dsoh_refit,42,B0006,505,63.9153253541329,72.57457160949707,72.15422821044922
TD-Clean-7,dsoh_refit,42,B0006,509,63.40709756117343,72.53813362121582,72.15422821044922
TD-Clean-7,dsoh_refit,42,B0006,513,63.40485519747241,72.71201515197754,72.15422821044922
TD-Clean-7,dsoh_refit,42,B0006,517,63.14854807557744,72.87725448608398,72.15422821044922
TD-Clean-7,dsoh_refit,42,B0006,521,63.15304028594434,72.92441749572754,72.15422821044922
TD-Clean-7,dsoh_refit,42,B0006,525,62.63936845251047,72.87813568115234,72.15422821044922
TD-Clean-7,dsoh_refit,42,B0006,529,62.36048327920517,73.04192352294922,72.15422821044922
TD-Clean-7,dsoh_refit,42,B0006,533,62.11872624491582,73.30209159851074,72.15422821044922
TD-Clean-7,dsoh_refit,42,B0006,537,62.11731201074328,73.5804615020752,72.15422821044922
TD-Clean-7,dsoh_refit,42,B0006,541,61.86235410492132,73.61100387573242,72.15422821044922
TD-Clean-7,dsoh_refit,42,B0006,545,62.12742822257309,73.75469970703125,72.15422821044922
TD-Clean-7,dsoh_refit,42,B0006,548,63.93010610326108,74.04119873046875,72.15422821044922
TD-Clean-7,dsoh_refit,42,B0006,552,62.62827859533666,74.1482105255127,72.15422821044922
TD-Clean-7,dsoh_refit,42,B0006,556,61.85683618405182,74.26370811462402,72.15422821044922
TD-Clean-7,dsoh_refit,42,B0006,560,61.07092794836815,74.34112739562988,72.15422821044922
TD-Clean-7,dsoh_refit,42,B0006,564,60.82277612678393,74.52674674987793,72.15422821044922
TD-Clean-7,dsoh_refit,42,B0006,568,60.55640953242813,74.75998497009277,72.15422821044922
TD-Clean-7,dsoh_refit,42,B0006,572,60.02917505279337,74.9437026977539,72.15422821044922
TD-Clean-7,dsoh_refit,42,B0006,576,59.75722270334661,75.19278335571289,72.15422821044922
TD-Clean-7,dsoh_refit,42,B0006,580,59.52315601830062,75.53145599365234,72.15422821044922
TD-Clean-7,dsoh_refit,42,B0006,584,59.01246912863032,75.7383975982666,72.15422821044922
TD-Clean-7,dsoh_refit,42,B0006,588,58.74426171153606,75.9605884552002,72.15422821044922
TD-Clean-7,dsoh_refit,42,B0006,592,58.47122551716232,76.2175521850586,72.15422821044922
TD-Clean-7,dsoh_refit,42,B0006,596,58.2196597592319,76.45781898498535,72.15422821044922
TD-Clean-7,dsoh_refit,42,B0006,600,57.18983519098029,76.66744232177734,72.15422821044922
TD-Clean-7,dsoh_refit,42,B0006,604,57.71437056534329,76.8989028930664,72.15422821044922
TD-Clean-7,dsoh_refit,42,B0006,608,57.43663099473362,77.17875862121582,72.15422821044922
TD-Clean-7,dsoh_refit,42,B0006,612,58.23847489632371,77.3110237121582,72.15422821044922
TD-Clean-7,dsoh_refit,42,B0006,614,58.76884540363096,77.58695602416992,72.15422821044922
TD-Clean-7,dsoh_refit,42,B0007,2,100.45351791563915,100.0,100.0
TD-Clean-7,dsoh_refit,42,B0007,4,99.900254379013,100.01112623512745,100.0
TD-Clean-7,dsoh_refit,42,B0007,6,99.90161660017114,99.98507784307003,99.98507784307003
TD-Clean-7,dsoh_refit,42,B0007,8,99.9073657865712,99.87585974484682,99.87585974484682
TD-Clean-7,dsoh_refit,42,B0007,10,99.83724531860553,99.80026391148567,99.80026391148567
TD-Clean-7,dsoh_refit,42,B0007,12,99.90361817867274,99.89177505671978,99.80026391148567
TD-Clean-7,dsoh_refit,42,B0007,14,99.86297576917136,100.01986476778984,99.80026391148567
TD-Clean-7,dsoh_refit,42,B0007,16,99.94656396119812,99.76052731275558,99.76052731275558
TD-Clean-7,dsoh_refit,42,B0007,18,99.31878532934633,99.46078562736511,99.46078562736511
TD-Clean-7,dsoh_refit,42,B0007,20,99.33799331164263,99.14541453123093,99.14541453123093
TD-Clean-7,dsoh_refit,42,B0007,22,99.33756087304828,98.79291319847107,98.79291319847107
TD-Clean-7,dsoh_refit,42,B0007,25,98.78551523188162,98.47091817855835,98.47091817855835
TD-Clean-7,dsoh_refit,42,B0007,27,98.75485184986668,97.96632623672485,97.96632623672485
TD-Clean-7,dsoh_refit,42,B0007,29,98.75133536665352,97.83736181259155,97.83736181259155
TD-Clean-7,dsoh_refit,42,B0007,31,98.77012942519043,97.29883527755737,97.29883527755737
TD-Clean-7,dsoh_refit,42,B0007,33,98.73683812511632,96.84955883026123,96.84955883026123
TD-Clean-7,dsoh_refit,42,B0007,35,98.15685575226132,96.35894823074341,96.35894823074341
TD-Clean-7,dsoh_refit,42,B0007,37,98.19446503474695,95.86272478103638,95.86272478103638
TD-Clean-7,dsoh_refit,42,B0007,39,98.186691403046,95.48944282531738,95.48944282531738
TD-Clean-7,dsoh_refit,42,B0007,42,99.90787801510066,95.88471746444702,95.48944282531738
TD-Clean-7,dsoh_refit,42,B0007,46,99.94461695603135,96.060795545578,95.48944282531738
TD-Clean-7,dsoh_refit,42,B0007,50,99.92460497901308,96.08408427238464,95.48944282531738
TD-Clean-7,dsoh_refit,42,B0007,54,99.38880751306714,96.02166652679443,95.48944282531738
TD-Clean-7,dsoh_refit,42,B0007,58,99.34580918956073,96.28985166549683,95.48944282531738
TD-Clean-7,dsoh_refit,42,B0007,62,99.37088315432128,96.25153732299805,95.48944282531738
TD-Clean-7,dsoh_refit,42,B0007,66,98.78342046080256,96.21479439735413,95.48944282531738
TD-Clean-7,dsoh_refit,42,B0007,70,98.8058078187501,96.41036868095398,95.48944282531738
TD-Clean-7,dsoh_refit,42,B0007,74,98.75966747373796,96.59661793708801,95.48944282531738
TD-Clean-7,dsoh_refit,42,B0007,78,98.1739885027512,96.63545393943787,95.48944282531738
TD-Clean-7,dsoh_refit,42,B0007,82,98.23039625446908,96.86878418922424,95.48944282531738
TD-Clean-7,dsoh_refit,42,B0007,90,98.95386520139344,96.65453672409058,95.48944282531738
TD-Clean-7,dsoh_refit,42,B0007,94,98.38356039411237,96.35217571258545,95.48944282531738
TD-Clean-7,dsoh_refit,42,B0007,98,98.11080955264678,96.1140067577362,95.48944282531738
TD-Clean-7,dsoh_refit,42,B0007,102,97.57312273601715,95.80145311355591,95.48944282531738
TD-Clean-7,dsoh_refit,42,B0007,106,97.5908400366413,95.68788576126099,95.48944282531738
TD-Clean-7,dsoh_refit,42,B0007,110,97.29922460125108,95.43620204925537,95.43620204925537
TD-Clean-7,dsoh_refit,42,B0007,114,96.74012336609094,95.11078786849976,95.11078786849976
TD-Clean-7,dsoh_refit,42,B0007,118,96.49359124138364,94.92157459259033,94.92157459259033
TD-Clean-7,dsoh_refit,42,B0007,122,96.22137391342224,94.81564283370972,94.81564283370972
TD-Clean-7,dsoh_refit,42,B0007,126,96.233276781278,94.68568086624146,94.68568086624146
TD-Clean-7,dsoh_refit,42,B0007,130,95.93841918044076,94.46795272827148,94.46795272827148
TD-Clean-7,dsoh_refit,42,B0007,134,96.31819241353496,94.15909242630005,94.15909242630005
TD-Clean-7,dsoh_refit,42,B0007,136,95.94953719543624,93.96571493148804,93.96571493148804
TD-Clean-7,dsoh_refit,42,B0007,140,95.3953227427902,93.76642608642578,93.76642608642578
TD-Clean-7,dsoh_refit,42,B0007,144,94.86699939598208,93.53605031967163,93.53605031967163
TD-Clean-7,dsoh_refit,42,B0007,148,94.57173479963342,93.40205144882202,93.40205144882202
TD-Clean-7,dsoh_refit,42,B0007,150,96.41760769059738,93.89994716644287,93.40205144882202
TD-Clean-7,dsoh_refit,42,B0007,154,96.45090493439226,93.42875003814697,93.40205144882202
TD-Clean-7,dsoh_refit,42,B0007,158,95.6297003383392,93.05604410171509,93.05604410171509
TD-Clean-7,dsoh_refit,42,B0007,162,95.10935396520227,92.64534759521484,92.64534759521484
TD-Clean-7,dsoh_refit,42,B0007,166,94.57259385530976,92.39536476135254,92.39536476135254
TD-Clean-7,dsoh_refit,42,B0007,170,94.30623404626093,92.14789247512817,92.14789247512817
TD-Clean-7,dsoh_refit,42,B0007,174,94.0371367595855,91.9486837387085,91.9486837387085
TD-Clean-7,dsoh_refit,42,B0007,178,93.49626919937222,91.69885730743408,91.69885730743408
TD-Clean-7,dsoh_refit,42,B0007,182,92.9420388383138,91.4834213256836,91.4834213256836
TD-Clean-7,dsoh_refit,42,B0007,186,92.94217065781828,91.27377319335938,91.27377319335938
TD-Clean-7,dsoh_refit,42,B0007,190,92.69668329388116,91.13693428039551,91.13693428039551
TD-Clean-7,dsoh_refit,42,B0007,194,92.41073633514534,90.9226427078247,90.9226427078247
TD-Clean-7,dsoh_refit,42,B0007,198,91.82208130681248,90.69705104827881,90.69705104827881
TD-Clean-7,dsoh_refit,42,B0007,202,91.5743327473832,90.38188743591309,90.38188743591309
TD-Clean-7,dsoh_refit,42,B0007,206,91.04730118386937,90.0836534500122,90.0836534500122
TD-Clean-7,dsoh_refit,42,B0007,210,91.04684020750553,89.95439910888672,89.95439910888672
TD-Clean-7,dsoh_refit,42,B0007,214,90.49873919973382,89.64544868469238,89.64544868469238
TD-Clean-7,dsoh_refit,42,B0007,216,90.51794914609178,89.38503360748291,89.38503360748291
TD-Clean-7,dsoh_refit,42,B0007,220,89.96325858213598,89.09998035430908,89.09998035430908
TD-Clean-7,dsoh_refit,42,B0007,224,89.64911074691454,88.86897850036621,88.86897850036621
TD-Clean-7,dsoh_refit,42,B0007,228,89.4056438247883,88.64364910125732,88.64364910125732
TD-Clean-7,dsoh_refit,42,B0007,232,89.13221056506995,88.42312049865723,88.42312049865723
TD-Clean-7,dsoh_refit,42,B0007,236,88.88142970948275,88.1188440322876,88.1188440322876
TD-Clean-7,dsoh_refit,42,B0007,240,88.57496163215028,87.8980827331543,87.8980827331543
TD-Clean-7,dsoh_refit,42,B0007,244,88.30030467403411,87.67953777313232,87.67953777313232
TD-Clean-7,dsoh_refit,42,B0007,248,88.04309784572763,87.46230888366699,87.46230888366699
TD-Clean-7,dsoh_refit,42,B0007,252,87.7835715053401,87.25611686706543,87.25611686706543
TD-Clean-7,dsoh_refit,42,B0007,256,87.5009058762453,87.03719997406006,87.03719997406006
TD-Clean-7,dsoh_refit,42,B0007,260,86.92700430940862,86.79698848724365,86.79698848724365
TD-Clean-7,dsoh_refit,42,B0007,264,86.91859800690037,86.59836483001709,86.59836483001709
TD-Clean-7,dsoh_refit,42,B0007,266,87.17696241036246,86.40978050231934,86.40978050231934
TD-Clean-7,dsoh_refit,42,B0007,270,86.66971006432802,86.1471996307373,86.1471996307373
TD-Clean-7,dsoh_refit,42,B0007,274,86.11955257111292,86.0109395980835,86.0109395980835
TD-Clean-7,dsoh_refit,42,B0007,278,85.86532022039283,85.83543682098389,85.83543682098389
TD-Clean-7,dsoh_refit,42,B0007,282,85.83324550155743,85.72622776031494,85.72622776031494
TD-Clean-7,dsoh_refit,42,B0007,286,85.88108948972226,85.50910758972168,85.50910758972168
TD-Clean-7,dsoh_refit,42,B0007,290,85.56987844007078,85.27540874481201,85.27540874481201
TD-Clean-7,dsoh_refit,42,B0007,294,85.027771191142,84.93234157562256,84.93234157562256
TD-Clean-7,dsoh_refit,42,B0007,298,84.77582688520748,84.75712394714355,84.75712394714355
TD-Clean-7,dsoh_refit,42,B0007,302,84.79178974791847,84.65975570678711,84.65975570678711
TD-Clean-7,dsoh_refit,42,B0007,306,84.76993385106519,84.47453022003174,84.47453022003174
TD-Clean-7,dsoh_refit,42,B0007,310,84.49605927424464,84.24702548980713,84.24702548980713
TD-Clean-7,dsoh_refit,42,B0007,313,89.71090998622898,83.96510124206543,83.96510124206543
TD-Clean-7,dsoh_refit,42,B0007,316,86.37349719367897,83.85317039489746,83.85317039489746
TD-Clean-7,dsoh_refit,42,B0007,320,85.82898928627563,83.52740287780762,83.52740287780762
TD-Clean-7,dsoh_refit,42,B0007,324,85.2934976107533,83.2133846282959,83.2133846282959
TD-Clean-7,dsoh_refit,42,B0007,328,84.72574724857897,82.96441841125488,82.96441841125488
TD-Clean-7,dsoh_refit,42,B0007,332,84.48328177752624,82.70890808105469,82.70890808105469
TD-Clean-7,dsoh_refit,42,B0007,336,84.21457006738538,82.4768009185791,82.4768009185791
TD-Clean-7,dsoh_refit,42,B0007,340,83.9288888229777,82.2359504699707,82.2359504699707
TD-Clean-7,dsoh_refit,42,B0007,344,83.67629222648154,81.9609489440918,81.9609489440918
TD-Clean-7,dsoh_refit,42,B0007,348,83.38837618926404,81.72029113769531,81.72029113769531
TD-Clean-7,dsoh_refit,42,B0007,352,83.41270816038221,81.5012435913086,81.5012435913086
TD-Clean-7,dsoh_refit,42,B0007,356,83.14675201444969,81.26018714904785,81.26018714904785
TD-Clean-7,dsoh_refit,42,B0007,360,82.8484308280049,80.97220611572266,80.97220611572266
TD-Clean-7,dsoh_refit,42,B0007,364,83.13252526962864,80.7498779296875,80.7498779296875
TD-Clean-7,dsoh_refit,42,B0007,367,83.66359396289195,80.55287170410156,80.55287170410156
TD-Clean-7,dsoh_refit,42,B0007,371,83.14841165448959,80.2348804473877,80.2348804473877
TD-Clean-7,dsoh_refit,42,B0007,375,82.85488835556158,79.8935375213623,79.8935375213623
TD-Clean-7,dsoh_refit,42,B0007,379,82.33123711829187,79.55767250061035,79.55767250061035
TD-Clean-7,dsoh_refit,42,B0007,383,82.01142381939957,79.34965705871582,79.34965705871582
TD-Clean-7,dsoh_refit,42,B0007,387,82.07206587982726,79.06764793395996,79.06764793395996
TD-Clean-7,dsoh_refit,42,B0007,391,82.0495038543302,78.82585525512695,78.82585525512695
TD-Clean-7,dsoh_refit,42,B0007,395,81.5031419618624,78.52887725830078,78.52887725830078
TD-Clean-7,dsoh_refit,42,B0007,399,81.20841503507037,78.2963981628418,78.2963981628418
TD-Clean-7,dsoh_refit,42,B0007,403,81.21721340553746,77.99011039733887,77.99011039733887
TD-Clean-7,dsoh_refit,42,B0007,407,81.22601148878292,77.78715133666992,77.78715133666992
TD-Clean-7,dsoh_refit,42,B0007,411,80.95054391771832,77.49872016906738,77.49872016906738
TD-Clean-7,dsoh_refit,42,B0007,415,80.67227833994721,77.2291202545166,77.2291202545166
TD-Clean-7,dsoh_refit,42,B0007,419,80.40565013650571,76.98692512512207,76.98692512512207
TD-Clean-7,dsoh_refit,42,B0007,423,80.40335490244634,76.75978660583496,76.75978660583496
TD-Clean-7,dsoh_refit,42,B0007,427,80.42152437300291,76.49210929870605,76.49210929870605
TD-Clean-7,dsoh_refit,42,B0007,431,81.48461605871495,76.04229354858398,76.04229354858398
TD-Clean-7,dsoh_refit,42,B0007,433,81.75963969607048,75.74747276306152,75.74747276306152
TD-Clean-7,dsoh_refit,42,B0007,437,80.93560989493338,75.36822509765625,75.36822509765625
TD-Clean-7,dsoh_refit,42,B0007,441,80.40209515327608,75.03498649597168,75.03498649597168
TD-Clean-7,dsoh_refit,42,B0007,445,80.09419697809993,74.75578498840332,74.75578498840332
TD-Clean-7,dsoh_refit,42,B0007,449,79.85042691616567,74.48029327392578,74.48029327392578
TD-Clean-7,dsoh_refit,42,B0007,453,79.56495728605914,74.21575164794922,74.21575164794922
TD-Clean-7,dsoh_refit,42,B0007,457,79.30076147796538,73.9561595916748,73.9561595916748
TD-Clean-7,dsoh_refit,42,B0007,461,79.2776995197187,73.71857070922852,73.71857070922852
TD-Clean-7,dsoh_refit,42,B0007,465,79.01573008127421,73.40192794799805,73.40192794799805
TD-Clean-7,dsoh_refit,42,B0007,469,78.7529099419952,73.15403938293457,73.15403938293457
TD-Clean-7,dsoh_refit,42,B0007,473,78.76631135529045,72.95028495788574,72.95028495788574
TD-Clean-7,dsoh_refit,42,B0007,477,78.45734950325969,72.74856758117676,72.74856758117676
TD-Clean-7,dsoh_refit,42,B0007,481,78.71925319505982,72.60941123962402,72.60941123962402
TD-Clean-7,dsoh_refit,42,B0007,483,79.58166685963718,72.35448837280273,72.35448837280273
TD-Clean-7,dsoh_refit,42,B0007,485,78.72860058663869,71.97314834594727,71.97314834594727
TD-Clean-7,dsoh_refit,42,B0007,489,78.46501751785956,71.69765281677246,71.69765281677246
TD-Clean-7,dsoh_refit,42,B0007,493,78.19738333514631,71.47844123840332,71.47844123840332
TD-Clean-7,dsoh_refit,42,B0007,497,78.20645287101384,71.22695541381836,71.22695541381836
TD-Clean-7,dsoh_refit,42,B0007,501,77.92824275772597,70.93951606750488,70.93951606750488
TD-Clean-7,dsoh_refit,42,B0007,505,77.6497101362114,70.57928085327148,70.57928085327148
TD-Clean-7,dsoh_refit,42,B0007,509,77.38028422735451,70.22896575927734,70.22896575927734
TD-Clean-7,dsoh_refit,42,B0007,513,77.09660547904922,70.05585670471191,70.05585670471191
TD-Clean-7,dsoh_refit,42,B0007,517,77.11046744203753,69.8811264038086,69.8811264038086
TD-Clean-7,dsoh_refit,42,B0007,521,76.85550035450103,69.62161254882812,69.62161254882812
TD-Clean-7,dsoh_refit,42,B0007,525,76.85236240084764,69.2589225769043,69.2589225769043
TD-Clean-7,dsoh_refit,42,B0007,529,76.56671722215358,69.06232070922852,69.06232070922852
TD-Clean-7,dsoh_refit,42,B0007,533,76.29399038621672,68.93076133728027,68.93076133728027
TD-Clean-7,dsoh_refit,42,B0007,537,76.32425788720361,68.8299560546875,68.8299560546875
TD-Clean-7,dsoh_refit,42,B0007,541,76.29658741049414,68.53211975097656,68.53211975097656
TD-Clean-7,dsoh_refit,42,B0007,545,76.59209728582513,68.2988166809082,68.2988166809082
TD-Clean-7,dsoh_refit,42,B0007,548,77.93863743061358,68.18327713012695,68.18327713012695
TD-Clean-7,dsoh_refit,42,B0007,552,77.12364718084329,67.9561767578125,67.9561767578125
TD-Clean-7,dsoh_refit,42,B0007,556,76.8725967441492,67.70689392089844,67.70689392089844
TD-Clean-7,dsoh_refit,42,B0007,560,76.58854113704766,67.42138671875,67.42138671875
TD-Clean-7,dsoh_refit,42,B0007,564,76.04885672654179,67.20764541625977,67.20764541625977
TD-Clean-7,dsoh_refit,42,B0007,568,76.05828438472663,67.03583526611328,67.03583526611328
TD-Clean-7,dsoh_refit,42,B0007,572,75.76335089505734,66.8066291809082,66.8066291809082
TD-Clean-7,dsoh_refit,42,B0007,576,75.75439980355237,66.64347076416016,66.64347076416016
TD-Clean-7,dsoh_refit,42,B0007,580,75.49812548326929,66.54980087280273,66.54980087280273
TD-Clean-7,dsoh_refit,42,B0007,584,75.23591897923467,66.33983612060547,66.33983612060547
TD-Clean-7,dsoh_refit,42,B0007,588,75.24924732301496,66.13119506835938,66.13119506835938
TD-Clean-7,dsoh_refit,42,B0007,592,74.94444174506414,65.96930694580078,65.96930694580078
TD-Clean-7,dsoh_refit,42,B0007,596,74.95266425125988,65.78833770751953,65.78833770751953
TD-Clean-7,dsoh_refit,42,B0007,600,74.69643604452878,65.56452560424805,65.56452560424805
TD-Clean-7,dsoh_refit,42,B0007,604,74.7051700493532,65.37381744384766,65.37381744384766
TD-Clean-7,dsoh_refit,42,B0007,608,74.39278959915883,65.22193908691406,65.22193908691406
TD-Clean-7,dsoh_refit,42,B0007,612,75.52591562947222,64.9598388671875,64.9598388671875
TD-Clean-7,dsoh_refit,42,B0007,614,76.09264518290325,64.8453254699707,64.8453254699707
TD-Clean-7,dsoh_refit,42,B0018,3,100.8025811041783,100.0,100.0
TD-Clean-7,dsoh_refit,42,B0018,7,100.16087022619236,99.5938446521759,99.5938446521759
TD-Clean-7,dsoh_refit,42,B0018,11,99.96558598273582,99.05816751718521,99.05816751718521
TD-Clean-7,dsoh_refit,42,B0018,15,99.48041766162956,98.51250147819519,98.51250147819519
TD-Clean-7,dsoh_refit,42,B0018,18,99.59054502526398,98.19973945617676,98.19973945617676
TD-Clean-7,dsoh_refit,42,B0018,20,99.36387169185286,97.57903099060059,97.57903099060059
TD-Clean-7,dsoh_refit,42,B0018,22,98.96567828327716,96.90953993797302,96.90953993797302
TD-Clean-7,dsoh_refit,42,B0018,24,98.63793870309058,96.24589967727661,96.24589967727661
TD-Clean-7,dsoh_refit,42,B0018,27,98.04714689052696,95.58388042449951,95.58388042449951
TD-Clean-7,dsoh_refit,42,B0018,30,99.06887382997856,95.20734643936157,95.20734643936157
TD-Clean-7,dsoh_refit,42,B0018,32,98.47248926951052,94.58796262741089,94.58796262741089
TD-Clean-7,dsoh_refit,42,B0018,34,98.068534707018,93.91366577148438,93.91366577148438
TD-Clean-7,dsoh_refit,42,B0018,36,97.31606084566693,93.23586702346802,93.23586702346802
TD-Clean-7,dsoh_refit,42,B0018,39,96.91537145663308,92.58638763427734,92.58638763427734
TD-Clean-7,dsoh_refit,42,B0018,42,96.77777434993364,92.24597692489624,92.24597692489624
TD-Clean-7,dsoh_refit,42,B0018,44,96.24906078283864,91.69173622131348,91.69173622131348
TD-Clean-7,dsoh_refit,42,B0018,46,96.10893521170082,91.0547103881836,91.0547103881836
TD-Clean-7,dsoh_refit,42,B0018,48,95.29382636269746,90.37751007080078,90.37751007080078
TD-Clean-7,dsoh_refit,42,B0018,51,94.89112029628322,89.72486209869385,89.72486209869385
TD-Clean-7,dsoh_refit,42,B0018,54,94.42623362260446,89.22553253173828,89.22553253173828
TD-Clean-7,dsoh_refit,42,B0018,56,94.09214261326034,88.64871025085449,88.64871025085449
TD-Clean-7,dsoh_refit,42,B0018,58,92.84655809058668,88.03716278076172,88.03716278076172
TD-Clean-7,dsoh_refit,42,B0018,60,93.00278636580364,87.46694946289062,87.46694946289062
TD-Clean-7,dsoh_refit,42,B0018,63,92.78717154289568,86.89808464050293,86.89808464050293
TD-Clean-7,dsoh_refit,42,B0018,66,95.05514633441328,86.59041023254395,86.59041023254395
TD-Clean-7,dsoh_refit,42,B0018,68,94.16023397654948,86.0376205444336,86.0376205444336
TD-Clean-7,dsoh_refit,42,B0018,70,93.58756901230694,85.44471454620361,85.44471454620361
TD-Clean-7,dsoh_refit,42,B0018,72,93.02323711734508,84.82052803039551,84.82052803039551
TD-Clean-7,dsoh_refit,42,B0018,75,92.33971230163448,84.19078826904297,84.19078826904297
TD-Clean-7,dsoh_refit,42,B0018,78,92.05544475967478,83.7951602935791,83.7951602935791
TD-Clean-7,dsoh_refit,42,B0018,80,91.39607597710202,83.22575378417969,83.22575378417969
TD-Clean-7,dsoh_refit,42,B0018,82,91.12841202900309,82.67232513427734,82.67232513427734
TD-Clean-7,dsoh_refit,42,B0018,84,90.50598444143154,82.10475730895996,82.10475730895996
TD-Clean-7,dsoh_refit,42,B0018,87,90.05329919062662,81.49304008483887,81.49304008483887
TD-Clean-7,dsoh_refit,42,B0018,90,89.56595375021743,81.05950546264648,81.05950546264648
TD-Clean-7,dsoh_refit,42,B0018,92,89.05221474379236,80.50905418395996,80.50905418395996
TD-Clean-7,dsoh_refit,42,B0018,94,88.4478648526792,79.97038841247559,79.97038841247559
TD-Clean-7,dsoh_refit,42,B0018,96,88.14926233550939,79.49148750305176,79.49148750305176
TD-Clean-7,dsoh_refit,42,B0018,99,87.70654438914323,78.94001197814941,78.94001197814941
TD-Clean-7,dsoh_refit,42,B0018,102,91.07812245566797,78.64299774169922,78.64299774169922
TD-Clean-7,dsoh_refit,42,B0018,104,89.62445100410937,78.06574440002441,78.06574440002441
TD-Clean-7,dsoh_refit,42,B0018,106,88.70513095013024,77.50239753723145,77.50239753723145
TD-Clean-7,dsoh_refit,42,B0018,108,87.83746900859978,76.96164131164551,76.96164131164551
TD-Clean-7,dsoh_refit,42,B0018,111,87.53788044222665,76.43133735656738,76.43133735656738
TD-Clean-7,dsoh_refit,42,B0018,114,86.69891328476463,76.08706855773926,76.08706855773926
TD-Clean-7,dsoh_refit,42,B0018,119,93.27978546012802,75.44487380981445,75.44487380981445
TD-Clean-7,dsoh_refit,42,B0018,121,92.1525471966999,74.82174301147461,74.82174301147461
TD-Clean-7,dsoh_refit,42,B0018,123,91.17195305362098,74.21073532104492,74.21073532104492
TD-Clean-7,dsoh_refit,42,B0018,125,90.2416573040256,73.61606025695801,73.61606025695801
TD-Clean-7,dsoh_refit,42,B0018,128,90.55423897233052,73.27017211914062,73.27017211914062
TD-Clean-7,dsoh_refit,42,B0018,130,89.49039068452917,72.6565055847168,72.6565055847168
TD-Clean-7,dsoh_refit,42,B0018,132,88.3454487099843,71.98715591430664,71.98715591430664
TD-Clean-7,dsoh_refit,42,B0018,134,87.60607299731777,71.35460662841797,71.35460662841797
TD-Clean-7,dsoh_refit,42,B0018,136,87.25714700042141,70.79412651062012,70.79412651062012
TD-Clean-7,dsoh_refit,42,B0018,143,89.1426764135498,70.18625068664551,70.18625068664551
TD-Clean-7,dsoh_refit,42,B0018,145,87.66626044455795,69.58615493774414,69.58615493774414
TD-Clean-7,dsoh_refit,42,B0018,147,86.51592379470374,69.01139259338379,69.01139259338379
TD-Clean-7,dsoh_refit,42,B0018,150,86.21730704320841,68.43246841430664,68.43246841430664
TD-Clean-7,dsoh_refit,42,B0018,153,85.8627581657356,68.06235313415527,68.06235313415527
TD-Clean-7,dsoh_refit,42,B0018,155,84.99855590440428,67.53176498413086,67.53176498413086
TD-Clean-7,dsoh_refit,42,B0018,157,84.53366840480606,66.99059295654297,66.99059295654297
TD-Clean-7,dsoh_refit,42,B0018,159,83.69607194854545,66.4669075012207,66.4669075012207
TD-Clean-7,dsoh_refit,42,B0018,162,83.25899594193369,65.93986511230469,65.93986511230469
TD-Clean-7,dsoh_refit,42,B0018,165,83.22975722050174,65.61339569091797,65.61339569091797
TD-Clean-7,dsoh_refit,42,B0018,167,82.72092847997168,65.10799026489258,65.10799026489258
TD-Clean-7,dsoh_refit,42,B0018,169,81.86598978006339,64.63928985595703,64.63928985595703
TD-Clean-7,dsoh_refit,42,B0018,171,81.58859278240016,64.15546798706055,64.15546798706055
TD-Clean-7,dsoh_refit,42,B0018,174,81.31316363799587,63.69033432006836,63.69033432006836
TD-Clean-7,dsoh_refit,42,B0018,177,83.32773163808899,63.45641326904297,63.45641326904297
TD-Clean-7,dsoh_refit,42,B0018,179,82.80709531820148,62.96664047241211,62.96664047241211
TD-Clean-7,dsoh_refit,42,B0018,181,81.57610219236552,62.48945617675781,62.48945617675781
TD-Clean-7,dsoh_refit,42,B0018,183,81.09929204028072,62.00138473510742,62.00138473510742
TD-Clean-7,dsoh_refit,42,B0018,185,80.60512587063184,61.49519348144531,61.49519348144531
TD-Clean-7,dsoh_refit,42,B0018,188,80.4645909654616,61.23640060424805,61.23640060424805
TD-Clean-7,dsoh_refit,42,B0018,190,80.07171192098461,60.80604553222656,60.80604553222656
TD-Clean-7,dsoh_refit,42,B0018,192,79.77346222448996,60.37248229980469,60.37248229980469
TD-Clean-7,dsoh_refit,42,B0018,194,79.23402412051846,59.91566848754883,59.91566848754883
TD-Clean-7,dsoh_refit,42,B0018,197,78.6783203089025,59.4734001159668,59.4734001159668
TD-Clean-7,dsoh_refit,42,B0018,200,78.94539372549075,59.22606658935547,59.22606658935547
TD-Clean-7,dsoh_refit,42,B0018,202,78.38865828037459,58.811622619628906,58.811622619628906
TD-Clean-7,dsoh_refit,42,B0018,204,78.21127069246836,58.42406463623047,58.42406463623047
TD-Clean-7,dsoh_refit,42,B0018,206,77.6339684068403,58.01051712036133,58.01051712036133
TD-Clean-7,dsoh_refit,42,B0018,209,77.43046760934243,57.56937026977539,57.56937026977539
TD-Clean-7,dsoh_refit,42,B0018,212,79.8708545166814,57.38215637207031,57.38215637207031
TD-Clean-7,dsoh_refit,42,B0018,214,78.93458463676515,56.94704055786133,56.94704055786133
TD-Clean-7,dsoh_refit,42,B0018,216,78.40488242765085,56.49085998535156,56.49085998535156
TD-Clean-7,dsoh_refit,42,B0018,218,77.61921434771055,56.0802001953125,56.0802001953125
TD-Clean-7,dsoh_refit,42,B0018,220,76.9170609064971,55.650848388671875,55.650848388671875
TD-Clean-7,dsoh_refit,42,B0018,223,79.04297866359087,55.526248931884766,55.526248931884766
TD-Clean-7,dsoh_refit,42,B0018,225,77.61605692618127,55.12744140625,55.12744140625
TD-Clean-7,dsoh_refit,42,B0018,227,77.14789574863566,54.709651947021484,54.709651947021484
TD-Clean-7,dsoh_refit,42,B0018,229,76.92281444261894,54.30025100708008,54.30025100708008
TD-Clean-7,dsoh_refit,42,B0018,232,76.3858924270674,53.880340576171875,53.880340576171875
TD-Clean-7,dsoh_refit,42,B0018,235,76.53620320177981,53.67585754394531,53.67585754394531
TD-Clean-7,dsoh_refit,42,B0018,237,75.9063201738239,53.300514221191406,53.300514221191406
TD-Clean-7,dsoh_refit,42,B0018,239,75.72766142150313,52.92510223388672,52.92510223388672
TD-Clean-7,dsoh_refit,42,B0018,241,75.49928800503805,52.53496551513672,52.53496551513672
TD-Clean-7,dsoh_refit,42,B0018,244,74.9124451895705,52.160335540771484,52.160335540771484
TD-Clean-7,dsoh_refit,42,B0018,247,75.25674730493446,51.95746994018555,51.95746994018555
TD-Clean-7,dsoh_refit,42,B0018,249,74.46467849076038,51.61029052734375,51.61029052734375
TD-Clean-7,dsoh_refit,42,B0018,251,74.62885626516028,51.25116729736328,51.25116729736328
TD-Clean-7,dsoh_refit,42,B0018,253,74.33553994642665,50.899871826171875,50.899871826171875
TD-Clean-7,dsoh_refit,42,B0018,256,73.72504079935909,50.510318756103516,50.510318756103516
TD-Clean-7,dsoh_refit,42,B0018,259,79.36110924975578,50.37789535522461,50.37789535522461
TD-Clean-7,dsoh_refit,42,B0018,261,78.799706688891,50.0008430480957,50.0008430480957
TD-Clean-7,dsoh_refit,42,B0018,263,78.14983302548104,49.548439025878906,49.548439025878906
TD-Clean-7,dsoh_refit,42,B0018,265,77.61878718971624,49.07380676269531,49.07380676269531
TD-Clean-7,dsoh_refit,42,B0018,267,76.88079746021991,48.609310150146484,48.609310150146484
TD-Clean-7,dsoh_refit,42,B0018,270,76.8319836786595,48.38494873046875,48.38494873046875
TD-Clean-7,dsoh_refit,42,B0018,272,76.01926160635412,47.98551559448242,47.98551559448242
TD-Clean-7,dsoh_refit,42,B0018,274,75.82358510102308,47.602535247802734,47.602535247802734
TD-Clean-7,dsoh_refit,42,B0018,276,75.53633219814198,47.19342803955078,47.19342803955078
TD-Clean-7,dsoh_refit,42,B0018,279,75.31793705780649,46.72227096557617,46.72227096557617
TD-Clean-7,dsoh_refit,42,B0018,282,75.43684114368729,46.534156799316406,46.534156799316406
TD-Clean-7,dsoh_refit,42,B0018,284,74.7829788363973,46.15764617919922,46.15764617919922
TD-Clean-7,dsoh_refit,42,B0018,286,74.15991898288928,45.808170318603516,45.808170318603516
TD-Clean-7,dsoh_refit,42,B0018,288,73.84846878839457,45.4483528137207,45.4483528137207
TD-Clean-7,dsoh_refit,42,B0018,291,73.15537271331122,45.06227111816406,45.06227111816406
TD-Clean-7,dsoh_refit,42,B0018,294,77.53589472577204,44.944244384765625,44.944244384765625
TD-Clean-7,dsoh_refit,42,B0018,296,76.42763235972666,44.568199157714844,44.568199157714844
TD-Clean-7,dsoh_refit,42,B0018,298,75.72351586777258,44.16810607910156,44.16810607910156
TD-Clean-7,dsoh_refit,42,B0018,300,75.4386936803776,43.72652816772461,43.72652816772461
TD-Clean-7,dsoh_refit,42,B0018,302,74.45721490205536,43.31428527832031,43.31428527832031
TD-Clean-7,dsoh_refit,42,B0018,305,74.97385174402893,43.128841400146484,43.128841400146484
TD-Clean-7,dsoh_refit,42,B0018,307,74.3741167471391,42.78443145751953,42.78443145751953
TD-Clean-7,dsoh_refit,42,B0018,309,74.05233968989694,42.422210693359375,42.422210693359375
TD-Clean-7,dsoh_refit,42,B0018,311,74.08863589293038,42.01994323730469,42.01994323730469
TD-Clean-7,dsoh_refit,42,B0018,314,73.46151441244959,41.58885192871094,41.58885192871094
TD-Clean-7,dsoh_refit,42,B0018,317,73.62086195282473,41.39427947998047,41.39427947998047
TD-Clean-7,dsoh_refit,42,B0018,319,72.87391760769836,40.981910705566406,40.981910705566406
TD-Clean-7,dsoh_refit,7,B0005,2,100.80760884947765,100.0,100.0
TD-Clean-7,dsoh_refit,7,B0005,4,100.25590968770103,99.88914043456316,99.88914043456316
TD-Clean-7,dsoh_refit,7,B0005,6,99.65979925247206,99.73777639865875,99.73777639865875
TD-Clean-7,dsoh_refit,7,B0005,8,99.65509323788856,99.59021896123886,99.59021896123886
TD-Clean-7,dsoh_refit,7,B0005,10,99.6215889724607,99.42432010173798,99.42432010173798
TD-Clean-7,dsoh_refit,7,B0005,12,99.67676620535396,99.31868922710419,99.31868922710419
TD-Clean-7,dsoh_refit,7,B0005,14,99.64877352944652,99.19975256919861,99.19975256919861
TD-Clean-7,dsoh_refit,7,B0005,16,99.13892996732449,98.95328533649445,98.95328533649445
TD-Clean-7,dsoh_refit,7,B0005,18,99.08555627584838,98.69615960121155,98.69615960121155
TD-Clean-7,dsoh_refit,7,B0005,20,99.0768365083485,98.52914118766785,98.52914118766785
TD-Clean-7,dsoh_refit,7,B0005,22,99.07717774099622,98.26282620429993,98.26282620429993
TD-Clean-7,dsoh_refit,7,B0005,25,98.5114992237362,97.95708465576172,97.95708465576172
TD-Clean-7,dsoh_refit,7,B0005,27,98.4870761948254,97.6392412185669,97.6392412185669
TD-Clean-7,dsoh_refit,7,B0005,29,98.47015265835132,97.40977621078491,97.40977621078491
TD-Clean-7,dsoh_refit,7,B0005,31,97.88140357167902,97.13632941246033,97.13632941246033
TD-Clean-7,dsoh_refit,7,B0005,33,97.85473656745688,96.79376697540283,96.79376697540283
TD-Clean-7,dsoh_refit,7,B0005,35,97.88039886599036,96.55239748954773,96.55239748954773
TD-Clean-7,dsoh_refit,7,B0005,37,97.9069415267384,96.31372404098511,96.31372404098511
TD-Clean-7,dsoh_refit,7,B0005,39,97.89115702988882,96.0856659412384,96.0856659412384
TD-Clean-7,dsoh_refit,7,B0005,42,100.29385168145046,96.21779155731201,96.0856659412384
TD-Clean-7,dsoh_refit,7,B0005,46,100.31510023136114,96.3764374256134,96.0856659412384
TD-Clean-7,dsoh_refit,7,B0005,50,99.70477213786135,96.40365028381348,96.0856659412384
TD-Clean-7,dsoh_refit,7,B0005,54,99.1402308374376,96.43557643890381,96.0856659412384
TD-Clean-7,dsoh_refit,7,B0005,58,99.10400696359169,96.47759866714478,96.0856659412384
TD-Clean-7,dsoh_refit,7,B0005,62,99.12941188644592,96.5460684299469,96.0856659412384
TD-Clean-7,dsoh_refit,7,B0005,66,98.50222430381568,96.51378011703491,96.0856659412384
TD-Clean-7,dsoh_refit,7,B0005,70,98.5423014565286,96.60395789146423,96.0856659412384
TD-Clean-7,dsoh_refit,7,B0005,74,98.49887187571204,96.71221590042114,96.0856659412384
TD-Clean-7,dsoh_refit,7,B0005,78,97.89050762402466,96.78145742416382,96.0856659412384
TD-Clean-7,dsoh_refit,7,B0005,82,97.96171552529285,96.88274765014648,96.0856659412384
TD-Clean-7,dsoh_refit,7,B0005,90,99.4075559707276,96.60699939727783,96.0856659412384
TD-Clean-7,dsoh_refit,7,B0005,94,98.82112827769676,96.27667570114136,96.0856659412384
TD-Clean-7,dsoh_refit,7,B0005,98,98.2457556393358,96.02142095565796,96.02142095565796
TD-Clean-7,dsoh_refit,7,B0005,102,97.99065016377766,95.68972206115723,95.68972206115723
TD-Clean-7,dsoh_refit,7,B0005,106,97.7065060215613,95.55248022079468,95.55248022079468
TD-Clean-7,dsoh_refit,7,B0005,110,97.11279694879056,95.29170846939087,95.29170846939087
TD-Clean-7,dsoh_refit,7,B0005,114,96.81304988059888,94.98431825637817,94.98431825637817
TD-Clean-7,dsoh_refit,7,B0005,118,96.27605729788222,94.8077392578125,94.8077392578125
TD-Clean-7,dsoh_refit,7,B0005,122,96.2762766313732,94.71888065338135,94.71888065338135
TD-Clean-7,dsoh_refit,7,B0005,126,95.99578118843372,94.58114719390869,94.58114719390869
TD-Clean-7,dsoh_refit,7,B0005,130,95.69403287907456,94.25806140899658,94.25806140899658
TD-Clean-7,dsoh_refit,7,B0005,134,95.98194451474556,93.93261241912842,93.93261241912842
TD-Clean-7,dsoh_refit,7,B0005,136,95.71321655496544,93.77843618392944,93.77843618392944
TD-Clean-7,dsoh_refit,7,B0005,140,95.11928805425076,93.62032890319824,93.62032890319824
TD-Clean-7,dsoh_refit,7,B0005,144,94.58275432725988,93.4192419052124,93.4192419052124
TD-Clean-7,dsoh_refit,7,B0005,148,94.27008009570102,93.33913230895996,93.33913230895996
TD-Clean-7,dsoh_refit,7,B0005,150,97.39411432859931,93.65341281890869,93.33913230895996
TD-Clean-7,dsoh_refit,7,B0005,154,96.82749231246368,93.21138048171997,93.21138048171997
TD-Clean-7,dsoh_refit,7,B0005,158,95.96820195991576,92.82786655426025,92.82786655426025
TD-Clean-7,dsoh_refit,7,B0005,162,95.40638930769452,92.362633228302,92.362633228302
TD-Clean-7,dsoh_refit,7,B0005,166,94.8553962680492,92.13095474243164,92.13095474243164
TD-Clean-7,dsoh_refit,7,B0005,170,94.5755674779542,91.85283470153809,91.85283470153809
TD-Clean-7,dsoh_refit,7,B0005,174,94.28806184403476,91.58956813812256,91.58956813812256
TD-Clean-7,dsoh_refit,7,B0005,178,93.73958753620327,91.35863971710205,91.35863971710205
TD-Clean-7,dsoh_refit,7,B0005,182,93.16861105469168,91.18235111236572,91.18235111236572
TD-Clean-7,dsoh_refit,7,B0005,186,92.88227598613614,91.02230930328369,91.02230930328369
TD-Clean-7,dsoh_refit,7,B0005,190,92.636901518198,90.84341812133789,90.84341812133789
TD-Clean-7,dsoh_refit,7,B0005,194,92.32720191735562,90.6774673461914,90.6774673461914
TD-Clean-7,dsoh_refit,7,B0005,198,92.01599848919145,90.51585960388184,90.51585960388184
TD-Clean-7,dsoh_refit,7,B0005,202,91.49053823956656,90.1484432220459,90.1484432220459
TD-Clean-7,dsoh_refit,7,B0005,206,90.92425521866993,89.84377384185791,89.84377384185791
TD-Clean-7,dsoh_refit,7,B0005,210,90.92941856192826,89.68656921386719,89.68656921386719
TD-Clean-7,dsoh_refit,7,B0005,214,90.34010561326173,89.42687892913818,89.42687892913818
TD-Clean-7,dsoh_refit,7,B0005,216,90.0847586044663,89.23874473571777,89.23874473571777
TD-Clean-7,dsoh_refit,7,B0005,220,89.80457989439137,89.0101957321167,89.0101957321167
TD-Clean-7,dsoh_refit,7,B0005,224,89.19640288815545,88.78763771057129,88.78763771057129
TD-Clean-7,dsoh_refit,7,B0005,228,88.93598251136243,88.56944465637207,88.56944465637207
TD-Clean-7,dsoh_refit,7,B0005,232,88.65781340235759,88.35209274291992,88.35209274291992
TD-Clean-7,dsoh_refit,7,B0005,236,88.38728178562198,88.04541778564453,88.04541778564453
TD-Clean-7,dsoh_refit,7,B0005,240,88.08171260170519,87.8895092010498,87.8895092010498
TD-Clean-7,dsoh_refit,7,B0005,244,87.49528010741024,87.77505683898926,87.77505683898926
TD-Clean-7,dsoh_refit,7,B0005,248,87.2366743602368,87.61840724945068,87.61840724945068
TD-Clean-7,dsoh_refit,7,B0005,252,86.96251727221627,87.47303199768066,87.47303199768066
TD-Clean-7,dsoh_refit,7,B0005,256,86.35734215456989,87.30033874511719,87.30033874511719
TD-Clean-7,dsoh_refit,7,B0005,260,86.10863457357058,87.10329341888428,87.10329341888428
TD-Clean-7,dsoh_refit,7,B0005,264,86.06270063126725,86.97556018829346,86.97556018829346
TD-Clean-7,dsoh_refit,7,B0005,266,86.63737677555004,86.86554145812988,86.86554145812988
TD-Clean-7,dsoh_refit,7,B0005,270,85.50813849993258,86.6401138305664,86.6401138305664
TD-Clean-7,dsoh_refit,7,B0005,274,84.97446653296429,86.51847171783447,86.51847171783447
TD-Clean-7,dsoh_refit,7,B0005,278,84.69557819389517,86.33444404602051,86.33444404602051
TD-Clean-7,dsoh_refit,7,B0005,282,84.68013627936132,86.26570510864258,86.26570510864258
TD-Clean-7,dsoh_refit,7,B0005,286,84.41991821853574,86.11746120452881,86.11746120452881
TD-Clean-7,dsoh_refit,7,B0005,290,84.10414931140878,85.9524507522583,85.9524507522583
TD-Clean-7,dsoh_refit,7,B0005,294,83.52653061113354,85.69856643676758,85.69856643676758
TD-Clean-7,dsoh_refit,7,B0005,298,82.96602561057489,85.58236980438232,85.58236980438232
TD-Clean-7,dsoh_refit,7,B0005,302,82.99920327964658,85.55334281921387,85.55334281921387
TD-Clean-7,dsoh_refit,7,B0005,306,82.68003018050378,85.44789600372314,85.44789600372314
TD-Clean-7,dsoh_refit,7,B0005,310,82.39976893302816,85.32318687438965,85.32318687438965
TD-Clean-7,dsoh_refit,7,B0005,313,87.19626195760692,85.15334606170654,85.15334606170654
TD-Clean-7,dsoh_refit,7,B0005,316,84.91729656129593,85.13525485992432,85.13525485992432
TD-Clean-7,dsoh_refit,7,B0005,320,84.06165489885902,84.95028591156006,84.95028591156006
TD-Clean-7,dsoh_refit,7,B0005,324,83.2082752902044,84.76045513153076,84.76045513153076
TD-Clean-7,dsoh_refit,7,B0005,328,82.91381970838151,84.62595748901367,84.62595748901367
TD-Clean-7,dsoh_refit,7,B0005,332,82.37106085271179,84.50364589691162,84.50364589691162
TD-Clean-7,dsoh_refit,7,B0005,336,82.09631790141844,84.37653541564941,84.37653541564941
TD-Clean-7,dsoh_refit,7,B0005,340,81.80669701206385,84.27362823486328,84.27362823486328
TD-Clean-7,dsoh_refit,7,B0005,344,81.53418918115372,84.11305618286133,84.11305618286133
TD-Clean-7,dsoh_refit,7,B0005,348,80.95312575426658,83.99136352539062,83.99136352539062
TD-Clean-7,dsoh_refit,7,B0005,352,80.6829269258604,83.90012168884277,83.90012168884277
TD-Clean-7,dsoh_refit,7,B0005,356,80.38673535372676,83.78849411010742,83.78849411010742
TD-Clean-7,dsoh_refit,7,B0005,360,80.10415225005684,83.60846138000488,83.60846138000488
TD-Clean-7,dsoh_refit,7,B0005,364,80.68483906716317,83.54027557373047,83.54027557373047
TD-Clean-7,dsoh_refit,7,B0005,367,81.23806188586506,83.42158317565918,83.42158317565918
TD-Clean-7,dsoh_refit,7,B0005,371,80.40774500270479,83.26500129699707,83.26500129699707
TD-Clean-7,dsoh_refit,7,B0005,375,79.80793062432481,82.99213218688965,82.99213218688965
TD-Clean-7,dsoh_refit,7,B0005,379,78.94710440938543,82.80621719360352,82.80621719360352
TD-Clean-7,dsoh_refit,7,B0005,383,78.96040682717852,82.72415924072266,82.72415924072266
TD-Clean-7,dsoh_refit,7,B0005,387,79.00805769223405,82.55582809448242,82.55582809448242
TD-Clean-7,dsoh_refit,7,B0005,391,78.68325635434054,82.47138977050781,82.47138977050781
TD-Clean-7,dsoh_refit,7,B0005,395,78.12009683923326,82.33306694030762,82.33306694030762
TD-Clean-7,dsoh_refit,7,B0005,399,77.83635095586517,82.25918388366699,82.25918388366699
TD-Clean-7,dsoh_refit,7,B0005,403,77.83366081216815,82.09175109863281,82.09175109863281
TD-Clean-7,dsoh_refit,7,B0005,407,77.54418562704669,82.0316390991211,82.0316390991211
TD-Clean-7,dsoh_refit,7,B0005,411,77.26483532824366,81.91999435424805,81.91999435424805
TD-Clean-7,dsoh_refit,7,B0005,415,76.96665751739931,81.8060417175293,81.8060417175293
TD-Clean-7,dsoh_refit,7,B0005,419,76.69408123915822,81.76684951782227,81.76684951782227
TD-Clean-7,dsoh_refit,7,B0005,423,76.7032886034996,81.70956611633301,81.70956611633301
TD-Clean-7,dsoh_refit,7,B0005,427,76.43285089151239,81.58049201965332,81.58049201965332
TD-Clean-7,dsoh_refit,7,B0005,431,77.83345221466253,81.33548736572266,81.33548736572266
TD-Clean-7,dsoh_refit,7,B0005,433,78.09751233548145,81.2200984954834,81.2200984954834
TD-Clean-7,dsoh_refit,7,B0005,437,76.96262218385922,81.05293083190918,81.05293083190918
TD-Clean-7,dsoh_refit,7,B0005,441,76.3993634537507,80.91647338867188,80.91647338867188
TD-Clean-7,dsoh_refit,7,B0005,445,76.08562321685423,80.85552787780762,80.85552787780762
TD-Clean-7,dsoh_refit,7,B0005,449,75.84111192639295,80.7922534942627,80.7922534942627
TD-Clean-7,dsoh_refit,7,B0005,453,75.5470202599512,80.72684478759766,80.72684478759766
TD-Clean-7,dsoh_refit,7,B0005,457,75.2724773855306,80.6303768157959,80.6303768157959
TD-Clean-7,dsoh_refit,7,B0005,461,74.95796574493023,80.56241035461426,80.56241035461426
TD-Clean-7,dsoh_refit,7,B0005,465,74.67559060559861,80.37836647033691,80.37836647033691
TD-Clean-7,dsoh_refit,7,B0005,469,74.4190975749656,80.30794715881348,80.30794715881348
TD-Clean-7,dsoh_refit,7,B0005,473,74.41886702385212,80.25935363769531,80.25935363769531
TD-Clean-7,dsoh_refit,7,B0005,477,74.10538957595438,80.22087860107422,80.22087860107422
TD-Clean-7,dsoh_refit,7,B0005,481,74.68403981580354,80.32527923583984,80.22087860107422
TD-Clean-7,dsoh_refit,7,B0005,483,75.26611054535188,80.31328582763672,80.22087860107422
TD-Clean-7,dsoh_refit,7,B0005,485,74.38310747232698,80.18421745300293,80.18421745300293
TD-Clean-7,dsoh_refit,7,B0005,489,74.10795710900801,80.11759185791016,80.11759185791016
TD-Clean-7,dsoh_refit,7,B0005,493,73.53993654981534,80.04209899902344,80.04209899902344
TD-Clean-7,dsoh_refit,7,B0005,497,73.55729388669064,80.02193069458008,80.02193069458008
TD-Clean-7,dsoh_refit,7,B0005,501,73.56067241598603,79.95164680480957,79.95164680480957
TD-Clean-7,dsoh_refit,7,B0005,505,73.26805286034079,79.85696220397949,79.85696220397949
TD-Clean-7,dsoh_refit,7,B0005,509,72.98972077509227,79.69968223571777,79.69968223571777
TD-Clean-7,dsoh_refit,7,B0005,513,72.70747847813722,79.69570350646973,79.69570350646973
TD-Clean-7,dsoh_refit,7,B0005,517,72.70330518052887,79.69679069519043,79.69570350646973
TD-Clean-7,dsoh_refit,7,B0005,521,72.43680818215978,79.64506149291992,79.64506149291992
TD-Clean-7,dsoh_refit,7,B0005,525,72.14563728793834,79.48043441772461,79.48043441772461
TD-Clean-7,dsoh_refit,7,B0005,529,71.84842350914826,79.38853645324707,79.38853645324707
TD-Clean-7,dsoh_refit,7,B0005,533,71.57682808520298,79.34524726867676,79.34524726867676
TD-Clean-7,dsoh_refit,7,B0005,537,71.59297070565168,79.39729309082031,79.34524726867676
TD-Clean-7,dsoh_refit,7,B0005,541,71.58355486033668,79.26359939575195,79.26359939575195
TD-Clean-7,dsoh_refit,7,B0005,545,71.88651633814797,79.0849723815918,79.0849723815918
TD-Clean-7,dsoh_refit,7,B0005,548,73.85485752850198,79.10796356201172,79.0849723815918
TD-Clean-7,dsoh_refit,7,B0005,552,72.73676298693475,79.0409107208252,79.0409107208252
TD-Clean-7,dsoh_refit,7,B0005,556,72.16650080848474,78.92535400390625,78.92535400390625
TD-Clean-7,dsoh_refit,7,B0005,560,71.87574889700983,78.77831840515137,78.77831840515137
TD-Clean-7,dsoh_refit,7,B0005,564,71.60206343923741,78.68113327026367,78.68113327026367
TD-Clean-7,dsoh_refit,7,B0005,568,71.32194157026348,78.62615585327148,78.62615585327148
TD-Clean-7,dsoh_refit,7,B0005,572,71.30711389020412,78.52437400817871,78.52437400817871
TD-Clean-7,dsoh_refit,7,B0005,576,71.01356336148518,78.47336387634277,78.47336387634277
TD-Clean-7,dsoh_refit,7,B0005,580,70.75492745457169,78.45864486694336,78.45864486694336
TD-Clean-7,dsoh_refit,7,B0005,584,70.77254445771489,78.36612510681152,78.36612510681152
TD-Clean-7,dsoh_refit,7,B0005,588,70.77540542374062,78.30856323242188,78.30856323242188
TD-Clean-7,dsoh_refit,7,B0005,592,70.47550750397869,78.26047325134277,78.26047325134277
TD-Clean-7,dsoh_refit,7,B0005,596,70.48563041810954,78.17265701293945,78.17265701293945
TD-Clean-7,dsoh_refit,7,B0005,600,70.23531244180377,78.05051612854004,78.05051612854004
TD-Clean-7,dsoh_refit,7,B0005,604,69.93882142370093,77.96493148803711,77.96493148803711
TD-Clean-7,dsoh_refit,7,B0005,608,69.90890905512207,77.92330741882324,77.92330741882324
TD-Clean-7,dsoh_refit,7,B0005,612,71.07977535187085,77.88420486450195,77.88420486450195
TD-Clean-7,dsoh_refit,7,B0005,614,71.95205157786506,77.98173332214355,77.88420486450195
TD-Clean-7,dsoh_refit,7,B0006,2,100.88297108833646,100.0,100.0
TD-Clean-7,dsoh_refit,7,B0006,4,100.37753235288778,99.68957507610321,99.68957507610321
TD-Clean-7,dsoh_refit,7,B0006,6,99.79196916000484,99.30724734067917,99.30724734067917
TD-Clean-7,dsoh_refit,7,B0006,8,99.7899019818078,98.91590595245361,98.91590595245361
TD-Clean-7,dsoh_refit,7,B0006,10,99.15762541696316,98.53757619857788,98.53757619857788
TD-Clean-7,dsoh_refit,7,B0006,12,99.8203556776378,98.151327252388,98.151327252388
TD-Clean-7,dsoh_refit,7,B0006,14,99.7808037027038,97.75172328948975,97.75172328948975
TD-Clean-7,dsoh_refit,7,B0006,16,97.5844832820893,97.30167770385742,97.30167770385742
TD-Clean-7,dsoh_refit,7,B0006,18,97.5535716293996,96.84744834899902,96.84744834899902
TD-Clean-7,dsoh_refit,7,B0006,20,97.01155142541865,96.40564632415771,96.40564632415771
TD-Clean-7,dsoh_refit,7,B0006,22,96.43502080876348,95.92639541625977,95.92639541625977
TD-Clean-7,dsoh_refit,7,B0006,25,95.8972998236526,95.44664239883423,95.44664239883423
TD-Clean-7,dsoh_refit,7,B0006,27,95.32875373854844,94.95602893829346,94.95602893829346
TD-Clean-7,dsoh_refit,7,B0006,29,94.76419905980474,94.46959066390991,94.46959066390991
TD-Clean-7,dsoh_refit,7,B0006,31,94.22773853976388,93.98029613494873,93.98029613494873
TD-Clean-7,dsoh_refit,7,B0006,33,93.6395064953226,93.47135066986084,93.47135066986084
TD-Clean-7,dsoh_refit,7,B0006,35,93.09821798643677,92.96335220336914,92.96335220336914
TD-Clean-7,dsoh_refit,7,B0006,37,92.56743574756617,92.47701120376587,92.47701120376587
TD-Clean-7,dsoh_refit,7,B0006,39,92.56840432582156,91.97771453857422,91.97771453857422
TD-Clean-7,dsoh_refit,7,B0006,42,98.12161319843736,91.93505001068115,91.93505001068115
TD-Clean-7,dsoh_refit,7,B0006,46,97.02736865587346,91.91301822662354,91.91301822662354
TD-Clean-7,dsoh_refit,7,B0006,50,96.4457203456954,91.73857593536377,91.73857593536377
TD-Clean-7,dsoh_refit,7,B0006,54,95.37664206593776,91.60893726348877,91.60893726348877
TD-Clean-7,dsoh_refit,7,B0006,58,96.45395400781383,91.5047960281372,91.5047960281372
TD-Clean-7,dsoh_refit,7,B0006,62,94.2446511737385,91.39082145690918,91.39082145690918
TD-Clean-7,dsoh_refit,7,B0006,66,93.11783815158223,91.28942680358887,91.28942680358887
TD-Clean-7,dsoh_refit,7,B0006,70,92.60393676951,91.17089176177979,91.17089176177979
TD-Clean-7,dsoh_refit,7,B0006,74,91.99518419888014,91.08267593383789,91.08267593383789
TD-Clean-7,dsoh_refit,7,B0006,78,91.45865458065036,91.01314544677734,91.01314544677734
TD-Clean-7,dsoh_refit,7,B0006,82,92.05488530825814,90.90707111358643,90.90707111358643
TD-Clean-7,dsoh_refit,7,B0006,90,93.2941701264468,90.42328357696533,90.42328357696533
TD-Clean-7,dsoh_refit,7,B0006,94,91.95812296295944,89.88194561004639,89.88194561004639
TD-Clean-7,dsoh_refit,7,B0006,98,91.16379285351326,89.43159103393555,89.43159103393555
TD-Clean-7,dsoh_refit,7,B0006,102,90.13722315501992,88.97092247009277,88.97092247009277
TD-Clean-7,dsoh_refit,7,B0006,106,89.88629167454431,88.6791763305664,88.6791763305664
TD-Clean-7,dsoh_refit,7,B0006,110,89.07464504963947,88.25825881958008,88.25825881958008
TD-Clean-7,dsoh_refit,7,B0006,114,88.27677498375004,87.8218183517456,87.8218183517456
TD-Clean-7,dsoh_refit,7,B0006,118,87.78153478310176,87.52217197418213,87.52217197418213
TD-Clean-7,dsoh_refit,7,B0006,122,87.25902301297472,87.4133415222168,87.4133415222168
TD-Clean-7,dsoh_refit,7,B0006,126,86.75445063463465,87.16048526763916,87.16048526763916
TD-Clean-7,dsoh_refit,7,B0006,130,86.21919662960373,86.78136825561523,86.78136825561523
TD-Clean-7,dsoh_refit,7,B0006,134,86.97181002045869,86.33929824829102,86.33929824829102
TD-Clean-7,dsoh_refit,7,B0006,136,87.53004089819298,86.05624961853027,86.05624961853027
TD-Clean-7,dsoh_refit,7,B0006,140,85.93648557449694,85.8352746963501,85.8352746963501
TD-Clean-7,dsoh_refit,7,B0006,144,84.92223069682748,85.57333278656006,85.57333278656006
TD-Clean-7,dsoh_refit,7,B0006,148,84.38106569995976,85.56765079498291,85.56765079498291
TD-Clean-7,dsoh_refit,7,B0006,150,90.39396636175364,85.83114242553711,85.56765079498291
TD-Clean-7,dsoh_refit,7,B0006,154,89.62118442408695,85.19376373291016,85.19376373291016
TD-Clean-7,dsoh_refit,7,B0006,158,88.01687540594799,84.57971000671387,84.57971000671387
TD-Clean-7,dsoh_refit,7,B0006,162,86.47934133475826,84.09163856506348,84.09163856506348
TD-Clean-7,dsoh_refit,7,B0006,166,85.7093899316892,83.69963455200195,83.69963455200195
TD-Clean-7,dsoh_refit,7,B0006,170,84.66363361309608,83.36089706420898,83.36089706420898
TD-Clean-7,dsoh_refit,7,B0006,174,84.14253773442293,83.03689193725586,83.03689193725586
TD-Clean-7,dsoh_refit,7,B0006,178,83.37268440744252,82.70412635803223,82.70412635803223
TD-Clean-7,dsoh_refit,7,B0006,182,82.84795096685752,82.40017890930176,82.40017890930176
TD-Clean-7,dsoh_refit,7,B0006,186,82.31672078137474,82.12408447265625,82.12408447265625
TD-Clean-7,dsoh_refit,7,B0006,190,81.8390002521071,81.92740440368652,81.92740440368652
TD-Clean-7,dsoh_refit,7,B0006,194,81.29446683115198,81.62047576904297,81.62047576904297
TD-Clean-7,dsoh_refit,7,B0006,198,80.75246648690656,81.32616996765137,81.32616996765137
TD-Clean-7,dsoh_refit,7,B0006,202,79.7437886746144,80.99651908874512,80.99651908874512
TD-Clean-7,dsoh_refit,7,B0006,206,79.47984426199564,80.69277000427246,80.69277000427246
TD-Clean-7,dsoh_refit,7,B0006,210,79.25415788836384,80.54206275939941,80.54206275939941
TD-Clean-7,dsoh_refit,7,B0006,214,78.69188922732394,80.09016609191895,80.09016609191895
TD-Clean-7,dsoh_refit,7,B0006,216,78.46114405771091,79.71567344665527,79.71567344665527
TD-Clean-7,dsoh_refit,7,B0006,220,77.67630372212932,79.34603500366211,79.34603500366211
TD-Clean-7,dsoh_refit,7,B0006,224,77.38916838478035,79.04045486450195,79.04045486450195
TD-Clean-7,dsoh_refit,7,B0006,228,76.88491527529958,78.76714134216309,78.76714134216309
TD-Clean-7,dsoh_refit,7,B0006,232,76.3646225030132,78.49434089660645,78.49434089660645
TD-Clean-7,dsoh_refit,7,B0006,236,75.60327887522882,78.1406078338623,78.1406078338623
TD-Clean-7,dsoh_refit,7,B0006,240,75.84333345118733,77.88935661315918,77.88935661315918
TD-Clean-7,dsoh_refit,7,B0006,244,75.57070473005419,77.65711402893066,77.65711402893066
TD-Clean-7,dsoh_refit,7,B0006,248,75.06972493621848,77.4497299194336,77.4497299194336
TD-Clean-7,dsoh_refit,7,B0006,252,74.81407516505371,77.24958038330078,77.24958038330078
TD-Clean-7,dsoh_refit,7,B0006,256,74.54671414292675,77.0894546508789,77.0894546508789
TD-Clean-7,dsoh_refit,7,B0006,260,74.02740213488109,76.84772872924805,76.84772872924805
TD-Clean-7,dsoh_refit,7,B0006,264,73.73556466569462,76.84680938720703,76.84680938720703
TD-Clean-7,dsoh_refit,7,B0006,266,75.84980622026112,76.6868724822998,76.6868724822998
TD-Clean-7,dsoh_refit,7,B0006,270,74.55060879561292,76.48114967346191,76.48114967346191
TD-Clean-7,dsoh_refit,7,B0006,274,73.79142812679322,76.66105651855469,76.48114967346191
TD-Clean-7,dsoh_refit,7,B0006,278,73.27190839787096,76.56624984741211,76.48114967346191
TD-Clean-7,dsoh_refit,7,B0006,282,73.28093201847443,76.63603401184082,76.48114967346191
TD-Clean-7,dsoh_refit,7,B0006,286,73.02095301621284,76.59362411499023,76.48114967346191
TD-Clean-7,dsoh_refit,7,B0006,290,72.73851013234444,76.44857597351074,76.44857597351074
TD-Clean-7,dsoh_refit,7,B0006,294,71.95104826590523,76.21150588989258,76.21150588989258
TD-Clean-7,dsoh_refit,7,B0006,298,71.96564568462234,76.2860164642334,76.21150588989258
TD-Clean-7,dsoh_refit,7,B0006,302,71.72895437691278,76.48371887207031,76.21150588989258
TD-Clean-7,dsoh_refit,7,B0006,306,71.71434939609318,76.41896057128906,76.21150588989258
TD-Clean-7,dsoh_refit,7,B0006,310,71.45761792874575,76.30618858337402,76.21150588989258
TD-Clean-7,dsoh_refit,7,B0006,313,78.98726854374111,76.09571838378906,76.09571838378906
TD-Clean-7,dsoh_refit,7,B0006,316,76.64794397240323,75.95576477050781,75.95576477050781
TD-Clean-7,dsoh_refit,7,B0006,320,75.07747171565073,75.63359642028809,75.63359642028809
TD-Clean-7,dsoh_refit,7,B0006,324,74.29795247472106,75.34672164916992,75.34672164916992
TD-Clean-7,dsoh_refit,7,B0006,328,73.51146675367659,75.13356399536133,75.13356399536133
TD-Clean-7,dsoh_refit,7,B0006,332,73.00864275760908,74.94883346557617,74.94883346557617
TD-Clean-7,dsoh_refit,7,B0006,336,72.50277290138493,74.82146644592285,74.82146644592285
TD-Clean-7,dsoh_refit,7,B0006,340,71.96131839956391,74.68989562988281,74.68989562988281
TD-Clean-7,dsoh_refit,7,B0006,344,71.71500633205595,74.50723075866699,74.50723075866699
TD-Clean-7,dsoh_refit,7,B0006,348,71.44305583769248,74.39266014099121,74.39266014099121
TD-Clean-7,dsoh_refit,7,B0006,352,70.93898960214143,74.31086349487305,74.31086349487305
TD-Clean-7,dsoh_refit,7,B0006,356,70.68194044477139,74.22360420227051,74.22360420227051
TD-Clean-7,dsoh_refit,7,B0006,360,70.4074916889224,74.02389717102051,74.02389717102051
TD-Clean-7,dsoh_refit,7,B0006,364,70.41804785222855,74.02627372741699,74.02389717102051
TD-Clean-7,dsoh_refit,7,B0006,367,71.98210310103482,73.88469123840332,73.88469123840332
TD-Clean-7,dsoh_refit,7,B0006,371,70.95618334594263,73.63865280151367,73.63865280151367
TD-Clean-7,dsoh_refit,7,B0006,375,70.1362730902931,73.35216903686523,73.35216903686523
TD-Clean-7,dsoh_refit,7,B0006,379,69.87433806657212,73.1302261352539,73.1302261352539
TD-Clean-7,dsoh_refit,7,B0006,383,69.63573699649338,73.04482841491699,73.04482841491699
TD-Clean-7,dsoh_refit,7,B0006,387,69.15232147064526,72.7974624633789,72.7974624633789
TD-Clean-7,dsoh_refit,7,B0006,391,69.12109936452545,72.61813354492188,72.61813354492188
TD-Clean-7,dsoh_refit,7,B0006,395,68.86250185726787,72.44875907897949,72.44875907897949
TD-Clean-7,dsoh_refit,7,B0006,399,68.59092282212131,72.36189460754395,72.36189460754395
TD-Clean-7,dsoh_refit,7,B0006,403,68.08750743669,72.13463592529297,72.13463592529297
TD-Clean-7,dsoh_refit,7,B0006,407,68.33159705981836,72.0059986114502,72.0059986114502
TD-Clean-7,dsoh_refit,7,B0006,411,68.09140360412486,71.82452964782715,71.82452964782715
TD-Clean-7,dsoh_refit,7,B0006,415,67.81869443003508,71.66863441467285,71.66863441467285
TD-Clean-7,dsoh_refit,7,B0006,419,67.5730638436144,71.58209800720215,71.58209800720215
TD-Clean-7,dsoh_refit,7,B0006,423,67.31503513349786,71.44979095458984,71.44979095458984
TD-Clean-7,dsoh_refit,7,B0006,427,67.07575548417674,71.22765922546387,71.22765922546387
TD-Clean-7,dsoh_refit,7,B0006,431,68.60691404106846,70.83076477050781,70.83076477050781
TD-Clean-7,dsoh_refit,7,B0006,433,69.64711039275872,70.66842842102051,70.66842842102051
TD-Clean-7,dsoh_refit,7,B0006,437,68.33719964359061,70.42379760742188,70.42379760742188
TD-Clean-7,dsoh_refit,7,B0006,441,67.81907707369999,70.22932243347168,70.22932243347168
TD-Clean-7,dsoh_refit,7,B0006,445,67.27630029953899,70.1556167602539,70.1556167602539
TD-Clean-7,dsoh_refit,7,B0006,449,67.03731096833596,70.03923416137695,70.03923416137695
TD-Clean-7,dsoh_refit,7,B0006,453,66.78534122129697,69.97038078308105,69.97038078308105
TD-Clean-7,dsoh_refit,7,B0006,457,66.26973868287087,69.86421203613281,69.86421203613281
TD-Clean-7,dsoh_refit,7,B0006,461,65.98363462621751,69.77995872497559,69.77995872497559
TD-Clean-7,dsoh_refit,7,B0006,465,65.72069252661954,69.56386375427246,69.56386375427246
TD-Clean-7,dsoh_refit,7,B0006,469,65.50500064349335,69.49019050598145,69.49019050598145
TD-Clean-7,dsoh_refit,7,B0006,473,65.48747074550045,69.44135665893555,69.44135665893555
TD-Clean-7,dsoh_refit,7,B0006,477,65.2110653386093,69.39015197753906,69.39015197753906
TD-Clean-7,dsoh_refit,7,B0006,481,65.47148558720653,69.39666175842285,69.39015197753906
TD-Clean-7,dsoh_refit,7,B0006,483,66.78647932759047,69.25054931640625,69.25054931640625
TD-Clean-7,dsoh_refit,7,B0006,485,65.72477818237311,68.88415718078613,68.88415718078613
TD-Clean-7,dsoh_refit,7,B0006,489,64.93697426302657,68.64410972595215,68.64410972595215
TD-Clean-7,dsoh_refit,7,B0006,493,64.69397950587184,68.41577339172363,68.41577339172363
TD-Clean-7,dsoh_refit,7,B0006,497,64.45556804271465,68.22845268249512,68.22845268249512
TD-Clean-7,dsoh_refit,7,B0006,501,64.44711910522597,67.9651107788086,67.9651107788086
TD-Clean-7,dsoh_refit,7,B0006,505,63.9153253541329,67.63431930541992,67.63431930541992
TD-Clean-7,dsoh_refit,7,B0006,509,63.40709756117343,67.26913070678711,67.26913070678711
TD-Clean-7,dsoh_refit,7,B0006,513,63.40485519747241,67.2048110961914,67.2048110961914
TD-Clean-7,dsoh_refit,7,B0006,517,63.14854807557744,67.10159301757812,67.10159301757812
TD-Clean-7,dsoh_refit,7,B0006,521,63.15304028594434,66.8146743774414,66.8146743774414
TD-Clean-7,dsoh_refit,7,B0006,525,62.63936845251047,66.37591934204102,66.37591934204102
TD-Clean-7,dsoh_refit,7,B0006,529,62.36048327920517,66.19563674926758,66.19563674926758
TD-Clean-7,dsoh_refit,7,B0006,533,62.11872624491582,66.24593353271484,66.19563674926758
TD-Clean-7,dsoh_refit,7,B0006,537,62.11731201074328,66.35744857788086,66.19563674926758
TD-Clean-7,dsoh_refit,7,B0006,541,61.86235410492132,65.96996688842773,65.96996688842773
TD-Clean-7,dsoh_refit,7,B0006,545,62.12742822257309,65.69236373901367,65.69236373901367
TD-Clean-7,dsoh_refit,7,B0006,548,63.93010610326108,65.82926940917969,65.69236373901367
TD-Clean-7,dsoh_refit,7,B0006,552,62.62827859533666,65.64026641845703,65.64026641845703
TD-Clean-7,dsoh_refit,7,B0006,556,61.85683618405182,65.39263534545898,65.39263534545898
TD-Clean-7,dsoh_refit,7,B0006,560,61.07092794836815,65.06228256225586,65.06228256225586
TD-Clean-7,dsoh_refit,7,B0006,564,60.82277612678393,64.83052062988281,64.83052062988281
TD-Clean-7,dsoh_refit,7,B0006,568,60.55640953242813,64.63447952270508,64.63447952270508
TD-Clean-7,dsoh_refit,7,B0006,572,60.02917505279337,64.34998321533203,64.34998321533203
TD-Clean-7,dsoh_refit,7,B0006,576,59.75722270334661,64.16719436645508,64.16719436645508
TD-Clean-7,dsoh_refit,7,B0006,580,59.52315601830062,64.20630645751953,64.16719436645508
TD-Clean-7,dsoh_refit,7,B0006,584,59.01246912863032,63.8861083984375,63.8861083984375
TD-Clean-7,dsoh_refit,7,B0006,588,58.74426171153606,63.55685043334961,63.55685043334961
TD-Clean-7,dsoh_refit,7,B0006,592,58.47122551716232,63.28569412231445,63.28569412231445
TD-Clean-7,dsoh_refit,7,B0006,596,58.2196597592319,62.9652099609375,62.9652099609375
TD-Clean-7,dsoh_refit,7,B0006,600,57.18983519098029,62.535736083984375,62.535736083984375
TD-Clean-7,dsoh_refit,7,B0006,604,57.71437056534329,62.16802978515625,62.16802978515625
TD-Clean-7,dsoh_refit,7,B0006,608,57.43663099473362,61.87727355957031,61.87727355957031
TD-Clean-7,dsoh_refit,7,B0006,612,58.23847489632371,61.44843673706055,61.44843673706055
TD-Clean-7,dsoh_refit,7,B0006,614,58.76884540363096,61.235267639160156,61.235267639160156
TD-Clean-7,dsoh_refit,7,B0007,2,100.45351791563915,100.0,100.0
TD-Clean-7,dsoh_refit,7,B0007,4,99.900254379013,100.07844366133213,100.0
TD-Clean-7,dsoh_refit,7,B0007,6,99.90161660017114,100.15413463115692,100.0
TD-Clean-7,dsoh_refit,7,B0007,8,99.9073657865712,100.17785555124283,100.0
TD-Clean-7,dsoh_refit,7,B0007,10,99.83724531860553,100.1801256686449,100.0
TD-Clean-7,dsoh_refit,7,B0007,12,99.90361817867274,100.19515720009804,100.0
TD-Clean-7,dsoh_refit,7,B0007,14,99.86297576917136,100.25825822353363,100.0
TD-Clean-7,dsoh_refit,7,B0007,16,99.94656396119812,100.21173630654812,100.0
TD-Clean-7,dsoh_refit,7,B0007,18,99.31878532934633,100.10874804854393,100.0
TD-Clean-7,dsoh_refit,7,B0007,20,99.33799331164263,99.98145058751106,99.98145058751106
TD-Clean-7,dsoh_refit,7,B0007,22,99.33756087304828,99.82152941823006,99.82152941823006
TD-Clean-7,dsoh_refit,7,B0007,25,98.78551523188162,99.60511216521263,99.60511216521263
TD-Clean-7,dsoh_refit,7,B0007,27,98.75485184986668,99.33938699960709,99.33938699960709
TD-Clean-7,dsoh_refit,7,B0007,29,98.75133536665352,99.13487589359283,99.13487589359283
TD-Clean-7,dsoh_refit,7,B0007,31,98.77012942519043,98.77810537815094,98.77810537815094
TD-Clean-7,dsoh_refit,7,B0007,33,98.73683812511632,98.44938063621521,98.44938063621521
TD-Clean-7,dsoh_refit,7,B0007,35,98.15685575226132,98.10939002037048,98.10939002037048
TD-Clean-7,dsoh_refit,7,B0007,37,98.19446503474695,97.70796632766724,97.70796632766724
TD-Clean-7,dsoh_refit,7,B0007,39,98.186691403046,97.35518789291382,97.35518789291382
TD-Clean-7,dsoh_refit,7,B0007,42,99.90787801510066,97.89919543266296,97.35518789291382
TD-Clean-7,dsoh_refit,7,B0007,46,99.94461695603135,98.34354948997498,97.35518789291382
TD-Clean-7,dsoh_refit,7,B0007,50,99.92460497901308,98.50690150260925,97.35518789291382
TD-Clean-7,dsoh_refit,7,B0007,54,99.38880751306714,98.72838199138641,97.35518789291382
TD-Clean-7,dsoh_refit,7,B0007,58,99.34580918956073,98.93198382854462,97.35518789291382
TD-Clean-7,dsoh_refit,7,B0007,62,99.37088315432128,99.10533255338669,97.35518789291382
TD-Clean-7,dsoh_refit,7,B0007,66,98.78342046080256,99.30775332450867,97.35518789291382
TD-Clean-7,dsoh_refit,7,B0007,70,98.8058078187501,99.37346160411835,97.35518789291382
TD-Clean-7,dsoh_refit,7,B0007,74,98.75966747373796,99.48677533864975,97.35518789291382
TD-Clean-7,dsoh_refit,7,B0007,78,98.1739885027512,99.70274013280869,97.35518789291382
TD-Clean-7,dsoh_refit,7,B0007,82,98.23039625446908,99.77597050368786,97.35518789291382
TD-Clean-7,dsoh_refit,7,B0007,90,98.95386520139344,99.66206404566765,97.35518789291382
TD-Clean-7,dsoh_refit,7,B0007,94,98.38356039411237,99.43768215179443,97.35518789291382
TD-Clean-7,dsoh_refit,7,B0007,98,98.11080955264678,99.2897720336914,97.35518789291382
TD-Clean-7,dsoh_refit,7,B0007,102,97.57312273601715,99.2405526638031,97.35518789291382
TD-Clean-7,dsoh_refit,7,B0007,106,97.5908400366413,99.2243001461029,97.35518789291382
TD-Clean-7,dsoh_refit,7,B0007,110,97.29922460125108,99.06491279602051,97.35518789291382
TD-Clean-7,dsoh_refit,7,B0007,114,96.74012336609094,98.96148085594177,97.35518789291382
TD-Clean-7,dsoh_refit,7,B0007,118,96.49359124138364,98.92301964759827,97.35518789291382
TD-Clean-7,dsoh_refit,7,B0007,122,96.22137391342224,98.99275887012482,97.35518789291382
TD-Clean-7,dsoh_refit,7,B0007,126,96.233276781278,98.95907497406006,97.35518789291382
TD-Clean-7,dsoh_refit,7,B0007,130,95.93841918044076,98.78270900249481,97.35518789291382
TD-Clean-7,dsoh_refit,7,B0007,134,96.31819241353496,98.56236040592194,97.35518789291382
TD-Clean-7,dsoh_refit,7,B0007,136,95.94953719543624,98.47898304462433,97.35518789291382
TD-Clean-7,dsoh_refit,7,B0007,140,95.3953227427902,98.39008808135986,97.35518789291382
TD-Clean-7,dsoh_refit,7,B0007,144,94.86699939598208,98.35662889480591,97.35518789291382
TD-Clean-7,dsoh_refit,7,B0007,148,94.57173479963342,98.62240409851074,97.35518789291382
TD-Clean-7,dsoh_refit,7,B0007,150,96.41760769059738,99.68645167350769,97.35518789291382
TD-Clean-7,dsoh_refit,7,B0007,154,96.45090493439226,99.25358760356903,97.35518789291382
TD-Clean-7,dsoh_refit,7,B0007,158,95.6297003383392,98.76279556751251,97.35518789291382
TD-Clean-7,dsoh_refit,7,B0007,162,95.10935396520227,98.4647046327591,97.35518789291382
TD-Clean-7,dsoh_refit,7,B0007,166,94.57259385530976,98.24494326114655,97.35518789291382
TD-Clean-7,dsoh_refit,7,B0007,170,94.30623404626093,98.13018202781677,97.35518789291382
TD-Clean-7,dsoh_refit,7,B0007,174,94.0371367595855,98.0110434293747,97.35518789291382
TD-Clean-7,dsoh_refit,7,B0007,178,93.49626919937222,97.83387303352356,97.35518789291382
TD-Clean-7,dsoh_refit,7,B0007,182,92.9420388383138,97.67939949035645,97.35518789291382
TD-Clean-7,dsoh_refit,7,B0007,186,92.94217065781828,97.55337429046631,97.35518789291382
TD-Clean-7,dsoh_refit,7,B0007,190,92.69668329388116,97.53120923042297,97.35518789291382
TD-Clean-7,dsoh_refit,7,B0007,194,92.41073633514534,97.36447477340698,97.35518789291382
TD-Clean-7,dsoh_refit,7,B0007,198,91.82208130681248,97.17548751831055,97.17548751831055
TD-Clean-7,dsoh_refit,7,B0007,202,91.5743327473832,97.00441193580627,97.00441193580627
TD-Clean-7,dsoh_refit,7,B0007,206,91.04730118386937,96.83282613754272,96.83282613754272
TD-Clean-7,dsoh_refit,7,B0007,210,91.04684020750553,96.80145978927612,96.80145978927612
TD-Clean-7,dsoh_refit,7,B0007,214,90.49873919973382,96.49808597564697,96.49808597564697
TD-Clean-7,dsoh_refit,7,B0007,216,90.51794914609178,96.30639791488647,96.30639791488647
TD-Clean-7,dsoh_refit,7,B0007,220,89.96325858213598,96.1303825378418,96.1303825378418
TD-Clean-7,dsoh_refit,7,B0007,224,89.64911074691454,95.96669244766235,95.96669244766235
TD-Clean-7,dsoh_refit,7,B0007,228,89.4056438247883,95.84148645401001,95.84148645401001
TD-Clean-7,dsoh_refit,7,B0007,232,89.13221056506995,95.71745204925537,95.71745204925537
TD-Clean-7,dsoh_refit,7,B0007,236,88.88142970948275,95.59875679016113,95.59875679016113
TD-Clean-7,dsoh_refit,7,B0007,240,88.57496163215028,95.45296716690063,95.45296716690063
TD-Clean-7,dsoh_refit,7,B0007,244,88.30030467403411,95.31520462036133,95.31520462036133
TD-Clean-7,dsoh_refit,7,B0007,248,88.04309784572763,95.19391965866089,95.19391965866089
TD-Clean-7,dsoh_refit,7,B0007,252,87.7835715053401,95.06865406036377,95.06865406036377
TD-Clean-7,dsoh_refit,7,B0007,256,87.5009058762453,94.94320774078369,94.94320774078369
TD-Clean-7,dsoh_refit,7,B0007,260,86.92700430940862,94.84377193450928,94.84377193450928
TD-Clean-7,dsoh_refit,7,B0007,264,86.91859800690037,94.7639970779419,94.7639970779419
TD-Clean-7,dsoh_refit,7,B0007,266,87.17696241036246,94.70563077926636,94.70563077926636
TD-Clean-7,dsoh_refit,7,B0007,270,86.66971006432802,94.51114511489868,94.51114511489868
TD-Clean-7,dsoh_refit,7,B0007,274,86.11955257111292,94.52546834945679,94.51114511489868
TD-Clean-7,dsoh_refit,7,B0007,278,85.86532022039283,94.59806489944458,94.51114511489868
TD-Clean-7,dsoh_refit,7,B0007,282,85.83324550155743,94.65692615509033,94.51114511489868
TD-Clean-7,dsoh_refit,7,B0007,286,85.88108948972226,94.54122352600098,94.51114511489868
TD-Clean-7,dsoh_refit,7,B0007,290,85.56987844007078,94.42709350585938,94.42709350585938
TD-Clean-7,dsoh_refit,7,B0007,294,85.027771191142,94.27222919464111,94.27222919464111
TD-Clean-7,dsoh_refit,7,B0007,298,84.77582688520748,94.23467588424683,94.23467588424683
TD-Clean-7,dsoh_refit,7,B0007,302,84.79178974791847,94.30158805847168,94.23467588424683
TD-Clean-7,dsoh_refit,7,B0007,306,84.76993385106519,94.26882266998291,94.23467588424683
TD-Clean-7,dsoh_refit,7,B0007,310,84.49605927424464,94.19396829605103,94.19396829605103
TD-Clean-7,dsoh_refit,7,B0007,313,89.71090998622898,93.97735023498535,93.97735023498535
TD-Clean-7,dsoh_refit,7,B0007,316,86.37349719367897,94.06126403808594,93.97735023498535
TD-Clean-7,dsoh_refit,7,B0007,320,85.82898928627563,93.88133573532104,93.88133573532104
TD-Clean-7,dsoh_refit,7,B0007,324,85.2934976107533,93.68306112289429,93.68306112289429
TD-Clean-7,dsoh_refit,7,B0007,328,84.72574724857897,93.52927350997925,93.52927350997925
TD-Clean-7,dsoh_refit,7,B0007,332,84.48328177752624,93.40517139434814,93.40517139434814
TD-Clean-7,dsoh_refit,7,B0007,336,84.21457006738538,93.32119035720825,93.32119035720825
TD-Clean-7,dsoh_refit,7,B0007,340,83.9288888229777,93.2036771774292,93.2036771774292
TD-Clean-7,dsoh_refit,7,B0007,344,83.67629222648154,93.12709712982178,93.12709712982178
TD-Clean-7,dsoh_refit,7,B0007,348,83.38837618926404,93.01261711120605,93.01261711120605
TD-Clean-7,dsoh_refit,7,B0007,352,83.41270816038221,92.92081069946289,92.92081069946289
TD-Clean-7,dsoh_refit,7,B0007,356,83.14675201444969,92.83532476425171,92.83532476425171
TD-Clean-7,dsoh_refit,7,B0007,360,82.8484308280049,92.76303434371948,92.76303434371948
TD-Clean-7,dsoh_refit,7,B0007,364,83.13252526962864,92.692626953125,92.692626953125
TD-Clean-7,dsoh_refit,7,B0007,367,83.66359396289195,92.85464239120483,92.692626953125
TD-Clean-7,dsoh_refit,7,B0007,371,83.14841165448959,92.7437162399292,92.692626953125
TD-Clean-7,dsoh_refit,7,B0007,375,82.85488835556158,92.66537666320801,92.66537666320801
TD-Clean-7,dsoh_refit,7,B0007,379,82.33123711829187,92.57031679153442,92.57031679153442
TD-Clean-7,dsoh_refit,7,B0007,383,82.01142381939957,92.54260730743408,92.54260730743408
TD-Clean-7,dsoh_refit,7,B0007,387,82.07206587982726,92.59310293197632,92.54260730743408
TD-Clean-7,dsoh_refit,7,B0007,391,82.0495038543302,92.57852554321289,92.54260730743408
TD-Clean-7,dsoh_refit,7,B0007,395,81.5031419618624,92.48514127731323,92.48514127731323
TD-Clean-7,dsoh_refit,7,B0007,399,81.20841503507037,92.45096731185913,92.45096731185913
TD-Clean-7,dsoh_refit,7,B0007,403,81.21721340553746,92.4824652671814,92.45096731185913
TD-Clean-7,dsoh_refit,7,B0007,407,81.22601148878292,92.57020664215088,92.45096731185913
TD-Clean-7,dsoh_refit,7,B0007,411,80.95054391771832,92.54169178009033,92.45096731185913
TD-Clean-7,dsoh_refit,7,B0007,415,80.67227833994721,92.51858806610107,92.45096731185913
TD-Clean-7,dsoh_refit,7,B0007,419,80.40565013650571,92.49707508087158,92.45096731185913
TD-Clean-7,dsoh_refit,7,B0007,423,80.40335490244634,92.56006240844727,92.45096731185913
TD-Clean-7,dsoh_refit,7,B0007,427,80.42152437300291,92.63847208023071,92.45096731185913
TD-Clean-7,dsoh_refit,7,B0007,431,81.48461605871495,92.4424467086792,92.4424467086792
TD-Clean-7,dsoh_refit,7,B0007,433,81.75963969607048,92.3907060623169,92.3907060623169
TD-Clean-7,dsoh_refit,7,B0007,437,80.93560989493338,92.25024890899658,92.25024890899658
TD-Clean-7,dsoh_refit,7,B0007,441,80.40209515327608,92.10724115371704,92.10724115371704
TD-Clean-7,dsoh_refit,7,B0007,445,80.09419697809993,91.98053169250488,91.98053169250488
TD-Clean-7,dsoh_refit,7,B0007,449,79.85042691616567,91.86300563812256,91.86300563812256
TD-Clean-7,dsoh_refit,7,B0007,453,79.56495728605914,91.74334716796875,91.74334716796875
TD-Clean-7,dsoh_refit,7,B0007,457,79.30076147796538,91.63757228851318,91.63757228851318
TD-Clean-7,dsoh_refit,7,B0007,461,79.2776995197187,91.50771617889404,91.50771617889404
TD-Clean-7,dsoh_refit,7,B0007,465,79.01573008127421,91.4546890258789,91.4546890258789
TD-Clean-7,dsoh_refit,7,B0007,469,78.7529099419952,91.36390590667725,91.36390590667725
TD-Clean-7,dsoh_refit,7,B0007,473,78.76631135529045,91.29177474975586,91.29177474975586
TD-Clean-7,dsoh_refit,7,B0007,477,78.45734950325969,91.22679996490479,91.22679996490479
TD-Clean-7,dsoh_refit,7,B0007,481,78.71925319505982,91.31509971618652,91.22679996490479
TD-Clean-7,dsoh_refit,7,B0007,483,79.58166685963718,91.28337860107422,91.22679996490479
TD-Clean-7,dsoh_refit,7,B0007,485,78.72860058663869,91.09776306152344,91.09776306152344
TD-Clean-7,dsoh_refit,7,B0007,489,78.46501751785956,90.99683570861816,90.99683570861816
TD-Clean-7,dsoh_refit,7,B0007,493,78.19738333514631,90.89310455322266,90.89310455322266
TD-Clean-7,dsoh_refit,7,B0007,497,78.20645287101384,90.85954093933105,90.85954093933105
TD-Clean-7,dsoh_refit,7,B0007,501,77.92824275772597,90.80606365203857,90.80606365203857
TD-Clean-7,dsoh_refit,7,B0007,505,77.6497101362114,90.6346435546875,90.6346435546875
TD-Clean-7,dsoh_refit,7,B0007,509,77.38028422735451,90.46874809265137,90.46874809265137
TD-Clean-7,dsoh_refit,7,B0007,513,77.09660547904922,90.38413906097412,90.38413906097412
TD-Clean-7,dsoh_refit,7,B0007,517,77.11046744203753,90.39433288574219,90.38413906097412
TD-Clean-7,dsoh_refit,7,B0007,521,76.85550035450103,90.26464462280273,90.26464462280273
TD-Clean-7,dsoh_refit,7,B0007,525,76.85236240084764,90.14880561828613,90.14880561828613
TD-Clean-7,dsoh_refit,7,B0007,529,76.56671722215358,90.08316421508789,90.08316421508789
TD-Clean-7,dsoh_refit,7,B0007,533,76.29399038621672,90.09500980377197,90.08316421508789
TD-Clean-7,dsoh_refit,7,B0007,537,76.32425788720361,90.13591766357422,90.08316421508789
TD-Clean-7,dsoh_refit,7,B0007,541,76.29658741049414,90.10546398162842,90.08316421508789
TD-Clean-7,dsoh_refit,7,B0007,545,76.59209728582513,89.90524768829346,89.90524768829346
TD-Clean-7,dsoh_refit,7,B0007,548,77.93863743061358,89.8839282989502,89.8839282989502
TD-Clean-7,dsoh_refit,7,B0007,552,77.12364718084329,89.78583145141602,89.78583145141602
TD-Clean-7,dsoh_refit,7,B0007,556,76.8725967441492,89.61165428161621,89.61165428161621
TD-Clean-7,dsoh_refit,7,B0007,560,76.58854113704766,89.52076148986816,89.52076148986816
TD-Clean-7,dsoh_refit,7,B0007,564,76.04885672654179,89.43259620666504,89.43259620666504
TD-Clean-7,dsoh_refit,7,B0007,568,76.05828438472663,89.39652347564697,89.39652347564697
TD-Clean-7,dsoh_refit,7,B0007,572,75.76335089505734,89.33187866210938,89.33187866210938
TD-Clean-7,dsoh_refit,7,B0007,576,75.75439980355237,89.25449848175049,89.25449848175049
TD-Clean-7,dsoh_refit,7,B0007,580,75.49812548326929,89.2623233795166,89.25449848175049
TD-Clean-7,dsoh_refit,7,B0007,584,75.23591897923467,89.20847606658936,89.20847606658936
TD-Clean-7,dsoh_refit,7,B0007,588,75.24924732301496,89.17389011383057,89.17389011383057
TD-Clean-7,dsoh_refit,7,B0007,592,74.94444174506414,89.11948204040527,89.11948204040527
TD-Clean-7,dsoh_refit,7,B0007,596,74.95266425125988,89.07256889343262,89.07256889343262
TD-Clean-7,dsoh_refit,7,B0007,600,74.69643604452878,89.03350925445557,89.03350925445557
TD-Clean-7,dsoh_refit,7,B0007,604,74.7051700493532,89.03293037414551,89.03293037414551
TD-Clean-7,dsoh_refit,7,B0007,608,74.39278959915883,88.97162437438965,88.97162437438965
TD-Clean-7,dsoh_refit,7,B0007,612,75.52591562947222,89.07178497314453,88.97162437438965
TD-Clean-7,dsoh_refit,7,B0007,614,76.09264518290325,89.35910701751709,88.97162437438965
TD-Clean-7,dsoh_refit,7,B0018,3,100.8025811041783,100.0,100.0
TD-Clean-7,dsoh_refit,7,B0018,7,100.16087022619236,99.56340655684471,99.56340655684471
TD-Clean-7,dsoh_refit,7,B0018,11,99.96558598273582,98.8093878030777,98.8093878030777
TD-Clean-7,dsoh_refit,7,B0018,15,99.48041766162956,98.04221749305725,98.04221749305725
TD-Clean-7,dsoh_refit,7,B0018,18,99.59054502526398,97.80863785743713,97.80863785743713
TD-Clean-7,dsoh_refit,7,B0018,20,99.36387169185286,96.78385663032532,96.78385663032532
TD-Clean-7,dsoh_refit,7,B0018,22,98.96567828327716,95.62553024291992,95.62553024291992
TD-Clean-7,dsoh_refit,7,B0018,24,98.63793870309058,94.46884632110596,94.46884632110596
TD-Clean-7,dsoh_refit,7,B0018,27,98.04714689052696,93.3204517364502,93.3204517364502
TD-Clean-7,dsoh_refit,7,B0018,30,99.06887382997856,92.91972160339355,92.91972160339355
TD-Clean-7,dsoh_refit,7,B0018,32,98.47248926951052,91.91835498809814,91.91835498809814
TD-Clean-7,dsoh_refit,7,B0018,34,98.068534707018,90.7690315246582,90.7690315246582
TD-Clean-7,dsoh_refit,7,B0018,36,97.31606084566693,89.53834533691406,89.53834533691406
TD-Clean-7,dsoh_refit,7,B0018,39,96.91537145663308,88.31172370910645,88.31172370910645
TD-Clean-7,dsoh_refit,7,B0018,42,96.77777434993364,87.89335536956787,87.89335536956787
TD-Clean-7,dsoh_refit,7,B0018,44,96.24906078283864,86.98330402374268,86.98330402374268
TD-Clean-7,dsoh_refit,7,B0018,46,96.10893521170082,85.88934707641602,85.88934707641602
TD-Clean-7,dsoh_refit,7,B0018,48,95.29382636269746,84.67068481445312,84.67068481445312
TD-Clean-7,dsoh_refit,7,B0018,51,94.89112029628322,83.40690231323242,83.40690231323242
TD-Clean-7,dsoh_refit,7,B0018,54,94.42623362260446,82.56206703186035,82.56206703186035
TD-Clean-7,dsoh_refit,7,B0018,56,94.09214261326034,81.40143775939941,81.40143775939941
TD-Clean-7,dsoh_refit,7,B0018,58,92.84655809058668,80.34523010253906,80.34523010253906
TD-Clean-7,dsoh_refit,7,B0018,60,93.00278636580364,79.23041343688965,79.23041343688965
TD-Clean-7,dsoh_refit,7,B0018,63,92.78717154289568,78.0828685760498,78.0828685760498
TD-Clean-7,dsoh_refit,7,B0018,66,95.05514633441328,77.66189956665039,77.66189956665039
TD-Clean-7,dsoh_refit,7,B0018,68,94.16023397654948,76.78539848327637,76.78539848327637
TD-Clean-7,dsoh_refit,7,B0018,70,93.58756901230694,75.81997680664062,75.81997680664062
TD-Clean-7,dsoh_refit,7,B0018,72,93.02323711734508,74.77459716796875,74.77459716796875
TD-Clean-7,dsoh_refit,7,B0018,75,92.33971230163448,73.68275260925293,73.68275260925293
TD-Clean-7,dsoh_refit,7,B0018,78,92.05544475967478,73.01314926147461,73.01314926147461
TD-Clean-7,dsoh_refit,7,B0018,80,91.39607597710202,72.04191207885742,72.04191207885742
TD-Clean-7,dsoh_refit,7,B0018,82,91.12841202900309,71.13468742370605,71.13468742370605
TD-Clean-7,dsoh_refit,7,B0018,84,90.50598444143154,70.19051361083984,70.19051361083984
TD-Clean-7,dsoh_refit,7,B0018,87,90.05329919062662,69.13189697265625,69.13189697265625
TD-Clean-7,dsoh_refit,7,B0018,90,89.56595375021743,68.42610740661621,68.42610740661621
TD-Clean-7,dsoh_refit,7,B0018,92,89.05221474379236,67.44942474365234,67.44942474365234
TD-Clean-7,dsoh_refit,7,B0018,94,88.4478648526792,66.49030685424805,66.49030685424805
TD-Clean-7,dsoh_refit,7,B0018,96,88.14926233550939,65.67694854736328,65.67694854736328
TD-Clean-7,dsoh_refit,7,B0018,99,87.70654438914323,64.7496452331543,64.7496452331543
TD-Clean-7,dsoh_refit,7,B0018,102,91.07812245566797,64.30733108520508,64.30733108520508
TD-Clean-7,dsoh_refit,7,B0018,104,89.62445100410937,63.310325622558594,63.310325622558594
TD-Clean-7,dsoh_refit,7,B0018,106,88.70513095013024,62.30262756347656,62.30262756347656
TD-Clean-7,dsoh_refit,7,B0018,108,87.83746900859978,61.30629348754883,61.30629348754883
TD-Clean-7,dsoh_refit,7,B0018,111,87.53788044222665,60.26011657714844,60.26011657714844
TD-Clean-7,dsoh_refit,7,B0018,114,86.69891328476463,59.61180114746094,59.61180114746094
TD-Clean-7,dsoh_refit,7,B0018,119,93.27978546012802,58.5182991027832,58.5182991027832
TD-Clean-7,dsoh_refit,7,B0018,121,92.1525471966999,57.42190170288086,57.42190170288086
TD-Clean-7,dsoh_refit,7,B0018,123,91.17195305362098,56.32815170288086,56.32815170288086
TD-Clean-7,dsoh_refit,7,B0018,125,90.2416573040256,55.244712829589844,55.244712829589844
TD-Clean-7,dsoh_refit,7,B0018,128,90.55423897233052,54.822879791259766,54.822879791259766
TD-Clean-7,dsoh_refit,7,B0018,130,89.49039068452917,53.78703689575195,53.78703689575195
TD-Clean-7,dsoh_refit,7,B0018,132,88.3454487099843,52.731834411621094,52.731834411621094
TD-Clean-7,dsoh_refit,7,B0018,134,87.60607299731777,51.694969177246094,51.694969177246094
TD-Clean-7,dsoh_refit,7,B0018,136,87.25714700042141,50.699920654296875,50.699920654296875
TD-Clean-7,dsoh_refit,7,B0018,143,89.1426764135498,49.694793701171875,49.694793701171875
TD-Clean-7,dsoh_refit,7,B0018,145,87.66626044455795,48.66891860961914,48.66891860961914
TD-Clean-7,dsoh_refit,7,B0018,147,86.51592379470374,47.66243362426758,47.66243362426758
TD-Clean-7,dsoh_refit,7,B0018,150,86.21730704320841,46.58297348022461,46.58297348022461
TD-Clean-7,dsoh_refit,7,B0018,153,85.8627581657356,45.94404983520508,45.94404983520508
TD-Clean-7,dsoh_refit,7,B0018,155,84.99855590440428,45.03034591674805,45.03034591674805
TD-Clean-7,dsoh_refit,7,B0018,157,84.53366840480606,44.05382537841797,44.05382537841797
TD-Clean-7,dsoh_refit,7,B0018,159,83.69607194854545,43.118743896484375,43.118743896484375
TD-Clean-7,dsoh_refit,7,B0018,162,83.25899594193369,42.145164489746094,42.145164489746094
TD-Clean-7,dsoh_refit,7,B0018,165,83.22975722050174,41.5233154296875,41.5233154296875
TD-Clean-7,dsoh_refit,7,B0018,167,82.72092847997168,40.57688903808594,40.57688903808594
TD-Clean-7,dsoh_refit,7,B0018,169,81.86598978006339,39.680564880371094,39.680564880371094
TD-Clean-7,dsoh_refit,7,B0018,171,81.58859278240016,38.79493713378906,38.79493713378906
TD-Clean-7,dsoh_refit,7,B0018,174,81.31316363799587,37.90884780883789,37.90884780883789
TD-Clean-7,dsoh_refit,7,B0018,177,83.32773163808899,37.520938873291016,37.520938873291016
TD-Clean-7,dsoh_refit,7,B0018,179,82.80709531820148,36.66057586669922,36.66057586669922
TD-Clean-7,dsoh_refit,7,B0018,181,81.57610219236552,35.8179931640625,35.8179931640625
TD-Clean-7,dsoh_refit,7,B0018,183,81.09929204028072,34.93408203125,34.93408203125
TD-Clean-7,dsoh_refit,7,B0018,185,80.60512587063184,33.980491638183594,33.980491638183594
TD-Clean-7,dsoh_refit,7,B0018,188,80.4645909654616,33.48932647705078,33.48932647705078
TD-Clean-7,dsoh_refit,7,B0018,190,80.07171192098461,32.68223571777344,32.68223571777344
TD-Clean-7,dsoh_refit,7,B0018,192,79.77346222448996,31.91217803955078,31.91217803955078
TD-Clean-7,dsoh_refit,7,B0018,194,79.23402412051846,31.067474365234375,31.067474365234375
TD-Clean-7,dsoh_refit,7,B0018,197,78.6783203089025,30.21228790283203,30.21228790283203
TD-Clean-7,dsoh_refit,7,B0018,200,78.94539372549075,29.67980194091797,29.67980194091797
TD-Clean-7,dsoh_refit,7,B0018,202,78.38865828037459,28.879005432128906,28.879005432128906
TD-Clean-7,dsoh_refit,7,B0018,204,78.21127069246836,28.156471252441406,28.156471252441406
TD-Clean-7,dsoh_refit,7,B0018,206,77.6339684068403,27.40467071533203,27.40467071533203
TD-Clean-7,dsoh_refit,7,B0018,209,77.43046760934243,26.566619873046875,26.566619873046875
TD-Clean-7,dsoh_refit,7,B0018,212,79.8708545166814,26.301742553710938,26.301742553710938
TD-Clean-7,dsoh_refit,7,B0018,214,78.93458463676515,25.518836975097656,25.518836975097656
TD-Clean-7,dsoh_refit,7,B0018,216,78.40488242765085,24.663551330566406,24.663551330566406
TD-Clean-7,dsoh_refit,7,B0018,218,77.61921434771055,23.875335693359375,23.875335693359375
TD-Clean-7,dsoh_refit,7,B0018,220,76.9170609064971,22.981689453125,22.981689453125
TD-Clean-7,dsoh_refit,7,B0018,223,79.04297866359087,22.723739624023438,22.723739624023438
TD-Clean-7,dsoh_refit,7,B0018,225,77.61605692618127,22.012725830078125,22.012725830078125
TD-Clean-7,dsoh_refit,7,B0018,227,77.14789574863566,21.28136444091797,21.28136444091797
TD-Clean-7,dsoh_refit,7,B0018,229,76.92281444261894,20.55168914794922,20.55168914794922
TD-Clean-7,dsoh_refit,7,B0018,232,76.3858924270674,19.79846954345703,19.79846954345703
TD-Clean-7,dsoh_refit,7,B0018,235,76.53620320177981,19.44402313232422,19.44402313232422
TD-Clean-7,dsoh_refit,7,B0018,237,75.9063201738239,18.770645141601562,18.770645141601562
TD-Clean-7,dsoh_refit,7,B0018,239,75.72766142150313,18.082420349121094,18.082420349121094
TD-Clean-7,dsoh_refit,7,B0018,241,75.49928800503805,17.393653869628906,17.393653869628906
TD-Clean-7,dsoh_refit,7,B0018,244,74.9124451895705,16.69355010986328,16.69355010986328
TD-Clean-7,dsoh_refit,7,B0018,247,75.25674730493446,16.319549560546875,16.319549560546875
TD-Clean-7,dsoh_refit,7,B0018,249,74.46467849076038,15.680206298828125,15.680206298828125
TD-Clean-7,dsoh_refit,7,B0018,251,74.62885626516028,15.042999267578125,15.042999267578125
TD-Clean-7,dsoh_refit,7,B0018,253,74.33553994642665,14.431472778320312,14.431472778320312
TD-Clean-7,dsoh_refit,7,B0018,256,73.72504079935909,13.760360717773438,13.760360717773438
TD-Clean-7,dsoh_refit,7,B0018,259,79.36110924975578,13.422950744628906,13.422950744628906
TD-Clean-7,dsoh_refit,7,B0018,261,78.799706688891,12.74560546875,12.74560546875
TD-Clean-7,dsoh_refit,7,B0018,263,78.14983302548104,11.994606018066406,11.994606018066406
TD-Clean-7,dsoh_refit,7,B0018,265,77.61878718971624,11.160232543945312,11.160232543945312
TD-Clean-7,dsoh_refit,7,B0018,267,76.88079746021991,10.306350708007812,10.306350708007812
TD-Clean-7,dsoh_refit,7,B0018,270,76.8319836786595,9.863433837890625,9.863433837890625
TD-Clean-7,dsoh_refit,7,B0018,272,76.01926160635412,9.134971618652344,9.134971618652344
TD-Clean-7,dsoh_refit,7,B0018,274,75.82358510102308,8.529876708984375,8.529876708984375
TD-Clean-7,dsoh_refit,7,B0018,276,75.53633219814198,7.9305572509765625,7.9305572509765625
TD-Clean-7,dsoh_refit,7,B0018,279,75.31793705780649,7.107429504394531,7.107429504394531
TD-Clean-7,dsoh_refit,7,B0018,282,75.43684114368729,6.6895904541015625,6.6895904541015625
TD-Clean-7,dsoh_refit,7,B0018,284,74.7829788363973,5.908241271972656,5.908241271972656
TD-Clean-7,dsoh_refit,7,B0018,286,74.15991898288928,5.180084228515625,5.180084228515625
TD-Clean-7,dsoh_refit,7,B0018,288,73.84846878839457,4.455238342285156,4.455238342285156
TD-Clean-7,dsoh_refit,7,B0018,291,73.15537271331122,3.6894073486328125,3.6894073486328125
TD-Clean-7,dsoh_refit,7,B0018,294,77.53589472577204,3.3646163940429688,3.3646163940429688
TD-Clean-7,dsoh_refit,7,B0018,296,76.42763235972666,2.6774444580078125,2.6774444580078125
TD-Clean-7,dsoh_refit,7,B0018,298,75.72351586777258,1.964996337890625,1.964996337890625
TD-Clean-7,dsoh_refit,7,B0018,300,75.4386936803776,1.1697463989257812,1.1697463989257812
TD-Clean-7,dsoh_refit,7,B0018,302,74.45721490205536,0.40582275390625,0.40582275390625
TD-Clean-7,dsoh_refit,7,B0018,305,74.97385174402893,0.007537841796875,0.007537841796875
TD-Clean-7,dsoh_refit,7,B0018,307,74.3741167471391,-0.563873291015625,-0.563873291015625
TD-Clean-7,dsoh_refit,7,B0018,309,74.05233968989694,-1.118499755859375,-1.118499755859375
TD-Clean-7,dsoh_refit,7,B0018,311,74.08863589293038,-1.7742843627929688,-1.7742843627929688
TD-Clean-7,dsoh_refit,7,B0018,314,73.46151441244959,-2.5116500854492188,-2.5116500854492188
TD-Clean-7,dsoh_refit,7,B0018,317,73.62086195282473,-2.8414688110351562,-2.8414688110351562
TD-Clean-7,dsoh_refit,7,B0018,319,72.87391760769836,-3.569793701171875,-3.569793701171875
TD-Clean-7,dsoh_refit,123,B0005,2,100.80760884947765,100.0,100.0
TD-Clean-7,dsoh_refit,123,B0005,4,100.25590968770103,99.91936898976564,99.91936898976564
TD-Clean-7,dsoh_refit,123,B0005,6,99.65979925247206,99.78531450033188,99.78531450033188
TD-Clean-7,dsoh_refit,123,B0005,8,99.65509323788856,99.65827959775925,99.65827959775925
TD-Clean-7,dsoh_refit,123,B0005,10,99.6215889724607,99.51078939437866,99.51078939437866
TD-Clean-7,dsoh_refit,123,B0005,12,99.67676620535396,99.40307086706161,99.40307086706161
TD-Clean-7,dsoh_refit,123,B0005,14,99.64877352944652,99.27923458814621,99.27923458814621
TD-Clean-7,dsoh_refit,123,B0005,16,99.13892996732449,99.10237091779709,99.10237091779709
TD-Clean-7,dsoh_refit,123,B0005,18,99.08555627584838,98.91068649291992,98.91068649291992
TD-Clean-7,dsoh_refit,123,B0005,20,99.0768365083485,98.77367115020752,98.77367115020752
TD-Clean-7,dsoh_refit,123,B0005,22,99.07717774099622,98.57820129394531,98.57820129394531
TD-Clean-7,dsoh_refit,123,B0005,25,98.5114992237362,98.35345673561096,98.35345673561096
TD-Clean-7,dsoh_refit,123,B0005,27,98.4870761948254,98.12442433834076,98.12442433834076
TD-Clean-7,dsoh_refit,123,B0005,29,98.47015265835132,97.88015079498291,97.88015079498291
TD-Clean-7,dsoh_refit,123,B0005,31,97.88140357167902,97.67509365081787,97.67509365081787
TD-Clean-7,dsoh_refit,123,B0005,33,97.85473656745688,97.42240953445435,97.42240953445435
TD-Clean-7,dsoh_refit,123,B0005,35,97.88039886599036,97.24535131454468,97.24535131454468
TD-Clean-7,dsoh_refit,123,B0005,37,97.9069415267384,97.06147050857544,97.06147050857544
TD-Clean-7,dsoh_refit,123,B0005,39,97.89115702988882,96.86341190338135,96.86341190338135
TD-Clean-7,dsoh_refit,123,B0005,42,100.29385168145046,97.02908205986023,96.86341190338135
TD-Clean-7,dsoh_refit,123,B0005,46,100.31510023136114,97.22045350074768,96.86341190338135
TD-Clean-7,dsoh_refit,123,B0005,50,99.70477213786135,97.27648329734802,96.86341190338135
TD-Clean-7,dsoh_refit,123,B0005,54,99.1402308374376,97.35284352302551,96.86341190338135
TD-Clean-7,dsoh_refit,123,B0005,58,99.10400696359169,97.40429759025574,96.86341190338135
TD-Clean-7,dsoh_refit,123,B0005,62,99.12941188644592,97.51582479476929,96.86341190338135
TD-Clean-7,dsoh_refit,123,B0005,66,98.50222430381568,97.54710221290588,96.86341190338135
TD-Clean-7,dsoh_refit,123,B0005,70,98.5423014565286,97.63975238800049,96.86341190338135
TD-Clean-7,dsoh_refit,123,B0005,74,98.49887187571204,97.75519490242004,96.86341190338135
TD-Clean-7,dsoh_refit,123,B0005,78,97.89050762402466,97.8640398979187,96.86341190338135
TD-Clean-7,dsoh_refit,123,B0005,82,97.96171552529285,97.95908427238464,96.86341190338135
TD-Clean-7,dsoh_refit,123,B0005,90,99.4075559707276,97.72067070007324,96.86341190338135
TD-Clean-7,dsoh_refit,123,B0005,94,98.82112827769676,97.41762495040894,96.86341190338135
TD-Clean-7,dsoh_refit,123,B0005,98,98.2457556393358,97.15127921104431,96.86341190338135
TD-Clean-7,dsoh_refit,123,B0005,102,97.99065016377766,96.87557077407837,96.86341190338135
TD-Clean-7,dsoh_refit,123,B0005,106,97.7065060215613,96.73600482940674,96.73600482940674
TD-Clean-7,dsoh_refit,123,B0005,110,97.11279694879056,96.47721910476685,96.47721910476685
TD-Clean-7,dsoh_refit,123,B0005,114,96.81304988059888,96.20633935928345,96.20633935928345
TD-Clean-7,dsoh_refit,123,B0005,118,96.27605729788222,95.98992586135864,95.98992586135864
TD-Clean-7,dsoh_refit,123,B0005,122,96.2762766313732,95.8808479309082,95.8808479309082
TD-Clean-7,dsoh_refit,123,B0005,126,95.99578118843372,95.74878168106079,95.74878168106079
TD-Clean-7,dsoh_refit,123,B0005,130,95.69403287907456,95.46605443954468,95.46605443954468
TD-Clean-7,dsoh_refit,123,B0005,134,95.98194451474556,95.15983295440674,95.15983295440674
TD-Clean-7,dsoh_refit,123,B0005,136,95.71321655496544,94.98701190948486,94.98701190948486
TD-Clean-7,dsoh_refit,123,B0005,140,95.11928805425076,94.77495908737183,94.77495908737183
TD-Clean-7,dsoh_refit,123,B0005,144,94.58275432725988,94.56723499298096,94.56723499298096
TD-Clean-7,dsoh_refit,123,B0005,148,94.27008009570102,94.45003700256348,94.45003700256348
TD-Clean-7,dsoh_refit,123,B0005,150,97.39411432859931,94.87918901443481,94.45003700256348
TD-Clean-7,dsoh_refit,123,B0005,154,96.82749231246368,94.47142839431763,94.45003700256348
TD-Clean-7,dsoh_refit,123,B0005,158,95.96820195991576,94.08974313735962,94.08974313735962
TD-Clean-7,dsoh_refit,123,B0005,162,95.40638930769452,93.69315004348755,93.69315004348755
TD-Clean-7,dsoh_refit,123,B0005,166,94.8553962680492,93.44881868362427,93.44881868362427
TD-Clean-7,dsoh_refit,123,B0005,170,94.5755674779542,93.21074962615967,93.21074962615967
TD-Clean-7,dsoh_refit,123,B0005,174,94.28806184403476,92.9822130203247,92.9822130203247
TD-Clean-7,dsoh_refit,123,B0005,178,93.73958753620327,92.75553607940674,92.75553607940674
TD-Clean-7,dsoh_refit,123,B0005,182,93.16861105469168,92.5556755065918,92.5556755065918
TD-Clean-7,dsoh_refit,123,B0005,186,92.88227598613614,92.37194919586182,92.37194919586182
TD-Clean-7,dsoh_refit,123,B0005,190,92.636901518198,92.19910717010498,92.19910717010498
TD-Clean-7,dsoh_refit,123,B0005,194,92.32720191735562,92.02475452423096,92.02475452423096
TD-Clean-7,dsoh_refit,123,B0005,198,92.01599848919145,91.84274101257324,91.84274101257324
TD-Clean-7,dsoh_refit,123,B0005,202,91.49053823956656,91.53820896148682,91.53820896148682
TD-Clean-7,dsoh_refit,123,B0005,206,90.92425521866993,91.26018619537354,91.26018619537354
TD-Clean-7,dsoh_refit,123,B0005,210,90.92941856192826,91.10433197021484,91.10433197021484
TD-Clean-7,dsoh_refit,123,B0005,214,90.34010561326173,90.82385540008545,90.82385540008545
TD-Clean-7,dsoh_refit,123,B0005,216,90.0847586044663,90.6319351196289,90.6319351196289
TD-Clean-7,dsoh_refit,123,B0005,220,89.80457989439137,90.4228630065918,90.4228630065918
TD-Clean-7,dsoh_refit,123,B0005,224,89.19640288815545,90.20143604278564,90.20143604278564
TD-Clean-7,dsoh_refit,123,B0005,228,88.93598251136243,89.99678707122803,89.99678707122803
TD-Clean-7,dsoh_refit,123,B0005,232,88.65781340235759,89.79469966888428,89.79469966888428
TD-Clean-7,dsoh_refit,123,B0005,236,88.38728178562198,89.5438871383667,89.5438871383667
TD-Clean-7,dsoh_refit,123,B0005,240,88.08171260170519,89.37731838226318,89.37731838226318
TD-Clean-7,dsoh_refit,123,B0005,244,87.49528010741024,89.23972225189209,89.23972225189209
TD-Clean-7,dsoh_refit,123,B0005,248,87.2366743602368,89.07609272003174,89.07609272003174
TD-Clean-7,dsoh_refit,123,B0005,252,86.96251727221627,88.9186954498291,88.9186954498291
TD-Clean-7,dsoh_refit,123,B0005,256,86.35734215456989,88.73831272125244,88.73831272125244
TD-Clean-7,dsoh_refit,123,B0005,260,86.10863457357058,88.55623245239258,88.55623245239258
TD-Clean-7,dsoh_refit,123,B0005,264,86.06270063126725,88.41556453704834,88.41556453704834
TD-Clean-7,dsoh_refit,123,B0005,266,86.63737677555004,88.29898834228516,88.29898834228516
TD-Clean-7,dsoh_refit,123,B0005,270,85.50813849993258,88.0629997253418,88.0629997253418
TD-Clean-7,dsoh_refit,123,B0005,274,84.97446653296429,87.90418529510498,87.90418529510498
TD-Clean-7,dsoh_refit,123,B0005,278,84.69557819389517,87.76996803283691,87.76996803283691
TD-Clean-7,dsoh_refit,123,B0005,282,84.68013627936132,87.69874382019043,87.69874382019043
TD-Clean-7,dsoh_refit,123,B0005,286,84.41991821853574,87.53939533233643,87.53939533233643
TD-Clean-7,dsoh_refit,123,B0005,290,84.10414931140878,87.37417888641357,87.37417888641357
TD-Clean-7,dsoh_refit,123,B0005,294,83.52653061113354,87.15390300750732,87.15390300750732
TD-Clean-7,dsoh_refit,123,B0005,298,82.96602561057489,87.02141666412354,87.02141666412354
TD-Clean-7,dsoh_refit,123,B0005,302,82.99920327964658,86.98356628417969,86.98356628417969
TD-Clean-7,dsoh_refit,123,B0005,306,82.68003018050378,86.87139511108398,86.87139511108398
TD-Clean-7,dsoh_refit,123,B0005,310,82.39976893302816,86.73391628265381,86.73391628265381
TD-Clean-7,dsoh_refit,123,B0005,313,87.19626195760692,86.54944133758545,86.54944133758545
TD-Clean-7,dsoh_refit,123,B0005,316,84.91729656129593,86.52364444732666,86.52364444732666
TD-Clean-7,dsoh_refit,123,B0005,320,84.06165489885902,86.3413143157959,86.3413143157959
TD-Clean-7,dsoh_refit,123,B0005,324,83.2082752902044,86.14652729034424,86.14652729034424
TD-Clean-7,dsoh_refit,123,B0005,328,82.91381970838151,85.99948024749756,85.99948024749756
TD-Clean-7,dsoh_refit,123,B0005,332,82.37106085271179,85.86846923828125,85.86846923828125
TD-Clean-7,dsoh_refit,123,B0005,336,82.09631790141844,85.74120426177979,85.74120426177979
TD-Clean-7,dsoh_refit,123,B0005,340,81.80669701206385,85.62549304962158,85.62549304962158
TD-Clean-7,dsoh_refit,123,B0005,344,81.53418918115372,85.4843635559082,85.4843635559082
TD-Clean-7,dsoh_refit,123,B0005,348,80.95312575426658,85.3540849685669,85.3540849685669
TD-Clean-7,dsoh_refit,123,B0005,352,80.6829269258604,85.24937534332275,85.24937534332275
TD-Clean-7,dsoh_refit,123,B0005,356,80.38673535372676,85.12820720672607,85.12820720672607
TD-Clean-7,dsoh_refit,123,B0005,360,80.10415225005684,84.97048282623291,84.97048282623291
TD-Clean-7,dsoh_refit,123,B0005,364,80.68483906716317,84.89299392700195,84.89299392700195
TD-Clean-7,dsoh_refit,123,B0005,367,81.23806188586506,84.81729221343994,84.81729221343994
TD-Clean-7,dsoh_refit,123,B0005,371,80.40774500270479,84.66215419769287,84.66215419769287
TD-Clean-7,dsoh_refit,123,B0005,375,79.80793062432481,84.4431095123291,84.4431095123291
TD-Clean-7,dsoh_refit,123,B0005,379,78.94710440938543,84.2764139175415,84.2764139175415
TD-Clean-7,dsoh_refit,123,B0005,383,78.96040682717852,84.18401432037354,84.18401432037354
TD-Clean-7,dsoh_refit,123,B0005,387,79.00805769223405,84.06133556365967,84.06133556365967
TD-Clean-7,dsoh_refit,123,B0005,391,78.68325635434054,83.9664306640625,83.9664306640625
TD-Clean-7,dsoh_refit,123,B0005,395,78.12009683923326,83.81475448608398,83.81475448608398
TD-Clean-7,dsoh_refit,123,B0005,399,77.83635095586517,83.72911834716797,83.72911834716797
TD-Clean-7,dsoh_refit,123,B0005,403,77.83366081216815,83.60840034484863,83.60840034484863
TD-Clean-7,dsoh_refit,123,B0005,407,77.54418562704669,83.53594779968262,83.53594779968262
TD-Clean-7,dsoh_refit,123,B0005,411,77.26483532824366,83.40992164611816,83.40992164611816
TD-Clean-7,dsoh_refit,123,B0005,415,76.96665751739931,83.28649711608887,83.28649711608887
TD-Clean-7,dsoh_refit,123,B0005,419,76.69408123915822,83.22960090637207,83.22960090637207
TD-Clean-7,dsoh_refit,123,B0005,423,76.7032886034996,83.18191146850586,83.18191146850586
TD-Clean-7,dsoh_refit,123,B0005,427,76.43285089151239,83.08418273925781,83.08418273925781
TD-Clean-7,dsoh_refit,123,B0005,431,77.83345221466253,82.86991500854492,82.86991500854492
TD-Clean-7,dsoh_refit,123,B0005,433,78.09751233548145,82.77648162841797,82.77648162841797
TD-Clean-7,dsoh_refit,123,B0005,437,76.96262218385922,82.600830078125,82.600830078125
TD-Clean-7,dsoh_refit,123,B0005,441,76.3993634537507,82.46290588378906,82.46290588378906
TD-Clean-7,dsoh_refit,123,B0005,445,76.08562321685423,82.38832664489746,82.38832664489746
TD-Clean-7,dsoh_refit,123,B0005,449,75.84111192639295,82.31771659851074,82.31771659851074
TD-Clean-7,dsoh_refit,123,B0005,453,75.5470202599512,82.24582481384277,82.24582481384277
TD-Clean-7,dsoh_refit,123,B0005,457,75.2724773855306,82.1490535736084,82.1490535736084
TD-Clean-7,dsoh_refit,123,B0005,461,74.95796574493023,82.07152366638184,82.07152366638184
TD-Clean-7,dsoh_refit,123,B0005,465,74.67559060559861,81.93374443054199,81.93374443054199
TD-Clean-7,dsoh_refit,123,B0005,469,74.4190975749656,81.87030982971191,81.87030982971191
TD-Clean-7,dsoh_refit,123,B0005,473,74.41886702385212,81.81705093383789,81.81705093383789
TD-Clean-7,dsoh_refit,123,B0005,477,74.10538957595438,81.76898765563965,81.76898765563965
TD-Clean-7,dsoh_refit,123,B0005,481,74.68403981580354,81.87397003173828,81.76898765563965
TD-Clean-7,dsoh_refit,123,B0005,483,75.26611054535188,81.85210609436035,81.76898765563965
TD-Clean-7,dsoh_refit,123,B0005,485,74.38310747232698,81.71577072143555,81.71577072143555
TD-Clean-7,dsoh_refit,123,B0005,489,74.10795710900801,81.64353561401367,81.64353561401367
TD-Clean-7,dsoh_refit,123,B0005,493,73.53993654981534,81.56245040893555,81.56245040893555
TD-Clean-7,dsoh_refit,123,B0005,497,73.55729388669064,81.55618667602539,81.55618667602539
TD-Clean-7,dsoh_refit,123,B0005,501,73.56067241598603,81.49361991882324,81.49361991882324
TD-Clean-7,dsoh_refit,123,B0005,505,73.26805286034079,81.40962600708008,81.40962600708008
TD-Clean-7,dsoh_refit,123,B0005,509,72.98972077509227,81.29064178466797,81.29064178466797
TD-Clean-7,dsoh_refit,123,B0005,513,72.70747847813722,81.28236770629883,81.28236770629883
TD-Clean-7,dsoh_refit,123,B0005,517,72.70330518052887,81.29636192321777,81.28236770629883
TD-Clean-7,dsoh_refit,123,B0005,521,72.43680818215978,81.24690818786621,81.24690818786621
TD-Clean-7,dsoh_refit,123,B0005,525,72.14563728793834,81.1320629119873,81.1320629119873
TD-Clean-7,dsoh_refit,123,B0005,529,71.84842350914826,81.06144905090332,81.06144905090332
TD-Clean-7,dsoh_refit,123,B0005,533,71.57682808520298,81.0356559753418,81.0356559753418
TD-Clean-7,dsoh_refit,123,B0005,537,71.59297070565168,81.08402633666992,81.0356559753418
TD-Clean-7,dsoh_refit,123,B0005,541,71.58355486033668,81.00020790100098,81.00020790100098
TD-Clean-7,dsoh_refit,123,B0005,545,71.88651633814797,80.83468055725098,80.83468055725098
TD-Clean-7,dsoh_refit,123,B0005,548,73.85485752850198,80.86045265197754,80.83468055725098
TD-Clean-7,dsoh_refit,123,B0005,552,72.73676298693475,80.79388236999512,80.79388236999512
TD-Clean-7,dsoh_refit,123,B0005,556,72.16650080848474,80.6935043334961,80.6935043334961
TD-Clean-7,dsoh_refit,123,B0005,560,71.87574889700983,80.59425354003906,80.59425354003906
TD-Clean-7,dsoh_refit,123,B0005,564,71.60206343923741,80.52394485473633,80.52394485473633
TD-Clean-7,dsoh_refit,123,B0005,568,71.32194157026348,80.48318862915039,80.48318862915039
TD-Clean-7,dsoh_refit,123,B0005,572,71.30711389020412,80.41971015930176,80.41971015930176
TD-Clean-7,dsoh_refit,123,B0005,576,71.01356336148518,80.37981414794922,80.37981414794922
TD-Clean-7,dsoh_refit,123,B0005,580,70.75492745457169,80.36452865600586,80.36452865600586
TD-Clean-7,dsoh_refit,123,B0005,584,70.77254445771489,80.30921363830566,80.30921363830566
TD-Clean-7,dsoh_refit,123,B0005,588,70.77540542374062,80.28250694274902,80.28250694274902
TD-Clean-7,dsoh_refit,123,B0005,592,70.47550750397869,80.25215148925781,80.25215148925781
TD-Clean-7,dsoh_refit,123,B0005,596,70.48563041810954,80.19450759887695,80.19450759887695
TD-Clean-7,dsoh_refit,123,B0005,600,70.23531244180377,80.12658882141113,80.12658882141113
TD-Clean-7,dsoh_refit,123,B0005,604,69.93882142370093,80.07489585876465,80.07489585876465
TD-Clean-7,dsoh_refit,123,B0005,608,69.90890905512207,80.04821395874023,80.04821395874023
TD-Clean-7,dsoh_refit,123,B0005,612,71.07977535187085,80.07137298583984,80.04821395874023
TD-Clean-7,dsoh_refit,123,B0005,614,71.95205157786506,80.21682167053223,80.04821395874023
TD-Clean-7,dsoh_refit,123,B0006,2,100.88297108833646,100.0,100.0
TD-Clean-7,dsoh_refit,123,B0006,4,100.37753235288778,99.79381337761879,99.79381337761879
TD-Clean-7,dsoh_refit,123,B0006,6,99.79196916000484,99.58106535673141,99.58106535673141
TD-Clean-7,dsoh_refit,123,B0006,8,99.7899019818078,99.36972486972809,99.36972486972809
TD-Clean-7,dsoh_refit,123,B0006,10,99.15762541696316,99.14838016033173,99.14838016033173
TD-Clean-7,dsoh_refit,123,B0006,12,99.8203556776378,98.90103805065155,98.90103805065155
TD-Clean-7,dsoh_refit,123,B0006,14,99.7808037027038,98.6548445224762,98.6548445224762
TD-Clean-7,dsoh_refit,123,B0006,16,97.5844832820893,98.45537626743317,98.45537626743317
TD-Clean-7,dsoh_refit,123,B0006,18,97.5535716293996,98.24994337558746,98.24994337558746
TD-Clean-7,dsoh_refit,123,B0006,20,97.01155142541865,98.04438936710358,98.04438936710358
TD-Clean-7,dsoh_refit,123,B0006,22,96.43502080876348,97.83279991149902,97.83279991149902
TD-Clean-7,dsoh_refit,123,B0006,25,95.8972998236526,97.65765428543091,97.65765428543091
TD-Clean-7,dsoh_refit,123,B0006,27,95.32875373854844,97.46304368972778,97.46304368972778
TD-Clean-7,dsoh_refit,123,B0006,29,94.76419905980474,97.2131040096283,97.2131040096283
TD-Clean-7,dsoh_refit,123,B0006,31,94.22773853976388,97.01333284378052,97.01333284378052
TD-Clean-7,dsoh_refit,123,B0006,33,93.6395064953226,96.80923533439636,96.80923533439636
TD-Clean-7,dsoh_refit,123,B0006,35,93.09821798643677,96.59283638000488,96.59283638000488
TD-Clean-7,dsoh_refit,123,B0006,37,92.56743574756617,96.38961029052734,96.38961029052734
TD-Clean-7,dsoh_refit,123,B0006,39,92.56840432582156,96.16491985321045,96.16491985321045
TD-Clean-7,dsoh_refit,123,B0006,42,98.12161319843736,95.94611072540283,95.94611072540283
TD-Clean-7,dsoh_refit,123,B0006,46,97.02736865587346,95.76298141479492,95.76298141479492
TD-Clean-7,dsoh_refit,123,B0006,50,96.4457203456954,95.55543279647827,95.55543279647827
TD-Clean-7,dsoh_refit,123,B0006,54,95.37664206593776,95.34793663024902,95.34793663024902
TD-Clean-7,dsoh_refit,123,B0006,58,96.45395400781383,95.11005401611328,95.11005401611328
TD-Clean-7,dsoh_refit,123,B0006,62,94.2446511737385,94.8981556892395,94.8981556892395
TD-Clean-7,dsoh_refit,123,B0006,66,93.11783815158223,94.69656276702881,94.69656276702881
TD-Clean-7,dsoh_refit,123,B0006,70,92.60393676951,94.46152830123901,94.46152830123901
TD-Clean-7,dsoh_refit,123,B0006,74,91.99518419888014,94.230140209198,94.230140209198
TD-Clean-7,dsoh_refit,123,B0006,78,91.45865458065036,94.01435899734497,94.01435899734497
TD-Clean-7,dsoh_refit,123,B0006,82,92.05488530825814,93.77885246276855,93.77885246276855
TD-Clean-7,dsoh_refit,123,B0006,90,93.2941701264468,93.54491472244263,93.54491472244263
TD-Clean-7,dsoh_refit,123,B0006,94,91.95812296295944,93.29838991165161,93.29838991165161
TD-Clean-7,dsoh_refit,123,B0006,98,91.16379285351326,93.04093217849731,93.04093217849731
TD-Clean-7,dsoh_refit,123,B0006,102,90.13722315501992,92.80531406402588,92.80531406402588
TD-Clean-7,dsoh_refit,123,B0006,106,89.88629167454431,92.54306411743164,92.54306411743164
TD-Clean-7,dsoh_refit,123,B0006,110,89.07464504963947,92.28699541091919,92.28699541091919
TD-Clean-7,dsoh_refit,123,B0006,114,88.27677498375004,92.05003690719604,92.05003690719604
TD-Clean-7,dsoh_refit,123,B0006,118,87.78153478310176,91.84559726715088,91.84559726715088
TD-Clean-7,dsoh_refit,123,B0006,122,87.25902301297472,91.6663236618042,91.6663236618042
TD-Clean-7,dsoh_refit,123,B0006,126,86.75445063463465,91.41214370727539,91.41214370727539
TD-Clean-7,dsoh_refit,123,B0006,130,86.21919662960373,91.16053104400635,91.16053104400635
TD-Clean-7,dsoh_refit,123,B0006,134,86.97181002045869,90.91757011413574,90.91757011413574
TD-Clean-7,dsoh_refit,123,B0006,136,87.53004089819298,90.66109275817871,90.66109275817871
TD-Clean-7,dsoh_refit,123,B0006,140,85.93648557449694,90.45721340179443,90.45721340179443
TD-Clean-7,dsoh_refit,123,B0006,144,84.92223069682748,90.25411415100098,90.25411415100098
TD-Clean-7,dsoh_refit,123,B0006,148,84.38106569995976,90.09858798980713,90.09858798980713
TD-Clean-7,dsoh_refit,123,B0006,150,90.39396636175364,89.97964477539062,89.97964477539062
TD-Clean-7,dsoh_refit,123,B0006,154,89.62118442408695,89.77929878234863,89.77929878234863
TD-Clean-7,dsoh_refit,123,B0006,158,88.01687540594799,89.51850605010986,89.51850605010986
TD-Clean-7,dsoh_refit,123,B0006,162,86.47934133475826,89.30254745483398,89.30254745483398
TD-Clean-7,dsoh_refit,123,B0006,166,85.7093899316892,89.03671455383301,89.03671455383301
TD-Clean-7,dsoh_refit,123,B0006,170,84.66363361309608,88.80980682373047,88.80980682373047
TD-Clean-7,dsoh_refit,123,B0006,174,84.14253773442293,88.56289958953857,88.56289958953857
TD-Clean-7,dsoh_refit,123,B0006,178,83.37268440744252,88.31089305877686,88.31089305877686
TD-Clean-7,dsoh_refit,123,B0006,182,82.84795096685752,88.05972671508789,88.05972671508789
TD-Clean-7,dsoh_refit,123,B0006,186,82.31672078137474,87.83267307281494,87.83267307281494
TD-Clean-7,dsoh_refit,123,B0006,190,81.8390002521071,87.60863018035889,87.60863018035889
TD-Clean-7,dsoh_refit,123,B0006,194,81.29446683115198,87.36858749389648,87.36858749389648
TD-Clean-7,dsoh_refit,123,B0006,198,80.75246648690656,87.13302230834961,87.13302230834961
TD-Clean-7,dsoh_refit,123,B0006,202,79.7437886746144,86.90872955322266,86.90872955322266
TD-Clean-7,dsoh_refit,123,B0006,206,79.47984426199564,86.67815685272217,86.67815685272217
TD-Clean-7,dsoh_refit,123,B0006,210,79.25415788836384,86.48647022247314,86.48647022247314
TD-Clean-7,dsoh_refit,123,B0006,214,78.69188922732394,86.27839279174805,86.27839279174805
TD-Clean-7,dsoh_refit,123,B0006,216,78.46114405771091,86.04963493347168,86.04963493347168
TD-Clean-7,dsoh_refit,123,B0006,220,77.67630372212932,85.83076286315918,85.83076286315918
TD-Clean-7,dsoh_refit,123,B0006,224,77.38916838478035,85.65479850769043,85.65479850769043
TD-Clean-7,dsoh_refit,123,B0006,228,76.88491527529958,85.50326251983643,85.50326251983643
TD-Clean-7,dsoh_refit,123,B0006,232,76.3646225030132,85.32994747161865,85.32994747161865
TD-Clean-7,dsoh_refit,123,B0006,236,75.60327887522882,85.15363883972168,85.15363883972168
TD-Clean-7,dsoh_refit,123,B0006,240,75.84333345118733,85.0079174041748,85.0079174041748
TD-Clean-7,dsoh_refit,123,B0006,244,75.57070473005419,84.88233470916748,84.88233470916748
TD-Clean-7,dsoh_refit,123,B0006,248,75.06972493621848,84.7897367477417,84.7897367477417
TD-Clean-7,dsoh_refit,123,B0006,252,74.81407516505371,84.68308544158936,84.68308544158936
TD-Clean-7,dsoh_refit,123,B0006,256,74.54671414292675,84.59563159942627,84.59563159942627
TD-Clean-7,dsoh_refit,123,B0006,260,74.02740213488109,84.51141166687012,84.51141166687012
TD-Clean-7,dsoh_refit,123,B0006,264,73.73556466569462,84.44744968414307,84.44744968414307
TD-Clean-7,dsoh_refit,123,B0006,266,75.84980622026112,84.32821750640869,84.32821750640869
TD-Clean-7,dsoh_refit,123,B0006,270,74.55060879561292,84.20071411132812,84.20071411132812
TD-Clean-7,dsoh_refit,123,B0006,274,73.79142812679322,84.12616539001465,84.12616539001465
TD-Clean-7,dsoh_refit,123,B0006,278,73.27190839787096,84.08860206604004,84.08860206604004
TD-Clean-7,dsoh_refit,123,B0006,282,73.28093201847443,84.03721332550049,84.03721332550049
TD-Clean-7,dsoh_refit,123,B0006,286,73.02095301621284,84.15677165985107,84.03721332550049
TD-Clean-7,dsoh_refit,123,B0006,290,72.73851013234444,84.05915260314941,84.03721332550049
TD-Clean-7,dsoh_refit,123,B0006,294,71.95104826590523,83.96594047546387,83.96594047546387
TD-Clean-7,dsoh_refit,123,B0006,298,71.96564568462234,83.93328475952148,83.93328475952148
TD-Clean-7,dsoh_refit,123,B0006,302,71.72895437691278,83.95073318481445,83.93328475952148
TD-Clean-7,dsoh_refit,123,B0006,306,71.71434939609318,83.89607429504395,83.89607429504395
TD-Clean-7,dsoh_refit,123,B0006,310,71.45761792874575,83.84074401855469,83.84074401855469
TD-Clean-7,dsoh_refit,123,B0006,313,78.98726854374111,83.7444019317627,83.7444019317627
TD-Clean-7,dsoh_refit,123,B0006,316,76.64794397240323,83.62846183776855,83.62846183776855
TD-Clean-7,dsoh_refit,123,B0006,320,75.07747171565073,83.446044921875,83.446044921875
TD-Clean-7,dsoh_refit,123,B0006,324,74.29795247472106,83.3123550415039,83.3123550415039
TD-Clean-7,dsoh_refit,123,B0006,328,73.51146675367659,83.21770286560059,83.21770286560059
TD-Clean-7,dsoh_refit,123,B0006,332,73.00864275760908,83.11835670471191,83.11835670471191
TD-Clean-7,dsoh_refit,123,B0006,336,72.50277290138493,83.0463638305664,83.0463638305664
TD-Clean-7,dsoh_refit,123,B0006,340,71.96131839956391,82.97885513305664,82.97885513305664
TD-Clean-7,dsoh_refit,123,B0006,344,71.71500633205595,82.91520690917969,82.91520690917969
TD-Clean-7,dsoh_refit,123,B0006,348,71.44305583769248,82.86229705810547,82.86229705810547
TD-Clean-7,dsoh_refit,123,B0006,352,70.93898960214143,82.84455871582031,82.84455871582031
TD-Clean-7,dsoh_refit,123,B0006,356,70.68194044477139,82.81048583984375,82.81048583984375
TD-Clean-7,dsoh_refit,123,B0006,360,70.4074916889224,82.77193641662598,82.77193641662598
TD-Clean-7,dsoh_refit,123,B0006,364,70.41804785222855,82.77441787719727,82.77193641662598
TD-Clean-7,dsoh_refit,123,B0006,367,71.98210310103482,82.6898021697998,82.6898021697998
TD-Clean-7,dsoh_refit,123,B0006,371,70.95618334594263,82.6019515991211,82.6019515991211
TD-Clean-7,dsoh_refit,123,B0006,375,70.1362730902931,82.50134658813477,82.50134658813477
TD-Clean-7,dsoh_refit,123,B0006,379,69.87433806657212,82.45471954345703,82.45471954345703
TD-Clean-7,dsoh_refit,123,B0006,383,69.63573699649338,82.45875358581543,82.45471954345703
TD-Clean-7,dsoh_refit,123,B0006,387,69.15232147064526,82.41693496704102,82.41693496704102
TD-Clean-7,dsoh_refit,123,B0006,391,69.12109936452545,82.39699935913086,82.39699935913086
TD-Clean-7,dsoh_refit,123,B0006,395,68.86250185726787,82.39055252075195,82.39055252075195
TD-Clean-7,dsoh_refit,123,B0006,399,68.59092282212131,82.3944320678711,82.39055252075195
TD-Clean-7,dsoh_refit,123,B0006,403,68.08750743669,82.37154579162598,82.37154579162598
TD-Clean-7,dsoh_refit,123,B0006,407,68.33159705981836,82.3545150756836,82.3545150756836
TD-Clean-7,dsoh_refit,123,B0006,411,68.09140360412486,82.35326766967773,82.35326766967773
TD-Clean-7,dsoh_refit,123,B0006,415,67.81869443003508,82.35516548156738,82.35326766967773
TD-Clean-7,dsoh_refit,123,B0006,419,67.5730638436144,82.39303398132324,82.35326766967773
TD-Clean-7,dsoh_refit,123,B0006,423,67.31503513349786,82.43931007385254,82.35326766967773
TD-Clean-7,dsoh_refit,123,B0006,427,67.07575548417674,82.43543434143066,82.35326766967773
TD-Clean-7,dsoh_refit,123,B0006,431,68.60691404106846,82.40149879455566,82.35326766967773
TD-Clean-7,dsoh_refit,123,B0006,433,69.64711039275872,82.33890151977539,82.33890151977539
TD-Clean-7,dsoh_refit,123,B0006,437,68.33719964359061,82.29430389404297,82.29430389404297
TD-Clean-7,dsoh_refit,123,B0006,441,67.81907707369999,82.31228446960449,82.29430389404297
TD-Clean-7,dsoh_refit,123,B0006,445,67.27630029953899,82.35271072387695,82.29430389404297
TD-Clean-7,dsoh_refit,123,B0006,449,67.03731096833596,82.41003799438477,82.29430389404297
TD-Clean-7,dsoh_refit,123,B0006,453,66.78534122129697,82.48708152770996,82.29430389404297
TD-Clean-7,dsoh_refit,123,B0006,457,66.26973868287087,82.5394058227539,82.29430389404297
TD-Clean-7,dsoh_refit,123,B0006,461,65.98363462621751,82.62458610534668,82.29430389404297
TD-Clean-7,dsoh_refit,123,B0006,465,65.72069252661954,82.6989574432373,82.29430389404297
TD-Clean-7,dsoh_refit,123,B0006,469,65.50500064349335,82.80294799804688,82.29430389404297
TD-Clean-7,dsoh_refit,123,B0006,473,65.48747074550045,82.92711067199707,82.29430389404297
TD-Clean-7,dsoh_refit,123,B0006,477,65.2110653386093,83.06446647644043,82.29430389404297
TD-Clean-7,dsoh_refit,123,B0006,481,65.47148558720653,83.18631553649902,82.29430389404297
TD-Clean-7,dsoh_refit,123,B0006,483,66.78647932759047,83.25650978088379,82.29430389404297
TD-Clean-7,dsoh_refit,123,B0006,485,65.72477818237311,83.30463027954102,82.29430389404297
TD-Clean-7,dsoh_refit,123,B0006,489,64.93697426302657,83.40923881530762,82.29430389404297
TD-Clean-7,dsoh_refit,123,B0006,493,64.69397950587184,83.53259086608887,82.29430389404297
TD-Clean-7,dsoh_refit,123,B0006,497,64.45556804271465,83.66000938415527,82.29430389404297
TD-Clean-7,dsoh_refit,123,B0006,501,64.44711910522597,83.76876068115234,82.29430389404297
TD-Clean-7,dsoh_refit,123,B0006,505,63.9153253541329,83.88480949401855,82.29430389404297
TD-Clean-7,dsoh_refit,123,B0006,509,63.40709756117343,84.0235366821289,82.29430389404297
TD-Clean-7,dsoh_refit,123,B0006,513,63.40485519747241,84.21895217895508,82.29430389404297
TD-Clean-7,dsoh_refit,123,B0006,517,63.14854807557744,84.40312004089355,82.29430389404297
TD-Clean-7,dsoh_refit,123,B0006,521,63.15304028594434,84.55406951904297,82.29430389404297
TD-Clean-7,dsoh_refit,123,B0006,525,62.63936845251047,84.70285415649414,82.29430389404297
TD-Clean-7,dsoh_refit,123,B0006,529,62.36048327920517,84.91994571685791,82.29430389404297
TD-Clean-7,dsoh_refit,123,B0006,533,62.11872624491582,85.14977645874023,82.29430389404297
TD-Clean-7,dsoh_refit,123,B0006,537,62.11731201074328,85.39076709747314,82.29430389404297
TD-Clean-7,dsoh_refit,123,B0006,541,61.86235410492132,85.58152866363525,82.29430389404297
TD-Clean-7,dsoh_refit,123,B0006,545,62.12742822257309,85.82572269439697,82.29430389404297
TD-Clean-7,dsoh_refit,123,B0006,548,63.93010610326108,86.02644538879395,82.29430389404297
TD-Clean-7,dsoh_refit,123,B0006,552,62.62827859533666,86.19027900695801,82.29430389404297
TD-Clean-7,dsoh_refit,123,B0006,556,61.85683618405182,86.3931303024292,82.29430389404297
TD-Clean-7,dsoh_refit,123,B0006,560,61.07092794836815,86.60081005096436,82.29430389404297
TD-Clean-7,dsoh_refit,123,B0006,564,60.82277612678393,86.82888507843018,82.29430389404297
TD-Clean-7,dsoh_refit,123,B0006,568,60.55640953242813,87.10137462615967,82.29430389404297
TD-Clean-7,dsoh_refit,123,B0006,572,60.02917505279337,87.34685230255127,82.29430389404297
TD-Clean-7,dsoh_refit,123,B0006,576,59.75722270334661,87.61347389221191,82.29430389404297
TD-Clean-7,dsoh_refit,123,B0006,580,59.52315601830062,87.9145040512085,82.29430389404297
TD-Clean-7,dsoh_refit,123,B0006,584,59.01246912863032,88.18853855133057,82.29430389404297
TD-Clean-7,dsoh_refit,123,B0006,588,58.74426171153606,88.49797821044922,82.29430389404297
TD-Clean-7,dsoh_refit,123,B0006,592,58.47122551716232,88.79057598114014,82.29430389404297
TD-Clean-7,dsoh_refit,123,B0006,596,58.2196597592319,89.0861005783081,82.29430389404297
TD-Clean-7,dsoh_refit,123,B0006,600,57.18983519098029,89.42052841186523,82.29430389404297
TD-Clean-7,dsoh_refit,123,B0006,604,57.71437056534329,89.7367992401123,82.29430389404297
TD-Clean-7,dsoh_refit,123,B0006,608,57.43663099473362,90.05184364318848,82.29430389404297
TD-Clean-7,dsoh_refit,123,B0006,612,58.23847489632371,90.34598922729492,82.29430389404297
TD-Clean-7,dsoh_refit,123,B0006,614,58.76884540363096,90.63257598876953,82.29430389404297
TD-Clean-7,dsoh_refit,123,B0007,2,100.45351791563915,100.0,100.0
TD-Clean-7,dsoh_refit,123,B0007,4,99.900254379013,99.73172667622566,99.73172667622566
TD-Clean-7,dsoh_refit,123,B0007,6,99.90161660017114,99.46380442380905,99.46380442380905
TD-Clean-7,dsoh_refit,123,B0007,8,99.9073657865712,99.19671779870987,99.19671779870987
TD-Clean-7,dsoh_refit,123,B0007,10,99.83724531860553,98.92965281009674,98.92965281009674
TD-Clean-7,dsoh_refit,123,B0007,12,99.90361817867274,98.66594231128693,98.66594231128693
TD-Clean-7,dsoh_refit,123,B0007,14,99.86297576917136,98.40108513832092,98.40108513832092
TD-Clean-7,dsoh_refit,123,B0007,16,99.94656396119812,98.13962769508362,98.13962769508362
TD-Clean-7,dsoh_refit,123,B0007,18,99.31878532934633,97.87781739234924,97.87781739234924
TD-Clean-7,dsoh_refit,123,B0007,20,99.33799331164263,97.61541080474854,97.61541080474854
TD-Clean-7,dsoh_refit,123,B0007,22,99.33756087304828,97.35441589355469,97.35441589355469
TD-Clean-7,dsoh_refit,123,B0007,25,98.78551523188162,97.10523581504822,97.10523581504822
TD-Clean-7,dsoh_refit,123,B0007,27,98.75485184986668,96.84452533721924,96.84452533721924
TD-Clean-7,dsoh_refit,123,B0007,29,98.75133536665352,96.57865810394287,96.57865810394287
TD-Clean-7,dsoh_refit,123,B0007,31,98.77012942519043,96.32457089424133,96.32457089424133
TD-Clean-7,dsoh_refit,123,B0007,33,98.73683812511632,96.07271242141724,96.07271242141724
TD-Clean-7,dsoh_refit,123,B0007,35,98.15685575226132,95.82102394104004,95.82102394104004
TD-Clean-7,dsoh_refit,123,B0007,37,98.19446503474695,95.57079887390137,95.57079887390137
TD-Clean-7,dsoh_refit,123,B0007,39,98.186691403046,95.3187050819397,95.3187050819397
TD-Clean-7,dsoh_refit,123,B0007,42,99.90787801510066,95.07750082015991,95.07750082015991
TD-Clean-7,dsoh_refit,123,B0007,46,99.94461695603135,94.81890106201172,94.81890106201172
TD-Clean-7,dsoh_refit,123,B0007,50,99.92460497901308,94.5670714378357,94.5670714378357
TD-Clean-7,dsoh_refit,123,B0007,54,99.38880751306714,94.32362031936646,94.32362031936646
TD-Clean-7,dsoh_refit,123,B0007,58,99.34580918956073,94.07780981063843,94.07780981063843
TD-Clean-7,dsoh_refit,123,B0007,62,99.37088315432128,93.84610223770142,93.84610223770142
TD-Clean-7,dsoh_refit,123,B0007,66,98.78342046080256,93.61815738677979,93.61815738677979
TD-Clean-7,dsoh_refit,123,B0007,70,98.8058078187501,93.39062881469727,93.39062881469727
TD-Clean-7,dsoh_refit,123,B0007,74,98.75966747373796,93.16667318344116,93.16667318344116
TD-Clean-7,dsoh_refit,123,B0007,78,98.1739885027512,92.94754028320312,92.94754028320312
TD-Clean-7,dsoh_refit,123,B0007,82,98.23039625446908,92.71938943862915,92.71938943862915
TD-Clean-7,dsoh_refit,123,B0007,90,98.95386520139344,92.49374914169312,92.49374914169312
TD-Clean-7,dsoh_refit,123,B0007,94,98.38356039411237,92.26962566375732,92.26962566375732
TD-Clean-7,dsoh_refit,123,B0007,98,98.11080955264678,92.06047677993774,92.06047677993774
TD-Clean-7,dsoh_refit,123,B0007,102,97.57312273601715,91.86688613891602,91.86688613891602
TD-Clean-7,dsoh_refit,123,B0007,106,97.5908400366413,91.65192127227783,91.65192127227783
TD-Clean-7,dsoh_refit,123,B0007,110,97.29922460125108,91.43778610229492,91.43778610229492
TD-Clean-7,dsoh_refit,123,B0007,114,96.74012336609094,91.24016189575195,91.24016189575195
TD-Clean-7,dsoh_refit,123,B0007,118,96.49359124138364,91.04876327514648,91.04876327514648
TD-Clean-7,dsoh_refit,123,B0007,122,96.22137391342224,90.85709381103516,90.85709381103516
TD-Clean-7,dsoh_refit,123,B0007,126,96.233276781278,90.63944339752197,90.63944339752197
TD-Clean-7,dsoh_refit,123,B0007,130,95.93841918044076,90.40660762786865,90.40660762786865
TD-Clean-7,dsoh_refit,123,B0007,134,96.31819241353496,90.1853437423706,90.1853437423706
TD-Clean-7,dsoh_refit,123,B0007,136,95.94953719543624,89.97797393798828,89.97797393798828
TD-Clean-7,dsoh_refit,123,B0007,140,95.3953227427902,89.78292179107666,89.78292179107666
TD-Clean-7,dsoh_refit,123,B0007,144,94.86699939598208,89.59910488128662,89.59910488128662
TD-Clean-7,dsoh_refit,123,B0007,148,94.57173479963342,89.41210460662842,89.41210460662842
TD-Clean-7,dsoh_refit,123,B0007,150,96.41760769059738,89.1784086227417,89.1784086227417
TD-Clean-7,dsoh_refit,123,B0007,154,96.45090493439226,88.91580200195312,88.91580200195312
TD-Clean-7,dsoh_refit,123,B0007,158,95.6297003383392,88.66127967834473,88.66127967834473
TD-Clean-7,dsoh_refit,123,B0007,162,95.10935396520227,88.42160987854004,88.42160987854004
TD-Clean-7,dsoh_refit,123,B0007,166,94.57259385530976,88.18965530395508,88.18965530395508
TD-Clean-7,dsoh_refit,123,B0007,170,94.30623404626093,87.9712085723877,87.9712085723877
TD-Clean-7,dsoh_refit,123,B0007,174,94.0371367595855,87.7344560623169,87.7344560623169
TD-Clean-7,dsoh_refit,123,B0007,178,93.49626919937222,87.4950532913208,87.4950532913208
TD-Clean-7,dsoh_refit,123,B0007,182,92.9420388383138,87.26315116882324,87.26315116882324
TD-Clean-7,dsoh_refit,123,B0007,186,92.94217065781828,87.03754043579102,87.03754043579102
TD-Clean-7,dsoh_refit,123,B0007,190,92.69668329388116,86.81340503692627,86.81340503692627
TD-Clean-7,dsoh_refit,123,B0007,194,92.41073633514534,86.5577278137207,86.5577278137207
TD-Clean-7,dsoh_refit,123,B0007,198,91.82208130681248,86.31373023986816,86.31373023986816
TD-Clean-7,dsoh_refit,123,B0007,202,91.5743327473832,86.08551025390625,86.08551025390625
TD-Clean-7,dsoh_refit,123,B0007,206,91.04730118386937,85.85980892181396,85.85980892181396
TD-Clean-7,dsoh_refit,123,B0007,210,91.04684020750553,85.62914562225342,85.62914562225342
TD-Clean-7,dsoh_refit,123,B0007,214,90.49873919973382,85.37835693359375,85.37835693359375
TD-Clean-7,dsoh_refit,123,B0007,216,90.51794914609178,85.12821769714355,85.12821769714355
TD-Clean-7,dsoh_refit,123,B0007,220,89.96325858213598,84.88903427124023,84.88903427124023
TD-Clean-7,dsoh_refit,123,B0007,224,89.64911074691454,84.65270900726318,84.65270900726318
TD-Clean-7,dsoh_refit,123,B0007,228,89.4056438247883,84.42142963409424,84.42142963409424
TD-Clean-7,dsoh_refit,123,B0007,232,89.13221056506995,84.18711757659912,84.18711757659912
TD-Clean-7,dsoh_refit,123,B0007,236,88.88142970948275,83.94928169250488,83.94928169250488
TD-Clean-7,dsoh_refit,123,B0007,240,88.57496163215028,83.70319175720215,83.70319175720215
TD-Clean-7,dsoh_refit,123,B0007,244,88.30030467403411,83.4582748413086,83.4582748413086
TD-Clean-7,dsoh_refit,123,B0007,248,88.04309784572763,83.21484565734863,83.21484565734863
TD-Clean-7,dsoh_refit,123,B0007,252,87.7835715053401,82.9781551361084,82.9781551361084
TD-Clean-7,dsoh_refit,123,B0007,256,87.5009058762453,82.73650360107422,82.73650360107422
TD-Clean-7,dsoh_refit,123,B0007,260,86.92700430940862,82.50932312011719,82.50932312011719
TD-Clean-7,dsoh_refit,123,B0007,264,86.91859800690037,82.27798843383789,82.27798843383789
TD-Clean-7,dsoh_refit,123,B0007,266,87.17696241036246,82.02911376953125,82.02911376953125
TD-Clean-7,dsoh_refit,123,B0007,270,86.66971006432802,81.79116821289062,81.79116821289062
TD-Clean-7,dsoh_refit,123,B0007,274,86.11955257111292,81.57723617553711,81.57723617553711
TD-Clean-7,dsoh_refit,123,B0007,278,85.86532022039283,81.37635803222656,81.37635803222656
TD-Clean-7,dsoh_refit,123,B0007,282,85.83324550155743,81.14282417297363,81.14282417297363
TD-Clean-7,dsoh_refit,123,B0007,286,85.88108948972226,80.88806533813477,80.88806533813477
TD-Clean-7,dsoh_refit,123,B0007,290,85.56987844007078,80.6369514465332,80.6369514465332
TD-Clean-7,dsoh_refit,123,B0007,294,85.027771191142,80.39871215820312,80.39871215820312
TD-Clean-7,dsoh_refit,123,B0007,298,84.77582688520748,80.17288589477539,80.17288589477539
TD-Clean-7,dsoh_refit,123,B0007,302,84.79178974791847,79.94413948059082,79.94413948059082
TD-Clean-7,dsoh_refit,123,B0007,306,84.76993385106519,79.69464874267578,79.69464874267578
TD-Clean-7,dsoh_refit,123,B0007,310,84.49605927424464,79.4401798248291,79.4401798248291
TD-Clean-7,dsoh_refit,123,B0007,313,89.71090998622898,79.18587684631348,79.18587684631348
TD-Clean-7,dsoh_refit,123,B0007,316,86.37349719367897,78.93252372741699,78.93252372741699
TD-Clean-7,dsoh_refit,123,B0007,320,85.82898928627563,78.66075134277344,78.66075134277344
TD-Clean-7,dsoh_refit,123,B0007,324,85.2934976107533,78.3928108215332,78.3928108215332
TD-Clean-7,dsoh_refit,123,B0007,328,84.72574724857897,78.14256286621094,78.14256286621094
TD-Clean-7,dsoh_refit,123,B0007,332,84.48328177752624,77.89205551147461,77.89205551147461
TD-Clean-7,dsoh_refit,123,B0007,336,84.21457006738538,77.64249610900879,77.64249610900879
TD-Clean-7,dsoh_refit,123,B0007,340,83.9288888229777,77.38473892211914,77.38473892211914
TD-Clean-7,dsoh_refit,123,B0007,344,83.67629222648154,77.13683891296387,77.13683891296387
TD-Clean-7,dsoh_refit,123,B0007,348,83.38837618926404,76.87949180603027,76.87949180603027
TD-Clean-7,dsoh_refit,123,B0007,352,83.41270816038221,76.62783241271973,76.62783241271973
TD-Clean-7,dsoh_refit,123,B0007,356,83.14675201444969,76.37003707885742,76.37003707885742
TD-Clean-7,dsoh_refit,123,B0007,360,82.8484308280049,76.12189674377441,76.12189674377441
TD-Clean-7,dsoh_refit,123,B0007,364,83.13252526962864,75.86555862426758,75.86555862426758
TD-Clean-7,dsoh_refit,123,B0007,367,83.66359396289195,75.6128044128418,75.6128044128418
TD-Clean-7,dsoh_refit,123,B0007,371,83.14841165448959,75.33916282653809,75.33916282653809
TD-Clean-7,dsoh_refit,123,B0007,375,82.85488835556158,75.08818626403809,75.08818626403809
TD-Clean-7,dsoh_refit,123,B0007,379,82.33123711829187,74.83380317687988,74.83380317687988
TD-Clean-7,dsoh_refit,123,B0007,383,82.01142381939957,74.57917213439941,74.57917213439941
TD-Clean-7,dsoh_refit,123,B0007,387,82.07206587982726,74.32151412963867,74.32151412963867
TD-Clean-7,dsoh_refit,123,B0007,391,82.0495038543302,74.05599975585938,74.05599975585938
TD-Clean-7,dsoh_refit,123,B0007,395,81.5031419618624,73.78682327270508,73.78682327270508
TD-Clean-7,dsoh_refit,123,B0007,399,81.20841503507037,73.52677726745605,73.52677726745605
TD-Clean-7,dsoh_refit,123,B0007,403,81.21721340553746,73.26446914672852,73.26446914672852
TD-Clean-7,dsoh_refit,123,B0007,407,81.22601148878292,72.99939155578613,72.99939155578613
TD-Clean-7,dsoh_refit,123,B0007,411,80.95054391771832,72.72624969482422,72.72624969482422
TD-Clean-7,dsoh_refit,123,B0007,415,80.67227833994721,72.46469116210938,72.46469116210938
TD-Clean-7,dsoh_refit,123,B0007,419,80.40565013650571,72.20488357543945,72.20488357543945
TD-Clean-7,dsoh_refit,123,B0007,423,80.40335490244634,71.94605445861816,71.94605445861816
TD-Clean-7,dsoh_refit,123,B0007,427,80.42152437300291,71.68062782287598,71.68062782287598
TD-Clean-7,dsoh_refit,123,B0007,431,81.48461605871495,71.41448020935059,71.41448020935059
TD-Clean-7,dsoh_refit,123,B0007,433,81.75963969607048,71.15142440795898,71.15142440795898
TD-Clean-7,dsoh_refit,123,B0007,437,80.93560989493338,70.88332557678223,70.88332557678223
TD-Clean-7,dsoh_refit,123,B0007,441,80.40209515327608,70.62746047973633,70.62746047973633
TD-Clean-7,dsoh_refit,123,B0007,445,80.09419697809993,70.36482810974121,70.36482810974121
TD-Clean-7,dsoh_refit,123,B0007,449,79.85042691616567,70.10435676574707,70.10435676574707
TD-Clean-7,dsoh_refit,123,B0007,453,79.56495728605914,69.84469795227051,69.84469795227051
TD-Clean-7,dsoh_refit,123,B0007,457,79.30076147796538,69.59144020080566,69.59144020080566
TD-Clean-7,dsoh_refit,123,B0007,461,79.2776995197187,69.33486747741699,69.33486747741699
TD-Clean-7,dsoh_refit,123,B0007,465,79.01573008127421,69.09340858459473,69.09340858459473
TD-Clean-7,dsoh_refit,123,B0007,469,78.7529099419952,68.84200477600098,68.84200477600098
TD-Clean-7,dsoh_refit,123,B0007,473,78.76631135529045,68.59391212463379,68.59391212463379
TD-Clean-7,dsoh_refit,123,B0007,477,78.45734950325969,68.34700202941895,68.34700202941895
TD-Clean-7,dsoh_refit,123,B0007,481,78.71925319505982,68.10260581970215,68.10260581970215
TD-Clean-7,dsoh_refit,123,B0007,483,79.58166685963718,67.83818817138672,67.83818817138672
TD-Clean-7,dsoh_refit,123,B0007,485,78.72860058663869,67.57103729248047,67.57103729248047
TD-Clean-7,dsoh_refit,123,B0007,489,78.46501751785956,67.3151626586914,67.3151626586914
TD-Clean-7,dsoh_refit,123,B0007,493,78.19738333514631,67.06686019897461,67.06686019897461
TD-Clean-7,dsoh_refit,123,B0007,497,78.20645287101384,66.81378936767578,66.81378936767578
TD-Clean-7,dsoh_refit,123,B0007,501,77.92824275772597,66.55026626586914,66.55026626586914
TD-Clean-7,dsoh_refit,123,B0007,505,77.6497101362114,66.29002380371094,66.29002380371094
TD-Clean-7,dsoh_refit,123,B0007,509,77.38028422735451,66.04013442993164,66.04013442993164
TD-Clean-7,dsoh_refit,123,B0007,513,77.09660547904922,65.79361724853516,65.79361724853516
TD-Clean-7,dsoh_refit,123,B0007,517,77.11046744203753,65.54617691040039,65.54617691040039
TD-Clean-7,dsoh_refit,123,B0007,521,76.85550035450103,65.28558349609375,65.28558349609375
TD-Clean-7,dsoh_refit,123,B0007,525,76.85236240084764,65.03506851196289,65.03506851196289
TD-Clean-7,dsoh_refit,123,B0007,529,76.56671722215358,64.79734802246094,64.79734802246094
TD-Clean-7,dsoh_refit,123,B0007,533,76.29399038621672,64.5606460571289,64.5606460571289
TD-Clean-7,dsoh_refit,123,B0007,537,76.32425788720361,64.32499694824219,64.32499694824219
TD-Clean-7,dsoh_refit,123,B0007,541,76.29658741049414,64.08362579345703,64.08362579345703
TD-Clean-7,dsoh_refit,123,B0007,545,76.59209728582513,63.83143997192383,63.83143997192383
TD-Clean-7,dsoh_refit,123,B0007,548,77.93863743061358,63.58095169067383,63.58095169067383
TD-Clean-7,dsoh_refit,123,B0007,552,77.12364718084329,63.325347900390625,63.325347900390625
TD-Clean-7,dsoh_refit,123,B0007,556,76.8725967441492,63.07522964477539,63.07522964477539
TD-Clean-7,dsoh_refit,123,B0007,560,76.58854113704766,62.84153366088867,62.84153366088867
TD-Clean-7,dsoh_refit,123,B0007,564,76.04885672654179,62.5947265625,62.5947265625
TD-Clean-7,dsoh_refit,123,B0007,568,76.05828438472663,62.35725021362305,62.35725021362305
TD-Clean-7,dsoh_refit,123,B0007,572,75.76335089505734,62.11418533325195,62.11418533325195
TD-Clean-7,dsoh_refit,123,B0007,576,75.75439980355237,61.8684196472168,61.8684196472168
TD-Clean-7,dsoh_refit,123,B0007,580,75.49812548326929,61.6251220703125,61.6251220703125
TD-Clean-7,dsoh_refit,123,B0007,584,75.23591897923467,61.3824577331543,61.3824577331543
TD-Clean-7,dsoh_refit,123,B0007,588,75.24924732301496,61.13924026489258,61.13924026489258
TD-Clean-7,dsoh_refit,123,B0007,592,74.94444174506414,60.89826965332031,60.89826965332031
TD-Clean-7,dsoh_refit,123,B0007,596,74.95266425125988,60.653289794921875,60.653289794921875
TD-Clean-7,dsoh_refit,123,B0007,600,74.69643604452878,60.40679931640625,60.40679931640625
TD-Clean-7,dsoh_refit,123,B0007,604,74.7051700493532,60.16994094848633,60.16994094848633
TD-Clean-7,dsoh_refit,123,B0007,608,74.39278959915883,59.922889709472656,59.922889709472656
TD-Clean-7,dsoh_refit,123,B0007,612,75.52591562947222,59.68117141723633,59.68117141723633
TD-Clean-7,dsoh_refit,123,B0007,614,76.09264518290325,59.442081451416016,59.442081451416016
TD-Clean-7,dsoh_refit,123,B0018,3,100.8025811041783,100.0,100.0
TD-Clean-7,dsoh_refit,123,B0018,7,100.16087022619236,99.53018194437027,99.53018194437027
TD-Clean-7,dsoh_refit,123,B0018,11,99.96558598273582,98.92569208145142,98.92569208145142
TD-Clean-7,dsoh_refit,123,B0018,15,99.48041766162956,98.34829151630402,98.34829151630402
TD-Clean-7,dsoh_refit,123,B0018,18,99.59054502526398,98.03655219078064,98.03655219078064
TD-Clean-7,dsoh_refit,123,B0018,20,99.36387169185286,97.25425291061401,97.25425291061401
TD-Clean-7,dsoh_refit,123,B0018,22,98.96567828327716,96.4279112815857,96.4279112815857
TD-Clean-7,dsoh_refit,123,B0018,24,98.63793870309058,95.62174129486084,95.62174129486084
TD-Clean-7,dsoh_refit,123,B0018,27,98.04714689052696,94.82760095596313,94.82760095596313
TD-Clean-7,dsoh_refit,123,B0018,30,99.06887382997856,94.4453444480896,94.4453444480896
TD-Clean-7,dsoh_refit,123,B0018,32,98.47248926951052,93.6998462677002,93.6998462677002
TD-Clean-7,dsoh_refit,123,B0018,34,98.068534707018,92.87938070297241,92.87938070297241
TD-Clean-7,dsoh_refit,123,B0018,36,97.31606084566693,92.08811044692993,92.08811044692993
TD-Clean-7,dsoh_refit,123,B0018,39,96.91537145663308,91.34859371185303,91.34859371185303
TD-Clean-7,dsoh_refit,123,B0018,42,96.77777434993364,90.97654438018799,90.97654438018799
TD-Clean-7,dsoh_refit,123,B0018,44,96.24906078283864,90.29511833190918,90.29511833190918
TD-Clean-7,dsoh_refit,123,B0018,46,96.10893521170082,89.50213527679443,89.50213527679443
TD-Clean-7,dsoh_refit,123,B0018,48,95.29382636269746,88.68405055999756,88.68405055999756
TD-Clean-7,dsoh_refit,123,B0018,51,94.89112029628322,87.92100524902344,87.92100524902344
TD-Clean-7,dsoh_refit,123,B0018,54,94.42623362260446,87.37045669555664,87.37045669555664
TD-Clean-7,dsoh_refit,123,B0018,56,94.09214261326034,86.71651077270508,86.71651077270508
TD-Clean-7,dsoh_refit,123,B0018,58,92.84655809058668,86.04992389678955,86.04992389678955
TD-Clean-7,dsoh_refit,123,B0018,60,93.00278636580364,85.39981269836426,85.39981269836426
TD-Clean-7,dsoh_refit,123,B0018,63,92.78717154289568,84.74910926818848,84.74910926818848
TD-Clean-7,dsoh_refit,123,B0018,66,95.05514633441328,84.44511032104492,84.44511032104492
TD-Clean-7,dsoh_refit,123,B0018,68,94.16023397654948,83.80883979797363,83.80883979797363
TD-Clean-7,dsoh_refit,123,B0018,70,93.58756901230694,83.08531188964844,83.08531188964844
TD-Clean-7,dsoh_refit,123,B0018,72,93.02323711734508,82.3195686340332,82.3195686340332
TD-Clean-7,dsoh_refit,123,B0018,75,92.33971230163448,81.54496765136719,81.54496765136719
TD-Clean-7,dsoh_refit,123,B0018,78,92.05544475967478,81.05340766906738,81.05340766906738
TD-Clean-7,dsoh_refit,123,B0018,80,91.39607597710202,80.35961151123047,80.35961151123047
TD-Clean-7,dsoh_refit,123,B0018,82,91.12841202900309,79.67901229858398,79.67901229858398
TD-Clean-7,dsoh_refit,123,B0018,84,90.50598444143154,78.95441436767578,78.95441436767578
TD-Clean-7,dsoh_refit,123,B0018,87,90.05329919062662,78.17674827575684,78.17674827575684
TD-Clean-7,dsoh_refit,123,B0018,90,89.56595375021743,77.65536117553711,77.65536117553711
TD-Clean-7,dsoh_refit,123,B0018,92,89.05221474379236,76.95296478271484,76.95296478271484
TD-Clean-7,dsoh_refit,123,B0018,94,88.4478648526792,76.26381301879883,76.26381301879883
TD-Clean-7,dsoh_refit,123,B0018,96,88.14926233550939,75.64662551879883,75.64662551879883
TD-Clean-7,dsoh_refit,123,B0018,99,87.70654438914323,74.93359375,74.93359375
TD-Clean-7,dsoh_refit,123,B0018,102,91.07812245566797,74.60444450378418,74.60444450378418
TD-Clean-7,dsoh_refit,123,B0018,104,89.62445100410937,73.89710235595703,73.89710235595703
TD-Clean-7,dsoh_refit,123,B0018,106,88.70513095013024,73.20874404907227,73.20874404907227
TD-Clean-7,dsoh_refit,123,B0018,108,87.83746900859978,72.55118560791016,72.55118560791016
TD-Clean-7,dsoh_refit,123,B0018,111,87.53788044222665,71.90375328063965,71.90375328063965
TD-Clean-7,dsoh_refit,123,B0018,114,86.69891328476463,71.46476173400879,71.46476173400879
TD-Clean-7,dsoh_refit,123,B0018,119,93.27978546012802,70.73809432983398,70.73809432983398
TD-Clean-7,dsoh_refit,123,B0018,121,92.1525471966999,70.03314208984375,70.03314208984375
TD-Clean-7,dsoh_refit,123,B0018,123,91.17195305362098,69.3334732055664,69.3334732055664
TD-Clean-7,dsoh_refit,123,B0018,125,90.2416573040256,68.64908981323242,68.64908981323242
TD-Clean-7,dsoh_refit,123,B0018,128,90.55423897233052,68.22715950012207,68.22715950012207
TD-Clean-7,dsoh_refit,123,B0018,130,89.49039068452917,67.47212600708008,67.47212600708008
TD-Clean-7,dsoh_refit,123,B0018,132,88.3454487099843,66.70757293701172,66.70757293701172
TD-Clean-7,dsoh_refit,123,B0018,134,87.60607299731777,65.97565841674805,65.97565841674805
TD-Clean-7,dsoh_refit,123,B0018,136,87.25714700042141,65.29512786865234,65.29512786865234
TD-Clean-7,dsoh_refit,123,B0018,143,89.1426764135498,64.57059097290039,64.57059097290039
TD-Clean-7,dsoh_refit,123,B0018,145,87.66626044455795,63.83478927612305,63.83478927612305
TD-Clean-7,dsoh_refit,123,B0018,147,86.51592379470374,63.12261199951172,63.12261199951172
TD-Clean-7,dsoh_refit,123,B0018,150,86.21730704320841,62.39409255981445,62.39409255981445
TD-Clean-7,dsoh_refit,123,B0018,153,85.8627581657356,61.91484451293945,61.91484451293945
TD-Clean-7,dsoh_refit,123,B0018,155,84.99855590440428,61.23398971557617,61.23398971557617
TD-Clean-7,dsoh_refit,123,B0018,157,84.53366840480606,60.532718658447266,60.532718658447266
TD-Clean-7,dsoh_refit,123,B0018,159,83.69607194854545,59.84602737426758,59.84602737426758
TD-Clean-7,dsoh_refit,123,B0018,162,83.25899594193369,59.153053283691406,59.153053283691406
TD-Clean-7,dsoh_refit,123,B0018,165,83.22975722050174,58.682289123535156,58.682289123535156
TD-Clean-7,dsoh_refit,123,B0018,167,82.72092847997168,58.0267448425293,58.0267448425293
TD-Clean-7,dsoh_refit,123,B0018,169,81.86598978006339,57.38713836669922,57.38713836669922
TD-Clean-7,dsoh_refit,123,B0018,171,81.58859278240016,56.74742889404297,56.74742889404297
TD-Clean-7,dsoh_refit,123,B0018,174,81.31316363799587,56.11075973510742,56.11075973510742
TD-Clean-7,dsoh_refit,123,B0018,177,83.32773163808899,55.81021499633789,55.81021499633789
TD-Clean-7,dsoh_refit,123,B0018,179,82.80709531820148,55.12430191040039,55.12430191040039
TD-Clean-7,dsoh_refit,123,B0018,181,81.57610219236552,54.44013977050781,54.44013977050781
TD-Clean-7,dsoh_refit,123,B0018,183,81.09929204028072,53.76027297973633,53.76027297973633
TD-Clean-7,dsoh_refit,123,B0018,185,80.60512587063184,53.06599044799805,53.06599044799805
TD-Clean-7,dsoh_refit,123,B0018,188,80.4645909654616,52.6632194519043,52.6632194519043
TD-Clean-7,dsoh_refit,123,B0018,190,80.07171192098461,52.018150329589844,52.018150329589844
TD-Clean-7,dsoh_refit,123,B0018,192,79.77346222448996,51.37274932861328,51.37274932861328
TD-Clean-7,dsoh_refit,123,B0018,194,79.23402412051846,50.69999694824219,50.69999694824219
TD-Clean-7,dsoh_refit,123,B0018,197,78.6783203089025,50.03817367553711,50.03817367553711
TD-Clean-7,dsoh_refit,123,B0018,200,78.94539372549075,49.61398696899414,49.61398696899414
TD-Clean-7,dsoh_refit,123,B0018,202,78.38865828037459,49.0108642578125,49.0108642578125
TD-Clean-7,dsoh_refit,123,B0018,204,78.21127069246836,48.40959548950195,48.40959548950195
TD-Clean-7,dsoh_refit,123,B0018,206,77.6339684068403,47.766929626464844,47.766929626464844
TD-Clean-7,dsoh_refit,123,B0018,209,77.43046760934243,47.097843170166016,47.097843170166016
TD-Clean-7,dsoh_refit,123,B0018,212,79.8708545166814,46.8880500793457,46.8880500793457
TD-Clean-7,dsoh_refit,123,B0018,214,78.93458463676515,46.22935104370117,46.22935104370117
TD-Clean-7,dsoh_refit,123,B0018,216,78.40488242765085,45.566734313964844,45.566734313964844
TD-Clean-7,dsoh_refit,123,B0018,218,77.61921434771055,44.9498405456543,44.9498405456543
TD-Clean-7,dsoh_refit,123,B0018,220,76.9170609064971,44.33650207519531,44.33650207519531
TD-Clean-7,dsoh_refit,123,B0018,223,79.04297866359087,44.15928649902344,44.15928649902344
TD-Clean-7,dsoh_refit,123,B0018,225,77.61605692618127,43.53635787963867,43.53635787963867
TD-Clean-7,dsoh_refit,123,B0018,227,77.14789574863566,42.893096923828125,42.893096923828125
TD-Clean-7,dsoh_refit,123,B0018,229,76.92281444261894,42.24347686767578,42.24347686767578
TD-Clean-7,dsoh_refit,123,B0018,232,76.3858924270674,41.582820892333984,41.582820892333984
TD-Clean-7,dsoh_refit,123,B0018,235,76.53620320177981,41.29710006713867,41.29710006713867
TD-Clean-7,dsoh_refit,123,B0018,237,75.9063201738239,40.70063018798828,40.70063018798828
TD-Clean-7,dsoh_refit,123,B0018,239,75.72766142150313,40.08241653442383,40.08241653442383
TD-Clean-7,dsoh_refit,123,B0018,241,75.49928800503805,39.45482635498047,39.45482635498047
TD-Clean-7,dsoh_refit,123,B0018,244,74.9124451895705,38.82902526855469,38.82902526855469
TD-Clean-7,dsoh_refit,123,B0018,247,75.25674730493446,38.51742172241211,38.51742172241211
TD-Clean-7,dsoh_refit,123,B0018,249,74.46467849076038,37.95128631591797,37.95128631591797
TD-Clean-7,dsoh_refit,123,B0018,251,74.62885626516028,37.37532043457031,37.37532043457031
TD-Clean-7,dsoh_refit,123,B0018,253,74.33553994642665,36.82106399536133,36.82106399536133
TD-Clean-7,dsoh_refit,123,B0018,256,73.72504079935909,36.20805740356445,36.20805740356445
TD-Clean-7,dsoh_refit,123,B0018,259,79.36110924975578,35.98362731933594,35.98362731933594
TD-Clean-7,dsoh_refit,123,B0018,261,78.799706688891,35.41389465332031,35.41389465332031
TD-Clean-7,dsoh_refit,123,B0018,263,78.14983302548104,34.75720977783203,34.75720977783203
TD-Clean-7,dsoh_refit,123,B0018,265,77.61878718971624,34.084373474121094,34.084373474121094
TD-Clean-7,dsoh_refit,123,B0018,267,76.88079746021991,33.42652130126953,33.42652130126953
TD-Clean-7,dsoh_refit,123,B0018,270,76.8319836786595,33.070945739746094,33.070945739746094
TD-Clean-7,dsoh_refit,123,B0018,272,76.01926160635412,32.479827880859375,32.479827880859375
TD-Clean-7,dsoh_refit,123,B0018,274,75.82358510102308,31.93701171875,31.93701171875
TD-Clean-7,dsoh_refit,123,B0018,276,75.53633219814198,31.385604858398438,31.385604858398438
TD-Clean-7,dsoh_refit,123,B0018,279,75.31793705780649,30.65900421142578,30.65900421142578
TD-Clean-7,dsoh_refit,123,B0018,282,75.43684114368729,30.3367919921875,30.3367919921875
TD-Clean-7,dsoh_refit,123,B0018,284,74.7829788363973,29.71472930908203,29.71472930908203
TD-Clean-7,dsoh_refit,123,B0018,286,74.15991898288928,29.128807067871094,29.128807067871094
TD-Clean-7,dsoh_refit,123,B0018,288,73.84846878839457,28.558189392089844,28.558189392089844
TD-Clean-7,dsoh_refit,123,B0018,291,73.15537271331122,27.977890014648438,27.977890014648438
TD-Clean-7,dsoh_refit,123,B0018,294,77.53589472577204,27.776451110839844,27.776451110839844
TD-Clean-7,dsoh_refit,123,B0018,296,76.42763235972666,27.21007537841797,27.21007537841797
TD-Clean-7,dsoh_refit,123,B0018,298,75.72351586777258,26.612884521484375,26.612884521484375
TD-Clean-7,dsoh_refit,123,B0018,300,75.4386936803776,25.981460571289062,25.981460571289062
TD-Clean-7,dsoh_refit,123,B0018,302,74.45721490205536,25.364578247070312,25.364578247070312
TD-Clean-7,dsoh_refit,123,B0018,305,74.97385174402893,25.06847381591797,25.06847381591797
TD-Clean-7,dsoh_refit,123,B0018,307,74.3741167471391,24.573509216308594,24.573509216308594
TD-Clean-7,dsoh_refit,123,B0018,309,74.05233968989694,24.077789306640625,24.077789306640625
TD-Clean-7,dsoh_refit,123,B0018,311,74.08863589293038,23.475685119628906,23.475685119628906
TD-Clean-7,dsoh_refit,123,B0018,314,73.46151441244959,22.801025390625,22.801025390625
TD-Clean-7,dsoh_refit,123,B0018,317,73.62086195282473,22.54248046875,22.54248046875
TD-Clean-7,dsoh_refit,123,B0018,319,72.87391760769836,21.9364013671875,21.9364013671875
TD-Clean-7,dsoh_refit,2024,B0005,2,100.80760884947765,100.0,100.0
TD-Clean-7,dsoh_refit,2024,B0005,4,100.25590968770103,99.6336362361908,99.6336362361908
TD-Clean-7,dsoh_refit,2024,B0005,6,99.65979925247206,99.22678995132446,99.22678995132446
TD-Clean-7,dsoh_refit,2024,B0005,8,99.65509323788856,98.82197451591492,98.82197451591492
TD-Clean-7,dsoh_refit,2024,B0005,10,99.6215889724607,98.42814493179321,98.42814493179321
TD-Clean-7,dsoh_refit,2024,B0005,12,99.67676620535396,98.04982888698578,98.04982888698578
TD-Clean-7,dsoh_refit,2024,B0005,14,99.64877352944652,97.6593587398529,97.6593587398529
TD-Clean-7,dsoh_refit,2024,B0005,16,99.13892996732449,97.2516131401062,97.2516131401062
TD-Clean-7,dsoh_refit,2024,B0005,18,99.08555627584838,96.8447334766388,96.8447334766388
TD-Clean-7,dsoh_refit,2024,B0005,20,99.0768365083485,96.42119646072388,96.42119646072388
TD-Clean-7,dsoh_refit,2024,B0005,22,99.07717774099622,96.02601671218872,96.02601671218872
TD-Clean-7,dsoh_refit,2024,B0005,25,98.5114992237362,95.58108186721802,95.58108186721802
TD-Clean-7,dsoh_refit,2024,B0005,27,98.4870761948254,95.16534662246704,95.16534662246704
TD-Clean-7,dsoh_refit,2024,B0005,29,98.47015265835132,94.75671863555908,94.75671863555908
TD-Clean-7,dsoh_refit,2024,B0005,31,97.88140357167902,94.32425498962402,94.32425498962402
TD-Clean-7,dsoh_refit,2024,B0005,33,97.85473656745688,93.92570304870605,93.92570304870605
TD-Clean-7,dsoh_refit,2024,B0005,35,97.88039886599036,93.51332426071167,93.51332426071167
TD-Clean-7,dsoh_refit,2024,B0005,37,97.9069415267384,93.09762001037598,93.09762001037598
TD-Clean-7,dsoh_refit,2024,B0005,39,97.89115702988882,92.67759370803833,92.67759370803833
TD-Clean-7,dsoh_refit,2024,B0005,42,100.29385168145046,92.42123937606812,92.42123937606812
TD-Clean-7,dsoh_refit,2024,B0005,46,100.31510023136114,92.12555980682373,92.12555980682373
TD-Clean-7,dsoh_refit,2024,B0005,50,99.70477213786135,91.78525829315186,91.78525829315186
TD-Clean-7,dsoh_refit,2024,B0005,54,99.1402308374376,91.4877872467041,91.4877872467041
TD-Clean-7,dsoh_refit,2024,B0005,58,99.10400696359169,91.25319480895996,91.25319480895996
TD-Clean-7,dsoh_refit,2024,B0005,62,99.12941188644592,90.99630546569824,90.99630546569824
TD-Clean-7,dsoh_refit,2024,B0005,66,98.50222430381568,90.77527236938477,90.77527236938477
TD-Clean-7,dsoh_refit,2024,B0005,70,98.5423014565286,90.52196598052979,90.52196598052979
TD-Clean-7,dsoh_refit,2024,B0005,74,98.49887187571204,90.28443813323975,90.28443813323975
TD-Clean-7,dsoh_refit,2024,B0005,78,97.89050762402466,90.04547500610352,90.04547500610352
TD-Clean-7,dsoh_refit,2024,B0005,82,97.96171552529285,89.8089485168457,89.8089485168457
TD-Clean-7,dsoh_refit,2024,B0005,90,99.4075559707276,89.52998161315918,89.52998161315918
TD-Clean-7,dsoh_refit,2024,B0005,94,98.82112827769676,89.21549224853516,89.21549224853516
TD-Clean-7,dsoh_refit,2024,B0005,98,98.2457556393358,88.9397497177124,88.9397497177124
TD-Clean-7,dsoh_refit,2024,B0005,102,97.99065016377766,88.73893642425537,88.73893642425537
TD-Clean-7,dsoh_refit,2024,B0005,106,97.7065060215613,88.4997673034668,88.4997673034668
TD-Clean-7,dsoh_refit,2024,B0005,110,97.11279694879056,88.21808815002441,88.21808815002441
TD-Clean-7,dsoh_refit,2024,B0005,114,96.81304988059888,87.95965194702148,87.95965194702148
TD-Clean-7,dsoh_refit,2024,B0005,118,96.27605729788222,87.74211406707764,87.74211406707764
TD-Clean-7,dsoh_refit,2024,B0005,122,96.2762766313732,87.5624475479126,87.5624475479126
TD-Clean-7,dsoh_refit,2024,B0005,126,95.99578118843372,87.3286771774292,87.3286771774292
TD-Clean-7,dsoh_refit,2024,B0005,130,95.69403287907456,87.07402610778809,87.07402610778809
TD-Clean-7,dsoh_refit,2024,B0005,134,95.98194451474556,86.75625514984131,86.75625514984131
TD-Clean-7,dsoh_refit,2024,B0005,136,95.71321655496544,86.5202169418335,86.5202169418335
TD-Clean-7,dsoh_refit,2024,B0005,140,95.11928805425076,86.29388332366943,86.29388332366943
TD-Clean-7,dsoh_refit,2024,B0005,144,94.58275432725988,86.08712005615234,86.08712005615234
TD-Clean-7,dsoh_refit,2024,B0005,148,94.27008009570102,85.89602088928223,85.89602088928223
TD-Clean-7,dsoh_refit,2024,B0005,150,97.39411432859931,85.80826950073242,85.80826950073242
TD-Clean-7,dsoh_refit,2024,B0005,154,96.82749231246368,85.31104946136475,85.31104946136475
TD-Clean-7,dsoh_refit,2024,B0005,158,95.96820195991576,84.8721513748169,84.8721513748169
TD-Clean-7,dsoh_refit,2024,B0005,162,95.40638930769452,84.54837608337402,84.54837608337402
TD-Clean-7,dsoh_refit,2024,B0005,166,94.8553962680492,84.23652839660645,84.23652839660645
TD-Clean-7,dsoh_refit,2024,B0005,170,94.5755674779542,83.96296310424805,83.96296310424805
TD-Clean-7,dsoh_refit,2024,B0005,174,94.28806184403476,83.70619201660156,83.70619201660156
TD-Clean-7,dsoh_refit,2024,B0005,178,93.73958753620327,83.41374015808105,83.41374015808105
TD-Clean-7,dsoh_refit,2024,B0005,182,93.16861105469168,83.13399505615234,83.13399505615234
TD-Clean-7,dsoh_refit,2024,B0005,186,92.88227598613614,82.87099075317383,82.87099075317383
TD-Clean-7,dsoh_refit,2024,B0005,190,92.636901518198,82.6694564819336,82.6694564819336
TD-Clean-7,dsoh_refit,2024,B0005,194,92.32720191735562,82.36629104614258,82.36629104614258
TD-Clean-7,dsoh_refit,2024,B0005,198,92.01599848919145,82.06747817993164,82.06747817993164
TD-Clean-7,dsoh_refit,2024,B0005,202,91.49053823956656,81.79449653625488,81.79449653625488
TD-Clean-7,dsoh_refit,2024,B0005,206,90.92425521866993,81.53506088256836,81.53506088256836
TD-Clean-7,dsoh_refit,2024,B0005,210,90.92941856192826,81.32670783996582,81.32670783996582
TD-Clean-7,dsoh_refit,2024,B0005,214,90.34010561326173,81.01251983642578,81.01251983642578
TD-Clean-7,dsoh_refit,2024,B0005,216,90.0847586044663,80.70160102844238,80.70160102844238
TD-Clean-7,dsoh_refit,2024,B0005,220,89.80457989439137,80.40097236633301,80.40097236633301
TD-Clean-7,dsoh_refit,2024,B0005,224,89.19640288815545,80.15918922424316,80.15918922424316
TD-Clean-7,dsoh_refit,2024,B0005,228,88.93598251136243,79.93058586120605,79.93058586120605
TD-Clean-7,dsoh_refit,2024,B0005,232,88.65781340235759,79.69680213928223,79.69680213928223
TD-Clean-7,dsoh_refit,2024,B0005,236,88.38728178562198,79.45011138916016,79.45011138916016
TD-Clean-7,dsoh_refit,2024,B0005,240,88.08171260170519,79.22038459777832,79.22038459777832
TD-Clean-7,dsoh_refit,2024,B0005,244,87.49528010741024,78.95685768127441,78.95685768127441
TD-Clean-7,dsoh_refit,2024,B0005,248,87.2366743602368,78.73072052001953,78.73072052001953
TD-Clean-7,dsoh_refit,2024,B0005,252,86.96251727221627,78.50510787963867,78.50510787963867
TD-Clean-7,dsoh_refit,2024,B0005,256,86.35734215456989,78.28963470458984,78.28963470458984
TD-Clean-7,dsoh_refit,2024,B0005,260,86.10863457357058,78.06924629211426,78.06924629211426
TD-Clean-7,dsoh_refit,2024,B0005,264,86.06270063126725,77.8700180053711,77.8700180053711
TD-Clean-7,dsoh_refit,2024,B0005,266,86.63737677555004,77.64055824279785,77.64055824279785
TD-Clean-7,dsoh_refit,2024,B0005,270,85.50813849993258,77.4050235748291,77.4050235748291
TD-Clean-7,dsoh_refit,2024,B0005,274,84.97446653296429,77.23604583740234,77.23604583740234
TD-Clean-7,dsoh_refit,2024,B0005,278,84.69557819389517,77.08248138427734,77.08248138427734
TD-Clean-7,dsoh_refit,2024,B0005,282,84.68013627936132,76.92496681213379,76.92496681213379
TD-Clean-7,dsoh_refit,2024,B0005,286,84.41991821853574,76.67647361755371,76.67647361755371
TD-Clean-7,dsoh_refit,2024,B0005,290,84.10414931140878,76.43789863586426,76.43789863586426
TD-Clean-7,dsoh_refit,2024,B0005,294,83.52653061113354,76.18913269042969,76.18913269042969
TD-Clean-7,dsoh_refit,2024,B0005,298,82.96602561057489,75.9897289276123,75.9897289276123
TD-Clean-7,dsoh_refit,2024,B0005,302,82.99920327964658,75.83590698242188,75.83590698242188
TD-Clean-7,dsoh_refit,2024,B0005,306,82.68003018050378,75.61284637451172,75.61284637451172
TD-Clean-7,dsoh_refit,2024,B0005,310,82.39976893302816,75.36799812316895,75.36799812316895
TD-Clean-7,dsoh_refit,2024,B0005,313,87.19626195760692,75.11264038085938,75.11264038085938
TD-Clean-7,dsoh_refit,2024,B0005,316,84.91729656129593,74.9056339263916,74.9056339263916
TD-Clean-7,dsoh_refit,2024,B0005,320,84.06165489885902,74.59760475158691,74.59760475158691
TD-Clean-7,dsoh_refit,2024,B0005,324,83.2082752902044,74.31389808654785,74.31389808654785
TD-Clean-7,dsoh_refit,2024,B0005,328,82.91381970838151,74.06662940979004,74.06662940979004
TD-Clean-7,dsoh_refit,2024,B0005,332,82.37106085271179,73.82278633117676,73.82278633117676
TD-Clean-7,dsoh_refit,2024,B0005,336,82.09631790141844,73.60962104797363,73.60962104797363
TD-Clean-7,dsoh_refit,2024,B0005,340,81.80669701206385,73.37790107727051,73.37790107727051
TD-Clean-7,dsoh_refit,2024,B0005,344,81.53418918115372,73.14352226257324,73.14352226257324
TD-Clean-7,dsoh_refit,2024,B0005,348,80.95312575426658,72.92020034790039,72.92020034790039
TD-Clean-7,dsoh_refit,2024,B0005,352,80.6829269258604,72.6881103515625,72.6881103515625
TD-Clean-7,dsoh_refit,2024,B0005,356,80.38673535372676,72.46312141418457,72.46312141418457
TD-Clean-7,dsoh_refit,2024,B0005,360,80.10415225005684,72.23255157470703,72.23255157470703
TD-Clean-7,dsoh_refit,2024,B0005,364,80.68483906716317,72.02606391906738,72.02606391906738
TD-Clean-7,dsoh_refit,2024,B0005,367,81.23806188586506,71.77585411071777,71.77585411071777
TD-Clean-7,dsoh_refit,2024,B0005,371,80.40774500270479,71.48145294189453,71.48145294189453
TD-Clean-7,dsoh_refit,2024,B0005,375,79.80793062432481,71.1939525604248,71.1939525604248
TD-Clean-7,dsoh_refit,2024,B0005,379,78.94710440938543,70.92354393005371,70.92354393005371
TD-Clean-7,dsoh_refit,2024,B0005,383,78.96040682717852,70.6954116821289,70.6954116821289
TD-Clean-7,dsoh_refit,2024,B0005,387,79.00805769223405,70.44908905029297,70.44908905029297
TD-Clean-7,dsoh_refit,2024,B0005,391,78.68325635434054,70.17450904846191,70.17450904846191
TD-Clean-7,dsoh_refit,2024,B0005,395,78.12009683923326,69.90558815002441,69.90558815002441
TD-Clean-7,dsoh_refit,2024,B0005,399,77.83635095586517,69.67725944519043,69.67725944519043
TD-Clean-7,dsoh_refit,2024,B0005,403,77.83366081216815,69.4310245513916,69.4310245513916
TD-Clean-7,dsoh_refit,2024,B0005,407,77.54418562704669,69.17008399963379,69.17008399963379
TD-Clean-7,dsoh_refit,2024,B0005,411,77.26483532824366,68.89871406555176,68.89871406555176
TD-Clean-7,dsoh_refit,2024,B0005,415,76.96665751739931,68.65042114257812,68.65042114257812
TD-Clean-7,dsoh_refit,2024,B0005,419,76.69408123915822,68.41586303710938,68.41586303710938
TD-Clean-7,dsoh_refit,2024,B0005,423,76.7032886034996,68.18954277038574,68.18954277038574
TD-Clean-7,dsoh_refit,2024,B0005,427,76.43285089151239,67.92108535766602,67.92108535766602
TD-Clean-7,dsoh_refit,2024,B0005,431,77.83345221466253,67.62369155883789,67.62369155883789
TD-Clean-7,dsoh_refit,2024,B0005,433,78.09751233548145,67.35086822509766,67.35086822509766
TD-Clean-7,dsoh_refit,2024,B0005,437,76.96262218385922,67.06342315673828,67.06342315673828
TD-Clean-7,dsoh_refit,2024,B0005,441,76.3993634537507,66.81072235107422,66.81072235107422
TD-Clean-7,dsoh_refit,2024,B0005,445,76.08562321685423,66.58750915527344,66.58750915527344
TD-Clean-7,dsoh_refit,2024,B0005,449,75.84111192639295,66.36898422241211,66.36898422241211
TD-Clean-7,dsoh_refit,2024,B0005,453,75.5470202599512,66.16785049438477,66.16785049438477
TD-Clean-7,dsoh_refit,2024,B0005,457,75.2724773855306,65.97319030761719,65.97319030761719
TD-Clean-7,dsoh_refit,2024,B0005,461,74.95796574493023,65.77839279174805,65.77839279174805
TD-Clean-7,dsoh_refit,2024,B0005,465,74.67559060559861,65.5965690612793,65.5965690612793
TD-Clean-7,dsoh_refit,2024,B0005,469,74.4190975749656,65.41881561279297,65.41881561279297
TD-Clean-7,dsoh_refit,2024,B0005,473,74.41886702385212,65.25251007080078,65.25251007080078
TD-Clean-7,dsoh_refit,2024,B0005,477,74.10538957595438,65.07658386230469,65.07658386230469
TD-Clean-7,dsoh_refit,2024,B0005,481,74.68403981580354,64.94770050048828,64.94770050048828
TD-Clean-7,dsoh_refit,2024,B0005,483,75.26611054535188,64.72926712036133,64.72926712036133
TD-Clean-7,dsoh_refit,2024,B0005,485,74.38310747232698,64.4740219116211,64.4740219116211
TD-Clean-7,dsoh_refit,2024,B0005,489,74.10795710900801,64.27122497558594,64.27122497558594
TD-Clean-7,dsoh_refit,2024,B0005,493,73.53993654981534,64.088134765625,64.088134765625
TD-Clean-7,dsoh_refit,2024,B0005,497,73.55729388669064,63.90774917602539,63.90774917602539
TD-Clean-7,dsoh_refit,2024,B0005,501,73.56067241598603,63.70600891113281,63.70600891113281
TD-Clean-7,dsoh_refit,2024,B0005,505,73.26805286034079,63.473628997802734,63.473628997802734
TD-Clean-7,dsoh_refit,2024,B0005,509,72.98972077509227,63.282283782958984,63.282283782958984
TD-Clean-7,dsoh_refit,2024,B0005,513,72.70747847813722,63.12809753417969,63.12809753417969
TD-Clean-7,dsoh_refit,2024,B0005,517,72.70330518052887,62.99899673461914,62.99899673461914
TD-Clean-7,dsoh_refit,2024,B0005,521,72.43680818215978,62.79561996459961,62.79561996459961
TD-Clean-7,dsoh_refit,2024,B0005,525,72.14563728793834,62.59843063354492,62.59843063354492
TD-Clean-7,dsoh_refit,2024,B0005,529,71.84842350914826,62.4650993347168,62.4650993347168
TD-Clean-7,dsoh_refit,2024,B0005,533,71.57682808520298,62.36094284057617,62.36094284057617
TD-Clean-7,dsoh_refit,2024,B0005,537,71.59297070565168,62.240657806396484,62.240657806396484
TD-Clean-7,dsoh_refit,2024,B0005,541,71.58355486033668,62.07292938232422,62.07292938232422
TD-Clean-7,dsoh_refit,2024,B0005,545,71.88651633814797,61.8939208984375,61.8939208984375
TD-Clean-7,dsoh_refit,2024,B0005,548,73.85485752850198,61.79199981689453,61.79199981689453
TD-Clean-7,dsoh_refit,2024,B0005,552,72.73676298693475,61.620582580566406,61.620582580566406
TD-Clean-7,dsoh_refit,2024,B0005,556,72.16650080848474,61.45230484008789,61.45230484008789
TD-Clean-7,dsoh_refit,2024,B0005,560,71.87574889700983,61.2900390625,61.2900390625
TD-Clean-7,dsoh_refit,2024,B0005,564,71.60206343923741,61.15394973754883,61.15394973754883
TD-Clean-7,dsoh_refit,2024,B0005,568,71.32194157026348,61.01500701904297,61.01500701904297
TD-Clean-7,dsoh_refit,2024,B0005,572,71.30711389020412,60.887908935546875,60.887908935546875
TD-Clean-7,dsoh_refit,2024,B0005,576,71.01356336148518,60.75010299682617,60.75010299682617
TD-Clean-7,dsoh_refit,2024,B0005,580,70.75492745457169,60.637611389160156,60.637611389160156
TD-Clean-7,dsoh_refit,2024,B0005,584,70.77254445771489,60.51331329345703,60.51331329345703
TD-Clean-7,dsoh_refit,2024,B0005,588,70.77540542374062,60.38029479980469,60.38029479980469
TD-Clean-7,dsoh_refit,2024,B0005,592,70.47550750397869,60.25323486328125,60.25323486328125
TD-Clean-7,dsoh_refit,2024,B0005,596,70.48563041810954,60.136741638183594,60.136741638183594
TD-Clean-7,dsoh_refit,2024,B0005,600,70.23531244180377,60.02419662475586,60.02419662475586
TD-Clean-7,dsoh_refit,2024,B0005,604,69.93882142370093,59.8947639465332,59.8947639465332
TD-Clean-7,dsoh_refit,2024,B0005,608,69.90890905512207,59.76572799682617,59.76572799682617
TD-Clean-7,dsoh_refit,2024,B0005,612,71.07977535187085,59.6405143737793,59.6405143737793
TD-Clean-7,dsoh_refit,2024,B0005,614,71.95205157786506,59.57894515991211,59.57894515991211
TD-Clean-7,dsoh_refit,2024,B0006,2,100.88297108833646,100.0,100.0
TD-Clean-7,dsoh_refit,2024,B0006,4,100.37753235288778,99.80110600590706,99.80110600590706
TD-Clean-7,dsoh_refit,2024,B0006,6,99.79196916000484,99.5874015390873,99.5874015390873
TD-Clean-7,dsoh_refit,2024,B0006,8,99.7899019818078,99.37084448337555,99.37084448337555
TD-Clean-7,dsoh_refit,2024,B0006,10,99.15762541696316,99.15612971782684,99.15612971782684
TD-Clean-7,dsoh_refit,2024,B0006,12,99.8203556776378,98.9486585855484,98.9486585855484
TD-Clean-7,dsoh_refit,2024,B0006,14,99.7808037027038,98.73268449306488,98.73268449306488
TD-Clean-7,dsoh_refit,2024,B0006,16,97.5844832820893,98.49276387691498,98.49276387691498
TD-Clean-7,dsoh_refit,2024,B0006,18,97.5535716293996,98.25395774841309,98.25395774841309
TD-Clean-7,dsoh_refit,2024,B0006,20,97.01155142541865,98.01313495635986,98.01313495635986
TD-Clean-7,dsoh_refit,2024,B0006,22,96.43502080876348,97.76720547676086,97.76720547676086
TD-Clean-7,dsoh_refit,2024,B0006,25,95.8972998236526,97.4788064956665,97.4788064956665
TD-Clean-7,dsoh_refit,2024,B0006,27,95.32875373854844,97.21729969978333,97.21729969978333
TD-Clean-7,dsoh_refit,2024,B0006,29,94.76419905980474,96.97547912597656,96.97547912597656
TD-Clean-7,dsoh_refit,2024,B0006,31,94.22773853976388,96.70974016189575,96.70974016189575
TD-Clean-7,dsoh_refit,2024,B0006,33,93.6395064953226,96.44155168533325,96.44155168533325
TD-Clean-7,dsoh_refit,2024,B0006,35,93.09821798643677,96.17810797691345,96.17810797691345
TD-Clean-7,dsoh_refit,2024,B0006,37,92.56743574756617,95.91288614273071,95.91288614273071
TD-Clean-7,dsoh_refit,2024,B0006,39,92.56840432582156,95.64980840682983,95.64980840682983
TD-Clean-7,dsoh_refit,2024,B0006,42,98.12161319843736,95.50001859664917,95.50001859664917
TD-Clean-7,dsoh_refit,2024,B0006,46,97.02736865587346,95.34762239456177,95.34762239456177
TD-Clean-7,dsoh_refit,2024,B0006,50,96.4457203456954,95.1682825088501,95.1682825088501
TD-Clean-7,dsoh_refit,2024,B0006,54,95.37664206593776,94.98347663879395,94.98347663879395
TD-Clean-7,dsoh_refit,2024,B0006,58,96.45395400781383,94.85271215438843,94.85271215438843
TD-Clean-7,dsoh_refit,2024,B0006,62,94.2446511737385,94.67509078979492,94.67509078979492
TD-Clean-7,dsoh_refit,2024,B0006,66,93.11783815158223,94.4935450553894,94.4935450553894
TD-Clean-7,dsoh_refit,2024,B0006,70,92.60393676951,94.3479232788086,94.3479232788086
TD-Clean-7,dsoh_refit,2024,B0006,74,91.99518419888014,94.20340824127197,94.20340824127197
TD-Clean-7,dsoh_refit,2024,B0006,78,91.45865458065036,94.03160095214844,94.03160095214844
TD-Clean-7,dsoh_refit,2024,B0006,82,92.05488530825814,93.88857412338257,93.88857412338257
TD-Clean-7,dsoh_refit,2024,B0006,90,93.2941701264468,93.62298345565796,93.62298345565796
TD-Clean-7,dsoh_refit,2024,B0006,94,91.95812296295944,93.33813190460205,93.33813190460205
TD-Clean-7,dsoh_refit,2024,B0006,98,91.16379285351326,93.0880856513977,93.0880856513977
TD-Clean-7,dsoh_refit,2024,B0006,102,90.13722315501992,92.82520484924316,92.82520484924316
TD-Clean-7,dsoh_refit,2024,B0006,106,89.88629167454431,92.5865569114685,92.5865569114685
TD-Clean-7,dsoh_refit,2024,B0006,110,89.07464504963947,92.31671810150146,92.31671810150146
TD-Clean-7,dsoh_refit,2024,B0006,114,88.27677498375004,92.04198551177979,92.04198551177979
TD-Clean-7,dsoh_refit,2024,B0006,118,87.78153478310176,91.80103015899658,91.80103015899658
TD-Clean-7,dsoh_refit,2024,B0006,122,87.25902301297472,91.5850601196289,91.5850601196289
TD-Clean-7,dsoh_refit,2024,B0006,126,86.75445063463465,91.34440040588379,91.34440040588379
TD-Clean-7,dsoh_refit,2024,B0006,130,86.21919662960373,91.06363582611084,91.06363582611084
TD-Clean-7,dsoh_refit,2024,B0006,134,86.97181002045869,90.76726531982422,90.76726531982422
TD-Clean-7,dsoh_refit,2024,B0006,136,87.53004089819298,90.52924728393555,90.52924728393555
TD-Clean-7,dsoh_refit,2024,B0006,140,85.93648557449694,90.29779529571533,90.29779529571533
TD-Clean-7,dsoh_refit,2024,B0006,144,84.92223069682748,90.05893802642822,90.05893802642822
TD-Clean-7,dsoh_refit,2024,B0006,148,84.38106569995976,89.89108085632324,89.89108085632324
TD-Clean-7,dsoh_refit,2024,B0006,150,90.39396636175364,89.72317600250244,89.72317600250244
TD-Clean-7,dsoh_refit,2024,B0006,154,89.62118442408695,89.37049961090088,89.37049961090088
TD-Clean-7,dsoh_refit,2024,B0006,158,88.01687540594799,89.03241634368896,89.03241634368896
TD-Clean-7,dsoh_refit,2024,B0006,162,86.47934133475826,88.70604991912842,88.70604991912842
TD-Clean-7,dsoh_refit,2024,B0006,166,85.7093899316892,88.43319988250732,88.43319988250732
TD-Clean-7,dsoh_refit,2024,B0006,170,84.66363361309608,88.14932250976562,88.14932250976562
TD-Clean-7,dsoh_refit,2024,B0006,174,84.14253773442293,87.8727445602417,87.8727445602417
TD-Clean-7,dsoh_refit,2024,B0006,178,83.37268440744252,87.59960556030273,87.59960556030273
TD-Clean-7,dsoh_refit,2024,B0006,182,82.84795096685752,87.34596920013428,87.34596920013428
TD-Clean-7,dsoh_refit,2024,B0006,186,82.31672078137474,87.1203145980835,87.1203145980835
TD-Clean-7,dsoh_refit,2024,B0006,190,81.8390002521071,86.90996170043945,86.90996170043945
TD-Clean-7,dsoh_refit,2024,B0006,194,81.29446683115198,86.64134788513184,86.64134788513184
TD-Clean-7,dsoh_refit,2024,B0006,198,80.75246648690656,86.38073348999023,86.38073348999023
TD-Clean-7,dsoh_refit,2024,B0006,202,79.7437886746144,86.0850830078125,86.0850830078125
TD-Clean-7,dsoh_refit,2024,B0006,206,79.47984426199564,85.80694103240967,85.80694103240967
TD-Clean-7,dsoh_refit,2024,B0006,210,79.25415788836384,85.6568717956543,85.6568717956543
TD-Clean-7,dsoh_refit,2024,B0006,214,78.69188922732394,85.38059425354004,85.38059425354004
TD-Clean-7,dsoh_refit,2024,B0006,216,78.46114405771091,85.092604637146,85.092604637146
TD-Clean-7,dsoh_refit,2024,B0006,220,77.67630372212932,84.79598617553711,84.79598617553711
TD-Clean-7,dsoh_refit,2024,B0006,224,77.38916838478035,84.6077184677124,84.6077184677124
TD-Clean-7,dsoh_refit,2024,B0006,228,76.88491527529958,84.43382549285889,84.43382549285889
TD-Clean-7,dsoh_refit,2024,B0006,232,76.3646225030132,84.23524951934814,84.23524951934814
TD-Clean-7,dsoh_refit,2024,B0006,236,75.60327887522882,83.94532775878906,83.94532775878906
TD-Clean-7,dsoh_refit,2024,B0006,240,75.84333345118733,83.81065559387207,83.81065559387207
TD-Clean-7,dsoh_refit,2024,B0006,244,75.57070473005419,83.70731353759766,83.70731353759766
TD-Clean-7,dsoh_refit,2024,B0006,248,75.06972493621848,83.62394714355469,83.62394714355469
TD-Clean-7,dsoh_refit,2024,B0006,252,74.81407516505371,83.5405387878418,83.5405387878418
TD-Clean-7,dsoh_refit,2024,B0006,256,74.54671414292675,83.49503135681152,83.49503135681152
TD-Clean-7,dsoh_refit,2024,B0006,260,74.02740213488109,83.39048194885254,83.39048194885254
TD-Clean-7,dsoh_refit,2024,B0006,264,73.73556466569462,83.4011173248291,83.39048194885254
TD-Clean-7,dsoh_refit,2024,B0006,266,75.84980622026112,83.37427520751953,83.37427520751953
TD-Clean-7,dsoh_refit,2024,B0006,270,74.55060879561292,83.27212142944336,83.27212142944336
TD-Clean-7,dsoh_refit,2024,B0006,274,73.79142812679322,83.32616806030273,83.27212142944336
TD-Clean-7,dsoh_refit,2024,B0006,278,73.27190839787096,83.32866859436035,83.27212142944336
TD-Clean-7,dsoh_refit,2024,B0006,282,73.28093201847443,83.38528060913086,83.27212142944336
TD-Clean-7,dsoh_refit,2024,B0006,286,73.02095301621284,83.59235191345215,83.27212142944336
TD-Clean-7,dsoh_refit,2024,B0006,290,72.73851013234444,83.50103187561035,83.27212142944336
TD-Clean-7,dsoh_refit,2024,B0006,294,71.95104826590523,83.35672187805176,83.27212142944336
TD-Clean-7,dsoh_refit,2024,B0006,298,71.96564568462234,83.42101860046387,83.27212142944336
TD-Clean-7,dsoh_refit,2024,B0006,302,71.72895437691278,83.5625171661377,83.27212142944336
TD-Clean-7,dsoh_refit,2024,B0006,306,71.71434939609318,83.55309677124023,83.27212142944336
TD-Clean-7,dsoh_refit,2024,B0006,310,71.45761792874575,83.51798629760742,83.27212142944336
TD-Clean-7,dsoh_refit,2024,B0006,313,78.98726854374111,83.4896240234375,83.27212142944336
TD-Clean-7,dsoh_refit,2024,B0006,316,76.64794397240323,83.47829246520996,83.27212142944336
TD-Clean-7,dsoh_refit,2024,B0006,320,75.07747171565073,83.2179069519043,83.2179069519043
TD-Clean-7,dsoh_refit,2024,B0006,324,74.29795247472106,83.06384086608887,83.06384086608887
TD-Clean-7,dsoh_refit,2024,B0006,328,73.51146675367659,82.98450469970703,82.98450469970703
TD-Clean-7,dsoh_refit,2024,B0006,332,73.00864275760908,82.909912109375,82.909912109375
TD-Clean-7,dsoh_refit,2024,B0006,336,72.50277290138493,82.87387466430664,82.87387466430664
TD-Clean-7,dsoh_refit,2024,B0006,340,71.96131839956391,82.85198783874512,82.85198783874512
TD-Clean-7,dsoh_refit,2024,B0006,344,71.71500633205595,82.7729721069336,82.7729721069336
TD-Clean-7,dsoh_refit,2024,B0006,348,71.44305583769248,82.76028442382812,82.76028442382812
TD-Clean-7,dsoh_refit,2024,B0006,352,70.93898960214143,82.79870414733887,82.76028442382812
TD-Clean-7,dsoh_refit,2024,B0006,356,70.68194044477139,82.81481742858887,82.76028442382812
TD-Clean-7,dsoh_refit,2024,B0006,360,70.4074916889224,82.745361328125,82.745361328125
TD-Clean-7,dsoh_refit,2024,B0006,364,70.41804785222855,82.82360076904297,82.745361328125
TD-Clean-7,dsoh_refit,2024,B0006,367,71.98210310103482,82.69022369384766,82.69022369384766
TD-Clean-7,dsoh_refit,2024,B0006,371,70.95618334594263,82.52189064025879,82.52189064025879
TD-Clean-7,dsoh_refit,2024,B0006,375,70.1362730902931,82.28520011901855,82.28520011901855
TD-Clean-7,dsoh_refit,2024,B0006,379,69.87433806657212,82.1864128112793,82.1864128112793
TD-Clean-7,dsoh_refit,2024,B0006,383,69.63573699649338,82.22034072875977,82.1864128112793
TD-Clean-7,dsoh_refit,2024,B0006,387,69.15232147064526,82.06172943115234,82.06172943115234
TD-Clean-7,dsoh_refit,2024,B0006,391,69.12109936452545,81.99854469299316,81.99854469299316
TD-Clean-7,dsoh_refit,2024,B0006,395,68.86250185726787,81.96945190429688,81.96945190429688
TD-Clean-7,dsoh_refit,2024,B0006,399,68.59092282212131,81.99752426147461,81.96945190429688
TD-Clean-7,dsoh_refit,2024,B0006,403,68.08750743669,81.8819637298584,81.8819637298584
TD-Clean-7,dsoh_refit,2024,B0006,407,68.33159705981836,81.84103965759277,81.84103965759277
TD-Clean-7,dsoh_refit,2024,B0006,411,68.09140360412486,81.79818344116211,81.79818344116211
TD-Clean-7,dsoh_refit,2024,B0006,415,67.81869443003508,81.7777042388916,81.7777042388916
TD-Clean-7,dsoh_refit,2024,B0006,419,67.5730638436144,81.83998680114746,81.7777042388916
TD-Clean-7,dsoh_refit,2024,B0006,423,67.31503513349786,81.8608226776123,81.7777042388916
TD-Clean-7,dsoh_refit,2024,B0006,427,67.07575548417674,81.74527549743652,81.74527549743652
TD-Clean-7,dsoh_refit,2024,B0006,431,68.60691404106846,81.53341484069824,81.53341484069824
TD-Clean-7,dsoh_refit,2024,B0006,433,69.64711039275872,81.38790702819824,81.38790702819824
TD-Clean-7,dsoh_refit,2024,B0006,437,68.33719964359061,81.26247024536133,81.26247024536133
TD-Clean-7,dsoh_refit,2024,B0006,441,67.81907707369999,81.23750114440918,81.23750114440918
TD-Clean-7,dsoh_refit,2024,B0006,445,67.27630029953899,81.3119125366211,81.23750114440918
TD-Clean-7,dsoh_refit,2024,B0006,449,67.03731096833596,81.3715877532959,81.23750114440918
TD-Clean-7,dsoh_refit,2024,B0006,453,66.78534122129697,81.48435020446777,81.23750114440918
TD-Clean-7,dsoh_refit,2024,B0006,457,66.26973868287087,81.54603576660156,81.23750114440918
TD-Clean-7,dsoh_refit,2024,B0006,461,65.98363462621751,81.66003036499023,81.23750114440918
TD-Clean-7,dsoh_refit,2024,B0006,465,65.72069252661954,81.66477584838867,81.23750114440918
TD-Clean-7,dsoh_refit,2024,B0006,469,65.50500064349335,81.7977523803711,81.23750114440918
TD-Clean-7,dsoh_refit,2024,B0006,473,65.48747074550045,81.95962905883789,81.23750114440918
TD-Clean-7,dsoh_refit,2024,B0006,477,65.2110653386093,82.12453842163086,81.23750114440918
TD-Clean-7,dsoh_refit,2024,B0006,481,65.47148558720653,82.29638671875,81.23750114440918
TD-Clean-7,dsoh_refit,2024,B0006,483,66.78647932759047,82.36749458312988,81.23750114440918
TD-Clean-7,dsoh_refit,2024,B0006,485,65.72477818237311,82.28623962402344,81.23750114440918
TD-Clean-7,dsoh_refit,2024,B0006,489,64.93697426302657,82.34261512756348,81.23750114440918
TD-Clean-7,dsoh_refit,2024,B0006,493,64.69397950587184,82.42333221435547,81.23750114440918
TD-Clean-7,dsoh_refit,2024,B0006,497,64.45556804271465,82.51596069335938,81.23750114440918
TD-Clean-7,dsoh_refit,2024,B0006,501,64.44711910522597,82.5411376953125,81.23750114440918
TD-Clean-7,dsoh_refit,2024,B0006,505,63.9153253541329,82.54376792907715,81.23750114440918
TD-Clean-7,dsoh_refit,2024,B0006,509,63.40709756117343,82.55014991760254,81.23750114440918
TD-Clean-7,dsoh_refit,2024,B0006,513,63.40485519747241,82.72072982788086,81.23750114440918
TD-Clean-7,dsoh_refit,2024,B0006,517,63.14854807557744,82.88725662231445,81.23750114440918
TD-Clean-7,dsoh_refit,2024,B0006,521,63.15304028594434,82.94841194152832,81.23750114440918
TD-Clean-7,dsoh_refit,2024,B0006,525,62.63936845251047,82.90933990478516,81.23750114440918
TD-Clean-7,dsoh_refit,2024,B0006,529,62.36048327920517,83.05261611938477,81.23750114440918
TD-Clean-7,dsoh_refit,2024,B0006,533,62.11872624491582,83.27158546447754,81.23750114440918
TD-Clean-7,dsoh_refit,2024,B0006,537,62.11731201074328,83.52657318115234,81.23750114440918
TD-Clean-7,dsoh_refit,2024,B0006,541,61.86235410492132,83.55654716491699,81.23750114440918
TD-Clean-7,dsoh_refit,2024,B0006,545,62.12742822257309,83.69418907165527,81.23750114440918
TD-Clean-7,dsoh_refit,2024,B0006,548,63.93010610326108,83.95619583129883,81.23750114440918
TD-Clean-7,dsoh_refit,2024,B0006,552,62.62827859533666,84.06063079833984,81.23750114440918
TD-Clean-7,dsoh_refit,2024,B0006,556,61.85683618405182,84.16943550109863,81.23750114440918
TD-Clean-7,dsoh_refit,2024,B0006,560,61.07092794836815,84.22807312011719,81.23750114440918
TD-Clean-7,dsoh_refit,2024,B0006,564,60.82277612678393,84.37878894805908,81.23750114440918
TD-Clean-7,dsoh_refit,2024,B0006,568,60.55640953242813,84.5684986114502,81.23750114440918
TD-Clean-7,dsoh_refit,2024,B0006,572,60.02917505279337,84.70323276519775,81.23750114440918
TD-Clean-7,dsoh_refit,2024,B0006,576,59.75722270334661,84.88775444030762,81.23750114440918
TD-Clean-7,dsoh_refit,2024,B0006,580,59.52315601830062,85.15413856506348,81.23750114440918
TD-Clean-7,dsoh_refit,2024,B0006,584,59.01246912863032,85.29273796081543,81.23750114440918
TD-Clean-7,dsoh_refit,2024,B0006,588,58.74426171153606,85.47147560119629,81.23750114440918
TD-Clean-7,dsoh_refit,2024,B0006,592,58.47122551716232,85.64648818969727,81.23750114440918
TD-Clean-7,dsoh_refit,2024,B0006,596,58.2196597592319,85.80441665649414,81.23750114440918
TD-Clean-7,dsoh_refit,2024,B0006,600,57.18983519098029,85.93273735046387,81.23750114440918
TD-Clean-7,dsoh_refit,2024,B0006,604,57.71437056534329,86.07096576690674,81.23750114440918
TD-Clean-7,dsoh_refit,2024,B0006,608,57.43663099473362,86.25307750701904,81.23750114440918
TD-Clean-7,dsoh_refit,2024,B0006,612,58.23847489632371,86.31518363952637,81.23750114440918
TD-Clean-7,dsoh_refit,2024,B0006,614,58.76884540363096,86.50296878814697,81.23750114440918
TD-Clean-7,dsoh_refit,2024,B0007,2,100.45351791563915,100.0,100.0
TD-Clean-7,dsoh_refit,2024,B0007,4,99.900254379013,99.7679153829813,99.7679153829813
TD-Clean-7,dsoh_refit,2024,B0007,6,99.90161660017114,99.53355878591537,99.53355878591537
TD-Clean-7,dsoh_refit,2024,B0007,8,99.9073657865712,99.29552561044693,99.29552561044693
TD-Clean-7,dsoh_refit,2024,B0007,10,99.83724531860553,99.05788290500641,99.05788290500641
TD-Clean-7,dsoh_refit,2024,B0007,12,99.90361817867274,98.82862496376038,98.82862496376038
TD-Clean-7,dsoh_refit,2024,B0007,14,99.86297576917136,98.59934675693512,98.59934675693512
TD-Clean-7,dsoh_refit,2024,B0007,16,99.94656396119812,98.35854768753052,98.35854768753052
TD-Clean-7,dsoh_refit,2024,B0007,18,99.31878532934633,98.11629903316498,98.11629903316498
TD-Clean-7,dsoh_refit,2024,B0007,20,99.33799331164263,97.872718334198,97.872718334198
TD-Clean-7,dsoh_refit,2024,B0007,22,99.33756087304828,97.62653660774231,97.62653660774231
TD-Clean-7,dsoh_refit,2024,B0007,25,98.78551523188162,97.3714611530304,97.3714611530304
TD-Clean-7,dsoh_refit,2024,B0007,27,98.75485184986668,97.12582087516785,97.12582087516785
TD-Clean-7,dsoh_refit,2024,B0007,29,98.75133536665352,96.88891983032227,96.88891983032227
TD-Clean-7,dsoh_refit,2024,B0007,31,98.77012942519043,96.64147233963013,96.64147233963013
TD-Clean-7,dsoh_refit,2024,B0007,33,98.73683812511632,96.39313960075378,96.39313960075378
TD-Clean-7,dsoh_refit,2024,B0007,35,98.15685575226132,96.14310693740845,96.14310693740845
TD-Clean-7,dsoh_refit,2024,B0007,37,98.19446503474695,95.89626884460449,95.89626884460449
TD-Clean-7,dsoh_refit,2024,B0007,39,98.186691403046,95.6506576538086,95.6506576538086
TD-Clean-7,dsoh_refit,2024,B0007,42,99.90787801510066,95.40743255615234,95.40743255615234
TD-Clean-7,dsoh_refit,2024,B0007,46,99.94461695603135,95.1688346862793,95.1688346862793
TD-Clean-7,dsoh_refit,2024,B0007,50,99.92460497901308,94.92911767959595,94.92911767959595
TD-Clean-7,dsoh_refit,2024,B0007,54,99.38880751306714,94.67865943908691,94.67865943908691
TD-Clean-7,dsoh_refit,2024,B0007,58,99.34580918956073,94.4396653175354,94.4396653175354
TD-Clean-7,dsoh_refit,2024,B0007,62,99.37088315432128,94.18931341171265,94.18931341171265
TD-Clean-7,dsoh_refit,2024,B0007,66,98.78342046080256,93.93542432785034,93.93542432785034
TD-Clean-7,dsoh_refit,2024,B0007,70,98.8058078187501,93.69372653961182,93.69372653961182
TD-Clean-7,dsoh_refit,2024,B0007,74,98.75966747373796,93.4488639831543,93.4488639831543
TD-Clean-7,dsoh_refit,2024,B0007,78,98.1739885027512,93.19410371780396,93.19410371780396
TD-Clean-7,dsoh_refit,2024,B0007,82,98.23039625446908,92.9542589187622,92.9542589187622
TD-Clean-7,dsoh_refit,2024,B0007,90,98.95386520139344,92.72005224227905,92.72005224227905
TD-Clean-7,dsoh_refit,2024,B0007,94,98.38356039411237,92.48283767700195,92.48283767700195
TD-Clean-7,dsoh_refit,2024,B0007,98,98.11080955264678,92.2470645904541,92.2470645904541
TD-Clean-7,dsoh_refit,2024,B0007,102,97.57312273601715,92.00221824645996,92.00221824645996
TD-Clean-7,dsoh_refit,2024,B0007,106,97.5908400366413,91.770263671875,91.770263671875
TD-Clean-7,dsoh_refit,2024,B0007,110,97.29922460125108,91.53233909606934,91.53233909606934
TD-Clean-7,dsoh_refit,2024,B0007,114,96.74012336609094,91.28677368164062,91.28677368164062
TD-Clean-7,dsoh_refit,2024,B0007,118,96.49359124138364,91.04690361022949,91.04690361022949
TD-Clean-7,dsoh_refit,2024,B0007,122,96.22137391342224,90.8131971359253,90.8131971359253
TD-Clean-7,dsoh_refit,2024,B0007,126,96.233276781278,90.58011245727539,90.58011245727539
TD-Clean-7,dsoh_refit,2024,B0007,130,95.93841918044076,90.3443956375122,90.3443956375122
TD-Clean-7,dsoh_refit,2024,B0007,134,96.31819241353496,90.10183143615723,90.10183143615723
TD-Clean-7,dsoh_refit,2024,B0007,136,95.94953719543624,89.86850357055664,89.86850357055664
TD-Clean-7,dsoh_refit,2024,B0007,140,95.3953227427902,89.62968826293945,89.62968826293945
TD-Clean-7,dsoh_refit,2024,B0007,144,94.86699939598208,89.38299560546875,89.38299560546875
TD-Clean-7,dsoh_refit,2024,B0007,148,94.57173479963342,89.14712333679199,89.14712333679199
TD-Clean-7,dsoh_refit,2024,B0007,150,96.41760769059738,88.94246101379395,88.94246101379395
TD-Clean-7,dsoh_refit,2024,B0007,154,96.45090493439226,88.7179012298584,88.7179012298584
TD-Clean-7,dsoh_refit,2024,B0007,158,95.6297003383392,88.48784446716309,88.48784446716309
TD-Clean-7,dsoh_refit,2024,B0007,162,95.10935396520227,88.24522876739502,88.24522876739502
TD-Clean-7,dsoh_refit,2024,B0007,166,94.57259385530976,88.0108528137207,88.0108528137207
TD-Clean-7,dsoh_refit,2024,B0007,170,94.30623404626093,87.76731395721436,87.76731395721436
TD-Clean-7,dsoh_refit,2024,B0007,174,94.0371367595855,87.53038787841797,87.53038787841797
TD-Clean-7,dsoh_refit,2024,B0007,178,93.49626919937222,87.29593849182129,87.29593849182129
TD-Clean-7,dsoh_refit,2024,B0007,182,92.9420388383138,87.067307472229,87.067307472229
TD-Clean-7,dsoh_refit,2024,B0007,186,92.94217065781828,86.83811664581299,86.83811664581299
TD-Clean-7,dsoh_refit,2024,B0007,190,92.69668329388116,86.6105375289917,86.6105375289917
TD-Clean-7,dsoh_refit,2024,B0007,194,92.41073633514534,86.38434886932373,86.38434886932373
TD-Clean-7,dsoh_refit,2024,B0007,198,91.82208130681248,86.15692043304443,86.15692043304443
TD-Clean-7,dsoh_refit,2024,B0007,202,91.5743327473832,85.90801525115967,85.90801525115967
TD-Clean-7,dsoh_refit,2024,B0007,206,91.04730118386937,85.66578674316406,85.66578674316406
TD-Clean-7,dsoh_refit,2024,B0007,210,91.04684020750553,85.44174003601074,85.44174003601074
TD-Clean-7,dsoh_refit,2024,B0007,214,90.49873919973382,85.21356391906738,85.21356391906738
TD-Clean-7,dsoh_refit,2024,B0007,216,90.51794914609178,84.98229312896729,84.98229312896729
TD-Clean-7,dsoh_refit,2024,B0007,220,89.96325858213598,84.7426404953003,84.7426404953003
TD-Clean-7,dsoh_refit,2024,B0007,224,89.64911074691454,84.51470375061035,84.51470375061035
TD-Clean-7,dsoh_refit,2024,B0007,228,89.4056438247883,84.28342056274414,84.28342056274414
TD-Clean-7,dsoh_refit,2024,B0007,232,89.13221056506995,84.05278587341309,84.05278587341309
TD-Clean-7,dsoh_refit,2024,B0007,236,88.88142970948275,83.80942916870117,83.80942916870117
TD-Clean-7,dsoh_refit,2024,B0007,240,88.57496163215028,83.58828926086426,83.58828926086426
TD-Clean-7,dsoh_refit,2024,B0007,244,88.30030467403411,83.3668441772461,83.3668441772461
TD-Clean-7,dsoh_refit,2024,B0007,248,88.04309784572763,83.14469718933105,83.14469718933105
TD-Clean-7,dsoh_refit,2024,B0007,252,87.7835715053401,82.9221248626709,82.9221248626709
TD-Clean-7,dsoh_refit,2024,B0007,256,87.5009058762453,82.7006721496582,82.7006721496582
TD-Clean-7,dsoh_refit,2024,B0007,260,86.92700430940862,82.46832847595215,82.46832847595215
TD-Clean-7,dsoh_refit,2024,B0007,264,86.91859800690037,82.2453384399414,82.2453384399414
TD-Clean-7,dsoh_refit,2024,B0007,266,87.17696241036246,82.02634811401367,82.02634811401367
TD-Clean-7,dsoh_refit,2024,B0007,270,86.66971006432802,81.80068778991699,81.80068778991699
TD-Clean-7,dsoh_refit,2024,B0007,274,86.11955257111292,81.57569694519043,81.57569694519043
TD-Clean-7,dsoh_refit,2024,B0007,278,85.86532022039283,81.33822250366211,81.33822250366211
TD-Clean-7,dsoh_refit,2024,B0007,282,85.83324550155743,81.12240409851074,81.12240409851074
TD-Clean-7,dsoh_refit,2024,B0007,286,85.88108948972226,80.90641784667969,80.90641784667969
TD-Clean-7,dsoh_refit,2024,B0007,290,85.56987844007078,80.68619728088379,80.68619728088379
TD-Clean-7,dsoh_refit,2024,B0007,294,85.027771191142,80.44751930236816,80.44751930236816
TD-Clean-7,dsoh_refit,2024,B0007,298,84.77582688520748,80.2242488861084,80.2242488861084
TD-Clean-7,dsoh_refit,2024,B0007,302,84.79178974791847,80.00887107849121,80.00887107849121
TD-Clean-7,dsoh_refit,2024,B0007,306,84.76993385106519,79.79333686828613,79.79333686828613
TD-Clean-7,dsoh_refit,2024,B0007,310,84.49605927424464,79.5771369934082,79.5771369934082
TD-Clean-7,dsoh_refit,2024,B0007,313,89.71090998622898,79.35850143432617,79.35850143432617
TD-Clean-7,dsoh_refit,2024,B0007,316,86.37349719367897,79.14706039428711,79.14706039428711
TD-Clean-7,dsoh_refit,2024,B0007,320,85.82898928627563,78.92538261413574,78.92538261413574
TD-Clean-7,dsoh_refit,2024,B0007,324,85.2934976107533,78.70613098144531,78.70613098144531
TD-Clean-7,dsoh_refit,2024,B0007,328,84.72574724857897,78.48641586303711,78.48641586303711
TD-Clean-7,dsoh_refit,2024,B0007,332,84.48328177752624,78.26498794555664,78.26498794555664
TD-Clean-7,dsoh_refit,2024,B0007,336,84.21457006738538,78.04532432556152,78.04532432556152
TD-Clean-7,dsoh_refit,2024,B0007,340,83.9288888229777,77.83030319213867,77.83030319213867
TD-Clean-7,dsoh_refit,2024,B0007,344,83.67629222648154,77.60311508178711,77.60311508178711
TD-Clean-7,dsoh_refit,2024,B0007,348,83.38837618926404,77.38839721679688,77.38839721679688
TD-Clean-7,dsoh_refit,2024,B0007,352,83.41270816038221,77.17375946044922,77.17375946044922
TD-Clean-7,dsoh_refit,2024,B0007,356,83.14675201444969,76.95906257629395,76.95906257629395
TD-Clean-7,dsoh_refit,2024,B0007,360,82.8484308280049,76.73190498352051,76.73190498352051
TD-Clean-7,dsoh_refit,2024,B0007,364,83.13252526962864,76.51885604858398,76.51885604858398
TD-Clean-7,dsoh_refit,2024,B0007,367,83.66359396289195,76.29369926452637,76.29369926452637
TD-Clean-7,dsoh_refit,2024,B0007,371,83.14841165448959,76.0766372680664,76.0766372680664
TD-Clean-7,dsoh_refit,2024,B0007,375,82.85488835556158,75.84074401855469,75.84074401855469
TD-Clean-7,dsoh_refit,2024,B0007,379,82.33123711829187,75.61211967468262,75.61211967468262
TD-Clean-7,dsoh_refit,2024,B0007,383,82.01142381939957,75.40016174316406,75.40016174316406
TD-Clean-7,dsoh_refit,2024,B0007,387,82.07206587982726,75.1732120513916,75.1732120513916
TD-Clean-7,dsoh_refit,2024,B0007,391,82.0495038543302,74.96267700195312,74.96267700195312
TD-Clean-7,dsoh_refit,2024,B0007,395,81.5031419618624,74.75172233581543,74.75172233581543
TD-Clean-7,dsoh_refit,2024,B0007,399,81.20841503507037,74.54139709472656,74.54139709472656
TD-Clean-7,dsoh_refit,2024,B0007,403,81.21721340553746,74.31562995910645,74.31562995910645
TD-Clean-7,dsoh_refit,2024,B0007,407,81.22601148878292,74.10848045349121,74.10848045349121
TD-Clean-7,dsoh_refit,2024,B0007,411,80.95054391771832,73.89982223510742,73.89982223510742
TD-Clean-7,dsoh_refit,2024,B0007,415,80.67227833994721,73.6881160736084,73.6881160736084
TD-Clean-7,dsoh_refit,2024,B0007,419,80.40565013650571,73.47729301452637,73.47729301452637
TD-Clean-7,dsoh_refit,2024,B0007,423,80.40335490244634,73.26311111450195,73.26311111450195
TD-Clean-7,dsoh_refit,2024,B0007,427,80.42152437300291,73.04429244995117,73.04429244995117
TD-Clean-7,dsoh_refit,2024,B0007,431,81.48461605871495,72.81439971923828,72.81439971923828
TD-Clean-7,dsoh_refit,2024,B0007,433,81.75963969607048,72.5941047668457,72.5941047668457
TD-Clean-7,dsoh_refit,2024,B0007,437,80.93560989493338,72.37569808959961,72.37569808959961
TD-Clean-7,dsoh_refit,2024,B0007,441,80.40209515327608,72.1547622680664,72.1547622680664
TD-Clean-7,dsoh_refit,2024,B0007,445,80.09419697809993,71.94188499450684,71.94188499450684
TD-Clean-7,dsoh_refit,2024,B0007,449,79.85042691616567,71.7279052734375,71.7279052734375
TD-Clean-7,dsoh_refit,2024,B0007,453,79.56495728605914,71.51440048217773,71.51440048217773
TD-Clean-7,dsoh_refit,2024,B0007,457,79.30076147796538,71.29898071289062,71.29898071289062
TD-Clean-7,dsoh_refit,2024,B0007,461,79.2776995197187,71.0864200592041,71.0864200592041
TD-Clean-7,dsoh_refit,2024,B0007,465,79.01573008127421,70.85320281982422,70.85320281982422
TD-Clean-7,dsoh_refit,2024,B0007,469,78.7529099419952,70.63399696350098,70.63399696350098
TD-Clean-7,dsoh_refit,2024,B0007,473,78.76631135529045,70.4204216003418,70.4204216003418
TD-Clean-7,dsoh_refit,2024,B0007,477,78.45734950325969,70.20531272888184,70.20531272888184
TD-Clean-7,dsoh_refit,2024,B0007,481,78.71925319505982,69.99558448791504,69.99558448791504
TD-Clean-7,dsoh_refit,2024,B0007,483,79.58166685963718,69.78836441040039,69.78836441040039
TD-Clean-7,dsoh_refit,2024,B0007,485,78.72860058663869,69.5718822479248,69.5718822479248
TD-Clean-7,dsoh_refit,2024,B0007,489,78.46501751785956,69.35639953613281,69.35639953613281
TD-Clean-7,dsoh_refit,2024,B0007,493,78.19738333514631,69.13912963867188,69.13912963867188
TD-Clean-7,dsoh_refit,2024,B0007,497,78.20645287101384,68.92314910888672,68.92314910888672
TD-Clean-7,dsoh_refit,2024,B0007,501,77.92824275772597,68.71224021911621,68.71224021911621
TD-Clean-7,dsoh_refit,2024,B0007,505,77.6497101362114,68.49127197265625,68.49127197265625
TD-Clean-7,dsoh_refit,2024,B0007,509,77.38028422735451,68.26126480102539,68.26126480102539
TD-Clean-7,dsoh_refit,2024,B0007,513,77.09660547904922,68.04612350463867,68.04612350463867
TD-Clean-7,dsoh_refit,2024,B0007,517,77.11046744203753,67.83359909057617,67.83359909057617
TD-Clean-7,dsoh_refit,2024,B0007,521,76.85550035450103,67.62042999267578,67.62042999267578
TD-Clean-7,dsoh_refit,2024,B0007,525,76.85236240084764,67.38697052001953,67.38697052001953
TD-Clean-7,dsoh_refit,2024,B0007,529,76.56671722215358,67.16365432739258,67.16365432739258
TD-Clean-7,dsoh_refit,2024,B0007,533,76.29399038621672,66.94598388671875,66.94598388671875
TD-Clean-7,dsoh_refit,2024,B0007,537,76.32425788720361,66.73477935791016,66.73477935791016
TD-Clean-7,dsoh_refit,2024,B0007,541,76.29658741049414,66.50324630737305,66.50324630737305
TD-Clean-7,dsoh_refit,2024,B0007,545,76.59209728582513,66.28024291992188,66.28024291992188
TD-Clean-7,dsoh_refit,2024,B0007,548,77.93863743061358,66.07332229614258,66.07332229614258
TD-Clean-7,dsoh_refit,2024,B0007,552,77.12364718084329,65.85903930664062,65.85903930664062
TD-Clean-7,dsoh_refit,2024,B0007,556,76.8725967441492,65.63937759399414,65.63937759399414
TD-Clean-7,dsoh_refit,2024,B0007,560,76.58854113704766,65.40675735473633,65.40675735473633
TD-Clean-7,dsoh_refit,2024,B0007,564,76.04885672654179,65.18549728393555,65.18549728393555
TD-Clean-7,dsoh_refit,2024,B0007,568,76.05828438472663,64.96464157104492,64.96464157104492
TD-Clean-7,dsoh_refit,2024,B0007,572,75.76335089505734,64.73962783813477,64.73962783813477
TD-Clean-7,dsoh_refit,2024,B0007,576,75.75439980355237,64.52265930175781,64.52265930175781
TD-Clean-7,dsoh_refit,2024,B0007,580,75.49812548326929,64.31039810180664,64.31039810180664
TD-Clean-7,dsoh_refit,2024,B0007,584,75.23591897923467,64.08739852905273,64.08739852905273
TD-Clean-7,dsoh_refit,2024,B0007,588,75.24924732301496,63.86333084106445,63.86333084106445
TD-Clean-7,dsoh_refit,2024,B0007,592,74.94444174506414,63.646263122558594,63.646263122558594
TD-Clean-7,dsoh_refit,2024,B0007,596,74.95266425125988,63.42597579956055,63.42597579956055
TD-Clean-7,dsoh_refit,2024,B0007,600,74.69643604452878,63.20167541503906,63.20167541503906
TD-Clean-7,dsoh_refit,2024,B0007,604,74.7051700493532,62.97850799560547,62.97850799560547
TD-Clean-7,dsoh_refit,2024,B0007,608,74.39278959915883,62.76504135131836,62.76504135131836
TD-Clean-7,dsoh_refit,2024,B0007,612,75.52591562947222,62.53666305541992,62.53666305541992
TD-Clean-7,dsoh_refit,2024,B0007,614,76.09264518290325,62.32069778442383,62.32069778442383
TD-Clean-7,dsoh_refit,2024,B0018,3,100.8025811041783,100.0,100.0
TD-Clean-7,dsoh_refit,2024,B0018,7,100.16087022619236,99.51839873194695,99.51839873194695
TD-Clean-7,dsoh_refit,2024,B0018,11,99.96558598273582,98.77008628845215,98.77008628845215
TD-Clean-7,dsoh_refit,2024,B0018,15,99.48041766162956,98.05301344394684,98.05301344394684
TD-Clean-7,dsoh_refit,2024,B0018,18,99.59054502526398,97.80223441123962,97.80223441123962
TD-Clean-7,dsoh_refit,2024,B0018,20,99.36387169185286,96.83919334411621,96.83919334411621
TD-Clean-7,dsoh_refit,2024,B0018,22,98.96567828327716,95.812509059906,95.812509059906
TD-Clean-7,dsoh_refit,2024,B0018,24,98.63793870309058,94.82639598846436,94.82639598846436
TD-Clean-7,dsoh_refit,2024,B0018,27,98.04714689052696,93.86884832382202,93.86884832382202
TD-Clean-7,dsoh_refit,2024,B0018,30,99.06887382997856,93.39637994766235,93.39637994766235
TD-Clean-7,dsoh_refit,2024,B0018,32,98.47248926951052,92.49539279937744,92.49539279937744
TD-Clean-7,dsoh_refit,2024,B0018,34,98.068534707018,91.49768257141113,91.49768257141113
TD-Clean-7,dsoh_refit,2024,B0018,36,97.31606084566693,90.51452255249023,90.51452255249023
TD-Clean-7,dsoh_refit,2024,B0018,39,96.91537145663308,89.57265090942383,89.57265090942383
TD-Clean-7,dsoh_refit,2024,B0018,42,96.77777434993364,89.10359573364258,89.10359573364258
TD-Clean-7,dsoh_refit,2024,B0018,44,96.24906078283864,88.29472637176514,88.29472637176514
TD-Clean-7,dsoh_refit,2024,B0018,46,96.10893521170082,87.35854530334473,87.35854530334473
TD-Clean-7,dsoh_refit,2024,B0018,48,95.29382636269746,86.37772274017334,86.37772274017334
TD-Clean-7,dsoh_refit,2024,B0018,51,94.89112029628322,85.42769050598145,85.42769050598145
TD-Clean-7,dsoh_refit,2024,B0018,54,94.42623362260446,84.78616619110107,84.78616619110107
TD-Clean-7,dsoh_refit,2024,B0018,56,94.09214261326034,83.94461059570312,83.94461059570312
TD-Clean-7,dsoh_refit,2024,B0018,58,92.84655809058668,83.06261253356934,83.06261253356934
TD-Clean-7,dsoh_refit,2024,B0018,60,93.00278636580364,82.24258995056152,82.24258995056152
TD-Clean-7,dsoh_refit,2024,B0018,63,92.78717154289568,81.41472625732422,81.41472625732422
TD-Clean-7,dsoh_refit,2024,B0018,66,95.05514633441328,81.05623245239258,81.05623245239258
TD-Clean-7,dsoh_refit,2024,B0018,68,94.16023397654948,80.32842636108398,80.32842636108398
TD-Clean-7,dsoh_refit,2024,B0018,70,93.58756901230694,79.49697303771973,79.49697303771973
TD-Clean-7,dsoh_refit,2024,B0018,72,93.02323711734508,78.61505508422852,78.61505508422852
TD-Clean-7,dsoh_refit,2024,B0018,75,92.33971230163448,77.72882080078125,77.72882080078125
TD-Clean-7,dsoh_refit,2024,B0018,78,92.05544475967478,77.14495277404785,77.14495277404785
TD-Clean-7,dsoh_refit,2024,B0018,80,91.39607597710202,76.35236358642578,76.35236358642578
TD-Clean-7,dsoh_refit,2024,B0018,82,91.12841202900309,75.6056900024414,75.6056900024414
TD-Clean-7,dsoh_refit,2024,B0018,84,90.50598444143154,74.80911636352539,74.80911636352539
TD-Clean-7,dsoh_refit,2024,B0018,87,90.05329919062662,73.94500350952148,73.94500350952148
TD-Clean-7,dsoh_refit,2024,B0018,90,89.56595375021743,73.3853759765625,73.3853759765625
TD-Clean-7,dsoh_refit,2024,B0018,92,89.05221474379236,72.62241172790527,72.62241172790527
TD-Clean-7,dsoh_refit,2024,B0018,94,88.4478648526792,71.86275291442871,71.86275291442871
TD-Clean-7,dsoh_refit,2024,B0018,96,88.14926233550939,71.20861053466797,71.20861053466797
TD-Clean-7,dsoh_refit,2024,B0018,99,87.70654438914323,70.45925521850586,70.45925521850586
TD-Clean-7,dsoh_refit,2024,B0018,102,91.07812245566797,70.15238571166992,70.15238571166992
TD-Clean-7,dsoh_refit,2024,B0018,104,89.62445100410937,69.35653877258301,69.35653877258301
TD-Clean-7,dsoh_refit,2024,B0018,106,88.70513095013024,68.5772933959961,68.5772933959961
TD-Clean-7,dsoh_refit,2024,B0018,108,87.83746900859978,67.82598495483398,67.82598495483398
TD-Clean-7,dsoh_refit,2024,B0018,111,87.53788044222665,67.06538772583008,67.06538772583008
TD-Clean-7,dsoh_refit,2024,B0018,114,86.69891328476463,66.61981582641602,66.61981582641602
TD-Clean-7,dsoh_refit,2024,B0018,119,93.27978546012802,65.72217559814453,65.72217559814453
TD-Clean-7,dsoh_refit,2024,B0018,121,92.1525471966999,64.84180450439453,64.84180450439453
TD-Clean-7,dsoh_refit,2024,B0018,123,91.17195305362098,63.98418045043945,63.98418045043945
TD-Clean-7,dsoh_refit,2024,B0018,125,90.2416573040256,63.14645004272461,63.14645004272461
TD-Clean-7,dsoh_refit,2024,B0018,128,90.55423897233052,62.70391082763672,62.70391082763672
TD-Clean-7,dsoh_refit,2024,B0018,130,89.49039068452917,61.867530822753906,61.867530822753906
TD-Clean-7,dsoh_refit,2024,B0018,132,88.3454487099843,60.93354034423828,60.93354034423828
TD-Clean-7,dsoh_refit,2024,B0018,134,87.60607299731777,60.0638427734375,60.0638427734375
TD-Clean-7,dsoh_refit,2024,B0018,136,87.25714700042141,59.298187255859375,59.298187255859375
TD-Clean-7,dsoh_refit,2024,B0018,143,89.1426764135498,58.48453140258789,58.48453140258789
TD-Clean-7,dsoh_refit,2024,B0018,145,87.66626044455795,57.674407958984375,57.674407958984375
TD-Clean-7,dsoh_refit,2024,B0018,147,86.51592379470374,56.88823318481445,56.88823318481445
TD-Clean-7,dsoh_refit,2024,B0018,150,86.21730704320841,56.069908142089844,56.069908142089844
TD-Clean-7,dsoh_refit,2024,B0018,153,85.8627581657356,55.596099853515625,55.596099853515625
TD-Clean-7,dsoh_refit,2024,B0018,155,84.99855590440428,54.90153884887695,54.90153884887695
TD-Clean-7,dsoh_refit,2024,B0018,157,84.53366840480606,54.15910720825195,54.15910720825195
TD-Clean-7,dsoh_refit,2024,B0018,159,83.69607194854545,53.45326614379883,53.45326614379883
TD-Clean-7,dsoh_refit,2024,B0018,162,83.25899594193369,52.73513412475586,52.73513412475586
TD-Clean-7,dsoh_refit,2024,B0018,165,83.22975722050174,52.30938720703125,52.30938720703125
TD-Clean-7,dsoh_refit,2024,B0018,167,82.72092847997168,51.616905212402344,51.616905212402344
TD-Clean-7,dsoh_refit,2024,B0018,169,81.86598978006339,50.98040771484375,50.98040771484375
TD-Clean-7,dsoh_refit,2024,B0018,171,81.58859278240016,50.341270446777344,50.341270446777344
TD-Clean-7,dsoh_refit,2024,B0018,174,81.31316363799587,49.711387634277344,49.711387634277344
TD-Clean-7,dsoh_refit,2024,B0018,177,83.32773163808899,49.48047637939453,49.48047637939453
TD-Clean-7,dsoh_refit,2024,B0018,179,82.80709531820148,48.82476043701172,48.82476043701172
TD-Clean-7,dsoh_refit,2024,B0018,181,81.57610219236552,48.18914031982422,48.18914031982422
TD-Clean-7,dsoh_refit,2024,B0018,183,81.09929204028072,47.54237747192383,47.54237747192383
TD-Clean-7,dsoh_refit,2024,B0018,185,80.60512587063184,46.856201171875,46.856201171875
TD-Clean-7,dsoh_refit,2024,B0018,188,80.4645909654616,46.5349006652832,46.5349006652832
TD-Clean-7,dsoh_refit,2024,B0018,190,80.07171192098461,45.944923400878906,45.944923400878906
TD-Clean-7,dsoh_refit,2024,B0018,192,79.77346222448996,45.392940521240234,45.392940521240234
TD-Clean-7,dsoh_refit,2024,B0018,194,79.23402412051846,44.790565490722656,44.790565490722656
TD-Clean-7,dsoh_refit,2024,B0018,197,78.6783203089025,44.1884765625,44.1884765625
TD-Clean-7,dsoh_refit,2024,B0018,200,78.94539372549075,43.87899398803711,43.87899398803711
TD-Clean-7,dsoh_refit,2024,B0018,202,78.38865828037459,43.338924407958984,43.338924407958984
TD-Clean-7,dsoh_refit,2024,B0018,204,78.21127069246836,42.83393096923828,42.83393096923828
TD-Clean-7,dsoh_refit,2024,B0018,206,77.6339684068403,42.29603576660156,42.29603576660156
TD-Clean-7,dsoh_refit,2024,B0018,209,77.43046760934243,41.69435119628906,41.69435119628906
TD-Clean-7,dsoh_refit,2024,B0018,212,79.8708545166814,41.562644958496094,41.562644958496094
TD-Clean-7,dsoh_refit,2024,B0018,214,78.93458463676515,41.00423812866211,41.00423812866211
TD-Clean-7,dsoh_refit,2024,B0018,216,78.40488242765085,40.399234771728516,40.399234771728516
TD-Clean-7,dsoh_refit,2024,B0018,218,77.61921434771055,39.8746452331543,39.8746452331543
TD-Clean-7,dsoh_refit,2024,B0018,220,76.9170609064971,39.28219223022461,39.28219223022461
TD-Clean-7,dsoh_refit,2024,B0018,223,79.04297866359087,39.174232482910156,39.174232482910156
TD-Clean-7,dsoh_refit,2024,B0018,225,77.61605692618127,38.664676666259766,38.664676666259766
TD-Clean-7,dsoh_refit,2024,B0018,227,77.14789574863566,38.147865295410156,38.147865295410156
TD-Clean-7,dsoh_refit,2024,B0018,229,76.92281444261894,37.62685012817383,37.62685012817383
TD-Clean-7,dsoh_refit,2024,B0018,232,76.3858924270674,37.099037170410156,37.099037170410156
TD-Clean-7,dsoh_refit,2024,B0018,235,76.53620320177981,36.891395568847656,36.891395568847656
TD-Clean-7,dsoh_refit,2024,B0018,237,75.9063201738239,36.426979064941406,36.426979064941406
TD-Clean-7,dsoh_refit,2024,B0018,239,75.72766142150313,35.933990478515625,35.933990478515625
TD-Clean-7,dsoh_refit,2024,B0018,241,75.49928800503805,35.4385986328125,35.4385986328125
TD-Clean-7,dsoh_refit,2024,B0018,244,74.9124451895705,34.95021057128906,34.95021057128906
TD-Clean-7,dsoh_refit,2024,B0018,247,75.25674730493446,34.723541259765625,34.723541259765625
TD-Clean-7,dsoh_refit,2024,B0018,249,74.46467849076038,34.287071228027344,34.287071228027344
TD-Clean-7,dsoh_refit,2024,B0018,251,74.62885626516028,33.83648681640625,33.83648681640625
TD-Clean-7,dsoh_refit,2024,B0018,253,74.33553994642665,33.39881896972656,33.39881896972656
TD-Clean-7,dsoh_refit,2024,B0018,256,73.72504079935909,32.925506591796875,32.925506591796875
TD-Clean-7,dsoh_refit,2024,B0018,259,79.36110924975578,32.82209777832031,32.82209777832031
TD-Clean-7,dsoh_refit,2024,B0018,261,78.799706688891,32.36009216308594,32.36009216308594
TD-Clean-7,dsoh_refit,2024,B0018,263,78.14983302548104,31.810333251953125,31.810333251953125
TD-Clean-7,dsoh_refit,2024,B0018,265,77.61878718971624,31.219985961914062,31.219985961914062
TD-Clean-7,dsoh_refit,2024,B0018,267,76.88079746021991,30.629310607910156,30.629310607910156
TD-Clean-7,dsoh_refit,2024,B0018,270,76.8319836786595,30.369544982910156,30.369544982910156
TD-Clean-7,dsoh_refit,2024,B0018,272,76.01926160635412,29.877906799316406,29.877906799316406
TD-Clean-7,dsoh_refit,2024,B0018,274,75.82358510102308,29.450103759765625,29.450103759765625
TD-Clean-7,dsoh_refit,2024,B0018,276,75.53633219814198,29.000259399414062,29.000259399414062
TD-Clean-7,dsoh_refit,2024,B0018,279,75.31793705780649,28.391311645507812,28.391311645507812
TD-Clean-7,dsoh_refit,2024,B0018,282,75.43684114368729,28.160385131835938,28.160385131835938
TD-Clean-7,dsoh_refit,2024,B0018,284,74.7829788363973,27.65105438232422,27.65105438232422
TD-Clean-7,dsoh_refit,2024,B0018,286,74.15991898288928,27.199920654296875,27.199920654296875
TD-Clean-7,dsoh_refit,2024,B0018,288,73.84846878839457,26.760421752929688,26.760421752929688
TD-Clean-7,dsoh_refit,2024,B0018,291,73.15537271331122,26.284439086914062,26.284439086914062
TD-Clean-7,dsoh_refit,2024,B0018,294,77.53589472577204,26.188003540039062,26.188003540039062
TD-Clean-7,dsoh_refit,2024,B0018,296,76.42763235972666,25.733047485351562,25.733047485351562
TD-Clean-7,dsoh_refit,2024,B0018,298,75.72351586777258,25.256187438964844,25.256187438964844
TD-Clean-7,dsoh_refit,2024,B0018,300,75.4386936803776,24.71527862548828,24.71527862548828
TD-Clean-7,dsoh_refit,2024,B0018,302,74.45721490205536,24.20410919189453,24.20410919189453
TD-Clean-7,dsoh_refit,2024,B0018,305,74.97385174402893,24.008544921875,24.008544921875
TD-Clean-7,dsoh_refit,2024,B0018,307,74.3741167471391,23.635406494140625,23.635406494140625
TD-Clean-7,dsoh_refit,2024,B0018,309,74.05233968989694,23.240013122558594,23.240013122558594
TD-Clean-7,dsoh_refit,2024,B0018,311,74.08863589293038,22.744956970214844,22.744956970214844
TD-Clean-7,dsoh_refit,2024,B0018,314,73.46151441244959,22.20012664794922,22.20012664794922
TD-Clean-7,dsoh_refit,2024,B0018,317,73.62086195282473,22.02281951904297,22.02281951904297
TD-Clean-7,dsoh_refit,2024,B0018,319,72.87391760769836,21.540618896484375,21.540618896484375
TD-Clean-7,dsoh_refit,11,B0005,2,100.80760884947765,100.0,100.0
TD-Clean-7,dsoh_refit,11,B0005,4,100.25590968770103,99.7640658468008,99.7640658468008
TD-Clean-7,dsoh_refit,11,B0005,6,99.65979925247206,99.52171915769577,99.52171915769577
TD-Clean-7,dsoh_refit,11,B0005,8,99.65509323788856,99.27817916870117,99.27817916870117
TD-Clean-7,dsoh_refit,11,B0005,10,99.6215889724607,99.03642135858536,99.03642135858536
TD-Clean-7,dsoh_refit,11,B0005,12,99.67676620535396,98.8178300857544,98.8178300857544
TD-Clean-7,dsoh_refit,11,B0005,14,99.64877352944652,98.59462702274323,98.59462702274323
TD-Clean-7,dsoh_refit,11,B0005,16,99.13892996732449,98.3254668712616,98.3254668712616
TD-Clean-7,dsoh_refit,11,B0005,18,99.08555627584838,98.05596244335175,98.05596244335175
TD-Clean-7,dsoh_refit,11,B0005,20,99.0768365083485,97.8017156124115,97.8017156124115
TD-Clean-7,dsoh_refit,11,B0005,22,99.07717774099622,97.5299551486969,97.5299551486969
TD-Clean-7,dsoh_refit,11,B0005,25,98.5114992237362,97.25199508666992,97.25199508666992
TD-Clean-7,dsoh_refit,11,B0005,27,98.4870761948254,96.96650791168213,96.96650791168213
TD-Clean-7,dsoh_refit,11,B0005,29,98.47015265835132,96.72701454162598,96.72701454162598
TD-Clean-7,dsoh_refit,11,B0005,31,97.88140357167902,96.4514970779419,96.4514970779419
TD-Clean-7,dsoh_refit,11,B0005,33,97.85473656745688,96.17038631439209,96.17038631439209
TD-Clean-7,dsoh_refit,11,B0005,35,97.88039886599036,95.90126657485962,95.90126657485962
TD-Clean-7,dsoh_refit,11,B0005,37,97.9069415267384,95.63305425643921,95.63305425643921
TD-Clean-7,dsoh_refit,11,B0005,39,97.89115702988882,95.37281274795532,95.37281274795532
TD-Clean-7,dsoh_refit,11,B0005,42,100.29385168145046,95.17555379867554,95.17555379867554
TD-Clean-7,dsoh_refit,11,B0005,46,100.31510023136114,94.96564674377441,94.96564674377441
TD-Clean-7,dsoh_refit,11,B0005,50,99.70477213786135,94.7391676902771,94.7391676902771
TD-Clean-7,dsoh_refit,11,B0005,54,99.1402308374376,94.51050472259521,94.51050472259521
TD-Clean-7,dsoh_refit,11,B0005,58,99.10400696359169,94.31710720062256,94.31710720062256
TD-Clean-7,dsoh_refit,11,B0005,62,99.12941188644592,94.09618949890137,94.09618949890137
TD-Clean-7,dsoh_refit,11,B0005,66,98.50222430381568,93.85865449905396,93.85865449905396
TD-Clean-7,dsoh_refit,11,B0005,70,98.5423014565286,93.67029571533203,93.67029571533203
TD-Clean-7,dsoh_refit,11,B0005,74,98.49887187571204,93.48155736923218,93.48155736923218
TD-Clean-7,dsoh_refit,11,B0005,78,97.89050762402466,93.26844882965088,93.26844882965088
TD-Clean-7,dsoh_refit,11,B0005,82,97.96171552529285,93.0918984413147,93.0918984413147
TD-Clean-7,dsoh_refit,11,B0005,90,99.4075559707276,92.81433343887329,92.81433343887329
TD-Clean-7,dsoh_refit,11,B0005,94,98.82112827769676,92.5411024093628,92.5411024093628
TD-Clean-7,dsoh_refit,11,B0005,98,98.2457556393358,92.32039070129395,92.32039070129395
TD-Clean-7,dsoh_refit,11,B0005,102,97.99065016377766,92.06493091583252,92.06493091583252
TD-Clean-7,dsoh_refit,11,B0005,106,97.7065060215613,91.85061073303223,91.85061073303223
TD-Clean-7,dsoh_refit,11,B0005,110,97.11279694879056,91.61527061462402,91.61527061462402
TD-Clean-7,dsoh_refit,11,B0005,114,96.81304988059888,91.36813068389893,91.36813068389893
TD-Clean-7,dsoh_refit,11,B0005,118,96.27605729788222,91.16877937316895,91.16877937316895
TD-Clean-7,dsoh_refit,11,B0005,122,96.2762766313732,90.9870080947876,90.9870080947876
TD-Clean-7,dsoh_refit,11,B0005,126,95.99578118843372,90.76559829711914,90.76559829711914
TD-Clean-7,dsoh_refit,11,B0005,130,95.69403287907456,90.48974227905273,90.48974227905273
TD-Clean-7,dsoh_refit,11,B0005,134,95.98194451474556,90.22122955322266,90.22122955322266
TD-Clean-7,dsoh_refit,11,B0005,136,95.71321655496544,90.02431774139404,90.02431774139404
TD-Clean-7,dsoh_refit,11,B0005,140,95.11928805425076,89.83401489257812,89.83401489257812
TD-Clean-7,dsoh_refit,11,B0005,144,94.58275432725988,89.62345600128174,89.62345600128174
TD-Clean-7,dsoh_refit,11,B0005,148,94.27008009570102,89.45489120483398,89.45489120483398
TD-Clean-7,dsoh_refit,11,B0005,150,97.39411432859931,89.26334762573242,89.26334762573242
TD-Clean-7,dsoh_refit,11,B0005,154,96.82749231246368,88.94853019714355,88.94853019714355
TD-Clean-7,dsoh_refit,11,B0005,158,95.96820195991576,88.66341495513916,88.66341495513916
TD-Clean-7,dsoh_refit,11,B0005,162,95.40638930769452,88.35219860076904,88.35219860076904
TD-Clean-7,dsoh_refit,11,B0005,166,94.8553962680492,88.11501407623291,88.11501407623291
TD-Clean-7,dsoh_refit,11,B0005,170,94.5755674779542,87.84198093414307,87.84198093414307
TD-Clean-7,dsoh_refit,11,B0005,174,94.28806184403476,87.57851505279541,87.57851505279541
TD-Clean-7,dsoh_refit,11,B0005,178,93.73958753620327,87.33537292480469,87.33537292480469
TD-Clean-7,dsoh_refit,11,B0005,182,93.16861105469168,87.12399101257324,87.12399101257324
TD-Clean-7,dsoh_refit,11,B0005,186,92.88227598613614,86.92156410217285,86.92156410217285
TD-Clean-7,dsoh_refit,11,B0005,190,92.636901518198,86.70597839355469,86.70597839355469
TD-Clean-7,dsoh_refit,11,B0005,194,92.32720191735562,86.48544597625732,86.48544597625732
TD-Clean-7,dsoh_refit,11,B0005,198,92.01599848919145,86.27543067932129,86.27543067932129
TD-Clean-7,dsoh_refit,11,B0005,202,91.49053823956656,85.98666000366211,85.98666000366211
TD-Clean-7,dsoh_refit,11,B0005,206,90.92425521866993,85.7363109588623,85.7363109588623
TD-Clean-7,dsoh_refit,11,B0005,210,90.92941856192826,85.53002166748047,85.53002166748047
TD-Clean-7,dsoh_refit,11,B0005,214,90.34010561326173,85.3148365020752,85.3148365020752
TD-Clean-7,dsoh_refit,11,B0005,216,90.0847586044663,85.09553527832031,85.09553527832031
TD-Clean-7,dsoh_refit,11,B0005,220,89.80457989439137,84.85647678375244,84.85647678375244
TD-Clean-7,dsoh_refit,11,B0005,224,89.19640288815545,84.64447593688965,84.64447593688965
TD-Clean-7,dsoh_refit,11,B0005,228,88.93598251136243,84.42639636993408,84.42639636993408
TD-Clean-7,dsoh_refit,11,B0005,232,88.65781340235759,84.20802116394043,84.20802116394043
TD-Clean-7,dsoh_refit,11,B0005,236,88.38728178562198,83.94803810119629,83.94803810119629
TD-Clean-7,dsoh_refit,11,B0005,240,88.08171260170519,83.7579517364502,83.7579517364502
TD-Clean-7,dsoh_refit,11,B0005,244,87.49528010741024,83.57830047607422,83.57830047607422
TD-Clean-7,dsoh_refit,11,B0005,248,87.2366743602368,83.39018058776855,83.39018058776855
TD-Clean-7,dsoh_refit,11,B0005,252,86.96251727221627,83.2073802947998,83.2073802947998
TD-Clean-7,dsoh_refit,11,B0005,256,86.35734215456989,83.02296447753906,83.02296447753906
TD-Clean-7,dsoh_refit,11,B0005,260,86.10863457357058,82.81875038146973,82.81875038146973
TD-Clean-7,dsoh_refit,11,B0005,264,86.06270063126725,82.64620208740234,82.64620208740234
TD-Clean-7,dsoh_refit,11,B0005,266,86.63737677555004,82.46942520141602,82.46942520141602
TD-Clean-7,dsoh_refit,11,B0005,270,85.50813849993258,82.2802791595459,82.2802791595459
TD-Clean-7,dsoh_refit,11,B0005,274,84.97446653296429,82.10955810546875,82.10955810546875
TD-Clean-7,dsoh_refit,11,B0005,278,84.69557819389517,81.9051685333252,81.9051685333252
TD-Clean-7,dsoh_refit,11,B0005,282,84.68013627936132,81.74478721618652,81.74478721618652
TD-Clean-7,dsoh_refit,11,B0005,286,84.41991821853574,81.57052230834961,81.57052230834961
TD-Clean-7,dsoh_refit,11,B0005,290,84.10414931140878,81.3879508972168,81.3879508972168
TD-Clean-7,dsoh_refit,11,B0005,294,83.52653061113354,81.16886520385742,81.16886520385742
TD-Clean-7,dsoh_refit,11,B0005,298,82.96602561057489,81.01153373718262,81.01153373718262
TD-Clean-7,dsoh_refit,11,B0005,302,82.99920327964658,80.86608695983887,80.86608695983887
TD-Clean-7,dsoh_refit,11,B0005,306,82.68003018050378,80.70405387878418,80.70405387878418
TD-Clean-7,dsoh_refit,11,B0005,310,82.39976893302816,80.5428295135498,80.5428295135498
TD-Clean-7,dsoh_refit,11,B0005,313,87.19626195760692,80.37479209899902,80.37479209899902
TD-Clean-7,dsoh_refit,11,B0005,316,84.91729656129593,80.21847534179688,80.21847534179688
TD-Clean-7,dsoh_refit,11,B0005,320,84.06165489885902,80.0197582244873,80.0197582244873
TD-Clean-7,dsoh_refit,11,B0005,324,83.2082752902044,79.8350772857666,79.8350772857666
TD-Clean-7,dsoh_refit,11,B0005,328,82.91381970838151,79.66756439208984,79.66756439208984
TD-Clean-7,dsoh_refit,11,B0005,332,82.37106085271179,79.50027465820312,79.50027465820312
TD-Clean-7,dsoh_refit,11,B0005,336,82.09631790141844,79.33297920227051,79.33297920227051
TD-Clean-7,dsoh_refit,11,B0005,340,81.80669701206385,79.17659568786621,79.17659568786621
TD-Clean-7,dsoh_refit,11,B0005,344,81.53418918115372,78.98957252502441,78.98957252502441
TD-Clean-7,dsoh_refit,11,B0005,348,80.95312575426658,78.83321571350098,78.83321571350098
TD-Clean-7,dsoh_refit,11,B0005,352,80.6829269258604,78.68399810791016,78.68399810791016
TD-Clean-7,dsoh_refit,11,B0005,356,80.38673535372676,78.53234100341797,78.53234100341797
TD-Clean-7,dsoh_refit,11,B0005,360,80.10415225005684,78.34895515441895,78.34895515441895
TD-Clean-7,dsoh_refit,11,B0005,364,80.68483906716317,78.20467185974121,78.20467185974121
TD-Clean-7,dsoh_refit,11,B0005,367,81.23806188586506,78.01018714904785,78.01018714904785
TD-Clean-7,dsoh_refit,11,B0005,371,80.40774500270479,77.83236503601074,77.83236503601074
TD-Clean-7,dsoh_refit,11,B0005,375,79.80793062432481,77.60809326171875,77.60809326171875
TD-Clean-7,dsoh_refit,11,B0005,379,78.94710440938543,77.42223739624023,77.42223739624023
TD-Clean-7,dsoh_refit,11,B0005,383,78.96040682717852,77.2796802520752,77.2796802520752
TD-Clean-7,dsoh_refit,11,B0005,387,79.00805769223405,77.08289527893066,77.08289527893066
TD-Clean-7,dsoh_refit,11,B0005,391,78.68325635434054,76.93338203430176,76.93338203430176
TD-Clean-7,dsoh_refit,11,B0005,395,78.12009683923326,76.78373527526855,76.78373527526855
TD-Clean-7,dsoh_refit,11,B0005,399,77.83635095586517,76.64796447753906,76.64796447753906
TD-Clean-7,dsoh_refit,11,B0005,403,77.83366081216815,76.45583915710449,76.45583915710449
TD-Clean-7,dsoh_refit,11,B0005,407,77.54418562704669,76.31968879699707,76.31968879699707
TD-Clean-7,dsoh_refit,11,B0005,411,77.26483532824366,76.1772232055664,76.1772232055664
TD-Clean-7,dsoh_refit,11,B0005,415,76.96665751739931,76.03630256652832,76.03630256652832
TD-Clean-7,dsoh_refit,11,B0005,419,76.69408123915822,75.90813446044922,75.90813446044922
TD-Clean-7,dsoh_refit,11,B0005,423,76.7032886034996,75.76270294189453,75.76270294189453
TD-Clean-7,dsoh_refit,11,B0005,427,76.43285089151239,75.58947372436523,75.58947372436523
TD-Clean-7,dsoh_refit,11,B0005,431,77.83345221466253,75.39494514465332,75.39494514465332
TD-Clean-7,dsoh_refit,11,B0005,433,78.09751233548145,75.22216987609863,75.22216987609863
TD-Clean-7,dsoh_refit,11,B0005,437,76.96262218385922,75.06358337402344,75.06358337402344
TD-Clean-7,dsoh_refit,11,B0005,441,76.3993634537507,74.91373062133789,74.91373062133789
TD-Clean-7,dsoh_refit,11,B0005,445,76.08562321685423,74.78676795959473,74.78676795959473
TD-Clean-7,dsoh_refit,11,B0005,449,75.84111192639295,74.65754127502441,74.65754127502441
TD-Clean-7,dsoh_refit,11,B0005,453,75.5470202599512,74.53046607971191,74.53046607971191
TD-Clean-7,dsoh_refit,11,B0005,457,75.2724773855306,74.39838218688965,74.39838218688965
TD-Clean-7,dsoh_refit,11,B0005,461,74.95796574493023,74.27652168273926,74.27652168273926
TD-Clean-7,dsoh_refit,11,B0005,465,74.67559060559861,74.10382080078125,74.10382080078125
TD-Clean-7,dsoh_refit,11,B0005,469,74.4190975749656,73.97370147705078,73.97370147705078
TD-Clean-7,dsoh_refit,11,B0005,473,74.41886702385212,73.85469627380371,73.85469627380371
TD-Clean-7,dsoh_refit,11,B0005,477,74.10538957595438,73.73798179626465,73.73798179626465
TD-Clean-7,dsoh_refit,11,B0005,481,74.68403981580354,73.63073539733887,73.63073539733887
TD-Clean-7,dsoh_refit,11,B0005,483,75.26611054535188,73.50766563415527,73.50766563415527
TD-Clean-7,dsoh_refit,11,B0005,485,74.38310747232698,73.36942100524902,73.36942100524902
TD-Clean-7,dsoh_refit,11,B0005,489,74.10795710900801,73.24571418762207,73.24571418762207
TD-Clean-7,dsoh_refit,11,B0005,493,73.53993654981534,73.12808990478516,73.12808990478516
TD-Clean-7,dsoh_refit,11,B0005,497,73.55729388669064,73.00277328491211,73.00277328491211
TD-Clean-7,dsoh_refit,11,B0005,501,73.56067241598603,72.87515449523926,72.87515449523926
TD-Clean-7,dsoh_refit,11,B0005,505,73.26805286034079,72.73632049560547,72.73632049560547
TD-Clean-7,dsoh_refit,11,B0005,509,72.98972077509227,72.57781410217285,72.57781410217285
TD-Clean-7,dsoh_refit,11,B0005,513,72.70747847813722,72.46622276306152,72.46622276306152
TD-Clean-7,dsoh_refit,11,B0005,517,72.70330518052887,72.35232734680176,72.35232734680176
TD-Clean-7,dsoh_refit,11,B0005,521,72.43680818215978,72.22883796691895,72.22883796691895
TD-Clean-7,dsoh_refit,11,B0005,525,72.14563728793834,72.06391906738281,72.06391906738281
TD-Clean-7,dsoh_refit,11,B0005,529,71.84842350914826,71.93920135498047,71.93920135498047
TD-Clean-7,dsoh_refit,11,B0005,533,71.57682808520298,71.82897758483887,71.82897758483887
TD-Clean-7,dsoh_refit,11,B0005,537,71.59297070565168,71.73104476928711,71.73104476928711
TD-Clean-7,dsoh_refit,11,B0005,541,71.58355486033668,71.57671356201172,71.57671356201172
TD-Clean-7,dsoh_refit,11,B0005,545,71.88651633814797,71.4450912475586,71.4450912475586
TD-Clean-7,dsoh_refit,11,B0005,548,73.85485752850198,71.33829689025879,71.33829689025879
TD-Clean-7,dsoh_refit,11,B0005,552,72.73676298693475,71.2194652557373,71.2194652557373
TD-Clean-7,dsoh_refit,11,B0005,556,72.16650080848474,71.09008979797363,71.09008979797363
TD-Clean-7,dsoh_refit,11,B0005,560,71.87574889700983,70.93493270874023,70.93493270874023
TD-Clean-7,dsoh_refit,11,B0005,564,71.60206343923741,70.80640029907227,70.80640029907227
TD-Clean-7,dsoh_refit,11,B0005,568,71.32194157026348,70.69202613830566,70.69202613830566
TD-Clean-7,dsoh_refit,11,B0005,572,71.30711389020412,70.55672645568848,70.55672645568848
TD-Clean-7,dsoh_refit,11,B0005,576,71.01356336148518,70.44367599487305,70.44367599487305
TD-Clean-7,dsoh_refit,11,B0005,580,70.75492745457169,70.34384536743164,70.34384536743164
TD-Clean-7,dsoh_refit,11,B0005,584,70.77254445771489,70.2135124206543,70.2135124206543
TD-Clean-7,dsoh_refit,11,B0005,588,70.77540542374062,70.0886344909668,70.0886344909668
TD-Clean-7,dsoh_refit,11,B0005,592,70.47550750397869,69.97531127929688,69.97531127929688
TD-Clean-7,dsoh_refit,11,B0005,596,70.48563041810954,69.85303497314453,69.85303497314453
TD-Clean-7,dsoh_refit,11,B0005,600,70.23531244180377,69.71263122558594,69.71263122558594
TD-Clean-7,dsoh_refit,11,B0005,604,69.93882142370093,69.5890121459961,69.5890121459961
TD-Clean-7,dsoh_refit,11,B0005,608,69.90890905512207,69.47904586791992,69.47904586791992
TD-Clean-7,dsoh_refit,11,B0005,612,71.07977535187085,69.33667182922363,69.33667182922363
TD-Clean-7,dsoh_refit,11,B0005,614,71.95205157786506,69.2191162109375,69.2191162109375
TD-Clean-7,dsoh_refit,11,B0006,2,100.88297108833646,100.0,100.0
TD-Clean-7,dsoh_refit,11,B0006,4,100.37753235288778,99.82933284342289,99.82933284342289
TD-Clean-7,dsoh_refit,11,B0006,6,99.79196916000484,99.65480548143387,99.65480548143387
TD-Clean-7,dsoh_refit,11,B0006,8,99.7899019818078,99.47912383079529,99.47912383079529
TD-Clean-7,dsoh_refit,11,B0006,10,99.15762541696316,99.30445110797882,99.30445110797882
TD-Clean-7,dsoh_refit,11,B0006,12,99.8203556776378,99.13359946012497,99.13359946012497
TD-Clean-7,dsoh_refit,11,B0006,14,99.7808037027038,98.95983612537384,98.95983612537384
TD-Clean-7,dsoh_refit,11,B0006,16,97.5844832820893,98.77636873722076,98.77636873722076
TD-Clean-7,dsoh_refit,11,B0006,18,97.5535716293996,98.59373116493225,98.59373116493225
TD-Clean-7,dsoh_refit,11,B0006,20,97.01155142541865,98.40996265411377,98.40996265411377
TD-Clean-7,dsoh_refit,11,B0006,22,96.43502080876348,98.22537314891815,98.22537314891815
TD-Clean-7,dsoh_refit,11,B0006,25,95.8972998236526,98.02402877807617,98.02402877807617
TD-Clean-7,dsoh_refit,11,B0006,27,95.32875373854844,97.83368015289307,97.83368015289307
TD-Clean-7,dsoh_refit,11,B0006,29,94.76419905980474,97.65334272384644,97.65334272384644
TD-Clean-7,dsoh_refit,11,B0006,31,94.22773853976388,97.46171951293945,97.46171951293945
TD-Clean-7,dsoh_refit,11,B0006,33,93.6395064953226,97.2701404094696,97.2701404094696
TD-Clean-7,dsoh_refit,11,B0006,35,93.09821798643677,97.0847499370575,97.0847499370575
TD-Clean-7,dsoh_refit,11,B0006,37,92.56743574756617,96.89426755905151,96.89426755905151
TD-Clean-7,dsoh_refit,11,B0006,39,92.56840432582156,96.70931386947632,96.70931386947632
TD-Clean-7,dsoh_refit,11,B0006,42,98.12161319843736,96.56504511833191,96.56504511833191
TD-Clean-7,dsoh_refit,11,B0006,46,97.02736865587346,96.41440343856812,96.41440343856812
TD-Clean-7,dsoh_refit,11,B0006,50,96.4457203456954,96.25472712516785,96.25472712516785
TD-Clean-7,dsoh_refit,11,B0006,54,95.37664206593776,96.10391473770142,96.10391473770142
TD-Clean-7,dsoh_refit,11,B0006,58,96.45395400781383,95.96329832077026,95.96329832077026
TD-Clean-7,dsoh_refit,11,B0006,62,94.2446511737385,95.81508684158325,95.81508684158325
TD-Clean-7,dsoh_refit,11,B0006,66,93.11783815158223,95.66418313980103,95.66418313980103
TD-Clean-7,dsoh_refit,11,B0006,70,92.60393676951,95.51937532424927,95.51937532424927
TD-Clean-7,dsoh_refit,11,B0006,74,91.99518419888014,95.37482786178589,95.37482786178589
TD-Clean-7,dsoh_refit,11,B0006,78,91.45865458065036,95.23137331008911,95.23137331008911
TD-Clean-7,dsoh_refit,11,B0006,82,92.05488530825814,95.0922179222107,95.0922179222107
TD-Clean-7,dsoh_refit,11,B0006,90,93.2941701264468,94.8866605758667,94.8866605758667
TD-Clean-7,dsoh_refit,11,B0006,94,91.95812296295944,94.67810440063477,94.67810440063477
TD-Clean-7,dsoh_refit,11,B0006,98,91.16379285351326,94.48590803146362,94.48590803146362
TD-Clean-7,dsoh_refit,11,B0006,102,90.13722315501992,94.2861738204956,94.2861738204956
TD-Clean-7,dsoh_refit,11,B0006,106,89.88629167454431,94.09532403945923,94.09532403945923
TD-Clean-7,dsoh_refit,11,B0006,110,89.07464504963947,93.89082288742065,93.89082288742065
TD-Clean-7,dsoh_refit,11,B0006,114,88.27677498375004,93.68582916259766,93.68582916259766
TD-Clean-7,dsoh_refit,11,B0006,118,87.78153478310176,93.49826431274414,93.49826431274414
TD-Clean-7,dsoh_refit,11,B0006,122,87.25902301297472,93.3245701789856,93.3245701789856
TD-Clean-7,dsoh_refit,11,B0006,126,86.75445063463465,93.14079761505127,93.14079761505127
TD-Clean-7,dsoh_refit,11,B0006,130,86.21919662960373,92.94106197357178,92.94106197357178
TD-Clean-7,dsoh_refit,11,B0006,134,86.97181002045869,92.73233699798584,92.73233699798584
TD-Clean-7,dsoh_refit,11,B0006,136,87.53004089819298,92.55097436904907,92.55097436904907
TD-Clean-7,dsoh_refit,11,B0006,140,85.93648557449694,92.37501335144043,92.37501335144043
TD-Clean-7,dsoh_refit,11,B0006,144,84.92223069682748,92.19281768798828,92.19281768798828
TD-Clean-7,dsoh_refit,11,B0006,148,84.38106569995976,92.02542304992676,92.02542304992676
TD-Clean-7,dsoh_refit,11,B0006,150,90.39396636175364,91.8544692993164,91.8544692993164
TD-Clean-7,dsoh_refit,11,B0006,154,89.62118442408695,91.61580085754395,91.61580085754395
TD-Clean-7,dsoh_refit,11,B0006,158,88.01687540594799,91.39170932769775,91.39170932769775
TD-Clean-7,dsoh_refit,11,B0006,162,86.47934133475826,91.17012882232666,91.17012882232666
TD-Clean-7,dsoh_refit,11,B0006,166,85.7093899316892,90.97436618804932,90.97436618804932
TD-Clean-7,dsoh_refit,11,B0006,170,84.66363361309608,90.76809692382812,90.76809692382812
TD-Clean-7,dsoh_refit,11,B0006,174,84.14253773442293,90.57254123687744,90.57254123687744
TD-Clean-7,dsoh_refit,11,B0006,178,83.37268440744252,90.37797355651855,90.37797355651855
TD-Clean-7,dsoh_refit,11,B0006,182,82.84795096685752,90.20031070709229,90.20031070709229
TD-Clean-7,dsoh_refit,11,B0006,186,82.31672078137474,90.03040409088135,90.03040409088135
TD-Clean-7,dsoh_refit,11,B0006,190,81.8390002521071,89.86217784881592,89.86217784881592
TD-Clean-7,dsoh_refit,11,B0006,194,81.29446683115198,89.68323230743408,89.68323230743408
TD-Clean-7,dsoh_refit,11,B0006,198,80.75246648690656,89.51014041900635,89.51014041900635
TD-Clean-7,dsoh_refit,11,B0006,202,79.7437886746144,89.31506252288818,89.31506252288818
TD-Clean-7,dsoh_refit,11,B0006,206,79.47984426199564,89.128662109375,89.128662109375
TD-Clean-7,dsoh_refit,11,B0006,210,79.25415788836384,88.97216033935547,88.97216033935547
TD-Clean-7,dsoh_refit,11,B0006,214,78.69188922732394,88.80017185211182,88.80017185211182
TD-Clean-7,dsoh_refit,11,B0006,216,78.46114405771091,88.62031555175781,88.62031555175781
TD-Clean-7,dsoh_refit,11,B0006,220,77.67630372212932,88.43500518798828,88.43500518798828
TD-Clean-7,dsoh_refit,11,B0006,224,77.38916838478035,88.27247714996338,88.27247714996338
TD-Clean-7,dsoh_refit,11,B0006,228,76.88491527529958,88.11471366882324,88.11471366882324
TD-Clean-7,dsoh_refit,11,B0006,232,76.3646225030132,87.95090198516846,87.95090198516846
TD-Clean-7,dsoh_refit,11,B0006,236,75.60327887522882,87.77711391448975,87.77711391448975
TD-Clean-7,dsoh_refit,11,B0006,240,75.84333345118733,87.62467384338379,87.62467384338379
TD-Clean-7,dsoh_refit,11,B0006,244,75.57070473005419,87.477952003479,87.477952003479
TD-Clean-7,dsoh_refit,11,B0006,248,75.06972493621848,87.33892154693604,87.33892154693604
TD-Clean-7,dsoh_refit,11,B0006,252,74.81407516505371,87.19661331176758,87.19661331176758
TD-Clean-7,dsoh_refit,11,B0006,256,74.54671414292675,87.06021499633789,87.06021499633789
TD-Clean-7,dsoh_refit,11,B0006,260,74.02740213488109,86.91709423065186,86.91709423065186
TD-Clean-7,dsoh_refit,11,B0006,264,73.73556466569462,86.78893184661865,86.78893184661865
TD-Clean-7,dsoh_refit,11,B0006,266,75.84980622026112,86.64763927459717,86.64763927459717
TD-Clean-7,dsoh_refit,11,B0006,270,74.55060879561292,86.50052452087402,86.50052452087402
TD-Clean-7,dsoh_refit,11,B0006,274,73.79142812679322,86.37133312225342,86.37133312225342
TD-Clean-7,dsoh_refit,11,B0006,278,73.27190839787096,86.24327945709229,86.24327945709229
TD-Clean-7,dsoh_refit,11,B0006,282,73.28093201847443,86.12428760528564,86.12428760528564
TD-Clean-7,dsoh_refit,11,B0006,286,73.02095301621284,86.0485782623291,86.0485782623291
TD-Clean-7,dsoh_refit,11,B0006,290,72.73851013234444,85.91001319885254,85.91001319885254
TD-Clean-7,dsoh_refit,11,B0006,294,71.95104826590523,85.76293087005615,85.76293087005615
TD-Clean-7,dsoh_refit,11,B0006,298,71.96564568462234,85.64352226257324,85.64352226257324
TD-Clean-7,dsoh_refit,11,B0006,302,71.72895437691278,85.54092311859131,85.54092311859131
TD-Clean-7,dsoh_refit,11,B0006,306,71.71434939609318,85.41731548309326,85.41731548309326
TD-Clean-7,dsoh_refit,11,B0006,310,71.45761792874575,85.29241180419922,85.29241180419922
TD-Clean-7,dsoh_refit,11,B0006,313,78.98726854374111,85.15497589111328,85.15497589111328
TD-Clean-7,dsoh_refit,11,B0006,316,76.64794397240323,85.02006244659424,85.02006244659424
TD-Clean-7,dsoh_refit,11,B0006,320,75.07747171565073,84.8577184677124,84.8577184677124
TD-Clean-7,dsoh_refit,11,B0006,324,74.29795247472106,84.71031284332275,84.71031284332275
TD-Clean-7,dsoh_refit,11,B0006,328,73.51146675367659,84.57351016998291,84.57351016998291
TD-Clean-7,dsoh_refit,11,B0006,332,73.00864275760908,84.43288230895996,84.43288230895996
TD-Clean-7,dsoh_refit,11,B0006,336,72.50277290138493,84.30142211914062,84.30142211914062
TD-Clean-7,dsoh_refit,11,B0006,340,71.96131839956391,84.1721773147583,84.1721773147583
TD-Clean-7,dsoh_refit,11,B0006,344,71.71500633205595,84.03743934631348,84.03743934631348
TD-Clean-7,dsoh_refit,11,B0006,348,71.44305583769248,83.91110420227051,83.91110420227051
TD-Clean-7,dsoh_refit,11,B0006,352,70.93898960214143,83.79550361633301,83.79550361633301
TD-Clean-7,dsoh_refit,11,B0006,356,70.68194044477139,83.67517471313477,83.67517471313477
TD-Clean-7,dsoh_refit,11,B0006,360,70.4074916889224,83.5451774597168,83.5451774597168
TD-Clean-7,dsoh_refit,11,B0006,364,70.41804785222855,83.43802452087402,83.43802452087402
TD-Clean-7,dsoh_refit,11,B0006,367,71.98210310103482,83.2977523803711,83.2977523803711
TD-Clean-7,dsoh_refit,11,B0006,371,70.95618334594263,83.16044235229492,83.16044235229492
TD-Clean-7,dsoh_refit,11,B0006,375,70.1362730902931,83.00919151306152,83.00919151306152
TD-Clean-7,dsoh_refit,11,B0006,379,69.87433806657212,82.87769317626953,82.87769317626953
TD-Clean-7,dsoh_refit,11,B0006,383,69.63573699649338,82.76715850830078,82.76715850830078
TD-Clean-7,dsoh_refit,11,B0006,387,69.15232147064526,82.63154220581055,82.63154220581055
TD-Clean-7,dsoh_refit,11,B0006,391,69.12109936452545,82.51277351379395,82.51277351379395
TD-Clean-7,dsoh_refit,11,B0006,395,68.86250185726787,82.39675712585449,82.39675712585449
TD-Clean-7,dsoh_refit,11,B0006,399,68.59092282212131,82.28444290161133,82.28444290161133
TD-Clean-7,dsoh_refit,11,B0006,403,68.08750743669,82.1546401977539,82.1546401977539
TD-Clean-7,dsoh_refit,11,B0006,407,68.33159705981836,82.0380916595459,82.0380916595459
TD-Clean-7,dsoh_refit,11,B0006,411,68.09140360412486,81.92302513122559,81.92302513122559
TD-Clean-7,dsoh_refit,11,B0006,415,67.81869443003508,81.8076229095459,81.8076229095459
TD-Clean-7,dsoh_refit,11,B0006,419,67.5730638436144,81.70297050476074,81.70297050476074
TD-Clean-7,dsoh_refit,11,B0006,423,67.31503513349786,81.5973072052002,81.5973072052002
TD-Clean-7,dsoh_refit,11,B0006,427,67.07575548417674,81.47286415100098,81.47286415100098
TD-Clean-7,dsoh_refit,11,B0006,431,68.60691404106846,81.33515930175781,81.33515930175781
TD-Clean-7,dsoh_refit,11,B0006,433,69.64711039275872,81.20105361938477,81.20105361938477
TD-Clean-7,dsoh_refit,11,B0006,437,68.33719964359061,81.07264137268066,81.07264137268066
TD-Clean-7,dsoh_refit,11,B0006,441,67.81907707369999,80.95860290527344,80.95860290527344
TD-Clean-7,dsoh_refit,11,B0006,445,67.27630029953899,80.8548526763916,80.8548526763916
TD-Clean-7,dsoh_refit,11,B0006,449,67.03731096833596,80.7523193359375,80.7523193359375
TD-Clean-7,dsoh_refit,11,B0006,453,66.78534122129697,80.65652084350586,80.65652084350586
TD-Clean-7,dsoh_refit,11,B0006,457,66.26973868287087,80.55160331726074,80.55160331726074
TD-Clean-7,dsoh_refit,11,B0006,461,65.98363462621751,80.45575141906738,80.45575141906738
TD-Clean-7,dsoh_refit,11,B0006,465,65.72069252661954,80.34548568725586,80.34548568725586
TD-Clean-7,dsoh_refit,11,B0006,469,65.50500064349335,80.2521858215332,80.2521858215332
TD-Clean-7,dsoh_refit,11,B0006,473,65.48747074550045,80.16604232788086,80.16604232788086
TD-Clean-7,dsoh_refit,11,B0006,477,65.2110653386093,80.08167839050293,80.08167839050293
TD-Clean-7,dsoh_refit,11,B0006,481,65.47148558720653,79.99749183654785,79.99749183654785
TD-Clean-7,dsoh_refit,11,B0006,483,66.78647932759047,79.89459037780762,79.89459037780762
TD-Clean-7,dsoh_refit,11,B0006,485,65.72477818237311,79.77836608886719,79.77836608886719
TD-Clean-7,dsoh_refit,11,B0006,489,64.93697426302657,79.67906951904297,79.67906951904297
TD-Clean-7,dsoh_refit,11,B0006,493,64.69397950587184,79.58148193359375,79.58148193359375
TD-Clean-7,dsoh_refit,11,B0006,497,64.45556804271465,79.48710823059082,79.48710823059082
TD-Clean-7,dsoh_refit,11,B0006,501,64.44711910522597,79.38765144348145,79.38765144348145
TD-Clean-7,dsoh_refit,11,B0006,505,63.9153253541329,79.28464317321777,79.28464317321777
TD-Clean-7,dsoh_refit,11,B0006,509,63.40709756117343,79.18134117126465,79.18134117126465
TD-Clean-7,dsoh_refit,11,B0006,513,63.40485519747241,79.10098457336426,79.10098457336426
TD-Clean-7,dsoh_refit,11,B0006,517,63.14854807557744,79.02022171020508,79.02022171020508
TD-Clean-7,dsoh_refit,11,B0006,521,63.15304028594434,78.92643737792969,78.92643737792969
TD-Clean-7,dsoh_refit,11,B0006,525,62.63936845251047,78.81918144226074,78.81918144226074
TD-Clean-7,dsoh_refit,11,B0006,529,62.36048327920517,78.73724174499512,78.73724174499512
TD-Clean-7,dsoh_refit,11,B0006,533,62.11872624491582,78.66242980957031,78.66242980957031
TD-Clean-7,dsoh_refit,11,B0006,537,62.11731201074328,78.59707260131836,78.59707260131836
TD-Clean-7,dsoh_refit,11,B0006,541,61.86235410492132,78.50168800354004,78.50168800354004
TD-Clean-7,dsoh_refit,11,B0006,545,62.12742822257309,78.42524147033691,78.42524147033691
TD-Clean-7,dsoh_refit,11,B0006,548,63.93010610326108,78.35573959350586,78.35573959350586
TD-Clean-7,dsoh_refit,11,B0006,552,62.62827859533666,78.27302932739258,78.27302932739258
TD-Clean-7,dsoh_refit,11,B0006,556,61.85683618405182,78.19360733032227,78.19360733032227
TD-Clean-7,dsoh_refit,11,B0006,560,61.07092794836815,78.1070327758789,78.1070327758789
TD-Clean-7,dsoh_refit,11,B0006,564,60.82277612678393,78.0319709777832,78.0319709777832
TD-Clean-7,dsoh_refit,11,B0006,568,60.55640953242813,77.96792411804199,77.96792411804199
TD-Clean-7,dsoh_refit,11,B0006,572,60.02917505279337,77.89299011230469,77.89299011230469
TD-Clean-7,dsoh_refit,11,B0006,576,59.75722270334661,77.82684516906738,77.82684516906738
TD-Clean-7,dsoh_refit,11,B0006,580,59.52315601830062,77.77425765991211,77.77425765991211
TD-Clean-7,dsoh_refit,11,B0006,584,59.01246912863032,77.70418930053711,77.70418930053711
TD-Clean-7,dsoh_refit,11,B0006,588,58.74426171153606,77.64356231689453,77.64356231689453
TD-Clean-7,dsoh_refit,11,B0006,592,58.47122551716232,77.5815658569336,77.5815658569336
TD-Clean-7,dsoh_refit,11,B0006,596,58.2196597592319,77.51724243164062,77.51724243164062
TD-Clean-7,dsoh_refit,11,B0006,600,57.18983519098029,77.4549331665039,77.4549331665039
TD-Clean-7,dsoh_refit,11,B0006,604,57.71437056534329,77.39142417907715,77.39142417907715
TD-Clean-7,dsoh_refit,11,B0006,608,57.43663099473362,77.33378601074219,77.33378601074219
TD-Clean-7,dsoh_refit,11,B0006,612,58.23847489632371,77.25705146789551,77.25705146789551
TD-Clean-7,dsoh_refit,11,B0006,614,58.76884540363096,77.19293212890625,77.19293212890625
TD-Clean-7,dsoh_refit,11,B0007,2,100.45351791563915,100.0,100.0
TD-Clean-7,dsoh_refit,11,B0007,4,99.900254379013,99.791743054986,99.791743054986
TD-Clean-7,dsoh_refit,11,B0007,6,99.90161660017114,99.5814957022667,99.5814957022667
TD-Clean-7,dsoh_refit,11,B0007,8,99.9073657865712,99.3693578839302,99.3693578839302
TD-Clean-7,dsoh_refit,11,B0007,10,99.83724531860553,99.15791755914688,99.15791755914688
TD-Clean-7,dsoh_refit,11,B0007,12,99.90361817867274,98.95241391658783,98.95241391658783
TD-Clean-7,dsoh_refit,11,B0007,14,99.86297576917136,98.74685609340668,98.74685609340668
TD-Clean-7,dsoh_refit,11,B0007,16,99.94656396119812,98.53396117687225,98.53396117687225
TD-Clean-7,dsoh_refit,11,B0007,18,99.31878532934633,98.3201048374176,98.3201048374176
TD-Clean-7,dsoh_refit,11,B0007,20,99.33799331164263,98.10545861721039,98.10545861721039
TD-Clean-7,dsoh_refit,11,B0007,22,99.33756087304828,97.89002203941345,97.89002203941345
TD-Clean-7,dsoh_refit,11,B0007,25,98.78551523188162,97.66537022590637,97.66537022590637
TD-Clean-7,dsoh_refit,11,B0007,27,98.75485184986668,97.44821619987488,97.44821619987488
TD-Clean-7,dsoh_refit,11,B0007,29,98.75133536665352,97.23701357841492,97.23701357841492
TD-Clean-7,dsoh_refit,11,B0007,31,98.77012942519043,97.02131962776184,97.02131962776184
TD-Clean-7,dsoh_refit,11,B0007,33,98.73683812511632,96.80661463737488,96.80661463737488
TD-Clean-7,dsoh_refit,11,B0007,35,98.15685575226132,96.59109830856323,96.59109830856323
TD-Clean-7,dsoh_refit,11,B0007,37,98.19446503474695,96.37705111503601,96.37705111503601
TD-Clean-7,dsoh_refit,11,B0007,39,98.186691403046,96.16353464126587,96.16353464126587
TD-Clean-7,dsoh_refit,11,B0007,42,99.90787801510066,95.95756006240845,95.95756006240845
TD-Clean-7,dsoh_refit,11,B0007,46,99.94461695603135,95.7533311843872,95.7533311843872
TD-Clean-7,dsoh_refit,11,B0007,50,99.92460497901308,95.54913663864136,95.54913663864136
TD-Clean-7,dsoh_refit,11,B0007,54,99.38880751306714,95.34413051605225,95.34413051605225
TD-Clean-7,dsoh_refit,11,B0007,58,99.34580918956073,95.14483690261841,95.14483690261841
TD-Clean-7,dsoh_refit,11,B0007,62,99.37088315432128,94.94323539733887,94.94323539733887
TD-Clean-7,dsoh_refit,11,B0007,66,98.78342046080256,94.74031066894531,94.74031066894531
TD-Clean-7,dsoh_refit,11,B0007,70,98.8058078187501,94.54328107833862,94.54328107833862
TD-Clean-7,dsoh_refit,11,B0007,74,98.75966747373796,94.34522867202759,94.34522867202759
TD-Clean-7,dsoh_refit,11,B0007,78,98.1739885027512,94.14287042617798,94.14287042617798
TD-Clean-7,dsoh_refit,11,B0007,82,98.23039625446908,93.94660377502441,93.94660377502441
TD-Clean-7,dsoh_refit,11,B0007,90,98.95386520139344,93.72855615615845,93.72855615615845
TD-Clean-7,dsoh_refit,11,B0007,94,98.38356039411237,93.50958395004272,93.50958395004272
TD-Clean-7,dsoh_refit,11,B0007,98,98.11080955264678,93.29624509811401,93.29624509811401
TD-Clean-7,dsoh_refit,11,B0007,102,97.57312273601715,93.0783839225769,93.0783839225769
TD-Clean-7,dsoh_refit,11,B0007,106,97.5908400366413,92.8653473854065,92.8653473854065
TD-Clean-7,dsoh_refit,11,B0007,110,97.29922460125108,92.64846515655518,92.64846515655518
TD-Clean-7,dsoh_refit,11,B0007,114,96.74012336609094,92.42876195907593,92.42876195907593
TD-Clean-7,dsoh_refit,11,B0007,118,96.49359124138364,92.2156171798706,92.2156171798706
TD-Clean-7,dsoh_refit,11,B0007,122,96.22137391342224,92.00475788116455,92.00475788116455
TD-Clean-7,dsoh_refit,11,B0007,126,96.233276781278,91.78943157196045,91.78943157196045
TD-Clean-7,dsoh_refit,11,B0007,130,95.93841918044076,91.5690221786499,91.5690221786499
TD-Clean-7,dsoh_refit,11,B0007,134,96.31819241353496,91.34608268737793,91.34608268737793
TD-Clean-7,dsoh_refit,11,B0007,136,95.94953719543624,91.13319969177246,91.13319969177246
TD-Clean-7,dsoh_refit,11,B0007,140,95.3953227427902,90.91938877105713,90.91938877105713
TD-Clean-7,dsoh_refit,11,B0007,144,94.86699939598208,90.70199680328369,90.70199680328369
TD-Clean-7,dsoh_refit,11,B0007,148,94.57173479963342,90.48960781097412,90.48960781097412
TD-Clean-7,dsoh_refit,11,B0007,150,96.41760769059738,90.27849769592285,90.27849769592285
TD-Clean-7,dsoh_refit,11,B0007,154,96.45090493439226,90.04910182952881,90.04910182952881
TD-Clean-7,dsoh_refit,11,B0007,158,95.6297003383392,89.82389545440674,89.82389545440674
TD-Clean-7,dsoh_refit,11,B0007,162,95.10935396520227,89.59569263458252,89.59569263458252
TD-Clean-7,dsoh_refit,11,B0007,166,94.57259385530976,89.37766933441162,89.37766933441162
TD-Clean-7,dsoh_refit,11,B0007,170,94.30623404626093,89.15311813354492,89.15311813354492
TD-Clean-7,dsoh_refit,11,B0007,174,94.0371367595855,88.93029022216797,88.93029022216797
TD-Clean-7,dsoh_refit,11,B0007,178,93.49626919937222,88.70995140075684,88.70995140075684
TD-Clean-7,dsoh_refit,11,B0007,182,92.9420388383138,88.49152851104736,88.49152851104736
TD-Clean-7,dsoh_refit,11,B0007,186,92.94217065781828,88.27352905273438,88.27352905273438
TD-Clean-7,dsoh_refit,11,B0007,190,92.69668329388116,88.05498027801514,88.05498027801514
TD-Clean-7,dsoh_refit,11,B0007,194,92.41073633514534,87.83380889892578,87.83380889892578
TD-Clean-7,dsoh_refit,11,B0007,198,91.82208130681248,87.61203956604004,87.61203956604004
TD-Clean-7,dsoh_refit,11,B0007,202,91.5743327473832,87.38065910339355,87.38065910339355
TD-Clean-7,dsoh_refit,11,B0007,206,91.04730118386937,87.15333080291748,87.15333080291748
TD-Clean-7,dsoh_refit,11,B0007,210,91.04684020750553,86.93344688415527,86.93344688415527
TD-Clean-7,dsoh_refit,11,B0007,214,90.49873919973382,86.70907878875732,86.70907878875732
TD-Clean-7,dsoh_refit,11,B0007,216,90.51794914609178,86.48258113861084,86.48258113861084
TD-Clean-7,dsoh_refit,11,B0007,220,89.96325858213598,86.2533655166626,86.2533655166626
TD-Clean-7,dsoh_refit,11,B0007,224,89.64911074691454,86.02995681762695,86.02995681762695
TD-Clean-7,dsoh_refit,11,B0007,228,89.4056438247883,85.8048791885376,85.8048791885376
TD-Clean-7,dsoh_refit,11,B0007,232,89.13221056506995,85.57926368713379,85.57926368713379
TD-Clean-7,dsoh_refit,11,B0007,236,88.88142970948275,85.34743881225586,85.34743881225586
TD-Clean-7,dsoh_refit,11,B0007,240,88.57496163215028,85.12546920776367,85.12546920776367
TD-Clean-7,dsoh_refit,11,B0007,244,88.30030467403411,84.9032154083252,84.9032154083252
TD-Clean-7,dsoh_refit,11,B0007,248,88.04309784572763,84.68015575408936,84.68015575408936
TD-Clean-7,dsoh_refit,11,B0007,252,87.7835715053401,84.4562578201294,84.4562578201294
TD-Clean-7,dsoh_refit,11,B0007,256,87.5009058762453,84.23320198059082,84.23320198059082
TD-Clean-7,dsoh_refit,11,B0007,260,86.92700430940862,84.0047721862793,84.0047721862793
TD-Clean-7,dsoh_refit,11,B0007,264,86.91859800690037,83.78156471252441,83.78156471252441
TD-Clean-7,dsoh_refit,11,B0007,266,87.17696241036246,83.55666923522949,83.55666923522949
TD-Clean-7,dsoh_refit,11,B0007,270,86.66971006432802,83.33209037780762,83.33209037780762
TD-Clean-7,dsoh_refit,11,B0007,274,86.11955257111292,83.10944366455078,83.10944366455078
TD-Clean-7,dsoh_refit,11,B0007,278,85.86532022039283,82.88037300109863,82.88037300109863
TD-Clean-7,dsoh_refit,11,B0007,282,85.83324550155743,82.65766906738281,82.65766906738281
TD-Clean-7,dsoh_refit,11,B0007,286,85.88108948972226,82.43200874328613,82.43200874328613
TD-Clean-7,dsoh_refit,11,B0007,290,85.56987844007078,82.20492935180664,82.20492935180664
TD-Clean-7,dsoh_refit,11,B0007,294,85.027771191142,81.97033882141113,81.97033882141113
TD-Clean-7,dsoh_refit,11,B0007,298,84.77582688520748,81.7443733215332,81.7443733215332
TD-Clean-7,dsoh_refit,11,B0007,302,84.79178974791847,81.5216121673584,81.5216121673584
TD-Clean-7,dsoh_refit,11,B0007,306,84.76993385106519,81.29508399963379,81.29508399963379
TD-Clean-7,dsoh_refit,11,B0007,310,84.49605927424464,81.06639862060547,81.06639862060547
TD-Clean-7,dsoh_refit,11,B0007,313,89.71090998622898,80.83868217468262,80.83868217468262
TD-Clean-7,dsoh_refit,11,B0007,316,86.37349719367897,80.61376571655273,80.61376571655273
TD-Clean-7,dsoh_refit,11,B0007,320,85.82898928627563,80.3820686340332,80.3820686340332
TD-Clean-7,dsoh_refit,11,B0007,324,85.2934976107533,80.1525707244873,80.1525707244873
TD-Clean-7,dsoh_refit,11,B0007,328,84.72574724857897,79.92404174804688,79.92404174804688
TD-Clean-7,dsoh_refit,11,B0007,332,84.48328177752624,79.6951789855957,79.6951789855957
TD-Clean-7,dsoh_refit,11,B0007,336,84.21457006738538,79.46674728393555,79.46674728393555
TD-Clean-7,dsoh_refit,11,B0007,340,83.9288888229777,79.24016380310059,79.24016380310059
TD-Clean-7,dsoh_refit,11,B0007,344,83.67629222648154,79.00736808776855,79.00736808776855
TD-Clean-7,dsoh_refit,11,B0007,348,83.38837618926404,78.7802677154541,78.7802677154541
TD-Clean-7,dsoh_refit,11,B0007,352,83.41270816038221,78.55281257629395,78.55281257629395
TD-Clean-7,dsoh_refit,11,B0007,356,83.14675201444969,78.32414436340332,78.32414436340332
TD-Clean-7,dsoh_refit,11,B0007,360,82.8484308280049,78.08974838256836,78.08974838256836
TD-Clean-7,dsoh_refit,11,B0007,364,83.13252526962864,77.86205101013184,77.86205101013184
TD-Clean-7,dsoh_refit,11,B0007,367,83.66359396289195,77.62443542480469,77.62443542480469
TD-Clean-7,dsoh_refit,11,B0007,371,83.14841165448959,77.38971138000488,77.38971138000488
TD-Clean-7,dsoh_refit,11,B0007,375,82.85488835556158,77.14777374267578,77.14777374267578
TD-Clean-7,dsoh_refit,11,B0007,379,82.33123711829187,76.90945053100586,76.90945053100586
TD-Clean-7,dsoh_refit,11,B0007,383,82.01142381939957,76.68010520935059,76.68010520935059
TD-Clean-7,dsoh_refit,11,B0007,387,82.07206587982726,76.4413833618164,76.4413833618164
TD-Clean-7,dsoh_refit,11,B0007,391,82.0495038543302,76.2087345123291,76.2087345123291
TD-Clean-7,dsoh_refit,11,B0007,395,81.5031419618624,75.97707176208496,75.97707176208496
TD-Clean-7,dsoh_refit,11,B0007,399,81.20841503507037,75.74734878540039,75.74734878540039
TD-Clean-7,dsoh_refit,11,B0007,403,81.21721340553746,75.50880813598633,75.50880813598633
TD-Clean-7,dsoh_refit,11,B0007,407,81.22601148878292,75.27541542053223,75.27541542053223
TD-Clean-7,dsoh_refit,11,B0007,411,80.95054391771832,75.04183959960938,75.04183959960938
TD-Clean-7,dsoh_refit,11,B0007,415,80.67227833994721,74.80827522277832,74.80827522277832
TD-Clean-7,dsoh_refit,11,B0007,419,80.40565013650571,74.5768814086914,74.5768814086914
TD-Clean-7,dsoh_refit,11,B0007,423,80.40335490244634,74.34224319458008,74.34224319458008
TD-Clean-7,dsoh_refit,11,B0007,427,80.42152437300291,74.10235023498535,74.10235023498535
TD-Clean-7,dsoh_refit,11,B0007,431,81.48461605871495,73.85765838623047,73.85765838623047
TD-Clean-7,dsoh_refit,11,B0007,433,81.75963969607048,73.61964797973633,73.61964797973633
TD-Clean-7,dsoh_refit,11,B0007,437,80.93560989493338,73.3822078704834,73.3822078704834
TD-Clean-7,dsoh_refit,11,B0007,441,80.40209515327608,73.1465950012207,73.1465950012207
TD-Clean-7,dsoh_refit,11,B0007,445,80.09419697809993,72.9159927368164,72.9159927368164
TD-Clean-7,dsoh_refit,11,B0007,449,79.85042691616567,72.68487739562988,72.68487739562988
TD-Clean-7,dsoh_refit,11,B0007,453,79.56495728605914,72.4539909362793,72.4539909362793
TD-Clean-7,dsoh_refit,11,B0007,457,79.30076147796538,72.22203636169434,72.22203636169434
TD-Clean-7,dsoh_refit,11,B0007,461,79.2776995197187,71.99245262145996,71.99245262145996
TD-Clean-7,dsoh_refit,11,B0007,465,79.01573008127421,71.75251579284668,71.75251579284668
TD-Clean-7,dsoh_refit,11,B0007,469,78.7529099419952,71.51939582824707,71.51939582824707
TD-Clean-7,dsoh_refit,11,B0007,473,78.76631135529045,71.28871154785156,71.28871154785156
TD-Clean-7,dsoh_refit,11,B0007,477,78.45734950325969,71.05682182312012,71.05682182312012
TD-Clean-7,dsoh_refit,11,B0007,481,78.71925319505982,70.82710266113281,70.82710266113281
TD-Clean-7,dsoh_refit,11,B0007,483,79.58166685963718,70.59585571289062,70.59585571289062
TD-Clean-7,dsoh_refit,11,B0007,485,78.72860058663869,70.3599624633789,70.3599624633789
TD-Clean-7,dsoh_refit,11,B0007,489,78.46501751785956,70.1257438659668,70.1257438659668
TD-Clean-7,dsoh_refit,11,B0007,493,78.19738333514631,69.89244270324707,69.89244270324707
TD-Clean-7,dsoh_refit,11,B0007,497,78.20645287101384,69.65912437438965,69.65912437438965
TD-Clean-7,dsoh_refit,11,B0007,501,77.92824275772597,69.4252815246582,69.4252815246582
TD-Clean-7,dsoh_refit,11,B0007,505,77.6497101362114,69.18787956237793,69.18787956237793
TD-Clean-7,dsoh_refit,11,B0007,509,77.38028422735451,68.94820785522461,68.94820785522461
TD-Clean-7,dsoh_refit,11,B0007,513,77.09660547904922,68.71732711791992,68.71732711791992
TD-Clean-7,dsoh_refit,11,B0007,517,77.11046744203753,68.48584938049316,68.48584938049316
TD-Clean-7,dsoh_refit,11,B0007,521,76.85550035450103,68.25316619873047,68.25316619873047
TD-Clean-7,dsoh_refit,11,B0007,525,76.85236240084764,68.01159477233887,68.01159477233887
TD-Clean-7,dsoh_refit,11,B0007,529,76.56671722215358,67.77645492553711,67.77645492553711
TD-Clean-7,dsoh_refit,11,B0007,533,76.29399038621672,67.54586029052734,67.54586029052734
TD-Clean-7,dsoh_refit,11,B0007,537,76.32425788720361,67.31515121459961,67.31515121459961
TD-Clean-7,dsoh_refit,11,B0007,541,76.29658741049414,67.0739860534668,67.0739860534668
TD-Clean-7,dsoh_refit,11,B0007,545,76.59209728582513,66.83864974975586,66.83864974975586
TD-Clean-7,dsoh_refit,11,B0007,548,77.93863743061358,66.6103515625,66.6103515625
TD-Clean-7,dsoh_refit,11,B0007,552,77.12364718084329,66.37715530395508,66.37715530395508
TD-Clean-7,dsoh_refit,11,B0007,556,76.8725967441492,66.14319610595703,66.14319610595703
TD-Clean-7,dsoh_refit,11,B0007,560,76.58854113704766,65.90375137329102,65.90375137329102
TD-Clean-7,dsoh_refit,11,B0007,564,76.04885672654179,65.67022705078125,65.67022705078125
TD-Clean-7,dsoh_refit,11,B0007,568,76.05828438472663,65.43557739257812,65.43557739257812
TD-Clean-7,dsoh_refit,11,B0007,572,75.76335089505734,65.19992446899414,65.19992446899414
TD-Clean-7,dsoh_refit,11,B0007,576,75.75439980355237,64.96849060058594,64.96849060058594
TD-Clean-7,dsoh_refit,11,B0007,580,75.49812548326929,64.73818969726562,64.73818969726562
TD-Clean-7,dsoh_refit,11,B0007,584,75.23591897923467,64.5033073425293,64.5033073425293
TD-Clean-7,dsoh_refit,11,B0007,588,75.24924732301496,64.26620101928711,64.26620101928711
TD-Clean-7,dsoh_refit,11,B0007,592,74.94444174506414,64.0328140258789,64.0328140258789
TD-Clean-7,dsoh_refit,11,B0007,596,74.95266425125988,63.79755401611328,63.79755401611328
TD-Clean-7,dsoh_refit,11,B0007,600,74.69643604452878,63.56147766113281,63.56147766113281
TD-Clean-7,dsoh_refit,11,B0007,604,74.7051700493532,63.32408905029297,63.32408905029297
TD-Clean-7,dsoh_refit,11,B0007,608,74.39278959915883,63.092044830322266,63.092044830322266
TD-Clean-7,dsoh_refit,11,B0007,612,75.52591562947222,62.850643157958984,62.850643157958984
TD-Clean-7,dsoh_refit,11,B0007,614,76.09264518290325,62.616493225097656,62.616493225097656
TD-Clean-7,dsoh_refit,11,B0018,3,100.8025811041783,100.0,100.0
TD-Clean-7,dsoh_refit,11,B0018,7,100.16087022619236,99.58386501669884,99.58386501669884
TD-Clean-7,dsoh_refit,11,B0018,11,99.96558598273582,98.9307107925415,98.9307107925415
TD-Clean-7,dsoh_refit,11,B0018,15,99.48041766162956,98.27624487876892,98.27624487876892
TD-Clean-7,dsoh_refit,11,B0018,18,99.59054502526398,98.02616214752197,98.02616214752197
TD-Clean-7,dsoh_refit,11,B0018,20,99.36387169185286,97.15860939025879,97.15860939025879
TD-Clean-7,dsoh_refit,11,B0018,22,98.96567828327716,96.19109392166138,96.19109392166138
TD-Clean-7,dsoh_refit,11,B0018,24,98.63793870309058,95.23549270629883,95.23549270629883
TD-Clean-7,dsoh_refit,11,B0018,27,98.04714689052696,94.28914880752563,94.28914880752563
TD-Clean-7,dsoh_refit,11,B0018,30,99.06887382997856,93.9306206703186,93.9306206703186
TD-Clean-7,dsoh_refit,11,B0018,32,98.47248926951052,93.09074020385742,93.09074020385742
TD-Clean-7,dsoh_refit,11,B0018,34,98.068534707018,92.12546062469482,92.12546062469482
TD-Clean-7,dsoh_refit,11,B0018,36,97.31606084566693,91.11821746826172,91.11821746826172
TD-Clean-7,dsoh_refit,11,B0018,39,96.91537145663308,90.11779308319092,90.11779308319092
TD-Clean-7,dsoh_refit,11,B0018,42,96.77777434993364,89.76944828033447,89.76944828033447
TD-Clean-7,dsoh_refit,11,B0018,44,96.24906078283864,89.01954078674316,89.01954078674316
TD-Clean-7,dsoh_refit,11,B0018,46,96.10893521170082,88.11655616760254,88.11655616760254
TD-Clean-7,dsoh_refit,11,B0018,48,95.29382636269746,87.10712814331055,87.10712814331055
TD-Clean-7,dsoh_refit,11,B0018,51,94.89112029628322,86.05568885803223,86.05568885803223
TD-Clean-7,dsoh_refit,11,B0018,54,94.42623362260446,85.3878984451294,85.3878984451294
TD-Clean-7,dsoh_refit,11,B0018,56,94.09214261326034,84.43884468078613,84.43884468078613
TD-Clean-7,dsoh_refit,11,B0018,58,92.84655809058668,83.49732971191406,83.49732971191406
TD-Clean-7,dsoh_refit,11,B0018,60,93.00278636580364,82.58573150634766,82.58573150634766
TD-Clean-7,dsoh_refit,11,B0018,63,92.78717154289568,81.64220237731934,81.64220237731934
TD-Clean-7,dsoh_refit,11,B0018,66,95.05514633441328,81.3301944732666,81.3301944732666
TD-Clean-7,dsoh_refit,11,B0018,68,94.16023397654948,80.61382865905762,80.61382865905762
TD-Clean-7,dsoh_refit,11,B0018,70,93.58756901230694,79.81199836730957,79.81199836730957
TD-Clean-7,dsoh_refit,11,B0018,72,93.02323711734508,78.94464874267578,78.94464874267578
TD-Clean-7,dsoh_refit,11,B0018,75,92.33971230163448,78.02972221374512,78.02972221374512
TD-Clean-7,dsoh_refit,11,B0018,78,92.05544475967478,77.5101089477539,77.5101089477539
TD-Clean-7,dsoh_refit,11,B0018,80,91.39607597710202,76.71172714233398,76.71172714233398
TD-Clean-7,dsoh_refit,11,B0018,82,91.12841202900309,75.96188354492188,75.96188354492188
TD-Clean-7,dsoh_refit,11,B0018,84,90.50598444143154,75.17363357543945,75.17363357543945
TD-Clean-7,dsoh_refit,11,B0018,87,90.05329919062662,74.28097534179688,74.28097534179688
TD-Clean-7,dsoh_refit,11,B0018,90,89.56595375021743,73.71858787536621,73.71858787536621
TD-Clean-7,dsoh_refit,11,B0018,92,89.05221474379236,72.89549255371094,72.89549255371094
TD-Clean-7,dsoh_refit,11,B0018,94,88.4478648526792,72.09836769104004,72.09836769104004
TD-Clean-7,dsoh_refit,11,B0018,96,88.14926233550939,71.42337608337402,71.42337608337402
TD-Clean-7,dsoh_refit,11,B0018,99,87.70654438914323,70.63512229919434,70.63512229919434
TD-Clean-7,dsoh_refit,11,B0018,102,91.07812245566797,70.30728530883789,70.30728530883789
TD-Clean-7,dsoh_refit,11,B0018,104,89.62445100410937,69.47757339477539,69.47757339477539
TD-Clean-7,dsoh_refit,11,B0018,106,88.70513095013024,68.62402534484863,68.62402534484863
TD-Clean-7,dsoh_refit,11,B0018,108,87.83746900859978,67.78060150146484,67.78060150146484
TD-Clean-7,dsoh_refit,11,B0018,111,87.53788044222665,66.89865112304688,66.89865112304688
TD-Clean-7,dsoh_refit,11,B0018,114,86.69891328476463,66.38469696044922,66.38469696044922
TD-Clean-7,dsoh_refit,11,B0018,119,93.27978546012802,65.45054626464844,65.45054626464844
TD-Clean-7,dsoh_refit,11,B0018,121,92.1525471966999,64.52987289428711,64.52987289428711
TD-Clean-7,dsoh_refit,11,B0018,123,91.17195305362098,63.609676361083984,63.609676361083984
TD-Clean-7,dsoh_refit,11,B0018,125,90.2416573040256,62.69963073730469,62.69963073730469
TD-Clean-7,dsoh_refit,11,B0018,128,90.55423897233052,62.34149169921875,62.34149169921875
TD-Clean-7,dsoh_refit,11,B0018,130,89.49039068452917,61.45841598510742,61.45841598510742
TD-Clean-7,dsoh_refit,11,B0018,132,88.3454487099843,60.48161697387695,60.48161697387695
TD-Clean-7,dsoh_refit,11,B0018,134,87.60607299731777,59.53071212768555,59.53071212768555
TD-Clean-7,dsoh_refit,11,B0018,136,87.25714700042141,58.68312072753906,58.68312072753906
TD-Clean-7,dsoh_refit,11,B0018,143,89.1426764135498,57.82941818237305,57.82941818237305
TD-Clean-7,dsoh_refit,11,B0018,145,87.66626044455795,56.9439582824707,56.9439582824707
TD-Clean-7,dsoh_refit,11,B0018,147,86.51592379470374,56.076847076416016,56.076847076416016
TD-Clean-7,dsoh_refit,11,B0018,150,86.21730704320841,55.14470291137695,55.14470291137695
TD-Clean-7,dsoh_refit,11,B0018,153,85.8627581657356,54.62579345703125,54.62579345703125
TD-Clean-7,dsoh_refit,11,B0018,155,84.99855590440428,53.832881927490234,53.832881927490234
TD-Clean-7,dsoh_refit,11,B0018,157,84.53366840480606,52.98668670654297,52.98668670654297
TD-Clean-7,dsoh_refit,11,B0018,159,83.69607194854545,52.17150115966797,52.17150115966797
TD-Clean-7,dsoh_refit,11,B0018,162,83.25899594193369,51.319644927978516,51.319644927978516
TD-Clean-7,dsoh_refit,11,B0018,165,83.22975722050174,50.79661560058594,50.79661560058594
TD-Clean-7,dsoh_refit,11,B0018,167,82.72092847997168,49.969017028808594,49.969017028808594
TD-Clean-7,dsoh_refit,11,B0018,169,81.86598978006339,49.183204650878906,49.183204650878906
TD-Clean-7,dsoh_refit,11,B0018,171,81.58859278240016,48.39698791503906,48.39698791503906
TD-Clean-7,dsoh_refit,11,B0018,174,81.31316363799587,47.60978317260742,47.60978317260742
TD-Clean-7,dsoh_refit,11,B0018,177,83.32773163808899,47.286624908447266,47.286624908447266
TD-Clean-7,dsoh_refit,11,B0018,179,82.80709531820148,46.529911041259766,46.529911041259766
TD-Clean-7,dsoh_refit,11,B0018,181,81.57610219236552,45.78013229370117,45.78013229370117
TD-Clean-7,dsoh_refit,11,B0018,183,81.09929204028072,44.99334716796875,44.99334716796875
TD-Clean-7,dsoh_refit,11,B0018,185,80.60512587063184,44.139312744140625,44.139312744140625
TD-Clean-7,dsoh_refit,11,B0018,188,80.4645909654616,43.716068267822266,43.716068267822266
TD-Clean-7,dsoh_refit,11,B0018,190,80.07171192098461,42.99790954589844,42.99790954589844
TD-Clean-7,dsoh_refit,11,B0018,192,79.77346222448996,42.297183990478516,42.297183990478516
TD-Clean-7,dsoh_refit,11,B0018,194,79.23402412051846,41.52876663208008,41.52876663208008
TD-Clean-7,dsoh_refit,11,B0018,197,78.6783203089025,40.75223922729492,40.75223922729492
TD-Clean-7,dsoh_refit,11,B0018,200,78.94539372549075,40.280845642089844,40.280845642089844
TD-Clean-7,dsoh_refit,11,B0018,202,78.38865828037459,39.558231353759766,39.558231353759766
TD-Clean-7,dsoh_refit,11,B0018,204,78.21127069246836,38.903018951416016,38.903018951416016
TD-Clean-7,dsoh_refit,11,B0018,206,77.6339684068403,38.21164321899414,38.21164321899414
TD-Clean-7,dsoh_refit,11,B0018,209,77.43046760934243,37.44712829589844,37.44712829589844
TD-Clean-7,dsoh_refit,11,B0018,212,79.8708545166814,37.192752838134766,37.192752838134766
TD-Clean-7,dsoh_refit,11,B0018,214,78.93458463676515,36.474918365478516,36.474918365478516
TD-Clean-7,dsoh_refit,11,B0018,216,78.40488242765085,35.69188690185547,35.69188690185547
TD-Clean-7,dsoh_refit,11,B0018,218,77.61921434771055,34.96411895751953,34.96411895751953
TD-Clean-7,dsoh_refit,11,B0018,220,76.9170609064971,34.15734100341797,34.15734100341797
TD-Clean-7,dsoh_refit,11,B0018,223,79.04297866359087,33.91661834716797,33.91661834716797
TD-Clean-7,dsoh_refit,11,B0018,225,77.61605692618127,33.26008605957031,33.26008605957031
TD-Clean-7,dsoh_refit,11,B0018,227,77.14789574863566,32.57813262939453,32.57813262939453
TD-Clean-7,dsoh_refit,11,B0018,229,76.92281444261894,31.89385986328125,31.89385986328125
TD-Clean-7,dsoh_refit,11,B0018,232,76.3858924270674,31.182785034179688,31.182785034179688
TD-Clean-7,dsoh_refit,11,B0018,235,76.53620320177981,30.84198760986328,30.84198760986328
TD-Clean-7,dsoh_refit,11,B0018,237,75.9063201738239,30.206069946289062,30.206069946289062
TD-Clean-7,dsoh_refit,11,B0018,239,75.72766142150313,29.562782287597656,29.562782287597656
TD-Clean-7,dsoh_refit,11,B0018,241,75.49928800503805,28.91297149658203,28.91297149658203
TD-Clean-7,dsoh_refit,11,B0018,244,74.9124451895705,28.249427795410156,28.249427795410156
TD-Clean-7,dsoh_refit,11,B0018,247,75.25674730493446,27.89574432373047,27.89574432373047
TD-Clean-7,dsoh_refit,11,B0018,249,74.46467849076038,27.28643035888672,27.28643035888672
TD-Clean-7,dsoh_refit,11,B0018,251,74.62885626516028,26.67974090576172,26.67974090576172
TD-Clean-7,dsoh_refit,11,B0018,253,74.33553994642665,26.09662628173828,26.09662628173828
TD-Clean-7,dsoh_refit,11,B0018,256,73.72504079935909,25.44708251953125,25.44708251953125
TD-Clean-7,dsoh_refit,11,B0018,259,79.36110924975578,25.13231658935547,25.13231658935547
TD-Clean-7,dsoh_refit,11,B0018,261,78.799706688891,24.51891326904297,24.51891326904297
TD-Clean-7,dsoh_refit,11,B0018,263,78.14983302548104,23.824729919433594,23.824729919433594
TD-Clean-7,dsoh_refit,11,B0018,265,77.61878718971624,23.049949645996094,23.049949645996094
TD-Clean-7,dsoh_refit,11,B0018,267,76.88079746021991,22.258499145507812,22.258499145507812
TD-Clean-7,dsoh_refit,11,B0018,270,76.8319836786595,21.84979248046875,21.84979248046875
TD-Clean-7,dsoh_refit,11,B0018,272,76.01926160635412,21.177215576171875,21.177215576171875
TD-Clean-7,dsoh_refit,11,B0018,274,75.82358510102308,20.59624481201172,20.59624481201172
TD-Clean-7,dsoh_refit,11,B0018,276,75.53633219814198,20.014068603515625,20.014068603515625
TD-Clean-7,dsoh_refit,11,B0018,279,75.31793705780649,19.23474884033203,19.23474884033203
TD-Clean-7,dsoh_refit,11,B0018,282,75.43684114368729,18.83281707763672,18.83281707763672
TD-Clean-7,dsoh_refit,11,B0018,284,74.7829788363973,18.102645874023438,18.102645874023438
TD-Clean-7,dsoh_refit,11,B0018,286,74.15991898288928,17.413299560546875,17.413299560546875
TD-Clean-7,dsoh_refit,11,B0018,288,73.84846878839457,16.723739624023438,16.723739624023438
TD-Clean-7,dsoh_refit,11,B0018,291,73.15537271331122,15.994773864746094,15.994773864746094
TD-Clean-7,dsoh_refit,11,B0018,294,77.53589472577204,15.685432434082031,15.685432434082031
TD-Clean-7,dsoh_refit,11,B0018,296,76.42763235972666,15.052810668945312,15.052810668945312
TD-Clean-7,dsoh_refit,11,B0018,298,75.72351586777258,14.37945556640625,14.37945556640625
TD-Clean-7,dsoh_refit,11,B0018,300,75.4386936803776,13.633865356445312,13.633865356445312
TD-Clean-7,dsoh_refit,11,B0018,302,74.45721490205536,12.913108825683594,12.913108825683594
TD-Clean-7,dsoh_refit,11,B0018,305,74.97385174402893,12.542457580566406,12.542457580566406
TD-Clean-7,dsoh_refit,11,B0018,307,74.3741167471391,11.984901428222656,11.984901428222656
TD-Clean-7,dsoh_refit,11,B0018,309,74.05233968989694,11.441375732421875,11.441375732421875
TD-Clean-7,dsoh_refit,11,B0018,311,74.08863589293038,10.813140869140625,10.813140869140625
TD-Clean-7,dsoh_refit,11,B0018,314,73.46151441244959,10.101577758789062,10.101577758789062
TD-Clean-7,dsoh_refit,11,B0018,317,73.62086195282473,9.761215209960938,9.761215209960938
TD-Clean-7,dsoh_refit,11,B0018,319,72.87391760769836,9.055870056152344,9.055870056152344
TD-Clean-8,dsoh_refit,42,B0005,2,100.80760884947765,100.0,100.0
TD-Clean-8,dsoh_refit,42,B0005,4,100.25590968770103,99.72688037157059,99.72688037157059
TD-Clean-8,dsoh_refit,42,B0005,6,99.65979925247206,99.43865621089935,99.43865621089935
TD-Clean-8,dsoh_refit,42,B0005,8,99.65509323788856,99.14926254749298,99.14926254749298
TD-Clean-8,dsoh_refit,42,B0005,10,99.6215889724607,98.85895299911499,98.85895299911499
TD-Clean-8,dsoh_refit,42,B0005,12,99.67676620535396,98.5907654762268,98.5907654762268
TD-Clean-8,dsoh_refit,42,B0005,14,99.64877352944652,98.31721723079681,98.31721723079681
TD-Clean-8,dsoh_refit,42,B0005,16,99.13892996732449,98.00050497055054,98.00050497055054
TD-Clean-8,dsoh_refit,42,B0005,18,99.08555627584838,97.68180251121521,97.68180251121521
TD-Clean-8,dsoh_refit,42,B0005,20,99.0768365083485,97.38049793243408,97.38049793243408
TD-Clean-8,dsoh_refit,42,B0005,22,99.07717774099622,97.06403994560242,97.06403994560242
TD-Clean-8,dsoh_refit,42,B0005,25,98.5114992237362,96.74280405044556,96.74280405044556
TD-Clean-8,dsoh_refit,42,B0005,27,98.4870761948254,96.4147777557373,96.4147777557373
TD-Clean-8,dsoh_refit,42,B0005,29,98.47015265835132,96.1180694103241,96.1180694103241
TD-Clean-8,dsoh_refit,42,B0005,31,97.88140357167902,95.79332256317139,95.79332256317139
TD-Clean-8,dsoh_refit,42,B0005,33,97.85473656745688,95.461501121521,95.461501121521
TD-Clean-8,dsoh_refit,42,B0005,35,97.88039886599036,95.14906549453735,95.14906549453735
TD-Clean-8,dsoh_refit,42,B0005,37,97.9069415267384,94.83740997314453,94.83740997314453
TD-Clean-8,dsoh_refit,42,B0005,39,97.89115702988882,94.53213357925415,94.53213357925415
TD-Clean-8,dsoh_refit,42,B0005,42,100.29385168145046,94.3273811340332,94.3273811340332
TD-Clean-8,dsoh_refit,42,B0005,46,100.31510023136114,94.09835481643677,94.09835481643677
TD-Clean-8,dsoh_refit,42,B0005,50,99.70477213786135,93.84295082092285,93.84295082092285
TD-Clean-8,dsoh_refit,42,B0005,54,99.1402308374376,93.58652782440186,93.58652782440186
TD-Clean-8,dsoh_refit,42,B0005,58,99.10400696359169,93.35736227035522,93.35736227035522
TD-Clean-8,dsoh_refit,42,B0005,62,99.12941188644592,93.11800575256348,93.11800575256348
TD-Clean-8,dsoh_refit,42,B0005,66,98.50222430381568,92.85977602005005,92.85977602005005
TD-Clean-8,dsoh_refit,42,B0005,70,98.5423014565286,92.64215898513794,92.64215898513794
TD-Clean-8,dsoh_refit,42,B0005,74,98.49887187571204,92.42855739593506,92.42855739593506
TD-Clean-8,dsoh_refit,42,B0005,78,97.89050762402466,92.19661092758179,92.19661092758179
TD-Clean-8,dsoh_refit,42,B0005,82,97.96171552529285,91.98907470703125,91.98907470703125
TD-Clean-8,dsoh_refit,42,B0005,90,99.4075559707276,91.73490715026855,91.73490715026855
TD-Clean-8,dsoh_refit,42,B0005,94,98.82112827769676,91.48184204101562,91.48184204101562
TD-Clean-8,dsoh_refit,42,B0005,98,98.2457556393358,91.26085948944092,91.26085948944092
TD-Clean-8,dsoh_refit,42,B0005,102,97.99065016377766,91.01550579071045,91.01550579071045
TD-Clean-8,dsoh_refit,42,B0005,106,97.7065060215613,90.80285263061523,90.80285263061523
TD-Clean-8,dsoh_refit,42,B0005,110,97.11279694879056,90.57205867767334,90.57205867767334
TD-Clean-8,dsoh_refit,42,B0005,114,96.81304988059888,90.34206581115723,90.34206581115723
TD-Clean-8,dsoh_refit,42,B0005,118,96.27605729788222,90.13232707977295,90.13232707977295
TD-Clean-8,dsoh_refit,42,B0005,122,96.2762766313732,89.93581676483154,89.93581676483154
TD-Clean-8,dsoh_refit,42,B0005,126,95.99578118843372,89.72059059143066,89.72059059143066
TD-Clean-8,dsoh_refit,42,B0005,130,95.69403287907456,89.45770359039307,89.45770359039307
TD-Clean-8,dsoh_refit,42,B0005,134,95.98194451474556,89.21009159088135,89.21009159088135
TD-Clean-8,dsoh_refit,42,B0005,136,95.71321655496544,89.00862503051758,89.00862503051758
TD-Clean-8,dsoh_refit,42,B0005,140,95.11928805425076,88.7986421585083,88.7986421585083
TD-Clean-8,dsoh_refit,42,B0005,144,94.58275432725988,88.58702945709229,88.58702945709229
TD-Clean-8,dsoh_refit,42,B0005,148,94.27008009570102,88.3938159942627,88.3938159942627
TD-Clean-8,dsoh_refit,42,B0005,150,97.39411432859931,88.26325225830078,88.26325225830078
TD-Clean-8,dsoh_refit,42,B0005,154,96.82749231246368,87.95918464660645,87.95918464660645
TD-Clean-8,dsoh_refit,42,B0005,158,95.96820195991576,87.68313217163086,87.68313217163086
TD-Clean-8,dsoh_refit,42,B0005,162,95.40638930769452,87.3782148361206,87.3782148361206
TD-Clean-8,dsoh_refit,42,B0005,166,94.8553962680492,87.14900970458984,87.14900970458984
TD-Clean-8,dsoh_refit,42,B0005,170,94.5755674779542,86.89819717407227,86.89819717407227
TD-Clean-8,dsoh_refit,42,B0005,174,94.28806184403476,86.65050411224365,86.65050411224365
TD-Clean-8,dsoh_refit,42,B0005,178,93.73958753620327,86.41847610473633,86.41847610473633
TD-Clean-8,dsoh_refit,42,B0005,182,93.16861105469168,86.20976066589355,86.20976066589355
TD-Clean-8,dsoh_refit,42,B0005,186,92.88227598613614,86.00713634490967,86.00713634490967
TD-Clean-8,dsoh_refit,42,B0005,190,92.636901518198,85.7957124710083,85.7957124710083
TD-Clean-8,dsoh_refit,42,B0005,194,92.32720191735562,85.58257293701172,85.58257293701172
TD-Clean-8,dsoh_refit,42,B0005,198,92.01599848919145,85.37646961212158,85.37646961212158
TD-Clean-8,dsoh_refit,42,B0005,202,91.49053823956656,85.10594367980957,85.10594367980957
TD-Clean-8,dsoh_refit,42,B0005,206,90.92425521866993,84.86168670654297,84.86168670654297
TD-Clean-8,dsoh_refit,42,B0005,210,90.92941856192826,84.66007232666016,84.66007232666016
TD-Clean-8,dsoh_refit,42,B0005,214,90.34010561326173,84.43971633911133,84.43971633911133
TD-Clean-8,dsoh_refit,42,B0005,216,90.0847586044663,84.22402858734131,84.22402858734131
TD-Clean-8,dsoh_refit,42,B0005,220,89.80457989439137,83.99609565734863,83.99609565734863
TD-Clean-8,dsoh_refit,42,B0005,224,89.19640288815545,83.78248405456543,83.78248405456543
TD-Clean-8,dsoh_refit,42,B0005,228,88.93598251136243,83.56760215759277,83.56760215759277
TD-Clean-8,dsoh_refit,42,B0005,232,88.65781340235759,83.35143661499023,83.35143661499023
TD-Clean-8,dsoh_refit,42,B0005,236,88.38728178562198,83.10335350036621,83.10335350036621
TD-Clean-8,dsoh_refit,42,B0005,240,88.08171260170519,82.91011619567871,82.91011619567871
TD-Clean-8,dsoh_refit,42,B0005,244,87.49528010741024,82.7260684967041,82.7260684967041
TD-Clean-8,dsoh_refit,42,B0005,248,87.2366743602368,82.53339195251465,82.53339195251465
TD-Clean-8,dsoh_refit,42,B0005,252,86.96251727221627,82.34516906738281,82.34516906738281
TD-Clean-8,dsoh_refit,42,B0005,256,86.35734215456989,82.15104103088379,82.15104103088379
TD-Clean-8,dsoh_refit,42,B0005,260,86.10863457357058,81.94514465332031,81.94514465332031
TD-Clean-8,dsoh_refit,42,B0005,264,86.06270063126725,81.7643928527832,81.7643928527832
TD-Clean-8,dsoh_refit,42,B0005,266,86.63737677555004,81.58721542358398,81.58721542358398
TD-Clean-8,dsoh_refit,42,B0005,270,85.50813849993258,81.38558387756348,81.38558387756348
TD-Clean-8,dsoh_refit,42,B0005,274,84.97446653296429,81.2036304473877,81.2036304473877
TD-Clean-8,dsoh_refit,42,B0005,278,84.69557819389517,81.00072860717773,81.00072860717773
TD-Clean-8,dsoh_refit,42,B0005,282,84.68013627936132,80.83194923400879,80.83194923400879
TD-Clean-8,dsoh_refit,42,B0005,286,84.41991821853574,80.64449691772461,80.64449691772461
TD-Clean-8,dsoh_refit,42,B0005,290,84.10414931140878,80.45076751708984,80.45076751708984
TD-Clean-8,dsoh_refit,42,B0005,294,83.52653061113354,80.22779083251953,80.22779083251953
TD-Clean-8,dsoh_refit,42,B0005,298,82.96602561057489,80.05305862426758,80.05305862426758
TD-Clean-8,dsoh_refit,42,B0005,302,82.99920327964658,79.8953857421875,79.8953857421875
TD-Clean-8,dsoh_refit,42,B0005,306,82.68003018050378,79.71634292602539,79.71634292602539
TD-Clean-8,dsoh_refit,42,B0005,310,82.39976893302816,79.53495788574219,79.53495788574219
TD-Clean-8,dsoh_refit,42,B0005,313,87.19626195760692,79.34689712524414,79.34689712524414
TD-Clean-8,dsoh_refit,42,B0005,316,84.91729656129593,79.19124603271484,79.19124603271484
TD-Clean-8,dsoh_refit,42,B0005,320,84.06165489885902,78.98467826843262,78.98467826843262
TD-Clean-8,dsoh_refit,42,B0005,324,83.2082752902044,78.78329849243164,78.78329849243164
TD-Clean-8,dsoh_refit,42,B0005,328,82.91381970838151,78.6003589630127,78.6003589630127
TD-Clean-8,dsoh_refit,42,B0005,332,82.37106085271179,78.41770553588867,78.41770553588867
TD-Clean-8,dsoh_refit,42,B0005,336,82.09631790141844,78.23435592651367,78.23435592651367
TD-Clean-8,dsoh_refit,42,B0005,340,81.80669701206385,78.05882453918457,78.05882453918457
TD-Clean-8,dsoh_refit,42,B0005,344,81.53418918115372,77.86125946044922,77.86125946044922
TD-Clean-8,dsoh_refit,42,B0005,348,80.95312575426658,77.68171119689941,77.68171119689941
TD-Clean-8,dsoh_refit,42,B0005,352,80.6829269258604,77.5082015991211,77.5082015991211
TD-Clean-8,dsoh_refit,42,B0005,356,80.38673535372676,77.3305549621582,77.3305549621582
TD-Clean-8,dsoh_refit,42,B0005,360,80.10415225005684,77.12837982177734,77.12837982177734
TD-Clean-8,dsoh_refit,42,B0005,364,80.68483906716317,76.96162223815918,76.96162223815918
TD-Clean-8,dsoh_refit,42,B0005,367,81.23806188586506,76.7685489654541,76.7685489654541
TD-Clean-8,dsoh_refit,42,B0005,371,80.40774500270479,76.57691955566406,76.57691955566406
TD-Clean-8,dsoh_refit,42,B0005,375,79.80793062432481,76.35049247741699,76.35049247741699
TD-Clean-8,dsoh_refit,42,B0005,379,78.94710440938543,76.14653587341309,76.14653587341309
TD-Clean-8,dsoh_refit,42,B0005,383,78.96040682717852,75.97574806213379,75.97574806213379
TD-Clean-8,dsoh_refit,42,B0005,387,79.00805769223405,75.77234840393066,75.77234840393066
TD-Clean-8,dsoh_refit,42,B0005,391,78.68325635434054,75.60140228271484,75.60140228271484
TD-Clean-8,dsoh_refit,42,B0005,395,78.12009683923326,75.42108154296875,75.42108154296875
TD-Clean-8,dsoh_refit,42,B0005,399,77.83635095586517,75.25362777709961,75.25362777709961
TD-Clean-8,dsoh_refit,42,B0005,403,77.83366081216815,75.05185890197754,75.05185890197754
TD-Clean-8,dsoh_refit,42,B0005,407,77.54418562704669,74.88934707641602,74.88934707641602
TD-Clean-8,dsoh_refit,42,B0005,411,77.26483532824366,74.71975326538086,74.71975326538086
TD-Clean-8,dsoh_refit,42,B0005,415,76.96665751739931,74.54869270324707,74.54869270324707
TD-Clean-8,dsoh_refit,42,B0005,419,76.69408123915822,74.38981819152832,74.38981819152832
TD-Clean-8,dsoh_refit,42,B0005,423,76.7032886034996,74.22110557556152,74.22110557556152
TD-Clean-8,dsoh_refit,42,B0005,427,76.43285089151239,74.03665733337402,74.03665733337402
TD-Clean-8,dsoh_refit,42,B0005,431,77.83345221466253,73.8374252319336,73.8374252319336
TD-Clean-8,dsoh_refit,42,B0005,433,78.09751233548145,73.65966606140137,73.65966606140137
TD-Clean-8,dsoh_refit,42,B0005,437,76.96262218385922,73.47819519042969,73.47819519042969
TD-Clean-8,dsoh_refit,42,B0005,441,76.3993634537507,73.29669952392578,73.29669952392578
TD-Clean-8,dsoh_refit,42,B0005,445,76.08562321685423,73.13454055786133,73.13454055786133
TD-Clean-8,dsoh_refit,42,B0005,449,75.84111192639295,72.97012519836426,72.97012519836426
TD-Clean-8,dsoh_refit,42,B0005,453,75.5470202599512,72.80727958679199,72.80727958679199
TD-Clean-8,dsoh_refit,42,B0005,457,75.2724773855306,72.63692855834961,72.63692855834961
TD-Clean-8,dsoh_refit,42,B0005,461,74.95796574493023,72.47509956359863,72.47509956359863
TD-Clean-8,dsoh_refit,42,B0005,465,74.67559060559861,72.27322769165039,72.27322769165039
TD-Clean-8,dsoh_refit,42,B0005,469,74.4190975749656,72.10610008239746,72.10610008239746
TD-Clean-8,dsoh_refit,42,B0005,473,74.41886702385212,71.94921875,71.94921875
TD-Clean-8,dsoh_refit,42,B0005,477,74.10538957595438,71.79469299316406,71.79469299316406
TD-Clean-8,dsoh_refit,42,B0005,481,74.68403981580354,71.66375160217285,71.66375160217285
TD-Clean-8,dsoh_refit,42,B0005,483,75.26611054535188,71.51979446411133,71.51979446411133
TD-Clean-8,dsoh_refit,42,B0005,485,74.38310747232698,71.3478832244873,71.3478832244873
TD-Clean-8,dsoh_refit,42,B0005,489,74.10795710900801,71.18912887573242,71.18912887573242
TD-Clean-8,dsoh_refit,42,B0005,493,73.53993654981534,71.02549743652344,71.02549743652344
TD-Clean-8,dsoh_refit,42,B0005,497,73.55729388669064,70.86556434631348,70.86556434631348
TD-Clean-8,dsoh_refit,42,B0005,501,73.56067241598603,70.7082576751709,70.7082576751709
TD-Clean-8,dsoh_refit,42,B0005,505,73.26805286034079,70.53832626342773,70.53832626342773
TD-Clean-8,dsoh_refit,42,B0005,509,72.98972077509227,70.35019874572754,70.35019874572754
TD-Clean-8,dsoh_refit,42,B0005,513,72.70747847813722,70.20162010192871,70.20162010192871
TD-Clean-8,dsoh_refit,42,B0005,517,72.70330518052887,70.0495491027832,70.0495491027832
TD-Clean-8,dsoh_refit,42,B0005,521,72.43680818215978,69.8906078338623,69.8906078338623
TD-Clean-8,dsoh_refit,42,B0005,525,72.14563728793834,69.69509887695312,69.69509887695312
TD-Clean-8,dsoh_refit,42,B0005,529,71.84842350914826,69.52337646484375,69.52337646484375
TD-Clean-8,dsoh_refit,42,B0005,533,71.57682808520298,69.36358642578125,69.36358642578125
TD-Clean-8,dsoh_refit,42,B0005,537,71.59297070565168,69.2269229888916,69.2269229888916
TD-Clean-8,dsoh_refit,42,B0005,541,71.58355486033668,69.03976249694824,69.03976249694824
TD-Clean-8,dsoh_refit,42,B0005,545,71.88651633814797,68.85689163208008,68.85689163208008
TD-Clean-8,dsoh_refit,42,B0005,548,73.85485752850198,68.72811508178711,68.72811508178711
TD-Clean-8,dsoh_refit,42,B0005,552,72.73676298693475,68.56802940368652,68.56802940368652
TD-Clean-8,dsoh_refit,42,B0005,556,72.16650080848474,68.3943862915039,68.3943862915039
TD-Clean-8,dsoh_refit,42,B0005,560,71.87574889700983,68.20183181762695,68.20183181762695
TD-Clean-8,dsoh_refit,42,B0005,564,71.60206343923741,68.02739906311035,68.02739906311035
TD-Clean-8,dsoh_refit,42,B0005,568,71.32194157026348,67.86443710327148,67.86443710327148
TD-Clean-8,dsoh_refit,42,B0005,572,71.30711389020412,67.68608093261719,67.68608093261719
TD-Clean-8,dsoh_refit,42,B0005,576,71.01356336148518,67.52517700195312,67.52517700195312
TD-Clean-8,dsoh_refit,42,B0005,580,70.75492745457169,67.3778190612793,67.3778190612793
TD-Clean-8,dsoh_refit,42,B0005,584,70.77254445771489,67.20129776000977,67.20129776000977
TD-Clean-8,dsoh_refit,42,B0005,588,70.77540542374062,67.03263092041016,67.03263092041016
TD-Clean-8,dsoh_refit,42,B0005,592,70.47550750397869,66.8711051940918,66.8711051940918
TD-Clean-8,dsoh_refit,42,B0005,596,70.48563041810954,66.7015495300293,66.7015495300293
TD-Clean-8,dsoh_refit,42,B0005,600,70.23531244180377,66.51817321777344,66.51817321777344
TD-Clean-8,dsoh_refit,42,B0005,604,69.93882142370093,66.34483337402344,66.34483337402344
TD-Clean-8,dsoh_refit,42,B0005,608,69.90890905512207,66.18625259399414,66.18625259399414
TD-Clean-8,dsoh_refit,42,B0005,612,71.07977535187085,66.01517868041992,66.01517868041992
TD-Clean-8,dsoh_refit,42,B0005,614,71.95205157786506,65.877685546875,65.877685546875
TD-Clean-8,dsoh_refit,42,B0006,2,100.88297108833646,100.0,100.0
TD-Clean-8,dsoh_refit,42,B0006,4,100.37753235288778,99.77887535095215,99.77887535095215
TD-Clean-8,dsoh_refit,42,B0006,6,99.79196916000484,99.54808419942856,99.54808419942856
TD-Clean-8,dsoh_refit,42,B0006,8,99.7899019818078,99.31330555677414,99.31330555677414
TD-Clean-8,dsoh_refit,42,B0006,10,99.15762541696316,99.08692592382431,99.08692592382431
TD-Clean-8,dsoh_refit,42,B0006,12,99.8203556776378,98.85903000831604,98.85903000831604
TD-Clean-8,dsoh_refit,42,B0006,14,99.7808037027038,98.63339972496033,98.63339972496033
TD-Clean-8,dsoh_refit,42,B0006,16,97.5844832820893,98.39802944660187,98.39802944660187
TD-Clean-8,dsoh_refit,42,B0006,18,97.5535716293996,98.1609365940094,98.1609365940094
TD-Clean-8,dsoh_refit,42,B0006,20,97.01155142541865,97.92900133132935,97.92900133132935
TD-Clean-8,dsoh_refit,42,B0006,22,96.43502080876348,97.69521379470825,97.69521379470825
TD-Clean-8,dsoh_refit,42,B0006,25,95.8972998236526,97.47169828414917,97.47169828414917
TD-Clean-8,dsoh_refit,42,B0006,27,95.32875373854844,97.23679828643799,97.23679828643799
TD-Clean-8,dsoh_refit,42,B0006,29,94.76419905980474,97.01357293128967,97.01357293128967
TD-Clean-8,dsoh_refit,42,B0006,31,94.22773853976388,96.78662824630737,96.78662824630737
TD-Clean-8,dsoh_refit,42,B0006,33,93.6395064953226,96.56376028060913,96.56376028060913
TD-Clean-8,dsoh_refit,42,B0006,35,93.09821798643677,96.34116911888123,96.34116911888123
TD-Clean-8,dsoh_refit,42,B0006,37,92.56743574756617,96.1212146282196,96.1212146282196
TD-Clean-8,dsoh_refit,42,B0006,39,92.56840432582156,95.9036111831665,95.9036111831665
TD-Clean-8,dsoh_refit,42,B0006,42,98.12161319843736,95.72212362289429,95.72212362289429
TD-Clean-8,dsoh_refit,42,B0006,46,97.02736865587346,95.51483964920044,95.51483964920044
TD-Clean-8,dsoh_refit,42,B0006,50,96.4457203456954,95.30653047561646,95.30653047561646
TD-Clean-8,dsoh_refit,42,B0006,54,95.37664206593776,95.10575199127197,95.10575199127197
TD-Clean-8,dsoh_refit,42,B0006,58,96.45395400781383,94.91241407394409,94.91241407394409
TD-Clean-8,dsoh_refit,42,B0006,62,94.2446511737385,94.719247341156,94.719247341156
TD-Clean-8,dsoh_refit,42,B0006,66,93.11783815158223,94.53794002532959,94.53794002532959
TD-Clean-8,dsoh_refit,42,B0006,70,92.60393676951,94.356614112854,94.356614112854
TD-Clean-8,dsoh_refit,42,B0006,74,91.99518419888014,94.18285417556763,94.18285417556763
TD-Clean-8,dsoh_refit,42,B0006,78,91.45865458065036,94.00783491134644,94.00783491134644
TD-Clean-8,dsoh_refit,42,B0006,82,92.05488530825814,93.83625841140747,93.83625841140747
TD-Clean-8,dsoh_refit,42,B0006,90,93.2941701264468,93.63066816329956,93.63066816329956
TD-Clean-8,dsoh_refit,42,B0006,94,91.95812296295944,93.42819356918335,93.42819356918335
TD-Clean-8,dsoh_refit,42,B0006,98,91.16379285351326,93.24078321456909,93.24078321456909
TD-Clean-8,dsoh_refit,42,B0006,102,90.13722315501992,93.06127738952637,93.06127738952637
TD-Clean-8,dsoh_refit,42,B0006,106,89.88629167454431,92.88308906555176,92.88308906555176
TD-Clean-8,dsoh_refit,42,B0006,110,89.07464504963947,92.70057582855225,92.70057582855225
TD-Clean-8,dsoh_refit,42,B0006,114,88.27677498375004,92.52398300170898,92.52398300170898
TD-Clean-8,dsoh_refit,42,B0006,118,87.78153478310176,92.3576340675354,92.3576340675354
TD-Clean-8,dsoh_refit,42,B0006,122,87.25902301297472,92.19638538360596,92.19638538360596
TD-Clean-8,dsoh_refit,42,B0006,126,86.75445063463465,92.02421236038208,92.02421236038208
TD-Clean-8,dsoh_refit,42,B0006,130,86.21919662960373,91.84631538391113,91.84631538391113
TD-Clean-8,dsoh_refit,42,B0006,134,86.97181002045869,91.66845417022705,91.66845417022705
TD-Clean-8,dsoh_refit,42,B0006,136,87.53004089819298,91.51182270050049,91.51182270050049
TD-Clean-8,dsoh_refit,42,B0006,140,85.93648557449694,91.3477258682251,91.3477258682251
TD-Clean-8,dsoh_refit,42,B0006,144,84.92223069682748,91.18529224395752,91.18529224395752
TD-Clean-8,dsoh_refit,42,B0006,148,84.38106569995976,91.02807712554932,91.02807712554932
TD-Clean-8,dsoh_refit,42,B0006,150,90.39396636175364,90.8812427520752,90.8812427520752
TD-Clean-8,dsoh_refit,42,B0006,154,89.62118442408695,90.67261791229248,90.67261791229248
TD-Clean-8,dsoh_refit,42,B0006,158,88.01687540594799,90.4789514541626,90.4789514541626
TD-Clean-8,dsoh_refit,42,B0006,162,86.47934133475826,90.29222869873047,90.29222869873047
TD-Clean-8,dsoh_refit,42,B0006,166,85.7093899316892,90.11970615386963,90.11970615386963
TD-Clean-8,dsoh_refit,42,B0006,170,84.66363361309608,89.94440078735352,89.94440078735352
TD-Clean-8,dsoh_refit,42,B0006,174,84.14253773442293,89.77340602874756,89.77340602874756
TD-Clean-8,dsoh_refit,42,B0006,178,83.37268440744252,89.60537815093994,89.60537815093994
TD-Clean-8,dsoh_refit,42,B0006,182,82.84795096685752,89.44293594360352,89.44293594360352
TD-Clean-8,dsoh_refit,42,B0006,186,82.31672078137474,89.28376960754395,89.28376960754395
TD-Clean-8,dsoh_refit,42,B0006,190,81.8390002521071,89.12827777862549,89.12827777862549
TD-Clean-8,dsoh_refit,42,B0006,194,81.29446683115198,88.96556854248047,88.96556854248047
TD-Clean-8,dsoh_refit,42,B0006,198,80.75246648690656,88.80651950836182,88.80651950836182
TD-Clean-8,dsoh_refit,42,B0006,202,79.7437886746144,88.6304235458374,88.6304235458374
TD-Clean-8,dsoh_refit,42,B0006,206,79.47984426199564,88.4648323059082,88.4648323059082
TD-Clean-8,dsoh_refit,42,B0006,210,79.25415788836384,88.31560039520264,88.31560039520264
TD-Clean-8,dsoh_refit,42,B0006,214,78.69188922732394,88.15460300445557,88.15460300445557
TD-Clean-8,dsoh_refit,42,B0006,216,78.46114405771091,87.98835849761963,87.98835849761963
TD-Clean-8,dsoh_refit,42,B0006,220,77.67630372212932,87.81711769104004,87.81711769104004
TD-Clean-8,dsoh_refit,42,B0006,224,77.38916838478035,87.6613883972168,87.6613883972168
TD-Clean-8,dsoh_refit,42,B0006,228,76.88491527529958,87.50291347503662,87.50291347503662
TD-Clean-8,dsoh_refit,42,B0006,232,76.3646225030132,87.34534740447998,87.34534740447998
TD-Clean-8,dsoh_refit,42,B0006,236,75.60327887522882,87.17446517944336,87.17446517944336
TD-Clean-8,dsoh_refit,42,B0006,240,75.84333345118733,87.0235538482666,87.0235538482666
TD-Clean-8,dsoh_refit,42,B0006,244,75.57070473005419,86.87441062927246,86.87441062927246
TD-Clean-8,dsoh_refit,42,B0006,248,75.06972493621848,86.72279930114746,86.72279930114746
TD-Clean-8,dsoh_refit,42,B0006,252,74.81407516505371,86.57423877716064,86.57423877716064
TD-Clean-8,dsoh_refit,42,B0006,256,74.54671414292675,86.42823886871338,86.42823886871338
TD-Clean-8,dsoh_refit,42,B0006,260,74.02740213488109,86.27095603942871,86.27095603942871
TD-Clean-8,dsoh_refit,42,B0006,264,73.73556466569462,86.12795066833496,86.12795066833496
TD-Clean-8,dsoh_refit,42,B0006,266,75.84980622026112,86.00370025634766,86.00370025634766
TD-Clean-8,dsoh_refit,42,B0006,270,74.55060879561292,85.8573169708252,85.8573169708252
TD-Clean-8,dsoh_refit,42,B0006,274,73.79142812679322,85.72074127197266,85.72074127197266
TD-Clean-8,dsoh_refit,42,B0006,278,73.27190839787096,85.56839942932129,85.56839942932129
TD-Clean-8,dsoh_refit,42,B0006,282,73.28093201847443,85.43227100372314,85.43227100372314
TD-Clean-8,dsoh_refit,42,B0006,286,73.02095301621284,85.29788112640381,85.29788112640381
TD-Clean-8,dsoh_refit,42,B0006,290,72.73851013234444,85.15217208862305,85.15217208862305
TD-Clean-8,dsoh_refit,42,B0006,294,71.95104826590523,84.99427223205566,84.99427223205566
TD-Clean-8,dsoh_refit,42,B0006,298,71.96564568462234,84.85503482818604,84.85503482818604
TD-Clean-8,dsoh_refit,42,B0006,302,71.72895437691278,84.71937084197998,84.71937084197998
TD-Clean-8,dsoh_refit,42,B0006,306,71.71434939609318,84.5791826248169,84.5791826248169
TD-Clean-8,dsoh_refit,42,B0006,310,71.45761792874575,84.4366102218628,84.4366102218628
TD-Clean-8,dsoh_refit,42,B0006,313,78.98726854374111,84.30271530151367,84.30271530151367
TD-Clean-8,dsoh_refit,42,B0006,316,76.64794397240323,84.18206596374512,84.18206596374512
TD-Clean-8,dsoh_refit,42,B0006,320,75.07747171565073,84.03037929534912,84.03037929534912
TD-Clean-8,dsoh_refit,42,B0006,324,74.29795247472106,83.88593482971191,83.88593482971191
TD-Clean-8,dsoh_refit,42,B0006,328,73.51146675367659,83.74392127990723,83.74392127990723
TD-Clean-8,dsoh_refit,42,B0006,332,73.00864275760908,83.60265731811523,83.60265731811523
TD-Clean-8,dsoh_refit,42,B0006,336,72.50277290138493,83.46180152893066,83.46180152893066
TD-Clean-8,dsoh_refit,42,B0006,340,71.96131839956391,83.32370567321777,83.32370567321777
TD-Clean-8,dsoh_refit,42,B0006,344,71.71500633205595,83.17490005493164,83.17490005493164
TD-Clean-8,dsoh_refit,42,B0006,348,71.44305583769248,83.03547859191895,83.03547859191895
TD-Clean-8,dsoh_refit,42,B0006,352,70.93898960214143,82.89824485778809,82.89824485778809
TD-Clean-8,dsoh_refit,42,B0006,356,70.68194044477139,82.76069831848145,82.76069831848145
TD-Clean-8,dsoh_refit,42,B0006,360,70.4074916889224,82.6093578338623,82.6093578338623
TD-Clean-8,dsoh_refit,42,B0006,364,70.41804785222855,82.4744930267334,82.4744930267334
TD-Clean-8,dsoh_refit,42,B0006,367,71.98210310103482,82.32975959777832,82.32975959777832
TD-Clean-8,dsoh_refit,42,B0006,371,70.95618334594263,82.18078994750977,82.18078994750977
TD-Clean-8,dsoh_refit,42,B0006,375,70.1362730902931,82.02110481262207,82.02110481262207
TD-Clean-8,dsoh_refit,42,B0006,379,69.87433806657212,81.87046432495117,81.87046432495117
TD-Clean-8,dsoh_refit,42,B0006,383,69.63573699649338,81.73081588745117,81.73081588745117
TD-Clean-8,dsoh_refit,42,B0006,387,69.15232147064526,81.57206726074219,81.57206726074219
TD-Clean-8,dsoh_refit,42,B0006,391,69.12109936452545,81.42849922180176,81.42849922180176
TD-Clean-8,dsoh_refit,42,B0006,395,68.86250185726787,81.286376953125,81.286376953125
TD-Clean-8,dsoh_refit,42,B0006,399,68.59092282212131,81.14637565612793,81.14637565612793
TD-Clean-8,dsoh_refit,42,B0006,403,68.08750743669,80.99122047424316,80.99122047424316
TD-Clean-8,dsoh_refit,42,B0006,407,68.33159705981836,80.85128402709961,80.85128402709961
TD-Clean-8,dsoh_refit,42,B0006,411,68.09140360412486,80.70785903930664,80.70785903930664
TD-Clean-8,dsoh_refit,42,B0006,415,67.81869443003508,80.56462478637695,80.56462478637695
TD-Clean-8,dsoh_refit,42,B0006,419,67.5730638436144,80.42096328735352,80.42096328735352
TD-Clean-8,dsoh_refit,42,B0006,423,67.31503513349786,80.2739429473877,80.2739429473877
TD-Clean-8,dsoh_refit,42,B0006,427,67.07575548417674,80.12217712402344,80.12217712402344
TD-Clean-8,dsoh_refit,42,B0006,431,68.60691404106846,79.96285820007324,79.96285820007324
TD-Clean-8,dsoh_refit,42,B0006,433,69.64711039275872,79.81852912902832,79.81852912902832
TD-Clean-8,dsoh_refit,42,B0006,437,68.33719964359061,79.67258262634277,79.67258262634277
TD-Clean-8,dsoh_refit,42,B0006,441,67.81907707369999,79.52474594116211,79.52474594116211
TD-Clean-8,dsoh_refit,42,B0006,445,67.27630029953899,79.38254928588867,79.38254928588867
TD-Clean-8,dsoh_refit,42,B0006,449,67.03731096833596,79.23504829406738,79.23504829406738
TD-Clean-8,dsoh_refit,42,B0006,453,66.78534122129697,79.08858299255371,79.08858299255371
TD-Clean-8,dsoh_refit,42,B0006,457,66.26973868287087,78.94179916381836,78.94179916381836
TD-Clean-8,dsoh_refit,42,B0006,461,65.98363462621751,78.79543495178223,78.79543495178223
TD-Clean-8,dsoh_refit,42,B0006,465,65.72069252661954,78.64377212524414,78.64377212524414
TD-Clean-8,dsoh_refit,42,B0006,469,65.50500064349335,78.49806785583496,78.49806785583496
TD-Clean-8,dsoh_refit,42,B0006,473,65.48747074550045,78.35230445861816,78.35230445861816
TD-Clean-8,dsoh_refit,42,B0006,477,65.2110653386093,78.2060375213623,78.2060375213623
TD-Clean-8,dsoh_refit,42,B0006,481,65.47148558720653,78.06368827819824,78.06368827819824
TD-Clean-8,dsoh_refit,42,B0006,483,66.78647932759047,77.91498374938965,77.91498374938965
TD-Clean-8,dsoh_refit,42,B0006,485,65.72477818237311,77.75835609436035,77.75835609436035
TD-Clean-8,dsoh_refit,42,B0006,489,64.93697426302657,77.60666847229004,77.60666847229004
TD-Clean-8,dsoh_refit,42,B0006,493,64.69397950587184,77.45598030090332,77.45598030090332
TD-Clean-8,dsoh_refit,42,B0006,497,64.45556804271465,77.30693435668945,77.30693435668945
TD-Clean-8,dsoh_refit,42,B0006,501,64.44711910522597,77.15491104125977,77.15491104125977
TD-Clean-8,dsoh_refit,42,B0006,505,63.9153253541329,77.00064849853516,77.00064849853516
TD-Clean-8,dsoh_refit,42,B0006,509,63.40709756117343,76.84635543823242,76.84635543823242
TD-Clean-8,dsoh_refit,42,B0006,513,63.40485519747241,76.69655990600586,76.69655990600586
TD-Clean-8,dsoh_refit,42,B0006,517,63.14854807557744,76.5485610961914,76.5485610961914
TD-Clean-8,dsoh_refit,42,B0006,521,63.15304028594434,76.39640808105469,76.39640808105469
TD-Clean-8,dsoh_refit,42,B0006,525,62.63936845251047,76.24120903015137,76.24120903015137
TD-Clean-8,dsoh_refit,42,B0006,529,62.36048327920517,76.08987426757812,76.08987426757812
TD-Clean-8,dsoh_refit,42,B0006,533,62.11872624491582,75.9422836303711,75.9422836303711
TD-Clean-8,dsoh_refit,42,B0006,537,62.11731201074328,75.7955436706543,75.7955436706543
TD-Clean-8,dsoh_refit,42,B0006,541,61.86235410492132,75.64165306091309,75.64165306091309
TD-Clean-8,dsoh_refit,42,B0006,545,62.12742822257309,75.48782539367676,75.48782539367676
TD-Clean-8,dsoh_refit,42,B0006,548,63.93010610326108,75.34530258178711,75.34530258178711
TD-Clean-8,dsoh_refit,42,B0006,552,62.62827859533666,75.19670486450195,75.19670486450195
TD-Clean-8,dsoh_refit,42,B0006,556,61.85683618405182,75.04639434814453,75.04639434814453
TD-Clean-8,dsoh_refit,42,B0006,560,61.07092794836815,74.8957290649414,74.8957290649414
TD-Clean-8,dsoh_refit,42,B0006,564,60.82277612678393,74.74757194519043,74.74757194519043
TD-Clean-8,dsoh_refit,42,B0006,568,60.55640953242813,74.59869384765625,74.59869384765625
TD-Clean-8,dsoh_refit,42,B0006,572,60.02917505279337,74.44974899291992,74.44974899291992
TD-Clean-8,dsoh_refit,42,B0006,576,59.75722270334661,74.30126190185547,74.30126190185547
TD-Clean-8,dsoh_refit,42,B0006,580,59.52315601830062,74.15476608276367,74.15476608276367
TD-Clean-8,dsoh_refit,42,B0006,584,59.01246912863032,74.00495529174805,74.00495529174805
TD-Clean-8,dsoh_refit,42,B0006,588,58.74426171153606,73.85443305969238,73.85443305969238
TD-Clean-8,dsoh_refit,42,B0006,592,58.47122551716232,73.70501136779785,73.70501136779785
TD-Clean-8,dsoh_refit,42,B0006,596,58.2196597592319,73.55465507507324,73.55465507507324
TD-Clean-8,dsoh_refit,42,B0006,600,57.18983519098029,73.40188217163086,73.40188217163086
TD-Clean-8,dsoh_refit,42,B0006,604,57.71437056534329,73.25080680847168,73.25080680847168
TD-Clean-8,dsoh_refit,42,B0006,608,57.43663099473362,73.10103225708008,73.10103225708008
TD-Clean-8,dsoh_refit,42,B0006,612,58.23847489632371,72.94902229309082,72.94902229309082
TD-Clean-8,dsoh_refit,42,B0006,614,58.76884540363096,72.80470275878906,72.80470275878906
TD-Clean-8,dsoh_refit,42,B0007,2,100.45351791563915,100.0,100.0
TD-Clean-8,dsoh_refit,42,B0007,4,99.900254379013,99.81811898946762,99.81811898946762
TD-Clean-8,dsoh_refit,42,B0007,6,99.90161660017114,99.63623797893524,99.63623797893524
TD-Clean-8,dsoh_refit,42,B0007,8,99.9073657865712,99.45435696840286,99.45435696840286
TD-Clean-8,dsoh_refit,42,B0007,10,99.83724531860553,99.27247595787048,99.27247595787048
TD-Clean-8,dsoh_refit,42,B0007,12,99.90361817867274,99.0905949473381,99.0905949473381
TD-Clean-8,dsoh_refit,42,B0007,14,99.86297576917136,98.90871393680573,98.90871393680573
TD-Clean-8,dsoh_refit,42,B0007,16,99.94656396119812,98.71439409255981,98.71439409255981
TD-Clean-8,dsoh_refit,42,B0007,18,99.31878532934633,98.52008080482483,98.52008080482483
TD-Clean-8,dsoh_refit,42,B0007,20,99.33799331164263,98.32654309272766,98.32654309272766
TD-Clean-8,dsoh_refit,42,B0007,22,99.33756087304828,98.12996101379395,98.12996101379395
TD-Clean-8,dsoh_refit,42,B0007,25,98.78551523188162,97.9383533000946,97.9383533000946
TD-Clean-8,dsoh_refit,42,B0007,27,98.75485184986668,97.7360360622406,97.7360360622406
TD-Clean-8,dsoh_refit,42,B0007,29,98.75133536665352,97.55415511131287,97.55415511131287
TD-Clean-8,dsoh_refit,42,B0007,31,98.77012942519043,97.34466075897217,97.34466075897217
TD-Clean-8,dsoh_refit,42,B0007,33,98.73683812511632,97.13726544380188,97.13726544380188
TD-Clean-8,dsoh_refit,42,B0007,35,98.15685575226132,96.92730450630188,96.92730450630188
TD-Clean-8,dsoh_refit,42,B0007,37,98.19446503474695,96.71771764755249,96.71771764755249
TD-Clean-8,dsoh_refit,42,B0007,39,98.186691403046,96.51716709136963,96.51716709136963
TD-Clean-8,dsoh_refit,42,B0007,42,99.90787801510066,96.3291335105896,96.3291335105896
TD-Clean-8,dsoh_refit,42,B0007,46,99.94461695603135,96.1359350681305,96.1359350681305
TD-Clean-8,dsoh_refit,42,B0007,50,99.92460497901308,95.9348578453064,95.9348578453064
TD-Clean-8,dsoh_refit,42,B0007,54,99.38880751306714,95.72056674957275,95.72056674957275
TD-Clean-8,dsoh_refit,42,B0007,58,99.34580918956073,95.5329213142395,95.5329213142395
TD-Clean-8,dsoh_refit,42,B0007,62,99.37088315432128,95.31180906295776,95.31180906295776
TD-Clean-8,dsoh_refit,42,B0007,66,98.78342046080256,95.09242534637451,95.09242534637451
TD-Clean-8,dsoh_refit,42,B0007,70,98.8058078187501,94.88856029510498,94.88856029510498
TD-Clean-8,dsoh_refit,42,B0007,74,98.75966747373796,94.68383121490479,94.68383121490479
TD-Clean-8,dsoh_refit,42,B0007,78,98.1739885027512,94.46760320663452,94.46760320663452
TD-Clean-8,dsoh_refit,42,B0007,82,98.23039625446908,94.27188682556152,94.27188682556152
TD-Clean-8,dsoh_refit,42,B0007,90,98.95386520139344,94.09000587463379,94.09000587463379
TD-Clean-8,dsoh_refit,42,B0007,94,98.38356039411237,93.90812492370605,93.90812492370605
TD-Clean-8,dsoh_refit,42,B0007,98,98.11080955264678,93.72624397277832,93.72624397277832
TD-Clean-8,dsoh_refit,42,B0007,102,97.57312273601715,93.54436302185059,93.54436302185059
TD-Clean-8,dsoh_refit,42,B0007,106,97.5908400366413,93.36248207092285,93.36248207092285
TD-Clean-8,dsoh_refit,42,B0007,110,97.29922460125108,93.18060111999512,93.18060111999512
TD-Clean-8,dsoh_refit,42,B0007,114,96.74012336609094,92.99872016906738,92.99872016906738
TD-Clean-8,dsoh_refit,42,B0007,118,96.49359124138364,92.81683921813965,92.81683921813965
TD-Clean-8,dsoh_refit,42,B0007,122,96.22137391342224,92.63495826721191,92.63495826721191
TD-Clean-8,dsoh_refit,42,B0007,126,96.233276781278,92.45307731628418,92.45307731628418
TD-Clean-8,dsoh_refit,42,B0007,130,95.93841918044076,92.27119636535645,92.27119636535645
TD-Clean-8,dsoh_refit,42,B0007,134,96.31819241353496,92.08931541442871,92.08931541442871
TD-Clean-8,dsoh_refit,42,B0007,136,95.94953719543624,91.90743446350098,91.90743446350098
TD-Clean-8,dsoh_refit,42,B0007,140,95.3953227427902,91.72555351257324,91.72555351257324
TD-Clean-8,dsoh_refit,42,B0007,144,94.86699939598208,91.54367256164551,91.54367256164551
TD-Clean-8,dsoh_refit,42,B0007,148,94.57173479963342,91.36179161071777,91.36179161071777
TD-Clean-8,dsoh_refit,42,B0007,150,96.41760769059738,91.17991065979004,91.17991065979004
TD-Clean-8,dsoh_refit,42,B0007,154,96.45090493439226,90.9980297088623,90.9980297088623
TD-Clean-8,dsoh_refit,42,B0007,158,95.6297003383392,90.81614875793457,90.81614875793457
TD-Clean-8,dsoh_refit,42,B0007,162,95.10935396520227,90.63426780700684,90.63426780700684
TD-Clean-8,dsoh_refit,42,B0007,166,94.57259385530976,90.4523868560791,90.4523868560791
TD-Clean-8,dsoh_refit,42,B0007,170,94.30623404626093,90.27050590515137,90.27050590515137
TD-Clean-8,dsoh_refit,42,B0007,174,94.0371367595855,90.08862495422363,90.08862495422363
TD-Clean-8,dsoh_refit,42,B0007,178,93.49626919937222,89.9067440032959,89.9067440032959
TD-Clean-8,dsoh_refit,42,B0007,182,92.9420388383138,89.72486305236816,89.72486305236816
TD-Clean-8,dsoh_refit,42,B0007,186,92.94217065781828,89.54298210144043,89.54298210144043
TD-Clean-8,dsoh_refit,42,B0007,190,92.69668329388116,89.3611011505127,89.3611011505127
TD-Clean-8,dsoh_refit,42,B0007,194,92.41073633514534,89.17922019958496,89.17922019958496
TD-Clean-8,dsoh_refit,42,B0007,198,91.82208130681248,88.99733924865723,88.99733924865723
TD-Clean-8,dsoh_refit,42,B0007,202,91.5743327473832,88.81545829772949,88.81545829772949
TD-Clean-8,dsoh_refit,42,B0007,206,91.04730118386937,88.63357734680176,88.63357734680176
TD-Clean-8,dsoh_refit,42,B0007,210,91.04684020750553,88.45169639587402,88.45169639587402
TD-Clean-8,dsoh_refit,42,B0007,214,90.49873919973382,88.26981544494629,88.26981544494629
TD-Clean-8,dsoh_refit,42,B0007,216,90.51794914609178,88.08793449401855,88.08793449401855
TD-Clean-8,dsoh_refit,42,B0007,220,89.96325858213598,87.90605354309082,87.90605354309082
TD-Clean-8,dsoh_refit,42,B0007,224,89.64911074691454,87.72417259216309,87.72417259216309
TD-Clean-8,dsoh_refit,42,B0007,228,89.4056438247883,87.54229164123535,87.54229164123535
TD-Clean-8,dsoh_refit,42,B0007,232,89.13221056506995,87.36041069030762,87.36041069030762
TD-Clean-8,dsoh_refit,42,B0007,236,88.88142970948275,87.17852973937988,87.17852973937988
TD-Clean-8,dsoh_refit,42,B0007,240,88.57496163215028,86.99664878845215,86.99664878845215
TD-Clean-8,dsoh_refit,42,B0007,244,88.30030467403411,86.81476783752441,86.81476783752441
TD-Clean-8,dsoh_refit,42,B0007,248,88.04309784572763,86.63288688659668,86.63288688659668
TD-Clean-8,dsoh_refit,42,B0007,252,87.7835715053401,86.45100593566895,86.45100593566895
TD-Clean-8,dsoh_refit,42,B0007,256,87.5009058762453,86.26912498474121,86.26912498474121
TD-Clean-8,dsoh_refit,42,B0007,260,86.92700430940862,86.08724403381348,86.08724403381348
TD-Clean-8,dsoh_refit,42,B0007,264,86.91859800690037,85.90536308288574,85.90536308288574
TD-Clean-8,dsoh_refit,42,B0007,266,87.17696241036246,85.72348213195801,85.72348213195801
TD-Clean-8,dsoh_refit,42,B0007,270,86.66971006432802,85.54160118103027,85.54160118103027
TD-Clean-8,dsoh_refit,42,B0007,274,86.11955257111292,85.35972023010254,85.35972023010254
TD-Clean-8,dsoh_refit,42,B0007,278,85.86532022039283,85.1778392791748,85.1778392791748
TD-Clean-8,dsoh_refit,42,B0007,282,85.83324550155743,84.99595832824707,84.99595832824707
TD-Clean-8,dsoh_refit,42,B0007,286,85.88108948972226,84.81407737731934,84.81407737731934
TD-Clean-8,dsoh_refit,42,B0007,290,85.56987844007078,84.6321964263916,84.6321964263916
TD-Clean-8,dsoh_refit,42,B0007,294,85.027771191142,84.45031547546387,84.45031547546387
TD-Clean-8,dsoh_refit,42,B0007,298,84.77582688520748,84.26843452453613,84.26843452453613
TD-Clean-8,dsoh_refit,42,B0007,302,84.79178974791847,84.0865535736084,84.0865535736084
TD-Clean-8,dsoh_refit,42,B0007,306,84.76993385106519,83.90467262268066,83.90467262268066
TD-Clean-8,dsoh_refit,42,B0007,310,84.49605927424464,83.72279167175293,83.72279167175293
TD-Clean-8,dsoh_refit,42,B0007,313,89.71090998622898,83.5409107208252,83.5409107208252
TD-Clean-8,dsoh_refit,42,B0007,316,86.37349719367897,83.35902976989746,83.35902976989746
TD-Clean-8,dsoh_refit,42,B0007,320,85.82898928627563,83.17714881896973,83.17714881896973
TD-Clean-8,dsoh_refit,42,B0007,324,85.2934976107533,82.99526786804199,82.99526786804199
TD-Clean-8,dsoh_refit,42,B0007,328,84.72574724857897,82.81338691711426,82.81338691711426
TD-Clean-8,dsoh_refit,42,B0007,332,84.48328177752624,82.63150596618652,82.63150596618652
TD-Clean-8,dsoh_refit,42,B0007,336,84.21457006738538,82.44962501525879,82.44962501525879
TD-Clean-8,dsoh_refit,42,B0007,340,83.9288888229777,82.26774406433105,82.26774406433105
TD-Clean-8,dsoh_refit,42,B0007,344,83.67629222648154,82.08586311340332,82.08586311340332
TD-Clean-8,dsoh_refit,42,B0007,348,83.38837618926404,81.90398216247559,81.90398216247559
TD-Clean-8,dsoh_refit,42,B0007,352,83.41270816038221,81.72210121154785,81.72210121154785
TD-Clean-8,dsoh_refit,42,B0007,356,83.14675201444969,81.54022026062012,81.54022026062012
TD-Clean-8,dsoh_refit,42,B0007,360,82.8484308280049,81.35833930969238,81.35833930969238
TD-Clean-8,dsoh_refit,42,B0007,364,83.13252526962864,81.17645835876465,81.17645835876465
TD-Clean-8,dsoh_refit,42,B0007,367,83.66359396289195,80.99457740783691,80.99457740783691
TD-Clean-8,dsoh_refit,42,B0007,371,83.14841165448959,80.81269645690918,80.81269645690918
TD-Clean-8,dsoh_refit,42,B0007,375,82.85488835556158,80.63081550598145,80.63081550598145
TD-Clean-8,dsoh_refit,42,B0007,379,82.33123711829187,80.44893455505371,80.44893455505371
TD-Clean-8,dsoh_refit,42,B0007,383,82.01142381939957,80.26705360412598,80.26705360412598
TD-Clean-8,dsoh_refit,42,B0007,387,82.07206587982726,80.08517265319824,80.08517265319824
TD-Clean-8,dsoh_refit,42,B0007,391,82.0495038543302,79.90329170227051,79.90329170227051
TD-Clean-8,dsoh_refit,42,B0007,395,81.5031419618624,79.72141075134277,79.72141075134277
TD-Clean-8,dsoh_refit,42,B0007,399,81.20841503507037,79.53952980041504,79.53952980041504
TD-Clean-8,dsoh_refit,42,B0007,403,81.21721340553746,79.3576488494873,79.3576488494873
TD-Clean-8,dsoh_refit,42,B0007,407,81.22601148878292,79.17576789855957,79.17576789855957
TD-Clean-8,dsoh_refit,42,B0007,411,80.95054391771832,78.99388694763184,78.99388694763184
TD-Clean-8,dsoh_refit,42,B0007,415,80.67227833994721,78.8120059967041,78.8120059967041
TD-Clean-8,dsoh_refit,42,B0007,419,80.40565013650571,78.63012504577637,78.63012504577637
TD-Clean-8,dsoh_refit,42,B0007,423,80.40335490244634,78.44824409484863,78.44824409484863
TD-Clean-8,dsoh_refit,42,B0007,427,80.42152437300291,78.2663631439209,78.2663631439209
TD-Clean-8,dsoh_refit,42,B0007,431,81.48461605871495,78.08448219299316,78.08448219299316
TD-Clean-8,dsoh_refit,42,B0007,433,81.75963969607048,77.90260124206543,77.90260124206543
TD-Clean-8,dsoh_refit,42,B0007,437,80.93560989493338,77.7207202911377,77.7207202911377
TD-Clean-8,dsoh_refit,42,B0007,441,80.40209515327608,77.53883934020996,77.53883934020996
TD-Clean-8,dsoh_refit,42,B0007,445,80.09419697809993,77.35695838928223,77.35695838928223
TD-Clean-8,dsoh_refit,42,B0007,449,79.85042691616567,77.17507743835449,77.17507743835449
TD-Clean-8,dsoh_refit,42,B0007,453,79.56495728605914,76.99319648742676,76.99319648742676
TD-Clean-8,dsoh_refit,42,B0007,457,79.30076147796538,76.81131553649902,76.81131553649902
TD-Clean-8,dsoh_refit,42,B0007,461,79.2776995197187,76.62943458557129,76.62943458557129
TD-Clean-8,dsoh_refit,42,B0007,465,79.01573008127421,76.44755363464355,76.44755363464355
TD-Clean-8,dsoh_refit,42,B0007,469,78.7529099419952,76.26567268371582,76.26567268371582
TD-Clean-8,dsoh_refit,42,B0007,473,78.76631135529045,76.08379173278809,76.08379173278809
TD-Clean-8,dsoh_refit,42,B0007,477,78.45734950325969,75.90191078186035,75.90191078186035
TD-Clean-8,dsoh_refit,42,B0007,481,78.71925319505982,75.72002983093262,75.72002983093262
TD-Clean-8,dsoh_refit,42,B0007,483,79.58166685963718,75.53814888000488,75.53814888000488
TD-Clean-8,dsoh_refit,42,B0007,485,78.72860058663869,75.35626792907715,75.35626792907715
TD-Clean-8,dsoh_refit,42,B0007,489,78.46501751785956,75.17438697814941,75.17438697814941
TD-Clean-8,dsoh_refit,42,B0007,493,78.19738333514631,74.99250602722168,74.99250602722168
TD-Clean-8,dsoh_refit,42,B0007,497,78.20645287101384,74.81062507629395,74.81062507629395
TD-Clean-8,dsoh_refit,42,B0007,501,77.92824275772597,74.62874412536621,74.62874412536621
TD-Clean-8,dsoh_refit,42,B0007,505,77.6497101362114,74.44686317443848,74.44686317443848
TD-Clean-8,dsoh_refit,42,B0007,509,77.38028422735451,74.26498222351074,74.26498222351074
TD-Clean-8,dsoh_refit,42,B0007,513,77.09660547904922,74.08310127258301,74.08310127258301
TD-Clean-8,dsoh_refit,42,B0007,517,77.11046744203753,73.90122032165527,73.90122032165527
TD-Clean-8,dsoh_refit,42,B0007,521,76.85550035450103,73.71933937072754,73.71933937072754
TD-Clean-8,dsoh_refit,42,B0007,525,76.85236240084764,73.5374584197998,73.5374584197998
TD-Clean-8,dsoh_refit,42,B0007,529,76.56671722215358,73.35557746887207,73.35557746887207
TD-Clean-8,dsoh_refit,42,B0007,533,76.29399038621672,73.17369651794434,73.17369651794434
TD-Clean-8,dsoh_refit,42,B0007,537,76.32425788720361,72.9918155670166,72.9918155670166
TD-Clean-8,dsoh_refit,42,B0007,541,76.29658741049414,72.80993461608887,72.80993461608887
TD-Clean-8,dsoh_refit,42,B0007,545,76.59209728582513,72.62805366516113,72.62805366516113
TD-Clean-8,dsoh_refit,42,B0007,548,77.93863743061358,72.4461727142334,72.4461727142334
TD-Clean-8,dsoh_refit,42,B0007,552,77.12364718084329,72.26429176330566,72.26429176330566
TD-Clean-8,dsoh_refit,42,B0007,556,76.8725967441492,72.08241081237793,72.08241081237793
TD-Clean-8,dsoh_refit,42,B0007,560,76.58854113704766,71.9005298614502,71.9005298614502
TD-Clean-8,dsoh_refit,42,B0007,564,76.04885672654179,71.71864891052246,71.71864891052246
TD-Clean-8,dsoh_refit,42,B0007,568,76.05828438472663,71.53676795959473,71.53676795959473
TD-Clean-8,dsoh_refit,42,B0007,572,75.76335089505734,71.35488700866699,71.35488700866699
TD-Clean-8,dsoh_refit,42,B0007,576,75.75439980355237,71.17300605773926,71.17300605773926
TD-Clean-8,dsoh_refit,42,B0007,580,75.49812548326929,70.99112510681152,70.99112510681152
TD-Clean-8,dsoh_refit,42,B0007,584,75.23591897923467,70.80924415588379,70.80924415588379
TD-Clean-8,dsoh_refit,42,B0007,588,75.24924732301496,70.62736320495605,70.62736320495605
TD-Clean-8,dsoh_refit,42,B0007,592,74.94444174506414,70.44548225402832,70.44548225402832
TD-Clean-8,dsoh_refit,42,B0007,596,74.95266425125988,70.26360130310059,70.26360130310059
TD-Clean-8,dsoh_refit,42,B0007,600,74.69643604452878,70.08172035217285,70.08172035217285
TD-Clean-8,dsoh_refit,42,B0007,604,74.7051700493532,69.89983940124512,69.89983940124512
TD-Clean-8,dsoh_refit,42,B0007,608,74.39278959915883,69.71795845031738,69.71795845031738
TD-Clean-8,dsoh_refit,42,B0007,612,75.52591562947222,69.53607749938965,69.53607749938965
TD-Clean-8,dsoh_refit,42,B0007,614,76.09264518290325,69.35419654846191,69.35419654846191
TD-Clean-8,dsoh_refit,42,B0018,3,100.8025811041783,100.0,100.0
TD-Clean-8,dsoh_refit,42,B0018,7,100.16087022619236,99.66200494766235,99.66200494766235
TD-Clean-8,dsoh_refit,42,B0018,11,99.96558598273582,98.94376361370087,98.94376361370087
TD-Clean-8,dsoh_refit,42,B0018,15,99.48041766162956,98.22804093360901,98.22804093360901
TD-Clean-8,dsoh_refit,42,B0018,18,99.59054502526398,98.03236401081085,98.03236401081085
TD-Clean-8,dsoh_refit,42,B0018,20,99.36387169185286,96.92426919937134,96.92426919937134
TD-Clean-8,dsoh_refit,42,B0018,22,98.96567828327716,95.73442316055298,95.73442316055298
TD-Clean-8,dsoh_refit,42,B0018,24,98.63793870309058,94.5664234161377,94.5664234161377
TD-Clean-8,dsoh_refit,42,B0018,27,98.04714689052696,93.42015218734741,93.42015218734741
TD-Clean-8,dsoh_refit,42,B0018,30,99.06887382997856,93.0997486114502,93.0997486114502
TD-Clean-8,dsoh_refit,42,B0018,32,98.47248926951052,92.02944469451904,92.02944469451904
TD-Clean-8,dsoh_refit,42,B0018,34,98.068534707018,90.8671178817749,90.8671178817749
TD-Clean-8,dsoh_refit,42,B0018,36,97.31606084566693,89.67835235595703,89.67835235595703
TD-Clean-8,dsoh_refit,42,B0018,39,96.91537145663308,88.5084924697876,88.5084924697876
TD-Clean-8,dsoh_refit,42,B0018,42,96.77777434993364,88.14800453186035,88.14800453186035
TD-Clean-8,dsoh_refit,42,B0018,44,96.24906078283864,87.16982746124268,87.16982746124268
TD-Clean-8,dsoh_refit,42,B0018,46,96.10893521170082,86.05056095123291,86.05056095123291
TD-Clean-8,dsoh_refit,42,B0018,48,95.29382636269746,84.87040996551514,84.87040996551514
TD-Clean-8,dsoh_refit,42,B0018,51,94.89112029628322,83.68486404418945,83.68486404418945
TD-Clean-8,dsoh_refit,42,B0018,54,94.42623362260446,82.89728546142578,82.89728546142578
TD-Clean-8,dsoh_refit,42,B0018,56,94.09214261326034,81.80248832702637,81.80248832702637
TD-Clean-8,dsoh_refit,42,B0018,58,92.84655809058668,80.86372566223145,80.86372566223145
TD-Clean-8,dsoh_refit,42,B0018,60,93.00278636580364,79.79282760620117,79.79282760620117
TD-Clean-8,dsoh_refit,42,B0018,63,92.78717154289568,78.70976257324219,78.70976257324219
TD-Clean-8,dsoh_refit,42,B0018,66,95.05514633441328,78.43377304077148,78.43377304077148
TD-Clean-8,dsoh_refit,42,B0018,68,94.16023397654948,77.51752090454102,77.51752090454102
TD-Clean-8,dsoh_refit,42,B0018,70,93.58756901230694,76.51060485839844,76.51060485839844
TD-Clean-8,dsoh_refit,42,B0018,72,93.02323711734508,75.44205856323242,75.44205856323242
TD-Clean-8,dsoh_refit,42,B0018,75,92.33971230163448,74.3585262298584,74.3585262298584
TD-Clean-8,dsoh_refit,42,B0018,78,92.05544475967478,73.70606231689453,73.70606231689453
TD-Clean-8,dsoh_refit,42,B0018,80,91.39607597710202,72.70096015930176,72.70096015930176
TD-Clean-8,dsoh_refit,42,B0018,82,91.12841202900309,71.76890182495117,71.76890182495117
TD-Clean-8,dsoh_refit,42,B0018,84,90.50598444143154,70.79929733276367,70.79929733276367
TD-Clean-8,dsoh_refit,42,B0018,87,90.05329919062662,69.73742294311523,69.73742294311523
TD-Clean-8,dsoh_refit,42,B0018,90,89.56595375021743,69.00855827331543,69.00855827331543
TD-Clean-8,dsoh_refit,42,B0018,92,89.05221474379236,68.0099983215332,68.0099983215332
TD-Clean-8,dsoh_refit,42,B0018,94,88.4478648526792,67.03155136108398,67.03155136108398
TD-Clean-8,dsoh_refit,42,B0018,96,88.14926233550939,66.16709899902344,66.16709899902344
TD-Clean-8,dsoh_refit,42,B0018,99,87.70654438914323,65.22404861450195,65.22404861450195
TD-Clean-8,dsoh_refit,42,B0018,102,91.07812245566797,64.83950424194336,64.83950424194336
TD-Clean-8,dsoh_refit,42,B0018,104,89.62445100410937,63.83782196044922,63.83782196044922
TD-Clean-8,dsoh_refit,42,B0018,106,88.70513095013024,62.831336975097656,62.831336975097656
TD-Clean-8,dsoh_refit,42,B0018,108,87.83746900859978,61.83655548095703,61.83655548095703
TD-Clean-8,dsoh_refit,42,B0018,111,87.53788044222665,60.8211555480957,60.8211555480957
TD-Clean-8,dsoh_refit,42,B0018,114,86.69891328476463,60.15338897705078,60.15338897705078
TD-Clean-8,dsoh_refit,42,B0018,119,93.27978546012802,59.10955810546875,59.10955810546875
TD-Clean-8,dsoh_refit,42,B0018,121,92.1525471966999,58.068016052246094,58.068016052246094
TD-Clean-8,dsoh_refit,42,B0018,123,91.17195305362098,57.01709747314453,57.01709747314453
TD-Clean-8,dsoh_refit,42,B0018,125,90.2416573040256,55.96629333496094,55.96629333496094
TD-Clean-8,dsoh_refit,42,B0018,128,90.55423897233052,55.590003967285156,55.590003967285156
TD-Clean-8,dsoh_refit,42,B0018,130,89.49039068452917,54.543113708496094,54.543113708496094
TD-Clean-8,dsoh_refit,42,B0018,132,88.3454487099843,53.587947845458984,53.587947845458984
TD-Clean-8,dsoh_refit,42,B0018,134,87.60607299731777,52.659183502197266,52.659183502197266
TD-Clean-8,dsoh_refit,42,B0018,136,87.25714700042141,51.65528869628906,51.65528869628906
TD-Clean-8,dsoh_refit,42,B0018,143,89.1426764135498,50.64443588256836,50.64443588256836
TD-Clean-8,dsoh_refit,42,B0018,145,87.66626044455795,49.63022994995117,49.63022994995117
TD-Clean-8,dsoh_refit,42,B0018,147,86.51592379470374,48.61674880981445,48.61674880981445
TD-Clean-8,dsoh_refit,42,B0018,150,86.21730704320841,47.564903259277344,47.564903259277344
TD-Clean-8,dsoh_refit,42,B0018,153,85.8627581657356,46.885902404785156,46.885902404785156
TD-Clean-8,dsoh_refit,42,B0018,155,84.99855590440428,45.95633316040039,45.95633316040039
TD-Clean-8,dsoh_refit,42,B0018,157,84.53366840480606,44.9719352722168,44.9719352722168
TD-Clean-8,dsoh_refit,42,B0018,159,83.69607194854545,44.024505615234375,44.024505615234375
TD-Clean-8,dsoh_refit,42,B0018,162,83.25899594193369,43.05400848388672,43.05400848388672
TD-Clean-8,dsoh_refit,42,B0018,165,83.22975722050174,42.3966178894043,42.3966178894043
TD-Clean-8,dsoh_refit,42,B0018,167,82.72092847997168,41.436012268066406,41.436012268066406
TD-Clean-8,dsoh_refit,42,B0018,169,81.86598978006339,40.52317810058594,40.52317810058594
TD-Clean-8,dsoh_refit,42,B0018,171,81.58859278240016,39.615509033203125,39.615509033203125
TD-Clean-8,dsoh_refit,42,B0018,174,81.31316363799587,38.69765853881836,38.69765853881836
TD-Clean-8,dsoh_refit,42,B0018,177,83.32773163808899,38.2814826965332,38.2814826965332
TD-Clean-8,dsoh_refit,42,B0018,179,82.80709531820148,37.38676071166992,37.38676071166992
TD-Clean-8,dsoh_refit,42,B0018,181,81.57610219236552,36.50653076171875,36.50653076171875
TD-Clean-8,dsoh_refit,42,B0018,183,81.09929204028072,35.60803985595703,35.60803985595703
TD-Clean-8,dsoh_refit,42,B0018,185,80.60512587063184,34.65715026855469,34.65715026855469
TD-Clean-8,dsoh_refit,42,B0018,188,80.4645909654616,34.10682678222656,34.10682678222656
TD-Clean-8,dsoh_refit,42,B0018,190,80.07171192098461,33.249420166015625,33.249420166015625
TD-Clean-8,dsoh_refit,42,B0018,192,79.77346222448996,32.43907165527344,32.43907165527344
TD-Clean-8,dsoh_refit,42,B0018,194,79.23402412051846,31.56555938720703,31.56555938720703
TD-Clean-8,dsoh_refit,42,B0018,197,78.6783203089025,30.674781799316406,30.674781799316406
TD-Clean-8,dsoh_refit,42,B0018,200,78.94539372549075,30.101654052734375,30.101654052734375
TD-Clean-8,dsoh_refit,42,B0018,202,78.38865828037459,29.273887634277344,29.273887634277344
TD-Clean-8,dsoh_refit,42,B0018,204,78.21127069246836,28.497085571289062,28.497085571289062
TD-Clean-8,dsoh_refit,42,B0018,206,77.6339684068403,27.696670532226562,27.696670532226562
TD-Clean-8,dsoh_refit,42,B0018,209,77.43046760934243,26.829437255859375,26.829437255859375
TD-Clean-8,dsoh_refit,42,B0018,212,79.8708545166814,26.52216339111328,26.52216339111328
TD-Clean-8,dsoh_refit,42,B0018,214,78.93458463676515,25.691207885742188,25.691207885742188
TD-Clean-8,dsoh_refit,42,B0018,216,78.40488242765085,24.80328369140625,24.80328369140625
TD-Clean-8,dsoh_refit,42,B0018,218,77.61921434771055,23.978553771972656,23.978553771972656
TD-Clean-8,dsoh_refit,42,B0018,220,76.9170609064971,23.10028839111328,23.10028839111328
TD-Clean-8,dsoh_refit,42,B0018,223,79.04297866359087,22.77716064453125,22.77716064453125
TD-Clean-8,dsoh_refit,42,B0018,225,77.61605692618127,22.001251220703125,22.001251220703125
TD-Clean-8,dsoh_refit,42,B0018,227,77.14789574863566,21.230728149414062,21.230728149414062
TD-Clean-8,dsoh_refit,42,B0018,229,76.92281444261894,20.45201873779297,20.45201873779297
TD-Clean-8,dsoh_refit,42,B0018,232,76.3858924270674,19.649795532226562,19.649795532226562
TD-Clean-8,dsoh_refit,42,B0018,235,76.53620320177981,19.21106719970703,19.21106719970703
TD-Clean-8,dsoh_refit,42,B0018,237,75.9063201738239,18.47327423095703,18.47327423095703
TD-Clean-8,dsoh_refit,42,B0018,239,75.72766142150313,17.712684631347656,17.712684631347656
TD-Clean-8,dsoh_refit,42,B0018,241,75.49928800503805,16.965415954589844,16.965415954589844
TD-Clean-8,dsoh_refit,42,B0018,244,74.9124451895705,16.19670867919922,16.19670867919922
TD-Clean-8,dsoh_refit,42,B0018,247,75.25674730493446,15.747665405273438,15.747665405273438
TD-Clean-8,dsoh_refit,42,B0018,249,74.46467849076038,15.032920837402344,15.032920837402344
TD-Clean-8,dsoh_refit,42,B0018,251,74.62885626516028,14.320564270019531,14.320564270019531
TD-Clean-8,dsoh_refit,42,B0018,253,74.33553994642665,13.632453918457031,13.632453918457031
TD-Clean-8,dsoh_refit,42,B0018,256,73.72504079935909,12.9052734375,12.9052734375
TD-Clean-8,dsoh_refit,42,B0018,259,79.36110924975578,12.561698913574219,12.561698913574219
TD-Clean-8,dsoh_refit,42,B0018,261,78.799706688891,11.82568359375,11.82568359375
TD-Clean-8,dsoh_refit,42,B0018,263,78.14983302548104,11.046157836914062,11.046157836914062
TD-Clean-8,dsoh_refit,42,B0018,265,77.61878718971624,10.205856323242188,10.205856323242188
TD-Clean-8,dsoh_refit,42,B0018,267,76.88079746021991,9.353080749511719,9.353080749511719
TD-Clean-8,dsoh_refit,42,B0018,270,76.8319836786595,8.850860595703125,8.850860595703125
TD-Clean-8,dsoh_refit,42,B0018,272,76.01926160635412,8.090896606445312,8.090896606445312
TD-Clean-8,dsoh_refit,42,B0018,274,75.82358510102308,7.425933837890625,7.425933837890625
TD-Clean-8,dsoh_refit,42,B0018,276,75.53633219814198,6.772117614746094,6.772117614746094
TD-Clean-8,dsoh_refit,42,B0018,279,75.31793705780649,5.9282989501953125,5.9282989501953125
TD-Clean-8,dsoh_refit,42,B0018,282,75.43684114368729,5.4323883056640625,5.4323883056640625
TD-Clean-8,dsoh_refit,42,B0018,284,74.7829788363973,4.6153564453125,4.6153564453125
TD-Clean-8,dsoh_refit,42,B0018,286,74.15991898288928,3.8440475463867188,3.8440475463867188
TD-Clean-8,dsoh_refit,42,B0018,288,73.84846878839457,3.09088134765625,3.09088134765625
TD-Clean-8,dsoh_refit,42,B0018,291,73.15537271331122,2.3148117065429688,2.3148117065429688
TD-Clean-8,dsoh_refit,42,B0018,294,77.53589472577204,1.9684371948242188,1.9684371948242188
TD-Clean-8,dsoh_refit,42,B0018,296,76.42763235972666,1.237884521484375,1.237884521484375
TD-Clean-8,dsoh_refit,42,B0018,298,75.72351586777258,0.4884185791015625,0.4884185791015625
TD-Clean-8,dsoh_refit,42,B0018,300,75.4386936803776,-0.31906890869140625,-0.31906890869140625
TD-Clean-8,dsoh_refit,42,B0018,302,74.45721490205536,-1.1096725463867188,-1.1096725463867188
TD-Clean-8,dsoh_refit,42,B0018,305,74.97385174402893,-1.5571975708007812,-1.5571975708007812
TD-Clean-8,dsoh_refit,42,B0018,307,74.3741167471391,-2.1995773315429688,-2.1995773315429688
TD-Clean-8,dsoh_refit,42,B0018,309,74.05233968989694,-2.8202743530273438,-2.8202743530273438
TD-Clean-8,dsoh_refit,42,B0018,311,74.08863589293038,-3.522979736328125,-3.522979736328125
TD-Clean-8,dsoh_refit,42,B0018,314,73.46151441244959,-4.298789978027344,-4.298789978027344
TD-Clean-8,dsoh_refit,42,B0018,317,73.62086195282473,-4.700103759765625,-4.700103759765625
TD-Clean-8,dsoh_refit,42,B0018,319,72.87391760769836,-5.451904296875,-5.451904296875
TD-Clean-8,dsoh_refit,7,B0005,2,100.80760884947765,100.0,100.0
TD-Clean-8,dsoh_refit,7,B0005,4,100.25590968770103,99.65343937277794,99.65343937277794
TD-Clean-8,dsoh_refit,7,B0005,6,99.65979925247206,99.29704713821411,99.29704713821411
TD-Clean-8,dsoh_refit,7,B0005,8,99.65509323788856,98.95056414604187,98.95056414604187
TD-Clean-8,dsoh_refit,7,B0005,10,99.6215889724607,98.60922908782959,98.60922908782959
TD-Clean-8,dsoh_refit,7,B0005,12,99.67676620535396,98.28292560577393,98.28292560577393
TD-Clean-8,dsoh_refit,7,B0005,14,99.64877352944652,97.9488935470581,97.9488935470581
TD-Clean-8,dsoh_refit,7,B0005,16,99.13892996732449,97.58665037155151,97.58665037155151
TD-Clean-8,dsoh_refit,7,B0005,18,99.08555627584838,97.22745275497437,97.22745275497437
TD-Clean-8,dsoh_refit,7,B0005,20,99.0768365083485,96.88830399513245,96.88830399513245
TD-Clean-8,dsoh_refit,7,B0005,22,99.07717774099622,96.53947567939758,96.53947567939758
TD-Clean-8,dsoh_refit,7,B0005,25,98.5114992237362,96.2012128829956,96.2012128829956
TD-Clean-8,dsoh_refit,7,B0005,27,98.4870761948254,95.84699726104736,95.84699726104736
TD-Clean-8,dsoh_refit,7,B0005,29,98.47015265835132,95.50399541854858,95.50399541854858
TD-Clean-8,dsoh_refit,7,B0005,31,97.88140357167902,95.15389251708984,95.15389251708984
TD-Clean-8,dsoh_refit,7,B0005,33,97.85473656745688,94.80628156661987,94.80628156661987
TD-Clean-8,dsoh_refit,7,B0005,35,97.88039886599036,94.47404527664185,94.47404527664185
TD-Clean-8,dsoh_refit,7,B0005,37,97.9069415267384,94.14118909835815,94.14118909835815
TD-Clean-8,dsoh_refit,7,B0005,39,97.89115702988882,93.80985641479492,93.80985641479492
TD-Clean-8,dsoh_refit,7,B0005,42,100.29385168145046,93.57431125640869,93.57431125640869
TD-Clean-8,dsoh_refit,7,B0005,46,100.31510023136114,93.29034185409546,93.29034185409546
TD-Clean-8,dsoh_refit,7,B0005,50,99.70477213786135,92.98989820480347,92.98989820480347
TD-Clean-8,dsoh_refit,7,B0005,54,99.1402308374376,92.71118927001953,92.71118927001953
TD-Clean-8,dsoh_refit,7,B0005,58,99.10400696359169,92.48864459991455,92.48864459991455
TD-Clean-8,dsoh_refit,7,B0005,62,99.12941188644592,92.24579906463623,92.24579906463623
TD-Clean-8,dsoh_refit,7,B0005,66,98.50222430381568,91.99237442016602,91.99237442016602
TD-Clean-8,dsoh_refit,7,B0005,70,98.5423014565286,91.79311847686768,91.79311847686768
TD-Clean-8,dsoh_refit,7,B0005,74,98.49887187571204,91.60605907440186,91.60605907440186
TD-Clean-8,dsoh_refit,7,B0005,78,97.89050762402466,91.38902568817139,91.38902568817139
TD-Clean-8,dsoh_refit,7,B0005,82,97.96171552529285,91.20919990539551,91.20919990539551
TD-Clean-8,dsoh_refit,7,B0005,90,99.4075559707276,90.8707103729248,90.8707103729248
TD-Clean-8,dsoh_refit,7,B0005,94,98.82112827769676,90.52435302734375,90.52435302734375
TD-Clean-8,dsoh_refit,7,B0005,98,98.2457556393358,90.26586437225342,90.26586437225342
TD-Clean-8,dsoh_refit,7,B0005,102,97.99065016377766,89.98960018157959,89.98960018157959
TD-Clean-8,dsoh_refit,7,B0005,106,97.7065060215613,89.74491500854492,89.74491500854492
TD-Clean-8,dsoh_refit,7,B0005,110,97.11279694879056,89.46507358551025,89.46507358551025
TD-Clean-8,dsoh_refit,7,B0005,114,96.81304988059888,89.1796875,89.1796875
TD-Clean-8,dsoh_refit,7,B0005,118,96.27605729788222,88.97020816802979,88.97020816802979
TD-Clean-8,dsoh_refit,7,B0005,122,96.2762766313732,88.79150104522705,88.79150104522705
TD-Clean-8,dsoh_refit,7,B0005,126,95.99578118843372,88.5351095199585,88.5351095199585
TD-Clean-8,dsoh_refit,7,B0005,130,95.69403287907456,88.19943904876709,88.19943904876709
TD-Clean-8,dsoh_refit,7,B0005,134,95.98194451474556,87.8684253692627,87.8684253692627
TD-Clean-8,dsoh_refit,7,B0005,136,95.71321655496544,87.65251350402832,87.65251350402832
TD-Clean-8,dsoh_refit,7,B0005,140,95.11928805425076,87.4481954574585,87.4481954574585
TD-Clean-8,dsoh_refit,7,B0005,144,94.58275432725988,87.23453998565674,87.23453998565674
TD-Clean-8,dsoh_refit,7,B0005,148,94.27008009570102,87.07069396972656,87.07069396972656
TD-Clean-8,dsoh_refit,7,B0005,150,97.39411432859931,86.83088111877441,86.83088111877441
TD-Clean-8,dsoh_refit,7,B0005,154,96.82749231246368,86.38172340393066,86.38172340393066
TD-Clean-8,dsoh_refit,7,B0005,158,95.96820195991576,85.95541572570801,85.95541572570801
TD-Clean-8,dsoh_refit,7,B0005,162,95.40638930769452,85.5700330734253,85.5700330734253
TD-Clean-8,dsoh_refit,7,B0005,166,94.8553962680492,85.26947689056396,85.26947689056396
TD-Clean-8,dsoh_refit,7,B0005,170,94.5755674779542,84.94505500793457,84.94505500793457
TD-Clean-8,dsoh_refit,7,B0005,174,94.28806184403476,84.61330318450928,84.61330318450928
TD-Clean-8,dsoh_refit,7,B0005,178,93.73958753620327,84.30609226226807,84.30609226226807
TD-Clean-8,dsoh_refit,7,B0005,182,93.16861105469168,84.04438877105713,84.04438877105713
TD-Clean-8,dsoh_refit,7,B0005,186,92.88227598613614,83.80182838439941,83.80182838439941
TD-Clean-8,dsoh_refit,7,B0005,190,92.636901518198,83.55643844604492,83.55643844604492
TD-Clean-8,dsoh_refit,7,B0005,194,92.32720191735562,83.24505424499512,83.24505424499512
TD-Clean-8,dsoh_refit,7,B0005,198,92.01599848919145,82.95527458190918,82.95527458190918
TD-Clean-8,dsoh_refit,7,B0005,202,91.49053823956656,82.6136360168457,82.6136360168457
TD-Clean-8,dsoh_refit,7,B0005,206,90.92425521866993,82.30657005310059,82.30657005310059
TD-Clean-8,dsoh_refit,7,B0005,210,90.92941856192826,82.05985069274902,82.05985069274902
TD-Clean-8,dsoh_refit,7,B0005,214,90.34010561326173,81.75327682495117,81.75327682495117
TD-Clean-8,dsoh_refit,7,B0005,216,90.0847586044663,81.43502616882324,81.43502616882324
TD-Clean-8,dsoh_refit,7,B0005,220,89.80457989439137,81.10805130004883,81.10805130004883
TD-Clean-8,dsoh_refit,7,B0005,224,89.19640288815545,80.83609008789062,80.83609008789062
TD-Clean-8,dsoh_refit,7,B0005,228,88.93598251136243,80.56398963928223,80.56398963928223
TD-Clean-8,dsoh_refit,7,B0005,232,88.65781340235759,80.28297233581543,80.28297233581543
TD-Clean-8,dsoh_refit,7,B0005,236,88.38728178562198,79.95809936523438,79.95809936523438
TD-Clean-8,dsoh_refit,7,B0005,240,88.08171260170519,79.70662117004395,79.70662117004395
TD-Clean-8,dsoh_refit,7,B0005,244,87.49528010741024,79.45662117004395,79.45662117004395
TD-Clean-8,dsoh_refit,7,B0005,248,87.2366743602368,79.20789337158203,79.20789337158203
TD-Clean-8,dsoh_refit,7,B0005,252,86.96251727221627,78.96902847290039,78.96902847290039
TD-Clean-8,dsoh_refit,7,B0005,256,86.35734215456989,78.73118019104004,78.73118019104004
TD-Clean-8,dsoh_refit,7,B0005,260,86.10863457357058,78.4694709777832,78.4694709777832
TD-Clean-8,dsoh_refit,7,B0005,264,86.06270063126725,78.26994895935059,78.26994895935059
TD-Clean-8,dsoh_refit,7,B0005,266,86.63737677555004,78.0240364074707,78.0240364074707
TD-Clean-8,dsoh_refit,7,B0005,270,85.50813849993258,77.77858924865723,77.77858924865723
TD-Clean-8,dsoh_refit,7,B0005,274,84.97446653296429,77.60983657836914,77.60983657836914
TD-Clean-8,dsoh_refit,7,B0005,278,84.69557819389517,77.39239883422852,77.39239883422852
TD-Clean-8,dsoh_refit,7,B0005,282,84.68013627936132,77.20964813232422,77.20964813232422
TD-Clean-8,dsoh_refit,7,B0005,286,84.41991821853574,76.94575691223145,76.94575691223145
TD-Clean-8,dsoh_refit,7,B0005,290,84.10414931140878,76.68012809753418,76.68012809753418
TD-Clean-8,dsoh_refit,7,B0005,294,83.52653061113354,76.3714656829834,76.3714656829834
TD-Clean-8,dsoh_refit,7,B0005,298,82.96602561057489,76.18900299072266,76.18900299072266
TD-Clean-8,dsoh_refit,7,B0005,302,82.99920327964658,76.03310203552246,76.03310203552246
TD-Clean-8,dsoh_refit,7,B0005,306,82.68003018050378,75.79390144348145,75.79390144348145
TD-Clean-8,dsoh_refit,7,B0005,310,82.39976893302816,75.54194068908691,75.54194068908691
TD-Clean-8,dsoh_refit,7,B0005,313,87.19626195760692,75.28914642333984,75.28914642333984
TD-Clean-8,dsoh_refit,7,B0005,316,84.91729656129593,75.06164741516113,75.06164741516113
TD-Clean-8,dsoh_refit,7,B0005,320,84.06165489885902,74.72921943664551,74.72921943664551
TD-Clean-8,dsoh_refit,7,B0005,324,83.2082752902044,74.41800498962402,74.41800498962402
TD-Clean-8,dsoh_refit,7,B0005,328,82.91381970838151,74.16281509399414,74.16281509399414
TD-Clean-8,dsoh_refit,7,B0005,332,82.37106085271179,73.91242790222168,73.91242790222168
TD-Clean-8,dsoh_refit,7,B0005,336,82.09631790141844,73.67305755615234,73.67305755615234
TD-Clean-8,dsoh_refit,7,B0005,340,81.80669701206385,73.43789291381836,73.43789291381836
TD-Clean-8,dsoh_refit,7,B0005,344,81.53418918115372,73.15568733215332,73.15568733215332
TD-Clean-8,dsoh_refit,7,B0005,348,80.95312575426658,72.91958999633789,72.91958999633789
TD-Clean-8,dsoh_refit,7,B0005,352,80.6829269258604,72.68577194213867,72.68577194213867
TD-Clean-8,dsoh_refit,7,B0005,356,80.38673535372676,72.45080757141113,72.45080757141113
TD-Clean-8,dsoh_refit,7,B0005,360,80.10415225005684,72.1702995300293,72.1702995300293
TD-Clean-8,dsoh_refit,7,B0005,364,80.68483906716317,71.95748329162598,71.95748329162598
TD-Clean-8,dsoh_refit,7,B0005,367,81.23806188586506,71.65520477294922,71.65520477294922
TD-Clean-8,dsoh_refit,7,B0005,371,80.40774500270479,71.35357093811035,71.35357093811035
TD-Clean-8,dsoh_refit,7,B0005,375,79.80793062432481,71.03417015075684,71.03417015075684
TD-Clean-8,dsoh_refit,7,B0005,379,78.94710440938543,70.74535942077637,70.74535942077637
TD-Clean-8,dsoh_refit,7,B0005,383,78.96040682717852,70.50896835327148,70.50896835327148
TD-Clean-8,dsoh_refit,7,B0005,387,79.00805769223405,70.21694946289062,70.21694946289062
TD-Clean-8,dsoh_refit,7,B0005,391,78.68325635434054,69.95454216003418,69.95454216003418
TD-Clean-8,dsoh_refit,7,B0005,395,78.12009683923326,69.69419860839844,69.69419860839844
TD-Clean-8,dsoh_refit,7,B0005,399,77.83635095586517,69.46862983703613,69.46862983703613
TD-Clean-8,dsoh_refit,7,B0005,403,77.83366081216815,69.18363952636719,69.18363952636719
TD-Clean-8,dsoh_refit,7,B0005,407,77.54418562704669,68.9355297088623,68.9355297088623
TD-Clean-8,dsoh_refit,7,B0005,411,77.26483532824366,68.68054580688477,68.68054580688477
TD-Clean-8,dsoh_refit,7,B0005,415,76.96665751739931,68.44099044799805,68.44099044799805
TD-Clean-8,dsoh_refit,7,B0005,419,76.69408123915822,68.2334213256836,68.2334213256836
TD-Clean-8,dsoh_refit,7,B0005,423,76.7032886034996,68.00102615356445,68.00102615356445
TD-Clean-8,dsoh_refit,7,B0005,427,76.43285089151239,67.71860885620117,67.71860885620117
TD-Clean-8,dsoh_refit,7,B0005,431,77.83345221466253,67.4300537109375,67.4300537109375
TD-Clean-8,dsoh_refit,7,B0005,433,78.09751233548145,67.14326858520508,67.14326858520508
TD-Clean-8,dsoh_refit,7,B0005,437,76.96262218385922,66.864501953125,66.864501953125
TD-Clean-8,dsoh_refit,7,B0005,441,76.3993634537507,66.6177978515625,66.6177978515625
TD-Clean-8,dsoh_refit,7,B0005,445,76.08562321685423,66.41179275512695,66.41179275512695
TD-Clean-8,dsoh_refit,7,B0005,449,75.84111192639295,66.2036361694336,66.2036361694336
TD-Clean-8,dsoh_refit,7,B0005,453,75.5470202599512,66.00443267822266,66.00443267822266
TD-Clean-8,dsoh_refit,7,B0005,457,75.2724773855306,65.80000686645508,65.80000686645508
TD-Clean-8,dsoh_refit,7,B0005,461,74.95796574493023,65.61132049560547,65.61132049560547
TD-Clean-8,dsoh_refit,7,B0005,465,74.67559060559861,65.3682632446289,65.3682632446289
TD-Clean-8,dsoh_refit,7,B0005,469,74.4190975749656,65.17784881591797,65.17784881591797
TD-Clean-8,dsoh_refit,7,B0005,473,74.41886702385212,65.00985717773438,65.00985717773438
TD-Clean-8,dsoh_refit,7,B0005,477,74.10538957595438,64.84506607055664,64.84506607055664
TD-Clean-8,dsoh_refit,7,B0005,481,74.68403981580354,64.70086669921875,64.70086669921875
TD-Clean-8,dsoh_refit,7,B0005,483,75.26611054535188,64.50335311889648,64.50335311889648
TD-Clean-8,dsoh_refit,7,B0005,485,74.38310747232698,64.2619743347168,64.2619743347168
TD-Clean-8,dsoh_refit,7,B0005,489,74.10795710900801,64.06599807739258,64.06599807739258
TD-Clean-8,dsoh_refit,7,B0005,493,73.53993654981534,63.88113784790039,63.88113784790039
TD-Clean-8,dsoh_refit,7,B0005,497,73.55729388669064,63.68619918823242,63.68619918823242
TD-Clean-8,dsoh_refit,7,B0005,501,73.56067241598603,63.47602844238281,63.47602844238281
TD-Clean-8,dsoh_refit,7,B0005,505,73.26805286034079,63.2557487487793,63.2557487487793
TD-Clean-8,dsoh_refit,7,B0005,509,72.98972077509227,63.030967712402344,63.030967712402344
TD-Clean-8,dsoh_refit,7,B0005,513,72.70747847813722,62.884307861328125,62.884307861328125
TD-Clean-8,dsoh_refit,7,B0005,517,72.70330518052887,62.72236251831055,62.72236251831055
TD-Clean-8,dsoh_refit,7,B0005,521,72.43680818215978,62.53360366821289,62.53360366821289
TD-Clean-8,dsoh_refit,7,B0005,525,72.14563728793834,62.30062484741211,62.30062484741211
TD-Clean-8,dsoh_refit,7,B0005,529,71.84842350914826,62.13467788696289,62.13467788696289
TD-Clean-8,dsoh_refit,7,B0005,533,71.57682808520298,62.00507736206055,62.00507736206055
TD-Clean-8,dsoh_refit,7,B0005,537,71.59297070565168,61.88510513305664,61.88510513305664
TD-Clean-8,dsoh_refit,7,B0005,541,71.58355486033668,61.67206573486328,61.67206573486328
TD-Clean-8,dsoh_refit,7,B0005,545,71.88651633814797,61.487030029296875,61.487030029296875
TD-Clean-8,dsoh_refit,7,B0005,548,73.85485752850198,61.38667297363281,61.38667297363281
TD-Clean-8,dsoh_refit,7,B0005,552,72.73676298693475,61.20277786254883,61.20277786254883
TD-Clean-8,dsoh_refit,7,B0005,556,72.16650080848474,61.00994873046875,61.00994873046875
TD-Clean-8,dsoh_refit,7,B0005,560,71.87574889700983,60.79457473754883,60.79457473754883
TD-Clean-8,dsoh_refit,7,B0005,564,71.60206343923741,60.617759704589844,60.617759704589844
TD-Clean-8,dsoh_refit,7,B0005,568,71.32194157026348,60.460731506347656,60.460731506347656
TD-Clean-8,dsoh_refit,7,B0005,572,71.30711389020412,60.281185150146484,60.281185150146484
TD-Clean-8,dsoh_refit,7,B0005,576,71.01356336148518,60.13202667236328,60.13202667236328
TD-Clean-8,dsoh_refit,7,B0005,580,70.75492745457169,60.02132034301758,60.02132034301758
TD-Clean-8,dsoh_refit,7,B0005,584,70.77254445771489,59.847381591796875,59.847381591796875
TD-Clean-8,dsoh_refit,7,B0005,588,70.77540542374062,59.68416213989258,59.68416213989258
TD-Clean-8,dsoh_refit,7,B0005,592,70.47550750397869,59.530296325683594,59.530296325683594
TD-Clean-8,dsoh_refit,7,B0005,596,70.48563041810954,59.368446350097656,59.368446350097656
TD-Clean-8,dsoh_refit,7,B0005,600,70.23531244180377,59.185646057128906,59.185646057128906
TD-Clean-8,dsoh_refit,7,B0005,604,69.93882142370093,59.014339447021484,59.014339447021484
TD-Clean-8,dsoh_refit,7,B0005,608,69.90890905512207,58.86581039428711,58.86581039428711
TD-Clean-8,dsoh_refit,7,B0005,612,71.07977535187085,58.68012619018555,58.68012619018555
TD-Clean-8,dsoh_refit,7,B0005,614,71.95205157786506,58.5438232421875,58.5438232421875
TD-Clean-8,dsoh_refit,7,B0006,2,100.88297108833646,100.0,100.0
TD-Clean-8,dsoh_refit,7,B0006,4,100.37753235288778,99.86590422689915,99.86590422689915
TD-Clean-8,dsoh_refit,7,B0006,6,99.79196916000484,99.72230368852615,99.72230368852615
TD-Clean-8,dsoh_refit,7,B0006,8,99.7899019818078,99.57305777072906,99.57305777072906
TD-Clean-8,dsoh_refit,7,B0006,10,99.15762541696316,99.42585051059723,99.42585051059723
TD-Clean-8,dsoh_refit,7,B0006,12,99.8203556776378,99.27170151472092,99.27170151472092
TD-Clean-8,dsoh_refit,7,B0006,14,99.7808037027038,99.11128443479538,99.11128443479538
TD-Clean-8,dsoh_refit,7,B0006,16,97.5844832820893,98.95779287815094,98.95779287815094
TD-Clean-8,dsoh_refit,7,B0006,18,97.5535716293996,98.80027377605438,98.80027377605438
TD-Clean-8,dsoh_refit,7,B0006,20,97.01155142541865,98.64155292510986,98.64155292510986
TD-Clean-8,dsoh_refit,7,B0006,22,96.43502080876348,98.48417389392853,98.48417389392853
TD-Clean-8,dsoh_refit,7,B0006,25,95.8972998236526,98.28350365161896,98.28350365161896
TD-Clean-8,dsoh_refit,7,B0006,27,95.32875373854844,98.11493158340454,98.11493158340454
TD-Clean-8,dsoh_refit,7,B0006,29,94.76419905980474,97.93664145469666,97.93664145469666
TD-Clean-8,dsoh_refit,7,B0006,31,94.22773853976388,97.77256870269775,97.77256870269775
TD-Clean-8,dsoh_refit,7,B0006,33,93.6395064953226,97.61201620101929,97.61201620101929
TD-Clean-8,dsoh_refit,7,B0006,35,93.09821798643677,97.45368003845215,97.45368003845215
TD-Clean-8,dsoh_refit,7,B0006,37,92.56743574756617,97.28559064865112,97.28559064865112
TD-Clean-8,dsoh_refit,7,B0006,39,92.56840432582156,97.11234664916992,97.11234664916992
TD-Clean-8,dsoh_refit,7,B0006,42,98.12161319843736,96.9810061454773,96.9810061454773
TD-Clean-8,dsoh_refit,7,B0006,46,97.02736865587346,96.84683418273926,96.84683418273926
TD-Clean-8,dsoh_refit,7,B0006,50,96.4457203456954,96.70821499824524,96.70821499824524
TD-Clean-8,dsoh_refit,7,B0006,54,95.37664206593776,96.5708999633789,96.5708999633789
TD-Clean-8,dsoh_refit,7,B0006,58,96.45395400781383,96.4267566204071,96.4267566204071
TD-Clean-8,dsoh_refit,7,B0006,62,94.2446511737385,96.28491830825806,96.28491830825806
TD-Clean-8,dsoh_refit,7,B0006,66,93.11783815158223,96.14646315574646,96.14646315574646
TD-Clean-8,dsoh_refit,7,B0006,70,92.60393676951,96.003502368927,96.003502368927
TD-Clean-8,dsoh_refit,7,B0006,74,91.99518419888014,95.86221981048584,95.86221981048584
TD-Clean-8,dsoh_refit,7,B0006,78,91.45865458065036,95.72039699554443,95.72039699554443
TD-Clean-8,dsoh_refit,7,B0006,82,92.05488530825814,95.57207918167114,95.57207918167114
TD-Clean-8,dsoh_refit,7,B0006,90,93.2941701264468,95.39334535598755,95.39334535598755
TD-Clean-8,dsoh_refit,7,B0006,94,91.95812296295944,95.20504331588745,95.20504331588745
TD-Clean-8,dsoh_refit,7,B0006,98,91.16379285351326,95.0141053199768,95.0141053199768
TD-Clean-8,dsoh_refit,7,B0006,102,90.13722315501992,94.83563089370728,94.83563089370728
TD-Clean-8,dsoh_refit,7,B0006,106,89.88629167454431,94.64312505722046,94.64312505722046
TD-Clean-8,dsoh_refit,7,B0006,110,89.07464504963947,94.44557666778564,94.44557666778564
TD-Clean-8,dsoh_refit,7,B0006,114,88.27677498375004,94.25575017929077,94.25575017929077
TD-Clean-8,dsoh_refit,7,B0006,118,87.78153478310176,94.0608458518982,94.0608458518982
TD-Clean-8,dsoh_refit,7,B0006,122,87.25902301297472,93.86229038238525,93.86229038238525
TD-Clean-8,dsoh_refit,7,B0006,126,86.75445063463465,93.65303897857666,93.65303897857666
TD-Clean-8,dsoh_refit,7,B0006,130,86.21919662960373,93.44523525238037,93.44523525238037
TD-Clean-8,dsoh_refit,7,B0006,134,86.97181002045869,93.23447561264038,93.23447561264038
TD-Clean-8,dsoh_refit,7,B0006,136,87.53004089819298,93.04502248764038,93.04502248764038
TD-Clean-8,dsoh_refit,7,B0006,140,85.93648557449694,92.84019088745117,92.84019088745117
TD-Clean-8,dsoh_refit,7,B0006,144,84.92223069682748,92.63468742370605,92.63468742370605
TD-Clean-8,dsoh_refit,7,B0006,148,84.38106569995976,92.43702173233032,92.43702173233032
TD-Clean-8,dsoh_refit,7,B0006,150,90.39396636175364,92.2540774345398,92.2540774345398
TD-Clean-8,dsoh_refit,7,B0006,154,89.62118442408695,92.03739929199219,92.03739929199219
TD-Clean-8,dsoh_refit,7,B0006,158,88.01687540594799,91.81720733642578,91.81720733642578
TD-Clean-8,dsoh_refit,7,B0006,162,86.47934133475826,91.62206649780273,91.62206649780273
TD-Clean-8,dsoh_refit,7,B0006,166,85.7093899316892,91.40369987487793,91.40369987487793
TD-Clean-8,dsoh_refit,7,B0006,170,84.66363361309608,91.19821834564209,91.19821834564209
TD-Clean-8,dsoh_refit,7,B0006,174,84.14253773442293,90.9845380783081,90.9845380783081
TD-Clean-8,dsoh_refit,7,B0006,178,83.37268440744252,90.76037502288818,90.76037502288818
TD-Clean-8,dsoh_refit,7,B0006,182,82.84795096685752,90.54756259918213,90.54756259918213
TD-Clean-8,dsoh_refit,7,B0006,186,82.31672078137474,90.3484935760498,90.3484935760498
TD-Clean-8,dsoh_refit,7,B0006,190,81.8390002521071,90.15652561187744,90.15652561187744
TD-Clean-8,dsoh_refit,7,B0006,194,81.29446683115198,89.95227527618408,89.95227527618408
TD-Clean-8,dsoh_refit,7,B0006,198,80.75246648690656,89.7488956451416,89.7488956451416
TD-Clean-8,dsoh_refit,7,B0006,202,79.7437886746144,89.53580951690674,89.53580951690674
TD-Clean-8,dsoh_refit,7,B0006,206,79.47984426199564,89.3272876739502,89.3272876739502
TD-Clean-8,dsoh_refit,7,B0006,210,79.25415788836384,89.14194869995117,89.14194869995117
TD-Clean-8,dsoh_refit,7,B0006,214,78.69188922732394,88.93470573425293,88.93470573425293
TD-Clean-8,dsoh_refit,7,B0006,216,78.46114405771091,88.72262859344482,88.72262859344482
TD-Clean-8,dsoh_refit,7,B0006,220,77.67630372212932,88.51147651672363,88.51147651672363
TD-Clean-8,dsoh_refit,7,B0006,224,77.38916838478035,88.31314754486084,88.31314754486084
TD-Clean-8,dsoh_refit,7,B0006,228,76.88491527529958,88.11801147460938,88.11801147460938
TD-Clean-8,dsoh_refit,7,B0006,232,76.3646225030132,87.91955852508545,87.91955852508545
TD-Clean-8,dsoh_refit,7,B0006,236,75.60327887522882,87.72042751312256,87.72042751312256
TD-Clean-8,dsoh_refit,7,B0006,240,75.84333345118733,87.52687931060791,87.52687931060791
TD-Clean-8,dsoh_refit,7,B0006,244,75.57070473005419,87.34060382843018,87.34060382843018
TD-Clean-8,dsoh_refit,7,B0006,248,75.06972493621848,87.15507507324219,87.15507507324219
TD-Clean-8,dsoh_refit,7,B0006,252,74.81407516505371,86.97137832641602,86.97137832641602
TD-Clean-8,dsoh_refit,7,B0006,256,74.54671414292675,86.79601764678955,86.79601764678955
TD-Clean-8,dsoh_refit,7,B0006,260,74.02740213488109,86.61041736602783,86.61041736602783
TD-Clean-8,dsoh_refit,7,B0006,264,73.73556466569462,86.4406909942627,86.4406909942627
TD-Clean-8,dsoh_refit,7,B0006,266,75.84980622026112,86.28786087036133,86.28786087036133
TD-Clean-8,dsoh_refit,7,B0006,270,74.55060879561292,86.10217094421387,86.10217094421387
TD-Clean-8,dsoh_refit,7,B0006,274,73.79142812679322,85.93951892852783,85.93951892852783
TD-Clean-8,dsoh_refit,7,B0006,278,73.27190839787096,85.76754665374756,85.76754665374756
TD-Clean-8,dsoh_refit,7,B0006,282,73.28093201847443,85.60485172271729,85.60485172271729
TD-Clean-8,dsoh_refit,7,B0006,286,73.02095301621284,85.48237228393555,85.48237228393555
TD-Clean-8,dsoh_refit,7,B0006,290,72.73851013234444,85.30485343933105,85.30485343933105
TD-Clean-8,dsoh_refit,7,B0006,294,71.95104826590523,85.1235408782959,85.1235408782959
TD-Clean-8,dsoh_refit,7,B0006,298,71.96564568462234,84.96554470062256,84.96554470062256
TD-Clean-8,dsoh_refit,7,B0006,302,71.72895437691278,84.81629848480225,84.81629848480225
TD-Clean-8,dsoh_refit,7,B0006,306,71.71434939609318,84.65165138244629,84.65165138244629
TD-Clean-8,dsoh_refit,7,B0006,310,71.45761792874575,84.4834394454956,84.4834394454956
TD-Clean-8,dsoh_refit,7,B0006,313,78.98726854374111,84.33346462249756,84.33346462249756
TD-Clean-8,dsoh_refit,7,B0006,316,76.64794397240323,84.18205833435059,84.18205833435059
TD-Clean-8,dsoh_refit,7,B0006,320,75.07747171565073,83.9859733581543,83.9859733581543
TD-Clean-8,dsoh_refit,7,B0006,324,74.29795247472106,83.80685615539551,83.80685615539551
TD-Clean-8,dsoh_refit,7,B0006,328,73.51146675367659,83.63477897644043,83.63477897644043
TD-Clean-8,dsoh_refit,7,B0006,332,73.00864275760908,83.46457099914551,83.46457099914551
TD-Clean-8,dsoh_refit,7,B0006,336,72.50277290138493,83.29895210266113,83.29895210266113
TD-Clean-8,dsoh_refit,7,B0006,340,71.96131839956391,83.13742256164551,83.13742256164551
TD-Clean-8,dsoh_refit,7,B0006,344,71.71500633205595,82.9699821472168,82.9699821472168
TD-Clean-8,dsoh_refit,7,B0006,348,71.44305583769248,82.80910110473633,82.80910110473633
TD-Clean-8,dsoh_refit,7,B0006,352,70.93898960214143,82.65786552429199,82.65786552429199
TD-Clean-8,dsoh_refit,7,B0006,356,70.68194044477139,82.50395774841309,82.50395774841309
TD-Clean-8,dsoh_refit,7,B0006,360,70.4074916889224,82.33671569824219,82.33671569824219
TD-Clean-8,dsoh_refit,7,B0006,364,70.41804785222855,82.18815994262695,82.18815994262695
TD-Clean-8,dsoh_refit,7,B0006,367,71.98210310103482,82.02519416809082,82.02519416809082
TD-Clean-8,dsoh_refit,7,B0006,371,70.95618334594263,81.84775352478027,81.84775352478027
TD-Clean-8,dsoh_refit,7,B0006,375,70.1362730902931,81.66571044921875,81.66571044921875
TD-Clean-8,dsoh_refit,7,B0006,379,69.87433806657212,81.50104141235352,81.50104141235352
TD-Clean-8,dsoh_refit,7,B0006,383,69.63573699649338,81.34775924682617,81.34775924682617
TD-Clean-8,dsoh_refit,7,B0006,387,69.15232147064526,81.16964912414551,81.16964912414551
TD-Clean-8,dsoh_refit,7,B0006,391,69.12109936452545,81.00715827941895,81.00715827941895
TD-Clean-8,dsoh_refit,7,B0006,395,68.86250185726787,80.8499927520752,80.8499927520752
TD-Clean-8,dsoh_refit,7,B0006,399,68.59092282212131,80.6971263885498,80.6971263885498
TD-Clean-8,dsoh_refit,7,B0006,403,68.08750743669,80.53006744384766,80.53006744384766
TD-Clean-8,dsoh_refit,7,B0006,407,68.33159705981836,80.37034034729004,80.37034034729004
TD-Clean-8,dsoh_refit,7,B0006,411,68.09140360412486,80.21231651306152,80.21231651306152
TD-Clean-8,dsoh_refit,7,B0006,415,67.81869443003508,80.05513000488281,80.05513000488281
TD-Clean-8,dsoh_refit,7,B0006,419,67.5730638436144,79.90786552429199,79.90786552429199
TD-Clean-8,dsoh_refit,7,B0006,423,67.31503513349786,79.75448799133301,79.75448799133301
TD-Clean-8,dsoh_refit,7,B0006,427,67.07575548417674,79.58810424804688,79.58810424804688
TD-Clean-8,dsoh_refit,7,B0006,431,68.60691404106846,79.41364288330078,79.41364288330078
TD-Clean-8,dsoh_refit,7,B0006,433,69.64711039275872,79.24640464782715,79.24640464782715
TD-Clean-8,dsoh_refit,7,B0006,437,68.33719964359061,79.07744598388672,79.07744598388672
TD-Clean-8,dsoh_refit,7,B0006,441,67.81907707369999,78.91710472106934,78.91710472106934
TD-Clean-8,dsoh_refit,7,B0006,445,67.27630029953899,78.77153587341309,78.77153587341309
TD-Clean-8,dsoh_refit,7,B0006,449,67.03731096833596,78.6192626953125,78.6192626953125
TD-Clean-8,dsoh_refit,7,B0006,453,66.78534122129697,78.47773361206055,78.47773361206055
TD-Clean-8,dsoh_refit,7,B0006,457,66.26973868287087,78.32665252685547,78.32665252685547
TD-Clean-8,dsoh_refit,7,B0006,461,65.98363462621751,78.18128967285156,78.18128967285156
TD-Clean-8,dsoh_refit,7,B0006,465,65.72069252661954,78.0194206237793,78.0194206237793
TD-Clean-8,dsoh_refit,7,B0006,469,65.50500064349335,77.87826156616211,77.87826156616211
TD-Clean-8,dsoh_refit,7,B0006,473,65.48747074550045,77.73730850219727,77.73730850219727
TD-Clean-8,dsoh_refit,7,B0006,477,65.2110653386093,77.5943717956543,77.5943717956543
TD-Clean-8,dsoh_refit,7,B0006,481,65.47148558720653,77.44991493225098,77.44991493225098
TD-Clean-8,dsoh_refit,7,B0006,483,66.78647932759047,77.30874824523926,77.30874824523926
TD-Clean-8,dsoh_refit,7,B0006,485,65.72477818237311,77.13366508483887,77.13366508483887
TD-Clean-8,dsoh_refit,7,B0006,489,64.93697426302657,76.97792053222656,76.97792053222656
TD-Clean-8,dsoh_refit,7,B0006,493,64.69397950587184,76.81988143920898,76.81988143920898
TD-Clean-8,dsoh_refit,7,B0006,497,64.45556804271465,76.66985511779785,76.66985511779785
TD-Clean-8,dsoh_refit,7,B0006,501,64.44711910522597,76.50837516784668,76.50837516784668
TD-Clean-8,dsoh_refit,7,B0006,505,63.9153253541329,76.34688377380371,76.34688377380371
TD-Clean-8,dsoh_refit,7,B0006,509,63.40709756117343,76.1815357208252,76.1815357208252
TD-Clean-8,dsoh_refit,7,B0006,513,63.40485519747241,76.0313720703125,76.0313720703125
TD-Clean-8,dsoh_refit,7,B0006,517,63.14854807557744,75.88292694091797,75.88292694091797
TD-Clean-8,dsoh_refit,7,B0006,521,63.15304028594434,75.7214527130127,75.7214527130127
TD-Clean-8,dsoh_refit,7,B0006,525,62.63936845251047,75.54318428039551,75.54318428039551
TD-Clean-8,dsoh_refit,7,B0006,529,62.36048327920517,75.38544464111328,75.38544464111328
TD-Clean-8,dsoh_refit,7,B0006,533,62.11872624491582,75.23921203613281,75.23921203613281
TD-Clean-8,dsoh_refit,7,B0006,537,62.11731201074328,75.10011100769043,75.10011100769043
TD-Clean-8,dsoh_refit,7,B0006,541,61.86235410492132,74.92943954467773,74.92943954467773
TD-Clean-8,dsoh_refit,7,B0006,545,62.12742822257309,74.76971054077148,74.76971054077148
TD-Clean-8,dsoh_refit,7,B0006,548,63.93010610326108,74.64126205444336,74.64126205444336
TD-Clean-8,dsoh_refit,7,B0006,552,62.62827859533666,74.47694778442383,74.47694778442383
TD-Clean-8,dsoh_refit,7,B0006,556,61.85683618405182,74.31120109558105,74.31120109558105
TD-Clean-8,dsoh_refit,7,B0006,560,61.07092794836815,74.13707542419434,74.13707542419434
TD-Clean-8,dsoh_refit,7,B0006,564,60.82277612678393,73.9751968383789,73.9751968383789
TD-Clean-8,dsoh_refit,7,B0006,568,60.55640953242813,73.81415939331055,73.81415939331055
TD-Clean-8,dsoh_refit,7,B0006,572,60.02917505279337,73.64672470092773,73.64672470092773
TD-Clean-8,dsoh_refit,7,B0006,576,59.75722270334661,73.48421669006348,73.48421669006348
TD-Clean-8,dsoh_refit,7,B0006,580,59.52315601830062,73.33365249633789,73.33365249633789
TD-Clean-8,dsoh_refit,7,B0006,584,59.01246912863032,73.16107559204102,73.16107559204102
TD-Clean-8,dsoh_refit,7,B0006,588,58.74426171153606,72.99653053283691,72.99653053283691
TD-Clean-8,dsoh_refit,7,B0006,592,58.47122551716232,72.8272876739502,72.8272876739502
TD-Clean-8,dsoh_refit,7,B0006,596,58.2196597592319,72.6549301147461,72.6549301147461
TD-Clean-8,dsoh_refit,7,B0006,600,57.18983519098029,72.47187042236328,72.47187042236328
TD-Clean-8,dsoh_refit,7,B0006,604,57.71437056534329,72.29219818115234,72.29219818115234
TD-Clean-8,dsoh_refit,7,B0006,608,57.43663099473362,72.1211929321289,72.1211929321289
TD-Clean-8,dsoh_refit,7,B0006,612,58.23847489632371,71.93753623962402,71.93753623962402
TD-Clean-8,dsoh_refit,7,B0006,614,58.76884540363096,71.77364349365234,71.77364349365234
TD-Clean-8,dsoh_refit,7,B0007,2,100.45351791563915,100.0,100.0
TD-Clean-8,dsoh_refit,7,B0007,4,99.900254379013,99.84239909052849,99.84239909052849
TD-Clean-8,dsoh_refit,7,B0007,6,99.90161660017114,99.64016127586365,99.64016127586365
TD-Clean-8,dsoh_refit,7,B0007,8,99.9073657865712,99.41941899061203,99.41941899061203
TD-Clean-8,dsoh_refit,7,B0007,10,99.83724531860553,99.17300367355347,99.17300367355347
TD-Clean-8,dsoh_refit,7,B0007,12,99.90361817867274,98.96170234680176,98.96170234680176
TD-Clean-8,dsoh_refit,7,B0007,14,99.86297576917136,98.77354097366333,98.77354097366333
TD-Clean-8,dsoh_refit,7,B0007,16,99.94656396119812,98.53458666801453,98.53458666801453
TD-Clean-8,dsoh_refit,7,B0007,18,99.31878532934633,98.25933253765106,98.25933253765106
TD-Clean-8,dsoh_refit,7,B0007,20,99.33799331164263,97.97638130187988,97.97638130187988
TD-Clean-8,dsoh_refit,7,B0007,22,99.33756087304828,97.68732476234436,97.68732476234436
TD-Clean-8,dsoh_refit,7,B0007,25,98.78551523188162,97.35439920425415,97.35439920425415
TD-Clean-8,dsoh_refit,7,B0007,27,98.75485184986668,97.02258968353271,97.02258968353271
TD-Clean-8,dsoh_refit,7,B0007,29,98.75133536665352,96.59515380859375,96.59515380859375
TD-Clean-8,dsoh_refit,7,B0007,31,98.77012942519043,96.22541427612305,96.22541427612305
TD-Clean-8,dsoh_refit,7,B0007,33,98.73683812511632,95.85274839401245,95.85274839401245
TD-Clean-8,dsoh_refit,7,B0007,35,98.15685575226132,95.48844766616821,95.48844766616821
TD-Clean-8,dsoh_refit,7,B0007,37,98.19446503474695,95.07922983169556,95.07922983169556
TD-Clean-8,dsoh_refit,7,B0007,39,98.186691403046,94.65417003631592,94.65417003631592
TD-Clean-8,dsoh_refit,7,B0007,42,99.90787801510066,95.00074291229248,94.65417003631592
TD-Clean-8,dsoh_refit,7,B0007,46,99.94461695603135,95.14367628097534,94.65417003631592
TD-Clean-8,dsoh_refit,7,B0007,50,99.92460497901308,95.0983715057373,94.65417003631592
TD-Clean-8,dsoh_refit,7,B0007,54,99.38880751306714,95.14291572570801,94.65417003631592
TD-Clean-8,dsoh_refit,7,B0007,58,99.34580918956073,95.46291732788086,94.65417003631592
TD-Clean-8,dsoh_refit,7,B0007,62,99.37088315432128,95.55988311767578,94.65417003631592
TD-Clean-8,dsoh_refit,7,B0007,66,98.78342046080256,95.69882583618164,94.65417003631592
TD-Clean-8,dsoh_refit,7,B0007,70,98.8058078187501,95.95751094818115,94.65417003631592
TD-Clean-8,dsoh_refit,7,B0007,74,98.75966747373796,96.24626731872559,94.65417003631592
TD-Clean-8,dsoh_refit,7,B0007,78,98.1739885027512,96.45590138435364,94.65417003631592
TD-Clean-8,dsoh_refit,7,B0007,82,98.23039625446908,96.77607131004333,94.65417003631592
TD-Clean-8,dsoh_refit,7,B0007,90,98.95386520139344,96.59870052337646,94.65417003631592
TD-Clean-8,dsoh_refit,7,B0007,94,98.38356039411237,96.33842778205872,94.65417003631592
TD-Clean-8,dsoh_refit,7,B0007,98,98.11080955264678,96.01418948173523,94.65417003631592
TD-Clean-8,dsoh_refit,7,B0007,102,97.57312273601715,95.78787565231323,94.65417003631592
TD-Clean-8,dsoh_refit,7,B0007,106,97.5908400366413,95.57511568069458,94.65417003631592
TD-Clean-8,dsoh_refit,7,B0007,110,97.29922460125108,95.29238080978394,94.65417003631592
TD-Clean-8,dsoh_refit,7,B0007,114,96.74012336609094,95.05329370498657,94.65417003631592
TD-Clean-8,dsoh_refit,7,B0007,118,96.49359124138364,94.76323223114014,94.65417003631592
TD-Clean-8,dsoh_refit,7,B0007,122,96.22137391342224,94.57211780548096,94.57211780548096
TD-Clean-8,dsoh_refit,7,B0007,126,96.233276781278,94.3693699836731,94.3693699836731
TD-Clean-8,dsoh_refit,7,B0007,130,95.93841918044076,94.15651607513428,94.15651607513428
TD-Clean-8,dsoh_refit,7,B0007,134,96.31819241353496,93.90258741378784,93.90258741378784
TD-Clean-8,dsoh_refit,7,B0007,136,95.94953719543624,93.70871639251709,93.70871639251709
TD-Clean-8,dsoh_refit,7,B0007,140,95.3953227427902,93.44494771957397,93.44494771957397
TD-Clean-8,dsoh_refit,7,B0007,144,94.86699939598208,93.16899967193604,93.16899967193604
TD-Clean-8,dsoh_refit,7,B0007,148,94.57173479963342,93.02868843078613,93.02868843078613
TD-Clean-8,dsoh_refit,7,B0007,150,96.41760769059738,93.37195348739624,93.02868843078613
TD-Clean-8,dsoh_refit,7,B0007,154,96.45090493439226,93.10014152526855,93.02868843078613
TD-Clean-8,dsoh_refit,7,B0007,158,95.6297003383392,92.76799440383911,92.76799440383911
TD-Clean-8,dsoh_refit,7,B0007,162,95.10935396520227,92.55456399917603,92.55456399917603
TD-Clean-8,dsoh_refit,7,B0007,166,94.57259385530976,92.25695610046387,92.25695610046387
TD-Clean-8,dsoh_refit,7,B0007,170,94.30623404626093,92.08495283126831,92.08495283126831
TD-Clean-8,dsoh_refit,7,B0007,174,94.0371367595855,91.9154634475708,91.9154634475708
TD-Clean-8,dsoh_refit,7,B0007,178,93.49626919937222,91.67817211151123,91.67817211151123
TD-Clean-8,dsoh_refit,7,B0007,182,92.9420388383138,91.41285419464111,91.41285419464111
TD-Clean-8,dsoh_refit,7,B0007,186,92.94217065781828,91.14819240570068,91.14819240570068
TD-Clean-8,dsoh_refit,7,B0007,190,92.69668329388116,90.9654016494751,90.9654016494751
TD-Clean-8,dsoh_refit,7,B0007,194,92.41073633514534,90.75903797149658,90.75903797149658
TD-Clean-8,dsoh_refit,7,B0007,198,91.82208130681248,90.5245475769043,90.5245475769043
TD-Clean-8,dsoh_refit,7,B0007,202,91.5743327473832,90.37380599975586,90.37380599975586
TD-Clean-8,dsoh_refit,7,B0007,206,91.04730118386937,90.16996574401855,90.16996574401855
TD-Clean-8,dsoh_refit,7,B0007,210,91.04684020750553,89.99637794494629,89.99637794494629
TD-Clean-8,dsoh_refit,7,B0007,214,90.49873919973382,89.70801544189453,89.70801544189453
TD-Clean-8,dsoh_refit,7,B0007,216,90.51794914609178,89.49803733825684,89.49803733825684
TD-Clean-8,dsoh_refit,7,B0007,220,89.96325858213598,89.32044887542725,89.32044887542725
TD-Clean-8,dsoh_refit,7,B0007,224,89.64911074691454,89.08930683135986,89.08930683135986
TD-Clean-8,dsoh_refit,7,B0007,228,89.4056438247883,88.8952579498291,88.8952579498291
TD-Clean-8,dsoh_refit,7,B0007,232,89.13221056506995,88.70921897888184,88.70921897888184
TD-Clean-8,dsoh_refit,7,B0007,236,88.88142970948275,88.57088470458984,88.57088470458984
TD-Clean-8,dsoh_refit,7,B0007,240,88.57496163215028,88.33570098876953,88.33570098876953
TD-Clean-8,dsoh_refit,7,B0007,244,88.30030467403411,88.10330295562744,88.10330295562744
TD-Clean-8,dsoh_refit,7,B0007,248,88.04309784572763,87.8865270614624,87.8865270614624
TD-Clean-8,dsoh_refit,7,B0007,252,87.7835715053401,87.66750717163086,87.66750717163086
TD-Clean-8,dsoh_refit,7,B0007,256,87.5009058762453,87.43897533416748,87.43897533416748
TD-Clean-8,dsoh_refit,7,B0007,260,86.92700430940862,87.2629804611206,87.2629804611206
TD-Clean-8,dsoh_refit,7,B0007,264,86.91859800690037,87.09457492828369,87.09457492828369
TD-Clean-8,dsoh_refit,7,B0007,266,87.17696241036246,86.94874095916748,86.94874095916748
TD-Clean-8,dsoh_refit,7,B0007,270,86.66971006432802,86.67087364196777,86.67087364196777
TD-Clean-8,dsoh_refit,7,B0007,274,86.11955257111292,86.6670503616333,86.6670503616333
TD-Clean-8,dsoh_refit,7,B0007,278,85.86532022039283,86.55784606933594,86.55784606933594
TD-Clean-8,dsoh_refit,7,B0007,282,85.83324550155743,86.5733003616333,86.55784606933594
TD-Clean-8,dsoh_refit,7,B0007,286,85.88108948972226,86.40620994567871,86.40620994567871
TD-Clean-8,dsoh_refit,7,B0007,290,85.56987844007078,86.22682666778564,86.22682666778564
TD-Clean-8,dsoh_refit,7,B0007,294,85.027771191142,86.06005001068115,86.06005001068115
TD-Clean-8,dsoh_refit,7,B0007,298,84.77582688520748,86.06947994232178,86.06005001068115
TD-Clean-8,dsoh_refit,7,B0007,302,84.79178974791847,86.1640625,86.06005001068115
TD-Clean-8,dsoh_refit,7,B0007,306,84.76993385106519,86.08950138092041,86.06005001068115
TD-Clean-8,dsoh_refit,7,B0007,310,84.49605927424464,86.02220249176025,86.02220249176025
TD-Clean-8,dsoh_refit,7,B0007,313,89.71090998622898,85.83218669891357,85.83218669891357
TD-Clean-8,dsoh_refit,7,B0007,316,86.37349719367897,85.8180742263794,85.8180742263794
TD-Clean-8,dsoh_refit,7,B0007,320,85.82898928627563,85.64044189453125,85.64044189453125
TD-Clean-8,dsoh_refit,7,B0007,324,85.2934976107533,85.44009399414062,85.44009399414062
TD-Clean-8,dsoh_refit,7,B0007,328,84.72574724857897,85.27595615386963,85.27595615386963
TD-Clean-8,dsoh_refit,7,B0007,332,84.48328177752624,85.14709091186523,85.14709091186523
TD-Clean-8,dsoh_refit,7,B0007,336,84.21457006738538,85.05295848846436,85.05295848846436
TD-Clean-8,dsoh_refit,7,B0007,340,83.9288888229777,84.95572566986084,84.95572566986084
TD-Clean-8,dsoh_refit,7,B0007,344,83.67629222648154,84.83316612243652,84.83316612243652
TD-Clean-8,dsoh_refit,7,B0007,348,83.38837618926404,84.75553607940674,84.75553607940674
TD-Clean-8,dsoh_refit,7,B0007,352,83.41270816038221,84.6831169128418,84.6831169128418
TD-Clean-8,dsoh_refit,7,B0007,356,83.14675201444969,84.6588306427002,84.6588306427002
TD-Clean-8,dsoh_refit,7,B0007,360,82.8484308280049,84.5799207687378,84.5799207687378
TD-Clean-8,dsoh_refit,7,B0007,364,83.13252526962864,84.56203174591064,84.56203174591064
TD-Clean-8,dsoh_refit,7,B0007,367,83.66359396289195,84.59293937683105,84.56203174591064
TD-Clean-8,dsoh_refit,7,B0007,371,83.14841165448959,84.50632381439209,84.50632381439209
TD-Clean-8,dsoh_refit,7,B0007,375,82.85488835556158,84.40879154205322,84.40879154205322
TD-Clean-8,dsoh_refit,7,B0007,379,82.33123711829187,84.34768486022949,84.34768486022949
TD-Clean-8,dsoh_refit,7,B0007,383,82.01142381939957,84.35532855987549,84.34768486022949
TD-Clean-8,dsoh_refit,7,B0007,387,82.07206587982726,84.34814167022705,84.34768486022949
TD-Clean-8,dsoh_refit,7,B0007,391,82.0495038543302,84.33279037475586,84.33279037475586
TD-Clean-8,dsoh_refit,7,B0007,395,81.5031419618624,84.2984790802002,84.2984790802002
TD-Clean-8,dsoh_refit,7,B0007,399,81.20841503507037,84.33733367919922,84.2984790802002
TD-Clean-8,dsoh_refit,7,B0007,403,81.21721340553746,84.33732891082764,84.2984790802002
TD-Clean-8,dsoh_refit,7,B0007,407,81.22601148878292,84.44620704650879,84.2984790802002
TD-Clean-8,dsoh_refit,7,B0007,411,80.95054391771832,84.47547912597656,84.2984790802002
TD-Clean-8,dsoh_refit,7,B0007,415,80.67227833994721,84.51560688018799,84.2984790802002
TD-Clean-8,dsoh_refit,7,B0007,419,80.40565013650571,84.59882259368896,84.2984790802002
TD-Clean-8,dsoh_refit,7,B0007,423,80.40335490244634,84.71843528747559,84.2984790802002
TD-Clean-8,dsoh_refit,7,B0007,427,80.42152437300291,84.81026840209961,84.2984790802002
TD-Clean-8,dsoh_refit,7,B0007,431,81.48461605871495,84.6990385055542,84.2984790802002
TD-Clean-8,dsoh_refit,7,B0007,433,81.75963969607048,84.67805194854736,84.2984790802002
TD-Clean-8,dsoh_refit,7,B0007,437,80.93560989493338,84.61251258850098,84.2984790802002
TD-Clean-8,dsoh_refit,7,B0007,441,80.40209515327608,84.57538604736328,84.2984790802002
TD-Clean-8,dsoh_refit,7,B0007,445,80.09419697809993,84.60423183441162,84.2984790802002
TD-Clean-8,dsoh_refit,7,B0007,449,79.85042691616567,84.64445114135742,84.2984790802002
TD-Clean-8,dsoh_refit,7,B0007,453,79.56495728605914,84.6964282989502,84.2984790802002
TD-Clean-8,dsoh_refit,7,B0007,457,79.30076147796538,84.74448776245117,84.2984790802002
TD-Clean-8,dsoh_refit,7,B0007,461,79.2776995197187,84.8123025894165,84.2984790802002
TD-Clean-8,dsoh_refit,7,B0007,465,79.01573008127421,84.87271213531494,84.2984790802002
TD-Clean-8,dsoh_refit,7,B0007,469,78.7529099419952,84.96752452850342,84.2984790802002
TD-Clean-8,dsoh_refit,7,B0007,473,78.76631135529045,85.12880611419678,84.2984790802002
TD-Clean-8,dsoh_refit,7,B0007,477,78.45734950325969,85.33667087554932,84.2984790802002
TD-Clean-8,dsoh_refit,7,B0007,481,78.71925319505982,85.5840015411377,84.2984790802002
TD-Clean-8,dsoh_refit,7,B0007,483,79.58166685963718,85.71957969665527,84.2984790802002
TD-Clean-8,dsoh_refit,7,B0007,485,78.72860058663869,85.66808223724365,84.2984790802002
TD-Clean-8,dsoh_refit,7,B0007,489,78.46501751785956,85.7589340209961,84.2984790802002
TD-Clean-8,dsoh_refit,7,B0007,493,78.19738333514631,85.94388389587402,84.2984790802002
TD-Clean-8,dsoh_refit,7,B0007,497,78.20645287101384,86.06210994720459,84.2984790802002
TD-Clean-8,dsoh_refit,7,B0007,501,77.92824275772597,86.17958927154541,84.2984790802002
TD-Clean-8,dsoh_refit,7,B0007,505,77.6497101362114,86.21381282806396,84.2984790802002
TD-Clean-8,dsoh_refit,7,B0007,509,77.38028422735451,86.2509822845459,84.2984790802002
TD-Clean-8,dsoh_refit,7,B0007,513,77.09660547904922,86.4680871963501,84.2984790802002
TD-Clean-8,dsoh_refit,7,B0007,517,77.11046744203753,86.6869535446167,84.2984790802002
TD-Clean-8,dsoh_refit,7,B0007,521,76.85550035450103,86.78956890106201,84.2984790802002
TD-Clean-8,dsoh_refit,7,B0007,525,76.85236240084764,86.86064434051514,84.2984790802002
TD-Clean-8,dsoh_refit,7,B0007,529,76.56671722215358,87.01750469207764,84.2984790802002
TD-Clean-8,dsoh_refit,7,B0007,533,76.29399038621672,87.28633117675781,84.2984790802002
TD-Clean-8,dsoh_refit,7,B0007,537,76.32425788720361,87.63290405273438,84.2984790802002
TD-Clean-8,dsoh_refit,7,B0007,541,76.29658741049414,87.78235340118408,84.2984790802002
TD-Clean-8,dsoh_refit,7,B0007,545,76.59209728582513,87.84760856628418,84.2984790802002
TD-Clean-8,dsoh_refit,7,B0007,548,77.93863743061358,88.19418144226074,84.2984790802002
TD-Clean-8,dsoh_refit,7,B0007,552,77.12364718084329,88.3575792312622,84.2984790802002
TD-Clean-8,dsoh_refit,7,B0007,556,76.8725967441492,88.42916679382324,84.2984790802002
TD-Clean-8,dsoh_refit,7,B0007,560,76.58854113704766,88.49703025817871,84.2984790802002
TD-Clean-8,dsoh_refit,7,B0007,564,76.04885672654179,88.6118745803833,84.2984790802002
TD-Clean-8,dsoh_refit,7,B0007,568,76.05828438472663,88.83821773529053,84.2984790802002
TD-Clean-8,dsoh_refit,7,B0007,572,75.76335089505734,88.97277355194092,84.2984790802002
TD-Clean-8,dsoh_refit,7,B0007,576,75.75439980355237,89.15529441833496,84.2984790802002
TD-Clean-8,dsoh_refit,7,B0007,580,75.49812548326929,89.50186729431152,84.2984790802002
TD-Clean-8,dsoh_refit,7,B0007,584,75.23591897923467,89.6515245437622,84.2984790802002
TD-Clean-8,dsoh_refit,7,B0007,588,75.24924732301496,89.86071872711182,84.2984790802002
TD-Clean-8,dsoh_refit,7,B0007,592,74.94444174506414,90.07926273345947,84.2984790802002
TD-Clean-8,dsoh_refit,7,B0007,596,74.95266425125988,90.28939628601074,84.2984790802002
TD-Clean-8,dsoh_refit,7,B0007,600,74.69643604452878,90.4609603881836,84.2984790802002
TD-Clean-8,dsoh_refit,7,B0007,604,74.7051700493532,90.69915199279785,84.2984790802002
TD-Clean-8,dsoh_refit,7,B0007,608,74.39278959915883,90.92189025878906,84.2984790802002
TD-Clean-8,dsoh_refit,7,B0007,612,75.52591562947222,91.17985439300537,84.2984790802002
TD-Clean-8,dsoh_refit,7,B0007,614,76.09264518290325,91.52352809906006,84.2984790802002
TD-Clean-8,dsoh_refit,7,B0018,3,100.8025811041783,100.0,100.0
TD-Clean-8,dsoh_refit,7,B0018,7,100.16087022619236,99.80262108147144,99.80262108147144
TD-Clean-8,dsoh_refit,7,B0018,11,99.96558598273582,99.07731848955154,99.07731848955154
TD-Clean-8,dsoh_refit,7,B0018,15,99.48041766162956,98.3618632555008,98.3618632555008
TD-Clean-8,dsoh_refit,7,B0018,18,99.59054502526398,98.35829591751099,98.35829591751099
TD-Clean-8,dsoh_refit,7,B0018,20,99.36387169185286,97.22532367706299,97.22532367706299
TD-Clean-8,dsoh_refit,7,B0018,22,98.96567828327716,96.00580954551697,96.00580954551697
TD-Clean-8,dsoh_refit,7,B0018,24,98.63793870309058,94.79820442199707,94.79820442199707
TD-Clean-8,dsoh_refit,7,B0018,27,98.04714689052696,93.60626792907715,93.60626792907715
TD-Clean-8,dsoh_refit,7,B0018,30,99.06887382997856,93.44404935836792,93.44404935836792
TD-Clean-8,dsoh_refit,7,B0018,32,98.47248926951052,92.35616683959961,92.35616683959961
TD-Clean-8,dsoh_refit,7,B0018,34,98.068534707018,91.14319038391113,91.14319038391113
TD-Clean-8,dsoh_refit,7,B0018,36,97.31606084566693,89.90405082702637,89.90405082702637
TD-Clean-8,dsoh_refit,7,B0018,39,96.91537145663308,88.67757034301758,88.67757034301758
TD-Clean-8,dsoh_refit,7,B0018,42,96.77777434993364,88.38334083557129,88.38334083557129
TD-Clean-8,dsoh_refit,7,B0018,44,96.24906078283864,87.39159297943115,87.39159297943115
TD-Clean-8,dsoh_refit,7,B0018,46,96.10893521170082,86.23366165161133,86.23366165161133
TD-Clean-8,dsoh_refit,7,B0018,48,95.29382636269746,85.00033569335938,85.00033569335938
TD-Clean-8,dsoh_refit,7,B0018,51,94.89112029628322,83.74367141723633,83.74367141723633
TD-Clean-8,dsoh_refit,7,B0018,54,94.42623362260446,82.94537162780762,82.94537162780762
TD-Clean-8,dsoh_refit,7,B0018,56,94.09214261326034,81.77742958068848,81.77742958068848
TD-Clean-8,dsoh_refit,7,B0018,58,92.84655809058668,80.66423797607422,80.66423797607422
TD-Clean-8,dsoh_refit,7,B0018,60,93.00278636580364,79.53165817260742,79.53165817260742
TD-Clean-8,dsoh_refit,7,B0018,63,92.78717154289568,78.37501907348633,78.37501907348633
TD-Clean-8,dsoh_refit,7,B0018,66,95.05514633441328,78.20162391662598,78.20162391662598
TD-Clean-8,dsoh_refit,7,B0018,68,94.16023397654948,77.27365112304688,77.27365112304688
TD-Clean-8,dsoh_refit,7,B0018,70,93.58756901230694,76.25580215454102,76.25580215454102
TD-Clean-8,dsoh_refit,7,B0018,72,93.02323711734508,75.15548515319824,75.15548515319824
TD-Clean-8,dsoh_refit,7,B0018,75,92.33971230163448,74.01626968383789,74.01626968383789
TD-Clean-8,dsoh_refit,7,B0018,78,92.05544475967478,73.34910202026367,73.34910202026367
TD-Clean-8,dsoh_refit,7,B0018,80,91.39607597710202,72.32753372192383,72.32753372192383
TD-Clean-8,dsoh_refit,7,B0018,82,91.12841202900309,71.38691520690918,71.38691520690918
TD-Clean-8,dsoh_refit,7,B0018,84,90.50598444143154,70.40098762512207,70.40098762512207
TD-Clean-8,dsoh_refit,7,B0018,87,90.05329919062662,69.29587936401367,69.29587936401367
TD-Clean-8,dsoh_refit,7,B0018,90,89.56595375021743,68.6297721862793,68.6297721862793
TD-Clean-8,dsoh_refit,7,B0018,92,89.05221474379236,67.59381484985352,67.59381484985352
TD-Clean-8,dsoh_refit,7,B0018,94,88.4478648526792,66.59335327148438,66.59335327148438
TD-Clean-8,dsoh_refit,7,B0018,96,88.14926233550939,65.73062133789062,65.73062133789062
TD-Clean-8,dsoh_refit,7,B0018,99,87.70654438914323,64.7576789855957,64.7576789855957
TD-Clean-8,dsoh_refit,7,B0018,102,91.07812245566797,64.53528213500977,64.53528213500977
TD-Clean-8,dsoh_refit,7,B0018,104,89.62445100410937,63.505958557128906,63.505958557128906
TD-Clean-8,dsoh_refit,7,B0018,106,88.70513095013024,62.45250701904297,62.45250701904297
TD-Clean-8,dsoh_refit,7,B0018,108,87.83746900859978,61.40923309326172,61.40923309326172
TD-Clean-8,dsoh_refit,7,B0018,111,87.53788044222665,60.32611083984375,60.32611083984375
TD-Clean-8,dsoh_refit,7,B0018,114,86.69891328476463,59.72859191894531,59.72859191894531
TD-Clean-8,dsoh_refit,7,B0018,119,93.27978546012802,58.5589599609375,58.5589599609375
TD-Clean-8,dsoh_refit,7,B0018,121,92.1525471966999,57.40489196777344,57.40489196777344
TD-Clean-8,dsoh_refit,7,B0018,123,91.17195305362098,56.26243591308594,56.26243591308594
TD-Clean-8,dsoh_refit,7,B0018,125,90.2416573040256,55.12993621826172,55.12993621826172
TD-Clean-8,dsoh_refit,7,B0018,128,90.55423897233052,54.783226013183594,54.783226013183594
TD-Clean-8,dsoh_refit,7,B0018,130,89.49039068452917,53.67158126831055,53.67158126831055
TD-Clean-8,dsoh_refit,7,B0018,132,88.3454487099843,52.56291580200195,52.56291580200195
TD-Clean-8,dsoh_refit,7,B0018,134,87.60607299731777,51.49473571777344,51.49473571777344
TD-Clean-8,dsoh_refit,7,B0018,136,87.25714700042141,50.43581008911133,50.43581008911133
TD-Clean-8,dsoh_refit,7,B0018,143,89.1426764135498,49.37197494506836,49.37197494506836
TD-Clean-8,dsoh_refit,7,B0018,145,87.66626044455795,48.295204162597656,48.295204162597656
TD-Clean-8,dsoh_refit,7,B0018,147,86.51592379470374,47.218624114990234,47.218624114990234
TD-Clean-8,dsoh_refit,7,B0018,150,86.21730704320841,46.08768081665039,46.08768081665039
TD-Clean-8,dsoh_refit,7,B0018,153,85.8627581657356,45.468936920166016,45.468936920166016
TD-Clean-8,dsoh_refit,7,B0018,155,84.99855590440428,44.489837646484375,44.489837646484375
TD-Clean-8,dsoh_refit,7,B0018,157,84.53366840480606,43.443603515625,43.443603515625
TD-Clean-8,dsoh_refit,7,B0018,159,83.69607194854545,42.43899917602539,42.43899917602539
TD-Clean-8,dsoh_refit,7,B0018,162,83.25899594193369,41.398681640625,41.398681640625
TD-Clean-8,dsoh_refit,7,B0018,165,83.22975722050174,40.78729248046875,40.78729248046875
TD-Clean-8,dsoh_refit,7,B0018,167,82.72092847997168,39.75798416137695,39.75798416137695
TD-Clean-8,dsoh_refit,7,B0018,169,81.86598978006339,38.782264709472656,38.782264709472656
TD-Clean-8,dsoh_refit,7,B0018,171,81.58859278240016,37.807979583740234,37.807979583740234
TD-Clean-8,dsoh_refit,7,B0018,174,81.31316363799587,36.8160400390625,36.8160400390625
TD-Clean-8,dsoh_refit,7,B0018,177,83.32773163808899,36.50209045410156,36.50209045410156
TD-Clean-8,dsoh_refit,7,B0018,179,82.80709531820148,35.552879333496094,35.552879333496094
TD-Clean-8,dsoh_refit,7,B0018,181,81.57610219236552,34.61297607421875,34.61297607421875
TD-Clean-8,dsoh_refit,7,B0018,183,81.09929204028072,33.64025115966797,33.64025115966797
TD-Clean-8,dsoh_refit,7,B0018,185,80.60512587063184,32.59728240966797,32.59728240966797
TD-Clean-8,dsoh_refit,7,B0018,188,80.4645909654616,32.10199737548828,32.10199737548828
TD-Clean-8,dsoh_refit,7,B0018,190,80.07171192098461,31.18487548828125,31.18487548828125
TD-Clean-8,dsoh_refit,7,B0018,192,79.77346222448996,30.307998657226562,30.307998657226562
TD-Clean-8,dsoh_refit,7,B0018,194,79.23402412051846,29.347984313964844,29.347984313964844
TD-Clean-8,dsoh_refit,7,B0018,197,78.6783203089025,28.368911743164062,28.368911743164062
TD-Clean-8,dsoh_refit,7,B0018,200,78.94539372549075,27.82183837890625,27.82183837890625
TD-Clean-8,dsoh_refit,7,B0018,202,78.38865828037459,26.91638946533203,26.91638946533203
TD-Clean-8,dsoh_refit,7,B0018,204,78.21127069246836,26.078384399414062,26.078384399414062
TD-Clean-8,dsoh_refit,7,B0018,206,77.6339684068403,25.204208374023438,25.204208374023438
TD-Clean-8,dsoh_refit,7,B0018,209,77.43046760934243,24.248939514160156,24.248939514160156
TD-Clean-8,dsoh_refit,7,B0018,212,79.8708545166814,24.031829833984375,24.031829833984375
TD-Clean-8,dsoh_refit,7,B0018,214,78.93458463676515,23.121261596679688,23.121261596679688
TD-Clean-8,dsoh_refit,7,B0018,216,78.40488242765085,22.135414123535156,22.135414123535156
TD-Clean-8,dsoh_refit,7,B0018,218,77.61921434771055,21.2200927734375,21.2200927734375
TD-Clean-8,dsoh_refit,7,B0018,220,76.9170609064971,20.21764373779297,20.21764373779297
TD-Clean-8,dsoh_refit,7,B0018,223,79.04297866359087,19.984176635742188,19.984176635742188
TD-Clean-8,dsoh_refit,7,B0018,225,77.61605692618127,19.138336181640625,19.138336181640625
TD-Clean-8,dsoh_refit,7,B0018,227,77.14789574863566,18.287826538085938,18.287826538085938
TD-Clean-8,dsoh_refit,7,B0018,229,76.92281444261894,17.429054260253906,17.429054260253906
TD-Clean-8,dsoh_refit,7,B0018,232,76.3858924270674,16.529945373535156,16.529945373535156
TD-Clean-8,dsoh_refit,7,B0018,235,76.53620320177981,16.12743377685547,16.12743377685547
TD-Clean-8,dsoh_refit,7,B0018,237,75.9063201738239,15.312599182128906,15.312599182128906
TD-Clean-8,dsoh_refit,7,B0018,239,75.72766142150313,14.475875854492188,14.475875854492188
TD-Clean-8,dsoh_refit,7,B0018,241,75.49928800503805,13.648757934570312,13.648757934570312
TD-Clean-8,dsoh_refit,7,B0018,244,74.9124451895705,12.78851318359375,12.78851318359375
TD-Clean-8,dsoh_refit,7,B0018,247,75.25674730493446,12.370643615722656,12.370643615722656
TD-Clean-8,dsoh_refit,7,B0018,249,74.46467849076038,11.5770263671875,11.5770263671875
TD-Clean-8,dsoh_refit,7,B0018,251,74.62885626516028,10.787399291992188,10.787399291992188
TD-Clean-8,dsoh_refit,7,B0018,253,74.33553994642665,10.028022766113281,10.028022766113281
TD-Clean-8,dsoh_refit,7,B0018,256,73.72504079935909,9.205726623535156,9.205726623535156
TD-Clean-8,dsoh_refit,7,B0018,259,79.36110924975578,8.927330017089844,8.927330017089844
TD-Clean-8,dsoh_refit,7,B0018,261,78.799706688891,8.138496398925781,8.138496398925781
TD-Clean-8,dsoh_refit,7,B0018,263,78.14983302548104,7.2816009521484375,7.2816009521484375
TD-Clean-8,dsoh_refit,7,B0018,265,77.61878718971624,6.337371826171875,6.337371826171875
TD-Clean-8,dsoh_refit,7,B0018,267,76.88079746021991,5.3760986328125,5.3760986328125
TD-Clean-8,dsoh_refit,7,B0018,270,76.8319836786595,4.903129577636719,4.903129577636719
TD-Clean-8,dsoh_refit,7,B0018,272,76.01926160635412,4.0596771240234375,4.0596771240234375
TD-Clean-8,dsoh_refit,7,B0018,274,75.82358510102308,3.3282012939453125,3.3282012939453125
TD-Clean-8,dsoh_refit,7,B0018,276,75.53633219814198,2.6060028076171875,2.6060028076171875
TD-Clean-8,dsoh_refit,7,B0018,279,75.31793705780649,1.6445083618164062,1.6445083618164062
TD-Clean-8,dsoh_refit,7,B0018,282,75.43684114368729,1.161407470703125,1.161407470703125
TD-Clean-8,dsoh_refit,7,B0018,284,74.7829788363973,0.23853302001953125,0.23853302001953125
TD-Clean-8,dsoh_refit,7,B0018,286,74.15991898288928,-0.6352462768554688,-0.6352462768554688
TD-Clean-8,dsoh_refit,7,B0018,288,73.84846878839457,-1.5028533935546875,-1.5028533935546875
TD-Clean-8,dsoh_refit,7,B0018,291,73.15537271331122,-2.4196701049804688,-2.4196701049804688
TD-Clean-8,dsoh_refit,7,B0018,294,77.53589472577204,-2.7147216796875,-2.7147216796875
TD-Clean-8,dsoh_refit,7,B0018,296,76.42763235972666,-3.5164947509765625,-3.5164947509765625
TD-Clean-8,dsoh_refit,7,B0018,298,75.72351586777258,-4.355201721191406,-4.355201721191406
TD-Clean-8,dsoh_refit,7,B0018,300,75.4386936803776,-5.274993896484375,-5.274993896484375
TD-Clean-8,dsoh_refit,7,B0018,302,74.45721490205536,-6.169952392578125,-6.169952392578125
TD-Clean-8,dsoh_refit,7,B0018,305,74.97385174402893,-6.593635559082031,-6.593635559082031
TD-Clean-8,dsoh_refit,7,B0018,307,74.3741167471391,-7.310997009277344,-7.310997009277344
TD-Clean-8,dsoh_refit,7,B0018,309,74.05233968989694,-8.00048828125,-8.00048828125
TD-Clean-8,dsoh_refit,7,B0018,311,74.08863589293038,-8.782447814941406,-8.782447814941406
TD-Clean-8,dsoh_refit,7,B0018,314,73.46151441244959,-9.667495727539062,-9.667495727539062
TD-Clean-8,dsoh_refit,7,B0018,317,73.62086195282473,-10.052597045898438,-10.052597045898438
TD-Clean-8,dsoh_refit,7,B0018,319,72.87391760769836,-10.923919677734375,-10.923919677734375
TD-Clean-8,dsoh_refit,123,B0005,2,100.80760884947765,100.0,100.0
TD-Clean-8,dsoh_refit,123,B0005,4,100.25590968770103,99.75596475601196,99.75596475601196
TD-Clean-8,dsoh_refit,123,B0005,6,99.65979925247206,99.51116850972176,99.51116850972176
TD-Clean-8,dsoh_refit,123,B0005,8,99.65509323788856,99.26999169588089,99.26999169588089
TD-Clean-8,dsoh_refit,123,B0005,10,99.6215889724607,99.02795970439911,99.02795970439911
TD-Clean-8,dsoh_refit,123,B0005,12,99.67676620535396,98.78473019599915,98.78473019599915
TD-Clean-8,dsoh_refit,123,B0005,14,99.64877352944652,98.54107999801636,98.54107999801636
TD-Clean-8,dsoh_refit,123,B0005,16,99.13892996732449,98.30020558834076,98.30020558834076
TD-Clean-8,dsoh_refit,123,B0005,18,99.08555627584838,98.06011748313904,98.06011748313904
TD-Clean-8,dsoh_refit,123,B0005,20,99.0768365083485,97.82695984840393,97.82695984840393
TD-Clean-8,dsoh_refit,123,B0005,22,99.07717774099622,97.58925819396973,97.58925819396973
TD-Clean-8,dsoh_refit,123,B0005,25,98.5114992237362,97.36027002334595,97.36027002334595
TD-Clean-8,dsoh_refit,123,B0005,27,98.4870761948254,97.12163209915161,97.12163209915161
TD-Clean-8,dsoh_refit,123,B0005,29,98.47015265835132,96.87710857391357,96.87710857391357
TD-Clean-8,dsoh_refit,123,B0005,31,97.88140357167902,96.6456310749054,96.6456310749054
TD-Clean-8,dsoh_refit,123,B0005,33,97.85473656745688,96.40738582611084,96.40738582611084
TD-Clean-8,dsoh_refit,123,B0005,35,97.88039886599036,96.17801690101624,96.17801690101624
TD-Clean-8,dsoh_refit,123,B0005,37,97.9069415267384,95.94862604141235,95.94862604141235
TD-Clean-8,dsoh_refit,123,B0005,39,97.89115702988882,95.71711826324463,95.71711826324463
TD-Clean-8,dsoh_refit,123,B0005,42,100.29385168145046,95.4889669418335,95.4889669418335
TD-Clean-8,dsoh_refit,123,B0005,46,100.31510023136114,95.26399612426758,95.26399612426758
TD-Clean-8,dsoh_refit,123,B0005,50,99.70477213786135,95.03500270843506,95.03500270843506
TD-Clean-8,dsoh_refit,123,B0005,54,99.1402308374376,94.809739112854,94.809739112854
TD-Clean-8,dsoh_refit,123,B0005,58,99.10400696359169,94.57598304748535,94.57598304748535
TD-Clean-8,dsoh_refit,123,B0005,62,99.12941188644592,94.35488510131836,94.35488510131836
TD-Clean-8,dsoh_refit,123,B0005,66,98.50222430381568,94.12674713134766,94.12674713134766
TD-Clean-8,dsoh_refit,123,B0005,70,98.5423014565286,93.90145921707153,93.90145921707153
TD-Clean-8,dsoh_refit,123,B0005,74,98.49887187571204,93.67819023132324,93.67819023132324
TD-Clean-8,dsoh_refit,123,B0005,78,97.89050762402466,93.45621967315674,93.45621967315674
TD-Clean-8,dsoh_refit,123,B0005,82,97.96171552529285,93.23046255111694,93.23046255111694
TD-Clean-8,dsoh_refit,123,B0005,90,99.4075559707276,92.97710371017456,92.97710371017456
TD-Clean-8,dsoh_refit,123,B0005,94,98.82112827769676,92.7237195968628,92.7237195968628
TD-Clean-8,dsoh_refit,123,B0005,98,98.2457556393358,92.47599220275879,92.47599220275879
TD-Clean-8,dsoh_refit,123,B0005,102,97.99065016377766,92.22768211364746,92.22768211364746
TD-Clean-8,dsoh_refit,123,B0005,106,97.7065060215613,91.98283576965332,91.98283576965332
TD-Clean-8,dsoh_refit,123,B0005,110,97.11279694879056,91.7342414855957,91.7342414855957
TD-Clean-8,dsoh_refit,123,B0005,114,96.81304988059888,91.48855113983154,91.48855113983154
TD-Clean-8,dsoh_refit,123,B0005,118,96.27605729788222,91.24672889709473,91.24672889709473
TD-Clean-8,dsoh_refit,123,B0005,122,96.2762766313732,91.01739501953125,91.01739501953125
TD-Clean-8,dsoh_refit,123,B0005,126,95.99578118843372,90.77175331115723,90.77175331115723
TD-Clean-8,dsoh_refit,123,B0005,130,95.69403287907456,90.51583003997803,90.51583003997803
TD-Clean-8,dsoh_refit,123,B0005,134,95.98194451474556,90.2647647857666,90.2647647857666
TD-Clean-8,dsoh_refit,123,B0005,136,95.71321655496544,90.02108669281006,90.02108669281006
TD-Clean-8,dsoh_refit,123,B0005,140,95.11928805425076,89.78233909606934,89.78233909606934
TD-Clean-8,dsoh_refit,123,B0005,144,94.58275432725988,89.54208850860596,89.54208850860596
TD-Clean-8,dsoh_refit,123,B0005,148,94.27008009570102,89.32331848144531,89.32331848144531
TD-Clean-8,dsoh_refit,123,B0005,150,97.39411432859931,89.08553314208984,89.08553314208984
TD-Clean-8,dsoh_refit,123,B0005,154,96.82749231246368,88.81669521331787,88.81669521331787
TD-Clean-8,dsoh_refit,123,B0005,158,95.96820195991576,88.55047702789307,88.55047702789307
TD-Clean-8,dsoh_refit,123,B0005,162,95.40638930769452,88.28906631469727,88.28906631469727
TD-Clean-8,dsoh_refit,123,B0005,166,94.8553962680492,88.03912353515625,88.03912353515625
TD-Clean-8,dsoh_refit,123,B0005,170,94.5755674779542,87.7903242111206,87.7903242111206
TD-Clean-8,dsoh_refit,123,B0005,174,94.28806184403476,87.53718757629395,87.53718757629395
TD-Clean-8,dsoh_refit,123,B0005,178,93.73958753620327,87.28762340545654,87.28762340545654
TD-Clean-8,dsoh_refit,123,B0005,182,93.16861105469168,87.04049587249756,87.04049587249756
TD-Clean-8,dsoh_refit,123,B0005,186,92.88227598613614,86.7957706451416,86.7957706451416
TD-Clean-8,dsoh_refit,123,B0005,190,92.636901518198,86.54871273040771,86.54871273040771
TD-Clean-8,dsoh_refit,123,B0005,194,92.32720191735562,86.29843330383301,86.29843330383301
TD-Clean-8,dsoh_refit,123,B0005,198,92.01599848919145,86.04977226257324,86.04977226257324
TD-Clean-8,dsoh_refit,123,B0005,202,91.49053823956656,85.79632091522217,85.79632091522217
TD-Clean-8,dsoh_refit,123,B0005,206,90.92425521866993,85.54530906677246,85.54530906677246
TD-Clean-8,dsoh_refit,123,B0005,210,90.92941856192826,85.2988109588623,85.2988109588623
TD-Clean-8,dsoh_refit,123,B0005,214,90.34010561326173,85.04600620269775,85.04600620269775
TD-Clean-8,dsoh_refit,123,B0005,216,90.0847586044663,84.79571342468262,84.79571342468262
TD-Clean-8,dsoh_refit,123,B0005,220,89.80457989439137,84.54699325561523,84.54699325561523
TD-Clean-8,dsoh_refit,123,B0005,224,89.19640288815545,84.29750728607178,84.29750728607178
TD-Clean-8,dsoh_refit,123,B0005,228,88.93598251136243,84.04959964752197,84.04959964752197
TD-Clean-8,dsoh_refit,123,B0005,232,88.65781340235759,83.80088233947754,83.80088233947754
TD-Clean-8,dsoh_refit,123,B0005,236,88.38728178562198,83.55009269714355,83.55009269714355
TD-Clean-8,dsoh_refit,123,B0005,240,88.08171260170519,83.3072624206543,83.3072624206543
TD-Clean-8,dsoh_refit,123,B0005,244,87.49528010741024,83.06398391723633,83.06398391723633
TD-Clean-8,dsoh_refit,123,B0005,248,87.2366743602368,82.82194709777832,82.82194709777832
TD-Clean-8,dsoh_refit,123,B0005,252,86.96251727221627,82.5872631072998,82.5872631072998
TD-Clean-8,dsoh_refit,123,B0005,256,86.35734215456989,82.35654830932617,82.35654830932617
TD-Clean-8,dsoh_refit,123,B0005,260,86.10863457357058,82.11125946044922,82.11125946044922
TD-Clean-8,dsoh_refit,123,B0005,264,86.06270063126725,81.90256309509277,81.90256309509277
TD-Clean-8,dsoh_refit,123,B0005,266,86.63737677555004,81.66068077087402,81.66068077087402
TD-Clean-8,dsoh_refit,123,B0005,270,85.50813849993258,81.43131828308105,81.43131828308105
TD-Clean-8,dsoh_refit,123,B0005,274,84.97446653296429,81.24716567993164,81.24716567993164
TD-Clean-8,dsoh_refit,123,B0005,278,84.69557819389517,81.02261161804199,81.02261161804199
TD-Clean-8,dsoh_refit,123,B0005,282,84.68013627936132,80.82272338867188,80.82272338867188
TD-Clean-8,dsoh_refit,123,B0005,286,84.41991821853574,80.57911491394043,80.57911491394043
TD-Clean-8,dsoh_refit,123,B0005,290,84.10414931140878,80.33543968200684,80.33543968200684
TD-Clean-8,dsoh_refit,123,B0005,294,83.52653061113354,80.08702278137207,80.08702278137207
TD-Clean-8,dsoh_refit,123,B0005,298,82.96602561057489,79.8912353515625,79.8912353515625
TD-Clean-8,dsoh_refit,123,B0005,302,82.99920327964658,79.70638465881348,79.70638465881348
TD-Clean-8,dsoh_refit,123,B0005,306,82.68003018050378,79.47121238708496,79.47121238708496
TD-Clean-8,dsoh_refit,123,B0005,310,82.39976893302816,79.23095512390137,79.23095512390137
TD-Clean-8,dsoh_refit,123,B0005,313,87.19626195760692,78.99556732177734,78.99556732177734
TD-Clean-8,dsoh_refit,123,B0005,316,84.91729656129593,78.76152801513672,78.76152801513672
TD-Clean-8,dsoh_refit,123,B0005,320,84.06165489885902,78.50647163391113,78.50647163391113
TD-Clean-8,dsoh_refit,123,B0005,324,83.2082752902044,78.2551155090332,78.2551155090332
TD-Clean-8,dsoh_refit,123,B0005,328,82.91381970838151,78.01388931274414,78.01388931274414
TD-Clean-8,dsoh_refit,123,B0005,332,82.37106085271179,77.77287483215332,77.77287483215332
TD-Clean-8,dsoh_refit,123,B0005,336,82.09631790141844,77.54125022888184,77.54125022888184
TD-Clean-8,dsoh_refit,123,B0005,340,81.80669701206385,77.31101036071777,77.31101036071777
TD-Clean-8,dsoh_refit,123,B0005,344,81.53418918115372,77.06530952453613,77.06530952453613
TD-Clean-8,dsoh_refit,123,B0005,348,80.95312575426658,76.83719444274902,76.83719444274902
TD-Clean-8,dsoh_refit,123,B0005,352,80.6829269258604,76.60680198669434,76.60680198669434
TD-Clean-8,dsoh_refit,123,B0005,356,80.38673535372676,76.37923240661621,76.37923240661621
TD-Clean-8,dsoh_refit,123,B0005,360,80.10415225005684,76.13261604309082,76.13261604309082
TD-Clean-8,dsoh_refit,123,B0005,364,80.68483906716317,75.91722679138184,75.91722679138184
TD-Clean-8,dsoh_refit,123,B0005,367,81.23806188586506,75.66588020324707,75.66588020324707
TD-Clean-8,dsoh_refit,123,B0005,371,80.40774500270479,75.41241264343262,75.41241264343262
TD-Clean-8,dsoh_refit,123,B0005,375,79.80793062432481,75.15485763549805,75.15485763549805
TD-Clean-8,dsoh_refit,123,B0005,379,78.94710440938543,74.90500259399414,74.90500259399414
TD-Clean-8,dsoh_refit,123,B0005,383,78.96040682717852,74.67463874816895,74.67463874816895
TD-Clean-8,dsoh_refit,123,B0005,387,79.00805769223405,74.42198371887207,74.42198371887207
TD-Clean-8,dsoh_refit,123,B0005,391,78.68325635434054,74.17493438720703,74.17493438720703
TD-Clean-8,dsoh_refit,123,B0005,395,78.12009683923326,73.92900276184082,73.92900276184082
TD-Clean-8,dsoh_refit,123,B0005,399,77.83635095586517,73.70342063903809,73.70342063903809
TD-Clean-8,dsoh_refit,123,B0005,403,77.83366081216815,73.45061874389648,73.45061874389648
TD-Clean-8,dsoh_refit,123,B0005,407,77.54418562704669,73.20501518249512,73.20501518249512
TD-Clean-8,dsoh_refit,123,B0005,411,77.26483532824366,72.95824241638184,72.95824241638184
TD-Clean-8,dsoh_refit,123,B0005,415,76.96665751739931,72.71621894836426,72.71621894836426
TD-Clean-8,dsoh_refit,123,B0005,419,76.69408123915822,72.49410057067871,72.49410057067871
TD-Clean-8,dsoh_refit,123,B0005,423,76.7032886034996,72.2529354095459,72.2529354095459
TD-Clean-8,dsoh_refit,123,B0005,427,76.43285089151239,71.99689865112305,71.99689865112305
TD-Clean-8,dsoh_refit,123,B0005,431,77.83345221466253,71.7371597290039,71.7371597290039
TD-Clean-8,dsoh_refit,123,B0005,433,78.09751233548145,71.48334503173828,71.48334503173828
TD-Clean-8,dsoh_refit,123,B0005,437,76.96262218385922,71.23168182373047,71.23168182373047
TD-Clean-8,dsoh_refit,123,B0005,441,76.3993634537507,70.98785972595215,70.98785972595215
TD-Clean-8,dsoh_refit,123,B0005,445,76.08562321685423,70.77301025390625,70.77301025390625
TD-Clean-8,dsoh_refit,123,B0005,449,75.84111192639295,70.55478858947754,70.55478858947754
TD-Clean-8,dsoh_refit,123,B0005,453,75.5470202599512,70.3488712310791,70.3488712310791
TD-Clean-8,dsoh_refit,123,B0005,457,75.2724773855306,70.14241790771484,70.14241790771484
TD-Clean-8,dsoh_refit,123,B0005,461,74.95796574493023,69.94705390930176,69.94705390930176
TD-Clean-8,dsoh_refit,123,B0005,465,74.67559060559861,69.70597648620605,69.70597648620605
TD-Clean-8,dsoh_refit,123,B0005,469,74.4190975749656,69.50582122802734,69.50582122802734
TD-Clean-8,dsoh_refit,123,B0005,473,74.41886702385212,69.32455444335938,69.32455444335938
TD-Clean-8,dsoh_refit,123,B0005,477,74.10538957595438,69.1431713104248,69.1431713104248
TD-Clean-8,dsoh_refit,123,B0005,481,74.68403981580354,68.96005058288574,68.96005058288574
TD-Clean-8,dsoh_refit,123,B0005,483,75.26611054535188,68.74211311340332,68.74211311340332
TD-Clean-8,dsoh_refit,123,B0005,485,74.38310747232698,68.49654769897461,68.49654769897461
TD-Clean-8,dsoh_refit,123,B0005,489,74.10795710900801,68.28808975219727,68.28808975219727
TD-Clean-8,dsoh_refit,123,B0005,493,73.53993654981534,68.09663963317871,68.09663963317871
TD-Clean-8,dsoh_refit,123,B0005,497,73.55729388669064,67.87610244750977,67.87610244750977
TD-Clean-8,dsoh_refit,123,B0005,501,73.56067241598603,67.64896392822266,67.64896392822266
TD-Clean-8,dsoh_refit,123,B0005,505,73.26805286034079,67.40743255615234,67.40743255615234
TD-Clean-8,dsoh_refit,123,B0005,509,72.98972077509227,67.17024993896484,67.17024993896484
TD-Clean-8,dsoh_refit,123,B0005,513,72.70747847813722,66.99704360961914,66.99704360961914
TD-Clean-8,dsoh_refit,123,B0005,517,72.70330518052887,66.81354141235352,66.81354141235352
TD-Clean-8,dsoh_refit,123,B0005,521,72.43680818215978,66.59798431396484,66.59798431396484
TD-Clean-8,dsoh_refit,123,B0005,525,72.14563728793834,66.35405349731445,66.35405349731445
TD-Clean-8,dsoh_refit,123,B0005,529,71.84842350914826,66.1743278503418,66.1743278503418
TD-Clean-8,dsoh_refit,123,B0005,533,71.57682808520298,66.01499557495117,66.01499557495117
TD-Clean-8,dsoh_refit,123,B0005,537,71.59297070565168,65.8560791015625,65.8560791015625
TD-Clean-8,dsoh_refit,123,B0005,541,71.58355486033668,65.62152099609375,65.62152099609375
TD-Clean-8,dsoh_refit,123,B0005,545,71.88651633814797,65.43295669555664,65.43295669555664
TD-Clean-8,dsoh_refit,123,B0005,548,73.85485752850198,65.29727935791016,65.29727935791016
TD-Clean-8,dsoh_refit,123,B0005,552,72.73676298693475,65.10498428344727,65.10498428344727
TD-Clean-8,dsoh_refit,123,B0005,556,72.16650080848474,64.90643310546875,64.90643310546875
TD-Clean-8,dsoh_refit,123,B0005,560,71.87574889700983,64.67925643920898,64.67925643920898
TD-Clean-8,dsoh_refit,123,B0005,564,71.60206343923741,64.49156951904297,64.49156951904297
TD-Clean-8,dsoh_refit,123,B0005,568,71.32194157026348,64.3135871887207,64.3135871887207
TD-Clean-8,dsoh_refit,123,B0005,572,71.30711389020412,64.12144088745117,64.12144088745117
TD-Clean-8,dsoh_refit,123,B0005,576,71.01356336148518,63.94952392578125,63.94952392578125
TD-Clean-8,dsoh_refit,123,B0005,580,70.75492745457169,63.80484390258789,63.80484390258789
TD-Clean-8,dsoh_refit,123,B0005,584,70.77254445771489,63.614959716796875,63.614959716796875
TD-Clean-8,dsoh_refit,123,B0005,588,70.77540542374062,63.425289154052734,63.425289154052734
TD-Clean-8,dsoh_refit,123,B0005,592,70.47550750397869,63.250946044921875,63.250946044921875
TD-Clean-8,dsoh_refit,123,B0005,596,70.48563041810954,63.07456970214844,63.07456970214844
TD-Clean-8,dsoh_refit,123,B0005,600,70.23531244180377,62.87841033935547,62.87841033935547
TD-Clean-8,dsoh_refit,123,B0005,604,69.93882142370093,62.687313079833984,62.687313079833984
TD-Clean-8,dsoh_refit,123,B0005,608,69.90890905512207,62.514854431152344,62.514854431152344
TD-Clean-8,dsoh_refit,123,B0005,612,71.07977535187085,62.287715911865234,62.287715911865234
TD-Clean-8,dsoh_refit,123,B0005,614,71.95205157786506,62.10701370239258,62.10701370239258
TD-Clean-8,dsoh_refit,123,B0006,2,100.88297108833646,100.0,100.0
TD-Clean-8,dsoh_refit,123,B0006,4,100.37753235288778,99.78859382867813,99.78859382867813
TD-Clean-8,dsoh_refit,123,B0006,6,99.79196916000484,99.57516953349113,99.57516953349113
TD-Clean-8,dsoh_refit,123,B0006,8,99.7899019818078,99.36311423778534,99.36311423778534
TD-Clean-8,dsoh_refit,123,B0006,10,99.15762541696316,99.15190249681473,99.15190249681473
TD-Clean-8,dsoh_refit,123,B0006,12,99.8203556776378,98.93664574623108,98.93664574623108
TD-Clean-8,dsoh_refit,123,B0006,14,99.7808037027038,98.7224268913269,98.7224268913269
TD-Clean-8,dsoh_refit,123,B0006,16,97.5844832820893,98.5143985748291,98.5143985748291
TD-Clean-8,dsoh_refit,123,B0006,18,97.5535716293996,98.30635333061218,98.30635333061218
TD-Clean-8,dsoh_refit,123,B0006,20,97.01155142541865,98.10050785541534,98.10050785541534
TD-Clean-8,dsoh_refit,123,B0006,22,96.43502080876348,97.89364552497864,97.89364552497864
TD-Clean-8,dsoh_refit,123,B0006,25,95.8972998236526,97.6932384967804,97.6932384967804
TD-Clean-8,dsoh_refit,123,B0006,27,95.32875373854844,97.48720979690552,97.48720979690552
TD-Clean-8,dsoh_refit,123,B0006,29,94.76419905980474,97.2736439704895,97.2736439704895
TD-Clean-8,dsoh_refit,123,B0006,31,94.22773853976388,97.07108879089355,97.07108879089355
TD-Clean-8,dsoh_refit,123,B0006,33,93.6395064953226,96.86820077896118,96.86820077896118
TD-Clean-8,dsoh_refit,123,B0006,35,93.09821798643677,96.66146183013916,96.66146183013916
TD-Clean-8,dsoh_refit,123,B0006,37,92.56743574756617,96.45857000350952,96.45857000350952
TD-Clean-8,dsoh_refit,123,B0006,39,92.56840432582156,96.25044083595276,96.25044083595276
TD-Clean-8,dsoh_refit,123,B0006,42,98.12161319843736,96.05666136741638,96.05666136741638
TD-Clean-8,dsoh_refit,123,B0006,46,97.02736865587346,95.85610866546631,95.85610866546631
TD-Clean-8,dsoh_refit,123,B0006,50,96.4457203456954,95.6546516418457,95.6546516418457
TD-Clean-8,dsoh_refit,123,B0006,54,95.37664206593776,95.4556336402893,95.4556336402893
TD-Clean-8,dsoh_refit,123,B0006,58,96.45395400781383,95.257577419281,95.257577419281
TD-Clean-8,dsoh_refit,123,B0006,62,94.2446511737385,95.06196737289429,95.06196737289429
TD-Clean-8,dsoh_refit,123,B0006,66,93.11783815158223,94.87151193618774,94.87151193618774
TD-Clean-8,dsoh_refit,123,B0006,70,92.60393676951,94.67901468276978,94.67901468276978
TD-Clean-8,dsoh_refit,123,B0006,74,91.99518419888014,94.48982286453247,94.48982286453247
TD-Clean-8,dsoh_refit,123,B0006,78,91.45865458065036,94.30015277862549,94.30015277862549
TD-Clean-8,dsoh_refit,123,B0006,82,92.05488530825814,94.11534309387207,94.11534309387207
TD-Clean-8,dsoh_refit,123,B0006,90,93.2941701264468,93.90045833587646,93.90045833587646
TD-Clean-8,dsoh_refit,123,B0006,94,91.95812296295944,93.68700790405273,93.68700790405273
TD-Clean-8,dsoh_refit,123,B0006,98,91.16379285351326,93.50394344329834,93.50394344329834
TD-Clean-8,dsoh_refit,123,B0006,102,90.13722315501992,93.32350587844849,93.32350587844849
TD-Clean-8,dsoh_refit,123,B0006,106,89.88629167454431,93.14328002929688,93.14328002929688
TD-Clean-8,dsoh_refit,123,B0006,110,89.07464504963947,92.95488214492798,92.95488214492798
TD-Clean-8,dsoh_refit,123,B0006,114,88.27677498375004,92.77193260192871,92.77193260192871
TD-Clean-8,dsoh_refit,123,B0006,118,87.78153478310176,92.63477373123169,92.63477373123169
TD-Clean-8,dsoh_refit,123,B0006,122,87.25902301297472,92.51226806640625,92.51226806640625
TD-Clean-8,dsoh_refit,123,B0006,126,86.75445063463465,92.33894109725952,92.33894109725952
TD-Clean-8,dsoh_refit,123,B0006,130,86.21919662960373,92.13336753845215,92.13336753845215
TD-Clean-8,dsoh_refit,123,B0006,134,86.97181002045869,91.93438720703125,91.93438720703125
TD-Clean-8,dsoh_refit,123,B0006,136,87.53004089819298,91.81206512451172,91.81206512451172
TD-Clean-8,dsoh_refit,123,B0006,140,85.93648557449694,91.68645668029785,91.68645668029785
TD-Clean-8,dsoh_refit,123,B0006,144,84.92223069682748,91.5480728149414,91.5480728149414
TD-Clean-8,dsoh_refit,123,B0006,148,84.38106569995976,91.44784641265869,91.44784641265869
TD-Clean-8,dsoh_refit,123,B0006,150,90.39396636175364,91.25815963745117,91.25815963745117
TD-Clean-8,dsoh_refit,123,B0006,154,89.62118442408695,91.0290756225586,91.0290756225586
TD-Clean-8,dsoh_refit,123,B0006,158,88.01687540594799,90.80943393707275,90.80943393707275
TD-Clean-8,dsoh_refit,123,B0006,162,86.47934133475826,90.5987720489502,90.5987720489502
TD-Clean-8,dsoh_refit,123,B0006,166,85.7093899316892,90.4126844406128,90.4126844406128
TD-Clean-8,dsoh_refit,123,B0006,170,84.66363361309608,90.21006774902344,90.21006774902344
TD-Clean-8,dsoh_refit,123,B0006,174,84.14253773442293,90.00285530090332,90.00285530090332
TD-Clean-8,dsoh_refit,123,B0006,178,83.37268440744252,89.81121635437012,89.81121635437012
TD-Clean-8,dsoh_refit,123,B0006,182,82.84795096685752,89.65579509735107,89.65579509735107
TD-Clean-8,dsoh_refit,123,B0006,186,82.31672078137474,89.51700592041016,89.51700592041016
TD-Clean-8,dsoh_refit,123,B0006,190,81.8390002521071,89.3734827041626,89.3734827041626
TD-Clean-8,dsoh_refit,123,B0006,194,81.29446683115198,89.18739414215088,89.18739414215088
TD-Clean-8,dsoh_refit,123,B0006,198,80.75246648690656,89.01785945892334,89.01785945892334
TD-Clean-8,dsoh_refit,123,B0006,202,79.7437886746144,88.80794906616211,88.80794906616211
TD-Clean-8,dsoh_refit,123,B0006,206,79.47984426199564,88.62264633178711,88.62264633178711
TD-Clean-8,dsoh_refit,123,B0006,210,79.25415788836384,88.47857570648193,88.47857570648193
TD-Clean-8,dsoh_refit,123,B0006,214,78.69188922732394,88.31211280822754,88.31211280822754
TD-Clean-8,dsoh_refit,123,B0006,216,78.46114405771091,88.1207685470581,88.1207685470581
TD-Clean-8,dsoh_refit,123,B0006,220,77.67630372212932,87.91937637329102,87.91937637329102
TD-Clean-8,dsoh_refit,123,B0006,224,77.38916838478035,87.76940822601318,87.76940822601318
TD-Clean-8,dsoh_refit,123,B0006,228,76.88491527529958,87.61313915252686,87.61313915252686
TD-Clean-8,dsoh_refit,123,B0006,232,76.3646225030132,87.44972705841064,87.44972705841064
TD-Clean-8,dsoh_refit,123,B0006,236,75.60327887522882,87.24695587158203,87.24695587158203
TD-Clean-8,dsoh_refit,123,B0006,240,75.84333345118733,87.10129356384277,87.10129356384277
TD-Clean-8,dsoh_refit,123,B0006,244,75.57070473005419,86.96030330657959,86.96030330657959
TD-Clean-8,dsoh_refit,123,B0006,248,75.06972493621848,86.81608200073242,86.81608200073242
TD-Clean-8,dsoh_refit,123,B0006,252,74.81407516505371,86.67593097686768,86.67593097686768
TD-Clean-8,dsoh_refit,123,B0006,256,74.54671414292675,86.54469776153564,86.54469776153564
TD-Clean-8,dsoh_refit,123,B0006,260,74.02740213488109,86.38678550720215,86.38678550720215
TD-Clean-8,dsoh_refit,123,B0006,264,73.73556466569462,86.2636308670044,86.2636308670044
TD-Clean-8,dsoh_refit,123,B0006,266,75.84980622026112,86.1450891494751,86.1450891494751
TD-Clean-8,dsoh_refit,123,B0006,270,74.55060879561292,86.00146579742432,86.00146579742432
TD-Clean-8,dsoh_refit,123,B0006,274,73.79142812679322,85.90056133270264,85.90056133270264
TD-Clean-8,dsoh_refit,123,B0006,278,73.27190839787096,85.7577133178711,85.7577133178711
TD-Clean-8,dsoh_refit,123,B0006,282,73.28093201847443,85.62904262542725,85.62904262542725
TD-Clean-8,dsoh_refit,123,B0006,286,73.02095301621284,85.5041618347168,85.5041618347168
TD-Clean-8,dsoh_refit,123,B0006,290,72.73851013234444,85.33016204833984,85.33016204833984
TD-Clean-8,dsoh_refit,123,B0006,294,71.95104826590523,85.13520240783691,85.13520240783691
TD-Clean-8,dsoh_refit,123,B0006,298,71.96564568462234,85.01014518737793,85.01014518737793
TD-Clean-8,dsoh_refit,123,B0006,302,71.72895437691278,84.88773727416992,84.88773727416992
TD-Clean-8,dsoh_refit,123,B0006,306,71.71434939609318,84.72380065917969,84.72380065917969
TD-Clean-8,dsoh_refit,123,B0006,310,71.45761792874575,84.55022048950195,84.55022048950195
TD-Clean-8,dsoh_refit,123,B0006,313,78.98726854374111,84.40595436096191,84.40595436096191
TD-Clean-8,dsoh_refit,123,B0006,316,76.64794397240323,84.28818416595459,84.28818416595459
TD-Clean-8,dsoh_refit,123,B0006,320,75.07747171565073,84.08108711242676,84.08108711242676
TD-Clean-8,dsoh_refit,123,B0006,324,74.29795247472106,83.90535926818848,83.90535926818848
TD-Clean-8,dsoh_refit,123,B0006,328,73.51146675367659,83.74934387207031,83.74934387207031
TD-Clean-8,dsoh_refit,123,B0006,332,73.00864275760908,83.59627151489258,83.59627151489258
TD-Clean-8,dsoh_refit,123,B0006,336,72.50277290138493,83.44422340393066,83.44422340393066
TD-Clean-8,dsoh_refit,123,B0006,340,71.96131839956391,83.29486465454102,83.29486465454102
TD-Clean-8,dsoh_refit,123,B0006,344,71.71500633205595,83.11572074890137,83.11572074890137
TD-Clean-8,dsoh_refit,123,B0006,348,71.44305583769248,82.96181106567383,82.96181106567383
TD-Clean-8,dsoh_refit,123,B0006,352,70.93898960214143,82.81332588195801,82.81332588195801
TD-Clean-8,dsoh_refit,123,B0006,356,70.68194044477139,82.66047477722168,82.66047477722168
TD-Clean-8,dsoh_refit,123,B0006,360,70.4074916889224,82.47234535217285,82.47234535217285
TD-Clean-8,dsoh_refit,123,B0006,364,70.41804785222855,82.31691551208496,82.31691551208496
TD-Clean-8,dsoh_refit,123,B0006,367,71.98210310103482,82.10313415527344,82.10313415527344
TD-Clean-8,dsoh_refit,123,B0006,371,70.95618334594263,81.88491439819336,81.88491439819336
TD-Clean-8,dsoh_refit,123,B0006,375,70.1362730902931,81.6614990234375,81.6614990234375
TD-Clean-8,dsoh_refit,123,B0006,379,69.87433806657212,81.45529365539551,81.45529365539551
TD-Clean-8,dsoh_refit,123,B0006,383,69.63573699649338,81.28465270996094,81.28465270996094
TD-Clean-8,dsoh_refit,123,B0006,387,69.15232147064526,81.05989265441895,81.05989265441895
TD-Clean-8,dsoh_refit,123,B0006,391,69.12109936452545,80.8483772277832,80.8483772277832
TD-Clean-8,dsoh_refit,123,B0006,395,68.86250185726787,80.65231513977051,80.65231513977051
TD-Clean-8,dsoh_refit,123,B0006,399,68.59092282212131,80.47437286376953,80.47437286376953
TD-Clean-8,dsoh_refit,123,B0006,403,68.08750743669,80.25005722045898,80.25005722045898
TD-Clean-8,dsoh_refit,123,B0006,407,68.33159705981836,80.03788948059082,80.03788948059082
TD-Clean-8,dsoh_refit,123,B0006,411,68.09140360412486,79.82607460021973,79.82607460021973
TD-Clean-8,dsoh_refit,123,B0006,415,67.81869443003508,79.62579917907715,79.62579917907715
TD-Clean-8,dsoh_refit,123,B0006,419,67.5730638436144,79.4456958770752,79.4456958770752
TD-Clean-8,dsoh_refit,123,B0006,423,67.31503513349786,79.23587608337402,79.23587608337402
TD-Clean-8,dsoh_refit,123,B0006,427,67.07575548417674,79.00696754455566,79.00696754455566
TD-Clean-8,dsoh_refit,123,B0006,431,68.60691404106846,78.77362823486328,78.77362823486328
TD-Clean-8,dsoh_refit,123,B0006,433,69.64711039275872,78.55317687988281,78.55317687988281
TD-Clean-8,dsoh_refit,123,B0006,437,68.33719964359061,78.33308982849121,78.33308982849121
TD-Clean-8,dsoh_refit,123,B0006,441,67.81907707369999,78.13131904602051,78.13131904602051
TD-Clean-8,dsoh_refit,123,B0006,445,67.27630029953899,77.95904541015625,77.95904541015625
TD-Clean-8,dsoh_refit,123,B0006,449,67.03731096833596,77.77420234680176,77.77420234680176
TD-Clean-8,dsoh_refit,123,B0006,453,66.78534122129697,77.60286712646484,77.60286712646484
TD-Clean-8,dsoh_refit,123,B0006,457,66.26973868287087,77.4193115234375,77.4193115234375
TD-Clean-8,dsoh_refit,123,B0006,461,65.98363462621751,77.24850654602051,77.24850654602051
TD-Clean-8,dsoh_refit,123,B0006,465,65.72069252661954,77.03178215026855,77.03178215026855
TD-Clean-8,dsoh_refit,123,B0006,469,65.50500064349335,76.85661315917969,76.85661315917969
TD-Clean-8,dsoh_refit,123,B0006,473,65.48747074550045,76.68854522705078,76.68854522705078
TD-Clean-8,dsoh_refit,123,B0006,477,65.2110653386093,76.51884651184082,76.51884651184082
TD-Clean-8,dsoh_refit,123,B0006,481,65.47148558720653,76.33954238891602,76.33954238891602
TD-Clean-8,dsoh_refit,123,B0006,483,66.78647932759047,76.15594482421875,76.15594482421875
TD-Clean-8,dsoh_refit,123,B0006,485,65.72477818237311,75.93498992919922,75.93498992919922
TD-Clean-8,dsoh_refit,123,B0006,489,64.93697426302657,75.74835395812988,75.74835395812988
TD-Clean-8,dsoh_refit,123,B0006,493,64.69397950587184,75.57137107849121,75.57137107849121
TD-Clean-8,dsoh_refit,123,B0006,497,64.45556804271465,75.37745475769043,75.37745475769043
TD-Clean-8,dsoh_refit,123,B0006,501,64.44711910522597,75.16449356079102,75.16449356079102
TD-Clean-8,dsoh_refit,123,B0006,505,63.9153253541329,74.94359397888184,74.94359397888184
TD-Clean-8,dsoh_refit,123,B0006,509,63.40709756117343,74.72172737121582,74.72172737121582
TD-Clean-8,dsoh_refit,123,B0006,513,63.40485519747241,74.5509033203125,74.5509033203125
TD-Clean-8,dsoh_refit,123,B0006,517,63.14854807557744,74.36789131164551,74.36789131164551
TD-Clean-8,dsoh_refit,123,B0006,521,63.15304028594434,74.15925216674805,74.15925216674805
TD-Clean-8,dsoh_refit,123,B0006,525,62.63936845251047,73.9227352142334,73.9227352142334
TD-Clean-8,dsoh_refit,123,B0006,529,62.36048327920517,73.73542785644531,73.73542785644531
TD-Clean-8,dsoh_refit,123,B0006,533,62.11872624491582,73.56946754455566,73.56946754455566
TD-Clean-8,dsoh_refit,123,B0006,537,62.11731201074328,73.40646362304688,73.40646362304688
TD-Clean-8,dsoh_refit,123,B0006,541,61.86235410492132,73.17188835144043,73.17188835144043
TD-Clean-8,dsoh_refit,123,B0006,545,62.12742822257309,72.9699535369873,72.9699535369873
TD-Clean-8,dsoh_refit,123,B0006,548,63.93010610326108,72.80164909362793,72.80164909362793
TD-Clean-8,dsoh_refit,123,B0006,552,62.62827859533666,72.5974178314209,72.5974178314209
TD-Clean-8,dsoh_refit,123,B0006,556,61.85683618405182,72.38285827636719,72.38285827636719
TD-Clean-8,dsoh_refit,123,B0006,560,61.07092794836815,72.14254379272461,72.14254379272461
TD-Clean-8,dsoh_refit,123,B0006,564,60.82277612678393,71.92988777160645,71.92988777160645
TD-Clean-8,dsoh_refit,123,B0006,568,60.55640953242813,71.72190856933594,71.72190856933594
TD-Clean-8,dsoh_refit,123,B0006,572,60.02917505279337,71.49613380432129,71.49613380432129
TD-Clean-8,dsoh_refit,123,B0006,576,59.75722270334661,71.28686332702637,71.28686332702637
TD-Clean-8,dsoh_refit,123,B0006,580,59.52315601830062,71.10064125061035,71.10064125061035
TD-Clean-8,dsoh_refit,123,B0006,584,59.01246912863032,70.86955070495605,70.86955070495605
TD-Clean-8,dsoh_refit,123,B0006,588,58.74426171153606,70.64035987854004,70.64035987854004
TD-Clean-8,dsoh_refit,123,B0006,592,58.47122551716232,70.41606330871582,70.41606330871582
TD-Clean-8,dsoh_refit,123,B0006,596,58.2196597592319,70.18703842163086,70.18703842163086
TD-Clean-8,dsoh_refit,123,B0006,600,57.18983519098029,69.94377899169922,69.94377899169922
TD-Clean-8,dsoh_refit,123,B0006,604,57.71437056534329,69.7042407989502,69.7042407989502
TD-Clean-8,dsoh_refit,123,B0006,608,57.43663099473362,69.47551345825195,69.47551345825195
TD-Clean-8,dsoh_refit,123,B0006,612,58.23847489632371,69.23393249511719,69.23393249511719
TD-Clean-8,dsoh_refit,123,B0006,614,58.76884540363096,69.00274085998535,69.00274085998535
TD-Clean-8,dsoh_refit,123,B0007,2,100.45351791563915,100.0,100.0
TD-Clean-8,dsoh_refit,123,B0007,4,99.900254379013,99.77807751297951,99.77807751297951
TD-Clean-8,dsoh_refit,123,B0007,6,99.90161660017114,99.53188997507095,99.53188997507095
TD-Clean-8,dsoh_refit,123,B0007,8,99.9073657865712,99.274444937706,99.274444937706
TD-Clean-8,dsoh_refit,123,B0007,10,99.83724531860553,99.00880587100983,99.00880587100983
TD-Clean-8,dsoh_refit,123,B0007,12,99.90361817867274,98.74350118637085,98.74350118637085
TD-Clean-8,dsoh_refit,123,B0007,14,99.86297576917136,98.48487555980682,98.48487555980682
TD-Clean-8,dsoh_refit,123,B0007,16,99.94656396119812,98.12949347496033,98.12949347496033
TD-Clean-8,dsoh_refit,123,B0007,18,99.31878532934633,97.75341081619263,97.75341081619263
TD-Clean-8,dsoh_refit,123,B0007,20,99.33799331164263,97.38289427757263,97.38289427757263
TD-Clean-8,dsoh_refit,123,B0007,22,99.33756087304828,96.99360466003418,96.99360466003418
TD-Clean-8,dsoh_refit,123,B0007,25,98.78551523188162,96.65255904197693,96.65255904197693
TD-Clean-8,dsoh_refit,123,B0007,27,98.75485184986668,96.16202020645142,96.16202020645142
TD-Clean-8,dsoh_refit,123,B0007,29,98.75133536665352,95.82721090316772,95.82721090316772
TD-Clean-8,dsoh_refit,123,B0007,31,98.77012942519043,95.31706476211548,95.31706476211548
TD-Clean-8,dsoh_refit,123,B0007,33,98.73683812511632,94.865159034729,94.865159034729
TD-Clean-8,dsoh_refit,123,B0007,35,98.15685575226132,94.38853645324707,94.38853645324707
TD-Clean-8,dsoh_refit,123,B0007,37,98.19446503474695,93.91160106658936,93.91160106658936
TD-Clean-8,dsoh_refit,123,B0007,39,98.186691403046,93.51841115951538,93.51841115951538
TD-Clean-8,dsoh_refit,123,B0007,42,99.90787801510066,93.4551854133606,93.4551854133606
TD-Clean-8,dsoh_refit,123,B0007,46,99.94461695603135,93.32809972763062,93.32809972763062
TD-Clean-8,dsoh_refit,123,B0007,50,99.92460497901308,93.10930109024048,93.10930109024048
TD-Clean-8,dsoh_refit,123,B0007,54,99.38880751306714,92.84795379638672,92.84795379638672
TD-Clean-8,dsoh_refit,123,B0007,58,99.34580918956073,92.70098686218262,92.70098686218262
TD-Clean-8,dsoh_refit,123,B0007,62,99.37088315432128,92.45743465423584,92.45743465423584
TD-Clean-8,dsoh_refit,123,B0007,66,98.78342046080256,92.22799634933472,92.22799634933472
TD-Clean-8,dsoh_refit,123,B0007,70,98.8058078187501,92.07781076431274,92.07781076431274
TD-Clean-8,dsoh_refit,123,B0007,74,98.75966747373796,91.93645095825195,91.93645095825195
TD-Clean-8,dsoh_refit,123,B0007,78,98.1739885027512,91.76300525665283,91.76300525665283
TD-Clean-8,dsoh_refit,123,B0007,82,98.23039625446908,91.6144380569458,91.6144380569458
TD-Clean-8,dsoh_refit,123,B0007,90,98.95386520139344,91.32411003112793,91.32411003112793
TD-Clean-8,dsoh_refit,123,B0007,94,98.38356039411237,91.00515270233154,91.00515270233154
TD-Clean-8,dsoh_refit,123,B0007,98,98.11080955264678,90.70045471191406,90.70045471191406
TD-Clean-8,dsoh_refit,123,B0007,102,97.57312273601715,90.42344570159912,90.42344570159912
TD-Clean-8,dsoh_refit,123,B0007,106,97.5908400366413,90.1537446975708,90.1537446975708
TD-Clean-8,dsoh_refit,123,B0007,110,97.29922460125108,89.84942817687988,89.84942817687988
TD-Clean-8,dsoh_refit,123,B0007,114,96.74012336609094,89.56141567230225,89.56141567230225
TD-Clean-8,dsoh_refit,123,B0007,118,96.49359124138364,89.3408260345459,89.3408260345459
TD-Clean-8,dsoh_refit,123,B0007,122,96.22137391342224,89.19143390655518,89.19143390655518
TD-Clean-8,dsoh_refit,123,B0007,126,96.233276781278,88.92046070098877,88.92046070098877
TD-Clean-8,dsoh_refit,123,B0007,130,95.93841918044076,88.6168565750122,88.6168565750122
TD-Clean-8,dsoh_refit,123,B0007,134,96.31819241353496,88.30042552947998,88.30042552947998
TD-Clean-8,dsoh_refit,123,B0007,136,95.94953719543624,88.11027908325195,88.11027908325195
TD-Clean-8,dsoh_refit,123,B0007,140,95.3953227427902,87.903076171875,87.903076171875
TD-Clean-8,dsoh_refit,123,B0007,144,94.86699939598208,87.66677951812744,87.66677951812744
TD-Clean-8,dsoh_refit,123,B0007,148,94.57173479963342,87.57520008087158,87.57520008087158
TD-Clean-8,dsoh_refit,123,B0007,150,96.41760769059738,87.49087810516357,87.49087810516357
TD-Clean-8,dsoh_refit,123,B0007,154,96.45090493439226,87.06701946258545,87.06701946258545
TD-Clean-8,dsoh_refit,123,B0007,158,95.6297003383392,86.67205715179443,86.67205715179443
TD-Clean-8,dsoh_refit,123,B0007,162,95.10935396520227,86.33367156982422,86.33367156982422
TD-Clean-8,dsoh_refit,123,B0007,166,94.57259385530976,86.01274394989014,86.01274394989014
TD-Clean-8,dsoh_refit,123,B0007,170,94.30623404626093,85.7199010848999,85.7199010848999
TD-Clean-8,dsoh_refit,123,B0007,174,94.0371367595855,85.42269802093506,85.42269802093506
TD-Clean-8,dsoh_refit,123,B0007,178,93.49626919937222,85.1164379119873,85.1164379119873
TD-Clean-8,dsoh_refit,123,B0007,182,92.9420388383138,84.81245422363281,84.81245422363281
TD-Clean-8,dsoh_refit,123,B0007,186,92.94217065781828,84.54044437408447,84.54044437408447
TD-Clean-8,dsoh_refit,123,B0007,190,92.69668329388116,84.30535984039307,84.30535984039307
TD-Clean-8,dsoh_refit,123,B0007,194,92.41073633514534,84.00016498565674,84.00016498565674
TD-Clean-8,dsoh_refit,123,B0007,198,91.82208130681248,83.69011116027832,83.69011116027832
TD-Clean-8,dsoh_refit,123,B0007,202,91.5743327473832,83.38399124145508,83.38399124145508
TD-Clean-8,dsoh_refit,123,B0007,206,91.04730118386937,83.08017921447754,83.08017921447754
TD-Clean-8,dsoh_refit,123,B0007,210,91.04684020750553,82.8568058013916,82.8568058013916
TD-Clean-8,dsoh_refit,123,B0007,214,90.49873919973382,82.52122116088867,82.52122116088867
TD-Clean-8,dsoh_refit,123,B0007,216,90.51794914609178,82.20132827758789,82.20132827758789
TD-Clean-8,dsoh_refit,123,B0007,220,89.96325858213598,81.8938045501709,81.8938045501709
TD-Clean-8,dsoh_refit,123,B0007,224,89.64911074691454,81.59892082214355,81.59892082214355
TD-Clean-8,dsoh_refit,123,B0007,228,89.4056438247883,81.3103199005127,81.3103199005127
TD-Clean-8,dsoh_refit,123,B0007,232,89.13221056506995,81.02013206481934,81.02013206481934
TD-Clean-8,dsoh_refit,123,B0007,236,88.88142970948275,80.72347831726074,80.72347831726074
TD-Clean-8,dsoh_refit,123,B0007,240,88.57496163215028,80.50226020812988,80.50226020812988
TD-Clean-8,dsoh_refit,123,B0007,244,88.30030467403411,80.2833137512207,80.2833137512207
TD-Clean-8,dsoh_refit,123,B0007,248,88.04309784572763,80.07976150512695,80.07976150512695
TD-Clean-8,dsoh_refit,123,B0007,252,87.7835715053401,79.88531875610352,79.88531875610352
TD-Clean-8,dsoh_refit,123,B0007,256,87.5009058762453,79.72032928466797,79.72032928466797
TD-Clean-8,dsoh_refit,123,B0007,260,86.92700430940862,79.48432159423828,79.48432159423828
TD-Clean-8,dsoh_refit,123,B0007,264,86.91859800690037,79.38626861572266,79.38626861572266
TD-Clean-8,dsoh_refit,123,B0007,266,87.17696241036246,79.25245094299316,79.25245094299316
TD-Clean-8,dsoh_refit,123,B0007,270,86.66971006432802,79.07363700866699,79.07363700866699
TD-Clean-8,dsoh_refit,123,B0007,274,86.11955257111292,79.10329627990723,79.07363700866699
TD-Clean-8,dsoh_refit,123,B0007,278,85.86532022039283,79.02534294128418,79.02534294128418
TD-Clean-8,dsoh_refit,123,B0007,282,85.83324550155743,79.0131721496582,79.0131721496582
TD-Clean-8,dsoh_refit,123,B0007,286,85.88108948972226,78.79141998291016,78.79141998291016
TD-Clean-8,dsoh_refit,123,B0007,290,85.56987844007078,78.56010437011719,78.56010437011719
TD-Clean-8,dsoh_refit,123,B0007,294,85.027771191142,78.25809478759766,78.25809478759766
TD-Clean-8,dsoh_refit,123,B0007,298,84.77582688520748,78.2474594116211,78.2474594116211
TD-Clean-8,dsoh_refit,123,B0007,302,84.79178974791847,78.28970909118652,78.2474594116211
TD-Clean-8,dsoh_refit,123,B0007,306,84.76993385106519,78.14440536499023,78.14440536499023
TD-Clean-8,dsoh_refit,123,B0007,310,84.49605927424464,77.95376396179199,77.95376396179199
TD-Clean-8,dsoh_refit,123,B0007,313,89.71090998622898,77.71963882446289,77.71963882446289
TD-Clean-8,dsoh_refit,123,B0007,316,86.37349719367897,77.62373733520508,77.62373733520508
TD-Clean-8,dsoh_refit,123,B0007,320,85.82898928627563,77.29371643066406,77.29371643066406
TD-Clean-8,dsoh_refit,123,B0007,324,85.2934976107533,76.97108268737793,76.97108268737793
TD-Clean-8,dsoh_refit,123,B0007,328,84.72574724857897,76.72770690917969,76.72770690917969
TD-Clean-8,dsoh_refit,123,B0007,332,84.48328177752624,76.53589630126953,76.53589630126953
TD-Clean-8,dsoh_refit,123,B0007,336,84.21457006738538,76.37178039550781,76.37178039550781
TD-Clean-8,dsoh_refit,123,B0007,340,83.9288888229777,76.22037696838379,76.22037696838379
TD-Clean-8,dsoh_refit,123,B0007,344,83.67629222648154,75.95944404602051,75.95944404602051
TD-Clean-8,dsoh_refit,123,B0007,348,83.38837618926404,75.81606483459473,75.81606483459473
TD-Clean-8,dsoh_refit,123,B0007,352,83.41270816038221,75.66061401367188,75.66061401367188
TD-Clean-8,dsoh_refit,123,B0007,356,83.14675201444969,75.52895736694336,75.52895736694336
TD-Clean-8,dsoh_refit,123,B0007,360,82.8484308280049,75.2781925201416,75.2781925201416
TD-Clean-8,dsoh_refit,123,B0007,364,83.13252526962864,75.1661205291748,75.1661205291748
TD-Clean-8,dsoh_refit,123,B0007,367,83.66359396289195,74.90364074707031,74.90364074707031
TD-Clean-8,dsoh_refit,123,B0007,371,83.14841165448959,74.57354164123535,74.57354164123535
TD-Clean-8,dsoh_refit,123,B0007,375,82.85488835556158,74.25074195861816,74.25074195861816
TD-Clean-8,dsoh_refit,123,B0007,379,82.33123711829187,73.93489456176758,73.93489456176758
TD-Clean-8,dsoh_refit,123,B0007,383,82.01142381939957,73.77942848205566,73.77942848205566
TD-Clean-8,dsoh_refit,123,B0007,387,82.07206587982726,73.4866714477539,73.4866714477539
TD-Clean-8,dsoh_refit,123,B0007,391,82.0495038543302,73.1695499420166,73.1695499420166
TD-Clean-8,dsoh_refit,123,B0007,395,81.5031419618624,72.89741516113281,72.89741516113281
TD-Clean-8,dsoh_refit,123,B0007,399,81.20841503507037,72.75422859191895,72.75422859191895
TD-Clean-8,dsoh_refit,123,B0007,403,81.21721340553746,72.45857238769531,72.45857238769531
TD-Clean-8,dsoh_refit,123,B0007,407,81.22601148878292,72.20954132080078,72.20954132080078
TD-Clean-8,dsoh_refit,123,B0007,411,80.95054391771832,71.91302680969238,71.91302680969238
TD-Clean-8,dsoh_refit,123,B0007,415,80.67227833994721,71.6787338256836,71.6787338256836
TD-Clean-8,dsoh_refit,123,B0007,419,80.40565013650571,71.55792236328125,71.55792236328125
TD-Clean-8,dsoh_refit,123,B0007,423,80.40335490244634,71.36836051940918,71.36836051940918
TD-Clean-8,dsoh_refit,123,B0007,427,80.42152437300291,71.06648254394531,71.06648254394531
TD-Clean-8,dsoh_refit,123,B0007,431,81.48461605871495,70.70378684997559,70.70378684997559
TD-Clean-8,dsoh_refit,123,B0007,433,81.75963969607048,70.39612770080566,70.39612770080566
TD-Clean-8,dsoh_refit,123,B0007,437,80.93560989493338,70.04329872131348,70.04329872131348
TD-Clean-8,dsoh_refit,123,B0007,441,80.40209515327608,69.79026222229004,69.79026222229004
TD-Clean-8,dsoh_refit,123,B0007,445,80.09419697809993,69.68926811218262,69.68926811218262
TD-Clean-8,dsoh_refit,123,B0007,449,79.85042691616567,69.5933666229248,69.5933666229248
TD-Clean-8,dsoh_refit,123,B0007,453,79.56495728605914,69.52466201782227,69.52466201782227
TD-Clean-8,dsoh_refit,123,B0007,457,79.30076147796538,69.44136428833008,69.44136428833008
TD-Clean-8,dsoh_refit,123,B0007,461,79.2776995197187,69.41316223144531,69.41316223144531
TD-Clean-8,dsoh_refit,123,B0007,465,79.01573008127421,69.27164840698242,69.27164840698242
TD-Clean-8,dsoh_refit,123,B0007,469,78.7529099419952,69.25193405151367,69.25193405151367
TD-Clean-8,dsoh_refit,123,B0007,473,78.76631135529045,69.26125717163086,69.25193405151367
TD-Clean-8,dsoh_refit,123,B0007,477,78.45734950325969,69.2933292388916,69.25193405151367
TD-Clean-8,dsoh_refit,123,B0007,481,78.71925319505982,69.35810852050781,69.25193405151367
TD-Clean-8,dsoh_refit,123,B0007,483,79.58166685963718,69.31660079956055,69.25193405151367
TD-Clean-8,dsoh_refit,123,B0007,485,78.72860058663869,69.00654983520508,69.00654983520508
TD-Clean-8,dsoh_refit,123,B0007,489,78.46501751785956,68.9273910522461,68.9273910522461
TD-Clean-8,dsoh_refit,123,B0007,493,78.19738333514631,68.93961524963379,68.9273910522461
TD-Clean-8,dsoh_refit,123,B0007,497,78.20645287101384,68.88238143920898,68.88238143920898
TD-Clean-8,dsoh_refit,123,B0007,501,77.92824275772597,68.75922393798828,68.75922393798828
TD-Clean-8,dsoh_refit,123,B0007,505,77.6497101362114,68.56367301940918,68.56367301940918
TD-Clean-8,dsoh_refit,123,B0007,509,77.38028422735451,68.40933799743652,68.40933799743652
TD-Clean-8,dsoh_refit,123,B0007,513,77.09660547904922,68.50847625732422,68.40933799743652
TD-Clean-8,dsoh_refit,123,B0007,517,77.11046744203753,68.58350944519043,68.40933799743652
TD-Clean-8,dsoh_refit,123,B0007,521,76.85550035450103,68.53944396972656,68.40933799743652
TD-Clean-8,dsoh_refit,123,B0007,525,76.85236240084764,68.39168357849121,68.39168357849121
TD-Clean-8,dsoh_refit,123,B0007,529,76.56671722215358,68.4807014465332,68.39168357849121
TD-Clean-8,dsoh_refit,123,B0007,533,76.29399038621672,68.76276397705078,68.39168357849121
TD-Clean-8,dsoh_refit,123,B0007,537,76.32425788720361,68.99300384521484,68.39168357849121
TD-Clean-8,dsoh_refit,123,B0007,541,76.29658741049414,68.92080688476562,68.39168357849121
TD-Clean-8,dsoh_refit,123,B0007,545,76.59209728582513,68.93506240844727,68.39168357849121
TD-Clean-8,dsoh_refit,123,B0007,548,77.93863743061358,69.25804901123047,68.39168357849121
TD-Clean-8,dsoh_refit,123,B0007,552,77.12364718084329,69.26031112670898,68.39168357849121
TD-Clean-8,dsoh_refit,123,B0007,556,76.8725967441492,69.23427963256836,68.39168357849121
TD-Clean-8,dsoh_refit,123,B0007,560,76.58854113704766,69.14810943603516,68.39168357849121
TD-Clean-8,dsoh_refit,123,B0007,564,76.04885672654179,69.19951629638672,68.39168357849121
TD-Clean-8,dsoh_refit,123,B0007,568,76.05828438472663,69.33650970458984,68.39168357849121
TD-Clean-8,dsoh_refit,123,B0007,572,75.76335089505734,69.37709045410156,68.39168357849121
TD-Clean-8,dsoh_refit,123,B0007,576,75.75439980355237,69.54827690124512,68.39168357849121
TD-Clean-8,dsoh_refit,123,B0007,580,75.49812548326929,69.89571952819824,68.39168357849121
TD-Clean-8,dsoh_refit,123,B0007,584,75.23591897923467,69.95635414123535,68.39168357849121
TD-Clean-8,dsoh_refit,123,B0007,588,75.24924732301496,70.02364349365234,68.39168357849121
TD-Clean-8,dsoh_refit,123,B0007,592,74.94444174506414,70.13858413696289,68.39168357849121
TD-Clean-8,dsoh_refit,123,B0007,596,74.95266425125988,70.2639045715332,68.39168357849121
TD-Clean-8,dsoh_refit,123,B0007,600,74.69643604452878,70.32589530944824,68.39168357849121
TD-Clean-8,dsoh_refit,123,B0007,604,74.7051700493532,70.4049243927002,68.39168357849121
TD-Clean-8,dsoh_refit,123,B0007,608,74.39278959915883,70.54952430725098,68.39168357849121
TD-Clean-8,dsoh_refit,123,B0007,612,75.52591562947222,70.53584289550781,68.39168357849121
TD-Clean-8,dsoh_refit,123,B0007,614,76.09264518290325,70.74440002441406,68.39168357849121
TD-Clean-8,dsoh_refit,123,B0018,3,100.8025811041783,100.0,100.0
TD-Clean-8,dsoh_refit,123,B0018,7,100.16087022619236,99.64841583371162,99.64841583371162
TD-Clean-8,dsoh_refit,123,B0018,11,99.96558598273582,98.92445862293243,98.92445862293243
TD-Clean-8,dsoh_refit,123,B0018,15,99.48041766162956,98.21268343925476,98.21268343925476
TD-Clean-8,dsoh_refit,123,B0018,18,99.59054502526398,98.03420913219452,98.03420913219452
TD-Clean-8,dsoh_refit,123,B0018,20,99.36387169185286,96.91333198547363,96.91333198547363
TD-Clean-8,dsoh_refit,123,B0018,22,98.96567828327716,95.6780776977539,95.6780776977539
TD-Clean-8,dsoh_refit,123,B0018,24,98.63793870309058,94.46602630615234,94.46602630615234
TD-Clean-8,dsoh_refit,123,B0018,27,98.04714689052696,93.28774452209473,93.28774452209473
TD-Clean-8,dsoh_refit,123,B0018,30,99.06887382997856,92.99609851837158,92.99609851837158
TD-Clean-8,dsoh_refit,123,B0018,32,98.47248926951052,91.93913078308105,91.93913078308105
TD-Clean-8,dsoh_refit,123,B0018,34,98.068534707018,90.72734069824219,90.72734069824219
TD-Clean-8,dsoh_refit,123,B0018,36,97.31606084566693,89.46539402008057,89.46539402008057
TD-Clean-8,dsoh_refit,123,B0018,39,96.91537145663308,88.22292137145996,88.22292137145996
TD-Clean-8,dsoh_refit,123,B0018,42,96.77777434993364,87.83952522277832,87.83952522277832
TD-Clean-8,dsoh_refit,123,B0018,44,96.24906078283864,86.87940883636475,86.87940883636475
TD-Clean-8,dsoh_refit,123,B0018,46,96.10893521170082,85.7334794998169,85.7334794998169
TD-Clean-8,dsoh_refit,123,B0018,48,95.29382636269746,84.48010635375977,84.48010635375977
TD-Clean-8,dsoh_refit,123,B0018,51,94.89112029628322,83.19528388977051,83.19528388977051
TD-Clean-8,dsoh_refit,123,B0018,54,94.42623362260446,82.44903945922852,82.44903945922852
TD-Clean-8,dsoh_refit,123,B0018,56,94.09214261326034,81.29681205749512,81.29681205749512
TD-Clean-8,dsoh_refit,123,B0018,58,92.84655809058668,80.25828552246094,80.25828552246094
TD-Clean-8,dsoh_refit,123,B0018,60,93.00278636580364,79.15124320983887,79.15124320983887
TD-Clean-8,dsoh_refit,123,B0018,63,92.78717154289568,78.0065860748291,78.0065860748291
TD-Clean-8,dsoh_refit,123,B0018,66,95.05514633441328,77.72692680358887,77.72692680358887
TD-Clean-8,dsoh_refit,123,B0018,68,94.16023397654948,76.84917259216309,76.84917259216309
TD-Clean-8,dsoh_refit,123,B0018,70,93.58756901230694,75.85809898376465,75.85809898376465
TD-Clean-8,dsoh_refit,123,B0018,72,93.02323711734508,74.77712821960449,74.77712821960449
TD-Clean-8,dsoh_refit,123,B0018,75,92.33971230163448,73.65641403198242,73.65641403198242
TD-Clean-8,dsoh_refit,123,B0018,78,92.05544475967478,73.00870895385742,73.00870895385742
TD-Clean-8,dsoh_refit,123,B0018,80,91.39607597710202,72.01366996765137,72.01366996765137
TD-Clean-8,dsoh_refit,123,B0018,82,91.12841202900309,71.09823036193848,71.09823036193848
TD-Clean-8,dsoh_refit,123,B0018,84,90.50598444143154,70.12417984008789,70.12417984008789
TD-Clean-8,dsoh_refit,123,B0018,87,90.05329919062662,69.02419090270996,69.02419090270996
TD-Clean-8,dsoh_refit,123,B0018,90,89.56595375021743,68.3792953491211,68.3792953491211
TD-Clean-8,dsoh_refit,123,B0018,92,89.05221474379236,67.36200714111328,67.36200714111328
TD-Clean-8,dsoh_refit,123,B0018,94,88.4478648526792,66.38274002075195,66.38274002075195
TD-Clean-8,dsoh_refit,123,B0018,96,88.14926233550939,65.53488159179688,65.53488159179688
TD-Clean-8,dsoh_refit,123,B0018,99,87.70654438914323,64.57232666015625,64.57232666015625
TD-Clean-8,dsoh_refit,123,B0018,102,91.07812245566797,64.30107498168945,64.30107498168945
TD-Clean-8,dsoh_refit,123,B0018,104,89.62445100410937,63.29410934448242,63.29410934448242
TD-Clean-8,dsoh_refit,123,B0018,106,88.70513095013024,62.26567077636719,62.26567077636719
TD-Clean-8,dsoh_refit,123,B0018,108,87.83746900859978,61.248863220214844,61.248863220214844
TD-Clean-8,dsoh_refit,123,B0018,111,87.53788044222665,60.18914031982422,60.18914031982422
TD-Clean-8,dsoh_refit,123,B0018,114,86.69891328476463,59.62077331542969,59.62077331542969
TD-Clean-8,dsoh_refit,123,B0018,119,93.27978546012802,58.512908935546875,58.512908935546875
TD-Clean-8,dsoh_refit,123,B0018,121,92.1525471966999,57.40693283081055,57.40693283081055
TD-Clean-8,dsoh_refit,123,B0018,123,91.17195305362098,56.31967544555664,56.31967544555664
TD-Clean-8,dsoh_refit,123,B0018,125,90.2416573040256,55.235008239746094,55.235008239746094
TD-Clean-8,dsoh_refit,123,B0018,128,90.55423897233052,54.849937438964844,54.849937438964844
TD-Clean-8,dsoh_refit,123,B0018,130,89.49039068452917,53.77108383178711,53.77108383178711
TD-Clean-8,dsoh_refit,123,B0018,132,88.3454487099843,52.69975280761719,52.69975280761719
TD-Clean-8,dsoh_refit,123,B0018,134,87.60607299731777,51.678558349609375,51.678558349609375
TD-Clean-8,dsoh_refit,123,B0018,136,87.25714700042141,50.6556396484375,50.6556396484375
TD-Clean-8,dsoh_refit,123,B0018,143,89.1426764135498,49.63819122314453,49.63819122314453
TD-Clean-8,dsoh_refit,123,B0018,145,87.66626044455795,48.59900665283203,48.59900665283203
TD-Clean-8,dsoh_refit,123,B0018,147,86.51592379470374,47.55158615112305,47.55158615112305
TD-Clean-8,dsoh_refit,123,B0018,150,86.21730704320841,46.4466552734375,46.4466552734375
TD-Clean-8,dsoh_refit,123,B0018,153,85.8627581657356,45.850337982177734,45.850337982177734
TD-Clean-8,dsoh_refit,123,B0018,155,84.99855590440428,44.899410247802734,44.899410247802734
TD-Clean-8,dsoh_refit,123,B0018,157,84.53366840480606,43.87202072143555,43.87202072143555
TD-Clean-8,dsoh_refit,123,B0018,159,83.69607194854545,42.887638092041016,42.887638092041016
TD-Clean-8,dsoh_refit,123,B0018,162,83.25899594193369,41.86570358276367,41.86570358276367
TD-Clean-8,dsoh_refit,123,B0018,165,83.22975722050174,41.259185791015625,41.259185791015625
TD-Clean-8,dsoh_refit,123,B0018,167,82.72092847997168,40.256595611572266,40.256595611572266
TD-Clean-8,dsoh_refit,123,B0018,169,81.86598978006339,39.30221176147461,39.30221176147461
TD-Clean-8,dsoh_refit,123,B0018,171,81.58859278240016,38.356571197509766,38.356571197509766
TD-Clean-8,dsoh_refit,123,B0018,174,81.31316363799587,37.38801193237305,37.38801193237305
TD-Clean-8,dsoh_refit,123,B0018,177,83.32773163808899,37.08802795410156,37.08802795410156
TD-Clean-8,dsoh_refit,123,B0018,179,82.80709531820148,36.15256118774414,36.15256118774414
TD-Clean-8,dsoh_refit,123,B0018,181,81.57610219236552,35.22279357910156,35.22279357910156
TD-Clean-8,dsoh_refit,123,B0018,183,81.09929204028072,34.26390838623047,34.26390838623047
TD-Clean-8,dsoh_refit,123,B0018,185,80.60512587063184,33.233909606933594,33.233909606933594
TD-Clean-8,dsoh_refit,123,B0018,188,80.4645909654616,32.74089813232422,32.74089813232422
TD-Clean-8,dsoh_refit,123,B0018,190,80.07171192098461,31.83769989013672,31.83769989013672
TD-Clean-8,dsoh_refit,123,B0018,192,79.77346222448996,30.973548889160156,30.973548889160156
TD-Clean-8,dsoh_refit,123,B0018,194,79.23402412051846,30.024070739746094,30.024070739746094
TD-Clean-8,dsoh_refit,123,B0018,197,78.6783203089025,29.05523681640625,29.05523681640625
TD-Clean-8,dsoh_refit,123,B0018,200,78.94539372549075,28.50908660888672,28.50908660888672
TD-Clean-8,dsoh_refit,123,B0018,202,78.38865828037459,27.627830505371094,27.627830505371094
TD-Clean-8,dsoh_refit,123,B0018,204,78.21127069246836,26.807296752929688,26.807296752929688
TD-Clean-8,dsoh_refit,123,B0018,206,77.6339684068403,25.94287872314453,25.94287872314453
TD-Clean-8,dsoh_refit,123,B0018,209,77.43046760934243,24.995025634765625,24.995025634765625
TD-Clean-8,dsoh_refit,123,B0018,212,79.8708545166814,24.7930908203125,24.7930908203125
TD-Clean-8,dsoh_refit,123,B0018,214,78.93458463676515,23.895042419433594,23.895042419433594
TD-Clean-8,dsoh_refit,123,B0018,216,78.40488242765085,22.927047729492188,22.927047729492188
TD-Clean-8,dsoh_refit,123,B0018,218,77.61921434771055,22.032325744628906,22.032325744628906
TD-Clean-8,dsoh_refit,123,B0018,220,76.9170609064971,21.050376892089844,21.050376892089844
TD-Clean-8,dsoh_refit,123,B0018,223,79.04297866359087,20.80193328857422,20.80193328857422
TD-Clean-8,dsoh_refit,123,B0018,225,77.61605692618127,19.967315673828125,19.967315673828125
TD-Clean-8,dsoh_refit,123,B0018,227,77.14789574863566,19.126296997070312,19.126296997070312
TD-Clean-8,dsoh_refit,123,B0018,229,76.92281444261894,18.26921844482422,18.26921844482422
TD-Clean-8,dsoh_refit,123,B0018,232,76.3858924270674,17.382614135742188,17.382614135742188
TD-Clean-8,dsoh_refit,123,B0018,235,76.53620320177981,16.97815704345703,16.97815704345703
TD-Clean-8,dsoh_refit,123,B0018,237,75.9063201738239,16.17540740966797,16.17540740966797
TD-Clean-8,dsoh_refit,123,B0018,239,75.72766142150313,15.348640441894531,15.348640441894531
TD-Clean-8,dsoh_refit,123,B0018,241,75.49928800503805,14.532958984375,14.532958984375
TD-Clean-8,dsoh_refit,123,B0018,244,74.9124451895705,13.676078796386719,13.676078796386719
TD-Clean-8,dsoh_refit,123,B0018,247,75.25674730493446,13.255592346191406,13.255592346191406
TD-Clean-8,dsoh_refit,123,B0018,249,74.46467849076038,12.4710693359375,12.4710693359375
TD-Clean-8,dsoh_refit,123,B0018,251,74.62885626516028,11.693107604980469,11.693107604980469
TD-Clean-8,dsoh_refit,123,B0018,253,74.33553994642665,10.944572448730469,10.944572448730469
TD-Clean-8,dsoh_refit,123,B0018,256,73.72504079935909,10.134628295898438,10.134628295898438
TD-Clean-8,dsoh_refit,123,B0018,259,79.36110924975578,9.854888916015625,9.854888916015625
TD-Clean-8,dsoh_refit,123,B0018,261,78.799706688891,9.090843200683594,9.090843200683594
TD-Clean-8,dsoh_refit,123,B0018,263,78.14983302548104,8.253982543945312,8.253982543945312
TD-Clean-8,dsoh_refit,123,B0018,265,77.61878718971624,7.327728271484375,7.327728271484375
TD-Clean-8,dsoh_refit,123,B0018,267,76.88079746021991,6.386329650878906,6.386329650878906
TD-Clean-8,dsoh_refit,123,B0018,270,76.8319836786595,5.91705322265625,5.91705322265625
TD-Clean-8,dsoh_refit,123,B0018,272,76.01926160635412,5.102699279785156,5.102699279785156
TD-Clean-8,dsoh_refit,123,B0018,274,75.82358510102308,4.3976593017578125,4.3976593017578125
TD-Clean-8,dsoh_refit,123,B0018,276,75.53633219814198,3.6915130615234375,3.6915130615234375
TD-Clean-8,dsoh_refit,123,B0018,279,75.31793705780649,2.7278213500976562,2.7278213500976562
TD-Clean-8,dsoh_refit,123,B0018,282,75.43684114368729,2.218841552734375,2.218841552734375
TD-Clean-8,dsoh_refit,123,B0018,284,74.7829788363973,1.2951889038085938,1.2951889038085938
TD-Clean-8,dsoh_refit,123,B0018,286,74.15991898288928,0.4300079345703125,0.4300079345703125
TD-Clean-8,dsoh_refit,123,B0018,288,73.84846878839457,-0.41466522216796875,-0.41466522216796875
TD-Clean-8,dsoh_refit,123,B0018,291,73.15537271331122,-1.2963638305664062,-1.2963638305664062
TD-Clean-8,dsoh_refit,123,B0018,294,77.53589472577204,-1.59991455078125,-1.59991455078125
TD-Clean-8,dsoh_refit,123,B0018,296,76.42763235972666,-2.3721542358398438,-2.3721542358398438
TD-Clean-8,dsoh_refit,123,B0018,298,75.72351586777258,-3.1899261474609375,-3.1899261474609375
TD-Clean-8,dsoh_refit,123,B0018,300,75.4386936803776,-4.081108093261719,-4.081108093261719
TD-Clean-8,dsoh_refit,123,B0018,302,74.45721490205536,-4.951972961425781,-4.951972961425781
TD-Clean-8,dsoh_refit,123,B0018,305,74.97385174402893,-5.371757507324219,-5.371757507324219
TD-Clean-8,dsoh_refit,123,B0018,307,74.3741167471391,-6.059455871582031,-6.059455871582031
TD-Clean-8,dsoh_refit,123,B0018,309,74.05233968989694,-6.7335357666015625,-6.7335357666015625
TD-Clean-8,dsoh_refit,123,B0018,311,74.08863589293038,-7.518836975097656,-7.518836975097656
TD-Clean-8,dsoh_refit,123,B0018,314,73.46151441244959,-8.403556823730469,-8.403556823730469
TD-Clean-8,dsoh_refit,123,B0018,317,73.62086195282473,-8.798927307128906,-8.798927307128906
TD-Clean-8,dsoh_refit,123,B0018,319,72.87391760769836,-9.645957946777344,-9.645957946777344
TD-Clean-8,dsoh_refit,2024,B0005,2,100.80760884947765,100.0,100.0
TD-Clean-8,dsoh_refit,2024,B0005,4,100.25590968770103,99.94755591452122,99.94755591452122
TD-Clean-8,dsoh_refit,2024,B0005,6,99.65979925247206,99.75391818583012,99.75391818583012
TD-Clean-8,dsoh_refit,2024,B0005,8,99.65509323788856,99.5153873860836,99.5153873860836
TD-Clean-8,dsoh_refit,2024,B0005,10,99.6215889724607,99.2094715833664,99.2094715833664
TD-Clean-8,dsoh_refit,2024,B0005,12,99.67676620535396,98.9573700428009,98.9573700428009
TD-Clean-8,dsoh_refit,2024,B0005,14,99.64877352944652,98.65985774993896,98.65985774993896
TD-Clean-8,dsoh_refit,2024,B0005,16,99.13892996732449,98.33410465717316,98.33410465717316
TD-Clean-8,dsoh_refit,2024,B0005,18,99.08555627584838,97.92593288421631,97.92593288421631
TD-Clean-8,dsoh_refit,2024,B0005,20,99.0768365083485,97.56426405906677,97.56426405906677
TD-Clean-8,dsoh_refit,2024,B0005,22,99.07717774099622,97.1310806274414,97.1310806274414
TD-Clean-8,dsoh_refit,2024,B0005,25,98.5114992237362,96.66206574440002,96.66206574440002
TD-Clean-8,dsoh_refit,2024,B0005,27,98.4870761948254,96.19305086135864,96.19305086135864
TD-Clean-8,dsoh_refit,2024,B0005,29,98.47015265835132,95.72403621673584,95.72403621673584
TD-Clean-8,dsoh_refit,2024,B0005,31,97.88140357167902,95.25502109527588,95.25502109527588
TD-Clean-8,dsoh_refit,2024,B0005,33,97.85473656745688,94.78600597381592,94.78600597381592
TD-Clean-8,dsoh_refit,2024,B0005,35,97.88039886599036,94.33889150619507,94.33889150619507
TD-Clean-8,dsoh_refit,2024,B0005,37,97.9069415267384,93.86987686157227,93.86987686157227
TD-Clean-8,dsoh_refit,2024,B0005,39,97.89115702988882,93.4008617401123,93.4008617401123
TD-Clean-8,dsoh_refit,2024,B0005,42,100.29385168145046,94.10154914855957,93.4008617401123
TD-Clean-8,dsoh_refit,2024,B0005,46,100.31510023136114,94.41340923309326,93.4008617401123
TD-Clean-8,dsoh_refit,2024,B0005,50,99.70477213786135,94.46051549911499,93.4008617401123
TD-Clean-8,dsoh_refit,2024,B0005,54,99.1402308374376,94.55138778686523,93.4008617401123
TD-Clean-8,dsoh_refit,2024,B0005,58,99.10400696359169,94.56160640716553,93.4008617401123
TD-Clean-8,dsoh_refit,2024,B0005,62,99.12941188644592,94.67790269851685,93.4008617401123
TD-Clean-8,dsoh_refit,2024,B0005,66,98.50222430381568,94.67640781402588,93.4008617401123
TD-Clean-8,dsoh_refit,2024,B0005,70,98.5423014565286,94.68834018707275,93.4008617401123
TD-Clean-8,dsoh_refit,2024,B0005,74,98.49887187571204,94.7457766532898,93.4008617401123
TD-Clean-8,dsoh_refit,2024,B0005,78,97.89050762402466,94.85291862487793,93.4008617401123
TD-Clean-8,dsoh_refit,2024,B0005,82,97.96171552529285,94.87248659133911,93.4008617401123
TD-Clean-8,dsoh_refit,2024,B0005,90,99.4075559707276,94.61677169799805,93.4008617401123
TD-Clean-8,dsoh_refit,2024,B0005,94,98.82112827769676,94.21021747589111,93.4008617401123
TD-Clean-8,dsoh_refit,2024,B0005,98,98.2457556393358,93.7891755104065,93.4008617401123
TD-Clean-8,dsoh_refit,2024,B0005,102,97.99065016377766,93.38601922988892,93.38601922988892
TD-Clean-8,dsoh_refit,2024,B0005,106,97.7065060215613,93.24146509170532,93.24146509170532
TD-Clean-8,dsoh_refit,2024,B0005,110,97.11279694879056,92.86686563491821,92.86686563491821
TD-Clean-8,dsoh_refit,2024,B0005,114,96.81304988059888,92.51252698898315,92.51252698898315
TD-Clean-8,dsoh_refit,2024,B0005,118,96.27605729788222,92.17356777191162,92.17356777191162
TD-Clean-8,dsoh_refit,2024,B0005,122,96.2762766313732,92.02909994125366,92.02909994125366
TD-Clean-8,dsoh_refit,2024,B0005,126,95.99578118843372,91.91485786437988,91.91485786437988
TD-Clean-8,dsoh_refit,2024,B0005,130,95.69403287907456,91.60147190093994,91.60147190093994
TD-Clean-8,dsoh_refit,2024,B0005,134,95.98194451474556,91.16481590270996,91.16481590270996
TD-Clean-8,dsoh_refit,2024,B0005,136,95.71321655496544,90.97207450866699,90.97207450866699
TD-Clean-8,dsoh_refit,2024,B0005,140,95.11928805425076,90.6187629699707,90.6187629699707
TD-Clean-8,dsoh_refit,2024,B0005,144,94.58275432725988,90.30958557128906,90.30958557128906
TD-Clean-8,dsoh_refit,2024,B0005,148,94.27008009570102,90.04567337036133,90.04567337036133
TD-Clean-8,dsoh_refit,2024,B0005,150,97.39411432859931,93.98180866241455,90.04567337036133
TD-Clean-8,dsoh_refit,2024,B0005,154,96.82749231246368,93.51279354095459,90.04567337036133
TD-Clean-8,dsoh_refit,2024,B0005,158,95.96820195991576,93.04377841949463,90.04567337036133
TD-Clean-8,dsoh_refit,2024,B0005,162,95.40638930769452,92.57476329803467,90.04567337036133
TD-Clean-8,dsoh_refit,2024,B0005,166,94.8553962680492,92.20251083374023,90.04567337036133
TD-Clean-8,dsoh_refit,2024,B0005,170,94.5755674779542,91.9172248840332,90.04567337036133
TD-Clean-8,dsoh_refit,2024,B0005,174,94.28806184403476,91.67790031433105,90.04567337036133
TD-Clean-8,dsoh_refit,2024,B0005,178,93.73958753620327,91.3687744140625,90.04567337036133
TD-Clean-8,dsoh_refit,2024,B0005,182,93.16861105469168,91.06925773620605,90.04567337036133
TD-Clean-8,dsoh_refit,2024,B0005,186,92.88227598613614,90.78828048706055,90.04567337036133
TD-Clean-8,dsoh_refit,2024,B0005,190,92.636901518198,90.60121726989746,90.04567337036133
TD-Clean-8,dsoh_refit,2024,B0005,194,92.32720191735562,90.39839172363281,90.04567337036133
TD-Clean-8,dsoh_refit,2024,B0005,198,92.01599848919145,90.14720726013184,90.04567337036133
TD-Clean-8,dsoh_refit,2024,B0005,202,91.49053823956656,89.80901050567627,89.80901050567627
TD-Clean-8,dsoh_refit,2024,B0005,206,90.92425521866993,89.45563316345215,89.45563316345215
TD-Clean-8,dsoh_refit,2024,B0005,210,90.92941856192826,89.2962007522583,89.2962007522583
TD-Clean-8,dsoh_refit,2024,B0005,214,90.34010561326173,88.87904071807861,88.87904071807861
TD-Clean-8,dsoh_refit,2024,B0005,216,90.0847586044663,88.64821338653564,88.64821338653564
TD-Clean-8,dsoh_refit,2024,B0005,220,89.80457989439137,88.40725135803223,88.40725135803223
TD-Clean-8,dsoh_refit,2024,B0005,224,89.19640288815545,88.13612174987793,88.13612174987793
TD-Clean-8,dsoh_refit,2024,B0005,228,88.93598251136243,87.90613174438477,87.90613174438477
TD-Clean-8,dsoh_refit,2024,B0005,232,88.65781340235759,87.68621444702148,87.68621444702148
TD-Clean-8,dsoh_refit,2024,B0005,236,88.38728178562198,87.4307632446289,87.4307632446289
TD-Clean-8,dsoh_refit,2024,B0005,240,88.08171260170519,87.22399234771729,87.22399234771729
TD-Clean-8,dsoh_refit,2024,B0005,244,87.49528010741024,87.062744140625,87.062744140625
TD-Clean-8,dsoh_refit,2024,B0005,248,87.2366743602368,86.88117790222168,86.88117790222168
TD-Clean-8,dsoh_refit,2024,B0005,252,86.96251727221627,86.69067287445068,86.69067287445068
TD-Clean-8,dsoh_refit,2024,B0005,256,86.35734215456989,86.47190189361572,86.47190189361572
TD-Clean-8,dsoh_refit,2024,B0005,260,86.10863457357058,86.2781114578247,86.2781114578247
TD-Clean-8,dsoh_refit,2024,B0005,264,86.06270063126725,86.09155082702637,86.09155082702637
TD-Clean-8,dsoh_refit,2024,B0005,266,86.63737677555004,86.04862594604492,86.04862594604492
TD-Clean-8,dsoh_refit,2024,B0005,270,85.50813849993258,85.71641445159912,85.71641445159912
TD-Clean-8,dsoh_refit,2024,B0005,274,84.97446653296429,85.49477672576904,85.49477672576904
TD-Clean-8,dsoh_refit,2024,B0005,278,84.69557819389517,85.37434577941895,85.37434577941895
TD-Clean-8,dsoh_refit,2024,B0005,282,84.68013627936132,85.35591793060303,85.35591793060303
TD-Clean-8,dsoh_refit,2024,B0005,286,84.41991821853574,85.18817329406738,85.18817329406738
TD-Clean-8,dsoh_refit,2024,B0005,290,84.10414931140878,85.00780868530273,85.00780868530273
TD-Clean-8,dsoh_refit,2024,B0005,294,83.52653061113354,84.75530624389648,84.75530624389648
TD-Clean-8,dsoh_refit,2024,B0005,298,82.96602561057489,84.56510162353516,84.56510162353516
TD-Clean-8,dsoh_refit,2024,B0005,302,82.99920327964658,84.56809520721436,84.56510162353516
TD-Clean-8,dsoh_refit,2024,B0005,306,82.68003018050378,84.48457717895508,84.48457717895508
TD-Clean-8,dsoh_refit,2024,B0005,310,82.39976893302816,84.34931564331055,84.34931564331055
TD-Clean-8,dsoh_refit,2024,B0005,313,87.19626195760692,84.10305500030518,84.10305500030518
TD-Clean-8,dsoh_refit,2024,B0005,316,84.91729656129593,84.2402572631836,84.10305500030518
TD-Clean-8,dsoh_refit,2024,B0005,320,84.06165489885902,84.05896472930908,84.05896472930908
TD-Clean-8,dsoh_refit,2024,B0005,324,83.2082752902044,83.85162353515625,83.85162353515625
TD-Clean-8,dsoh_refit,2024,B0005,328,82.91381970838151,83.68996047973633,83.68996047973633
TD-Clean-8,dsoh_refit,2024,B0005,332,82.37106085271179,83.55498504638672,83.55498504638672
TD-Clean-8,dsoh_refit,2024,B0005,336,82.09631790141844,83.4395809173584,83.4395809173584
TD-Clean-8,dsoh_refit,2024,B0005,340,81.80669701206385,83.33023643493652,83.33023643493652
TD-Clean-8,dsoh_refit,2024,B0005,344,81.53418918115372,83.2185287475586,83.2185287475586
TD-Clean-8,dsoh_refit,2024,B0005,348,80.95312575426658,83.10091972351074,83.10091972351074
TD-Clean-8,dsoh_refit,2024,B0005,352,80.6829269258604,83.01812553405762,83.01812553405762
TD-Clean-8,dsoh_refit,2024,B0005,356,80.38673535372676,82.906005859375,82.906005859375
TD-Clean-8,dsoh_refit,2024,B0005,360,80.10415225005684,82.76965522766113,82.76965522766113
TD-Clean-8,dsoh_refit,2024,B0005,364,80.68483906716317,82.72009658813477,82.72009658813477
TD-Clean-8,dsoh_refit,2024,B0005,367,81.23806188586506,82.85994720458984,82.72009658813477
TD-Clean-8,dsoh_refit,2024,B0005,371,80.40774500270479,82.73073387145996,82.72009658813477
TD-Clean-8,dsoh_refit,2024,B0005,375,79.80793062432481,82.55583572387695,82.55583572387695
TD-Clean-8,dsoh_refit,2024,B0005,379,78.94710440938543,82.40121078491211,82.40121078491211
TD-Clean-8,dsoh_refit,2024,B0005,383,78.96040682717852,82.35031509399414,82.35031509399414
TD-Clean-8,dsoh_refit,2024,B0005,387,79.00805769223405,82.33403587341309,82.33403587341309
TD-Clean-8,dsoh_refit,2024,B0005,391,78.68325635434054,82.29833221435547,82.29833221435547
TD-Clean-8,dsoh_refit,2024,B0005,395,78.12009683923326,82.14446067810059,82.14446067810059
TD-Clean-8,dsoh_refit,2024,B0005,399,77.83635095586517,82.09440422058105,82.09440422058105
TD-Clean-8,dsoh_refit,2024,B0005,403,77.83366081216815,82.07820320129395,82.07820320129395
TD-Clean-8,dsoh_refit,2024,B0005,407,77.54418562704669,82.0839729309082,82.07820320129395
TD-Clean-8,dsoh_refit,2024,B0005,411,77.26483532824366,81.98168754577637,81.98168754577637
TD-Clean-8,dsoh_refit,2024,B0005,415,76.96665751739931,81.87758827209473,81.87758827209473
TD-Clean-8,dsoh_refit,2024,B0005,419,76.69408123915822,81.84993743896484,81.84993743896484
TD-Clean-8,dsoh_refit,2024,B0005,423,76.7032886034996,81.8956241607666,81.84993743896484
TD-Clean-8,dsoh_refit,2024,B0005,427,76.43285089151239,81.91771507263184,81.84993743896484
TD-Clean-8,dsoh_refit,2024,B0005,431,77.83345221466253,81.70776748657227,81.70776748657227
TD-Clean-8,dsoh_refit,2024,B0005,433,78.09751233548145,81.7647590637207,81.70776748657227
TD-Clean-8,dsoh_refit,2024,B0005,437,76.96262218385922,81.58379745483398,81.58379745483398
TD-Clean-8,dsoh_refit,2024,B0005,441,76.3993634537507,81.45231437683105,81.45231437683105
TD-Clean-8,dsoh_refit,2024,B0005,445,76.08562321685423,81.40285682678223,81.40285682678223
TD-Clean-8,dsoh_refit,2024,B0005,449,75.84111192639295,81.37261581420898,81.37261581420898
TD-Clean-8,dsoh_refit,2024,B0005,453,75.5470202599512,81.32974052429199,81.32974052429199
TD-Clean-8,dsoh_refit,2024,B0005,457,75.2724773855306,81.24532699584961,81.24532699584961
TD-Clean-8,dsoh_refit,2024,B0005,461,74.95796574493023,81.1815013885498,81.1815013885498
TD-Clean-8,dsoh_refit,2024,B0005,465,74.67559060559861,81.08917617797852,81.08917617797852
TD-Clean-8,dsoh_refit,2024,B0005,469,74.4190975749656,81.06039810180664,81.06039810180664
TD-Clean-8,dsoh_refit,2024,B0005,473,74.41886702385212,81.0302562713623,81.0302562713623
TD-Clean-8,dsoh_refit,2024,B0005,477,74.10538957595438,81.00263214111328,81.00263214111328
TD-Clean-8,dsoh_refit,2024,B0005,481,74.68403981580354,81.70461845397949,81.00263214111328
TD-Clean-8,dsoh_refit,2024,B0005,483,75.26611054535188,81.83744239807129,81.00263214111328
TD-Clean-8,dsoh_refit,2024,B0005,485,74.38310747232698,81.68203544616699,81.00263214111328
TD-Clean-8,dsoh_refit,2024,B0005,489,74.10795710900801,81.64797019958496,81.00263214111328
TD-Clean-8,dsoh_refit,2024,B0005,493,73.53993654981534,81.58650970458984,81.00263214111328
TD-Clean-8,dsoh_refit,2024,B0005,497,73.55729388669064,81.70132827758789,81.00263214111328
TD-Clean-8,dsoh_refit,2024,B0005,501,73.56067241598603,81.72922706604004,81.00263214111328
TD-Clean-8,dsoh_refit,2024,B0005,505,73.26805286034079,81.69261741638184,81.00263214111328
TD-Clean-8,dsoh_refit,2024,B0005,509,72.98972077509227,81.60988998413086,81.00263214111328
TD-Clean-8,dsoh_refit,2024,B0005,513,72.70747847813722,81.6512222290039,81.00263214111328
TD-Clean-8,dsoh_refit,2024,B0005,517,72.70330518052887,81.84077835083008,81.00263214111328
TD-Clean-8,dsoh_refit,2024,B0005,521,72.43680818215978,81.84597587585449,81.00263214111328
TD-Clean-8,dsoh_refit,2024,B0005,525,72.14563728793834,81.78975105285645,81.00263214111328
TD-Clean-8,dsoh_refit,2024,B0005,529,71.84842350914826,81.75671195983887,81.00263214111328
TD-Clean-8,dsoh_refit,2024,B0005,533,71.57682808520298,82.01388359069824,81.00263214111328
TD-Clean-8,dsoh_refit,2024,B0005,537,71.59297070565168,82.45025062561035,81.00263214111328
TD-Clean-8,dsoh_refit,2024,B0005,541,71.58355486033668,82.4376163482666,81.00263214111328
TD-Clean-8,dsoh_refit,2024,B0005,545,71.88651633814797,82.2115535736084,81.00263214111328
TD-Clean-8,dsoh_refit,2024,B0005,548,73.85485752850198,82.70315742492676,81.00263214111328
TD-Clean-8,dsoh_refit,2024,B0005,552,72.73676298693475,82.68016242980957,81.00263214111328
TD-Clean-8,dsoh_refit,2024,B0005,556,72.16650080848474,82.61370849609375,81.00263214111328
TD-Clean-8,dsoh_refit,2024,B0005,560,71.87574889700983,82.58633995056152,81.00263214111328
TD-Clean-8,dsoh_refit,2024,B0005,564,71.60206343923741,82.57138252258301,81.00263214111328
TD-Clean-8,dsoh_refit,2024,B0005,568,71.32194157026348,82.59409523010254,81.00263214111328
TD-Clean-8,dsoh_refit,2024,B0005,572,71.30711389020412,82.59947204589844,81.00263214111328
TD-Clean-8,dsoh_refit,2024,B0005,576,71.01356336148518,82.60284042358398,81.00263214111328
TD-Clean-8,dsoh_refit,2024,B0005,580,70.75492745457169,82.74715042114258,81.00263214111328
TD-Clean-8,dsoh_refit,2024,B0005,584,70.77254445771489,82.76025390625,81.00263214111328
TD-Clean-8,dsoh_refit,2024,B0005,588,70.77540542374062,82.79348373413086,81.00263214111328
TD-Clean-8,dsoh_refit,2024,B0005,592,70.47550750397869,82.82695960998535,81.00263214111328
TD-Clean-8,dsoh_refit,2024,B0005,596,70.48563041810954,82.81459426879883,81.00263214111328
TD-Clean-8,dsoh_refit,2024,B0005,600,70.23531244180377,82.80998039245605,81.00263214111328
TD-Clean-8,dsoh_refit,2024,B0005,604,69.93882142370093,82.83253860473633,81.00263214111328
TD-Clean-8,dsoh_refit,2024,B0005,608,69.90890905512207,82.86442375183105,81.00263214111328
TD-Clean-8,dsoh_refit,2024,B0005,612,71.07977535187085,83.30197715759277,81.00263214111328
TD-Clean-8,dsoh_refit,2024,B0005,614,71.95205157786506,84.84816074371338,81.00263214111328
TD-Clean-8,dsoh_refit,2024,B0006,2,100.88297108833646,100.0,100.0
TD-Clean-8,dsoh_refit,2024,B0006,4,100.37753235288778,99.87961051613092,99.87961051613092
TD-Clean-8,dsoh_refit,2024,B0006,6,99.79196916000484,99.65392962098122,99.65392962098122
TD-Clean-8,dsoh_refit,2024,B0006,8,99.7899019818078,99.38666504621506,99.38666504621506
TD-Clean-8,dsoh_refit,2024,B0006,10,99.15762541696316,99.16387856006622,99.16387856006622
TD-Clean-8,dsoh_refit,2024,B0006,12,99.8203556776378,98.9257800579071,98.9257800579071
TD-Clean-8,dsoh_refit,2024,B0006,14,99.7808037027038,98.66210222244263,98.66210222244263
TD-Clean-8,dsoh_refit,2024,B0006,16,97.5844832820893,98.34552502632141,98.34552502632141
TD-Clean-8,dsoh_refit,2024,B0006,18,97.5535716293996,98.01270794868469,98.01270794868469
TD-Clean-8,dsoh_refit,2024,B0006,20,97.01155142541865,97.67879247665405,97.67879247665405
TD-Clean-8,dsoh_refit,2024,B0006,22,96.43502080876348,97.35311222076416,97.35311222076416
TD-Clean-8,dsoh_refit,2024,B0006,25,95.8972998236526,96.99391484260559,96.99391484260559
TD-Clean-8,dsoh_refit,2024,B0006,27,95.32875373854844,96.62269115447998,96.62269115447998
TD-Clean-8,dsoh_refit,2024,B0006,29,94.76419905980474,96.29467248916626,96.29467248916626
TD-Clean-8,dsoh_refit,2024,B0006,31,94.22773853976388,95.95237731933594,95.95237731933594
TD-Clean-8,dsoh_refit,2024,B0006,33,93.6395064953226,95.63432168960571,95.63432168960571
TD-Clean-8,dsoh_refit,2024,B0006,35,93.09821798643677,95.37042951583862,95.37042951583862
TD-Clean-8,dsoh_refit,2024,B0006,37,92.56743574756617,95.07382822036743,95.07382822036743
TD-Clean-8,dsoh_refit,2024,B0006,39,92.56840432582156,94.79040050506592,94.79040050506592
TD-Clean-8,dsoh_refit,2024,B0006,42,98.12161319843736,95.1157956123352,94.79040050506592
TD-Clean-8,dsoh_refit,2024,B0006,46,97.02736865587346,95.20240497589111,94.79040050506592
TD-Clean-8,dsoh_refit,2024,B0006,50,96.4457203456954,95.20036602020264,94.79040050506592
TD-Clean-8,dsoh_refit,2024,B0006,54,95.37664206593776,95.26691007614136,94.79040050506592
TD-Clean-8,dsoh_refit,2024,B0006,58,96.45395400781383,95.39445734024048,94.79040050506592
TD-Clean-8,dsoh_refit,2024,B0006,62,94.2446511737385,95.51637315750122,94.79040050506592
TD-Clean-8,dsoh_refit,2024,B0006,66,93.11783815158223,95.66748428344727,94.79040050506592
TD-Clean-8,dsoh_refit,2024,B0006,70,92.60393676951,95.83458805084229,94.79040050506592
TD-Clean-8,dsoh_refit,2024,B0006,74,91.99518419888014,96.05337834358215,94.79040050506592
TD-Clean-8,dsoh_refit,2024,B0006,78,91.45865458065036,96.26773977279663,94.79040050506592
TD-Clean-8,dsoh_refit,2024,B0006,82,92.05488530825814,96.48730683326721,94.79040050506592
TD-Clean-8,dsoh_refit,2024,B0006,90,93.2941701264468,96.22466444969177,94.79040050506592
TD-Clean-8,dsoh_refit,2024,B0006,94,91.95812296295944,95.93084001541138,94.79040050506592
TD-Clean-8,dsoh_refit,2024,B0006,98,91.16379285351326,95.79560327529907,94.79040050506592
TD-Clean-8,dsoh_refit,2024,B0006,102,90.13722315501992,95.68088340759277,94.79040050506592
TD-Clean-8,dsoh_refit,2024,B0006,106,89.88629167454431,95.61462783813477,94.79040050506592
TD-Clean-8,dsoh_refit,2024,B0006,110,89.07464504963947,95.45460844039917,94.79040050506592
TD-Clean-8,dsoh_refit,2024,B0006,114,88.27677498375004,95.3319320678711,94.79040050506592
TD-Clean-8,dsoh_refit,2024,B0006,118,87.78153478310176,95.3287239074707,94.79040050506592
TD-Clean-8,dsoh_refit,2024,B0006,122,87.25902301297472,95.41129922866821,94.79040050506592
TD-Clean-8,dsoh_refit,2024,B0006,126,86.75445063463465,95.3935604095459,94.79040050506592
TD-Clean-8,dsoh_refit,2024,B0006,130,86.21919662960373,95.2480936050415,94.79040050506592
TD-Clean-8,dsoh_refit,2024,B0006,134,86.97181002045869,95.07602882385254,94.79040050506592
TD-Clean-8,dsoh_refit,2024,B0006,136,87.53004089819298,95.2011137008667,94.79040050506592
TD-Clean-8,dsoh_refit,2024,B0006,140,85.93648557449694,95.24481725692749,94.79040050506592
TD-Clean-8,dsoh_refit,2024,B0006,144,84.92223069682748,95.2851095199585,94.79040050506592
TD-Clean-8,dsoh_refit,2024,B0006,148,84.38106569995976,95.39112043380737,94.79040050506592
TD-Clean-8,dsoh_refit,2024,B0006,150,90.39396636175364,95.6952075958252,94.79040050506592
TD-Clean-8,dsoh_refit,2024,B0006,154,89.62118442408695,95.21329069137573,94.79040050506592
TD-Clean-8,dsoh_refit,2024,B0006,158,88.01687540594799,94.81993961334229,94.79040050506592
TD-Clean-8,dsoh_refit,2024,B0006,162,86.47934133475826,94.5383768081665,94.5383768081665
TD-Clean-8,dsoh_refit,2024,B0006,166,85.7093899316892,94.42878723144531,94.42878723144531
TD-Clean-8,dsoh_refit,2024,B0006,170,84.66363361309608,94.29811811447144,94.29811811447144
TD-Clean-8,dsoh_refit,2024,B0006,174,84.14253773442293,94.17584371566772,94.17584371566772
TD-Clean-8,dsoh_refit,2024,B0006,178,83.37268440744252,94.06835508346558,94.06835508346558
TD-Clean-8,dsoh_refit,2024,B0006,182,82.84795096685752,94.02794790267944,94.02794790267944
TD-Clean-8,dsoh_refit,2024,B0006,186,82.31672078137474,94.0285120010376,94.02794790267944
TD-Clean-8,dsoh_refit,2024,B0006,190,81.8390002521071,94.06058120727539,94.02794790267944
TD-Clean-8,dsoh_refit,2024,B0006,194,81.29446683115198,93.97052717208862,93.97052717208862
TD-Clean-8,dsoh_refit,2024,B0006,198,80.75246648690656,93.90658664703369,93.90658664703369
TD-Clean-8,dsoh_refit,2024,B0006,202,79.7437886746144,93.7388596534729,93.7388596534729
TD-Clean-8,dsoh_refit,2024,B0006,206,79.47984426199564,93.62000465393066,93.62000465393066
TD-Clean-8,dsoh_refit,2024,B0006,210,79.25415788836384,93.65818548202515,93.62000465393066
TD-Clean-8,dsoh_refit,2024,B0006,214,78.69188922732394,93.50519943237305,93.50519943237305
TD-Clean-8,dsoh_refit,2024,B0006,216,78.46114405771091,93.32923650741577,93.32923650741577
TD-Clean-8,dsoh_refit,2024,B0006,220,77.67630372212932,93.14628028869629,93.14628028869629
TD-Clean-8,dsoh_refit,2024,B0006,224,77.38916838478035,93.07600212097168,93.07600212097168
TD-Clean-8,dsoh_refit,2024,B0006,228,76.88491527529958,93.01848888397217,93.01848888397217
TD-Clean-8,dsoh_refit,2024,B0006,232,76.3646225030132,92.93392181396484,92.93392181396484
TD-Clean-8,dsoh_refit,2024,B0006,236,75.60327887522882,92.79059934616089,92.79059934616089
TD-Clean-8,dsoh_refit,2024,B0006,240,75.84333345118733,92.72849798202515,92.72849798202515
TD-Clean-8,dsoh_refit,2024,B0006,244,75.57070473005419,92.6854190826416,92.6854190826416
TD-Clean-8,dsoh_refit,2024,B0006,248,75.06972493621848,92.65478563308716,92.65478563308716
TD-Clean-8,dsoh_refit,2024,B0006,252,74.81407516505371,92.61504364013672,92.61504364013672
TD-Clean-8,dsoh_refit,2024,B0006,256,74.54671414292675,92.5980978012085,92.5980978012085
TD-Clean-8,dsoh_refit,2024,B0006,260,74.02740213488109,92.53958988189697,92.53958988189697
TD-Clean-8,dsoh_refit,2024,B0006,264,73.73556466569462,92.5702018737793,92.53958988189697
TD-Clean-8,dsoh_refit,2024,B0006,266,75.84980622026112,92.65176582336426,92.53958988189697
TD-Clean-8,dsoh_refit,2024,B0006,270,74.55060879561292,92.61068773269653,92.53958988189697
TD-Clean-8,dsoh_refit,2024,B0006,274,73.79142812679322,92.69818830490112,92.53958988189697
TD-Clean-8,dsoh_refit,2024,B0006,278,73.27190839787096,92.76174926757812,92.53958988189697
TD-Clean-8,dsoh_refit,2024,B0006,282,73.28093201847443,92.84259510040283,92.53958988189697
TD-Clean-8,dsoh_refit,2024,B0006,286,73.02095301621284,93.01159572601318,92.53958988189697
TD-Clean-8,dsoh_refit,2024,B0006,290,72.73851013234444,92.93428468704224,92.53958988189697
TD-Clean-8,dsoh_refit,2024,B0006,294,71.95104826590523,92.81324338912964,92.53958988189697
TD-Clean-8,dsoh_refit,2024,B0006,298,71.96564568462234,92.83514022827148,92.53958988189697
TD-Clean-8,dsoh_refit,2024,B0006,302,71.72895437691278,92.93639421463013,92.53958988189697
TD-Clean-8,dsoh_refit,2024,B0006,306,71.71434939609318,92.9018611907959,92.53958988189697
TD-Clean-8,dsoh_refit,2024,B0006,310,71.45761792874575,92.82355976104736,92.53958988189697
TD-Clean-8,dsoh_refit,2024,B0006,313,78.98726854374111,92.7169885635376,92.53958988189697
TD-Clean-8,dsoh_refit,2024,B0006,316,76.64794397240323,92.84266901016235,92.53958988189697
TD-Clean-8,dsoh_refit,2024,B0006,320,75.07747171565073,92.67540740966797,92.53958988189697
TD-Clean-8,dsoh_refit,2024,B0006,324,74.29795247472106,92.57417058944702,92.53958988189697
TD-Clean-8,dsoh_refit,2024,B0006,328,73.51146675367659,92.5167350769043,92.5167350769043
TD-Clean-8,dsoh_refit,2024,B0006,332,73.00864275760908,92.46550226211548,92.46550226211548
TD-Clean-8,dsoh_refit,2024,B0006,336,72.50277290138493,92.43338060379028,92.43338060379028
TD-Clean-8,dsoh_refit,2024,B0006,340,71.96131839956391,92.3926215171814,92.3926215171814
TD-Clean-8,dsoh_refit,2024,B0006,344,71.71500633205595,92.30713558197021,92.30713558197021
TD-Clean-8,dsoh_refit,2024,B0006,348,71.44305583769248,92.25033521652222,92.25033521652222
TD-Clean-8,dsoh_refit,2024,B0006,352,70.93898960214143,92.22933578491211,92.22933578491211
TD-Clean-8,dsoh_refit,2024,B0006,356,70.68194044477139,92.18139314651489,92.18139314651489
TD-Clean-8,dsoh_refit,2024,B0006,360,70.4074916889224,92.0681324005127,92.0681324005127
TD-Clean-8,dsoh_refit,2024,B0006,364,70.41804785222855,92.07679605484009,92.0681324005127
TD-Clean-8,dsoh_refit,2024,B0006,367,71.98210310103482,91.97414588928223,91.97414588928223
TD-Clean-8,dsoh_refit,2024,B0006,371,70.95618334594263,91.79353141784668,91.79353141784668
TD-Clean-8,dsoh_refit,2024,B0006,375,70.1362730902931,91.5628604888916,91.5628604888916
TD-Clean-8,dsoh_refit,2024,B0006,379,69.87433806657212,91.41172790527344,91.41172790527344
TD-Clean-8,dsoh_refit,2024,B0006,383,69.63573699649338,91.35380268096924,91.35380268096924
TD-Clean-8,dsoh_refit,2024,B0006,387,69.15232147064526,91.15340518951416,91.15340518951416
TD-Clean-8,dsoh_refit,2024,B0006,391,69.12109936452545,91.00004768371582,91.00004768371582
TD-Clean-8,dsoh_refit,2024,B0006,395,68.86250185726787,90.8524227142334,90.8524227142334
TD-Clean-8,dsoh_refit,2024,B0006,399,68.59092282212131,90.7512559890747,90.7512559890747
TD-Clean-8,dsoh_refit,2024,B0006,403,68.08750743669,90.5515947341919,90.5515947341919
TD-Clean-8,dsoh_refit,2024,B0006,407,68.33159705981836,90.38526821136475,90.38526821136475
TD-Clean-8,dsoh_refit,2024,B0006,411,68.09140360412486,90.19953060150146,90.19953060150146
TD-Clean-8,dsoh_refit,2024,B0006,415,67.81869443003508,90.02674198150635,90.02674198150635
TD-Clean-8,dsoh_refit,2024,B0006,419,67.5730638436144,89.91423034667969,89.91423034667969
TD-Clean-8,dsoh_refit,2024,B0006,423,67.31503513349786,89.77817058563232,89.77817058563232
TD-Clean-8,dsoh_refit,2024,B0006,427,67.07575548417674,89.53837966918945,89.53837966918945
TD-Clean-8,dsoh_refit,2024,B0006,431,68.60691404106846,89.18930149078369,89.18930149078369
TD-Clean-8,dsoh_refit,2024,B0006,433,69.64711039275872,89.01771926879883,89.01771926879883
TD-Clean-8,dsoh_refit,2024,B0006,437,68.33719964359061,88.80201816558838,88.80201816558838
TD-Clean-8,dsoh_refit,2024,B0006,441,67.81907707369999,88.65855407714844,88.65855407714844
TD-Clean-8,dsoh_refit,2024,B0006,445,67.27630029953899,88.5773983001709,88.5773983001709
TD-Clean-8,dsoh_refit,2024,B0006,449,67.03731096833596,88.47395133972168,88.47395133972168
TD-Clean-8,dsoh_refit,2024,B0006,453,66.78534122129697,88.40104103088379,88.40104103088379
TD-Clean-8,dsoh_refit,2024,B0006,457,66.26973868287087,88.27022647857666,88.27022647857666
TD-Clean-8,dsoh_refit,2024,B0006,461,65.98363462621751,88.17918395996094,88.17918395996094
TD-Clean-8,dsoh_refit,2024,B0006,465,65.72069252661954,88.00812244415283,88.00812244415283
TD-Clean-8,dsoh_refit,2024,B0006,469,65.50500064349335,87.92309093475342,87.92309093475342
TD-Clean-8,dsoh_refit,2024,B0006,473,65.48747074550045,87.85323429107666,87.85323429107666
TD-Clean-8,dsoh_refit,2024,B0006,477,65.2110653386093,87.77557277679443,87.77557277679443
TD-Clean-8,dsoh_refit,2024,B0006,481,65.47148558720653,87.71834182739258,87.71834182739258
TD-Clean-8,dsoh_refit,2024,B0006,483,66.78647932759047,87.5373764038086,87.5373764038086
TD-Clean-8,dsoh_refit,2024,B0006,485,65.72477818237311,87.2638578414917,87.2638578414917
TD-Clean-8,dsoh_refit,2024,B0006,489,64.93697426302657,87.08621120452881,87.08621120452881
TD-Clean-8,dsoh_refit,2024,B0006,493,64.69397950587184,86.91261672973633,86.91261672973633
TD-Clean-8,dsoh_refit,2024,B0006,497,64.45556804271465,86.75946426391602,86.75946426391602
TD-Clean-8,dsoh_refit,2024,B0006,501,64.44711910522597,86.54069328308105,86.54069328308105
TD-Clean-8,dsoh_refit,2024,B0006,505,63.9153253541329,86.28951740264893,86.28951740264893
TD-Clean-8,dsoh_refit,2024,B0006,509,63.40709756117343,86.03933715820312,86.03933715820312
TD-Clean-8,dsoh_refit,2024,B0006,513,63.40485519747241,85.90525913238525,85.90525913238525
TD-Clean-8,dsoh_refit,2024,B0006,517,63.14854807557744,85.76882553100586,85.76882553100586
TD-Clean-8,dsoh_refit,2024,B0006,521,63.15304028594434,85.53669834136963,85.53669834136963
TD-Clean-8,dsoh_refit,2024,B0006,525,62.63936845251047,85.22968864440918,85.22968864440918
TD-Clean-8,dsoh_refit,2024,B0006,529,62.36048327920517,85.05452728271484,85.05452728271484
TD-Clean-8,dsoh_refit,2024,B0006,533,62.11872624491582,84.93147373199463,84.93147373199463
TD-Clean-8,dsoh_refit,2024,B0006,537,62.11731201074328,84.8379373550415,84.8379373550415
TD-Clean-8,dsoh_refit,2024,B0006,541,61.86235410492132,84.56413459777832,84.56413459777832
TD-Clean-8,dsoh_refit,2024,B0006,545,62.12742822257309,84.35073566436768,84.35073566436768
TD-Clean-8,dsoh_refit,2024,B0006,548,63.93010610326108,84.23972511291504,84.23972511291504
TD-Clean-8,dsoh_refit,2024,B0006,552,62.62827859533666,84.10986614227295,84.10986614227295
TD-Clean-8,dsoh_refit,2024,B0006,556,61.85683618405182,83.94952964782715,83.94952964782715
TD-Clean-8,dsoh_refit,2024,B0006,560,61.07092794836815,83.74425506591797,83.74425506591797
TD-Clean-8,dsoh_refit,2024,B0006,564,60.82277612678393,83.59013748168945,83.59013748168945
TD-Clean-8,dsoh_refit,2024,B0006,568,60.55640953242813,83.4572811126709,83.4572811126709
TD-Clean-8,dsoh_refit,2024,B0006,572,60.02917505279337,83.27207946777344,83.27207946777344
TD-Clean-8,dsoh_refit,2024,B0006,576,59.75722270334661,83.11032295227051,83.11032295227051
TD-Clean-8,dsoh_refit,2024,B0006,580,59.52315601830062,83.0117359161377,83.0117359161377
TD-Clean-8,dsoh_refit,2024,B0006,584,59.01246912863032,82.80610275268555,82.80610275268555
TD-Clean-8,dsoh_refit,2024,B0006,588,58.74426171153606,82.62616729736328,82.62616729736328
TD-Clean-8,dsoh_refit,2024,B0006,592,58.47122551716232,82.43221855163574,82.43221855163574
TD-Clean-8,dsoh_refit,2024,B0006,596,58.2196597592319,82.21327590942383,82.21327590942383
TD-Clean-8,dsoh_refit,2024,B0006,600,57.18983519098029,81.97212791442871,81.97212791442871
TD-Clean-8,dsoh_refit,2024,B0006,604,57.71437056534329,81.73615074157715,81.73615074157715
TD-Clean-8,dsoh_refit,2024,B0006,608,57.43663099473362,81.51976013183594,81.51976013183594
TD-Clean-8,dsoh_refit,2024,B0006,612,58.23847489632371,81.2121639251709,81.2121639251709
TD-Clean-8,dsoh_refit,2024,B0006,614,58.76884540363096,81.06990242004395,81.06990242004395
TD-Clean-8,dsoh_refit,2024,B0007,2,100.45351791563915,100.0,100.0
TD-Clean-8,dsoh_refit,2024,B0007,4,99.900254379013,99.79068115353584,99.79068115353584
TD-Clean-8,dsoh_refit,2024,B0007,6,99.90161660017114,99.57753464579582,99.57753464579582
TD-Clean-8,dsoh_refit,2024,B0007,8,99.9073657865712,99.35726165771484,99.35726165771484
TD-Clean-8,dsoh_refit,2024,B0007,10,99.83724531860553,99.13638931512833,99.13638931512833
TD-Clean-8,dsoh_refit,2024,B0007,12,99.90361817867274,98.92321240901947,98.92321240901947
TD-Clean-8,dsoh_refit,2024,B0007,14,99.86297576917136,98.71497285366058,98.71497285366058
TD-Clean-8,dsoh_refit,2024,B0007,16,99.94656396119812,98.48784470558167,98.48784470558167
TD-Clean-8,dsoh_refit,2024,B0007,18,99.31878532934633,98.25726854801178,98.25726854801178
TD-Clean-8,dsoh_refit,2024,B0007,20,99.33799331164263,98.0266923904419,98.0266923904419
TD-Clean-8,dsoh_refit,2024,B0007,22,99.33756087304828,97.79611611366272,97.79611611366272
TD-Clean-8,dsoh_refit,2024,B0007,25,98.78551523188162,97.56553983688354,97.56553983688354
TD-Clean-8,dsoh_refit,2024,B0007,27,98.75485184986668,97.33496356010437,97.33496356010437
TD-Clean-8,dsoh_refit,2024,B0007,29,98.75133536665352,97.1043872833252,97.1043872833252
TD-Clean-8,dsoh_refit,2024,B0007,31,98.77012942519043,96.87381100654602,96.87381100654602
TD-Clean-8,dsoh_refit,2024,B0007,33,98.73683812511632,96.64323472976685,96.64323472976685
TD-Clean-8,dsoh_refit,2024,B0007,35,98.15685575226132,96.41265845298767,96.41265845298767
TD-Clean-8,dsoh_refit,2024,B0007,37,98.19446503474695,96.1820821762085,96.1820821762085
TD-Clean-8,dsoh_refit,2024,B0007,39,98.186691403046,95.9515061378479,95.9515061378479
TD-Clean-8,dsoh_refit,2024,B0007,42,99.90787801510066,95.81094551086426,95.81094551086426
TD-Clean-8,dsoh_refit,2024,B0007,46,99.94461695603135,95.64682102203369,95.64682102203369
TD-Clean-8,dsoh_refit,2024,B0007,50,99.92460497901308,95.45706224441528,95.45706224441528
TD-Clean-8,dsoh_refit,2024,B0007,54,99.38880751306714,95.27252149581909,95.27252149581909
TD-Clean-8,dsoh_refit,2024,B0007,58,99.34580918956073,95.10381889343262,95.10381889343262
TD-Clean-8,dsoh_refit,2024,B0007,62,99.37088315432128,94.91961574554443,94.91961574554443
TD-Clean-8,dsoh_refit,2024,B0007,66,98.78342046080256,94.73787832260132,94.73787832260132
TD-Clean-8,dsoh_refit,2024,B0007,70,98.8058078187501,94.55839157104492,94.55839157104492
TD-Clean-8,dsoh_refit,2024,B0007,74,98.75966747373796,94.38235425949097,94.38235425949097
TD-Clean-8,dsoh_refit,2024,B0007,78,98.1739885027512,94.20501947402954,94.20501947402954
TD-Clean-8,dsoh_refit,2024,B0007,82,98.23039625446908,94.02993106842041,94.02993106842041
TD-Clean-8,dsoh_refit,2024,B0007,90,98.95386520139344,93.80301189422607,93.80301189422607
TD-Clean-8,dsoh_refit,2024,B0007,94,98.38356039411237,93.57243585586548,93.57243585586548
TD-Clean-8,dsoh_refit,2024,B0007,98,98.11080955264678,93.37474584579468,93.37474584579468
TD-Clean-8,dsoh_refit,2024,B0007,102,97.57312273601715,93.16569709777832,93.16569709777832
TD-Clean-8,dsoh_refit,2024,B0007,106,97.5908400366413,92.97628974914551,92.97628974914551
TD-Clean-8,dsoh_refit,2024,B0007,110,97.29922460125108,92.76587772369385,92.76587772369385
TD-Clean-8,dsoh_refit,2024,B0007,114,96.74012336609094,92.54778385162354,92.54778385162354
TD-Clean-8,dsoh_refit,2024,B0007,118,96.49359124138364,92.40125465393066,92.40125465393066
TD-Clean-8,dsoh_refit,2024,B0007,122,96.22137391342224,92.28591823577881,92.28591823577881
TD-Clean-8,dsoh_refit,2024,B0007,126,96.233276781278,92.09283018112183,92.09283018112183
TD-Clean-8,dsoh_refit,2024,B0007,130,95.93841918044076,91.86609268188477,91.86609268188477
TD-Clean-8,dsoh_refit,2024,B0007,134,96.31819241353496,91.63551616668701,91.63551616668701
TD-Clean-8,dsoh_refit,2024,B0007,136,95.94953719543624,91.46245098114014,91.46245098114014
TD-Clean-8,dsoh_refit,2024,B0007,140,95.3953227427902,91.32833099365234,91.32833099365234
TD-Clean-8,dsoh_refit,2024,B0007,144,94.86699939598208,91.17834663391113,91.17834663391113
TD-Clean-8,dsoh_refit,2024,B0007,148,94.57173479963342,91.12402439117432,91.12402439117432
TD-Clean-8,dsoh_refit,2024,B0007,150,96.41760769059738,91.00593948364258,91.00593948364258
TD-Clean-8,dsoh_refit,2024,B0007,154,96.45090493439226,90.77536296844482,90.77536296844482
TD-Clean-8,dsoh_refit,2024,B0007,158,95.6297003383392,90.54478645324707,90.54478645324707
TD-Clean-8,dsoh_refit,2024,B0007,162,95.10935396520227,90.31420993804932,90.31420993804932
TD-Clean-8,dsoh_refit,2024,B0007,166,94.57259385530976,90.09881973266602,90.09881973266602
TD-Clean-8,dsoh_refit,2024,B0007,170,94.30623404626093,89.87114810943604,89.87114810943604
TD-Clean-8,dsoh_refit,2024,B0007,174,94.0371367595855,89.65121269226074,89.65121269226074
TD-Clean-8,dsoh_refit,2024,B0007,178,93.49626919937222,89.43459129333496,89.43459129333496
TD-Clean-8,dsoh_refit,2024,B0007,182,92.9420388383138,89.24053192138672,89.24053192138672
TD-Clean-8,dsoh_refit,2024,B0007,186,92.94217065781828,89.0541181564331,89.0541181564331
TD-Clean-8,dsoh_refit,2024,B0007,190,92.69668329388116,88.874098777771,88.874098777771
TD-Clean-8,dsoh_refit,2024,B0007,194,92.41073633514534,88.6587381362915,88.6587381362915
TD-Clean-8,dsoh_refit,2024,B0007,198,91.82208130681248,88.45264530181885,88.45264530181885
TD-Clean-8,dsoh_refit,2024,B0007,202,91.5743327473832,88.2220687866211,88.2220687866211
TD-Clean-8,dsoh_refit,2024,B0007,206,91.04730118386937,88.00517177581787,88.00517177581787
TD-Clean-8,dsoh_refit,2024,B0007,210,91.04684020750553,87.82551860809326,87.82551860809326
TD-Clean-8,dsoh_refit,2024,B0007,214,90.49873919973382,87.61015510559082,87.61015510559082
TD-Clean-8,dsoh_refit,2024,B0007,216,90.51794914609178,87.38992404937744,87.38992404937744
TD-Clean-8,dsoh_refit,2024,B0007,220,89.96325858213598,87.16514301300049,87.16514301300049
TD-Clean-8,dsoh_refit,2024,B0007,224,89.64911074691454,86.96828651428223,86.96828651428223
TD-Clean-8,dsoh_refit,2024,B0007,228,89.4056438247883,86.77042484283447,86.77042484283447
TD-Clean-8,dsoh_refit,2024,B0007,232,89.13221056506995,86.56940937042236,86.56940937042236
TD-Clean-8,dsoh_refit,2024,B0007,236,88.88142970948275,86.34364414215088,86.34364414215088
TD-Clean-8,dsoh_refit,2024,B0007,240,88.57496163215028,86.1585807800293,86.1585807800293
TD-Clean-8,dsoh_refit,2024,B0007,244,88.30030467403411,85.97391891479492,85.97391891479492
TD-Clean-8,dsoh_refit,2024,B0007,248,88.04309784572763,85.79078006744385,85.79078006744385
TD-Clean-8,dsoh_refit,2024,B0007,252,87.7835715053401,85.6098690032959,85.6098690032959
TD-Clean-8,dsoh_refit,2024,B0007,256,87.5009058762453,85.43220615386963,85.43220615386963
TD-Clean-8,dsoh_refit,2024,B0007,260,86.92700430940862,85.23996829986572,85.23996829986572
TD-Clean-8,dsoh_refit,2024,B0007,264,86.91859800690037,85.07388210296631,85.07388210296631
TD-Clean-8,dsoh_refit,2024,B0007,266,87.17696241036246,84.89559268951416,84.89559268951416
TD-Clean-8,dsoh_refit,2024,B0007,270,86.66971006432802,84.71334457397461,84.71334457397461
TD-Clean-8,dsoh_refit,2024,B0007,274,86.11955257111292,84.62357807159424,84.62357807159424
TD-Clean-8,dsoh_refit,2024,B0007,278,85.86532022039283,84.45634365081787,84.45634365081787
TD-Clean-8,dsoh_refit,2024,B0007,282,85.83324550155743,84.30603218078613,84.30603218078613
TD-Clean-8,dsoh_refit,2024,B0007,286,85.88108948972226,84.11630630493164,84.11630630493164
TD-Clean-8,dsoh_refit,2024,B0007,290,85.56987844007078,83.92330169677734,83.92330169677734
TD-Clean-8,dsoh_refit,2024,B0007,294,85.027771191142,83.70833778381348,83.70833778381348
TD-Clean-8,dsoh_refit,2024,B0007,298,84.77582688520748,83.55400276184082,83.55400276184082
TD-Clean-8,dsoh_refit,2024,B0007,302,84.79178974791847,83.41121292114258,83.41121292114258
TD-Clean-8,dsoh_refit,2024,B0007,306,84.76993385106519,83.23312759399414,83.23312759399414
TD-Clean-8,dsoh_refit,2024,B0007,310,84.49605927424464,83.04681205749512,83.04681205749512
TD-Clean-8,dsoh_refit,2024,B0007,313,89.71090998622898,82.85164642333984,82.85164642333984
TD-Clean-8,dsoh_refit,2024,B0007,316,86.37349719367897,82.68000793457031,82.68000793457031
TD-Clean-8,dsoh_refit,2024,B0007,320,85.82898928627563,82.45937919616699,82.45937919616699
TD-Clean-8,dsoh_refit,2024,B0007,324,85.2934976107533,82.24499702453613,82.24499702453613
TD-Clean-8,dsoh_refit,2024,B0007,328,84.72574724857897,82.04971313476562,82.04971313476562
TD-Clean-8,dsoh_refit,2024,B0007,332,84.48328177752624,81.86121559143066,81.86121559143066
TD-Clean-8,dsoh_refit,2024,B0007,336,84.21457006738538,81.67799377441406,81.67799377441406
TD-Clean-8,dsoh_refit,2024,B0007,340,83.9288888229777,81.49636650085449,81.49636650085449
TD-Clean-8,dsoh_refit,2024,B0007,344,83.67629222648154,81.2921257019043,81.2921257019043
TD-Clean-8,dsoh_refit,2024,B0007,348,83.38837618926404,81.1114387512207,81.1114387512207
TD-Clean-8,dsoh_refit,2024,B0007,352,83.41270816038221,80.93004035949707,80.93004035949707
TD-Clean-8,dsoh_refit,2024,B0007,356,83.14675201444969,80.75056838989258,80.75056838989258
TD-Clean-8,dsoh_refit,2024,B0007,360,82.8484308280049,80.54668045043945,80.54668045043945
TD-Clean-8,dsoh_refit,2024,B0007,364,83.13252526962864,80.37082099914551,80.37082099914551
TD-Clean-8,dsoh_refit,2024,B0007,367,83.66359396289195,80.17388534545898,80.17388534545898
TD-Clean-8,dsoh_refit,2024,B0007,371,83.14841165448959,79.95940971374512,79.95940971374512
TD-Clean-8,dsoh_refit,2024,B0007,375,82.85488835556158,79.73653602600098,79.73653602600098
TD-Clean-8,dsoh_refit,2024,B0007,379,82.33123711829187,79.52266120910645,79.52266120910645
TD-Clean-8,dsoh_refit,2024,B0007,383,82.01142381939957,79.33907508850098,79.33907508850098
TD-Clean-8,dsoh_refit,2024,B0007,387,82.07206587982726,79.1303939819336,79.1303939819336
TD-Clean-8,dsoh_refit,2024,B0007,391,82.0495038543302,78.92886543273926,78.92886543273926
TD-Clean-8,dsoh_refit,2024,B0007,395,81.5031419618624,78.72202491760254,78.72202491760254
TD-Clean-8,dsoh_refit,2024,B0007,399,81.20841503507037,78.53958129882812,78.53958129882812
TD-Clean-8,dsoh_refit,2024,B0007,403,81.21721340553746,78.3278865814209,78.3278865814209
TD-Clean-8,dsoh_refit,2024,B0007,407,81.22601148878292,78.13679313659668,78.13679313659668
TD-Clean-8,dsoh_refit,2024,B0007,411,80.95054391771832,77.93219566345215,77.93219566345215
TD-Clean-8,dsoh_refit,2024,B0007,415,80.67227833994721,77.73206520080566,77.73206520080566
TD-Clean-8,dsoh_refit,2024,B0007,419,80.40565013650571,77.55094337463379,77.55094337463379
TD-Clean-8,dsoh_refit,2024,B0007,423,80.40335490244634,77.35733604431152,77.35733604431152
TD-Clean-8,dsoh_refit,2024,B0007,427,80.42152437300291,77.15367126464844,77.15367126464844
TD-Clean-8,dsoh_refit,2024,B0007,431,81.48461605871495,76.923095703125,76.923095703125
TD-Clean-8,dsoh_refit,2024,B0007,433,81.75963969607048,76.71362113952637,76.71362113952637
TD-Clean-8,dsoh_refit,2024,B0007,437,80.93560989493338,76.49491691589355,76.49491691589355
TD-Clean-8,dsoh_refit,2024,B0007,441,80.40209515327608,76.28803825378418,76.28803825378418
TD-Clean-8,dsoh_refit,2024,B0007,445,80.09419697809993,76.10856056213379,76.10856056213379
TD-Clean-8,dsoh_refit,2024,B0007,449,79.85042691616567,75.92907524108887,75.92907524108887
TD-Clean-8,dsoh_refit,2024,B0007,453,79.56495728605914,75.7542724609375,75.7542724609375
TD-Clean-8,dsoh_refit,2024,B0007,457,79.30076147796538,75.5773754119873,75.5773754119873
TD-Clean-8,dsoh_refit,2024,B0007,461,79.2776995197187,75.41012763977051,75.41012763977051
TD-Clean-8,dsoh_refit,2024,B0007,465,79.01573008127421,75.21677589416504,75.21677589416504
TD-Clean-8,dsoh_refit,2024,B0007,469,78.7529099419952,75.04819869995117,75.04819869995117
TD-Clean-8,dsoh_refit,2024,B0007,473,78.76631135529045,74.88818168640137,74.88818168640137
TD-Clean-8,dsoh_refit,2024,B0007,477,78.45734950325969,74.73134803771973,74.73134803771973
TD-Clean-8,dsoh_refit,2024,B0007,481,78.71925319505982,74.58356666564941,74.58356666564941
TD-Clean-8,dsoh_refit,2024,B0007,483,79.58166685963718,74.40771865844727,74.40771865844727
TD-Clean-8,dsoh_refit,2024,B0007,485,78.72860058663869,74.19185256958008,74.19185256958008
TD-Clean-8,dsoh_refit,2024,B0007,489,78.46501751785956,74.01304626464844,74.01304626464844
TD-Clean-8,dsoh_refit,2024,B0007,493,78.19738333514631,73.85084342956543,73.85084342956543
TD-Clean-8,dsoh_refit,2024,B0007,497,78.20645287101384,73.67551040649414,73.67551040649414
TD-Clean-8,dsoh_refit,2024,B0007,501,77.92824275772597,73.48887825012207,73.48887825012207
TD-Clean-8,dsoh_refit,2024,B0007,505,77.6497101362114,73.28561019897461,73.28561019897461
TD-Clean-8,dsoh_refit,2024,B0007,509,77.38028422735451,73.0872802734375,73.0872802734375
TD-Clean-8,dsoh_refit,2024,B0007,513,77.09660547904922,72.93762969970703,72.93762969970703
TD-Clean-8,dsoh_refit,2024,B0007,517,77.11046744203753,72.78674697875977,72.78674697875977
TD-Clean-8,dsoh_refit,2024,B0007,521,76.85550035450103,72.61161422729492,72.61161422729492
TD-Clean-8,dsoh_refit,2024,B0007,525,76.85236240084764,72.41182899475098,72.41182899475098
TD-Clean-8,dsoh_refit,2024,B0007,529,76.56671722215358,72.26679420471191,72.26679420471191
TD-Clean-8,dsoh_refit,2024,B0007,533,76.29399038621672,72.20352935791016,72.20352935791016
TD-Clean-8,dsoh_refit,2024,B0007,537,76.32425788720361,72.11225509643555,72.11225509643555
TD-Clean-8,dsoh_refit,2024,B0007,541,76.29658741049414,71.92768478393555,71.92768478393555
TD-Clean-8,dsoh_refit,2024,B0007,545,76.59209728582513,71.75758743286133,71.75758743286133
TD-Clean-8,dsoh_refit,2024,B0007,548,77.93863743061358,71.65507507324219,71.65507507324219
TD-Clean-8,dsoh_refit,2024,B0007,552,77.12364718084329,71.49008178710938,71.49008178710938
TD-Clean-8,dsoh_refit,2024,B0007,556,76.8725967441492,71.31783485412598,71.31783485412598
TD-Clean-8,dsoh_refit,2024,B0007,560,76.58854113704766,71.13252639770508,71.13252639770508
TD-Clean-8,dsoh_refit,2024,B0007,564,76.04885672654179,70.97250556945801,70.97250556945801
TD-Clean-8,dsoh_refit,2024,B0007,568,76.05828438472663,70.84473419189453,70.84473419189453
TD-Clean-8,dsoh_refit,2024,B0007,572,75.76335089505734,70.68145179748535,70.68145179748535
TD-Clean-8,dsoh_refit,2024,B0007,576,75.75439980355237,70.55711364746094,70.55711364746094
TD-Clean-8,dsoh_refit,2024,B0007,580,75.49812548326929,70.50950050354004,70.50950050354004
TD-Clean-8,dsoh_refit,2024,B0007,584,75.23591897923467,70.35006141662598,70.35006141662598
TD-Clean-8,dsoh_refit,2024,B0007,588,75.24924732301496,70.19158935546875,70.19158935546875
TD-Clean-8,dsoh_refit,2024,B0007,592,74.94444174506414,70.04521942138672,70.04521942138672
TD-Clean-8,dsoh_refit,2024,B0007,596,74.95266425125988,69.9011402130127,69.9011402130127
TD-Clean-8,dsoh_refit,2024,B0007,600,74.69643604452878,69.73925971984863,69.73925971984863
TD-Clean-8,dsoh_refit,2024,B0007,604,74.7051700493532,69.58375930786133,69.58375930786133
TD-Clean-8,dsoh_refit,2024,B0007,608,74.39278959915883,69.43896865844727,69.43896865844727
TD-Clean-8,dsoh_refit,2024,B0007,612,75.52591562947222,69.26338386535645,69.26338386535645
TD-Clean-8,dsoh_refit,2024,B0007,614,76.09264518290325,69.13680267333984,69.13680267333984
TD-Clean-8,dsoh_refit,2024,B0018,3,100.8025811041783,100.0,100.0
TD-Clean-8,dsoh_refit,2024,B0018,7,100.16087022619236,99.646843791008,99.646843791008
TD-Clean-8,dsoh_refit,2024,B0018,11,99.96558598273582,99.20233976840973,99.20233976840973
TD-Clean-8,dsoh_refit,2024,B0018,15,99.48041766162956,98.75783574581146,98.75783574581146
TD-Clean-8,dsoh_refit,2024,B0018,18,99.59054502526398,98.77633726596832,98.75783574581146
TD-Clean-8,dsoh_refit,2024,B0018,20,99.36387169185286,98.33183324337006,98.33183324337006
TD-Clean-8,dsoh_refit,2024,B0018,22,98.96567828327716,97.88732933998108,97.88732933998108
TD-Clean-8,dsoh_refit,2024,B0018,24,98.63793870309058,97.44282531738281,97.44282531738281
TD-Clean-8,dsoh_refit,2024,B0018,27,98.04714689052696,96.99832129478455,96.99832129478455
TD-Clean-8,dsoh_refit,2024,B0018,30,99.06887382997856,96.58792448043823,96.58792448043823
TD-Clean-8,dsoh_refit,2024,B0018,32,98.47248926951052,96.14342045783997,96.14342045783997
TD-Clean-8,dsoh_refit,2024,B0018,34,98.068534707018,95.6989164352417,95.6989164352417
TD-Clean-8,dsoh_refit,2024,B0018,36,97.31606084566693,95.25441265106201,95.25441265106201
TD-Clean-8,dsoh_refit,2024,B0018,39,96.91537145663308,94.80990886688232,94.80990886688232
TD-Clean-8,dsoh_refit,2024,B0018,42,96.77777434993364,94.36540508270264,94.36540508270264
TD-Clean-8,dsoh_refit,2024,B0018,44,96.24906078283864,93.92090129852295,93.92090129852295
TD-Clean-8,dsoh_refit,2024,B0018,46,96.10893521170082,93.47639751434326,93.47639751434326
TD-Clean-8,dsoh_refit,2024,B0018,48,95.29382636269746,93.03189373016357,93.03189373016357
TD-Clean-8,dsoh_refit,2024,B0018,51,94.89112029628322,92.58738994598389,92.58738994598389
TD-Clean-8,dsoh_refit,2024,B0018,54,94.42623362260446,92.1428861618042,92.1428861618042
TD-Clean-8,dsoh_refit,2024,B0018,56,94.09214261326034,91.69838237762451,91.69838237762451
TD-Clean-8,dsoh_refit,2024,B0018,58,92.84655809058668,91.25387859344482,91.25387859344482
TD-Clean-8,dsoh_refit,2024,B0018,60,93.00278636580364,90.80937480926514,90.80937480926514
TD-Clean-8,dsoh_refit,2024,B0018,63,92.78717154289568,90.36487102508545,90.36487102508545
TD-Clean-8,dsoh_refit,2024,B0018,66,95.05514633441328,89.92290210723877,89.92290210723877
TD-Clean-8,dsoh_refit,2024,B0018,68,94.16023397654948,89.47839832305908,89.47839832305908
TD-Clean-8,dsoh_refit,2024,B0018,70,93.58756901230694,89.0338945388794,89.0338945388794
TD-Clean-8,dsoh_refit,2024,B0018,72,93.02323711734508,88.5893907546997,88.5893907546997
TD-Clean-8,dsoh_refit,2024,B0018,75,92.33971230163448,88.14488697052002,88.14488697052002
TD-Clean-8,dsoh_refit,2024,B0018,78,92.05544475967478,87.70038318634033,87.70038318634033
TD-Clean-8,dsoh_refit,2024,B0018,80,91.39607597710202,87.25587940216064,87.25587940216064
TD-Clean-8,dsoh_refit,2024,B0018,82,91.12841202900309,86.81137561798096,86.81137561798096
TD-Clean-8,dsoh_refit,2024,B0018,84,90.50598444143154,86.36687183380127,86.36687183380127
TD-Clean-8,dsoh_refit,2024,B0018,87,90.05329919062662,85.92236804962158,85.92236804962158
TD-Clean-8,dsoh_refit,2024,B0018,90,89.56595375021743,85.4778642654419,85.4778642654419
TD-Clean-8,dsoh_refit,2024,B0018,92,89.05221474379236,85.0333604812622,85.0333604812622
TD-Clean-8,dsoh_refit,2024,B0018,94,88.4478648526792,84.58885669708252,84.58885669708252
TD-Clean-8,dsoh_refit,2024,B0018,96,88.14926233550939,84.14435291290283,84.14435291290283
TD-Clean-8,dsoh_refit,2024,B0018,99,87.70654438914323,83.69984817504883,83.69984817504883
TD-Clean-8,dsoh_refit,2024,B0018,102,91.07812245566797,83.28981590270996,83.28981590270996
TD-Clean-8,dsoh_refit,2024,B0018,104,89.62445100410937,82.84531211853027,82.84531211853027
TD-Clean-8,dsoh_refit,2024,B0018,106,88.70513095013024,82.40080833435059,82.40080833435059
TD-Clean-8,dsoh_refit,2024,B0018,108,87.83746900859978,81.9563045501709,81.9563045501709
TD-Clean-8,dsoh_refit,2024,B0018,111,87.53788044222665,81.51180076599121,81.51180076599121
TD-Clean-8,dsoh_refit,2024,B0018,114,86.69891328476463,81.06729698181152,81.06729698181152
TD-Clean-8,dsoh_refit,2024,B0018,119,93.27978546012802,80.62279319763184,80.62279319763184
TD-Clean-8,dsoh_refit,2024,B0018,121,92.1525471966999,80.17828941345215,80.17828941345215
TD-Clean-8,dsoh_refit,2024,B0018,123,91.17195305362098,79.73378562927246,79.73378562927246
TD-Clean-8,dsoh_refit,2024,B0018,125,90.2416573040256,79.28928184509277,79.28928184509277
TD-Clean-8,dsoh_refit,2024,B0018,128,90.55423897233052,78.85411262512207,78.85411262512207
TD-Clean-8,dsoh_refit,2024,B0018,130,89.49039068452917,78.40960884094238,78.40960884094238
TD-Clean-8,dsoh_refit,2024,B0018,132,88.3454487099843,77.9651050567627,77.9651050567627
TD-Clean-8,dsoh_refit,2024,B0018,134,87.60607299731777,77.52060127258301,77.52060127258301
TD-Clean-8,dsoh_refit,2024,B0018,136,87.25714700042141,77.07609748840332,77.07609748840332
TD-Clean-8,dsoh_refit,2024,B0018,143,89.1426764135498,76.63159370422363,76.63159370422363
TD-Clean-8,dsoh_refit,2024,B0018,145,87.66626044455795,76.18708992004395,76.18708992004395
TD-Clean-8,dsoh_refit,2024,B0018,147,86.51592379470374,75.74258613586426,75.74258613586426
TD-Clean-8,dsoh_refit,2024,B0018,150,86.21730704320841,75.29808235168457,75.29808235168457
TD-Clean-8,dsoh_refit,2024,B0018,153,85.8627581657356,74.85357856750488,74.85357856750488
TD-Clean-8,dsoh_refit,2024,B0018,155,84.99855590440428,74.4090747833252,74.4090747833252
TD-Clean-8,dsoh_refit,2024,B0018,157,84.53366840480606,73.96457099914551,73.96457099914551
TD-Clean-8,dsoh_refit,2024,B0018,159,83.69607194854545,73.52006721496582,73.52006721496582
TD-Clean-8,dsoh_refit,2024,B0018,162,83.25899594193369,73.07556343078613,73.07556343078613
TD-Clean-8,dsoh_refit,2024,B0018,165,83.22975722050174,72.63105964660645,72.63105964660645
TD-Clean-8,dsoh_refit,2024,B0018,167,82.72092847997168,72.18655586242676,72.18655586242676
TD-Clean-8,dsoh_refit,2024,B0018,169,81.86598978006339,71.74205207824707,71.74205207824707
TD-Clean-8,dsoh_refit,2024,B0018,171,81.58859278240016,71.29754829406738,71.29754829406738
TD-Clean-8,dsoh_refit,2024,B0018,174,81.31316363799587,70.8530445098877,70.8530445098877
TD-Clean-8,dsoh_refit,2024,B0018,177,83.32773163808899,70.46719932556152,70.46719932556152
TD-Clean-8,dsoh_refit,2024,B0018,179,82.80709531820148,70.02269554138184,70.02269554138184
TD-Clean-8,dsoh_refit,2024,B0018,181,81.57610219236552,69.57819175720215,69.57819175720215
TD-Clean-8,dsoh_refit,2024,B0018,183,81.09929204028072,69.13368797302246,69.13368797302246
TD-Clean-8,dsoh_refit,2024,B0018,185,80.60512587063184,68.68918418884277,68.68918418884277
TD-Clean-8,dsoh_refit,2024,B0018,188,80.4645909654616,68.24977684020996,68.24977684020996
TD-Clean-8,dsoh_refit,2024,B0018,190,80.07171192098461,67.80527114868164,67.80527114868164
TD-Clean-8,dsoh_refit,2024,B0018,192,79.77346222448996,67.36076736450195,67.36076736450195
TD-Clean-8,dsoh_refit,2024,B0018,194,79.23402412051846,66.91626358032227,66.91626358032227
TD-Clean-8,dsoh_refit,2024,B0018,197,78.6783203089025,66.47175979614258,66.47175979614258
TD-Clean-8,dsoh_refit,2024,B0018,200,78.94539372549075,66.02725601196289,66.02725601196289
TD-Clean-8,dsoh_refit,2024,B0018,202,78.38865828037459,65.5827522277832,65.5827522277832
TD-Clean-8,dsoh_refit,2024,B0018,204,78.21127069246836,65.13824844360352,65.13824844360352
TD-Clean-8,dsoh_refit,2024,B0018,206,77.6339684068403,64.69374465942383,64.69374465942383
TD-Clean-8,dsoh_refit,2024,B0018,209,77.43046760934243,64.24924087524414,64.24924087524414
TD-Clean-8,dsoh_refit,2024,B0018,212,79.8708545166814,63.951087951660156,63.951087951660156
TD-Clean-8,dsoh_refit,2024,B0018,214,78.93458463676515,63.50658416748047,63.50658416748047
TD-Clean-8,dsoh_refit,2024,B0018,216,78.40488242765085,63.06208038330078,63.06208038330078
TD-Clean-8,dsoh_refit,2024,B0018,218,77.61921434771055,62.617576599121094,62.617576599121094
TD-Clean-8,dsoh_refit,2024,B0018,220,76.9170609064971,62.173072814941406,62.173072814941406
TD-Clean-8,dsoh_refit,2024,B0018,223,79.04297866359087,61.87306213378906,61.87306213378906
TD-Clean-8,dsoh_refit,2024,B0018,225,77.61605692618127,61.428558349609375,61.428558349609375
TD-Clean-8,dsoh_refit,2024,B0018,227,77.14789574863566,60.98405456542969,60.98405456542969
TD-Clean-8,dsoh_refit,2024,B0018,229,76.92281444261894,60.53955078125,60.53955078125
TD-Clean-8,dsoh_refit,2024,B0018,232,76.3858924270674,60.09504699707031,60.09504699707031
TD-Clean-8,dsoh_refit,2024,B0018,235,76.53620320177981,59.72391128540039,59.72391128540039
TD-Clean-8,dsoh_refit,2024,B0018,237,75.9063201738239,59.2794075012207,59.2794075012207
TD-Clean-8,dsoh_refit,2024,B0018,239,75.72766142150313,58.834903717041016,58.834903717041016
TD-Clean-8,dsoh_refit,2024,B0018,241,75.49928800503805,58.39039993286133,58.39039993286133
TD-Clean-8,dsoh_refit,2024,B0018,244,74.9124451895705,57.94589614868164,57.94589614868164
TD-Clean-8,dsoh_refit,2024,B0018,247,75.25674730493446,57.56206130981445,57.56206130981445
TD-Clean-8,dsoh_refit,2024,B0018,249,74.46467849076038,57.117557525634766,57.117557525634766
TD-Clean-8,dsoh_refit,2024,B0018,251,74.62885626516028,56.67305374145508,56.67305374145508
TD-Clean-8,dsoh_refit,2024,B0018,253,74.33553994642665,56.22854995727539,56.22854995727539
TD-Clean-8,dsoh_refit,2024,B0018,256,73.72504079935909,55.7840461730957,55.7840461730957
TD-Clean-8,dsoh_refit,2024,B0018,259,79.36110924975578,55.429561614990234,55.429561614990234
TD-Clean-8,dsoh_refit,2024,B0018,261,78.799706688891,54.98505783081055,54.98505783081055
TD-Clean-8,dsoh_refit,2024,B0018,263,78.14983302548104,54.54055404663086,54.54055404663086
TD-Clean-8,dsoh_refit,2024,B0018,265,77.61878718971624,54.09605026245117,54.09605026245117
TD-Clean-8,dsoh_refit,2024,B0018,267,76.88079746021991,53.651546478271484,53.651546478271484
TD-Clean-8,dsoh_refit,2024,B0018,270,76.8319836786595,53.23978805541992,53.23978805541992
TD-Clean-8,dsoh_refit,2024,B0018,272,76.01926160635412,52.795284271240234,52.795284271240234
TD-Clean-8,dsoh_refit,2024,B0018,274,75.82358510102308,52.3527717590332,52.3527717590332
TD-Clean-8,dsoh_refit,2024,B0018,276,75.53633219814198,51.91440200805664,51.91440200805664
TD-Clean-8,dsoh_refit,2024,B0018,279,75.31793705780649,51.46989822387695,51.46989822387695
TD-Clean-8,dsoh_refit,2024,B0018,282,75.43684114368729,51.06449508666992,51.06449508666992
TD-Clean-8,dsoh_refit,2024,B0018,284,74.7829788363973,50.619991302490234,50.619991302490234
TD-Clean-8,dsoh_refit,2024,B0018,286,74.15991898288928,50.17548751831055,50.17548751831055
TD-Clean-8,dsoh_refit,2024,B0018,288,73.84846878839457,49.73098373413086,49.73098373413086
TD-Clean-8,dsoh_refit,2024,B0018,291,73.15537271331122,49.28647994995117,49.28647994995117
TD-Clean-8,dsoh_refit,2024,B0018,294,77.53589472577204,48.937294006347656,48.937294006347656
TD-Clean-8,dsoh_refit,2024,B0018,296,76.42763235972666,48.49279022216797,48.49279022216797
TD-Clean-8,dsoh_refit,2024,B0018,298,75.72351586777258,48.04828643798828,48.04828643798828
TD-Clean-8,dsoh_refit,2024,B0018,300,75.4386936803776,47.603782653808594,47.603782653808594
TD-Clean-8,dsoh_refit,2024,B0018,302,74.45721490205536,47.159278869628906,47.159278869628906
TD-Clean-8,dsoh_refit,2024,B0018,305,74.97385174402893,46.761199951171875,46.761199951171875
TD-Clean-8,dsoh_refit,2024,B0018,307,74.3741167471391,46.32645797729492,46.32645797729492
TD-Clean-8,dsoh_refit,2024,B0018,309,74.05233968989694,45.896644592285156,45.896644592285156
TD-Clean-8,dsoh_refit,2024,B0018,311,74.08863589293038,45.45214080810547,45.45214080810547
TD-Clean-8,dsoh_refit,2024,B0018,314,73.46151441244959,45.00763702392578,45.00763702392578
TD-Clean-8,dsoh_refit,2024,B0018,317,73.62086195282473,44.670127868652344,44.670127868652344
TD-Clean-8,dsoh_refit,2024,B0018,319,72.87391760769836,44.225624084472656,44.225624084472656
TD-Clean-8,dsoh_refit,11,B0005,2,100.80760884947765,100.0,100.0
TD-Clean-8,dsoh_refit,11,B0005,4,100.25590968770103,99.80268555879593,99.80268555879593
TD-Clean-8,dsoh_refit,11,B0005,6,99.65979925247206,99.56727862358093,99.56727862358093
TD-Clean-8,dsoh_refit,11,B0005,8,99.65509323788856,99.33299624919891,99.33299624919891
TD-Clean-8,dsoh_refit,11,B0005,10,99.6215889724607,99.10346901416779,99.10346901416779
TD-Clean-8,dsoh_refit,11,B0005,12,99.67676620535396,98.90677988529205,98.90677988529205
TD-Clean-8,dsoh_refit,11,B0005,14,99.64877352944652,98.69423151016235,98.69423151016235
TD-Clean-8,dsoh_refit,11,B0005,16,99.13892996732449,98.41717314720154,98.41717314720154
TD-Clean-8,dsoh_refit,11,B0005,18,99.08555627584838,98.13662254810333,98.13662254810333
TD-Clean-8,dsoh_refit,11,B0005,20,99.0768365083485,97.86143112182617,97.86143112182617
TD-Clean-8,dsoh_refit,11,B0005,22,99.07717774099622,97.58986473083496,97.58986473083496
TD-Clean-8,dsoh_refit,11,B0005,25,98.5114992237362,97.22860527038574,97.22860527038574
TD-Clean-8,dsoh_refit,11,B0005,27,98.4870761948254,96.91184425354004,96.91184425354004
TD-Clean-8,dsoh_refit,11,B0005,29,98.47015265835132,96.64226388931274,96.64226388931274
TD-Clean-8,dsoh_refit,11,B0005,31,97.88140357167902,96.3141622543335,96.3141622543335
TD-Clean-8,dsoh_refit,11,B0005,33,97.85473656745688,96.01080918312073,96.01080918312073
TD-Clean-8,dsoh_refit,11,B0005,35,97.88039886599036,95.71507549285889,95.71507549285889
TD-Clean-8,dsoh_refit,11,B0005,37,97.9069415267384,95.41851663589478,95.41851663589478
TD-Clean-8,dsoh_refit,11,B0005,39,97.89115702988882,95.13072299957275,95.13072299957275
TD-Clean-8,dsoh_refit,11,B0005,42,100.29385168145046,95.0927038192749,95.0927038192749
TD-Clean-8,dsoh_refit,11,B0005,46,100.31510023136114,95.01037406921387,95.01037406921387
TD-Clean-8,dsoh_refit,11,B0005,50,99.70477213786135,94.85972023010254,94.85972023010254
TD-Clean-8,dsoh_refit,11,B0005,54,99.1402308374376,94.72488117218018,94.72488117218018
TD-Clean-8,dsoh_refit,11,B0005,58,99.10400696359169,94.66001224517822,94.66001224517822
TD-Clean-8,dsoh_refit,11,B0005,62,99.12941188644592,94.56769847869873,94.56769847869873
TD-Clean-8,dsoh_refit,11,B0005,66,98.50222430381568,94.45786094665527,94.45786094665527
TD-Clean-8,dsoh_refit,11,B0005,70,98.5423014565286,94.39774990081787,94.39774990081787
TD-Clean-8,dsoh_refit,11,B0005,74,98.49887187571204,94.34807062149048,94.34807062149048
TD-Clean-8,dsoh_refit,11,B0005,78,97.89050762402466,94.25539684295654,94.25539684295654
TD-Clean-8,dsoh_refit,11,B0005,82,97.96171552529285,94.21047258377075,94.21047258377075
TD-Clean-8,dsoh_refit,11,B0005,90,99.4075559707276,93.87446928024292,93.87446928024292
TD-Clean-8,dsoh_refit,11,B0005,94,98.82112827769676,93.51137781143188,93.51137781143188
TD-Clean-8,dsoh_refit,11,B0005,98,98.2457556393358,93.21576309204102,93.21576309204102
TD-Clean-8,dsoh_refit,11,B0005,102,97.99065016377766,92.90453577041626,92.90453577041626
TD-Clean-8,dsoh_refit,11,B0005,106,97.7065060215613,92.65888786315918,92.65888786315918
TD-Clean-8,dsoh_refit,11,B0005,110,97.11279694879056,92.35352373123169,92.35352373123169
TD-Clean-8,dsoh_refit,11,B0005,114,96.81304988059888,92.04108715057373,92.04108715057373
TD-Clean-8,dsoh_refit,11,B0005,118,96.27605729788222,91.79475021362305,91.79475021362305
TD-Clean-8,dsoh_refit,11,B0005,122,96.2762766313732,91.60311508178711,91.60311508178711
TD-Clean-8,dsoh_refit,11,B0005,126,95.99578118843372,91.3585844039917,91.3585844039917
TD-Clean-8,dsoh_refit,11,B0005,130,95.69403287907456,91.02448844909668,91.02448844909668
TD-Clean-8,dsoh_refit,11,B0005,134,95.98194451474556,90.67462062835693,90.67462062835693
TD-Clean-8,dsoh_refit,11,B0005,136,95.71321655496544,90.44654846191406,90.44654846191406
TD-Clean-8,dsoh_refit,11,B0005,140,95.11928805425076,90.20996570587158,90.20996570587158
TD-Clean-8,dsoh_refit,11,B0005,144,94.58275432725988,89.96376705169678,89.96376705169678
TD-Clean-8,dsoh_refit,11,B0005,148,94.27008009570102,89.7771635055542,89.7771635055542
TD-Clean-8,dsoh_refit,11,B0005,150,97.39411432859931,89.72988319396973,89.72988319396973
TD-Clean-8,dsoh_refit,11,B0005,154,96.82749231246368,89.18882656097412,89.18882656097412
TD-Clean-8,dsoh_refit,11,B0005,158,95.96820195991576,88.73455715179443,88.73455715179443
TD-Clean-8,dsoh_refit,11,B0005,162,95.40638930769452,88.30419540405273,88.30419540405273
TD-Clean-8,dsoh_refit,11,B0005,166,94.8553962680492,87.9957971572876,87.9957971572876
TD-Clean-8,dsoh_refit,11,B0005,170,94.5755674779542,87.67448711395264,87.67448711395264
TD-Clean-8,dsoh_refit,11,B0005,174,94.28806184403476,87.36165523529053,87.36165523529053
TD-Clean-8,dsoh_refit,11,B0005,178,93.73958753620327,87.05865001678467,87.05865001678467
TD-Clean-8,dsoh_refit,11,B0005,182,93.16861105469168,86.79955673217773,86.79955673217773
TD-Clean-8,dsoh_refit,11,B0005,186,92.88227598613614,86.55794525146484,86.55794525146484
TD-Clean-8,dsoh_refit,11,B0005,190,92.636901518198,86.32956027984619,86.32956027984619
TD-Clean-8,dsoh_refit,11,B0005,194,92.32720191735562,86.0498857498169,86.0498857498169
TD-Clean-8,dsoh_refit,11,B0005,198,92.01599848919145,85.78348636627197,85.78348636627197
TD-Clean-8,dsoh_refit,11,B0005,202,91.49053823956656,85.42822456359863,85.42822456359863
TD-Clean-8,dsoh_refit,11,B0005,206,90.92425521866993,85.12127780914307,85.12127780914307
TD-Clean-8,dsoh_refit,11,B0005,210,90.92941856192826,84.90386390686035,84.90386390686035
TD-Clean-8,dsoh_refit,11,B0005,214,90.34010561326173,84.60582828521729,84.60582828521729
TD-Clean-8,dsoh_refit,11,B0005,216,90.0847586044663,84.3194465637207,84.3194465637207
TD-Clean-8,dsoh_refit,11,B0005,220,89.80457989439137,84.0176010131836,84.0176010131836
TD-Clean-8,dsoh_refit,11,B0005,224,89.19640288815545,83.76583862304688,83.76583862304688
TD-Clean-8,dsoh_refit,11,B0005,228,88.93598251136243,83.51777648925781,83.51777648925781
TD-Clean-8,dsoh_refit,11,B0005,232,88.65781340235759,83.26562881469727,83.26562881469727
TD-Clean-8,dsoh_refit,11,B0005,236,88.38728178562198,82.95598030090332,82.95598030090332
TD-Clean-8,dsoh_refit,11,B0005,240,88.08171260170519,82.74092102050781,82.74092102050781
TD-Clean-8,dsoh_refit,11,B0005,244,87.49528010741024,82.5280818939209,82.5280818939209
TD-Clean-8,dsoh_refit,11,B0005,248,87.2366743602368,82.31690788269043,82.31690788269043
TD-Clean-8,dsoh_refit,11,B0005,252,86.96251727221627,82.11246871948242,82.11246871948242
TD-Clean-8,dsoh_refit,11,B0005,256,86.35734215456989,81.9051628112793,81.9051628112793
TD-Clean-8,dsoh_refit,11,B0005,260,86.10863457357058,81.67682647705078,81.67682647705078
TD-Clean-8,dsoh_refit,11,B0005,264,86.06270063126725,81.50993347167969,81.50993347167969
TD-Clean-8,dsoh_refit,11,B0005,266,86.63737677555004,81.31758308410645,81.31758308410645
TD-Clean-8,dsoh_refit,11,B0005,270,85.50813849993258,81.08791542053223,81.08791542053223
TD-Clean-8,dsoh_refit,11,B0005,274,84.97446653296429,80.95860862731934,80.95860862731934
TD-Clean-8,dsoh_refit,11,B0005,278,84.69557819389517,80.76958274841309,80.76958274841309
TD-Clean-8,dsoh_refit,11,B0005,282,84.68013627936132,80.65303993225098,80.65303993225098
TD-Clean-8,dsoh_refit,11,B0005,286,84.41991821853574,80.43811416625977,80.43811416625977
TD-Clean-8,dsoh_refit,11,B0005,290,84.10414931140878,80.21875,80.21875
TD-Clean-8,dsoh_refit,11,B0005,294,83.52653061113354,79.95015716552734,79.95015716552734
TD-Clean-8,dsoh_refit,11,B0005,298,82.96602561057489,79.80283737182617,79.80283737182617
TD-Clean-8,dsoh_refit,11,B0005,302,82.99920327964658,79.7164249420166,79.7164249420166
TD-Clean-8,dsoh_refit,11,B0005,306,82.68003018050378,79.53106307983398,79.53106307983398
TD-Clean-8,dsoh_refit,11,B0005,310,82.39976893302816,79.33078002929688,79.33078002929688
TD-Clean-8,dsoh_refit,11,B0005,313,87.19626195760692,79.11319351196289,79.11319351196289
TD-Clean-8,dsoh_refit,11,B0005,316,84.91729656129593,78.96288681030273,78.96288681030273
TD-Clean-8,dsoh_refit,11,B0005,320,84.06165489885902,78.68636703491211,78.68636703491211
TD-Clean-8,dsoh_refit,11,B0005,324,83.2082752902044,78.43312072753906,78.43312072753906
TD-Clean-8,dsoh_refit,11,B0005,328,82.91381970838151,78.22618293762207,78.22618293762207
TD-Clean-8,dsoh_refit,11,B0005,332,82.37106085271179,78.02450942993164,78.02450942993164
TD-Clean-8,dsoh_refit,11,B0005,336,82.09631790141844,77.83511734008789,77.83511734008789
TD-Clean-8,dsoh_refit,11,B0005,340,81.80669701206385,77.65025329589844,77.65025329589844
TD-Clean-8,dsoh_refit,11,B0005,344,81.53418918115372,77.42814636230469,77.42814636230469
TD-Clean-8,dsoh_refit,11,B0005,348,80.95312575426658,77.24213218688965,77.24213218688965
TD-Clean-8,dsoh_refit,11,B0005,352,80.6829269258604,77.06299591064453,77.06299591064453
TD-Clean-8,dsoh_refit,11,B0005,356,80.38673535372676,76.88018989562988,76.88018989562988
TD-Clean-8,dsoh_refit,11,B0005,360,80.10415225005684,76.65542984008789,76.65542984008789
TD-Clean-8,dsoh_refit,11,B0005,364,80.68483906716317,76.49816703796387,76.49816703796387
TD-Clean-8,dsoh_refit,11,B0005,367,81.23806188586506,76.2700252532959,76.2700252532959
TD-Clean-8,dsoh_refit,11,B0005,371,80.40774500270479,76.0129165649414,76.0129165649414
TD-Clean-8,dsoh_refit,11,B0005,375,79.80793062432481,75.70394897460938,75.70394897460938
TD-Clean-8,dsoh_refit,11,B0005,379,78.94710440938543,75.4555721282959,75.4555721282959
TD-Clean-8,dsoh_refit,11,B0005,383,78.96040682717852,75.28207015991211,75.28207015991211
TD-Clean-8,dsoh_refit,11,B0005,387,79.00805769223405,75.03720283508301,75.03720283508301
TD-Clean-8,dsoh_refit,11,B0005,391,78.68325635434054,74.82515335083008,74.82515335083008
TD-Clean-8,dsoh_refit,11,B0005,395,78.12009683923326,74.60538864135742,74.60538864135742
TD-Clean-8,dsoh_refit,11,B0005,399,77.83635095586517,74.43771362304688,74.43771362304688
TD-Clean-8,dsoh_refit,11,B0005,403,77.83366081216815,74.19526481628418,74.19526481628418
TD-Clean-8,dsoh_refit,11,B0005,407,77.54418562704669,74.00349807739258,74.00349807739258
TD-Clean-8,dsoh_refit,11,B0005,411,77.26483532824366,73.78736686706543,73.78736686706543
TD-Clean-8,dsoh_refit,11,B0005,415,76.96665751739931,73.59161758422852,73.59161758422852
TD-Clean-8,dsoh_refit,11,B0005,419,76.69408123915822,73.43483352661133,73.43483352661133
TD-Clean-8,dsoh_refit,11,B0005,423,76.7032886034996,73.26076889038086,73.26076889038086
TD-Clean-8,dsoh_refit,11,B0005,427,76.43285089151239,73.02071571350098,73.02071571350098
TD-Clean-8,dsoh_refit,11,B0005,431,77.83345221466253,72.71664047241211,72.71664047241211
TD-Clean-8,dsoh_refit,11,B0005,433,78.09751233548145,72.48382949829102,72.48382949829102
TD-Clean-8,dsoh_refit,11,B0005,437,76.96262218385922,72.23234939575195,72.23234939575195
TD-Clean-8,dsoh_refit,11,B0005,441,76.3993634537507,72.02290344238281,72.02290344238281
TD-Clean-8,dsoh_refit,11,B0005,445,76.08562321685423,71.8671875,71.8671875
TD-Clean-8,dsoh_refit,11,B0005,449,75.84111192639295,71.71092796325684,71.71092796325684
TD-Clean-8,dsoh_refit,11,B0005,453,75.5470202599512,71.56945419311523,71.56945419311523
TD-Clean-8,dsoh_refit,11,B0005,457,75.2724773855306,71.4207763671875,71.4207763671875
TD-Clean-8,dsoh_refit,11,B0005,461,74.95796574493023,71.29499626159668,71.29499626159668
TD-Clean-8,dsoh_refit,11,B0005,465,74.67559060559861,71.09728622436523,71.09728622436523
TD-Clean-8,dsoh_refit,11,B0005,469,74.4190975749656,70.96831321716309,70.96831321716309
TD-Clean-8,dsoh_refit,11,B0005,473,74.41886702385212,70.87778854370117,70.87778854370117
TD-Clean-8,dsoh_refit,11,B0005,477,74.10538957595438,70.78565216064453,70.78565216064453
TD-Clean-8,dsoh_refit,11,B0005,481,74.68403981580354,70.74798965454102,70.74798965454102
TD-Clean-8,dsoh_refit,11,B0005,483,75.26611054535188,70.61447525024414,70.61447525024414
TD-Clean-8,dsoh_refit,11,B0005,485,74.38310747232698,70.40197372436523,70.40197372436523
TD-Clean-8,dsoh_refit,11,B0005,489,74.10795710900801,70.25815773010254,70.25815773010254
TD-Clean-8,dsoh_refit,11,B0005,493,73.53993654981534,70.14130973815918,70.14130973815918
TD-Clean-8,dsoh_refit,11,B0005,497,73.55729388669064,70.01140022277832,70.01140022277832
TD-Clean-8,dsoh_refit,11,B0005,501,73.56067241598603,69.85541534423828,69.85541534423828
TD-Clean-8,dsoh_refit,11,B0005,505,73.26805286034079,69.6690902709961,69.6690902709961
TD-Clean-8,dsoh_refit,11,B0005,509,72.98972077509227,69.48002052307129,69.48002052307129
TD-Clean-8,dsoh_refit,11,B0005,513,72.70747847813722,69.4165153503418,69.4165153503418
TD-Clean-8,dsoh_refit,11,B0005,517,72.70330518052887,69.3441276550293,69.3441276550293
TD-Clean-8,dsoh_refit,11,B0005,521,72.43680818215978,69.2000675201416,69.2000675201416
TD-Clean-8,dsoh_refit,11,B0005,525,72.14563728793834,69.00126647949219,69.00126647949219
TD-Clean-8,dsoh_refit,11,B0005,529,71.84842350914826,68.91013145446777,68.91013145446777
TD-Clean-8,dsoh_refit,11,B0005,533,71.57682808520298,68.86343765258789,68.86343765258789
TD-Clean-8,dsoh_refit,11,B0005,537,71.59297070565168,68.83321952819824,68.83321952819824
TD-Clean-8,dsoh_refit,11,B0005,541,71.58355486033668,68.66180610656738,68.66180610656738
TD-Clean-8,dsoh_refit,11,B0005,545,71.88651633814797,68.51485252380371,68.51485252380371
TD-Clean-8,dsoh_refit,11,B0005,548,73.85485752850198,68.5093822479248,68.5093822479248
TD-Clean-8,dsoh_refit,11,B0005,552,72.73676298693475,68.39957809448242,68.39957809448242
TD-Clean-8,dsoh_refit,11,B0005,556,72.16650080848474,68.26613426208496,68.26613426208496
TD-Clean-8,dsoh_refit,11,B0005,560,71.87574889700983,68.09687042236328,68.09687042236328
TD-Clean-8,dsoh_refit,11,B0005,564,71.60206343923741,67.99322891235352,67.99322891235352
TD-Clean-8,dsoh_refit,11,B0005,568,71.32194157026348,67.9112434387207,67.9112434387207
TD-Clean-8,dsoh_refit,11,B0005,572,71.30711389020412,67.80220413208008,67.80220413208008
TD-Clean-8,dsoh_refit,11,B0005,576,71.01356336148518,67.72671508789062,67.72671508789062
TD-Clean-8,dsoh_refit,11,B0005,580,70.75492745457169,67.69745254516602,67.69745254516602
TD-Clean-8,dsoh_refit,11,B0005,584,70.77254445771489,67.59152221679688,67.59152221679688
TD-Clean-8,dsoh_refit,11,B0005,588,70.77540542374062,67.49182891845703,67.49182891845703
TD-Clean-8,dsoh_refit,11,B0005,592,70.47550750397869,67.41267013549805,67.41267013549805
TD-Clean-8,dsoh_refit,11,B0005,596,70.48563041810954,67.32217025756836,67.32217025756836
TD-Clean-8,dsoh_refit,11,B0005,600,70.23531244180377,67.20128631591797,67.20128631591797
TD-Clean-8,dsoh_refit,11,B0005,604,69.93882142370093,67.0904312133789,67.0904312133789
TD-Clean-8,dsoh_refit,11,B0005,608,69.90890905512207,67.01049423217773,67.01049423217773
TD-Clean-8,dsoh_refit,11,B0005,612,71.07977535187085,66.8848648071289,66.8848648071289
TD-Clean-8,dsoh_refit,11,B0005,614,71.95205157786506,66.85740280151367,66.85740280151367
TD-Clean-8,dsoh_refit,11,B0006,2,100.88297108833646,100.0,100.0
TD-Clean-8,dsoh_refit,11,B0006,4,100.37753235288778,99.83617056906223,99.83617056906223
TD-Clean-8,dsoh_refit,11,B0006,6,99.79196916000484,99.54641902446747,99.54641902446747
TD-Clean-8,dsoh_refit,11,B0006,8,99.7899019818078,99.1781188249588,99.1781188249588
TD-Clean-8,dsoh_refit,11,B0006,10,99.15762541696316,98.89918065071106,98.89918065071106
TD-Clean-8,dsoh_refit,11,B0006,12,99.8203556776378,98.67063021659851,98.67063021659851
TD-Clean-8,dsoh_refit,11,B0006,14,99.7808037027038,98.49260902404785,98.49260902404785
TD-Clean-8,dsoh_refit,11,B0006,16,97.5844832820893,98.083221077919,98.083221077919
TD-Clean-8,dsoh_refit,11,B0006,18,97.5535716293996,97.63669204711914,97.63669204711914
TD-Clean-8,dsoh_refit,11,B0006,20,97.01155142541865,97.2498426437378,97.2498426437378
TD-Clean-8,dsoh_refit,11,B0006,22,96.43502080876348,96.8032546043396,96.8032546043396
TD-Clean-8,dsoh_refit,11,B0006,25,95.8972998236526,96.65640115737915,96.65640115737915
TD-Clean-8,dsoh_refit,11,B0006,27,95.32875373854844,96.29175090789795,96.29175090789795
TD-Clean-8,dsoh_refit,11,B0006,29,94.76419905980474,96.01115393638611,96.01115393638611
TD-Clean-8,dsoh_refit,11,B0006,31,94.22773853976388,95.65749073028564,95.65749073028564
TD-Clean-8,dsoh_refit,11,B0006,33,93.6395064953226,95.33086109161377,95.33086109161377
TD-Clean-8,dsoh_refit,11,B0006,35,93.09821798643677,95.011803150177,95.011803150177
TD-Clean-8,dsoh_refit,11,B0006,37,92.56743574756617,94.74929809570312,94.74929809570312
TD-Clean-8,dsoh_refit,11,B0006,39,92.56840432582156,94.59966802597046,94.59966802597046
TD-Clean-8,dsoh_refit,11,B0006,42,98.12161319843736,94.71092653274536,94.59966802597046
TD-Clean-8,dsoh_refit,11,B0006,46,97.02736865587346,94.38832950592041,94.38832950592041
TD-Clean-8,dsoh_refit,11,B0006,50,96.4457203456954,93.94937944412231,93.94937944412231
TD-Clean-8,dsoh_refit,11,B0006,54,95.37664206593776,93.3480453491211,93.3480453491211
TD-Clean-8,dsoh_refit,11,B0006,58,96.45395400781383,93.12086582183838,93.12086582183838
TD-Clean-8,dsoh_refit,11,B0006,62,94.2446511737385,92.58950519561768,92.58950519561768
TD-Clean-8,dsoh_refit,11,B0006,66,93.11783815158223,92.17201280593872,92.17201280593872
TD-Clean-8,dsoh_refit,11,B0006,70,92.60393676951,91.98149394989014,91.98149394989014
TD-Clean-8,dsoh_refit,11,B0006,74,91.99518419888014,91.88980102539062,91.88980102539062
TD-Clean-8,dsoh_refit,11,B0006,78,91.45865458065036,91.63713455200195,91.63713455200195
TD-Clean-8,dsoh_refit,11,B0006,82,92.05488530825814,91.71720218658447,91.63713455200195
TD-Clean-8,dsoh_refit,11,B0006,90,93.2941701264468,91.62813091278076,91.62813091278076
TD-Clean-8,dsoh_refit,11,B0006,94,91.95812296295944,91.46324825286865,91.46324825286865
TD-Clean-8,dsoh_refit,11,B0006,98,91.16379285351326,91.2216796875,91.2216796875
TD-Clean-8,dsoh_refit,11,B0006,102,90.13722315501992,91.17315673828125,91.17315673828125
TD-Clean-8,dsoh_refit,11,B0006,106,89.88629167454431,91.0864086151123,91.0864086151123
TD-Clean-8,dsoh_refit,11,B0006,110,89.07464504963947,90.85733318328857,90.85733318328857
TD-Clean-8,dsoh_refit,11,B0006,114,88.27677498375004,90.80206203460693,90.80206203460693
TD-Clean-8,dsoh_refit,11,B0006,118,87.78153478310176,90.68272590637207,90.68272590637207
TD-Clean-8,dsoh_refit,11,B0006,122,87.25902301297472,90.93651103973389,90.68272590637207
TD-Clean-8,dsoh_refit,11,B0006,126,86.75445063463465,90.94862461090088,90.68272590637207
TD-Clean-8,dsoh_refit,11,B0006,130,86.21919662960373,90.87692260742188,90.68272590637207
TD-Clean-8,dsoh_refit,11,B0006,134,86.97181002045869,90.73661708831787,90.68272590637207
TD-Clean-8,dsoh_refit,11,B0006,136,87.53004089819298,90.94367599487305,90.68272590637207
TD-Clean-8,dsoh_refit,11,B0006,140,85.93648557449694,90.97265338897705,90.68272590637207
TD-Clean-8,dsoh_refit,11,B0006,144,84.92223069682748,91.01661109924316,90.68272590637207
TD-Clean-8,dsoh_refit,11,B0006,148,84.38106569995976,91.4532642364502,90.68272590637207
TD-Clean-8,dsoh_refit,11,B0006,150,90.39396636175364,92.27423667907715,90.68272590637207
TD-Clean-8,dsoh_refit,11,B0006,154,89.62118442408695,92.05518817901611,90.68272590637207
TD-Clean-8,dsoh_refit,11,B0006,158,88.01687540594799,91.80056762695312,90.68272590637207
TD-Clean-8,dsoh_refit,11,B0006,162,86.47934133475826,91.78588676452637,90.68272590637207
TD-Clean-8,dsoh_refit,11,B0006,166,85.7093899316892,91.65838432312012,90.68272590637207
TD-Clean-8,dsoh_refit,11,B0006,170,84.66363361309608,91.64468765258789,90.68272590637207
TD-Clean-8,dsoh_refit,11,B0006,174,84.14253773442293,91.62819194793701,90.68272590637207
TD-Clean-8,dsoh_refit,11,B0006,178,83.37268440744252,91.54741191864014,90.68272590637207
TD-Clean-8,dsoh_refit,11,B0006,182,82.84795096685752,91.44984722137451,90.68272590637207
TD-Clean-8,dsoh_refit,11,B0006,186,82.31672078137474,91.38327598571777,90.68272590637207
TD-Clean-8,dsoh_refit,11,B0006,190,81.8390002521071,91.41309833526611,90.68272590637207
TD-Clean-8,dsoh_refit,11,B0006,194,81.29446683115198,91.3604965209961,90.68272590637207
TD-Clean-8,dsoh_refit,11,B0006,198,80.75246648690656,91.28679275512695,90.68272590637207
TD-Clean-8,dsoh_refit,11,B0006,202,79.7437886746144,91.27482318878174,90.68272590637207
TD-Clean-8,dsoh_refit,11,B0006,206,79.47984426199564,91.16824054718018,90.68272590637207
TD-Clean-8,dsoh_refit,11,B0006,210,79.25415788836384,91.21375274658203,90.68272590637207
TD-Clean-8,dsoh_refit,11,B0006,214,78.69188922732394,90.93923377990723,90.68272590637207
TD-Clean-8,dsoh_refit,11,B0006,216,78.46114405771091,90.72373294830322,90.68272590637207
TD-Clean-8,dsoh_refit,11,B0006,220,77.67630372212932,90.55172920227051,90.55172920227051
TD-Clean-8,dsoh_refit,11,B0006,224,77.38916838478035,90.38793563842773,90.38793563842773
TD-Clean-8,dsoh_refit,11,B0006,228,76.88491527529958,90.28106212615967,90.28106212615967
TD-Clean-8,dsoh_refit,11,B0006,232,76.3646225030132,90.14865303039551,90.14865303039551
TD-Clean-8,dsoh_refit,11,B0006,236,75.60327887522882,90.08115482330322,90.08115482330322
TD-Clean-8,dsoh_refit,11,B0006,240,75.84333345118733,89.89543914794922,89.89543914794922
TD-Clean-8,dsoh_refit,11,B0006,244,75.57070473005419,89.73877334594727,89.73877334594727
TD-Clean-8,dsoh_refit,11,B0006,248,75.06972493621848,89.61093616485596,89.61093616485596
TD-Clean-8,dsoh_refit,11,B0006,252,74.81407516505371,89.44563579559326,89.44563579559326
TD-Clean-8,dsoh_refit,11,B0006,256,74.54671414292675,89.30111980438232,89.30111980438232
TD-Clean-8,dsoh_refit,11,B0006,260,74.02740213488109,89.18055629730225,89.18055629730225
TD-Clean-8,dsoh_refit,11,B0006,264,73.73556466569462,89.27999210357666,89.18055629730225
TD-Clean-8,dsoh_refit,11,B0006,266,75.84980622026112,89.35186100006104,89.18055629730225
TD-Clean-8,dsoh_refit,11,B0006,270,74.55060879561292,89.19979286193848,89.18055629730225
TD-Clean-8,dsoh_refit,11,B0006,274,73.79142812679322,89.60658645629883,89.18055629730225
TD-Clean-8,dsoh_refit,11,B0006,278,73.27190839787096,89.95792770385742,89.18055629730225
TD-Clean-8,dsoh_refit,11,B0006,282,73.28093201847443,90.12679481506348,89.18055629730225
TD-Clean-8,dsoh_refit,11,B0006,286,73.02095301621284,91.2164535522461,89.18055629730225
TD-Clean-8,dsoh_refit,11,B0006,290,72.73851013234444,91.10764217376709,89.18055629730225
TD-Clean-8,dsoh_refit,11,B0006,294,71.95104826590523,91.02355480194092,89.18055629730225
TD-Clean-8,dsoh_refit,11,B0006,298,71.96564568462234,91.09692859649658,89.18055629730225
TD-Clean-8,dsoh_refit,11,B0006,302,71.72895437691278,91.59196472167969,89.18055629730225
TD-Clean-8,dsoh_refit,11,B0006,306,71.71434939609318,91.52092170715332,89.18055629730225
TD-Clean-8,dsoh_refit,11,B0006,310,71.45761792874575,91.3870439529419,89.18055629730225
TD-Clean-8,dsoh_refit,11,B0006,313,78.98726854374111,91.13639736175537,89.18055629730225
TD-Clean-8,dsoh_refit,11,B0006,316,76.64794397240323,91.3021411895752,89.18055629730225
TD-Clean-8,dsoh_refit,11,B0006,320,75.07747171565073,91.1813268661499,89.18055629730225
TD-Clean-8,dsoh_refit,11,B0006,324,74.29795247472106,91.06577777862549,89.18055629730225
TD-Clean-8,dsoh_refit,11,B0006,328,73.51146675367659,90.93996810913086,89.18055629730225
TD-Clean-8,dsoh_refit,11,B0006,332,73.00864275760908,90.81936740875244,89.18055629730225
TD-Clean-8,dsoh_refit,11,B0006,336,72.50277290138493,90.727294921875,89.18055629730225
TD-Clean-8,dsoh_refit,11,B0006,340,71.96131839956391,90.6021614074707,89.18055629730225
TD-Clean-8,dsoh_refit,11,B0006,344,71.71500633205595,90.52393436431885,89.18055629730225
TD-Clean-8,dsoh_refit,11,B0006,348,71.44305583769248,90.37110900878906,89.18055629730225
TD-Clean-8,dsoh_refit,11,B0006,352,70.93898960214143,90.27891540527344,89.18055629730225
TD-Clean-8,dsoh_refit,11,B0006,356,70.68194044477139,90.14418888092041,89.18055629730225
TD-Clean-8,dsoh_refit,11,B0006,360,70.4074916889224,90.02159118652344,89.18055629730225
TD-Clean-8,dsoh_refit,11,B0006,364,70.41804785222855,90.00267791748047,89.18055629730225
TD-Clean-8,dsoh_refit,11,B0006,367,71.98210310103482,90.07469749450684,89.18055629730225
TD-Clean-8,dsoh_refit,11,B0006,371,70.95618334594263,89.95135307312012,89.18055629730225
TD-Clean-8,dsoh_refit,11,B0006,375,70.1362730902931,89.87307357788086,89.18055629730225
TD-Clean-8,dsoh_refit,11,B0006,379,69.87433806657212,89.76166439056396,89.18055629730225
TD-Clean-8,dsoh_refit,11,B0006,383,69.63573699649338,89.65465831756592,89.18055629730225
TD-Clean-8,dsoh_refit,11,B0006,387,69.15232147064526,89.57422256469727,89.18055629730225
TD-Clean-8,dsoh_refit,11,B0006,391,69.12109936452545,89.43458652496338,89.18055629730225
TD-Clean-8,dsoh_refit,11,B0006,395,68.86250185726787,89.23947715759277,89.18055629730225
TD-Clean-8,dsoh_refit,11,B0006,399,68.59092282212131,89.05795288085938,89.05795288085938
TD-Clean-8,dsoh_refit,11,B0006,403,68.08750743669,88.97276973724365,88.97276973724365
TD-Clean-8,dsoh_refit,11,B0006,407,68.33159705981836,88.79098606109619,88.79098606109619
TD-Clean-8,dsoh_refit,11,B0006,411,68.09140360412486,88.56914234161377,88.56914234161377
TD-Clean-8,dsoh_refit,11,B0006,415,67.81869443003508,88.31891441345215,88.31891441345215
TD-Clean-8,dsoh_refit,11,B0006,419,67.5730638436144,88.11107921600342,88.11107921600342
TD-Clean-8,dsoh_refit,11,B0006,423,67.31503513349786,87.98146533966064,87.98146533966064
TD-Clean-8,dsoh_refit,11,B0006,427,67.07575548417674,87.84626960754395,87.84626960754395
TD-Clean-8,dsoh_refit,11,B0006,431,68.60691404106846,87.54887580871582,87.54887580871582
TD-Clean-8,dsoh_refit,11,B0006,433,69.64711039275872,87.50687408447266,87.50687408447266
TD-Clean-8,dsoh_refit,11,B0006,437,68.33719964359061,87.28675651550293,87.28675651550293
TD-Clean-8,dsoh_refit,11,B0006,441,67.81907707369999,87.11152648925781,87.11152648925781
TD-Clean-8,dsoh_refit,11,B0006,445,67.27630029953899,86.94220161437988,86.94220161437988
TD-Clean-8,dsoh_refit,11,B0006,449,67.03731096833596,86.75782203674316,86.75782203674316
TD-Clean-8,dsoh_refit,11,B0006,453,66.78534122129697,86.59118175506592,86.59118175506592
TD-Clean-8,dsoh_refit,11,B0006,457,66.26973868287087,86.33672142028809,86.33672142028809
TD-Clean-8,dsoh_refit,11,B0006,461,65.98363462621751,86.10628032684326,86.10628032684326
TD-Clean-8,dsoh_refit,11,B0006,465,65.72069252661954,85.91305732727051,85.91305732727051
TD-Clean-8,dsoh_refit,11,B0006,469,65.50500064349335,85.72524642944336,85.72524642944336
TD-Clean-8,dsoh_refit,11,B0006,473,65.48747074550045,85.53969860076904,85.53969860076904
TD-Clean-8,dsoh_refit,11,B0006,477,65.2110653386093,85.37572574615479,85.37572574615479
TD-Clean-8,dsoh_refit,11,B0006,481,65.47148558720653,85.22046375274658,85.22046375274658
TD-Clean-8,dsoh_refit,11,B0006,483,66.78647932759047,84.86686325073242,84.86686325073242
TD-Clean-8,dsoh_refit,11,B0006,485,65.72477818237311,84.43590450286865,84.43590450286865
TD-Clean-8,dsoh_refit,11,B0006,489,64.93697426302657,84.06140899658203,84.06140899658203
TD-Clean-8,dsoh_refit,11,B0006,493,64.69397950587184,83.63169479370117,83.63169479370117
TD-Clean-8,dsoh_refit,11,B0006,497,64.45556804271465,83.35055160522461,83.35055160522461
TD-Clean-8,dsoh_refit,11,B0006,501,64.44711910522597,82.98436546325684,82.98436546325684
TD-Clean-8,dsoh_refit,11,B0006,505,63.9153253541329,82.6005630493164,82.6005630493164
TD-Clean-8,dsoh_refit,11,B0006,509,63.40709756117343,82.21689796447754,82.21689796447754
TD-Clean-8,dsoh_refit,11,B0006,513,63.40485519747241,82.19034576416016,82.19034576416016
TD-Clean-8,dsoh_refit,11,B0006,517,63.14854807557744,81.97732543945312,81.97732543945312
TD-Clean-8,dsoh_refit,11,B0006,521,63.15304028594434,81.53773880004883,81.53773880004883
TD-Clean-8,dsoh_refit,11,B0006,525,62.63936845251047,81.12031936645508,81.12031936645508
TD-Clean-8,dsoh_refit,11,B0006,529,62.36048327920517,81.04465103149414,81.04465103149414
TD-Clean-8,dsoh_refit,11,B0006,533,62.11872624491582,81.302001953125,81.04465103149414
TD-Clean-8,dsoh_refit,11,B0006,537,62.11731201074328,81.57650375366211,81.04465103149414
TD-Clean-8,dsoh_refit,11,B0006,541,61.86235410492132,81.19888114929199,81.04465103149414
TD-Clean-8,dsoh_refit,11,B0006,545,62.12742822257309,80.98001861572266,80.98001861572266
TD-Clean-8,dsoh_refit,11,B0006,548,63.93010610326108,80.86933708190918,80.86933708190918
TD-Clean-8,dsoh_refit,11,B0006,552,62.62827859533666,80.60490226745605,80.60490226745605
TD-Clean-8,dsoh_refit,11,B0006,556,61.85683618405182,80.30866432189941,80.30866432189941
TD-Clean-8,dsoh_refit,11,B0006,560,61.07092794836815,80.04120826721191,80.04120826721191
TD-Clean-8,dsoh_refit,11,B0006,564,60.82277612678393,79.79960250854492,79.79960250854492
TD-Clean-8,dsoh_refit,11,B0006,568,60.55640953242813,79.82440376281738,79.79960250854492
TD-Clean-8,dsoh_refit,11,B0006,572,60.02917505279337,79.54033851623535,79.54033851623535
TD-Clean-8,dsoh_refit,11,B0006,576,59.75722270334661,79.4305648803711,79.4305648803711
TD-Clean-8,dsoh_refit,11,B0006,580,59.52315601830062,79.73107147216797,79.4305648803711
TD-Clean-8,dsoh_refit,11,B0006,584,59.01246912863032,79.4337043762207,79.4305648803711
TD-Clean-8,dsoh_refit,11,B0006,588,58.74426171153606,79.34755325317383,79.34755325317383
TD-Clean-8,dsoh_refit,11,B0006,592,58.47122551716232,79.11201095581055,79.11201095581055
TD-Clean-8,dsoh_refit,11,B0006,596,58.2196597592319,78.80703544616699,78.80703544616699
TD-Clean-8,dsoh_refit,11,B0006,600,57.18983519098029,78.50734329223633,78.50734329223633
TD-Clean-8,dsoh_refit,11,B0006,604,57.71437056534329,78.18129348754883,78.18129348754883
TD-Clean-8,dsoh_refit,11,B0006,608,57.43663099473362,77.89090919494629,77.89090919494629
TD-Clean-8,dsoh_refit,11,B0006,612,58.23847489632371,77.58072471618652,77.58072471618652
TD-Clean-8,dsoh_refit,11,B0006,614,58.76884540363096,77.36713218688965,77.36713218688965
TD-Clean-8,dsoh_refit,11,B0007,2,100.45351791563915,100.0,100.0
TD-Clean-8,dsoh_refit,11,B0007,4,99.900254379013,99.74887442588806,99.74887442588806
TD-Clean-8,dsoh_refit,11,B0007,6,99.90161660017114,99.49231106042862,99.49231106042862
TD-Clean-8,dsoh_refit,11,B0007,8,99.9073657865712,99.23072850704193,99.23072850704193
TD-Clean-8,dsoh_refit,11,B0007,10,99.83724531860553,98.97067379951477,98.97067379951477
TD-Clean-8,dsoh_refit,11,B0007,12,99.90361817867274,98.72352004051208,98.72352004051208
TD-Clean-8,dsoh_refit,11,B0007,14,99.86297576917136,98.47820281982422,98.47820281982422
TD-Clean-8,dsoh_refit,11,B0007,16,99.94656396119812,98.20617580413818,98.20617580413818
TD-Clean-8,dsoh_refit,11,B0007,18,99.31878532934633,97.93286561965942,97.93286561965942
TD-Clean-8,dsoh_refit,11,B0007,20,99.33799331164263,97.65857672691345,97.65857672691345
TD-Clean-8,dsoh_refit,11,B0007,22,99.33756087304828,97.381343126297,97.381343126297
TD-Clean-8,dsoh_refit,11,B0007,25,98.78551523188162,97.11247777938843,97.11247777938843
TD-Clean-8,dsoh_refit,11,B0007,27,98.75485184986668,96.82608079910278,96.82608079910278
TD-Clean-8,dsoh_refit,11,B0007,29,98.75133536665352,96.56933426856995,96.56933426856995
TD-Clean-8,dsoh_refit,11,B0007,31,98.77012942519043,96.2812762260437,96.2812762260437
TD-Clean-8,dsoh_refit,11,B0007,33,98.73683812511632,95.99950551986694,95.99950551986694
TD-Clean-8,dsoh_refit,11,B0007,35,98.15685575226132,95.71406364440918,95.71406364440918
TD-Clean-8,dsoh_refit,11,B0007,37,98.19446503474695,95.43040895462036,95.43040895462036
TD-Clean-8,dsoh_refit,11,B0007,39,98.186691403046,95.15691661834717,95.15691661834717
TD-Clean-8,dsoh_refit,11,B0007,42,99.90787801510066,94.90996837615967,94.90996837615967
TD-Clean-8,dsoh_refit,11,B0007,46,99.94461695603135,94.65613508224487,94.65613508224487
TD-Clean-8,dsoh_refit,11,B0007,50,99.92460497901308,94.39704751968384,94.39704751968384
TD-Clean-8,dsoh_refit,11,B0007,54,99.38880751306714,94.13127279281616,94.13127279281616
TD-Clean-8,dsoh_refit,11,B0007,58,99.34580918956073,93.89287376403809,93.89287376403809
TD-Clean-8,dsoh_refit,11,B0007,62,99.37088315432128,93.6295976638794,93.6295976638794
TD-Clean-8,dsoh_refit,11,B0007,66,98.78342046080256,93.36663246154785,93.36663246154785
TD-Clean-8,dsoh_refit,11,B0007,70,98.8058078187501,93.12394046783447,93.12394046783447
TD-Clean-8,dsoh_refit,11,B0007,74,98.75966747373796,92.88126230239868,92.88126230239868
TD-Clean-8,dsoh_refit,11,B0007,78,98.1739885027512,92.624436378479,92.624436378479
TD-Clean-8,dsoh_refit,11,B0007,82,98.23039625446908,92.38797664642334,92.38797664642334
TD-Clean-8,dsoh_refit,11,B0007,90,98.95386520139344,92.08643531799316,92.08643531799316
TD-Clean-8,dsoh_refit,11,B0007,94,98.38356039411237,91.7824535369873,91.7824535369873
TD-Clean-8,dsoh_refit,11,B0007,98,98.11080955264678,91.49512577056885,91.49512577056885
TD-Clean-8,dsoh_refit,11,B0007,102,97.57312273601715,91.19290351867676,91.19290351867676
TD-Clean-8,dsoh_refit,11,B0007,106,97.5908400366413,90.91166114807129,90.91166114807129
TD-Clean-8,dsoh_refit,11,B0007,110,97.29922460125108,90.6216402053833,90.6216402053833
TD-Clean-8,dsoh_refit,11,B0007,114,96.74012336609094,90.31964111328125,90.31964111328125
TD-Clean-8,dsoh_refit,11,B0007,118,96.49359124138364,90.03816223144531,90.03816223144531
TD-Clean-8,dsoh_refit,11,B0007,122,96.22137391342224,89.76368045806885,89.76368045806885
TD-Clean-8,dsoh_refit,11,B0007,126,96.233276781278,89.48488807678223,89.48488807678223
TD-Clean-8,dsoh_refit,11,B0007,130,95.93841918044076,89.19561004638672,89.19561004638672
TD-Clean-8,dsoh_refit,11,B0007,134,96.31819241353496,88.90080070495605,88.90080070495605
TD-Clean-8,dsoh_refit,11,B0007,136,95.94953719543624,88.62802410125732,88.62802410125732
TD-Clean-8,dsoh_refit,11,B0007,140,95.3953227427902,88.35113716125488,88.35113716125488
TD-Clean-8,dsoh_refit,11,B0007,144,94.86699939598208,88.0642261505127,88.0642261505127
TD-Clean-8,dsoh_refit,11,B0007,148,94.57173479963342,87.79451751708984,87.79451751708984
TD-Clean-8,dsoh_refit,11,B0007,150,96.41760769059738,87.53873920440674,87.53873920440674
TD-Clean-8,dsoh_refit,11,B0007,154,96.45090493439226,87.23110294342041,87.23110294342041
TD-Clean-8,dsoh_refit,11,B0007,158,95.6297003383392,86.93301296234131,86.93301296234131
TD-Clean-8,dsoh_refit,11,B0007,162,95.10935396520227,86.62487983703613,86.62487983703613
TD-Clean-8,dsoh_refit,11,B0007,166,94.57259385530976,86.34501266479492,86.34501266479492
TD-Clean-8,dsoh_refit,11,B0007,170,94.30623404626093,86.05080604553223,86.05080604553223
TD-Clean-8,dsoh_refit,11,B0007,174,94.0371367595855,85.76698875427246,85.76698875427246
TD-Clean-8,dsoh_refit,11,B0007,178,93.49626919937222,85.48957538604736,85.48957538604736
TD-Clean-8,dsoh_refit,11,B0007,182,92.9420388383138,85.22253227233887,85.22253227233887
TD-Clean-8,dsoh_refit,11,B0007,186,92.94217065781828,84.9567642211914,84.9567642211914
TD-Clean-8,dsoh_refit,11,B0007,190,92.69668329388116,84.69265270233154,84.69265270233154
TD-Clean-8,dsoh_refit,11,B0007,194,92.41073633514534,84.42574119567871,84.42574119567871
TD-Clean-8,dsoh_refit,11,B0007,198,91.82208130681248,84.16088962554932,84.16088962554932
TD-Clean-8,dsoh_refit,11,B0007,202,91.5743327473832,83.8683910369873,83.8683910369873
TD-Clean-8,dsoh_refit,11,B0007,206,91.04730118386937,83.59095764160156,83.59095764160156
TD-Clean-8,dsoh_refit,11,B0007,210,91.04684020750553,83.33355712890625,83.33355712890625
TD-Clean-8,dsoh_refit,11,B0007,214,90.49873919973382,83.07185745239258,83.07185745239258
TD-Clean-8,dsoh_refit,11,B0007,216,90.51794914609178,82.80360794067383,82.80360794067383
TD-Clean-8,dsoh_refit,11,B0007,220,89.96325858213598,82.52785110473633,82.52785110473633
TD-Clean-8,dsoh_refit,11,B0007,224,89.64911074691454,82.26921653747559,82.26921653747559
TD-Clean-8,dsoh_refit,11,B0007,228,89.4056438247883,82.0078353881836,82.0078353881836
TD-Clean-8,dsoh_refit,11,B0007,232,89.13221056506995,81.74689102172852,81.74689102172852
TD-Clean-8,dsoh_refit,11,B0007,236,88.88142970948275,81.47051048278809,81.47051048278809
TD-Clean-8,dsoh_refit,11,B0007,240,88.57496163215028,81.22275924682617,81.22275924682617
TD-Clean-8,dsoh_refit,11,B0007,244,88.30030467403411,80.97513389587402,80.97513389587402
TD-Clean-8,dsoh_refit,11,B0007,248,88.04309784572763,80.72784423828125,80.72784423828125
TD-Clean-8,dsoh_refit,11,B0007,252,87.7835715053401,80.48126792907715,80.48126792907715
TD-Clean-8,dsoh_refit,11,B0007,256,87.5009058762453,80.23733329772949,80.23733329772949
TD-Clean-8,dsoh_refit,11,B0007,260,86.92700430940862,79.98128509521484,79.98128509521484
TD-Clean-8,dsoh_refit,11,B0007,264,86.91859800690037,79.73918724060059,79.73918724060059
TD-Clean-8,dsoh_refit,11,B0007,266,87.17696241036246,79.4995059967041,79.4995059967041
TD-Clean-8,dsoh_refit,11,B0007,270,86.66971006432802,79.25374603271484,79.25374603271484
TD-Clean-8,dsoh_refit,11,B0007,274,86.11955257111292,79.0145034790039,79.0145034790039
TD-Clean-8,dsoh_refit,11,B0007,278,85.86532022039283,78.75922584533691,78.75922584533691
TD-Clean-8,dsoh_refit,11,B0007,282,85.83324550155743,78.52632713317871,78.52632713317871
TD-Clean-8,dsoh_refit,11,B0007,286,85.88108948972226,78.28901481628418,78.28901481628418
TD-Clean-8,dsoh_refit,11,B0007,290,85.56987844007078,78.04778480529785,78.04778480529785
TD-Clean-8,dsoh_refit,11,B0007,294,85.027771191142,77.78848075866699,77.78848075866699
TD-Clean-8,dsoh_refit,11,B0007,298,84.77582688520748,77.55316734313965,77.55316734313965
TD-Clean-8,dsoh_refit,11,B0007,302,84.79178974791847,77.32442665100098,77.32442665100098
TD-Clean-8,dsoh_refit,11,B0007,306,84.76993385106519,77.09162712097168,77.09162712097168
TD-Clean-8,dsoh_refit,11,B0007,310,84.49605927424464,76.85820770263672,76.85820770263672
TD-Clean-8,dsoh_refit,11,B0007,313,89.71090998622898,76.62215614318848,76.62215614318848
TD-Clean-8,dsoh_refit,11,B0007,316,86.37349719367897,76.39067077636719,76.39067077636719
TD-Clean-8,dsoh_refit,11,B0007,320,85.82898928627563,76.14197158813477,76.14197158813477
TD-Clean-8,dsoh_refit,11,B0007,324,85.2934976107533,75.89967727661133,75.89967727661133
TD-Clean-8,dsoh_refit,11,B0007,328,84.72574724857897,75.66006088256836,75.66006088256836
TD-Clean-8,dsoh_refit,11,B0007,332,84.48328177752624,75.4210205078125,75.4210205078125
TD-Clean-8,dsoh_refit,11,B0007,336,84.21457006738538,75.1845703125,75.1845703125
TD-Clean-8,dsoh_refit,11,B0007,340,83.9288888229777,74.95345115661621,74.95345115661621
TD-Clean-8,dsoh_refit,11,B0007,344,83.67629222648154,74.70787048339844,74.70787048339844
TD-Clean-8,dsoh_refit,11,B0007,348,83.38837618926404,74.47833061218262,74.47833061218262
TD-Clean-8,dsoh_refit,11,B0007,352,83.41270816038221,74.2485580444336,74.2485580444336
TD-Clean-8,dsoh_refit,11,B0007,356,83.14675201444969,74.02063941955566,74.02063941955566
TD-Clean-8,dsoh_refit,11,B0007,360,82.8484308280049,73.77742195129395,73.77742195129395
TD-Clean-8,dsoh_refit,11,B0007,364,83.13252526962864,73.55182266235352,73.55182266235352
TD-Clean-8,dsoh_refit,11,B0007,367,83.66359396289195,73.30596542358398,73.30596542358398
TD-Clean-8,dsoh_refit,11,B0007,371,83.14841165448959,73.06774520874023,73.06774520874023
TD-Clean-8,dsoh_refit,11,B0007,375,82.85488835556158,72.80816268920898,72.80816268920898
TD-Clean-8,dsoh_refit,11,B0007,379,82.33123711829187,72.56293296813965,72.56293296813965
TD-Clean-8,dsoh_refit,11,B0007,383,82.01142381939957,72.33762168884277,72.33762168884277
TD-Clean-8,dsoh_refit,11,B0007,387,82.07206587982726,72.09229850769043,72.09229850769043
TD-Clean-8,dsoh_refit,11,B0007,391,82.0495038543302,71.86437606811523,71.86437606811523
TD-Clean-8,dsoh_refit,11,B0007,395,81.5031419618624,71.63916778564453,71.63916778564453
TD-Clean-8,dsoh_refit,11,B0007,399,81.20841503507037,71.41776466369629,71.41776466369629
TD-Clean-8,dsoh_refit,11,B0007,403,81.21721340553746,71.17527770996094,71.17527770996094
TD-Clean-8,dsoh_refit,11,B0007,407,81.22601148878292,70.95421028137207,70.95421028137207
TD-Clean-8,dsoh_refit,11,B0007,411,80.95054391771832,70.73177909851074,70.73177909851074
TD-Clean-8,dsoh_refit,11,B0007,415,80.67227833994721,70.50868225097656,70.50868225097656
TD-Clean-8,dsoh_refit,11,B0007,419,80.40565013650571,70.2896499633789,70.2896499633789
TD-Clean-8,dsoh_refit,11,B0007,423,80.40335490244634,70.06460380554199,70.06460380554199
TD-Clean-8,dsoh_refit,11,B0007,427,80.42152437300291,69.83006858825684,69.83006858825684
TD-Clean-8,dsoh_refit,11,B0007,431,81.48461605871495,69.5833911895752,69.5833911895752
TD-Clean-8,dsoh_refit,11,B0007,433,81.75963969607048,69.3456039428711,69.3456039428711
TD-Clean-8,dsoh_refit,11,B0007,437,80.93560989493338,69.11262130737305,69.11262130737305
TD-Clean-8,dsoh_refit,11,B0007,441,80.40209515327608,68.88118171691895,68.88118171691895
TD-Clean-8,dsoh_refit,11,B0007,445,80.09419697809993,68.66204643249512,68.66204643249512
TD-Clean-8,dsoh_refit,11,B0007,449,79.85042691616567,68.44209480285645,68.44209480285645
TD-Clean-8,dsoh_refit,11,B0007,453,79.56495728605914,68.22419548034668,68.22419548034668
TD-Clean-8,dsoh_refit,11,B0007,457,79.30076147796538,68.00449752807617,68.00449752807617
TD-Clean-8,dsoh_refit,11,B0007,461,79.2776995197187,67.78949356079102,67.78949356079102
TD-Clean-8,dsoh_refit,11,B0007,465,79.01573008127421,67.55209732055664,67.55209732055664
TD-Clean-8,dsoh_refit,11,B0007,469,78.7529099419952,67.33168411254883,67.33168411254883
TD-Clean-8,dsoh_refit,11,B0007,473,78.76631135529045,67.11764907836914,67.11764907836914
TD-Clean-8,dsoh_refit,11,B0007,477,78.45734950325969,66.90374374389648,66.90374374389648
TD-Clean-8,dsoh_refit,11,B0007,481,78.71925319505982,66.6932144165039,66.6932144165039
TD-Clean-8,dsoh_refit,11,B0007,483,79.58166685963718,66.48379898071289,66.48379898071289
TD-Clean-8,dsoh_refit,11,B0007,485,78.72860058663869,66.25853729248047,66.25853729248047
TD-Clean-8,dsoh_refit,11,B0007,489,78.46501751785956,66.04179382324219,66.04179382324219
TD-Clean-8,dsoh_refit,11,B0007,493,78.19738333514631,65.82652282714844,65.82652282714844
TD-Clean-8,dsoh_refit,11,B0007,497,78.20645287101384,65.60840225219727,65.60840225219727
TD-Clean-8,dsoh_refit,11,B0007,501,77.92824275772597,65.39449310302734,65.39449310302734
TD-Clean-8,dsoh_refit,11,B0007,505,77.6497101362114,65.170166015625,65.170166015625
TD-Clean-8,dsoh_refit,11,B0007,509,77.38028422735451,64.93910598754883,64.93910598754883
TD-Clean-8,dsoh_refit,11,B0007,513,77.09660547904922,64.72843933105469,64.72843933105469
TD-Clean-8,dsoh_refit,11,B0007,517,77.11046744203753,64.51913070678711,64.51913070678711
TD-Clean-8,dsoh_refit,11,B0007,521,76.85550035450103,64.30727767944336,64.30727767944336
TD-Clean-8,dsoh_refit,11,B0007,525,76.85236240084764,64.07390213012695,64.07390213012695
TD-Clean-8,dsoh_refit,11,B0007,529,76.56671722215358,63.857032775878906,63.857032775878906
TD-Clean-8,dsoh_refit,11,B0007,533,76.29399038621672,63.64761734008789,63.64761734008789
TD-Clean-8,dsoh_refit,11,B0007,537,76.32425788720361,63.444393157958984,63.444393157958984
TD-Clean-8,dsoh_refit,11,B0007,541,76.29658741049414,63.21554183959961,63.21554183959961
TD-Clean-8,dsoh_refit,11,B0007,545,76.59209728582513,62.9997444152832,62.9997444152832
TD-Clean-8,dsoh_refit,11,B0007,548,77.93863743061358,62.80276870727539,62.80276870727539
TD-Clean-8,dsoh_refit,11,B0007,552,77.12364718084329,62.5909309387207,62.5909309387207
TD-Clean-8,dsoh_refit,11,B0007,556,76.8725967441492,62.373714447021484,62.373714447021484
TD-Clean-8,dsoh_refit,11,B0007,560,76.58854113704766,62.14238357543945,62.14238357543945
TD-Clean-8,dsoh_refit,11,B0007,564,76.04885672654179,61.92635726928711,61.92635726928711
TD-Clean-8,dsoh_refit,11,B0007,568,76.05828438472663,61.71329879760742,61.71329879760742
TD-Clean-8,dsoh_refit,11,B0007,572,75.76335089505734,61.49403381347656,61.49403381347656
TD-Clean-8,dsoh_refit,11,B0007,576,75.75439980355237,61.28501510620117,61.28501510620117
TD-Clean-8,dsoh_refit,11,B0007,580,75.49812548326929,61.0840950012207,61.0840950012207
TD-Clean-8,dsoh_refit,11,B0007,584,75.23591897923467,60.86790466308594,60.86790466308594
TD-Clean-8,dsoh_refit,11,B0007,588,75.24924732301496,60.652015686035156,60.652015686035156
TD-Clean-8,dsoh_refit,11,B0007,592,74.94444174506414,60.44316482543945,60.44316482543945
TD-Clean-8,dsoh_refit,11,B0007,596,74.95266425125988,60.23213195800781,60.23213195800781
TD-Clean-8,dsoh_refit,11,B0007,600,74.69643604452878,60.01557922363281,60.01557922363281
TD-Clean-8,dsoh_refit,11,B0007,604,74.7051700493532,59.801300048828125,59.801300048828125
TD-Clean-8,dsoh_refit,11,B0007,608,74.39278959915883,59.59697341918945,59.59697341918945
TD-Clean-8,dsoh_refit,11,B0007,612,75.52591562947222,59.374267578125,59.374267578125
TD-Clean-8,dsoh_refit,11,B0007,614,76.09264518290325,59.16559982299805,59.16559982299805
TD-Clean-8,dsoh_refit,11,B0018,3,100.8025811041783,100.0,100.0
TD-Clean-8,dsoh_refit,11,B0018,7,100.16087022619236,99.59797012805939,99.59797012805939
TD-Clean-8,dsoh_refit,11,B0018,11,99.96558598273582,99.08004021644592,99.08004021644592
TD-Clean-8,dsoh_refit,11,B0018,15,99.48041766162956,98.55647468566895,98.55647468566895
TD-Clean-8,dsoh_refit,11,B0018,18,99.59054502526398,98.22595143318176,98.22595143318176
TD-Clean-8,dsoh_refit,11,B0018,20,99.36387169185286,97.65296411514282,97.65296411514282
TD-Clean-8,dsoh_refit,11,B0018,22,98.96567828327716,97.04246473312378,97.04246473312378
TD-Clean-8,dsoh_refit,11,B0018,24,98.63793870309058,96.43462896347046,96.43462896347046
TD-Clean-8,dsoh_refit,11,B0018,27,98.04714689052696,95.82735538482666,95.82735538482666
TD-Clean-8,dsoh_refit,11,B0018,30,99.06887382997856,95.45505619049072,95.45505619049072
TD-Clean-8,dsoh_refit,11,B0018,32,98.47248926951052,94.8845624923706,94.8845624923706
TD-Clean-8,dsoh_refit,11,B0018,34,98.068534707018,94.27770376205444,94.27770376205444
TD-Clean-8,dsoh_refit,11,B0018,36,97.31606084566693,93.65339756011963,93.65339756011963
TD-Clean-8,dsoh_refit,11,B0018,39,96.91537145663308,93.02910470962524,93.02910470962524
TD-Clean-8,dsoh_refit,11,B0018,42,96.77777434993364,92.67668676376343,92.67668676376343
TD-Clean-8,dsoh_refit,11,B0018,44,96.24906078283864,92.15316963195801,92.15316963195801
TD-Clean-8,dsoh_refit,11,B0018,46,96.10893521170082,91.58925247192383,91.58925247192383
TD-Clean-8,dsoh_refit,11,B0018,48,95.29382636269746,90.98440742492676,90.98440742492676
TD-Clean-8,dsoh_refit,11,B0018,51,94.89112029628322,90.36393737792969,90.36393737792969
TD-Clean-8,dsoh_refit,11,B0018,54,94.42623362260446,89.8697509765625,89.8697509765625
TD-Clean-8,dsoh_refit,11,B0018,56,94.09214261326034,89.27496528625488,89.27496528625488
TD-Clean-8,dsoh_refit,11,B0018,58,92.84655809058668,88.69222354888916,88.69222354888916
TD-Clean-8,dsoh_refit,11,B0018,60,93.00278636580364,88.11906623840332,88.11906623840332
TD-Clean-8,dsoh_refit,11,B0018,63,92.78717154289568,87.5380859375,87.5380859375
TD-Clean-8,dsoh_refit,11,B0018,66,95.05514633441328,87.23523998260498,87.23523998260498
TD-Clean-8,dsoh_refit,11,B0018,68,94.16023397654948,86.73241233825684,86.73241233825684
TD-Clean-8,dsoh_refit,11,B0018,70,93.58756901230694,86.21401309967041,86.21401309967041
TD-Clean-8,dsoh_refit,11,B0018,72,93.02323711734508,85.68398380279541,85.68398380279541
TD-Clean-8,dsoh_refit,11,B0018,75,92.33971230163448,85.1419620513916,85.1419620513916
TD-Clean-8,dsoh_refit,11,B0018,78,92.05544475967478,84.76271533966064,84.76271533966064
TD-Clean-8,dsoh_refit,11,B0018,80,91.39607597710202,84.25852966308594,84.25852966308594
TD-Clean-8,dsoh_refit,11,B0018,82,91.12841202900309,83.77883338928223,83.77883338928223
TD-Clean-8,dsoh_refit,11,B0018,84,90.50598444143154,83.29605102539062,83.29605102539062
TD-Clean-8,dsoh_refit,11,B0018,87,90.05329919062662,82.78059387207031,82.78059387207031
TD-Clean-8,dsoh_refit,11,B0018,90,89.56595375021743,82.38859176635742,82.38859176635742
TD-Clean-8,dsoh_refit,11,B0018,92,89.05221474379236,81.90032386779785,81.90032386779785
TD-Clean-8,dsoh_refit,11,B0018,94,88.4478648526792,81.41421699523926,81.41421699523926
TD-Clean-8,dsoh_refit,11,B0018,96,88.14926233550939,80.98775672912598,80.98775672912598
TD-Clean-8,dsoh_refit,11,B0018,99,87.70654438914323,80.5265884399414,80.5265884399414
TD-Clean-8,dsoh_refit,11,B0018,102,91.07812245566797,80.25587463378906,80.25587463378906
TD-Clean-8,dsoh_refit,11,B0018,104,89.62445100410937,79.75481605529785,79.75481605529785
TD-Clean-8,dsoh_refit,11,B0018,106,88.70513095013024,79.25846481323242,79.25846481323242
TD-Clean-8,dsoh_refit,11,B0018,108,87.83746900859978,78.76739883422852,78.76739883422852
TD-Clean-8,dsoh_refit,11,B0018,111,87.53788044222665,78.25969314575195,78.25969314575195
TD-Clean-8,dsoh_refit,11,B0018,114,86.69891328476463,77.90878486633301,77.90878486633301
TD-Clean-8,dsoh_refit,11,B0018,119,93.27978546012802,77.33389854431152,77.33389854431152
TD-Clean-8,dsoh_refit,11,B0018,121,92.1525471966999,76.77153205871582,76.77153205871582
TD-Clean-8,dsoh_refit,11,B0018,123,91.17195305362098,76.21838760375977,76.21838760375977
TD-Clean-8,dsoh_refit,11,B0018,125,90.2416573040256,75.67284393310547,75.67284393310547
TD-Clean-8,dsoh_refit,11,B0018,128,90.55423897233052,75.37411689758301,75.37411689758301
TD-Clean-8,dsoh_refit,11,B0018,130,89.49039068452917,74.86193656921387,74.86193656921387
TD-Clean-8,dsoh_refit,11,B0018,132,88.3454487099843,74.32038879394531,74.32038879394531
TD-Clean-8,dsoh_refit,11,B0018,134,87.60607299731777,73.79543685913086,73.79543685913086
TD-Clean-8,dsoh_refit,11,B0018,136,87.25714700042141,73.30078315734863,73.30078315734863
TD-Clean-8,dsoh_refit,11,B0018,143,89.1426764135498,72.79513549804688,72.79513549804688
TD-Clean-8,dsoh_refit,11,B0018,145,87.66626044455795,72.2930793762207,72.2930793762207
TD-Clean-8,dsoh_refit,11,B0018,147,86.51592379470374,71.80464744567871,71.80464744567871
TD-Clean-8,dsoh_refit,11,B0018,150,86.21730704320841,71.29339981079102,71.29339981079102
TD-Clean-8,dsoh_refit,11,B0018,153,85.8627581657356,70.95165252685547,70.95165252685547
TD-Clean-8,dsoh_refit,11,B0018,155,84.99855590440428,70.50167083740234,70.50167083740234
TD-Clean-8,dsoh_refit,11,B0018,157,84.53366840480606,70.03564643859863,70.03564643859863
TD-Clean-8,dsoh_refit,11,B0018,159,83.69607194854545,69.58675193786621,69.58675193786621
TD-Clean-8,dsoh_refit,11,B0018,162,83.25899594193369,69.1276798248291,69.1276798248291
TD-Clean-8,dsoh_refit,11,B0018,165,83.22975722050174,68.81021118164062,68.81021118164062
TD-Clean-8,dsoh_refit,11,B0018,167,82.72092847997168,68.36167526245117,68.36167526245117
TD-Clean-8,dsoh_refit,11,B0018,169,81.86598978006339,67.93434524536133,67.93434524536133
TD-Clean-8,dsoh_refit,11,B0018,171,81.58859278240016,67.51355361938477,67.51355361938477
TD-Clean-8,dsoh_refit,11,B0018,174,81.31316363799587,67.09835815429688,67.09835815429688
TD-Clean-8,dsoh_refit,11,B0018,177,83.32773163808899,66.88431930541992,66.88431930541992
TD-Clean-8,dsoh_refit,11,B0018,179,82.80709531820148,66.47299194335938,66.47299194335938
TD-Clean-8,dsoh_refit,11,B0018,181,81.57610219236552,66.07629013061523,66.07629013061523
TD-Clean-8,dsoh_refit,11,B0018,183,81.09929204028072,65.66576766967773,65.66576766967773
TD-Clean-8,dsoh_refit,11,B0018,185,80.60512587063184,65.2359504699707,65.2359504699707
TD-Clean-8,dsoh_refit,11,B0018,188,80.4645909654616,64.99213027954102,64.99213027954102
TD-Clean-8,dsoh_refit,11,B0018,190,80.07171192098461,64.61323928833008,64.61323928833008
TD-Clean-8,dsoh_refit,11,B0018,192,79.77346222448996,64.25252532958984,64.25252532958984
TD-Clean-8,dsoh_refit,11,B0018,194,79.23402412051846,63.870765686035156,63.870765686035156
TD-Clean-8,dsoh_refit,11,B0018,197,78.6783203089025,63.487552642822266,63.487552642822266
TD-Clean-8,dsoh_refit,11,B0018,200,78.94539372549075,63.23036575317383,63.23036575317383
TD-Clean-8,dsoh_refit,11,B0018,202,78.38865828037459,62.85868453979492,62.85868453979492
TD-Clean-8,dsoh_refit,11,B0018,204,78.21127069246836,62.518287658691406,62.518287658691406
TD-Clean-8,dsoh_refit,11,B0018,206,77.6339684068403,62.17580032348633,62.17580032348633
TD-Clean-8,dsoh_refit,11,B0018,209,77.43046760934243,61.80574035644531,61.80574035644531
TD-Clean-8,dsoh_refit,11,B0018,212,79.8708545166814,61.6713752746582,61.6713752746582
TD-Clean-8,dsoh_refit,11,B0018,214,78.93458463676515,61.315040588378906,61.315040588378906
TD-Clean-8,dsoh_refit,11,B0018,216,78.40488242765085,60.93705368041992,60.93705368041992
TD-Clean-8,dsoh_refit,11,B0018,218,77.61921434771055,60.58284378051758,60.58284378051758
TD-Clean-8,dsoh_refit,11,B0018,220,76.9170609064971,60.18983459472656,60.18983459472656
TD-Clean-8,dsoh_refit,11,B0018,223,79.04297866359087,60.07377624511719,60.07377624511719
TD-Clean-8,dsoh_refit,11,B0018,225,77.61605692618127,59.748680114746094,59.748680114746094
TD-Clean-8,dsoh_refit,11,B0018,227,77.14789574863566,59.42060470581055,59.42060470581055
TD-Clean-8,dsoh_refit,11,B0018,229,76.92281444261894,59.09864807128906,59.09864807128906
TD-Clean-8,dsoh_refit,11,B0018,232,76.3858924270674,58.77043914794922,58.77043914794922
TD-Clean-8,dsoh_refit,11,B0018,235,76.53620320177981,58.60524368286133,58.60524368286133
TD-Clean-8,dsoh_refit,11,B0018,237,75.9063201738239,58.30303955078125,58.30303955078125
TD-Clean-8,dsoh_refit,11,B0018,239,75.72766142150313,57.998783111572266,57.998783111572266
TD-Clean-8,dsoh_refit,11,B0018,241,75.49928800503805,57.696895599365234,57.696895599365234
TD-Clean-8,dsoh_refit,11,B0018,244,74.9124451895705,57.39657211303711,57.39657211303711
TD-Clean-8,dsoh_refit,11,B0018,247,75.25674730493446,57.22966766357422,57.22966766357422
TD-Clean-8,dsoh_refit,11,B0018,249,74.46467849076038,56.94915771484375,56.94915771484375
TD-Clean-8,dsoh_refit,11,B0018,251,74.62885626516028,56.669212341308594,56.669212341308594
TD-Clean-8,dsoh_refit,11,B0018,253,74.33553994642665,56.40080261230469,56.40080261230469
TD-Clean-8,dsoh_refit,11,B0018,256,73.72504079935909,56.11623001098633,56.11623001098633
TD-Clean-8,dsoh_refit,11,B0018,259,79.36110924975578,55.9609375,55.9609375
TD-Clean-8,dsoh_refit,11,B0018,261,78.799706688891,55.63611602783203,55.63611602783203
TD-Clean-8,dsoh_refit,11,B0018,263,78.14983302548104,55.29862594604492,55.29862594604492
TD-Clean-8,dsoh_refit,11,B0018,265,77.61878718971624,54.93836975097656,54.93836975097656
TD-Clean-8,dsoh_refit,11,B0018,267,76.88079746021991,54.57248306274414,54.57248306274414
TD-Clean-8,dsoh_refit,11,B0018,270,76.8319836786595,54.37621307373047,54.37621307373047
TD-Clean-8,dsoh_refit,11,B0018,272,76.01926160635412,54.049861907958984,54.049861907958984
TD-Clean-8,dsoh_refit,11,B0018,274,75.82358510102308,53.77358627319336,53.77358627319336
TD-Clean-8,dsoh_refit,11,B0018,276,75.53633219814198,53.50563049316406,53.50563049316406
TD-Clean-8,dsoh_refit,11,B0018,279,75.31793705780649,53.17180252075195,53.17180252075195
TD-Clean-8,dsoh_refit,11,B0018,282,75.43684114368729,52.99873733520508,52.99873733520508
TD-Clean-8,dsoh_refit,11,B0018,284,74.7829788363973,52.67243957519531,52.67243957519531
TD-Clean-8,dsoh_refit,11,B0018,286,74.15991898288928,52.365047454833984,52.365047454833984
TD-Clean-8,dsoh_refit,11,B0018,288,73.84846878839457,52.05646896362305,52.05646896362305
TD-Clean-8,dsoh_refit,11,B0018,291,73.15537271331122,51.735965728759766,51.735965728759766
TD-Clean-8,dsoh_refit,11,B0018,294,77.53589472577204,51.6003532409668,51.6003532409668
TD-Clean-8,dsoh_refit,11,B0018,296,76.42763235972666,51.28638458251953,51.28638458251953
TD-Clean-8,dsoh_refit,11,B0018,298,75.72351586777258,50.975852966308594,50.975852966308594
TD-Clean-8,dsoh_refit,11,B0018,300,75.4386936803776,50.63768768310547,50.63768768310547
TD-Clean-8,dsoh_refit,11,B0018,302,74.45721490205536,50.314823150634766,50.314823150634766
TD-Clean-8,dsoh_refit,11,B0018,305,74.97385174402893,50.13857650756836,50.13857650756836
TD-Clean-8,dsoh_refit,11,B0018,307,74.3741167471391,49.88235855102539,49.88235855102539
TD-Clean-8,dsoh_refit,11,B0018,309,74.05233968989694,49.63798522949219,49.63798522949219
TD-Clean-8,dsoh_refit,11,B0018,311,74.08863589293038,49.36398696899414,49.36398696899414
TD-Clean-8,dsoh_refit,11,B0018,314,73.46151441244959,49.07179641723633,49.07179641723633
TD-Clean-8,dsoh_refit,11,B0018,317,73.62086195282473,48.93647766113281,48.93647766113281
TD-Clean-8,dsoh_refit,11,B0018,319,72.87391760769836,48.63846206665039,48.63846206665039
