setting,stage,seed,test_battery,cycle,y_true,y_pred
TD-Win-7,pre_refit,42,B0005,2,100.80760884947765,85.62712
TD-Win-7,pre_refit,42,B0005,4,100.25590968770103,87.855484
TD-Win-7,pre_refit,42,B0005,6,99.65979925247206,87.79944
TD-Win-7,pre_refit,42,B0005,8,99.65509323788856,87.81267
TD-Win-7,pre_refit,42,B0005,10,99.6215889724607,87.855484
TD-Win-7,pre_refit,42,B0005,12,99.67676620535396,87.855484
TD-Win-7,pre_refit,42,B0005,14,99.64877352944652,87.855484
TD-Win-7,pre_refit,42,B0005,16,99.13892996732449,87.77954
TD-Win-7,pre_refit,42,B0005,18,99.08555627584838,87.84473
TD-Win-7,pre_refit,42,B0005,20,99.0768365083485,87.74443
TD-Win-7,pre_refit,42,B0005,22,99.07717774099622,87.855484
TD-Win-7,pre_refit,42,B0005,25,98.5114992237362,87.61344
TD-Win-7,pre_refit,42,B0005,27,98.4870761948254,87.85206
TD-Win-7,pre_refit,42,B0005,29,98.47015265835132,87.855484
TD-Win-7,pre_refit,42,B0005,31,97.88140357167902,87.67973
TD-Win-7,pre_refit,42,B0005,33,97.85473656745688,87.855484
TD-Win-7,pre_refit,42,B0005,35,97.88039886599036,87.7963
TD-Win-7,pre_refit,42,B0005,37,97.9069415267384,87.84683
TD-Win-7,pre_refit,42,B0005,39,97.89115702988882,87.855484
TD-Win-7,pre_refit,42,B0005,42,100.29385168145046,87.81294
TD-Win-7,pre_refit,42,B0005,46,100.31510023136114,87.759315
TD-Win-7,pre_refit,42,B0005,50,99.70477213786135,87.74755
TD-Win-7,pre_refit,42,B0005,54,99.1402308374376,87.722725
TD-Win-7,pre_refit,42,B0005,58,99.10400696359169,87.855484
TD-Win-7,pre_refit,42,B0005,62,99.12941188644592,87.855484
TD-Win-7,pre_refit,42,B0005,66,98.50222430381568,87.855484
TD-Win-7,pre_refit,42,B0005,70,98.5423014565286,87.855484
TD-Win-7,pre_refit,42,B0005,74,98.49887187571204,87.855484
TD-Win-7,pre_refit,42,B0005,78,97.89050762402466,87.855484
TD-Win-7,pre_refit,42,B0005,82,97.96171552529285,87.855484
TD-Win-7,pre_refit,42,B0005,90,99.4075559707276,87.855484
TD-Win-7,pre_refit,42,B0005,94,98.82112827769676,87.855484
TD-Win-7,pre_refit,42,B0005,98,98.2457556393358,87.855484
TD-Win-7,pre_refit,42,B0005,102,97.99065016377766,87.855484
TD-Win-7,pre_refit,42,B0005,106,97.7065060215613,87.855484
TD-Win-7,pre_refit,42,B0005,110,97.11279694879056,87.855484
TD-Win-7,pre_refit,42,B0005,114,96.81304988059888,87.855484
TD-Win-7,pre_refit,42,B0005,118,96.27605729788222,87.855484
TD-Win-7,pre_refit,42,B0005,122,96.2762766313732,87.855484
TD-Win-7,pre_refit,42,B0005,126,95.99578118843372,87.855484
TD-Win-7,pre_refit,42,B0005,130,95.69403287907456,87.855484
TD-Win-7,pre_refit,42,B0005,134,95.98194451474556,87.855484
TD-Win-7,pre_refit,42,B0005,136,95.71321655496544,87.855484
TD-Win-7,pre_refit,42,B0005,140,95.11928805425076,87.855484
TD-Win-7,pre_refit,42,B0005,144,94.58275432725988,87.855484
TD-Win-7,pre_refit,42,B0005,148,94.27008009570102,87.855484
TD-Win-7,pre_refit,42,B0005,150,97.39411432859931,87.855484
TD-Win-7,pre_refit,42,B0005,154,96.82749231246368,87.855484
TD-Win-7,pre_refit,42,B0005,158,95.96820195991576,87.855484
TD-Win-7,pre_refit,42,B0005,162,95.40638930769452,87.855484
TD-Win-7,pre_refit,42,B0005,166,94.8553962680492,87.855484
TD-Win-7,pre_refit,42,B0005,170,94.5755674779542,87.855484
TD-Win-7,pre_refit,42,B0005,174,94.28806184403476,87.855484
TD-Win-7,pre_refit,42,B0005,178,93.73958753620327,87.855484
TD-Win-7,pre_refit,42,B0005,182,93.16861105469168,87.855484
TD-Win-7,pre_refit,42,B0005,186,92.88227598613614,87.855484
TD-Win-7,pre_refit,42,B0005,190,92.636901518198,87.80069
TD-Win-7,pre_refit,42,B0005,194,92.32720191735562,87.855484
TD-Win-7,pre_refit,42,B0005,198,92.01599848919145,87.855484
TD-Win-7,pre_refit,42,B0005,202,91.49053823956656,87.855484
TD-Win-7,pre_refit,42,B0005,206,90.92425521866993,87.855484
TD-Win-7,pre_refit,42,B0005,210,90.92941856192826,87.20484
TD-Win-7,pre_refit,42,B0005,214,90.34010561326173,87.5813
TD-Win-7,pre_refit,42,B0005,216,90.0847586044663,87.855484
TD-Win-7,pre_refit,42,B0005,220,89.80457989439137,87.855484
TD-Win-7,pre_refit,42,B0005,224,89.19640288815545,87.17086
TD-Win-7,pre_refit,42,B0005,228,88.93598251136243,87.26266
TD-Win-7,pre_refit,42,B0005,232,88.65781340235759,87.40611
TD-Win-7,pre_refit,42,B0005,236,88.38728178562198,87.855484
TD-Win-7,pre_refit,42,B0005,240,88.08171260170519,85.97989
TD-Win-7,pre_refit,42,B0005,244,87.49528010741024,87.229866
TD-Win-7,pre_refit,42,B0005,248,87.2366743602368,86.14531
TD-Win-7,pre_refit,42,B0005,252,86.96251727221627,85.68377
TD-Win-7,pre_refit,42,B0005,256,86.35734215456989,85.65343
TD-Win-7,pre_refit,42,B0005,260,86.10863457357058,86.6493
TD-Win-7,pre_refit,42,B0005,264,86.06270063126725,85.31587
TD-Win-7,pre_refit,42,B0005,266,86.63737677555004,85.92545
TD-Win-7,pre_refit,42,B0005,270,85.50813849993258,85.25128
TD-Win-7,pre_refit,42,B0005,274,84.97446653296429,84.78414
TD-Win-7,pre_refit,42,B0005,278,84.69557819389517,86.36656
TD-Win-7,pre_refit,42,B0005,282,84.68013627936132,84.57404
TD-Win-7,pre_refit,42,B0005,286,84.41991821853574,85.094345
TD-Win-7,pre_refit,42,B0005,290,84.10414931140878,85.265274
TD-Win-7,pre_refit,42,B0005,294,83.52653061113354,86.840164
TD-Win-7,pre_refit,42,B0005,298,82.96602561057489,84.76321
TD-Win-7,pre_refit,42,B0005,302,82.99920327964658,84.311775
TD-Win-7,pre_refit,42,B0005,306,82.68003018050378,85.182175
TD-Win-7,pre_refit,42,B0005,310,82.39976893302816,84.93471
TD-Win-7,pre_refit,42,B0005,313,87.19626195760692,84.71704
TD-Win-7,pre_refit,42,B0005,316,84.91729656129593,84.88652
TD-Win-7,pre_refit,42,B0005,320,84.06165489885902,86.178215
TD-Win-7,pre_refit,42,B0005,324,83.2082752902044,85.68604
TD-Win-7,pre_refit,42,B0005,328,82.91381970838151,84.640656
TD-Win-7,pre_refit,42,B0005,332,82.37106085271179,85.31301
TD-Win-7,pre_refit,42,B0005,336,82.09631790141844,84.52507
TD-Win-7,pre_refit,42,B0005,340,81.80669701206385,84.59417
TD-Win-7,pre_refit,42,B0005,344,81.53418918115372,85.57434
TD-Win-7,pre_refit,42,B0005,348,80.95312575426658,84.503525
TD-Win-7,pre_refit,42,B0005,352,80.6829269258604,84.7943
TD-Win-7,pre_refit,42,B0005,356,80.38673535372676,84.35189
TD-Win-7,pre_refit,42,B0005,360,80.10415225005684,85.43913
TD-Win-7,pre_refit,42,B0005,364,80.68483906716317,83.78799
TD-Win-7,pre_refit,42,B0005,367,81.23806188586506,86.6086
TD-Win-7,pre_refit,42,B0005,371,80.40774500270479,85.26109
TD-Win-7,pre_refit,42,B0005,375,79.80793062432481,86.77056
TD-Win-7,pre_refit,42,B0005,379,78.94710440938543,85.49292
TD-Win-7,pre_refit,42,B0005,383,78.96040682717852,84.26892
TD-Win-7,pre_refit,42,B0005,387,79.00805769223405,85.99689
TD-Win-7,pre_refit,42,B0005,391,78.68325635434054,84.67147
TD-Win-7,pre_refit,42,B0005,395,78.12009683923326,84.38704
TD-Win-7,pre_refit,42,B0005,399,77.83635095586517,84.03619
TD-Win-7,pre_refit,42,B0005,403,77.83366081216815,86.04577
TD-Win-7,pre_refit,42,B0005,407,77.54418562704669,84.43476
TD-Win-7,pre_refit,42,B0005,411,77.26483532824366,84.24353
TD-Win-7,pre_refit,42,B0005,415,76.96665751739931,83.638626
TD-Win-7,pre_refit,42,B0005,419,76.69408123915822,83.87043
TD-Win-7,pre_refit,42,B0005,423,76.7032886034996,84.33939
TD-Win-7,pre_refit,42,B0005,427,76.43285089151239,85.9208
TD-Win-7,pre_refit,42,B0005,431,77.83345221466253,85.53212
TD-Win-7,pre_refit,42,B0005,433,78.09751233548145,85.257034
TD-Win-7,pre_refit,42,B0005,437,76.96262218385922,84.57774
TD-Win-7,pre_refit,42,B0005,441,76.3993634537507,84.480316
TD-Win-7,pre_refit,42,B0005,445,76.08562321685423,83.62631
TD-Win-7,pre_refit,42,B0005,449,75.84111192639295,83.8816
TD-Win-7,pre_refit,42,B0005,453,75.5470202599512,83.19497
TD-Win-7,pre_refit,42,B0005,457,75.2724773855306,83.02476
TD-Win-7,pre_refit,42,B0005,461,74.95796574493023,83.17994
TD-Win-7,pre_refit,42,B0005,465,74.67559060559861,84.777725
TD-Win-7,pre_refit,42,B0005,469,74.4190975749656,83.508484
TD-Win-7,pre_refit,42,B0005,473,74.41886702385212,82.47718
TD-Win-7,pre_refit,42,B0005,477,74.10538957595438,82.90969
TD-Win-7,pre_refit,42,B0005,481,74.68403981580354,83.53206
TD-Win-7,pre_refit,42,B0005,483,75.26611054535188,83.30364
TD-Win-7,pre_refit,42,B0005,485,74.38310747232698,84.000656
TD-Win-7,pre_refit,42,B0005,489,74.10795710900801,82.81952
TD-Win-7,pre_refit,42,B0005,493,73.53993654981534,83.069664
TD-Win-7,pre_refit,42,B0005,497,73.55729388669064,84.140884
TD-Win-7,pre_refit,42,B0005,501,73.56067241598603,83.08859
TD-Win-7,pre_refit,42,B0005,505,73.26805286034079,84.35936
TD-Win-7,pre_refit,42,B0005,509,72.98972077509227,84.11336
TD-Win-7,pre_refit,42,B0005,513,72.70747847813722,82.95054
TD-Win-7,pre_refit,42,B0005,517,72.70330518052887,82.796196
TD-Win-7,pre_refit,42,B0005,521,72.43680818215978,83.637764
TD-Win-7,pre_refit,42,B0005,525,72.14563728793834,85.24807
TD-Win-7,pre_refit,42,B0005,529,71.84842350914826,83.11976
TD-Win-7,pre_refit,42,B0005,533,71.57682808520298,83.095345
TD-Win-7,pre_refit,42,B0005,537,71.59297070565168,82.934685
TD-Win-7,pre_refit,42,B0005,541,71.58355486033668,84.569244
TD-Win-7,pre_refit,42,B0005,545,71.88651633814797,82.8001
TD-Win-7,pre_refit,42,B0005,548,73.85485752850198,80.966835
TD-Win-7,pre_refit,42,B0005,552,72.73676298693475,82.56764
TD-Win-7,pre_refit,42,B0005,556,72.16650080848474,83.182785
TD-Win-7,pre_refit,42,B0005,560,71.87574889700983,84.79363
TD-Win-7,pre_refit,42,B0005,564,71.60206343923741,83.37626
TD-Win-7,pre_refit,42,B0005,568,71.32194157026348,83.576
TD-Win-7,pre_refit,42,B0005,572,71.30711389020412,83.57603
TD-Win-7,pre_refit,42,B0005,576,71.01356336148518,83.24075
TD-Win-7,pre_refit,42,B0005,580,70.75492745457169,82.40141
TD-Win-7,pre_refit,42,B0005,584,70.77254445771489,83.61487
TD-Win-7,pre_refit,42,B0005,588,70.77540542374062,83.40891
TD-Win-7,pre_refit,42,B0005,592,70.47550750397869,82.98809
TD-Win-7,pre_refit,42,B0005,596,70.48563041810954,82.6586
TD-Win-7,pre_refit,42,B0005,600,70.23531244180377,83.624344
TD-Win-7,pre_refit,42,B0005,604,69.93882142370093,83.819786
TD-Win-7,pre_refit,42,B0005,608,69.90890905512207,82.970314
TD-Win-7,pre_refit,42,B0005,612,71.07977535187085,85.01693
TD-Win-7,pre_refit,42,B0005,614,71.95205157786506,83.80799
TD-Win-7,refit_on_3,42,B0005,2,100.80760884947765,76.76521
TD-Win-7,refit_on_3,42,B0005,4,100.25590968770103,87.20867
TD-Win-7,refit_on_3,42,B0005,6,99.65979925247206,87.20867
TD-Win-7,refit_on_3,42,B0005,8,99.65509323788856,87.20867
TD-Win-7,refit_on_3,42,B0005,10,99.6215889724607,87.20867
TD-Win-7,refit_on_3,42,B0005,12,99.67676620535396,87.20867
TD-Win-7,refit_on_3,42,B0005,14,99.64877352944652,87.20867
TD-Win-7,refit_on_3,42,B0005,16,99.13892996732449,87.20867
TD-Win-7,refit_on_3,42,B0005,18,99.08555627584838,87.20867
TD-Win-7,refit_on_3,42,B0005,20,99.0768365083485,87.20867
TD-Win-7,refit_on_3,42,B0005,22,99.07717774099622,87.20867
TD-Win-7,refit_on_3,42,B0005,25,98.5114992237362,87.20867
TD-Win-7,refit_on_3,42,B0005,27,98.4870761948254,87.20867
TD-Win-7,refit_on_3,42,B0005,29,98.47015265835132,87.20867
TD-Win-7,refit_on_3,42,B0005,31,97.88140357167902,87.20867
TD-Win-7,refit_on_3,42,B0005,33,97.85473656745688,87.20867
TD-Win-7,refit_on_3,42,B0005,35,97.88039886599036,87.20867
TD-Win-7,refit_on_3,42,B0005,37,97.9069415267384,87.20867
TD-Win-7,refit_on_3,42,B0005,39,97.89115702988882,87.20867
TD-Win-7,refit_on_3,42,B0005,42,100.29385168145046,87.20867
TD-Win-7,refit_on_3,42,B0005,46,100.31510023136114,87.20867
TD-Win-7,refit_on_3,42,B0005,50,99.70477213786135,87.20867
TD-Win-7,refit_on_3,42,B0005,54,99.1402308374376,87.20867
TD-Win-7,refit_on_3,42,B0005,58,99.10400696359169,87.20867
TD-Win-7,refit_on_3,42,B0005,62,99.12941188644592,87.20867
TD-Win-7,refit_on_3,42,B0005,66,98.50222430381568,87.20867
TD-Win-7,refit_on_3,42,B0005,70,98.5423014565286,87.20867
TD-Win-7,refit_on_3,42,B0005,74,98.49887187571204,87.20867
TD-Win-7,refit_on_3,42,B0005,78,97.89050762402466,87.20867
TD-Win-7,refit_on_3,42,B0005,82,97.96171552529285,87.20867
TD-Win-7,refit_on_3,42,B0005,90,99.4075559707276,87.20867
TD-Win-7,refit_on_3,42,B0005,94,98.82112827769676,87.20867
TD-Win-7,refit_on_3,42,B0005,98,98.2457556393358,87.20867
TD-Win-7,refit_on_3,42,B0005,102,97.99065016377766,87.20867
TD-Win-7,refit_on_3,42,B0005,106,97.7065060215613,87.20867
TD-Win-7,refit_on_3,42,B0005,110,97.11279694879056,87.20867
TD-Win-7,refit_on_3,42,B0005,114,96.81304988059888,87.20867
TD-Win-7,refit_on_3,42,B0005,118,96.27605729788222,87.20867
TD-Win-7,refit_on_3,42,B0005,122,96.2762766313732,87.20867
TD-Win-7,refit_on_3,42,B0005,126,95.99578118843372,87.20867
TD-Win-7,refit_on_3,42,B0005,130,95.69403287907456,87.20867
TD-Win-7,refit_on_3,42,B0005,134,95.98194451474556,87.20867
TD-Win-7,refit_on_3,42,B0005,136,95.71321655496544,87.20867
TD-Win-7,refit_on_3,42,B0005,140,95.11928805425076,87.20867
TD-Win-7,refit_on_3,42,B0005,144,94.58275432725988,87.20867
TD-Win-7,refit_on_3,42,B0005,148,94.27008009570102,87.10657
TD-Win-7,refit_on_3,42,B0005,150,97.39411432859931,87.20867
TD-Win-7,refit_on_3,42,B0005,154,96.82749231246368,87.20867
TD-Win-7,refit_on_3,42,B0005,158,95.96820195991576,87.20867
TD-Win-7,refit_on_3,42,B0005,162,95.40638930769452,87.20867
TD-Win-7,refit_on_3,42,B0005,166,94.8553962680492,87.20867
TD-Win-7,refit_on_3,42,B0005,170,94.5755674779542,87.20867
TD-Win-7,refit_on_3,42,B0005,174,94.28806184403476,87.20867
TD-Win-7,refit_on_3,42,B0005,178,93.73958753620327,87.20867
TD-Win-7,refit_on_3,42,B0005,182,93.16861105469168,87.20867
TD-Win-7,refit_on_3,42,B0005,186,92.88227598613614,87.20867
TD-Win-7,refit_on_3,42,B0005,190,92.636901518198,86.59054
TD-Win-7,refit_on_3,42,B0005,194,92.32720191735562,87.20867
TD-Win-7,refit_on_3,42,B0005,198,92.01599848919145,87.20867
TD-Win-7,refit_on_3,42,B0005,202,91.49053823956656,87.20867
TD-Win-7,refit_on_3,42,B0005,206,90.92425521866993,87.20867
TD-Win-7,refit_on_3,42,B0005,210,90.92941856192826,85.5176
TD-Win-7,refit_on_3,42,B0005,214,90.34010561326173,85.87621
TD-Win-7,refit_on_3,42,B0005,216,90.0847586044663,87.20867
TD-Win-7,refit_on_3,42,B0005,220,89.80457989439137,87.20867
TD-Win-7,refit_on_3,42,B0005,224,89.19640288815545,84.71146
TD-Win-7,refit_on_3,42,B0005,228,88.93598251136243,85.34931
TD-Win-7,refit_on_3,42,B0005,232,88.65781340235759,85.4263
TD-Win-7,refit_on_3,42,B0005,236,88.38728178562198,87.20867
TD-Win-7,refit_on_3,42,B0005,240,88.08171260170519,83.376755
TD-Win-7,refit_on_3,42,B0005,244,87.49528010741024,84.41476
TD-Win-7,refit_on_3,42,B0005,248,87.2366743602368,82.97378
TD-Win-7,refit_on_3,42,B0005,252,86.96251727221627,82.53149
TD-Win-7,refit_on_3,42,B0005,256,86.35734215456989,81.69952
TD-Win-7,refit_on_3,42,B0005,260,86.10863457357058,83.72018
TD-Win-7,refit_on_3,42,B0005,264,86.06270063126725,81.574356
TD-Win-7,refit_on_3,42,B0005,266,86.63737677555004,82.93779
TD-Win-7,refit_on_3,42,B0005,270,85.50813849993258,81.08059
TD-Win-7,refit_on_3,42,B0005,274,84.97446653296429,80.01842
TD-Win-7,refit_on_3,42,B0005,278,84.69557819389517,82.97441
TD-Win-7,refit_on_3,42,B0005,282,84.68013627936132,80.14007
TD-Win-7,refit_on_3,42,B0005,286,84.41991821853574,80.95529
TD-Win-7,refit_on_3,42,B0005,290,84.10414931140878,81.376884
TD-Win-7,refit_on_3,42,B0005,294,83.52653061113354,84.02669
TD-Win-7,refit_on_3,42,B0005,298,82.96602561057489,79.57964
TD-Win-7,refit_on_3,42,B0005,302,82.99920327964658,79.39248
TD-Win-7,refit_on_3,42,B0005,306,82.68003018050378,80.13499
TD-Win-7,refit_on_3,42,B0005,310,82.39976893302816,79.689186
TD-Win-7,refit_on_3,42,B0005,313,87.19626195760692,80.060814
TD-Win-7,refit_on_3,42,B0005,316,84.91729656129593,81.79576
TD-Win-7,refit_on_3,42,B0005,320,84.06165489885902,83.64476
TD-Win-7,refit_on_3,42,B0005,324,83.2082752902044,81.36946
TD-Win-7,refit_on_3,42,B0005,328,82.91381970838151,80.25471
TD-Win-7,refit_on_3,42,B0005,332,82.37106085271179,80.76849
TD-Win-7,refit_on_3,42,B0005,336,82.09631790141844,79.68168
TD-Win-7,refit_on_3,42,B0005,340,81.80669701206385,79.444695
TD-Win-7,refit_on_3,42,B0005,344,81.53418918115372,81.6275
TD-Win-7,refit_on_3,42,B0005,348,80.95312575426658,78.55568
TD-Win-7,refit_on_3,42,B0005,352,80.6829269258604,78.78262
TD-Win-7,refit_on_3,42,B0005,356,80.38673535372676,78.13838
TD-Win-7,refit_on_3,42,B0005,360,80.10415225005684,80.27802
TD-Win-7,refit_on_3,42,B0005,364,80.68483906716317,78.07751
TD-Win-7,refit_on_3,42,B0005,367,81.23806188586506,83.72855
TD-Win-7,refit_on_3,42,B0005,371,80.40774500270479,81.02565
TD-Win-7,refit_on_3,42,B0005,375,79.80793062432481,83.22445
TD-Win-7,refit_on_3,42,B0005,379,78.94710440938543,80.83815
TD-Win-7,refit_on_3,42,B0005,383,78.96040682717852,77.592064
TD-Win-7,refit_on_3,42,B0005,387,79.00805769223405,81.98822
TD-Win-7,refit_on_3,42,B0005,391,78.68325635434054,78.99888
TD-Win-7,refit_on_3,42,B0005,395,78.12009683923326,77.406265
TD-Win-7,refit_on_3,42,B0005,399,77.83635095586517,76.840515
TD-Win-7,refit_on_3,42,B0005,403,77.83366081216815,81.30012
TD-Win-7,refit_on_3,42,B0005,407,77.54418562704669,77.50842
TD-Win-7,refit_on_3,42,B0005,411,77.26483532824366,77.11809
TD-Win-7,refit_on_3,42,B0005,415,76.96665751739931,76.20781
TD-Win-7,refit_on_3,42,B0005,419,76.69408123915822,76.5999
TD-Win-7,refit_on_3,42,B0005,423,76.7032886034996,78.04472
TD-Win-7,refit_on_3,42,B0005,427,76.43285089151239,80.09685
TD-Win-7,refit_on_3,42,B0005,431,77.83345221466253,80.56057
TD-Win-7,refit_on_3,42,B0005,433,78.09751233548145,80.712524
TD-Win-7,refit_on_3,42,B0005,437,76.96262218385922,77.877655
TD-Win-7,refit_on_3,42,B0005,441,76.3993634537507,77.13946
TD-Win-7,refit_on_3,42,B0005,445,76.08562321685423,75.73778
TD-Win-7,refit_on_3,42,B0005,449,75.84111192639295,75.96996
TD-Win-7,refit_on_3,42,B0005,453,75.5470202599512,75.13083
TD-Win-7,refit_on_3,42,B0005,457,75.2724773855306,74.552505
TD-Win-7,refit_on_3,42,B0005,461,74.95796574493023,74.25347
TD-Win-7,refit_on_3,42,B0005,465,74.67559060559861,77.13953
TD-Win-7,refit_on_3,42,B0005,469,74.4190975749656,75.0098
TD-Win-7,refit_on_3,42,B0005,473,74.41886702385212,73.42515
TD-Win-7,refit_on_3,42,B0005,477,74.10538957595438,73.565094
TD-Win-7,refit_on_3,42,B0005,481,74.68403981580354,75.028114
TD-Win-7,refit_on_3,42,B0005,483,75.26611054535188,75.03059
TD-Win-7,refit_on_3,42,B0005,485,74.38310747232698,75.35042
TD-Win-7,refit_on_3,42,B0005,489,74.10795710900801,73.7073
TD-Win-7,refit_on_3,42,B0005,493,73.53993654981534,72.885994
TD-Win-7,refit_on_3,42,B0005,497,73.55729388669064,75.30494
TD-Win-7,refit_on_3,42,B0005,501,73.56067241598603,73.9388
TD-Win-7,refit_on_3,42,B0005,505,73.26805286034079,76.02076
TD-Win-7,refit_on_3,42,B0005,509,72.98972077509227,75.730316
TD-Win-7,refit_on_3,42,B0005,513,72.70747847813722,72.86813
TD-Win-7,refit_on_3,42,B0005,517,72.70330518052887,72.83281
TD-Win-7,refit_on_3,42,B0005,521,72.43680818215978,73.88437
TD-Win-7,refit_on_3,42,B0005,525,72.14563728793834,76.6148
TD-Win-7,refit_on_3,42,B0005,529,71.84842350914826,72.39045
TD-Win-7,refit_on_3,42,B0005,533,71.57682808520298,71.55199
TD-Win-7,refit_on_3,42,B0005,537,71.59297070565168,71.333855
TD-Win-7,refit_on_3,42,B0005,541,71.58355486033668,75.36107
TD-Win-7,refit_on_3,42,B0005,545,71.88651633814797,71.39498
TD-Win-7,refit_on_3,42,B0005,548,73.85485752850198,71.0607
TD-Win-7,refit_on_3,42,B0005,552,72.73676298693475,72.583046
TD-Win-7,refit_on_3,42,B0005,556,72.16650080848474,72.789375
TD-Win-7,refit_on_3,42,B0005,560,71.87574889700983,75.30684
TD-Win-7,refit_on_3,42,B0005,564,71.60206343923741,72.72922
TD-Win-7,refit_on_3,42,B0005,568,71.32194157026348,72.32899
TD-Win-7,refit_on_3,42,B0005,572,71.30711389020412,73.30726
TD-Win-7,refit_on_3,42,B0005,576,71.01356336148518,71.890076
TD-Win-7,refit_on_3,42,B0005,580,70.75492745457169,70.026184
TD-Win-7,refit_on_3,42,B0005,584,70.77254445771489,72.79118
TD-Win-7,refit_on_3,42,B0005,588,70.77540542374062,73.281876
TD-Win-7,refit_on_3,42,B0005,592,70.47550750397869,71.51125
TD-Win-7,refit_on_3,42,B0005,596,70.48563041810954,71.42392
TD-Win-7,refit_on_3,42,B0005,600,70.23531244180377,72.775986
TD-Win-7,refit_on_3,42,B0005,604,69.93882142370093,72.20221
TD-Win-7,refit_on_3,42,B0005,608,69.90890905512207,70.83882
TD-Win-7,refit_on_3,42,B0005,612,71.07977535187085,76.569855
TD-Win-7,refit_on_3,42,B0005,614,71.95205157786506,75.91551
TD-Win-7,pre_refit,42,B0006,2,100.88297108833646,91.90955
TD-Win-7,pre_refit,42,B0006,4,100.37753235288778,103.3853
TD-Win-7,pre_refit,42,B0006,6,99.79196916000484,103.67572
TD-Win-7,pre_refit,42,B0006,8,99.7899019818078,103.67915
TD-Win-7,pre_refit,42,B0006,10,99.15762541696316,102.68239
TD-Win-7,pre_refit,42,B0006,12,99.8203556776378,102.32475
TD-Win-7,pre_refit,42,B0006,14,99.7808037027038,101.576515
TD-Win-7,pre_refit,42,B0006,16,97.5844832820893,103.23707
TD-Win-7,pre_refit,42,B0006,18,97.5535716293996,103.17023
TD-Win-7,pre_refit,42,B0006,20,97.01155142541865,102.17361
TD-Win-7,pre_refit,42,B0006,22,96.43502080876348,102.47728
TD-Win-7,pre_refit,42,B0006,25,95.8972998236526,101.4086
TD-Win-7,pre_refit,42,B0006,27,95.32875373854844,102.52735
TD-Win-7,pre_refit,42,B0006,29,94.76419905980474,99.778946
TD-Win-7,pre_refit,42,B0006,31,94.22773853976388,101.19487
TD-Win-7,pre_refit,42,B0006,33,93.6395064953226,100.62867
TD-Win-7,pre_refit,42,B0006,35,93.09821798643677,100.91144
TD-Win-7,pre_refit,42,B0006,37,92.56743574756617,100.491035
TD-Win-7,pre_refit,42,B0006,39,92.56840432582156,99.69707
TD-Win-7,pre_refit,42,B0006,42,98.12161319843736,101.71718
TD-Win-7,pre_refit,42,B0006,46,97.02736865587346,103.52467
TD-Win-7,pre_refit,42,B0006,50,96.4457203456954,102.42046
TD-Win-7,pre_refit,42,B0006,54,95.37664206593776,102.27132
TD-Win-7,pre_refit,42,B0006,58,96.45395400781383,100.01678
TD-Win-7,pre_refit,42,B0006,62,94.2446511737385,101.65439
TD-Win-7,pre_refit,42,B0006,66,93.11783815158223,100.01252
TD-Win-7,pre_refit,42,B0006,70,92.60393676951,98.603966
TD-Win-7,pre_refit,42,B0006,74,91.99518419888014,97.95282
TD-Win-7,pre_refit,42,B0006,78,91.45865458065036,99.0527
TD-Win-7,pre_refit,42,B0006,82,92.05488530825814,96.02697
TD-Win-7,pre_refit,42,B0006,90,93.2941701264468,95.64507
TD-Win-7,pre_refit,42,B0006,94,91.95812296295944,94.02821
TD-Win-7,pre_refit,42,B0006,98,91.16379285351326,91.18991
TD-Win-7,pre_refit,42,B0006,102,90.13722315501992,92.017075
TD-Win-7,pre_refit,42,B0006,106,89.88629167454431,90.42951
TD-Win-7,pre_refit,42,B0006,110,89.07464504963947,90.41884
TD-Win-7,pre_refit,42,B0006,114,88.27677498375004,90.7622
TD-Win-7,pre_refit,42,B0006,118,87.78153478310176,88.493675
TD-Win-7,pre_refit,42,B0006,122,87.25902301297472,87.963394
TD-Win-7,pre_refit,42,B0006,126,86.75445063463465,88.70619
TD-Win-7,pre_refit,42,B0006,130,86.21919662960373,88.82229
TD-Win-7,pre_refit,42,B0006,134,86.97181002045869,88.6399
TD-Win-7,pre_refit,42,B0006,136,87.53004089819298,87.595634
TD-Win-7,pre_refit,42,B0006,140,85.93648557449694,87.11174
TD-Win-7,pre_refit,42,B0006,144,84.92223069682748,87.957695
TD-Win-7,pre_refit,42,B0006,148,84.38106569995976,86.11226
TD-Win-7,pre_refit,42,B0006,150,90.39396636175364,94.08853
TD-Win-7,pre_refit,42,B0006,154,89.62118442408695,92.84439
TD-Win-7,pre_refit,42,B0006,158,88.01687540594799,89.91008
TD-Win-7,pre_refit,42,B0006,162,86.47934133475826,90.63217
TD-Win-7,pre_refit,42,B0006,166,85.7093899316892,88.002
TD-Win-7,pre_refit,42,B0006,170,84.66363361309608,89.46894
TD-Win-7,pre_refit,42,B0006,174,84.14253773442293,88.11552
TD-Win-7,pre_refit,42,B0006,178,83.37268440744252,87.66651
TD-Win-7,pre_refit,42,B0006,182,82.84795096685752,85.824524
TD-Win-7,pre_refit,42,B0006,186,82.31672078137474,84.83041
TD-Win-7,pre_refit,42,B0006,190,81.8390002521071,85.038925
TD-Win-7,pre_refit,42,B0006,194,81.29446683115198,85.66453
TD-Win-7,pre_refit,42,B0006,198,80.75246648690656,85.060524
TD-Win-7,pre_refit,42,B0006,202,79.7437886746144,88.06819
TD-Win-7,pre_refit,42,B0006,206,79.47984426199564,86.07297
TD-Win-7,pre_refit,42,B0006,210,79.25415788836384,84.306725
TD-Win-7,pre_refit,42,B0006,214,78.69188922732394,83.853775
TD-Win-7,pre_refit,42,B0006,216,78.46114405771091,85.32507
TD-Win-7,pre_refit,42,B0006,220,77.67630372212932,86.01251
TD-Win-7,pre_refit,42,B0006,224,77.38916838478035,84.000984
TD-Win-7,pre_refit,42,B0006,228,76.88491527529958,84.47595
TD-Win-7,pre_refit,42,B0006,232,76.3646225030132,84.54755
TD-Win-7,pre_refit,42,B0006,236,75.60327887522882,85.9987
TD-Win-7,pre_refit,42,B0006,240,75.84333345118733,83.93052
TD-Win-7,pre_refit,42,B0006,244,75.57070473005419,83.45289
TD-Win-7,pre_refit,42,B0006,248,75.06972493621848,83.96833
TD-Win-7,pre_refit,42,B0006,252,74.81407516505371,83.71355
TD-Win-7,pre_refit,42,B0006,256,74.54671414292675,82.99501
TD-Win-7,pre_refit,42,B0006,260,74.02740213488109,84.76025
TD-Win-7,pre_refit,42,B0006,264,73.73556466569462,83.365944
TD-Win-7,pre_refit,42,B0006,266,75.84980622026112,81.73044
TD-Win-7,pre_refit,42,B0006,270,74.55060879561292,83.69404
TD-Win-7,pre_refit,42,B0006,274,73.79142812679322,82.68706
TD-Win-7,pre_refit,42,B0006,278,73.27190839787096,85.105705
TD-Win-7,pre_refit,42,B0006,282,73.28093201847443,83.663826
TD-Win-7,pre_refit,42,B0006,286,73.02095301621284,79.63602
TD-Win-7,pre_refit,42,B0006,290,72.73851013234444,84.274185
TD-Win-7,pre_refit,42,B0006,294,71.95104826590523,85.11383
TD-Win-7,pre_refit,42,B0006,298,71.96564568462234,83.16221
TD-Win-7,pre_refit,42,B0006,302,71.72895437691278,83.39475
TD-Win-7,pre_refit,42,B0006,306,71.71434939609318,83.93568
TD-Win-7,pre_refit,42,B0006,310,71.45761792874575,83.98723
TD-Win-7,pre_refit,42,B0006,313,78.98726854374111,80.97547
TD-Win-7,pre_refit,42,B0006,316,76.64794397240323,81.44792
TD-Win-7,pre_refit,42,B0006,320,75.07747171565073,83.8151
TD-Win-7,pre_refit,42,B0006,324,74.29795247472106,82.743355
TD-Win-7,pre_refit,42,B0006,328,73.51146675367659,82.90776
TD-Win-7,pre_refit,42,B0006,332,73.00864275760908,83.200806
TD-Win-7,pre_refit,42,B0006,336,72.50277290138493,83.26476
TD-Win-7,pre_refit,42,B0006,340,71.96131839956391,82.795876
TD-Win-7,pre_refit,42,B0006,344,71.71500633205595,83.92449
TD-Win-7,pre_refit,42,B0006,348,71.44305583769248,83.13591
TD-Win-7,pre_refit,42,B0006,352,70.93898960214143,82.47346
TD-Win-7,pre_refit,42,B0006,356,70.68194044477139,82.64838
TD-Win-7,pre_refit,42,B0006,360,70.4074916889224,84.61079
TD-Win-7,pre_refit,42,B0006,364,70.41804785222855,83.12205
TD-Win-7,pre_refit,42,B0006,367,71.98210310103482,84.695496
TD-Win-7,pre_refit,42,B0006,371,70.95618334594263,84.11885
TD-Win-7,pre_refit,42,B0006,375,70.1362730902931,85.40627
TD-Win-7,pre_refit,42,B0006,379,69.87433806657212,83.90452
TD-Win-7,pre_refit,42,B0006,383,69.63573699649338,83.41767
TD-Win-7,pre_refit,42,B0006,387,69.15232147064526,86.57689
TD-Win-7,pre_refit,42,B0006,391,69.12109936452545,84.014755
TD-Win-7,pre_refit,42,B0006,395,68.86250185726787,83.350426
TD-Win-7,pre_refit,42,B0006,399,68.59092282212131,83.69131
TD-Win-7,pre_refit,42,B0006,403,68.08750743669,85.75112
TD-Win-7,pre_refit,42,B0006,407,68.33159705981836,84.12397
TD-Win-7,pre_refit,42,B0006,411,68.09140360412486,83.704285
TD-Win-7,pre_refit,42,B0006,415,67.81869443003508,83.9629
TD-Win-7,pre_refit,42,B0006,419,67.5730638436144,83.622635
TD-Win-7,pre_refit,42,B0006,423,67.31503513349786,84.98939
TD-Win-7,pre_refit,42,B0006,427,67.07575548417674,85.8657
TD-Win-7,pre_refit,42,B0006,431,68.60691404106846,85.60625
TD-Win-7,pre_refit,42,B0006,433,69.64711039275872,84.74995
TD-Win-7,pre_refit,42,B0006,437,68.33719964359061,83.99146
TD-Win-7,pre_refit,42,B0006,441,67.81907707369999,84.647575
TD-Win-7,pre_refit,42,B0006,445,67.27630029953899,83.58063
TD-Win-7,pre_refit,42,B0006,449,67.03731096833596,84.844536
TD-Win-7,pre_refit,42,B0006,453,66.78534122129697,83.84453
TD-Win-7,pre_refit,42,B0006,457,66.26973868287087,84.80568
TD-Win-7,pre_refit,42,B0006,461,65.98363462621751,84.59668
TD-Win-7,pre_refit,42,B0006,465,65.72069252661954,87.28695
TD-Win-7,pre_refit,42,B0006,469,65.50500064349335,84.832146
TD-Win-7,pre_refit,42,B0006,473,65.48747074550045,84.89552
TD-Win-7,pre_refit,42,B0006,477,65.2110653386093,85.37465
TD-Win-7,pre_refit,42,B0006,481,65.47148558720653,86.55695
TD-Win-7,pre_refit,42,B0006,483,66.78647932759047,84.03317
TD-Win-7,pre_refit,42,B0006,485,65.72477818237311,86.37428
TD-Win-7,pre_refit,42,B0006,489,64.93697426302657,85.7299
TD-Win-7,pre_refit,42,B0006,493,64.69397950587184,86.627556
TD-Win-7,pre_refit,42,B0006,497,64.45556804271465,86.44537
TD-Win-7,pre_refit,42,B0006,501,64.44711910522597,86.967354
TD-Win-7,pre_refit,42,B0006,505,63.9153253541329,86.9675
TD-Win-7,pre_refit,42,B0006,509,63.40709756117343,88.23128
TD-Win-7,pre_refit,42,B0006,513,63.40485519747241,87.26866
TD-Win-7,pre_refit,42,B0006,517,63.14854807557744,87.40369
TD-Win-7,pre_refit,42,B0006,521,63.15304028594434,87.8943
TD-Win-7,pre_refit,42,B0006,525,62.63936845251047,90.54905
TD-Win-7,pre_refit,42,B0006,529,62.36048327920517,88.844284
TD-Win-7,pre_refit,42,B0006,533,62.11872624491582,88.08799
TD-Win-7,pre_refit,42,B0006,537,62.11731201074328,87.18461
TD-Win-7,pre_refit,42,B0006,541,61.86235410492132,90.4603
TD-Win-7,pre_refit,42,B0006,545,62.12742822257309,88.97876
TD-Win-7,pre_refit,42,B0006,548,63.93010610326108,86.16017
TD-Win-7,pre_refit,42,B0006,552,62.62827859533666,88.568596
TD-Win-7,pre_refit,42,B0006,556,61.85683618405182,89.55586
TD-Win-7,pre_refit,42,B0006,560,61.07092794836815,91.51266
TD-Win-7,pre_refit,42,B0006,564,60.82277612678393,90.17343
TD-Win-7,pre_refit,42,B0006,568,60.55640953242813,90.65754
TD-Win-7,pre_refit,42,B0006,572,60.02917505279337,91.499794
TD-Win-7,pre_refit,42,B0006,576,59.75722270334661,90.89612
TD-Win-7,pre_refit,42,B0006,580,59.52315601830062,89.87684
TD-Win-7,pre_refit,42,B0006,584,59.01246912863032,92.65737
TD-Win-7,pre_refit,42,B0006,588,58.74426171153606,92.01745
TD-Win-7,pre_refit,42,B0006,592,58.47122551716232,92.37948
TD-Win-7,pre_refit,42,B0006,596,58.2196597592319,92.8275
TD-Win-7,pre_refit,42,B0006,600,57.18983519098029,94.88901
TD-Win-7,pre_refit,42,B0006,604,57.71437056534329,94.2619
TD-Win-7,pre_refit,42,B0006,608,57.43663099473362,93.04263
TD-Win-7,pre_refit,42,B0006,612,58.23847489632371,95.33853
TD-Win-7,pre_refit,42,B0006,614,58.76884540363096,93.63719
TD-Win-7,refit_on_3,42,B0006,2,100.88297108833646,82.43821
TD-Win-7,refit_on_3,42,B0006,4,100.37753235288778,102.107925
TD-Win-7,refit_on_3,42,B0006,6,99.79196916000484,102.24054
TD-Win-7,refit_on_3,42,B0006,8,99.7899019818078,102.2274
TD-Win-7,refit_on_3,42,B0006,10,99.15762541696316,101.53411
TD-Win-7,refit_on_3,42,B0006,12,99.8203556776378,101.15944
TD-Win-7,refit_on_3,42,B0006,14,99.7808037027038,100.783
TD-Win-7,refit_on_3,42,B0006,16,97.5844832820893,102.03862
TD-Win-7,refit_on_3,42,B0006,18,97.5535716293996,101.89884
TD-Win-7,refit_on_3,42,B0006,20,97.01155142541865,101.322914
TD-Win-7,refit_on_3,42,B0006,22,96.43502080876348,101.39987
TD-Win-7,refit_on_3,42,B0006,25,95.8972998236526,99.5438
TD-Win-7,refit_on_3,42,B0006,27,95.32875373854844,101.3587
TD-Win-7,refit_on_3,42,B0006,29,94.76419905980474,99.080185
TD-Win-7,refit_on_3,42,B0006,31,94.22773853976388,100.56058
TD-Win-7,refit_on_3,42,B0006,33,93.6395064953226,100.136246
TD-Win-7,refit_on_3,42,B0006,35,93.09821798643677,100.07521
TD-Win-7,refit_on_3,42,B0006,37,92.56743574756617,99.84025
TD-Win-7,refit_on_3,42,B0006,39,92.56840432582156,99.15393
TD-Win-7,refit_on_3,42,B0006,42,98.12161319843736,100.183235
TD-Win-7,refit_on_3,42,B0006,46,97.02736865587346,102.32706
TD-Win-7,refit_on_3,42,B0006,50,96.4457203456954,101.468575
TD-Win-7,refit_on_3,42,B0006,54,95.37664206593776,101.23825
TD-Win-7,refit_on_3,42,B0006,58,96.45395400781383,99.57562
TD-Win-7,refit_on_3,42,B0006,62,94.2446511737385,100.498215
TD-Win-7,refit_on_3,42,B0006,66,93.11783815158223,99.605095
TD-Win-7,refit_on_3,42,B0006,70,92.60393676951,98.670525
TD-Win-7,refit_on_3,42,B0006,74,91.99518419888014,98.28031
TD-Win-7,refit_on_3,42,B0006,78,91.45865458065036,98.63668
TD-Win-7,refit_on_3,42,B0006,82,92.05488530825814,96.27956
TD-Win-7,refit_on_3,42,B0006,90,93.2941701264468,96.60651
TD-Win-7,refit_on_3,42,B0006,94,91.95812296295944,95.35249
TD-Win-7,refit_on_3,42,B0006,98,91.16379285351326,91.980934
TD-Win-7,refit_on_3,42,B0006,102,90.13722315501992,93.90032
TD-Win-7,refit_on_3,42,B0006,106,89.88629167454431,91.4178
TD-Win-7,refit_on_3,42,B0006,110,89.07464504963947,91.523766
TD-Win-7,refit_on_3,42,B0006,114,88.27677498375004,92.87053
TD-Win-7,refit_on_3,42,B0006,118,87.78153478310176,89.16291
TD-Win-7,refit_on_3,42,B0006,122,87.25902301297472,88.19551
TD-Win-7,refit_on_3,42,B0006,126,86.75445063463465,88.83716
TD-Win-7,refit_on_3,42,B0006,130,86.21919662960373,89.45661
TD-Win-7,refit_on_3,42,B0006,134,86.97181002045869,89.580376
TD-Win-7,refit_on_3,42,B0006,136,87.53004089819298,86.89485
TD-Win-7,refit_on_3,42,B0006,140,85.93648557449694,86.66451
TD-Win-7,refit_on_3,42,B0006,144,84.92223069682748,88.311615
TD-Win-7,refit_on_3,42,B0006,148,84.38106569995976,84.98865
TD-Win-7,refit_on_3,42,B0006,150,90.39396636175364,94.442474
TD-Win-7,refit_on_3,42,B0006,154,89.62118442408695,94.39806
TD-Win-7,refit_on_3,42,B0006,158,88.01687540594799,90.47037
TD-Win-7,refit_on_3,42,B0006,162,86.47934133475826,92.80387
TD-Win-7,refit_on_3,42,B0006,166,85.7093899316892,87.554276
TD-Win-7,refit_on_3,42,B0006,170,84.66363361309608,90.39056
TD-Win-7,refit_on_3,42,B0006,174,84.14253773442293,87.96977
TD-Win-7,refit_on_3,42,B0006,178,83.37268440744252,86.79157
TD-Win-7,refit_on_3,42,B0006,182,82.84795096685752,83.66973
TD-Win-7,refit_on_3,42,B0006,186,82.31672078137474,82.55557
TD-Win-7,refit_on_3,42,B0006,190,81.8390002521071,82.965645
TD-Win-7,refit_on_3,42,B0006,194,81.29446683115198,83.24014
TD-Win-7,refit_on_3,42,B0006,198,80.75246648690656,81.94585
TD-Win-7,refit_on_3,42,B0006,202,79.7437886746144,86.818214
TD-Win-7,refit_on_3,42,B0006,206,79.47984426199564,83.747894
TD-Win-7,refit_on_3,42,B0006,210,79.25415788836384,80.51952
TD-Win-7,refit_on_3,42,B0006,214,78.69188922732394,79.26567
TD-Win-7,refit_on_3,42,B0006,216,78.46114405771091,81.47676
TD-Win-7,refit_on_3,42,B0006,220,77.67630372212932,82.64258
TD-Win-7,refit_on_3,42,B0006,224,77.38916838478035,79.092
TD-Win-7,refit_on_3,42,B0006,228,76.88491527529958,79.4568
TD-Win-7,refit_on_3,42,B0006,232,76.3646225030132,79.56346
TD-Win-7,refit_on_3,42,B0006,236,75.60327887522882,81.95793
TD-Win-7,refit_on_3,42,B0006,240,75.84333345118733,77.36999
TD-Win-7,refit_on_3,42,B0006,244,75.57070473005419,76.67318
TD-Win-7,refit_on_3,42,B0006,248,75.06972493621848,76.50182
TD-Win-7,refit_on_3,42,B0006,252,74.81407516505371,76.0854
TD-Win-7,refit_on_3,42,B0006,256,74.54671414292675,75.2368
TD-Win-7,refit_on_3,42,B0006,260,74.02740213488109,77.36245
TD-Win-7,refit_on_3,42,B0006,264,73.73556466569462,75.096634
TD-Win-7,refit_on_3,42,B0006,266,75.84980622026112,74.22805
TD-Win-7,refit_on_3,42,B0006,270,74.55060879561292,76.174
TD-Win-7,refit_on_3,42,B0006,274,73.79142812679322,75.006744
TD-Win-7,refit_on_3,42,B0006,278,73.27190839787096,77.64427
TD-Win-7,refit_on_3,42,B0006,282,73.28093201847443,74.59555
TD-Win-7,refit_on_3,42,B0006,286,73.02095301621284,71.23293
TD-Win-7,refit_on_3,42,B0006,290,72.73851013234444,75.122375
TD-Win-7,refit_on_3,42,B0006,294,71.95104826590523,77.152504
TD-Win-7,refit_on_3,42,B0006,298,71.96564568462234,73.54108
TD-Win-7,refit_on_3,42,B0006,302,71.72895437691278,73.127525
TD-Win-7,refit_on_3,42,B0006,306,71.71434939609318,73.64671
TD-Win-7,refit_on_3,42,B0006,310,71.45761792874575,73.27498
TD-Win-7,refit_on_3,42,B0006,313,78.98726854374111,72.61928
TD-Win-7,refit_on_3,42,B0006,316,76.64794397240323,74.01205
TD-Win-7,refit_on_3,42,B0006,320,75.07747171565073,76.909424
TD-Win-7,refit_on_3,42,B0006,324,74.29795247472106,74.84177
TD-Win-7,refit_on_3,42,B0006,328,73.51146675367659,74.10327
TD-Win-7,refit_on_3,42,B0006,332,73.00864275760908,74.45147
TD-Win-7,refit_on_3,42,B0006,336,72.50277290138493,74.01062
TD-Win-7,refit_on_3,42,B0006,340,71.96131839956391,73.21471
TD-Win-7,refit_on_3,42,B0006,344,71.71500633205595,74.74849
TD-Win-7,refit_on_3,42,B0006,348,71.44305583769248,72.91674
TD-Win-7,refit_on_3,42,B0006,352,70.93898960214143,72.0981
TD-Win-7,refit_on_3,42,B0006,356,70.68194044477139,72.182625
TD-Win-7,refit_on_3,42,B0006,360,70.4074916889224,74.205734
TD-Win-7,refit_on_3,42,B0006,364,70.41804785222855,71.82352
TD-Win-7,refit_on_3,42,B0006,367,71.98210310103482,75.237434
TD-Win-7,refit_on_3,42,B0006,371,70.95618334594263,73.63292
TD-Win-7,refit_on_3,42,B0006,375,70.1362730902931,76.212296
TD-Win-7,refit_on_3,42,B0006,379,69.87433806657212,73.63826
TD-Win-7,refit_on_3,42,B0006,383,69.63573699649338,71.48729
TD-Win-7,refit_on_3,42,B0006,387,69.15232147064526,75.48807
TD-Win-7,refit_on_3,42,B0006,391,69.12109936452545,71.61695
TD-Win-7,refit_on_3,42,B0006,395,68.86250185726787,70.86018
TD-Win-7,refit_on_3,42,B0006,399,68.59092282212131,71.11282
TD-Win-7,refit_on_3,42,B0006,403,68.08750743669,74.29936
TD-Win-7,refit_on_3,42,B0006,407,68.33159705981836,71.05524
TD-Win-7,refit_on_3,42,B0006,411,68.09140360412486,70.516235
TD-Win-7,refit_on_3,42,B0006,415,67.81869443003508,70.68286
TD-Win-7,refit_on_3,42,B0006,419,67.5730638436144,70.26894
TD-Win-7,refit_on_3,42,B0006,423,67.31503513349786,71.47603
TD-Win-7,refit_on_3,42,B0006,427,67.07575548417674,72.993866
TD-Win-7,refit_on_3,42,B0006,431,68.60691404106846,73.01889
TD-Win-7,refit_on_3,42,B0006,433,69.64711039275872,73.45116
TD-Win-7,refit_on_3,42,B0006,437,68.33719964359061,71.639854
TD-Win-7,refit_on_3,42,B0006,441,67.81907707369999,71.52094
TD-Win-7,refit_on_3,42,B0006,445,67.27630029953899,70.310684
TD-Win-7,refit_on_3,42,B0006,449,67.03731096833596,70.82492
TD-Win-7,refit_on_3,42,B0006,453,66.78534122129697,69.93706
TD-Win-7,refit_on_3,42,B0006,457,66.26973868287087,70.59621
TD-Win-7,refit_on_3,42,B0006,461,65.98363462621751,69.9565
TD-Win-7,refit_on_3,42,B0006,465,65.72069252661954,73.17299
TD-Win-7,refit_on_3,42,B0006,469,65.50500064349335,70.43223
TD-Win-7,refit_on_3,42,B0006,473,65.48747074550045,69.52938
TD-Win-7,refit_on_3,42,B0006,477,65.2110653386093,69.545425
TD-Win-7,refit_on_3,42,B0006,481,65.47148558720653,70.69883
TD-Win-7,refit_on_3,42,B0006,483,66.78647932759047,69.44727
TD-Win-7,refit_on_3,42,B0006,485,65.72477818237311,71.06561
TD-Win-7,refit_on_3,42,B0006,489,64.93697426302657,69.922295
TD-Win-7,refit_on_3,42,B0006,493,64.69397950587184,70.18191
TD-Win-7,refit_on_3,42,B0006,497,64.45556804271465,70.815994
TD-Win-7,refit_on_3,42,B0006,501,64.44711910522597,70.42841
TD-Win-7,refit_on_3,42,B0006,505,63.9153253541329,70.92351
TD-Win-7,refit_on_3,42,B0006,509,63.40709756117343,72.07127
TD-Win-7,refit_on_3,42,B0006,513,63.40485519747241,69.74516
TD-Win-7,refit_on_3,42,B0006,517,63.14854807557744,70.05163
TD-Win-7,refit_on_3,42,B0006,521,63.15304028594434,70.352516
TD-Win-7,refit_on_3,42,B0006,525,62.63936845251047,73.65905
TD-Win-7,refit_on_3,42,B0006,529,62.36048327920517,70.64535
TD-Win-7,refit_on_3,42,B0006,533,62.11872624491582,70.09372
TD-Win-7,refit_on_3,42,B0006,537,62.11731201074328,68.80583
TD-Win-7,refit_on_3,42,B0006,541,61.86235410492132,72.70775
TD-Win-7,refit_on_3,42,B0006,545,62.12742822257309,69.745514
TD-Win-7,refit_on_3,42,B0006,548,63.93010610326108,68.38685
TD-Win-7,refit_on_3,42,B0006,552,62.62827859533666,70.24516
TD-Win-7,refit_on_3,42,B0006,556,61.85683618405182,70.65793
TD-Win-7,refit_on_3,42,B0006,560,61.07092794836815,73.10744
TD-Win-7,refit_on_3,42,B0006,564,60.82277612678393,70.98428
TD-Win-7,refit_on_3,42,B0006,568,60.55640953242813,70.41266
TD-Win-7,refit_on_3,42,B0006,572,60.02917505279337,71.7972
TD-Win-7,refit_on_3,42,B0006,576,59.75722270334661,70.26151
TD-Win-7,refit_on_3,42,B0006,580,59.52315601830062,68.82925
TD-Win-7,refit_on_3,42,B0006,584,59.01246912863032,71.864365
TD-Win-7,refit_on_3,42,B0006,588,58.74426171153606,70.82795
TD-Win-7,refit_on_3,42,B0006,592,58.47122551716232,70.504036
TD-Win-7,refit_on_3,42,B0006,596,58.2196597592319,70.96378
TD-Win-7,refit_on_3,42,B0006,600,57.18983519098029,72.6011
TD-Win-7,refit_on_3,42,B0006,604,57.71437056534329,71.912674
TD-Win-7,refit_on_3,42,B0006,608,57.43663099473362,70.16017
TD-Win-7,refit_on_3,42,B0006,612,58.23847489632371,74.44208
TD-Win-7,refit_on_3,42,B0006,614,58.76884540363096,73.44862
TD-Win-7,pre_refit,42,B0007,2,100.45351791563915,98.752365
TD-Win-7,pre_refit,42,B0007,4,99.900254379013,95.50663
TD-Win-7,pre_refit,42,B0007,6,99.90161660017114,95.71866
TD-Win-7,pre_refit,42,B0007,8,99.9073657865712,95.7005
TD-Win-7,pre_refit,42,B0007,10,99.83724531860553,95.46097
TD-Win-7,pre_refit,42,B0007,12,99.90361817867274,95.28257
TD-Win-7,pre_refit,42,B0007,14,99.86297576917136,95.25658
TD-Win-7,pre_refit,42,B0007,16,99.94656396119812,96.33714
TD-Win-7,pre_refit,42,B0007,18,99.31878532934633,96.09505
TD-Win-7,pre_refit,42,B0007,20,99.33799331164263,95.91518
TD-Win-7,pre_refit,42,B0007,22,99.33756087304828,95.764404
TD-Win-7,pre_refit,42,B0007,25,98.78551523188162,93.83264
TD-Win-7,pre_refit,42,B0007,27,98.75485184986668,96.26682
TD-Win-7,pre_refit,42,B0007,29,98.75133536665352,94.23976
TD-Win-7,pre_refit,42,B0007,31,98.77012942519043,96.068726
TD-Win-7,pre_refit,42,B0007,33,98.73683812511632,95.78969
TD-Win-7,pre_refit,42,B0007,35,98.15685575226132,95.828835
TD-Win-7,pre_refit,42,B0007,37,98.19446503474695,95.993286
TD-Win-7,pre_refit,42,B0007,39,98.186691403046,95.583466
TD-Win-7,pre_refit,42,B0007,42,99.90787801510066,97.166626
TD-Win-7,pre_refit,42,B0007,46,99.94461695603135,97.395676
TD-Win-7,pre_refit,42,B0007,50,99.92460497901308,97.11632
TD-Win-7,pre_refit,42,B0007,54,99.38880751306714,96.82792
TD-Win-7,pre_refit,42,B0007,58,99.34580918956073,95.699585
TD-Win-7,pre_refit,42,B0007,62,99.37088315432128,96.94758
TD-Win-7,pre_refit,42,B0007,66,98.78342046080256,96.59434
TD-Win-7,pre_refit,42,B0007,70,98.8058078187501,96.08114
TD-Win-7,pre_refit,42,B0007,74,98.75966747373796,95.83406
TD-Win-7,pre_refit,42,B0007,78,98.1739885027512,96.18156
TD-Win-7,pre_refit,42,B0007,82,98.23039625446908,95.55777
TD-Win-7,pre_refit,42,B0007,90,98.95386520139344,98.22749
TD-Win-7,pre_refit,42,B0007,94,98.38356039411237,97.64874
TD-Win-7,pre_refit,42,B0007,98,98.11080955264678,96.29602
TD-Win-7,pre_refit,42,B0007,102,97.57312273601715,97.12996
TD-Win-7,pre_refit,42,B0007,106,97.5908400366413,96.80907
TD-Win-7,pre_refit,42,B0007,110,97.29922460125108,96.35155
TD-Win-7,pre_refit,42,B0007,114,96.74012336609094,96.7669
TD-Win-7,pre_refit,42,B0007,118,96.49359124138364,95.5158
TD-Win-7,pre_refit,42,B0007,122,96.22137391342224,95.77354
TD-Win-7,pre_refit,42,B0007,126,96.233276781278,96.33194
TD-Win-7,pre_refit,42,B0007,130,95.93841918044076,96.7209
TD-Win-7,pre_refit,42,B0007,134,96.31819241353496,96.03946
TD-Win-7,pre_refit,42,B0007,136,95.94953719543624,95.5327
TD-Win-7,pre_refit,42,B0007,140,95.3953227427902,94.84953
TD-Win-7,pre_refit,42,B0007,144,94.86699939598208,95.28778
TD-Win-7,pre_refit,42,B0007,148,94.57173479963342,94.42095
TD-Win-7,pre_refit,42,B0007,150,96.41760769059738,100.07036
TD-Win-7,pre_refit,42,B0007,154,96.45090493439226,98.41347
TD-Win-7,pre_refit,42,B0007,158,95.6297003383392,97.202286
TD-Win-7,pre_refit,42,B0007,162,95.10935396520227,97.16264
TD-Win-7,pre_refit,42,B0007,166,94.57259385530976,95.51805
TD-Win-7,pre_refit,42,B0007,170,94.30623404626093,96.166176
TD-Win-7,pre_refit,42,B0007,174,94.0371367595855,95.97031
TD-Win-7,pre_refit,42,B0007,178,93.49626919937222,95.06796
TD-Win-7,pre_refit,42,B0007,182,92.9420388383138,94.3556
TD-Win-7,pre_refit,42,B0007,186,92.94217065781828,94.14036
TD-Win-7,pre_refit,42,B0007,190,92.69668329388116,94.33859
TD-Win-7,pre_refit,42,B0007,194,92.41073633514534,94.2611
TD-Win-7,pre_refit,42,B0007,198,91.82208130681248,93.65196
TD-Win-7,pre_refit,42,B0007,202,91.5743327473832,95.05717
TD-Win-7,pre_refit,42,B0007,206,91.04730118386937,93.83193
TD-Win-7,pre_refit,42,B0007,210,91.04684020750553,93.46184
TD-Win-7,pre_refit,42,B0007,214,90.49873919973382,92.13749
TD-Win-7,pre_refit,42,B0007,216,90.51794914609178,93.08693
TD-Win-7,pre_refit,42,B0007,220,89.96325858213598,93.62632
TD-Win-7,pre_refit,42,B0007,224,89.64911074691454,92.01825
TD-Win-7,pre_refit,42,B0007,228,89.4056438247883,92.38493
TD-Win-7,pre_refit,42,B0007,232,89.13221056506995,92.261345
TD-Win-7,pre_refit,42,B0007,236,88.88142970948275,93.09732
TD-Win-7,pre_refit,42,B0007,240,88.57496163215028,90.503746
TD-Win-7,pre_refit,42,B0007,244,88.30030467403411,90.43258
TD-Win-7,pre_refit,42,B0007,248,88.04309784572763,90.29125
TD-Win-7,pre_refit,42,B0007,252,87.7835715053401,90.18263
TD-Win-7,pre_refit,42,B0007,256,87.5009058762453,89.62433
TD-Win-7,pre_refit,42,B0007,260,86.92700430940862,90.68626
TD-Win-7,pre_refit,42,B0007,264,86.91859800690037,89.33906
TD-Win-7,pre_refit,42,B0007,266,87.17696241036246,89.89144
TD-Win-7,pre_refit,42,B0007,270,86.66971006432802,88.655945
TD-Win-7,pre_refit,42,B0007,274,86.11955257111292,88.61537
TD-Win-7,pre_refit,42,B0007,278,85.86532022039283,90.73655
TD-Win-7,pre_refit,42,B0007,282,85.83324550155743,88.969696
TD-Win-7,pre_refit,42,B0007,286,85.88108948972226,88.12872
TD-Win-7,pre_refit,42,B0007,290,85.56987844007078,88.474785
TD-Win-7,pre_refit,42,B0007,294,85.027771191142,89.42003
TD-Win-7,pre_refit,42,B0007,298,84.77582688520748,87.04786
TD-Win-7,pre_refit,42,B0007,302,84.79178974791847,87.86953
TD-Win-7,pre_refit,42,B0007,306,84.76993385106519,87.4563
TD-Win-7,pre_refit,42,B0007,310,84.49605927424464,86.5479
TD-Win-7,pre_refit,42,B0007,313,89.71090998622898,87.42094
TD-Win-7,pre_refit,42,B0007,316,86.37349719367897,89.412346
TD-Win-7,pre_refit,42,B0007,320,85.82898928627563,88.680145
TD-Win-7,pre_refit,42,B0007,324,85.2934976107533,87.43507
TD-Win-7,pre_refit,42,B0007,328,84.72574724857897,87.69867
TD-Win-7,pre_refit,42,B0007,332,84.48328177752624,87.46068
TD-Win-7,pre_refit,42,B0007,336,84.21457006738538,87.33821
TD-Win-7,pre_refit,42,B0007,340,83.9288888229777,85.96889
TD-Win-7,pre_refit,42,B0007,344,83.67629222648154,88.1873
TD-Win-7,pre_refit,42,B0007,348,83.38837618926404,85.47455
TD-Win-7,pre_refit,42,B0007,352,83.41270816038221,85.83145
TD-Win-7,pre_refit,42,B0007,356,83.14675201444969,84.90314
TD-Win-7,pre_refit,42,B0007,360,82.8484308280049,87.233536
TD-Win-7,pre_refit,42,B0007,364,83.13252526962864,84.752365
TD-Win-7,pre_refit,42,B0007,367,83.66359396289195,89.25802
TD-Win-7,pre_refit,42,B0007,371,83.14841165448959,85.89991
TD-Win-7,pre_refit,42,B0007,375,82.85488835556158,88.80039
TD-Win-7,pre_refit,42,B0007,379,82.33123711829187,86.707436
TD-Win-7,pre_refit,42,B0007,383,82.01142381939957,84.75548
TD-Win-7,pre_refit,42,B0007,387,82.07206587982726,87.473526
TD-Win-7,pre_refit,42,B0007,391,82.0495038543302,84.65988
TD-Win-7,pre_refit,42,B0007,395,81.5031419618624,82.97185
TD-Win-7,pre_refit,42,B0007,399,81.20841503507037,83.13613
TD-Win-7,pre_refit,42,B0007,403,81.21721340553746,86.58556
TD-Win-7,pre_refit,42,B0007,407,81.22601148878292,83.67952
TD-Win-7,pre_refit,42,B0007,411,80.95054391771832,82.203835
TD-Win-7,pre_refit,42,B0007,415,80.67227833994721,82.559296
TD-Win-7,pre_refit,42,B0007,419,80.40565013650571,81.98941
TD-Win-7,pre_refit,42,B0007,423,80.40335490244634,83.83446
TD-Win-7,pre_refit,42,B0007,427,80.42152437300291,85.30803
TD-Win-7,pre_refit,42,B0007,431,81.48461605871495,84.969635
TD-Win-7,pre_refit,42,B0007,433,81.75963969607048,86.802376
TD-Win-7,pre_refit,42,B0007,437,80.93560989493338,82.949524
TD-Win-7,pre_refit,42,B0007,441,80.40209515327608,83.23071
TD-Win-7,pre_refit,42,B0007,445,80.09419697809993,81.33507
TD-Win-7,pre_refit,42,B0007,449,79.85042691616567,81.54863
TD-Win-7,pre_refit,42,B0007,453,79.56495728605914,80.99032
TD-Win-7,pre_refit,42,B0007,457,79.30076147796538,81.39996
TD-Win-7,pre_refit,42,B0007,461,79.2776995197187,80.27262
TD-Win-7,pre_refit,42,B0007,465,79.01573008127421,83.87212
TD-Win-7,pre_refit,42,B0007,469,78.7529099419952,81.10226
TD-Win-7,pre_refit,42,B0007,473,78.76631135529045,80.39314
TD-Win-7,pre_refit,42,B0007,477,78.45734950325969,80.01632
TD-Win-7,pre_refit,42,B0007,481,78.71925319505982,82.67689
TD-Win-7,pre_refit,42,B0007,483,79.58166685963718,80.90617
TD-Win-7,pre_refit,42,B0007,485,78.72860058663869,80.167175
TD-Win-7,pre_refit,42,B0007,489,78.46501751785956,79.77896
TD-Win-7,pre_refit,42,B0007,493,78.19738333514631,79.52054
TD-Win-7,pre_refit,42,B0007,497,78.20645287101384,81.2632
TD-Win-7,pre_refit,42,B0007,501,77.92824275772597,79.77462
TD-Win-7,pre_refit,42,B0007,505,77.6497101362114,80.17379
TD-Win-7,pre_refit,42,B0007,509,77.38028422735451,80.974144
TD-Win-7,pre_refit,42,B0007,513,77.09660547904922,78.73004
TD-Win-7,pre_refit,42,B0007,517,77.11046744203753,79.789154
TD-Win-7,pre_refit,42,B0007,521,76.85550035450103,78.773125
TD-Win-7,pre_refit,42,B0007,525,76.85236240084764,80.929375
TD-Win-7,pre_refit,42,B0007,529,76.56671722215358,78.849304
TD-Win-7,pre_refit,42,B0007,533,76.29399038621672,78.6774
TD-Win-7,pre_refit,42,B0007,537,76.32425788720361,78.5136
TD-Win-7,pre_refit,42,B0007,541,76.29658741049414,80.83003
TD-Win-7,pre_refit,42,B0007,545,76.59209728582513,76.60091
TD-Win-7,pre_refit,42,B0007,548,77.93863743061358,79.2346
TD-Win-7,pre_refit,42,B0007,552,77.12364718084329,78.40449
TD-Win-7,pre_refit,42,B0007,556,76.8725967441492,78.93136
TD-Win-7,pre_refit,42,B0007,560,76.58854113704766,81.6674
TD-Win-7,pre_refit,42,B0007,564,76.04885672654179,78.91858
TD-Win-7,pre_refit,42,B0007,568,76.05828438472663,78.3595
TD-Win-7,pre_refit,42,B0007,572,75.76335089505734,79.39123
TD-Win-7,pre_refit,42,B0007,576,75.75439980355237,77.79142
TD-Win-7,pre_refit,42,B0007,580,75.49812548326929,77.32288
TD-Win-7,pre_refit,42,B0007,584,75.23591897923467,78.98805
TD-Win-7,pre_refit,42,B0007,588,75.24924732301496,78.62978
TD-Win-7,pre_refit,42,B0007,592,74.94444174506414,77.87133
TD-Win-7,pre_refit,42,B0007,596,74.95266425125988,77.85976
TD-Win-7,pre_refit,42,B0007,600,74.69643604452878,78.86389
TD-Win-7,pre_refit,42,B0007,604,74.7051700493532,78.459076
TD-Win-7,pre_refit,42,B0007,608,74.39278959915883,77.22151
TD-Win-7,pre_refit,42,B0007,612,75.52591562947222,82.78997
TD-Win-7,pre_refit,42,B0007,614,76.09264518290325,85.40464
TD-Win-7,refit_on_3,42,B0007,2,100.45351791563915,103.29651
TD-Win-7,refit_on_3,42,B0007,4,99.900254379013,96.88248
TD-Win-7,refit_on_3,42,B0007,6,99.90161660017114,97.06517
TD-Win-7,refit_on_3,42,B0007,8,99.9073657865712,96.94903
TD-Win-7,refit_on_3,42,B0007,10,99.83724531860553,96.801254
TD-Win-7,refit_on_3,42,B0007,12,99.90361817867274,97.12084
TD-Win-7,refit_on_3,42,B0007,14,99.86297576917136,97.07958
TD-Win-7,refit_on_3,42,B0007,16,99.94656396119812,97.41248
TD-Win-7,refit_on_3,42,B0007,18,99.31878532934633,97.1851
TD-Win-7,refit_on_3,42,B0007,20,99.33799331164263,97.03045
TD-Win-7,refit_on_3,42,B0007,22,99.33756087304828,96.89524
TD-Win-7,refit_on_3,42,B0007,25,98.78551523188162,95.134636
TD-Win-7,refit_on_3,42,B0007,27,98.75485184986668,97.20086
TD-Win-7,refit_on_3,42,B0007,29,98.75133536665352,96.41538
TD-Win-7,refit_on_3,42,B0007,31,98.77012942519043,97.08623
TD-Win-7,refit_on_3,42,B0007,33,98.73683812511632,96.89264
TD-Win-7,refit_on_3,42,B0007,35,98.15685575226132,96.899414
TD-Win-7,refit_on_3,42,B0007,37,98.19446503474695,97.06999
TD-Win-7,refit_on_3,42,B0007,39,98.186691403046,96.74803
TD-Win-7,refit_on_3,42,B0007,42,99.90787801510066,98.736725
TD-Win-7,refit_on_3,42,B0007,46,99.94461695603135,98.793564
TD-Win-7,refit_on_3,42,B0007,50,99.92460497901308,98.51349
TD-Win-7,refit_on_3,42,B0007,54,99.38880751306714,98.24027
TD-Win-7,refit_on_3,42,B0007,58,99.34580918956073,97.594925
TD-Win-7,refit_on_3,42,B0007,62,99.37088315432128,98.42017
TD-Win-7,refit_on_3,42,B0007,66,98.78342046080256,98.08736
TD-Win-7,refit_on_3,42,B0007,70,98.8058078187501,97.88962
TD-Win-7,refit_on_3,42,B0007,74,98.75966747373796,97.637215
TD-Win-7,refit_on_3,42,B0007,78,98.1739885027512,97.74977
TD-Win-7,refit_on_3,42,B0007,82,98.23039625446908,97.47976
TD-Win-7,refit_on_3,42,B0007,90,98.95386520139344,97.42212
TD-Win-7,refit_on_3,42,B0007,94,98.38356039411237,96.946434
TD-Win-7,refit_on_3,42,B0007,98,98.11080955264678,96.779495
TD-Win-7,refit_on_3,42,B0007,102,97.57312273601715,96.45293
TD-Win-7,refit_on_3,42,B0007,106,97.5908400366413,97.01512
TD-Win-7,refit_on_3,42,B0007,110,97.29922460125108,96.2782
TD-Win-7,refit_on_3,42,B0007,114,96.74012336609094,95.96393
TD-Win-7,refit_on_3,42,B0007,118,96.49359124138364,96.02583
TD-Win-7,refit_on_3,42,B0007,122,96.22137391342224,96.38209
TD-Win-7,refit_on_3,42,B0007,126,96.233276781278,96.28325
TD-Win-7,refit_on_3,42,B0007,130,95.93841918044076,95.97062
TD-Win-7,refit_on_3,42,B0007,134,96.31819241353496,95.16156
TD-Win-7,refit_on_3,42,B0007,136,95.94953719543624,96.183266
TD-Win-7,refit_on_3,42,B0007,140,95.3953227427902,95.5312
TD-Win-7,refit_on_3,42,B0007,144,94.86699939598208,95.17962
TD-Win-7,refit_on_3,42,B0007,148,94.57173479963342,95.27283
TD-Win-7,refit_on_3,42,B0007,150,96.41760769059738,97.384094
TD-Win-7,refit_on_3,42,B0007,154,96.45090493439226,96.39416
TD-Win-7,refit_on_3,42,B0007,158,95.6297003383392,96.46489
TD-Win-7,refit_on_3,42,B0007,162,95.10935396520227,95.27717
TD-Win-7,refit_on_3,42,B0007,166,94.57259385530976,95.49766
TD-Win-7,refit_on_3,42,B0007,170,94.30623404626093,94.80875
TD-Win-7,refit_on_3,42,B0007,174,94.0371367595855,94.97118
TD-Win-7,refit_on_3,42,B0007,178,93.49626919937222,94.40529
TD-Win-7,refit_on_3,42,B0007,182,92.9420388383138,94.34357
TD-Win-7,refit_on_3,42,B0007,186,92.94217065781828,94.21437
TD-Win-7,refit_on_3,42,B0007,190,92.69668329388116,94.25797
TD-Win-7,refit_on_3,42,B0007,194,92.41073633514534,93.48975
TD-Win-7,refit_on_3,42,B0007,198,91.82208130681248,93.19552
TD-Win-7,refit_on_3,42,B0007,202,91.5743327473832,93.00503
TD-Win-7,refit_on_3,42,B0007,206,91.04730118386937,92.68782
TD-Win-7,refit_on_3,42,B0007,210,91.04684020750553,92.99848
TD-Win-7,refit_on_3,42,B0007,214,90.49873919973382,91.63931
TD-Win-7,refit_on_3,42,B0007,216,90.51794914609178,91.95253
TD-Win-7,refit_on_3,42,B0007,220,89.96325858213598,91.95346
TD-Win-7,refit_on_3,42,B0007,224,89.64911074691454,91.392914
TD-Win-7,refit_on_3,42,B0007,228,89.4056438247883,91.38332
TD-Win-7,refit_on_3,42,B0007,232,89.13221056506995,91.16925
TD-Win-7,refit_on_3,42,B0007,236,88.88142970948275,90.76476
TD-Win-7,refit_on_3,42,B0007,240,88.57496163215028,89.99615
TD-Win-7,refit_on_3,42,B0007,244,88.30030467403411,89.863365
TD-Win-7,refit_on_3,42,B0007,248,88.04309784572763,89.60563
TD-Win-7,refit_on_3,42,B0007,252,87.7835715053401,89.63314
TD-Win-7,refit_on_3,42,B0007,256,87.5009058762453,88.9035
TD-Win-7,refit_on_3,42,B0007,260,86.92700430940862,89.3559
TD-Win-7,refit_on_3,42,B0007,264,86.91859800690037,88.54727
TD-Win-7,refit_on_3,42,B0007,266,87.17696241036246,88.84141
TD-Win-7,refit_on_3,42,B0007,270,86.66971006432802,87.890656
TD-Win-7,refit_on_3,42,B0007,274,86.11955257111292,87.910065
TD-Win-7,refit_on_3,42,B0007,278,85.86532022039283,89.05239
TD-Win-7,refit_on_3,42,B0007,282,85.83324550155743,87.97717
TD-Win-7,refit_on_3,42,B0007,286,85.88108948972226,86.973206
TD-Win-7,refit_on_3,42,B0007,290,85.56987844007078,87.0414
TD-Win-7,refit_on_3,42,B0007,294,85.027771191142,87.169205
TD-Win-7,refit_on_3,42,B0007,298,84.77582688520748,85.9519
TD-Win-7,refit_on_3,42,B0007,302,84.79178974791847,86.85188
TD-Win-7,refit_on_3,42,B0007,306,84.76993385106519,86.04751
TD-Win-7,refit_on_3,42,B0007,310,84.49605927424464,85.13835
TD-Win-7,refit_on_3,42,B0007,313,89.71090998622898,86.07392
TD-Win-7,refit_on_3,42,B0007,316,86.37349719367897,88.29592
TD-Win-7,refit_on_3,42,B0007,320,85.82898928627563,86.69127
TD-Win-7,refit_on_3,42,B0007,324,85.2934976107533,85.84372
TD-Win-7,refit_on_3,42,B0007,328,84.72574724857897,86.46234
TD-Win-7,refit_on_3,42,B0007,332,84.48328177752624,85.90385
TD-Win-7,refit_on_3,42,B0007,336,84.21457006738538,85.78115
TD-Win-7,refit_on_3,42,B0007,340,83.9288888229777,84.75714
TD-Win-7,refit_on_3,42,B0007,344,83.67629222648154,85.941696
TD-Win-7,refit_on_3,42,B0007,348,83.38837618926404,84.226105
TD-Win-7,refit_on_3,42,B0007,352,83.41270816038221,84.59443
TD-Win-7,refit_on_3,42,B0007,356,83.14675201444969,83.4926
TD-Win-7,refit_on_3,42,B0007,360,82.8484308280049,84.750145
TD-Win-7,refit_on_3,42,B0007,364,83.13252526962864,83.415115
TD-Win-7,refit_on_3,42,B0007,367,83.66359396289195,86.10468
TD-Win-7,refit_on_3,42,B0007,371,83.14841165448959,83.568726
TD-Win-7,refit_on_3,42,B0007,375,82.85488835556158,85.640175
TD-Win-7,refit_on_3,42,B0007,379,82.33123711829187,83.7708
TD-Win-7,refit_on_3,42,B0007,383,82.01142381939957,83.32353
TD-Win-7,refit_on_3,42,B0007,387,82.07206587982726,84.14118
TD-Win-7,refit_on_3,42,B0007,391,82.0495038543302,82.78737
TD-Win-7,refit_on_3,42,B0007,395,81.5031419618624,81.464775
TD-Win-7,refit_on_3,42,B0007,399,81.20841503507037,81.68777
TD-Win-7,refit_on_3,42,B0007,403,81.21721340553746,82.87065
TD-Win-7,refit_on_3,42,B0007,407,81.22601148878292,81.756454
TD-Win-7,refit_on_3,42,B0007,411,80.95054391771832,80.49844
TD-Win-7,refit_on_3,42,B0007,415,80.67227833994721,80.92419
TD-Win-7,refit_on_3,42,B0007,419,80.40565013650571,80.46324
TD-Win-7,refit_on_3,42,B0007,423,80.40335490244634,81.28979
TD-Win-7,refit_on_3,42,B0007,427,80.42152437300291,81.69925
TD-Win-7,refit_on_3,42,B0007,431,81.48461605871495,81.31315
TD-Win-7,refit_on_3,42,B0007,433,81.75963969607048,83.66026
TD-Win-7,refit_on_3,42,B0007,437,80.93560989493338,80.94672
TD-Win-7,refit_on_3,42,B0007,441,80.40209515327608,81.23854
TD-Win-7,refit_on_3,42,B0007,445,80.09419697809993,79.91844
TD-Win-7,refit_on_3,42,B0007,449,79.85042691616567,79.92622
TD-Win-7,refit_on_3,42,B0007,453,79.56495728605914,79.50143
TD-Win-7,refit_on_3,42,B0007,457,79.30076147796538,79.84014
TD-Win-7,refit_on_3,42,B0007,461,79.2776995197187,79.03872
TD-Win-7,refit_on_3,42,B0007,465,79.01573008127421,80.47899
TD-Win-7,refit_on_3,42,B0007,469,78.7529099419952,79.09509
TD-Win-7,refit_on_3,42,B0007,473,78.76631135529045,79.06333
TD-Win-7,refit_on_3,42,B0007,477,78.45734950325969,78.58587
TD-Win-7,refit_on_3,42,B0007,481,78.71925319505982,80.684425
TD-Win-7,refit_on_3,42,B0007,483,79.58166685963718,79.06472
TD-Win-7,refit_on_3,42,B0007,485,78.72860058663869,78.53443
TD-Win-7,refit_on_3,42,B0007,489,78.46501751785956,78.223625
TD-Win-7,refit_on_3,42,B0007,493,78.19738333514631,78.06598
TD-Win-7,refit_on_3,42,B0007,497,78.20645287101384,78.99421
TD-Win-7,refit_on_3,42,B0007,501,77.92824275772597,77.860695
TD-Win-7,refit_on_3,42,B0007,505,77.6497101362114,77.73576
TD-Win-7,refit_on_3,42,B0007,509,77.38028422735451,77.953255
TD-Win-7,refit_on_3,42,B0007,513,77.09660547904922,77.358574
TD-Win-7,refit_on_3,42,B0007,517,77.11046744203753,77.768845
TD-Win-7,refit_on_3,42,B0007,521,76.85550035450103,76.677536
TD-Win-7,refit_on_3,42,B0007,525,76.85236240084764,77.27838
TD-Win-7,refit_on_3,42,B0007,529,76.56671722215358,76.96649
TD-Win-7,refit_on_3,42,B0007,533,76.29399038621672,76.942955
TD-Win-7,refit_on_3,42,B0007,537,76.32425788720361,77.21274
TD-Win-7,refit_on_3,42,B0007,541,76.29658741049414,77.29179
TD-Win-7,refit_on_3,42,B0007,545,76.59209728582513,75.311195
TD-Win-7,refit_on_3,42,B0007,548,77.93863743061358,77.00552
TD-Win-7,refit_on_3,42,B0007,552,77.12364718084329,76.93084
TD-Win-7,refit_on_3,42,B0007,556,76.8725967441492,77.10934
TD-Win-7,refit_on_3,42,B0007,560,76.58854113704766,78.47282
TD-Win-7,refit_on_3,42,B0007,564,76.04885672654179,76.794266
TD-Win-7,refit_on_3,42,B0007,568,76.05828438472663,76.62965
TD-Win-7,refit_on_3,42,B0007,572,75.76335089505734,76.78423
TD-Win-7,refit_on_3,42,B0007,576,75.75439980355237,76.18476
TD-Win-7,refit_on_3,42,B0007,580,75.49812548326929,75.737015
TD-Win-7,refit_on_3,42,B0007,584,75.23591897923467,76.46932
TD-Win-7,refit_on_3,42,B0007,588,75.24924732301496,75.992455
TD-Win-7,refit_on_3,42,B0007,592,74.94444174506414,76.18244
TD-Win-7,refit_on_3,42,B0007,596,74.95266425125988,75.591705
TD-Win-7,refit_on_3,42,B0007,600,74.69643604452878,75.852936
TD-Win-7,refit_on_3,42,B0007,604,74.7051700493532,76.036705
TD-Win-7,refit_on_3,42,B0007,608,74.39278959915883,75.35643
TD-Win-7,refit_on_3,42,B0007,612,75.52591562947222,77.36604
TD-Win-7,refit_on_3,42,B0007,614,76.09264518290325,79.79806
TD-Win-7,pre_refit,42,B0018,3,100.8025811041783,79.7881
TD-Win-7,pre_refit,42,B0018,7,100.16087022619236,93.22585
TD-Win-7,pre_refit,42,B0018,11,99.96558598273582,92.63406
TD-Win-7,pre_refit,42,B0018,15,99.48041766162956,92.97987
TD-Win-7,pre_refit,42,B0018,18,99.59054502526398,94.21166
TD-Win-7,pre_refit,42,B0018,20,99.36387169185286,90.762474
TD-Win-7,pre_refit,42,B0018,22,98.96567828327716,90.22824
TD-Win-7,pre_refit,42,B0018,24,98.63793870309058,90.36234
TD-Win-7,pre_refit,42,B0018,27,98.04714689052696,89.76575
TD-Win-7,pre_refit,42,B0018,30,99.06887382997856,93.557396
TD-Win-7,pre_refit,42,B0018,32,98.47248926951052,90.61194
TD-Win-7,pre_refit,42,B0018,34,98.068534707018,90.4434
TD-Win-7,pre_refit,42,B0018,36,97.31606084566693,89.997986
TD-Win-7,pre_refit,42,B0018,39,96.91537145663308,89.91682
TD-Win-7,pre_refit,42,B0018,42,96.77777434993364,96.32231
TD-Win-7,pre_refit,42,B0018,44,96.24906078283864,90.69653
TD-Win-7,pre_refit,42,B0018,46,96.10893521170082,89.49481
TD-Win-7,pre_refit,42,B0018,48,95.29382636269746,88.138504
TD-Win-7,pre_refit,42,B0018,51,94.89112029628322,87.82086
TD-Win-7,pre_refit,42,B0018,54,94.42623362260446,90.76073
TD-Win-7,pre_refit,42,B0018,56,94.09214261326034,88.57185
TD-Win-7,pre_refit,42,B0018,58,92.84655809058668,88.81917
TD-Win-7,pre_refit,42,B0018,60,93.00278636580364,88.0168
TD-Win-7,pre_refit,42,B0018,63,92.78717154289568,87.558426
TD-Win-7,pre_refit,42,B0018,66,95.05514633441328,93.8865
TD-Win-7,pre_refit,42,B0018,68,94.16023397654948,89.47919
TD-Win-7,pre_refit,42,B0018,70,93.58756901230694,88.29636
TD-Win-7,pre_refit,42,B0018,72,93.02323711734508,88.04181
TD-Win-7,pre_refit,42,B0018,75,92.33971230163448,86.68424
TD-Win-7,pre_refit,42,B0018,78,92.05544475967478,91.87869
TD-Win-7,pre_refit,42,B0018,80,91.39607597710202,87.58656
TD-Win-7,pre_refit,42,B0018,82,91.12841202900309,86.14788
TD-Win-7,pre_refit,42,B0018,84,90.50598444143154,86.08423
TD-Win-7,pre_refit,42,B0018,87,90.05329919062662,85.04677
TD-Win-7,pre_refit,42,B0018,90,89.56595375021743,86.78343
TD-Win-7,pre_refit,42,B0018,92,89.05221474379236,85.15155
TD-Win-7,pre_refit,42,B0018,94,88.4478648526792,85.14309
TD-Win-7,pre_refit,42,B0018,96,88.14926233550939,85.14364
TD-Win-7,pre_refit,42,B0018,99,87.70654438914323,83.5403
TD-Win-7,pre_refit,42,B0018,102,91.07812245566797,86.68913
TD-Win-7,pre_refit,42,B0018,104,89.62445100410937,86.14136
TD-Win-7,pre_refit,42,B0018,106,88.70513095013024,85.15968
TD-Win-7,pre_refit,42,B0018,108,87.83746900859978,84.69924
TD-Win-7,pre_refit,42,B0018,111,87.53788044222665,83.459694
TD-Win-7,pre_refit,42,B0018,114,86.69891328476463,85.34131
TD-Win-7,pre_refit,42,B0018,119,93.27978546012802,89.27588
TD-Win-7,pre_refit,42,B0018,121,92.1525471966999,89.24336
TD-Win-7,pre_refit,42,B0018,123,91.17195305362098,87.756325
TD-Win-7,pre_refit,42,B0018,125,90.2416573040256,87.253975
TD-Win-7,pre_refit,42,B0018,128,90.55423897233052,91.94984
TD-Win-7,pre_refit,42,B0018,130,89.49039068452917,86.17644
TD-Win-7,pre_refit,42,B0018,132,88.3454487099843,86.426674
TD-Win-7,pre_refit,42,B0018,134,87.60607299731777,84.907
TD-Win-7,pre_refit,42,B0018,136,87.25714700042141,85.09075
TD-Win-7,pre_refit,42,B0018,143,89.1426764135498,86.6335
TD-Win-7,pre_refit,42,B0018,145,87.66626044455795,84.56744
TD-Win-7,pre_refit,42,B0018,147,86.51592379470374,84.533554
TD-Win-7,pre_refit,42,B0018,150,86.21730704320841,82.47556
TD-Win-7,pre_refit,42,B0018,153,85.8627581657356,85.739494
TD-Win-7,pre_refit,42,B0018,155,84.99855590440428,82.752464
TD-Win-7,pre_refit,42,B0018,157,84.53366840480606,82.3316
TD-Win-7,pre_refit,42,B0018,159,83.69607194854545,81.91951
TD-Win-7,pre_refit,42,B0018,162,83.25899594193369,80.52772
TD-Win-7,pre_refit,42,B0018,165,83.22975722050174,82.55157
TD-Win-7,pre_refit,42,B0018,167,82.72092847997168,81.211
TD-Win-7,pre_refit,42,B0018,169,81.86598978006339,79.85311
TD-Win-7,pre_refit,42,B0018,171,81.58859278240016,80.30602
TD-Win-7,pre_refit,42,B0018,174,81.31316363799587,79.64255
TD-Win-7,pre_refit,42,B0018,177,83.32773163808899,81.1653
TD-Win-7,pre_refit,42,B0018,179,82.80709531820148,80.89393
TD-Win-7,pre_refit,42,B0018,181,81.57610219236552,80.17538
TD-Win-7,pre_refit,42,B0018,183,81.09929204028072,78.374695
TD-Win-7,pre_refit,42,B0018,185,80.60512587063184,77.651764
TD-Win-7,pre_refit,42,B0018,188,80.4645909654616,80.7266
TD-Win-7,pre_refit,42,B0018,190,80.07171192098461,79.28469
TD-Win-7,pre_refit,42,B0018,192,79.77346222448996,77.25584
TD-Win-7,pre_refit,42,B0018,194,79.23402412051846,76.5736
TD-Win-7,pre_refit,42,B0018,197,78.6783203089025,76.83096
TD-Win-7,pre_refit,42,B0018,200,78.94539372549075,77.84401
TD-Win-7,pre_refit,42,B0018,202,78.38865828037459,75.927155
TD-Win-7,pre_refit,42,B0018,204,78.21127069246836,76.58668
TD-Win-7,pre_refit,42,B0018,206,77.6339684068403,75.9974
TD-Win-7,pre_refit,42,B0018,209,77.43046760934243,75.55054
TD-Win-7,pre_refit,42,B0018,212,79.8708545166814,77.99586
TD-Win-7,pre_refit,42,B0018,214,78.93458463676515,77.309906
TD-Win-7,pre_refit,42,B0018,216,78.40488242765085,76.83091
TD-Win-7,pre_refit,42,B0018,218,77.61921434771055,75.49883
TD-Win-7,pre_refit,42,B0018,220,76.9170609064971,75.011665
TD-Win-7,pre_refit,42,B0018,223,79.04297866359087,77.30234
TD-Win-7,pre_refit,42,B0018,225,77.61605692618127,76.61409
TD-Win-7,pre_refit,42,B0018,227,77.14789574863566,75.12759
TD-Win-7,pre_refit,42,B0018,229,76.92281444261894,75.15469
TD-Win-7,pre_refit,42,B0018,232,76.3858924270674,74.273125
TD-Win-7,pre_refit,42,B0018,235,76.53620320177981,76.75857
TD-Win-7,pre_refit,42,B0018,237,75.9063201738239,74.65288
TD-Win-7,pre_refit,42,B0018,239,75.72766142150313,75.373856
TD-Win-7,pre_refit,42,B0018,241,75.49928800503805,74.42043
TD-Win-7,pre_refit,42,B0018,244,74.9124451895705,73.64952
TD-Win-7,pre_refit,42,B0018,247,75.25674730493446,75.60982
TD-Win-7,pre_refit,42,B0018,249,74.46467849076038,73.654144
TD-Win-7,pre_refit,42,B0018,251,74.62885626516028,73.87033
TD-Win-7,pre_refit,42,B0018,253,74.33553994642665,74.10505
TD-Win-7,pre_refit,42,B0018,256,73.72504079935909,72.56435
TD-Win-7,pre_refit,42,B0018,259,79.36110924975578,76.34777
TD-Win-7,pre_refit,42,B0018,261,78.799706688891,78.365555
TD-Win-7,pre_refit,42,B0018,263,78.14983302548104,76.872185
TD-Win-7,pre_refit,42,B0018,265,77.61878718971624,75.33642
TD-Win-7,pre_refit,42,B0018,267,76.88079746021991,74.89973
TD-Win-7,pre_refit,42,B0018,270,76.8319836786595,78.38331
TD-Win-7,pre_refit,42,B0018,272,76.01926160635412,75.0384
TD-Win-7,pre_refit,42,B0018,274,75.82358510102308,75.26548
TD-Win-7,pre_refit,42,B0018,276,75.53633219814198,75.51256
TD-Win-7,pre_refit,42,B0018,279,75.31793705780649,74.09222
TD-Win-7,pre_refit,42,B0018,282,75.43684114368729,75.761314
TD-Win-7,pre_refit,42,B0018,284,74.7829788363973,73.53499
TD-Win-7,pre_refit,42,B0018,286,74.15991898288928,73.07283
TD-Win-7,pre_refit,42,B0018,288,73.84846878839457,72.49691
TD-Win-7,pre_refit,42,B0018,291,73.15537271331122,72.77792
TD-Win-7,pre_refit,42,B0018,294,77.53589472577204,75.37401
TD-Win-7,pre_refit,42,B0018,296,76.42763235972666,76.376015
TD-Win-7,pre_refit,42,B0018,298,75.72351586777258,75.221
TD-Win-7,pre_refit,42,B0018,300,75.4386936803776,74.42316
TD-Win-7,pre_refit,42,B0018,302,74.45721490205536,74.44514
TD-Win-7,pre_refit,42,B0018,305,74.97385174402893,75.6458
TD-Win-7,pre_refit,42,B0018,307,74.3741167471391,74.41225
TD-Win-7,pre_refit,42,B0018,309,74.05233968989694,74.915985
TD-Win-7,pre_refit,42,B0018,311,74.08863589293038,75.17311
TD-Win-7,pre_refit,42,B0018,314,73.46151441244959,73.51248
TD-Win-7,pre_refit,42,B0018,317,73.62086195282473,75.19771
TD-Win-7,pre_refit,42,B0018,319,72.87391760769836,72.47572
TD-Win-7,refit_on_3,42,B0018,3,100.8025811041783,81.13176
TD-Win-7,refit_on_3,42,B0018,7,100.16087022619236,95.008194
TD-Win-7,refit_on_3,42,B0018,11,99.96558598273582,94.41542
TD-Win-7,refit_on_3,42,B0018,15,99.48041766162956,94.1423
TD-Win-7,refit_on_3,42,B0018,18,99.59054502526398,95.3835
TD-Win-7,refit_on_3,42,B0018,20,99.36387169185286,93.83835
TD-Win-7,refit_on_3,42,B0018,22,98.96567828327716,93.40024
TD-Win-7,refit_on_3,42,B0018,24,98.63793870309058,92.93792
TD-Win-7,refit_on_3,42,B0018,27,98.04714689052696,92.237274
TD-Win-7,refit_on_3,42,B0018,30,99.06887382997856,94.04366
TD-Win-7,refit_on_3,42,B0018,32,98.47248926951052,93.20296
TD-Win-7,refit_on_3,42,B0018,34,98.068534707018,92.8778
TD-Win-7,refit_on_3,42,B0018,36,97.31606084566693,92.33965
TD-Win-7,refit_on_3,42,B0018,39,96.91537145663308,91.575516
TD-Win-7,refit_on_3,42,B0018,42,96.77777434993364,95.518364
TD-Win-7,refit_on_3,42,B0018,44,96.24906078283864,92.47353
TD-Win-7,refit_on_3,42,B0018,46,96.10893521170082,91.739235
TD-Win-7,refit_on_3,42,B0018,48,95.29382636269746,90.56445
TD-Win-7,refit_on_3,42,B0018,51,94.89112029628322,89.55873
TD-Win-7,refit_on_3,42,B0018,54,94.42623362260446,90.802246
TD-Win-7,refit_on_3,42,B0018,56,94.09214261326034,89.09321
TD-Win-7,refit_on_3,42,B0018,58,92.84655809058668,87.808395
TD-Win-7,refit_on_3,42,B0018,60,93.00278636580364,88.57136
TD-Win-7,refit_on_3,42,B0018,63,92.78717154289568,87.92149
TD-Win-7,refit_on_3,42,B0018,66,95.05514633441328,91.78636
TD-Win-7,refit_on_3,42,B0018,68,94.16023397654948,90.49274
TD-Win-7,refit_on_3,42,B0018,70,93.58756901230694,90.120224
TD-Win-7,refit_on_3,42,B0018,72,93.02323711734508,89.70942
TD-Win-7,refit_on_3,42,B0018,75,92.33971230163448,88.31081
TD-Win-7,refit_on_3,42,B0018,78,92.05544475967478,91.67643
TD-Win-7,refit_on_3,42,B0018,80,91.39607597710202,88.69595
TD-Win-7,refit_on_3,42,B0018,82,91.12841202900309,87.52557
TD-Win-7,refit_on_3,42,B0018,84,90.50598444143154,87.6161
TD-Win-7,refit_on_3,42,B0018,87,90.05329919062662,86.759384
TD-Win-7,refit_on_3,42,B0018,90,89.56595375021743,87.26992
TD-Win-7,refit_on_3,42,B0018,92,89.05221474379236,86.06098
TD-Win-7,refit_on_3,42,B0018,94,88.4478648526792,86.100784
TD-Win-7,refit_on_3,42,B0018,96,88.14926233550939,85.85509
TD-Win-7,refit_on_3,42,B0018,99,87.70654438914323,84.74991
TD-Win-7,refit_on_3,42,B0018,102,91.07812245566797,86.33116
TD-Win-7,refit_on_3,42,B0018,104,89.62445100410937,87.28224
TD-Win-7,refit_on_3,42,B0018,106,88.70513095013024,85.8701
TD-Win-7,refit_on_3,42,B0018,108,87.83746900859978,85.15182
TD-Win-7,refit_on_3,42,B0018,111,87.53788044222665,83.68573
TD-Win-7,refit_on_3,42,B0018,114,86.69891328476463,84.69642
TD-Win-7,refit_on_3,42,B0018,119,93.27978546012802,90.47286
TD-Win-7,refit_on_3,42,B0018,121,92.1525471966999,89.92812
TD-Win-7,refit_on_3,42,B0018,123,91.17195305362098,88.50417
TD-Win-7,refit_on_3,42,B0018,125,90.2416573040256,87.80056
TD-Win-7,refit_on_3,42,B0018,128,90.55423897233052,90.91183
TD-Win-7,refit_on_3,42,B0018,130,89.49039068452917,87.38551
TD-Win-7,refit_on_3,42,B0018,132,88.3454487099843,87.319244
TD-Win-7,refit_on_3,42,B0018,134,87.60607299731777,86.2562
TD-Win-7,refit_on_3,42,B0018,136,87.25714700042141,85.63828
TD-Win-7,refit_on_3,42,B0018,143,89.1426764135498,87.4923
TD-Win-7,refit_on_3,42,B0018,145,87.66626044455795,85.63558
TD-Win-7,refit_on_3,42,B0018,147,86.51592379470374,85.313194
TD-Win-7,refit_on_3,42,B0018,150,86.21730704320841,83.6472
TD-Win-7,refit_on_3,42,B0018,153,85.8627581657356,85.348564
TD-Win-7,refit_on_3,42,B0018,155,84.99855590440428,83.39487
TD-Win-7,refit_on_3,42,B0018,157,84.53366840480606,83.04238
TD-Win-7,refit_on_3,42,B0018,159,83.69607194854545,82.52169
TD-Win-7,refit_on_3,42,B0018,162,83.25899594193369,81.40844
TD-Win-7,refit_on_3,42,B0018,165,83.22975722050174,82.36302
TD-Win-7,refit_on_3,42,B0018,167,82.72092847997168,81.49569
TD-Win-7,refit_on_3,42,B0018,169,81.86598978006339,80.39658
TD-Win-7,refit_on_3,42,B0018,171,81.58859278240016,80.4941
TD-Win-7,refit_on_3,42,B0018,174,81.31316363799587,79.93057
TD-Win-7,refit_on_3,42,B0018,177,83.32773163808899,80.55742
TD-Win-7,refit_on_3,42,B0018,179,82.80709531820148,81.57766
TD-Win-7,refit_on_3,42,B0018,181,81.57610219236552,80.823685
TD-Win-7,refit_on_3,42,B0018,183,81.09929204028072,79.41647
TD-Win-7,refit_on_3,42,B0018,185,80.60512587063184,78.6137
TD-Win-7,refit_on_3,42,B0018,188,80.4645909654616,80.15389
TD-Win-7,refit_on_3,42,B0018,190,80.07171192098461,79.50984
TD-Win-7,refit_on_3,42,B0018,192,79.77346222448996,78.091255
TD-Win-7,refit_on_3,42,B0018,194,79.23402412051846,77.507324
TD-Win-7,refit_on_3,42,B0018,197,78.6783203089025,77.419044
TD-Win-7,refit_on_3,42,B0018,200,78.94539372549075,77.42619
TD-Win-7,refit_on_3,42,B0018,202,78.38865828037459,76.57946
TD-Win-7,refit_on_3,42,B0018,204,78.21127069246836,77.027054
TD-Win-7,refit_on_3,42,B0018,206,77.6339684068403,76.65535
TD-Win-7,refit_on_3,42,B0018,209,77.43046760934243,76.2099
TD-Win-7,refit_on_3,42,B0018,212,79.8708545166814,76.738785
TD-Win-7,refit_on_3,42,B0018,214,78.93458463676515,78.02013
TD-Win-7,refit_on_3,42,B0018,216,78.40488242765085,77.28323
TD-Win-7,refit_on_3,42,B0018,218,77.61921434771055,76.03855
TD-Win-7,refit_on_3,42,B0018,220,76.9170609064971,75.43923
TD-Win-7,refit_on_3,42,B0018,223,79.04297866359087,76.260956
TD-Win-7,refit_on_3,42,B0018,225,77.61605692618127,77.1568
TD-Win-7,refit_on_3,42,B0018,227,77.14789574863566,75.81241
TD-Win-7,refit_on_3,42,B0018,229,76.92281444261894,75.880005
TD-Win-7,refit_on_3,42,B0018,232,76.3858924270674,75.0065
TD-Win-7,refit_on_3,42,B0018,235,76.53620320177981,76.13268
TD-Win-7,refit_on_3,42,B0018,237,75.9063201738239,75.2093
TD-Win-7,refit_on_3,42,B0018,239,75.72766142150313,75.576744
TD-Win-7,refit_on_3,42,B0018,241,75.49928800503805,74.81419
TD-Win-7,refit_on_3,42,B0018,244,74.9124451895705,74.23164
TD-Win-7,refit_on_3,42,B0018,247,75.25674730493446,74.92416
TD-Win-7,refit_on_3,42,B0018,249,74.46467849076038,74.05731
TD-Win-7,refit_on_3,42,B0018,251,74.62885626516028,74.23312
TD-Win-7,refit_on_3,42,B0018,253,74.33553994642665,74.31476
TD-Win-7,refit_on_3,42,B0018,256,73.72504079935909,72.762
TD-Win-7,refit_on_3,42,B0018,259,79.36110924975578,75.38731
TD-Win-7,refit_on_3,42,B0018,261,78.799706688891,78.65445
TD-Win-7,refit_on_3,42,B0018,263,78.14983302548104,77.57484
TD-Win-7,refit_on_3,42,B0018,265,77.61878718971624,76.29051
TD-Win-7,refit_on_3,42,B0018,267,76.88079746021991,75.68348
TD-Win-7,refit_on_3,42,B0018,270,76.8319836786595,77.115654
TD-Win-7,refit_on_3,42,B0018,272,76.01926160635412,75.48232
TD-Win-7,refit_on_3,42,B0018,274,75.82358510102308,75.551704
TD-Win-7,refit_on_3,42,B0018,276,75.53633219814198,75.1647
TD-Win-7,refit_on_3,42,B0018,279,75.31793705780649,74.31249
TD-Win-7,refit_on_3,42,B0018,282,75.43684114368729,75.032814
TD-Win-7,refit_on_3,42,B0018,284,74.7829788363973,73.929306
TD-Win-7,refit_on_3,42,B0018,286,74.15991898288928,73.25434
TD-Win-7,refit_on_3,42,B0018,288,73.84846878839457,72.54719
TD-Win-7,refit_on_3,42,B0018,291,73.15537271331122,72.426315
TD-Win-7,refit_on_3,42,B0018,294,77.53589472577204,74.44908
TD-Win-7,refit_on_3,42,B0018,296,76.42763235972666,76.60118
TD-Win-7,refit_on_3,42,B0018,298,75.72351586777258,75.672714
TD-Win-7,refit_on_3,42,B0018,300,75.4386936803776,74.95505
TD-Win-7,refit_on_3,42,B0018,302,74.45721490205536,74.618904
TD-Win-7,refit_on_3,42,B0018,305,74.97385174402893,74.96625
TD-Win-7,refit_on_3,42,B0018,307,74.3741167471391,74.527985
TD-Win-7,refit_on_3,42,B0018,309,74.05233968989694,74.33752
TD-Win-7,refit_on_3,42,B0018,311,74.08863589293038,74.50785
TD-Win-7,refit_on_3,42,B0018,314,73.46151441244959,73.62773
TD-Win-7,refit_on_3,42,B0018,317,73.62086195282473,73.75925
TD-Win-7,refit_on_3,42,B0018,319,72.87391760769836,72.41682
TD-Win-7,pre_refit,7,B0005,2,100.80760884947765,101.06799
TD-Win-7,pre_refit,7,B0005,4,100.25590968770103,102.24615
TD-Win-7,pre_refit,7,B0005,6,99.65979925247206,102.40794
TD-Win-7,pre_refit,7,B0005,8,99.65509323788856,101.57523
TD-Win-7,pre_refit,7,B0005,10,99.6215889724607,101.21611
TD-Win-7,pre_refit,7,B0005,12,99.67676620535396,101.6741
TD-Win-7,pre_refit,7,B0005,14,99.64877352944652,101.37819
TD-Win-7,pre_refit,7,B0005,16,99.13892996732449,101.62381
TD-Win-7,pre_refit,7,B0005,18,99.08555627584838,101.04537
TD-Win-7,pre_refit,7,B0005,20,99.0768365083485,100.42033
TD-Win-7,pre_refit,7,B0005,22,99.07717774099622,99.99632
TD-Win-7,pre_refit,7,B0005,25,98.5114992237362,100.26981
TD-Win-7,pre_refit,7,B0005,27,98.4870761948254,100.54492
TD-Win-7,pre_refit,7,B0005,29,98.47015265835132,99.90686
TD-Win-7,pre_refit,7,B0005,31,97.88140357167902,100.462776
TD-Win-7,pre_refit,7,B0005,33,97.85473656745688,100.063225
TD-Win-7,pre_refit,7,B0005,35,97.88039886599036,99.465
TD-Win-7,pre_refit,7,B0005,37,97.9069415267384,99.088326
TD-Win-7,pre_refit,7,B0005,39,97.89115702988882,98.85042
TD-Win-7,pre_refit,7,B0005,42,100.29385168145046,101.98409
TD-Win-7,pre_refit,7,B0005,46,100.31510023136114,101.36783
TD-Win-7,pre_refit,7,B0005,50,99.70477213786135,101.07489
TD-Win-7,pre_refit,7,B0005,54,99.1402308374376,100.98081
TD-Win-7,pre_refit,7,B0005,58,99.10400696359169,101.54617
TD-Win-7,pre_refit,7,B0005,62,99.12941188644592,99.65037
TD-Win-7,pre_refit,7,B0005,66,98.50222430381568,100.63672
TD-Win-7,pre_refit,7,B0005,70,98.5423014565286,100.03279
TD-Win-7,pre_refit,7,B0005,74,98.49887187571204,99.61111
TD-Win-7,pre_refit,7,B0005,78,97.89050762402466,100.176216
TD-Win-7,pre_refit,7,B0005,82,97.96171552529285,100.16951
TD-Win-7,pre_refit,7,B0005,90,99.4075559707276,98.66791
TD-Win-7,pre_refit,7,B0005,94,98.82112827769676,97.989365
TD-Win-7,pre_refit,7,B0005,98,98.2457556393358,97.979416
TD-Win-7,pre_refit,7,B0005,102,97.99065016377766,97.53229
TD-Win-7,pre_refit,7,B0005,106,97.7065060215613,98.64673
TD-Win-7,pre_refit,7,B0005,110,97.11279694879056,97.97945
TD-Win-7,pre_refit,7,B0005,114,96.81304988059888,96.97573
TD-Win-7,pre_refit,7,B0005,118,96.27605729788222,97.601494
TD-Win-7,pre_refit,7,B0005,122,96.2762766313732,97.44087
TD-Win-7,pre_refit,7,B0005,126,95.99578118843372,98.25885
TD-Win-7,pre_refit,7,B0005,130,95.69403287907456,98.12963
TD-Win-7,pre_refit,7,B0005,134,95.98194451474556,96.62158
TD-Win-7,pre_refit,7,B0005,136,95.71321655496544,97.751915
TD-Win-7,pre_refit,7,B0005,140,95.11928805425076,96.92363
TD-Win-7,pre_refit,7,B0005,144,94.58275432725988,96.61925
TD-Win-7,pre_refit,7,B0005,148,94.27008009570102,96.69783
TD-Win-7,pre_refit,7,B0005,150,97.39411432859931,103.1779
TD-Win-7,pre_refit,7,B0005,154,96.82749231246368,98.31562
TD-Win-7,pre_refit,7,B0005,158,95.96820195991576,97.502
TD-Win-7,pre_refit,7,B0005,162,95.40638930769452,96.6553
TD-Win-7,pre_refit,7,B0005,166,94.8553962680492,96.907196
TD-Win-7,pre_refit,7,B0005,170,94.5755674779542,96.20382
TD-Win-7,pre_refit,7,B0005,174,94.28806184403476,97.071205
TD-Win-7,pre_refit,7,B0005,178,93.73958753620327,96.503624
TD-Win-7,pre_refit,7,B0005,182,93.16861105469168,96.904434
TD-Win-7,pre_refit,7,B0005,186,92.88227598613614,96.50599
TD-Win-7,pre_refit,7,B0005,190,92.636901518198,97.07121
TD-Win-7,pre_refit,7,B0005,194,92.32720191735562,96.94928
TD-Win-7,pre_refit,7,B0005,198,92.01599848919145,96.451645
TD-Win-7,pre_refit,7,B0005,202,91.49053823956656,95.84183
TD-Win-7,pre_refit,7,B0005,206,90.92425521866993,96.450294
TD-Win-7,pre_refit,7,B0005,210,90.92941856192826,96.26554
TD-Win-7,pre_refit,7,B0005,214,90.34010561326173,95.90988
TD-Win-7,pre_refit,7,B0005,216,90.0847586044663,96.50722
TD-Win-7,pre_refit,7,B0005,220,89.80457989439137,95.34976
TD-Win-7,pre_refit,7,B0005,224,89.19640288815545,95.77327
TD-Win-7,pre_refit,7,B0005,228,88.93598251136243,95.43769
TD-Win-7,pre_refit,7,B0005,232,88.65781340235759,95.7269
TD-Win-7,pre_refit,7,B0005,236,88.38728178562198,95.230576
TD-Win-7,pre_refit,7,B0005,240,88.08171260170519,93.95909
TD-Win-7,pre_refit,7,B0005,244,87.49528010741024,95.431
TD-Win-7,pre_refit,7,B0005,248,87.2366743602368,94.38727
TD-Win-7,pre_refit,7,B0005,252,86.96251727221627,93.52556
TD-Win-7,pre_refit,7,B0005,256,86.35734215456989,94.21469
TD-Win-7,pre_refit,7,B0005,260,86.10863457357058,94.412445
TD-Win-7,pre_refit,7,B0005,264,86.06270063126725,93.29137
TD-Win-7,pre_refit,7,B0005,266,86.63737677555004,94.55617
TD-Win-7,pre_refit,7,B0005,270,85.50813849993258,92.58847
TD-Win-7,pre_refit,7,B0005,274,84.97446653296429,92.430046
TD-Win-7,pre_refit,7,B0005,278,84.69557819389517,94.236336
TD-Win-7,pre_refit,7,B0005,282,84.68013627936132,93.032585
TD-Win-7,pre_refit,7,B0005,286,84.41991821853574,92.64897
TD-Win-7,pre_refit,7,B0005,290,84.10414931140878,92.47149
TD-Win-7,pre_refit,7,B0005,294,83.52653061113354,93.56502
TD-Win-7,pre_refit,7,B0005,298,82.96602561057489,92.07772
TD-Win-7,pre_refit,7,B0005,302,82.99920327964658,92.190285
TD-Win-7,pre_refit,7,B0005,306,82.68003018050378,93.51435
TD-Win-7,pre_refit,7,B0005,310,82.39976893302816,92.728905
TD-Win-7,pre_refit,7,B0005,313,87.19626195760692,92.38989
TD-Win-7,pre_refit,7,B0005,316,84.91729656129593,93.47428
TD-Win-7,pre_refit,7,B0005,320,84.06165489885902,92.98233
TD-Win-7,pre_refit,7,B0005,324,83.2082752902044,93.42661
TD-Win-7,pre_refit,7,B0005,328,82.91381970838151,91.48738
TD-Win-7,pre_refit,7,B0005,332,82.37106085271179,92.59132
TD-Win-7,pre_refit,7,B0005,336,82.09631790141844,91.84307
TD-Win-7,pre_refit,7,B0005,340,81.80669701206385,91.97
TD-Win-7,pre_refit,7,B0005,344,81.53418918115372,92.54113
TD-Win-7,pre_refit,7,B0005,348,80.95312575426658,92.46577
TD-Win-7,pre_refit,7,B0005,352,80.6829269258604,92.91112
TD-Win-7,pre_refit,7,B0005,356,80.38673535372676,92.180824
TD-Win-7,pre_refit,7,B0005,360,80.10415225005684,93.0737
TD-Win-7,pre_refit,7,B0005,364,80.68483906716317,90.95902
TD-Win-7,pre_refit,7,B0005,367,81.23806188586506,94.55504
TD-Win-7,pre_refit,7,B0005,371,80.40774500270479,91.87361
TD-Win-7,pre_refit,7,B0005,375,79.80793062432481,93.781006
TD-Win-7,pre_refit,7,B0005,379,78.94710440938543,91.84016
TD-Win-7,pre_refit,7,B0005,383,78.96040682717852,92.2642
TD-Win-7,pre_refit,7,B0005,387,79.00805769223405,93.279434
TD-Win-7,pre_refit,7,B0005,391,78.68325635434054,91.79441
TD-Win-7,pre_refit,7,B0005,395,78.12009683923326,91.904594
TD-Win-7,pre_refit,7,B0005,399,77.83635095586517,91.84981
TD-Win-7,pre_refit,7,B0005,403,77.83366081216815,93.5221
TD-Win-7,pre_refit,7,B0005,407,77.54418562704669,92.80907
TD-Win-7,pre_refit,7,B0005,411,77.26483532824366,91.705154
TD-Win-7,pre_refit,7,B0005,415,76.96665751739931,90.85213
TD-Win-7,pre_refit,7,B0005,419,76.69408123915822,90.917656
TD-Win-7,pre_refit,7,B0005,423,76.7032886034996,91.570465
TD-Win-7,pre_refit,7,B0005,427,76.43285089151239,94.22765
TD-Win-7,pre_refit,7,B0005,431,77.83345221466253,91.94063
TD-Win-7,pre_refit,7,B0005,433,78.09751233548145,92.72192
TD-Win-7,pre_refit,7,B0005,437,76.96262218385922,91.55553
TD-Win-7,pre_refit,7,B0005,441,76.3993634537507,91.93959
TD-Win-7,pre_refit,7,B0005,445,76.08562321685423,90.97886
TD-Win-7,pre_refit,7,B0005,449,75.84111192639295,91.48384
TD-Win-7,pre_refit,7,B0005,453,75.5470202599512,90.37744
TD-Win-7,pre_refit,7,B0005,457,75.2724773855306,90.27973
TD-Win-7,pre_refit,7,B0005,461,74.95796574493023,90.66253
TD-Win-7,pre_refit,7,B0005,465,74.67559060559861,92.526566
TD-Win-7,pre_refit,7,B0005,469,74.4190975749656,90.86991
TD-Win-7,pre_refit,7,B0005,473,74.41886702385212,89.52225
TD-Win-7,pre_refit,7,B0005,477,74.10538957595438,90.30774
TD-Win-7,pre_refit,7,B0005,481,74.68403981580354,93.62961
TD-Win-7,pre_refit,7,B0005,483,75.26611054535188,91.66075
TD-Win-7,pre_refit,7,B0005,485,74.38310747232698,91.620316
TD-Win-7,pre_refit,7,B0005,489,74.10795710900801,90.057724
TD-Win-7,pre_refit,7,B0005,493,73.53993654981534,91.19438
TD-Win-7,pre_refit,7,B0005,497,73.55729388669064,92.8461
TD-Win-7,pre_refit,7,B0005,501,73.56067241598603,91.15887
TD-Win-7,pre_refit,7,B0005,505,73.26805286034079,91.43238
TD-Win-7,pre_refit,7,B0005,509,72.98972077509227,90.9353
TD-Win-7,pre_refit,7,B0005,513,72.70747847813722,90.59596
TD-Win-7,pre_refit,7,B0005,517,72.70330518052887,91.256386
TD-Win-7,pre_refit,7,B0005,521,72.43680818215978,91.5558
TD-Win-7,pre_refit,7,B0005,525,72.14563728793834,92.865364
TD-Win-7,pre_refit,7,B0005,529,71.84842350914826,91.16342
TD-Win-7,pre_refit,7,B0005,533,71.57682808520298,92.078926
TD-Win-7,pre_refit,7,B0005,537,71.59297070565168,92.53424
TD-Win-7,pre_refit,7,B0005,541,71.58355486033668,92.22787
TD-Win-7,pre_refit,7,B0005,545,71.88651633814797,89.55854
TD-Win-7,pre_refit,7,B0005,548,73.85485752850198,88.60043
TD-Win-7,pre_refit,7,B0005,552,72.73676298693475,90.25796
TD-Win-7,pre_refit,7,B0005,556,72.16650080848474,91.146126
TD-Win-7,pre_refit,7,B0005,560,71.87574889700983,93.14186
TD-Win-7,pre_refit,7,B0005,564,71.60206343923741,91.61684
TD-Win-7,pre_refit,7,B0005,568,71.32194157026348,92.48718
TD-Win-7,pre_refit,7,B0005,572,71.30711389020412,91.67422
TD-Win-7,pre_refit,7,B0005,576,71.01356336148518,91.63186
TD-Win-7,pre_refit,7,B0005,580,70.75492745457169,91.29056
TD-Win-7,pre_refit,7,B0005,584,70.77254445771489,91.95963
TD-Win-7,pre_refit,7,B0005,588,70.77540542374062,90.78062
TD-Win-7,pre_refit,7,B0005,592,70.47550750397869,91.539955
TD-Win-7,pre_refit,7,B0005,596,70.48563041810954,90.36901
TD-Win-7,pre_refit,7,B0005,600,70.23531244180377,91.997734
TD-Win-7,pre_refit,7,B0005,604,69.93882142370093,93.00715
TD-Win-7,pre_refit,7,B0005,608,69.90890905512207,91.75579
TD-Win-7,pre_refit,7,B0005,612,71.07977535187085,95.33739
TD-Win-7,pre_refit,7,B0005,614,71.95205157786506,95.37636
TD-Win-7,refit_on_3,7,B0005,2,100.80760884947765,92.28808
TD-Win-7,refit_on_3,7,B0005,4,100.25590968770103,98.05583
TD-Win-7,refit_on_3,7,B0005,6,99.65979925247206,98.46886
TD-Win-7,refit_on_3,7,B0005,8,99.65509323788856,98.90984
TD-Win-7,refit_on_3,7,B0005,10,99.6215889724607,98.06308
TD-Win-7,refit_on_3,7,B0005,12,99.67676620535396,98.572556
TD-Win-7,refit_on_3,7,B0005,14,99.64877352944652,98.46072
TD-Win-7,refit_on_3,7,B0005,16,99.13892996732449,97.967476
TD-Win-7,refit_on_3,7,B0005,18,99.08555627584838,97.76136
TD-Win-7,refit_on_3,7,B0005,20,99.0768365083485,100.417564
TD-Win-7,refit_on_3,7,B0005,22,99.07717774099622,97.39689
TD-Win-7,refit_on_3,7,B0005,25,98.5114992237362,99.054886
TD-Win-7,refit_on_3,7,B0005,27,98.4870761948254,97.274315
TD-Win-7,refit_on_3,7,B0005,29,98.47015265835132,97.48743
TD-Win-7,refit_on_3,7,B0005,31,97.88140357167902,99.87885
TD-Win-7,refit_on_3,7,B0005,33,97.85473656745688,96.9725
TD-Win-7,refit_on_3,7,B0005,35,97.88039886599036,99.66698
TD-Win-7,refit_on_3,7,B0005,37,97.9069415267384,99.63135
TD-Win-7,refit_on_3,7,B0005,39,97.89115702988882,99.72711
TD-Win-7,refit_on_3,7,B0005,42,100.29385168145046,100.96643
TD-Win-7,refit_on_3,7,B0005,46,100.31510023136114,101.974144
TD-Win-7,refit_on_3,7,B0005,50,99.70477213786135,101.6539
TD-Win-7,refit_on_3,7,B0005,54,99.1402308374376,101.331116
TD-Win-7,refit_on_3,7,B0005,58,99.10400696359169,99.673904
TD-Win-7,refit_on_3,7,B0005,62,99.12941188644592,101.1243
TD-Win-7,refit_on_3,7,B0005,66,98.50222430381568,98.35821
TD-Win-7,refit_on_3,7,B0005,70,98.5423014565286,101.90415
TD-Win-7,refit_on_3,7,B0005,74,98.49887187571204,101.78918
TD-Win-7,refit_on_3,7,B0005,78,97.89050762402466,101.23169
TD-Win-7,refit_on_3,7,B0005,82,97.96171552529285,101.39885
TD-Win-7,refit_on_3,7,B0005,90,99.4075559707276,98.42012
TD-Win-7,refit_on_3,7,B0005,94,98.82112827769676,99.01471
TD-Win-7,refit_on_3,7,B0005,98,98.2457556393358,99.80322
TD-Win-7,refit_on_3,7,B0005,102,97.99065016377766,95.99735
TD-Win-7,refit_on_3,7,B0005,106,97.7065060215613,99.733795
TD-Win-7,refit_on_3,7,B0005,110,97.11279694879056,99.29341
TD-Win-7,refit_on_3,7,B0005,114,96.81304988059888,98.46286
TD-Win-7,refit_on_3,7,B0005,118,96.27605729788222,98.48947
TD-Win-7,refit_on_3,7,B0005,122,96.2762766313732,98.27904
TD-Win-7,refit_on_3,7,B0005,126,95.99578118843372,98.16296
TD-Win-7,refit_on_3,7,B0005,130,95.69403287907456,94.64316
TD-Win-7,refit_on_3,7,B0005,134,95.98194451474556,97.722664
TD-Win-7,refit_on_3,7,B0005,136,95.71321655496544,97.71191
TD-Win-7,refit_on_3,7,B0005,140,95.11928805425076,97.16406
TD-Win-7,refit_on_3,7,B0005,144,94.58275432725988,97.61256
TD-Win-7,refit_on_3,7,B0005,148,94.27008009570102,96.78051
TD-Win-7,refit_on_3,7,B0005,150,97.39411432859931,97.78388
TD-Win-7,refit_on_3,7,B0005,154,96.82749231246368,97.260956
TD-Win-7,refit_on_3,7,B0005,158,95.96820195991576,97.38507
TD-Win-7,refit_on_3,7,B0005,162,95.40638930769452,94.04714
TD-Win-7,refit_on_3,7,B0005,166,94.8553962680492,97.333405
TD-Win-7,refit_on_3,7,B0005,170,94.5755674779542,96.50004
TD-Win-7,refit_on_3,7,B0005,174,94.28806184403476,94.53993
TD-Win-7,refit_on_3,7,B0005,178,93.73958753620327,95.99345
TD-Win-7,refit_on_3,7,B0005,182,93.16861105469168,95.48843
TD-Win-7,refit_on_3,7,B0005,186,92.88227598613614,95.189865
TD-Win-7,refit_on_3,7,B0005,190,92.636901518198,92.61012
TD-Win-7,refit_on_3,7,B0005,194,92.32720191735562,94.94791
TD-Win-7,refit_on_3,7,B0005,198,92.01599848919145,94.30387
TD-Win-7,refit_on_3,7,B0005,202,91.49053823956656,92.88344
TD-Win-7,refit_on_3,7,B0005,206,90.92425521866993,92.42657
TD-Win-7,refit_on_3,7,B0005,210,90.92941856192826,91.1253
TD-Win-7,refit_on_3,7,B0005,214,90.34010561326173,91.162
TD-Win-7,refit_on_3,7,B0005,216,90.0847586044663,93.6148
TD-Win-7,refit_on_3,7,B0005,220,89.80457989439137,93.20191
TD-Win-7,refit_on_3,7,B0005,224,89.19640288815545,89.62071
TD-Win-7,refit_on_3,7,B0005,228,88.93598251136243,89.623314
TD-Win-7,refit_on_3,7,B0005,232,88.65781340235759,89.53043
TD-Win-7,refit_on_3,7,B0005,236,88.38728178562198,89.84153
TD-Win-7,refit_on_3,7,B0005,240,88.08171260170519,87.888145
TD-Win-7,refit_on_3,7,B0005,244,87.49528010741024,90.243965
TD-Win-7,refit_on_3,7,B0005,248,87.2366743602368,87.52617
TD-Win-7,refit_on_3,7,B0005,252,86.96251727221627,86.92213
TD-Win-7,refit_on_3,7,B0005,256,86.35734215456989,86.224724
TD-Win-7,refit_on_3,7,B0005,260,86.10863457357058,87.31749
TD-Win-7,refit_on_3,7,B0005,264,86.06270063126725,86.43709
TD-Win-7,refit_on_3,7,B0005,266,86.63737677555004,86.69518
TD-Win-7,refit_on_3,7,B0005,270,85.50813849993258,85.04296
TD-Win-7,refit_on_3,7,B0005,274,84.97446653296429,85.149956
TD-Win-7,refit_on_3,7,B0005,278,84.69557819389517,86.52483
TD-Win-7,refit_on_3,7,B0005,282,84.68013627936132,84.20604
TD-Win-7,refit_on_3,7,B0005,286,84.41991821853574,83.77616
TD-Win-7,refit_on_3,7,B0005,290,84.10414931140878,83.84636
TD-Win-7,refit_on_3,7,B0005,294,83.52653061113354,85.497116
TD-Win-7,refit_on_3,7,B0005,298,82.96602561057489,84.10267
TD-Win-7,refit_on_3,7,B0005,302,82.99920327964658,83.64531
TD-Win-7,refit_on_3,7,B0005,306,82.68003018050378,83.33089
TD-Win-7,refit_on_3,7,B0005,310,82.39976893302816,82.51425
TD-Win-7,refit_on_3,7,B0005,313,87.19626195760692,82.63458
TD-Win-7,refit_on_3,7,B0005,316,84.91729656129593,84.525566
TD-Win-7,refit_on_3,7,B0005,320,84.06165489885902,84.578766
TD-Win-7,refit_on_3,7,B0005,324,83.2082752902044,83.39821
TD-Win-7,refit_on_3,7,B0005,328,82.91381970838151,82.61371
TD-Win-7,refit_on_3,7,B0005,332,82.37106085271179,83.681076
TD-Win-7,refit_on_3,7,B0005,336,82.09631790141844,81.913635
TD-Win-7,refit_on_3,7,B0005,340,81.80669701206385,82.16348
TD-Win-7,refit_on_3,7,B0005,344,81.53418918115372,82.771484
TD-Win-7,refit_on_3,7,B0005,348,80.95312575426658,81.2267
TD-Win-7,refit_on_3,7,B0005,352,80.6829269258604,81.77321
TD-Win-7,refit_on_3,7,B0005,356,80.38673535372676,80.600044
TD-Win-7,refit_on_3,7,B0005,360,80.10415225005684,81.30814
TD-Win-7,refit_on_3,7,B0005,364,80.68483906716317,80.13626
TD-Win-7,refit_on_3,7,B0005,367,81.23806188586506,83.024254
TD-Win-7,refit_on_3,7,B0005,371,80.40774500270479,80.94294
TD-Win-7,refit_on_3,7,B0005,375,79.80793062432481,81.816605
TD-Win-7,refit_on_3,7,B0005,379,78.94710440938543,80.85855
TD-Win-7,refit_on_3,7,B0005,383,78.96040682717852,79.74875
TD-Win-7,refit_on_3,7,B0005,387,79.00805769223405,80.86568
TD-Win-7,refit_on_3,7,B0005,391,78.68325635434054,79.57351
TD-Win-7,refit_on_3,7,B0005,395,78.12009683923326,78.58337
TD-Win-7,refit_on_3,7,B0005,399,77.83635095586517,78.81174
TD-Win-7,refit_on_3,7,B0005,403,77.83366081216815,80.1412
TD-Win-7,refit_on_3,7,B0005,407,77.54418562704669,78.47086
TD-Win-7,refit_on_3,7,B0005,411,77.26483532824366,77.696175
TD-Win-7,refit_on_3,7,B0005,415,76.96665751739931,76.861275
TD-Win-7,refit_on_3,7,B0005,419,76.69408123915822,78.40702
TD-Win-7,refit_on_3,7,B0005,423,76.7032886034996,78.293816
TD-Win-7,refit_on_3,7,B0005,427,76.43285089151239,79.17313
TD-Win-7,refit_on_3,7,B0005,431,77.83345221466253,78.57567
TD-Win-7,refit_on_3,7,B0005,433,78.09751233548145,79.64585
TD-Win-7,refit_on_3,7,B0005,437,76.96262218385922,77.795
TD-Win-7,refit_on_3,7,B0005,441,76.3993634537507,77.92526
TD-Win-7,refit_on_3,7,B0005,445,76.08562321685423,77.30762
TD-Win-7,refit_on_3,7,B0005,449,75.84111192639295,77.400604
TD-Win-7,refit_on_3,7,B0005,453,75.5470202599512,76.287285
TD-Win-7,refit_on_3,7,B0005,457,75.2724773855306,75.25377
TD-Win-7,refit_on_3,7,B0005,461,74.95796574493023,75.637695
TD-Win-7,refit_on_3,7,B0005,465,74.67559060559861,76.74422
TD-Win-7,refit_on_3,7,B0005,469,74.4190975749656,75.894936
TD-Win-7,refit_on_3,7,B0005,473,74.41886702385212,74.397354
TD-Win-7,refit_on_3,7,B0005,477,74.10538957595438,74.976295
TD-Win-7,refit_on_3,7,B0005,481,74.68403981580354,77.406136
TD-Win-7,refit_on_3,7,B0005,483,75.26611054535188,75.82783
TD-Win-7,refit_on_3,7,B0005,485,74.38310747232698,75.44887
TD-Win-7,refit_on_3,7,B0005,489,74.10795710900801,74.07415
TD-Win-7,refit_on_3,7,B0005,493,73.53993654981534,73.9002
TD-Win-7,refit_on_3,7,B0005,497,73.55729388669064,75.89521
TD-Win-7,refit_on_3,7,B0005,501,73.56067241598603,74.41616
TD-Win-7,refit_on_3,7,B0005,505,73.26805286034079,75.63047
TD-Win-7,refit_on_3,7,B0005,509,72.98972077509227,74.70097
TD-Win-7,refit_on_3,7,B0005,513,72.70747847813722,74.12543
TD-Win-7,refit_on_3,7,B0005,517,72.70330518052887,73.373634
TD-Win-7,refit_on_3,7,B0005,521,72.43680818215978,74.10957
TD-Win-7,refit_on_3,7,B0005,525,72.14563728793834,75.254486
TD-Win-7,refit_on_3,7,B0005,529,71.84842350914826,72.496796
TD-Win-7,refit_on_3,7,B0005,533,71.57682808520298,72.45485
TD-Win-7,refit_on_3,7,B0005,537,71.59297070565168,73.02724
TD-Win-7,refit_on_3,7,B0005,541,71.58355486033668,74.07405
TD-Win-7,refit_on_3,7,B0005,545,71.88651633814797,70.62175
TD-Win-7,refit_on_3,7,B0005,548,73.85485752850198,72.194016
TD-Win-7,refit_on_3,7,B0005,552,72.73676298693475,72.956276
TD-Win-7,refit_on_3,7,B0005,556,72.16650080848474,72.68551
TD-Win-7,refit_on_3,7,B0005,560,71.87574889700983,74.48175
TD-Win-7,refit_on_3,7,B0005,564,71.60206343923741,72.58153
TD-Win-7,refit_on_3,7,B0005,568,71.32194157026348,73.06057
TD-Win-7,refit_on_3,7,B0005,572,71.30711389020412,72.8315
TD-Win-7,refit_on_3,7,B0005,576,71.01356336148518,72.49868
TD-Win-7,refit_on_3,7,B0005,580,70.75492745457169,71.20382
TD-Win-7,refit_on_3,7,B0005,584,70.77254445771489,72.247025
TD-Win-7,refit_on_3,7,B0005,588,70.77540542374062,72.75704
TD-Win-7,refit_on_3,7,B0005,592,70.47550750397869,71.6033
TD-Win-7,refit_on_3,7,B0005,596,70.48563041810954,71.14816
TD-Win-7,refit_on_3,7,B0005,600,70.23531244180377,72.38892
TD-Win-7,refit_on_3,7,B0005,604,69.93882142370093,71.803474
TD-Win-7,refit_on_3,7,B0005,608,69.90890905512207,70.886856
TD-Win-7,refit_on_3,7,B0005,612,71.07977535187085,76.61418
TD-Win-7,refit_on_3,7,B0005,614,71.95205157786506,77.904945
TD-Win-7,pre_refit,7,B0006,2,100.88297108833646,89.7639
TD-Win-7,pre_refit,7,B0006,4,100.37753235288778,98.79529
TD-Win-7,pre_refit,7,B0006,6,99.79196916000484,99.00771
TD-Win-7,pre_refit,7,B0006,8,99.7899019818078,98.92476
TD-Win-7,pre_refit,7,B0006,10,99.15762541696316,98.370674
TD-Win-7,pre_refit,7,B0006,12,99.8203556776378,98.4579
TD-Win-7,pre_refit,7,B0006,14,99.7808037027038,98.16375
TD-Win-7,pre_refit,7,B0006,16,97.5844832820893,98.608986
TD-Win-7,pre_refit,7,B0006,18,97.5535716293996,98.51834
TD-Win-7,pre_refit,7,B0006,20,97.01155142541865,97.96985
TD-Win-7,pre_refit,7,B0006,22,96.43502080876348,98.03928
TD-Win-7,pre_refit,7,B0006,25,95.8972998236526,97.644135
TD-Win-7,pre_refit,7,B0006,27,95.32875373854844,98.25404
TD-Win-7,pre_refit,7,B0006,29,94.76419905980474,97.15062
TD-Win-7,pre_refit,7,B0006,31,94.22773853976388,97.323494
TD-Win-7,pre_refit,7,B0006,33,93.6395064953226,96.829994
TD-Win-7,pre_refit,7,B0006,35,93.09821798643677,97.02107
TD-Win-7,pre_refit,7,B0006,37,92.56743574756617,96.75818
TD-Win-7,pre_refit,7,B0006,39,92.56840432582156,96.40009
TD-Win-7,pre_refit,7,B0006,42,98.12161319843736,97.1788
TD-Win-7,pre_refit,7,B0006,46,97.02736865587346,98.23747
TD-Win-7,pre_refit,7,B0006,50,96.4457203456954,97.56803
TD-Win-7,pre_refit,7,B0006,54,95.37664206593776,97.13384
TD-Win-7,pre_refit,7,B0006,58,96.45395400781383,96.59396
TD-Win-7,pre_refit,7,B0006,62,94.2446511737385,96.65752
TD-Win-7,pre_refit,7,B0006,66,93.11783815158223,95.702805
TD-Win-7,pre_refit,7,B0006,70,92.60393676951,95.44393
TD-Win-7,pre_refit,7,B0006,74,91.99518419888014,94.99889
TD-Win-7,pre_refit,7,B0006,78,91.45865458065036,95.15714
TD-Win-7,pre_refit,7,B0006,82,92.05488530825814,94.049965
TD-Win-7,pre_refit,7,B0006,90,93.2941701264468,95.608315
TD-Win-7,pre_refit,7,B0006,94,91.95812296295944,94.30852
TD-Win-7,pre_refit,7,B0006,98,91.16379285351326,91.33761
TD-Win-7,pre_refit,7,B0006,102,90.13722315501992,92.51736
TD-Win-7,pre_refit,7,B0006,106,89.88629167454431,90.7274
TD-Win-7,pre_refit,7,B0006,110,89.07464504963947,90.68352
TD-Win-7,pre_refit,7,B0006,114,88.27677498375004,91.23125
TD-Win-7,pre_refit,7,B0006,118,87.78153478310176,88.54905
TD-Win-7,pre_refit,7,B0006,122,87.25902301297472,87.98584
TD-Win-7,pre_refit,7,B0006,126,86.75445063463465,88.905945
TD-Win-7,pre_refit,7,B0006,130,86.21919662960373,89.19192
TD-Win-7,pre_refit,7,B0006,134,86.97181002045869,88.99705
TD-Win-7,pre_refit,7,B0006,136,87.53004089819298,87.561226
TD-Win-7,pre_refit,7,B0006,140,85.93648557449694,86.99301
TD-Win-7,pre_refit,7,B0006,144,84.92223069682748,88.02723
TD-Win-7,pre_refit,7,B0006,148,84.38106569995976,85.85902
TD-Win-7,pre_refit,7,B0006,150,90.39396636175364,94.41182
TD-Win-7,pre_refit,7,B0006,154,89.62118442408695,93.7423
TD-Win-7,pre_refit,7,B0006,158,88.01687540594799,90.38917
TD-Win-7,pre_refit,7,B0006,162,86.47934133475826,91.3438
TD-Win-7,pre_refit,7,B0006,166,85.7093899316892,88.08655
TD-Win-7,pre_refit,7,B0006,170,84.66363361309608,89.88219
TD-Win-7,pre_refit,7,B0006,174,84.14253773442293,88.40143
TD-Win-7,pre_refit,7,B0006,178,83.37268440744252,87.75538
TD-Win-7,pre_refit,7,B0006,182,82.84795096685752,85.6089
TD-Win-7,pre_refit,7,B0006,186,82.31672078137474,84.55397
TD-Win-7,pre_refit,7,B0006,190,81.8390002521071,84.8457
TD-Win-7,pre_refit,7,B0006,194,81.29446683115198,85.56364
TD-Win-7,pre_refit,7,B0006,198,80.75246648690656,84.77724
TD-Win-7,pre_refit,7,B0006,202,79.7437886746144,88.207
TD-Win-7,pre_refit,7,B0006,206,79.47984426199564,85.90417
TD-Win-7,pre_refit,7,B0006,210,79.25415788836384,83.8787
TD-Win-7,pre_refit,7,B0006,214,78.69188922732394,83.303444
TD-Win-7,pre_refit,7,B0006,216,78.46114405771091,84.97058
TD-Win-7,pre_refit,7,B0006,220,77.67630372212932,85.73728
TD-Win-7,pre_refit,7,B0006,224,77.38916838478035,83.35071
TD-Win-7,pre_refit,7,B0006,228,76.88491527529958,83.8406
TD-Win-7,pre_refit,7,B0006,232,76.3646225030132,83.9385
TD-Win-7,pre_refit,7,B0006,236,75.60327887522882,85.63221
TD-Win-7,pre_refit,7,B0006,240,75.84333345118733,83.01437
TD-Win-7,pre_refit,7,B0006,244,75.57070473005419,82.49903
TD-Win-7,pre_refit,7,B0006,248,75.06972493621848,82.9167
TD-Win-7,pre_refit,7,B0006,252,74.81407516505371,82.61867
TD-Win-7,pre_refit,7,B0006,256,74.54671414292675,81.85685
TD-Win-7,pre_refit,7,B0006,260,74.02740213488109,83.741196
TD-Win-7,pre_refit,7,B0006,264,73.73556466569462,82.14595
TD-Win-7,pre_refit,7,B0006,266,75.84980622026112,80.79312
TD-Win-7,pre_refit,7,B0006,270,74.55060879561292,82.58221
TD-Win-7,pre_refit,7,B0006,274,73.79142812679322,81.440346
TD-Win-7,pre_refit,7,B0006,278,73.27190839787096,84.038025
TD-Win-7,pre_refit,7,B0006,282,73.28093201847443,82.36293
TD-Win-7,pre_refit,7,B0006,286,73.02095301621284,78.133575
TD-Win-7,pre_refit,7,B0006,290,72.73851013234444,83.05534
TD-Win-7,pre_refit,7,B0006,294,71.95104826590523,84.108376
TD-Win-7,pre_refit,7,B0006,298,71.96564568462234,81.63574
TD-Win-7,pre_refit,7,B0006,302,71.72895437691278,81.80853
TD-Win-7,pre_refit,7,B0006,306,71.71434939609318,82.50738
TD-Win-7,pre_refit,7,B0006,310,71.45761792874575,82.48719
TD-Win-7,pre_refit,7,B0006,313,78.98726854374111,79.81727
TD-Win-7,pre_refit,7,B0006,316,76.64794397240323,80.54133
TD-Win-7,pre_refit,7,B0006,320,75.07747171565073,83.06429
TD-Win-7,pre_refit,7,B0006,324,74.29795247472106,81.73037
TD-Win-7,pre_refit,7,B0006,328,73.51146675367659,81.67146
TD-Win-7,pre_refit,7,B0006,332,73.00864275760908,81.97339
TD-Win-7,pre_refit,7,B0006,336,72.50277290138493,81.954605
TD-Win-7,pre_refit,7,B0006,340,71.96131839956391,81.40064
TD-Win-7,pre_refit,7,B0006,344,71.71500633205595,82.709335
TD-Win-7,pre_refit,7,B0006,348,71.44305583769248,81.63882
TD-Win-7,pre_refit,7,B0006,352,70.93898960214143,80.90719
TD-Win-7,pre_refit,7,B0006,356,70.68194044477139,81.07721
TD-Win-7,pre_refit,7,B0006,360,70.4074916889224,83.206406
TD-Win-7,pre_refit,7,B0006,364,70.41804785222855,81.428925
TD-Win-7,pre_refit,7,B0006,367,71.98210310103482,83.74876
TD-Win-7,pre_refit,7,B0006,371,70.95618334594263,82.83885
TD-Win-7,pre_refit,7,B0006,375,70.1362730902931,84.40112
TD-Win-7,pre_refit,7,B0006,379,69.87433806657212,82.5393
TD-Win-7,pre_refit,7,B0006,383,69.63573699649338,81.68097
TD-Win-7,pre_refit,7,B0006,387,69.15232147064526,85.274956
TD-Win-7,pre_refit,7,B0006,391,69.12109936452545,82.425385
TD-Win-7,pre_refit,7,B0006,395,68.86250185726787,81.624596
TD-Win-7,pre_refit,7,B0006,399,68.59092282212131,81.89344
TD-Win-7,pre_refit,7,B0006,403,68.08750743669,84.35534
TD-Win-7,pre_refit,7,B0006,407,68.33159705981836,82.46719
TD-Win-7,pre_refit,7,B0006,411,68.09140360412486,81.964966
TD-Win-7,pre_refit,7,B0006,415,67.81869443003508,82.15691
TD-Win-7,pre_refit,7,B0006,419,67.5730638436144,81.66947
TD-Win-7,pre_refit,7,B0006,423,67.31503513349786,83.1484
TD-Win-7,pre_refit,7,B0006,427,67.07575548417674,84.35507
TD-Win-7,pre_refit,7,B0006,431,68.60691404106846,84.17065
TD-Win-7,pre_refit,7,B0006,433,69.64711039275872,83.51306
TD-Win-7,pre_refit,7,B0006,437,68.33719964359061,82.41123
TD-Win-7,pre_refit,7,B0006,441,67.81907707369999,82.814606
TD-Win-7,pre_refit,7,B0006,445,67.27630029953899,81.625916
TD-Win-7,pre_refit,7,B0006,449,67.03731096833596,82.814835
TD-Win-7,pre_refit,7,B0006,453,66.78534122129697,81.75539
TD-Win-7,pre_refit,7,B0006,457,66.26973868287087,82.747894
TD-Win-7,pre_refit,7,B0006,461,65.98363462621751,82.388084
TD-Win-7,pre_refit,7,B0006,465,65.72069252661954,85.28486
TD-Win-7,pre_refit,7,B0006,469,65.50500064349335,82.63691
TD-Win-7,pre_refit,7,B0006,473,65.48747074550045,82.54404
TD-Win-7,pre_refit,7,B0006,477,65.2110653386093,82.95024
TD-Win-7,pre_refit,7,B0006,481,65.47148558720653,84.359535
TD-Win-7,pre_refit,7,B0006,483,66.78647932759047,82.06181
TD-Win-7,pre_refit,7,B0006,485,65.72477818237311,84.28646
TD-Win-7,pre_refit,7,B0006,489,64.93697426302657,83.42153
TD-Win-7,pre_refit,7,B0006,493,64.69397950587184,84.17378
TD-Win-7,pre_refit,7,B0006,497,64.45556804271465,84.19157
TD-Win-7,pre_refit,7,B0006,501,64.44711910522597,84.706535
TD-Win-7,pre_refit,7,B0006,505,63.9153253541329,84.70109
TD-Win-7,pre_refit,7,B0006,509,63.40709756117343,85.8857
TD-Win-7,pre_refit,7,B0006,513,63.40485519747241,84.562775
TD-Win-7,pre_refit,7,B0006,517,63.14854807557744,84.82122
TD-Win-7,pre_refit,7,B0006,521,63.15304028594434,85.37858
TD-Win-7,pre_refit,7,B0006,525,62.63936845251047,88.13521
TD-Win-7,pre_refit,7,B0006,529,62.36048327920517,86.05061
TD-Win-7,pre_refit,7,B0006,533,62.11872624491582,85.25798
TD-Win-7,pre_refit,7,B0006,537,62.11731201074328,84.331375
TD-Win-7,pre_refit,7,B0006,541,61.86235410492132,87.87989
TD-Win-7,pre_refit,7,B0006,545,62.12742822257309,85.98392
TD-Win-7,pre_refit,7,B0006,548,63.93010610326108,83.563354
TD-Win-7,pre_refit,7,B0006,552,62.62827859533666,85.9192
TD-Win-7,pre_refit,7,B0006,556,61.85683618405182,86.780525
TD-Win-7,pre_refit,7,B0006,560,61.07092794836815,88.82915
TD-Win-7,pre_refit,7,B0006,564,60.82277612678393,87.3174
TD-Win-7,pre_refit,7,B0006,568,60.55640953242813,87.623764
TD-Win-7,pre_refit,7,B0006,572,60.02917505279337,88.60199
TD-Win-7,pre_refit,7,B0006,576,59.75722270334661,87.82712
TD-Win-7,pre_refit,7,B0006,580,59.52315601830062,86.653366
TD-Win-7,pre_refit,7,B0006,584,59.01246912863032,89.574394
TD-Win-7,pre_refit,7,B0006,588,58.74426171153606,88.87621
TD-Win-7,pre_refit,7,B0006,592,58.47122551716232,89.1979
TD-Win-7,pre_refit,7,B0006,596,58.2196597592319,89.60735
TD-Win-7,pre_refit,7,B0006,600,57.18983519098029,91.17446
TD-Win-7,pre_refit,7,B0006,604,57.71437056534329,90.85063
TD-Win-7,pre_refit,7,B0006,608,57.43663099473362,89.72554
TD-Win-7,pre_refit,7,B0006,612,58.23847489632371,92.25434
TD-Win-7,pre_refit,7,B0006,614,58.76884540363096,91.027626
TD-Win-7,refit_on_3,7,B0006,2,100.88297108833646,83.78895
TD-Win-7,refit_on_3,7,B0006,4,100.37753235288778,101.47819
TD-Win-7,refit_on_3,7,B0006,6,99.79196916000484,101.647385
TD-Win-7,refit_on_3,7,B0006,8,99.7899019818078,101.60698
TD-Win-7,refit_on_3,7,B0006,10,99.15762541696316,100.83903
TD-Win-7,refit_on_3,7,B0006,12,99.8203556776378,100.46926
TD-Win-7,refit_on_3,7,B0006,14,99.7808037027038,100.17261
TD-Win-7,refit_on_3,7,B0006,16,97.5844832820893,101.41374
TD-Win-7,refit_on_3,7,B0006,18,97.5535716293996,101.20404
TD-Win-7,refit_on_3,7,B0006,20,97.01155142541865,100.60863
TD-Win-7,refit_on_3,7,B0006,22,96.43502080876348,100.58423
TD-Win-7,refit_on_3,7,B0006,25,95.8972998236526,99.27183
TD-Win-7,refit_on_3,7,B0006,27,95.32875373854844,100.83319
TD-Win-7,refit_on_3,7,B0006,29,94.76419905980474,98.75703
TD-Win-7,refit_on_3,7,B0006,31,94.22773853976388,99.80523
TD-Win-7,refit_on_3,7,B0006,33,93.6395064953226,99.24659
TD-Win-7,refit_on_3,7,B0006,35,93.09821798643677,99.27841
TD-Win-7,refit_on_3,7,B0006,37,92.56743574756617,99.00332
TD-Win-7,refit_on_3,7,B0006,39,92.56840432582156,98.447365
TD-Win-7,refit_on_3,7,B0006,42,98.12161319843736,99.28647
TD-Win-7,refit_on_3,7,B0006,46,97.02736865587346,101.01666
TD-Win-7,refit_on_3,7,B0006,50,96.4457203456954,100.24576
TD-Win-7,refit_on_3,7,B0006,54,95.37664206593776,99.75803
TD-Win-7,refit_on_3,7,B0006,58,96.45395400781383,98.23834
TD-Win-7,refit_on_3,7,B0006,62,94.2446511737385,99.04361
TD-Win-7,refit_on_3,7,B0006,66,93.11783815158223,98.081024
TD-Win-7,refit_on_3,7,B0006,70,92.60393676951,97.123085
TD-Win-7,refit_on_3,7,B0006,74,91.99518419888014,96.69674
TD-Win-7,refit_on_3,7,B0006,78,91.45865458065036,97.105965
TD-Win-7,refit_on_3,7,B0006,82,92.05488530825814,95.12379
TD-Win-7,refit_on_3,7,B0006,90,93.2941701264468,96.755554
TD-Win-7,refit_on_3,7,B0006,94,91.95812296295944,95.10025
TD-Win-7,refit_on_3,7,B0006,98,91.16379285351326,90.854614
TD-Win-7,refit_on_3,7,B0006,102,90.13722315501992,93.22881
TD-Win-7,refit_on_3,7,B0006,106,89.88629167454431,90.42947
TD-Win-7,refit_on_3,7,B0006,110,89.07464504963947,90.47949
TD-Win-7,refit_on_3,7,B0006,114,88.27677498375004,91.723045
TD-Win-7,refit_on_3,7,B0006,118,87.78153478310176,87.942154
TD-Win-7,refit_on_3,7,B0006,122,87.25902301297472,87.07339
TD-Win-7,refit_on_3,7,B0006,126,86.75445063463465,88.068146
TD-Win-7,refit_on_3,7,B0006,130,86.21919662960373,88.77431
TD-Win-7,refit_on_3,7,B0006,134,86.97181002045869,88.765785
TD-Win-7,refit_on_3,7,B0006,136,87.53004089819298,86.17968
TD-Win-7,refit_on_3,7,B0006,140,85.93648557449694,85.674835
TD-Win-7,refit_on_3,7,B0006,144,84.92223069682748,87.201706
TD-Win-7,refit_on_3,7,B0006,148,84.38106569995976,84.06348
TD-Win-7,refit_on_3,7,B0006,150,90.39396636175364,94.46008
TD-Win-7,refit_on_3,7,B0006,154,89.62118442408695,94.34179
TD-Win-7,refit_on_3,7,B0006,158,88.01687540594799,90.14393
TD-Win-7,refit_on_3,7,B0006,162,86.47934133475826,92.031136
TD-Win-7,refit_on_3,7,B0006,166,85.7093899316892,86.958786
TD-Win-7,refit_on_3,7,B0006,170,84.66363361309608,89.634544
TD-Win-7,refit_on_3,7,B0006,174,84.14253773442293,87.50568
TD-Win-7,refit_on_3,7,B0006,178,83.37268440744252,86.368614
TD-Win-7,refit_on_3,7,B0006,182,82.84795096685752,83.34402
TD-Win-7,refit_on_3,7,B0006,186,82.31672078137474,82.16672
TD-Win-7,refit_on_3,7,B0006,190,81.8390002521071,82.59523
TD-Win-7,refit_on_3,7,B0006,194,81.29446683115198,83.202705
TD-Win-7,refit_on_3,7,B0006,198,80.75246648690656,81.93627
TD-Win-7,refit_on_3,7,B0006,202,79.7437886746144,86.55227
TD-Win-7,refit_on_3,7,B0006,206,79.47984426199564,83.53812
TD-Win-7,refit_on_3,7,B0006,210,79.25415788836384,80.516205
TD-Win-7,refit_on_3,7,B0006,214,78.69188922732394,79.50441
TD-Win-7,refit_on_3,7,B0006,216,78.46114405771091,81.66421
TD-Win-7,refit_on_3,7,B0006,220,77.67630372212932,82.70553
TD-Win-7,refit_on_3,7,B0006,224,77.38916838478035,79.25393
TD-Win-7,refit_on_3,7,B0006,228,76.88491527529958,79.63176
TD-Win-7,refit_on_3,7,B0006,232,76.3646225030132,79.7944
TD-Win-7,refit_on_3,7,B0006,236,75.60327887522882,82.09664
TD-Win-7,refit_on_3,7,B0006,240,75.84333345118733,77.8367
TD-Win-7,refit_on_3,7,B0006,244,75.57070473005419,77.15335
TD-Win-7,refit_on_3,7,B0006,248,75.06972493621848,77.082985
TD-Win-7,refit_on_3,7,B0006,252,74.81407516505371,76.70478
TD-Win-7,refit_on_3,7,B0006,256,74.54671414292675,75.83068
TD-Win-7,refit_on_3,7,B0006,260,74.02740213488109,77.91985
TD-Win-7,refit_on_3,7,B0006,264,73.73556466569462,75.745476
TD-Win-7,refit_on_3,7,B0006,266,75.84980622026112,74.91113
TD-Win-7,refit_on_3,7,B0006,270,74.55060879561292,76.768616
TD-Win-7,refit_on_3,7,B0006,274,73.79142812679322,75.351006
TD-Win-7,refit_on_3,7,B0006,278,73.27190839787096,78.057884
TD-Win-7,refit_on_3,7,B0006,282,73.28093201847443,75.43967
TD-Win-7,refit_on_3,7,B0006,286,73.02095301621284,70.07716
TD-Win-7,refit_on_3,7,B0006,290,72.73851013234444,76.214096
TD-Win-7,refit_on_3,7,B0006,294,71.95104826590523,77.98135
TD-Win-7,refit_on_3,7,B0006,298,71.96564568462234,74.14824
TD-Win-7,refit_on_3,7,B0006,302,71.72895437691278,73.78304
TD-Win-7,refit_on_3,7,B0006,306,71.71434939609318,74.78625
TD-Win-7,refit_on_3,7,B0006,310,71.45761792874575,74.49011
TD-Win-7,refit_on_3,7,B0006,313,78.98726854374111,73.1449
TD-Win-7,refit_on_3,7,B0006,316,76.64794397240323,74.67252
TD-Win-7,refit_on_3,7,B0006,320,75.07747171565073,77.85303
TD-Win-7,refit_on_3,7,B0006,324,74.29795247472106,75.73655
TD-Win-7,refit_on_3,7,B0006,328,73.51146675367659,74.95409
TD-Win-7,refit_on_3,7,B0006,332,73.00864275760908,75.33431
TD-Win-7,refit_on_3,7,B0006,336,72.50277290138493,74.89192
TD-Win-7,refit_on_3,7,B0006,340,71.96131839956391,74.034805
TD-Win-7,refit_on_3,7,B0006,344,71.71500633205595,75.74219
TD-Win-7,refit_on_3,7,B0006,348,71.44305583769248,73.83624
TD-Win-7,refit_on_3,7,B0006,352,70.93898960214143,72.77973
TD-Win-7,refit_on_3,7,B0006,356,70.68194044477139,72.959656
TD-Win-7,refit_on_3,7,B0006,360,70.4074916889224,75.41158
TD-Win-7,refit_on_3,7,B0006,364,70.41804785222855,72.69206
TD-Win-7,refit_on_3,7,B0006,367,71.98210310103482,76.8112
TD-Win-7,refit_on_3,7,B0006,371,70.95618334594263,75.109665
TD-Win-7,refit_on_3,7,B0006,375,70.1362730902931,77.61011
TD-Win-7,refit_on_3,7,B0006,379,69.87433806657212,74.74529
TD-Win-7,refit_on_3,7,B0006,383,69.63573699649338,72.5281
TD-Win-7,refit_on_3,7,B0006,387,69.15232147064526,77.18324
TD-Win-7,refit_on_3,7,B0006,391,69.12109936452545,73.11044
TD-Win-7,refit_on_3,7,B0006,395,68.86250185726787,72.07755
TD-Win-7,refit_on_3,7,B0006,399,68.59092282212131,72.30659
TD-Win-7,refit_on_3,7,B0006,403,68.08750743669,75.95008
TD-Win-7,refit_on_3,7,B0006,407,68.33159705981836,72.68107
TD-Win-7,refit_on_3,7,B0006,411,68.09140360412486,71.96516
TD-Win-7,refit_on_3,7,B0006,415,67.81869443003508,72.11664
TD-Win-7,refit_on_3,7,B0006,419,67.5730638436144,71.40356
TD-Win-7,refit_on_3,7,B0006,423,67.31503513349786,72.976
TD-Win-7,refit_on_3,7,B0006,427,67.07575548417674,74.94693
TD-Win-7,refit_on_3,7,B0006,431,68.60691404106846,74.97562
TD-Win-7,refit_on_3,7,B0006,433,69.64711039275872,75.24291
TD-Win-7,refit_on_3,7,B0006,437,68.33719964359061,73.17566
TD-Win-7,refit_on_3,7,B0006,441,67.81907707369999,72.938774
TD-Win-7,refit_on_3,7,B0006,445,67.27630029953899,71.408676
TD-Win-7,refit_on_3,7,B0006,449,67.03731096833596,72.21985
TD-Win-7,refit_on_3,7,B0006,453,66.78534122129697,71.01529
TD-Win-7,refit_on_3,7,B0006,457,66.26973868287087,72.01726
TD-Win-7,refit_on_3,7,B0006,461,65.98363462621751,71.2162
TD-Win-7,refit_on_3,7,B0006,465,65.72069252661954,74.92288
TD-Win-7,refit_on_3,7,B0006,469,65.50500064349335,71.60864
TD-Win-7,refit_on_3,7,B0006,473,65.48747074550045,70.791595
TD-Win-7,refit_on_3,7,B0006,477,65.2110653386093,70.912476
TD-Win-7,refit_on_3,7,B0006,481,65.47148558720653,72.593056
TD-Win-7,refit_on_3,7,B0006,483,66.78647932759047,70.925964
TD-Win-7,refit_on_3,7,B0006,485,65.72477818237311,73.059364
TD-Win-7,refit_on_3,7,B0006,489,64.93697426302657,71.55898
TD-Win-7,refit_on_3,7,B0006,493,64.69397950587184,71.959564
TD-Win-7,refit_on_3,7,B0006,497,64.45556804271465,72.49991
TD-Win-7,refit_on_3,7,B0006,501,64.44711910522597,72.5231
TD-Win-7,refit_on_3,7,B0006,505,63.9153253541329,72.81201
TD-Win-7,refit_on_3,7,B0006,509,63.40709756117343,74.0394
TD-Win-7,refit_on_3,7,B0006,513,63.40485519747241,71.4684
TD-Win-7,refit_on_3,7,B0006,517,63.14854807557744,71.9094
TD-Win-7,refit_on_3,7,B0006,521,63.15304028594434,72.49176
TD-Win-7,refit_on_3,7,B0006,525,62.63936845251047,75.90813
TD-Win-7,refit_on_3,7,B0006,529,62.36048327920517,72.64681
TD-Win-7,refit_on_3,7,B0006,533,62.11872624491582,71.842125
TD-Win-7,refit_on_3,7,B0006,537,62.11731201074328,70.491745
TD-Win-7,refit_on_3,7,B0006,541,61.86235410492132,75.02437
TD-Win-7,refit_on_3,7,B0006,545,62.12742822257309,71.764046
TD-Win-7,refit_on_3,7,B0006,548,63.93010610326108,70.109314
TD-Win-7,refit_on_3,7,B0006,552,62.62827859533666,72.55527
TD-Win-7,refit_on_3,7,B0006,556,61.85683618405182,73.03783
TD-Win-7,refit_on_3,7,B0006,560,61.07092794836815,75.51714
TD-Win-7,refit_on_3,7,B0006,564,60.82277612678393,73.37671
TD-Win-7,refit_on_3,7,B0006,568,60.55640953242813,72.90287
TD-Win-7,refit_on_3,7,B0006,572,60.02917505279337,74.36424
TD-Win-7,refit_on_3,7,B0006,576,59.75722270334661,72.87058
TD-Win-7,refit_on_3,7,B0006,580,59.52315601830062,71.15367
TD-Win-7,refit_on_3,7,B0006,584,59.01246912863032,74.59748
TD-Win-7,refit_on_3,7,B0006,588,58.74426171153606,73.57924
TD-Win-7,refit_on_3,7,B0006,592,58.47122551716232,73.456894
TD-Win-7,refit_on_3,7,B0006,596,58.2196597592319,73.87798
TD-Win-7,refit_on_3,7,B0006,600,57.18983519098029,75.538185
TD-Win-7,refit_on_3,7,B0006,604,57.71437056534329,74.93867
TD-Win-7,refit_on_3,7,B0006,608,57.43663099473362,73.28389
TD-Win-7,refit_on_3,7,B0006,612,58.23847489632371,77.53477
TD-Win-7,refit_on_3,7,B0006,614,58.76884540363096,76.50639
TD-Win-7,pre_refit,7,B0007,2,100.45351791563915,95.6857
TD-Win-7,pre_refit,7,B0007,4,99.900254379013,96.136055
TD-Win-7,pre_refit,7,B0007,6,99.90161660017114,96.24917
TD-Win-7,pre_refit,7,B0007,8,99.9073657865712,96.07826
TD-Win-7,pre_refit,7,B0007,10,99.83724531860553,96.002625
TD-Win-7,pre_refit,7,B0007,12,99.90361817867274,96.4568
TD-Win-7,pre_refit,7,B0007,14,99.86297576917136,96.490005
TD-Win-7,pre_refit,7,B0007,16,99.94656396119812,96.13029
TD-Win-7,pre_refit,7,B0007,18,99.31878532934633,96.029366
TD-Win-7,pre_refit,7,B0007,20,99.33799331164263,95.90889
TD-Win-7,pre_refit,7,B0007,22,99.33756087304828,95.7475
TD-Win-7,pre_refit,7,B0007,25,98.78551523188162,95.05003
TD-Win-7,pre_refit,7,B0007,27,98.75485184986668,95.9787
TD-Win-7,pre_refit,7,B0007,29,98.75133536665352,95.81625
TD-Win-7,pre_refit,7,B0007,31,98.77012942519043,95.850174
TD-Win-7,pre_refit,7,B0007,33,98.73683812511632,95.75336
TD-Win-7,pre_refit,7,B0007,35,98.15685575226132,95.68015
TD-Win-7,pre_refit,7,B0007,37,98.19446503474695,95.914986
TD-Win-7,pre_refit,7,B0007,39,98.186691403046,95.86716
TD-Win-7,pre_refit,7,B0007,42,99.90787801510066,96.591
TD-Win-7,pre_refit,7,B0007,46,99.94461695603135,96.57095
TD-Win-7,pre_refit,7,B0007,50,99.92460497901308,96.47657
TD-Win-7,pre_refit,7,B0007,54,99.38880751306714,95.96029
TD-Win-7,pre_refit,7,B0007,58,99.34580918956073,96.077576
TD-Win-7,pre_refit,7,B0007,62,99.37088315432128,96.04093
TD-Win-7,pre_refit,7,B0007,66,98.78342046080256,95.779
TD-Win-7,pre_refit,7,B0007,70,98.8058078187501,96.13812
TD-Win-7,pre_refit,7,B0007,74,98.75966747373796,95.91254
TD-Win-7,pre_refit,7,B0007,78,98.1739885027512,95.61027
TD-Win-7,pre_refit,7,B0007,82,98.23039625446908,96.07207
TD-Win-7,pre_refit,7,B0007,90,98.95386520139344,96.204575
TD-Win-7,pre_refit,7,B0007,94,98.38356039411237,95.90746
TD-Win-7,pre_refit,7,B0007,98,98.11080955264678,95.638016
TD-Win-7,pre_refit,7,B0007,102,97.57312273601715,95.44035
TD-Win-7,pre_refit,7,B0007,106,97.5908400366413,95.927444
TD-Win-7,pre_refit,7,B0007,110,97.29922460125108,95.5299
TD-Win-7,pre_refit,7,B0007,114,96.74012336609094,95.289276
TD-Win-7,pre_refit,7,B0007,118,96.49359124138364,95.19703
TD-Win-7,pre_refit,7,B0007,122,96.22137391342224,95.41876
TD-Win-7,pre_refit,7,B0007,126,96.233276781278,95.668816
TD-Win-7,pre_refit,7,B0007,130,95.93841918044076,95.667496
TD-Win-7,pre_refit,7,B0007,134,96.31819241353496,95.16553
TD-Win-7,pre_refit,7,B0007,136,95.94953719543624,95.46777
TD-Win-7,pre_refit,7,B0007,140,95.3953227427902,95.0168
TD-Win-7,pre_refit,7,B0007,144,94.86699939598208,94.83157
TD-Win-7,pre_refit,7,B0007,148,94.57173479963342,94.86133
TD-Win-7,pre_refit,7,B0007,150,96.41760769059738,97.50549
TD-Win-7,pre_refit,7,B0007,154,96.45090493439226,96.38898
TD-Win-7,pre_refit,7,B0007,158,95.6297003383392,96.06654
TD-Win-7,pre_refit,7,B0007,162,95.10935396520227,95.43385
TD-Win-7,pre_refit,7,B0007,166,94.57259385530976,95.356964
TD-Win-7,pre_refit,7,B0007,170,94.30623404626093,95.08007
TD-Win-7,pre_refit,7,B0007,174,94.0371367595855,95.309265
TD-Win-7,pre_refit,7,B0007,178,93.49626919937222,94.83146
TD-Win-7,pre_refit,7,B0007,182,92.9420388383138,94.759735
TD-Win-7,pre_refit,7,B0007,186,92.94217065781828,94.638794
TD-Win-7,pre_refit,7,B0007,190,92.69668329388116,94.7653
TD-Win-7,pre_refit,7,B0007,194,92.41073633514534,94.52858
TD-Win-7,pre_refit,7,B0007,198,91.82208130681248,94.44083
TD-Win-7,pre_refit,7,B0007,202,91.5743327473832,94.3494
TD-Win-7,pre_refit,7,B0007,206,91.04730118386937,93.907616
TD-Win-7,pre_refit,7,B0007,210,91.04684020750553,94.34291
TD-Win-7,pre_refit,7,B0007,214,90.49873919973382,93.268005
TD-Win-7,pre_refit,7,B0007,216,90.51794914609178,93.91492
TD-Win-7,pre_refit,7,B0007,220,89.96325858213598,93.74988
TD-Win-7,pre_refit,7,B0007,224,89.64911074691454,93.155876
TD-Win-7,pre_refit,7,B0007,228,89.4056438247883,93.55055
TD-Win-7,pre_refit,7,B0007,232,89.13221056506995,93.44354
TD-Win-7,pre_refit,7,B0007,236,88.88142970948275,93.07354
TD-Win-7,pre_refit,7,B0007,240,88.57496163215028,90.66876
TD-Win-7,pre_refit,7,B0007,244,88.30030467403411,90.56885
TD-Win-7,pre_refit,7,B0007,248,88.04309784572763,90.39089
TD-Win-7,pre_refit,7,B0007,252,87.7835715053401,90.663315
TD-Win-7,pre_refit,7,B0007,256,87.5009058762453,89.494064
TD-Win-7,pre_refit,7,B0007,260,86.92700430940862,91.36163
TD-Win-7,pre_refit,7,B0007,264,86.91859800690037,89.18849
TD-Win-7,pre_refit,7,B0007,266,87.17696241036246,89.8433
TD-Win-7,pre_refit,7,B0007,270,86.66971006432802,88.46123
TD-Win-7,pre_refit,7,B0007,274,86.11955257111292,88.54627
TD-Win-7,pre_refit,7,B0007,278,85.86532022039283,91.606544
TD-Win-7,pre_refit,7,B0007,282,85.83324550155743,88.69858
TD-Win-7,pre_refit,7,B0007,286,85.88108948972226,87.65465
TD-Win-7,pre_refit,7,B0007,290,85.56987844007078,87.92103
TD-Win-7,pre_refit,7,B0007,294,85.027771191142,89.106224
TD-Win-7,pre_refit,7,B0007,298,84.77582688520748,86.67618
TD-Win-7,pre_refit,7,B0007,302,84.79178974791847,87.54716
TD-Win-7,pre_refit,7,B0007,306,84.76993385106519,86.87247
TD-Win-7,pre_refit,7,B0007,310,84.49605927424464,85.951004
TD-Win-7,pre_refit,7,B0007,313,89.71090998622898,86.83425
TD-Win-7,pre_refit,7,B0007,316,86.37349719367897,89.23192
TD-Win-7,pre_refit,7,B0007,320,85.82898928627563,87.466896
TD-Win-7,pre_refit,7,B0007,324,85.2934976107533,86.37709
TD-Win-7,pre_refit,7,B0007,328,84.72574724857897,87.54714
TD-Win-7,pre_refit,7,B0007,332,84.48328177752624,86.81188
TD-Win-7,pre_refit,7,B0007,336,84.21457006738538,86.684105
TD-Win-7,pre_refit,7,B0007,340,83.9288888229777,85.14351
TD-Win-7,pre_refit,7,B0007,344,83.67629222648154,87.34117
TD-Win-7,pre_refit,7,B0007,348,83.38837618926404,84.63549
TD-Win-7,pre_refit,7,B0007,352,83.41270816038221,85.35252
TD-Win-7,pre_refit,7,B0007,356,83.14675201444969,83.97428
TD-Win-7,pre_refit,7,B0007,360,82.8484308280049,86.20079
TD-Win-7,pre_refit,7,B0007,364,83.13252526962864,83.871506
TD-Win-7,pre_refit,7,B0007,367,83.66359396289195,88.71242
TD-Win-7,pre_refit,7,B0007,371,83.14841165448959,84.45231
TD-Win-7,pre_refit,7,B0007,375,82.85488835556158,88.32775
TD-Win-7,pre_refit,7,B0007,379,82.33123711829187,85.397484
TD-Win-7,pre_refit,7,B0007,383,82.01142381939957,84.16901
TD-Win-7,pre_refit,7,B0007,387,82.07206587982726,85.80547
TD-Win-7,pre_refit,7,B0007,391,82.0495038543302,83.81213
TD-Win-7,pre_refit,7,B0007,395,81.5031419618624,81.993195
TD-Win-7,pre_refit,7,B0007,399,81.20841503507037,82.20964
TD-Win-7,pre_refit,7,B0007,403,81.21721340553746,84.25572
TD-Win-7,pre_refit,7,B0007,407,81.22601148878292,82.82304
TD-Win-7,pre_refit,7,B0007,411,80.95054391771832,81.568474
TD-Win-7,pre_refit,7,B0007,415,80.67227833994721,81.87747
TD-Win-7,pre_refit,7,B0007,419,80.40565013650571,81.22034
TD-Win-7,pre_refit,7,B0007,423,80.40335490244634,82.95346
TD-Win-7,pre_refit,7,B0007,427,80.42152437300291,84.03007
TD-Win-7,pre_refit,7,B0007,431,81.48461605871495,83.26992
TD-Win-7,pre_refit,7,B0007,433,81.75963969607048,85.2951
TD-Win-7,pre_refit,7,B0007,437,80.93560989493338,82.069405
TD-Win-7,pre_refit,7,B0007,441,80.40209515327608,82.40766
TD-Win-7,pre_refit,7,B0007,445,80.09419697809993,81.477394
TD-Win-7,pre_refit,7,B0007,449,79.85042691616567,81.48015
TD-Win-7,pre_refit,7,B0007,453,79.56495728605914,81.29225
TD-Win-7,pre_refit,7,B0007,457,79.30076147796538,80.58806
TD-Win-7,pre_refit,7,B0007,461,79.2776995197187,80.49638
TD-Win-7,pre_refit,7,B0007,465,79.01573008127421,82.07593
TD-Win-7,pre_refit,7,B0007,469,78.7529099419952,81.30946
TD-Win-7,pre_refit,7,B0007,473,78.76631135529045,80.178635
TD-Win-7,pre_refit,7,B0007,477,78.45734950325969,80.24196
TD-Win-7,pre_refit,7,B0007,481,78.71925319505982,84.057
TD-Win-7,pre_refit,7,B0007,483,79.58166685963718,83.14102
TD-Win-7,pre_refit,7,B0007,485,78.72860058663869,79.311005
TD-Win-7,pre_refit,7,B0007,489,78.46501751785956,80.13836
TD-Win-7,pre_refit,7,B0007,493,78.19738333514631,79.84037
TD-Win-7,pre_refit,7,B0007,497,78.20645287101384,81.873314
TD-Win-7,pre_refit,7,B0007,501,77.92824275772597,81.51354
TD-Win-7,pre_refit,7,B0007,505,77.6497101362114,80.298416
TD-Win-7,pre_refit,7,B0007,509,77.38028422735451,80.158104
TD-Win-7,pre_refit,7,B0007,513,77.09660547904922,79.79575
TD-Win-7,pre_refit,7,B0007,517,77.11046744203753,81.32738
TD-Win-7,pre_refit,7,B0007,521,76.85550035450103,80.68265
TD-Win-7,pre_refit,7,B0007,525,76.85236240084764,80.9212
TD-Win-7,pre_refit,7,B0007,529,76.56671722215358,79.6285
TD-Win-7,pre_refit,7,B0007,533,76.29399038621672,79.96599
TD-Win-7,pre_refit,7,B0007,537,76.32425788720361,80.13921
TD-Win-7,pre_refit,7,B0007,541,76.29658741049414,80.67361
TD-Win-7,pre_refit,7,B0007,545,76.59209728582513,77.62657
TD-Win-7,pre_refit,7,B0007,548,77.93863743061358,82.52319
TD-Win-7,pre_refit,7,B0007,552,77.12364718084329,80.148544
TD-Win-7,pre_refit,7,B0007,556,76.8725967441492,79.23676
TD-Win-7,pre_refit,7,B0007,560,76.58854113704766,80.06084
TD-Win-7,pre_refit,7,B0007,564,76.04885672654179,79.8257
TD-Win-7,pre_refit,7,B0007,568,76.05828438472663,79.638824
TD-Win-7,pre_refit,7,B0007,572,75.76335089505734,80.15172
TD-Win-7,pre_refit,7,B0007,576,75.75439980355237,79.05458
TD-Win-7,pre_refit,7,B0007,580,75.49812548326929,79.72269
TD-Win-7,pre_refit,7,B0007,584,75.23591897923467,79.821754
TD-Win-7,pre_refit,7,B0007,588,75.24924732301496,80.307816
TD-Win-7,pre_refit,7,B0007,592,74.94444174506414,79.13043
TD-Win-7,pre_refit,7,B0007,596,74.95266425125988,79.57622
TD-Win-7,pre_refit,7,B0007,600,74.69643604452878,80.33275
TD-Win-7,pre_refit,7,B0007,604,74.7051700493532,79.71292
TD-Win-7,pre_refit,7,B0007,608,74.39278959915883,79.02243
TD-Win-7,pre_refit,7,B0007,612,75.52591562947222,85.10853
TD-Win-7,pre_refit,7,B0007,614,76.09264518290325,89.25581
TD-Win-7,refit_on_3,7,B0007,2,100.45351791563915,94.57675
TD-Win-7,refit_on_3,7,B0007,4,99.900254379013,98.00986
TD-Win-7,refit_on_3,7,B0007,6,99.90161660017114,97.87634
TD-Win-7,refit_on_3,7,B0007,8,99.9073657865712,97.64585
TD-Win-7,refit_on_3,7,B0007,10,99.83724531860553,97.57739
TD-Win-7,refit_on_3,7,B0007,12,99.90361817867274,98.1901
TD-Win-7,refit_on_3,7,B0007,14,99.86297576917136,98.22888
TD-Win-7,refit_on_3,7,B0007,16,99.94656396119812,97.57517
TD-Win-7,refit_on_3,7,B0007,18,99.31878532934633,97.47685
TD-Win-7,refit_on_3,7,B0007,20,99.33799331164263,97.294525
TD-Win-7,refit_on_3,7,B0007,22,99.33756087304828,97.06533
TD-Win-7,refit_on_3,7,B0007,25,98.78551523188162,96.27896
TD-Win-7,refit_on_3,7,B0007,27,98.75485184986668,97.20307
TD-Win-7,refit_on_3,7,B0007,29,98.75133536665352,97.63966
TD-Win-7,refit_on_3,7,B0007,31,98.77012942519043,96.96693
TD-Win-7,refit_on_3,7,B0007,33,98.73683812511632,96.98752
TD-Win-7,refit_on_3,7,B0007,35,98.15685575226132,96.87978
TD-Win-7,refit_on_3,7,B0007,37,98.19446503474695,97.10444
TD-Win-7,refit_on_3,7,B0007,39,98.186691403046,97.183304
TD-Win-7,refit_on_3,7,B0007,42,99.90787801510066,97.58823
TD-Win-7,refit_on_3,7,B0007,46,99.94461695603135,98.052155
TD-Win-7,refit_on_3,7,B0007,50,99.92460497901308,97.87887
TD-Win-7,refit_on_3,7,B0007,54,99.38880751306714,97.20778
TD-Win-7,refit_on_3,7,B0007,58,99.34580918956073,97.57571
TD-Win-7,refit_on_3,7,B0007,62,99.37088315432128,97.24043
TD-Win-7,refit_on_3,7,B0007,66,98.78342046080256,96.969215
TD-Win-7,refit_on_3,7,B0007,70,98.8058078187501,97.50197
TD-Win-7,refit_on_3,7,B0007,74,98.75966747373796,97.2478
TD-Win-7,refit_on_3,7,B0007,78,98.1739885027512,96.80478
TD-Win-7,refit_on_3,7,B0007,82,98.23039625446908,97.53471
TD-Win-7,refit_on_3,7,B0007,90,98.95386520139344,97.22168
TD-Win-7,refit_on_3,7,B0007,94,98.38356039411237,96.80805
TD-Win-7,refit_on_3,7,B0007,98,98.11080955264678,96.80334
TD-Win-7,refit_on_3,7,B0007,102,97.57312273601715,96.27011
TD-Win-7,refit_on_3,7,B0007,106,97.5908400366413,97.23877
TD-Win-7,refit_on_3,7,B0007,110,97.29922460125108,96.64447
TD-Win-7,refit_on_3,7,B0007,114,96.74012336609094,96.06857
TD-Win-7,refit_on_3,7,B0007,118,96.49359124138364,96.32985
TD-Win-7,refit_on_3,7,B0007,122,96.22137391342224,96.67051
TD-Win-7,refit_on_3,7,B0007,126,96.233276781278,97.04322
TD-Win-7,refit_on_3,7,B0007,130,95.93841918044076,96.82654
TD-Win-7,refit_on_3,7,B0007,134,96.31819241353496,95.94892
TD-Win-7,refit_on_3,7,B0007,136,95.94953719543624,96.887665
TD-Win-7,refit_on_3,7,B0007,140,95.3953227427902,96.27018
TD-Win-7,refit_on_3,7,B0007,144,94.86699939598208,95.816765
TD-Win-7,refit_on_3,7,B0007,148,94.57173479963342,96.18503
TD-Win-7,refit_on_3,7,B0007,150,96.41760769059738,99.51668
TD-Win-7,refit_on_3,7,B0007,154,96.45090493439226,97.34021
TD-Win-7,refit_on_3,7,B0007,158,95.6297003383392,96.74842
TD-Win-7,refit_on_3,7,B0007,162,95.10935396520227,95.96005
TD-Win-7,refit_on_3,7,B0007,166,94.57259385530976,96.52475
TD-Win-7,refit_on_3,7,B0007,170,94.30623404626093,95.88772
TD-Win-7,refit_on_3,7,B0007,174,94.0371367595855,96.412094
TD-Win-7,refit_on_3,7,B0007,178,93.49626919937222,96.34677
TD-Win-7,refit_on_3,7,B0007,182,92.9420388383138,96.26132
TD-Win-7,refit_on_3,7,B0007,186,92.94217065781828,96.00284
TD-Win-7,refit_on_3,7,B0007,190,92.69668329388116,96.25086
TD-Win-7,refit_on_3,7,B0007,194,92.41073633514534,96.46908
TD-Win-7,refit_on_3,7,B0007,198,91.82208130681248,95.684814
TD-Win-7,refit_on_3,7,B0007,202,91.5743327473832,94.619545
TD-Win-7,refit_on_3,7,B0007,206,91.04730118386937,94.12337
TD-Win-7,refit_on_3,7,B0007,210,91.04684020750553,95.52736
TD-Win-7,refit_on_3,7,B0007,214,90.49873919973382,93.4853
TD-Win-7,refit_on_3,7,B0007,216,90.51794914609178,94.26966
TD-Win-7,refit_on_3,7,B0007,220,89.96325858213598,93.68251
TD-Win-7,refit_on_3,7,B0007,224,89.64911074691454,92.66029
TD-Win-7,refit_on_3,7,B0007,228,89.4056438247883,92.96244
TD-Win-7,refit_on_3,7,B0007,232,89.13221056506995,92.722694
TD-Win-7,refit_on_3,7,B0007,236,88.88142970948275,93.00093
TD-Win-7,refit_on_3,7,B0007,240,88.57496163215028,91.422516
TD-Win-7,refit_on_3,7,B0007,244,88.30030467403411,91.22775
TD-Win-7,refit_on_3,7,B0007,248,88.04309784572763,90.95984
TD-Win-7,refit_on_3,7,B0007,252,87.7835715053401,90.04986
TD-Win-7,refit_on_3,7,B0007,256,87.5009058762453,89.92474
TD-Win-7,refit_on_3,7,B0007,260,86.92700430940862,89.95205
TD-Win-7,refit_on_3,7,B0007,264,86.91859800690037,89.48574
TD-Win-7,refit_on_3,7,B0007,266,87.17696241036246,90.8819
TD-Win-7,refit_on_3,7,B0007,270,86.66971006432802,88.39661
TD-Win-7,refit_on_3,7,B0007,274,86.11955257111292,88.25764
TD-Win-7,refit_on_3,7,B0007,278,85.86532022039283,89.40758
TD-Win-7,refit_on_3,7,B0007,282,85.83324550155743,89.20779
TD-Win-7,refit_on_3,7,B0007,286,85.88108948972226,88.15808
TD-Win-7,refit_on_3,7,B0007,290,85.56987844007078,88.004196
TD-Win-7,refit_on_3,7,B0007,294,85.027771191142,88.002556
TD-Win-7,refit_on_3,7,B0007,298,84.77582688520748,86.25647
TD-Win-7,refit_on_3,7,B0007,302,84.79178974791847,87.6068
TD-Win-7,refit_on_3,7,B0007,306,84.76993385106519,87.06869
TD-Win-7,refit_on_3,7,B0007,310,84.49605927424464,86.1668
TD-Win-7,refit_on_3,7,B0007,313,89.71090998622898,87.45683
TD-Win-7,refit_on_3,7,B0007,316,86.37349719367897,90.79181
TD-Win-7,refit_on_3,7,B0007,320,85.82898928627563,89.20793
TD-Win-7,refit_on_3,7,B0007,324,85.2934976107533,87.91301
TD-Win-7,refit_on_3,7,B0007,328,84.72574724857897,86.55575
TD-Win-7,refit_on_3,7,B0007,332,84.48328177752624,86.71636
TD-Win-7,refit_on_3,7,B0007,336,84.21457006738538,86.658676
TD-Win-7,refit_on_3,7,B0007,340,83.9288888229777,86.36734
TD-Win-7,refit_on_3,7,B0007,344,83.67629222648154,86.756645
TD-Win-7,refit_on_3,7,B0007,348,83.38837618926404,85.7661
TD-Win-7,refit_on_3,7,B0007,352,83.41270816038221,85.27016
TD-Win-7,refit_on_3,7,B0007,356,83.14675201444969,85.07327
TD-Win-7,refit_on_3,7,B0007,360,82.8484308280049,85.377174
TD-Win-7,refit_on_3,7,B0007,364,83.13252526962864,84.9288
TD-Win-7,refit_on_3,7,B0007,367,83.66359396289195,88.899445
TD-Win-7,refit_on_3,7,B0007,371,83.14841165448959,85.82612
TD-Win-7,refit_on_3,7,B0007,375,82.85488835556158,86.10461
TD-Win-7,refit_on_3,7,B0007,379,82.33123711829187,84.59854
TD-Win-7,refit_on_3,7,B0007,383,82.01142381939957,84.07497
TD-Win-7,refit_on_3,7,B0007,387,82.07206587982726,86.240974
TD-Win-7,refit_on_3,7,B0007,391,82.0495038543302,83.98261
TD-Win-7,refit_on_3,7,B0007,395,81.5031419618624,82.993095
TD-Win-7,refit_on_3,7,B0007,399,81.20841503507037,83.0338
TD-Win-7,refit_on_3,7,B0007,403,81.21721340553746,85.50722
TD-Win-7,refit_on_3,7,B0007,407,81.22601148878292,83.14591
TD-Win-7,refit_on_3,7,B0007,411,80.95054391771832,82.1933
TD-Win-7,refit_on_3,7,B0007,415,80.67227833994721,81.48934
TD-Win-7,refit_on_3,7,B0007,419,80.40565013650571,81.572525
TD-Win-7,refit_on_3,7,B0007,423,80.40335490244634,82.895096
TD-Win-7,refit_on_3,7,B0007,427,80.42152437300291,83.83638
TD-Win-7,refit_on_3,7,B0007,431,81.48461605871495,82.17408
TD-Win-7,refit_on_3,7,B0007,433,81.75963969607048,85.32858
TD-Win-7,refit_on_3,7,B0007,437,80.93560989493338,81.585075
TD-Win-7,refit_on_3,7,B0007,441,80.40209515327608,81.4167
TD-Win-7,refit_on_3,7,B0007,445,80.09419697809993,81.65849
TD-Win-7,refit_on_3,7,B0007,449,79.85042691616567,81.574295
TD-Win-7,refit_on_3,7,B0007,453,79.56495728605914,81.04097
TD-Win-7,refit_on_3,7,B0007,457,79.30076147796538,80.469635
TD-Win-7,refit_on_3,7,B0007,461,79.2776995197187,80.2198
TD-Win-7,refit_on_3,7,B0007,465,79.01573008127421,80.83786
TD-Win-7,refit_on_3,7,B0007,469,78.7529099419952,80.270645
TD-Win-7,refit_on_3,7,B0007,473,78.76631135529045,79.354034
TD-Win-7,refit_on_3,7,B0007,477,78.45734950325969,78.80179
TD-Win-7,refit_on_3,7,B0007,481,78.71925319505982,82.16464
TD-Win-7,refit_on_3,7,B0007,483,79.58166685963718,81.369064
TD-Win-7,refit_on_3,7,B0007,485,78.72860058663869,79.14247
TD-Win-7,refit_on_3,7,B0007,489,78.46501751785956,78.68704
TD-Win-7,refit_on_3,7,B0007,493,78.19738333514631,78.16278
TD-Win-7,refit_on_3,7,B0007,497,78.20645287101384,80.41531
TD-Win-7,refit_on_3,7,B0007,501,77.92824275772597,79.48972
TD-Win-7,refit_on_3,7,B0007,505,77.6497101362114,78.79509
TD-Win-7,refit_on_3,7,B0007,509,77.38028422735451,78.55478
TD-Win-7,refit_on_3,7,B0007,513,77.09660547904922,77.79616
TD-Win-7,refit_on_3,7,B0007,517,77.11046744203753,78.76735
TD-Win-7,refit_on_3,7,B0007,521,76.85550035450103,78.33157
TD-Win-7,refit_on_3,7,B0007,525,76.85236240084764,78.52102
TD-Win-7,refit_on_3,7,B0007,529,76.56671722215358,76.857346
TD-Win-7,refit_on_3,7,B0007,533,76.29399038621672,77.30436
TD-Win-7,refit_on_3,7,B0007,537,76.32425788720361,76.82953
TD-Win-7,refit_on_3,7,B0007,541,76.29658741049414,77.66814
TD-Win-7,refit_on_3,7,B0007,545,76.59209728582513,74.88928
TD-Win-7,refit_on_3,7,B0007,548,77.93863743061358,78.75349
TD-Win-7,refit_on_3,7,B0007,552,77.12364718084329,77.75279
TD-Win-7,refit_on_3,7,B0007,556,76.8725967441492,77.47229
TD-Win-7,refit_on_3,7,B0007,560,76.58854113704766,77.83227
TD-Win-7,refit_on_3,7,B0007,564,76.04885672654179,77.407104
TD-Win-7,refit_on_3,7,B0007,568,76.05828438472663,76.33837
TD-Win-7,refit_on_3,7,B0007,572,75.76335089505734,77.33746
TD-Win-7,refit_on_3,7,B0007,576,75.75439980355237,76.27098
TD-Win-7,refit_on_3,7,B0007,580,75.49812548326929,75.68783
TD-Win-7,refit_on_3,7,B0007,584,75.23591897923467,76.76973
TD-Win-7,refit_on_3,7,B0007,588,75.24924732301496,76.19619
TD-Win-7,refit_on_3,7,B0007,592,74.94444174506414,75.70376
TD-Win-7,refit_on_3,7,B0007,596,74.95266425125988,75.47954
TD-Win-7,refit_on_3,7,B0007,600,74.69643604452878,76.574715
TD-Win-7,refit_on_3,7,B0007,604,74.7051700493532,75.443825
TD-Win-7,refit_on_3,7,B0007,608,74.39278959915883,75.196
TD-Win-7,refit_on_3,7,B0007,612,75.52591562947222,79.61594
TD-Win-7,refit_on_3,7,B0007,614,76.09264518290325,83.515854
TD-Win-7,pre_refit,7,B0018,3,100.8025811041783,78.633644
TD-Win-7,pre_refit,7,B0018,7,100.16087022619236,94.91468
TD-Win-7,pre_refit,7,B0018,11,99.96558598273582,93.32956
TD-Win-7,pre_refit,7,B0018,15,99.48041766162956,93.20042
TD-Win-7,pre_refit,7,B0018,18,99.59054502526398,96.112366
TD-Win-7,pre_refit,7,B0018,20,99.36387169185286,91.51592
TD-Win-7,pre_refit,7,B0018,22,98.96567828327716,90.88667
TD-Win-7,pre_refit,7,B0018,24,98.63793870309058,90.58754
TD-Win-7,pre_refit,7,B0018,27,98.04714689052696,90.33976
TD-Win-7,pre_refit,7,B0018,30,99.06887382997856,94.84782
TD-Win-7,pre_refit,7,B0018,32,98.47248926951052,91.64267
TD-Win-7,pre_refit,7,B0018,34,98.068534707018,90.694466
TD-Win-7,pre_refit,7,B0018,36,97.31606084566693,90.067406
TD-Win-7,pre_refit,7,B0018,39,96.91537145663308,89.61006
TD-Win-7,pre_refit,7,B0018,42,96.77777434993364,94.51492
TD-Win-7,pre_refit,7,B0018,44,96.24906078283864,90.95639
TD-Win-7,pre_refit,7,B0018,46,96.10893521170082,89.80892
TD-Win-7,pre_refit,7,B0018,48,95.29382636269746,88.71966
TD-Win-7,pre_refit,7,B0018,51,94.89112029628322,87.79728
TD-Win-7,pre_refit,7,B0018,54,94.42623362260446,90.655266
TD-Win-7,pre_refit,7,B0018,56,94.09214261326034,88.087265
TD-Win-7,pre_refit,7,B0018,58,92.84655809058668,88.2647
TD-Win-7,pre_refit,7,B0018,60,93.00278636580364,87.64259
TD-Win-7,pre_refit,7,B0018,63,92.78717154289568,86.98456
TD-Win-7,pre_refit,7,B0018,66,95.05514633441328,91.74518
TD-Win-7,pre_refit,7,B0018,68,94.16023397654948,89.78241
TD-Win-7,pre_refit,7,B0018,70,93.58756901230694,89.10002
TD-Win-7,pre_refit,7,B0018,72,93.02323711734508,88.12495
TD-Win-7,pre_refit,7,B0018,75,92.33971230163448,86.87776
TD-Win-7,pre_refit,7,B0018,78,92.05544475967478,90.16132
TD-Win-7,pre_refit,7,B0018,80,91.39607597710202,87.32626
TD-Win-7,pre_refit,7,B0018,82,91.12841202900309,87.00807
TD-Win-7,pre_refit,7,B0018,84,90.50598444143154,86.5716
TD-Win-7,pre_refit,7,B0018,87,90.05329919062662,85.32803
TD-Win-7,pre_refit,7,B0018,90,89.56595375021743,87.4884
TD-Win-7,pre_refit,7,B0018,92,89.05221474379236,84.92892
TD-Win-7,pre_refit,7,B0018,94,88.4478648526792,85.179634
TD-Win-7,pre_refit,7,B0018,96,88.14926233550939,85.07684
TD-Win-7,pre_refit,7,B0018,99,87.70654438914323,84.009605
TD-Win-7,pre_refit,7,B0018,102,91.07812245566797,88.109825
TD-Win-7,pre_refit,7,B0018,104,89.62445100410937,86.37797
TD-Win-7,pre_refit,7,B0018,106,88.70513095013024,84.94298
TD-Win-7,pre_refit,7,B0018,108,87.83746900859978,84.26001
TD-Win-7,pre_refit,7,B0018,111,87.53788044222665,83.36103
TD-Win-7,pre_refit,7,B0018,114,86.69891328476463,85.48885
TD-Win-7,pre_refit,7,B0018,119,93.27978546012802,89.579124
TD-Win-7,pre_refit,7,B0018,121,92.1525471966999,88.75193
TD-Win-7,pre_refit,7,B0018,123,91.17195305362098,87.71908
TD-Win-7,pre_refit,7,B0018,125,90.2416573040256,87.060684
TD-Win-7,pre_refit,7,B0018,128,90.55423897233052,90.82959
TD-Win-7,pre_refit,7,B0018,130,89.49039068452917,86.40938
TD-Win-7,pre_refit,7,B0018,132,88.3454487099843,86.33687
TD-Win-7,pre_refit,7,B0018,134,87.60607299731777,85.260025
TD-Win-7,pre_refit,7,B0018,136,87.25714700042141,84.73882
TD-Win-7,pre_refit,7,B0018,143,89.1426764135498,86.83294
TD-Win-7,pre_refit,7,B0018,145,87.66626044455795,85.193794
TD-Win-7,pre_refit,7,B0018,147,86.51592379470374,84.41931
TD-Win-7,pre_refit,7,B0018,150,86.21730704320841,83.20784
TD-Win-7,pre_refit,7,B0018,153,85.8627581657356,85.61718
TD-Win-7,pre_refit,7,B0018,155,84.99855590440428,83.01594
TD-Win-7,pre_refit,7,B0018,157,84.53366840480606,82.44989
TD-Win-7,pre_refit,7,B0018,159,83.69607194854545,82.02672
TD-Win-7,pre_refit,7,B0018,162,83.25899594193369,81.029366
TD-Win-7,pre_refit,7,B0018,165,83.22975722050174,82.78159
TD-Win-7,pre_refit,7,B0018,167,82.72092847997168,80.99136
TD-Win-7,pre_refit,7,B0018,169,81.86598978006339,80.21693
TD-Win-7,pre_refit,7,B0018,171,81.58859278240016,80.08766
TD-Win-7,pre_refit,7,B0018,174,81.31316363799587,79.35529
TD-Win-7,pre_refit,7,B0018,177,83.32773163808899,82.71169
TD-Win-7,pre_refit,7,B0018,179,82.80709531820148,81.114944
TD-Win-7,pre_refit,7,B0018,181,81.57610219236552,80.43823
TD-Win-7,pre_refit,7,B0018,183,81.09929204028072,79.59633
TD-Win-7,pre_refit,7,B0018,185,80.60512587063184,78.604256
TD-Win-7,pre_refit,7,B0018,188,80.4645909654616,80.88792
TD-Win-7,pre_refit,7,B0018,190,80.07171192098461,79.15629
TD-Win-7,pre_refit,7,B0018,192,79.77346222448996,78.52763
TD-Win-7,pre_refit,7,B0018,194,79.23402412051846,77.619865
TD-Win-7,pre_refit,7,B0018,197,78.6783203089025,77.064285
TD-Win-7,pre_refit,7,B0018,200,78.94539372549075,78.66866
TD-Win-7,pre_refit,7,B0018,202,78.38865828037459,77.24237
TD-Win-7,pre_refit,7,B0018,204,78.21127069246836,77.51229
TD-Win-7,pre_refit,7,B0018,206,77.6339684068403,77.036316
TD-Win-7,pre_refit,7,B0018,209,77.43046760934243,76.26777
TD-Win-7,pre_refit,7,B0018,212,79.8708545166814,79.431076
TD-Win-7,pre_refit,7,B0018,214,78.93458463676515,78.07017
TD-Win-7,pre_refit,7,B0018,216,78.40488242765085,77.22684
TD-Win-7,pre_refit,7,B0018,218,77.61921434771055,76.37773
TD-Win-7,pre_refit,7,B0018,220,76.9170609064971,75.880844
TD-Win-7,pre_refit,7,B0018,223,79.04297866359087,78.60035
TD-Win-7,pre_refit,7,B0018,225,77.61605692618127,77.28519
TD-Win-7,pre_refit,7,B0018,227,77.14789574863566,76.644
TD-Win-7,pre_refit,7,B0018,229,76.92281444261894,76.32358
TD-Win-7,pre_refit,7,B0018,232,76.3858924270674,75.23758
TD-Win-7,pre_refit,7,B0018,235,76.53620320177981,77.484726
TD-Win-7,pre_refit,7,B0018,237,75.9063201738239,75.74868
TD-Win-7,pre_refit,7,B0018,239,75.72766142150313,75.76814
TD-Win-7,pre_refit,7,B0018,241,75.49928800503805,75.4168
TD-Win-7,pre_refit,7,B0018,244,74.9124451895705,74.53336
TD-Win-7,pre_refit,7,B0018,247,75.25674730493446,76.53558
TD-Win-7,pre_refit,7,B0018,249,74.46467849076038,74.55599
TD-Win-7,pre_refit,7,B0018,251,74.62885626516028,74.84408
TD-Win-7,pre_refit,7,B0018,253,74.33553994642665,75.13521
TD-Win-7,pre_refit,7,B0018,256,73.72504079935909,73.49013
TD-Win-7,pre_refit,7,B0018,259,79.36110924975578,78.179306
TD-Win-7,pre_refit,7,B0018,261,78.799706688891,79.39153
TD-Win-7,pre_refit,7,B0018,263,78.14983302548104,78.5797
TD-Win-7,pre_refit,7,B0018,265,77.61878718971624,77.412094
TD-Win-7,pre_refit,7,B0018,267,76.88079746021991,76.70939
TD-Win-7,pre_refit,7,B0018,270,76.8319836786595,78.36883
TD-Win-7,pre_refit,7,B0018,272,76.01926160635412,76.754974
TD-Win-7,pre_refit,7,B0018,274,75.82358510102308,76.77559
TD-Win-7,pre_refit,7,B0018,276,75.53633219814198,76.69129
TD-Win-7,pre_refit,7,B0018,279,75.31793705780649,75.02366
TD-Win-7,pre_refit,7,B0018,282,75.43684114368729,76.146706
TD-Win-7,pre_refit,7,B0018,284,74.7829788363973,74.67968
TD-Win-7,pre_refit,7,B0018,286,74.15991898288928,74.15548
TD-Win-7,pre_refit,7,B0018,288,73.84846878839457,73.900604
TD-Win-7,pre_refit,7,B0018,291,73.15537271331122,73.37216
TD-Win-7,pre_refit,7,B0018,294,77.53589472577204,76.80908
TD-Win-7,pre_refit,7,B0018,296,76.42763235972666,77.81547
TD-Win-7,pre_refit,7,B0018,298,75.72351586777258,76.755486
TD-Win-7,pre_refit,7,B0018,300,75.4386936803776,76.2885
TD-Win-7,pre_refit,7,B0018,302,74.45721490205536,75.49972
TD-Win-7,pre_refit,7,B0018,305,74.97385174402893,77.07477
TD-Win-7,pre_refit,7,B0018,307,74.3741167471391,75.86981
TD-Win-7,pre_refit,7,B0018,309,74.05233968989694,76.00656
TD-Win-7,pre_refit,7,B0018,311,74.08863589293038,75.87866
TD-Win-7,pre_refit,7,B0018,314,73.46151441244959,74.32567
TD-Win-7,pre_refit,7,B0018,317,73.62086195282473,75.762924
TD-Win-7,pre_refit,7,B0018,319,72.87391760769836,74.01327
TD-Win-7,refit_on_3,7,B0018,3,100.8025811041783,75.265976
TD-Win-7,refit_on_3,7,B0018,7,100.16087022619236,95.46638
TD-Win-7,refit_on_3,7,B0018,11,99.96558598273582,94.40608
TD-Win-7,refit_on_3,7,B0018,15,99.48041766162956,93.90395
TD-Win-7,refit_on_3,7,B0018,18,99.59054502526398,96.30125
TD-Win-7,refit_on_3,7,B0018,20,99.36387169185286,93.82129
TD-Win-7,refit_on_3,7,B0018,22,98.96567828327716,93.1687
TD-Win-7,refit_on_3,7,B0018,24,98.63793870309058,92.52175
TD-Win-7,refit_on_3,7,B0018,27,98.04714689052696,91.70524
TD-Win-7,refit_on_3,7,B0018,30,99.06887382997856,94.77816
TD-Win-7,refit_on_3,7,B0018,32,98.47248926951052,93.216934
TD-Win-7,refit_on_3,7,B0018,34,98.068534707018,92.58218
TD-Win-7,refit_on_3,7,B0018,36,97.31606084566693,91.7051
TD-Win-7,refit_on_3,7,B0018,39,96.91537145663308,90.90527
TD-Win-7,refit_on_3,7,B0018,42,96.77777434993364,96.06402
TD-Win-7,refit_on_3,7,B0018,44,96.24906078283864,92.6037
TD-Win-7,refit_on_3,7,B0018,46,96.10893521170082,91.7131
TD-Win-7,refit_on_3,7,B0018,48,95.29382636269746,90.02464
TD-Win-7,refit_on_3,7,B0018,51,94.89112029628322,88.67836
TD-Win-7,refit_on_3,7,B0018,54,94.42623362260446,90.6539
TD-Win-7,refit_on_3,7,B0018,56,94.09214261326034,88.52815
TD-Win-7,refit_on_3,7,B0018,58,92.84655809058668,88.0627
TD-Win-7,refit_on_3,7,B0018,60,93.00278636580364,87.990845
TD-Win-7,refit_on_3,7,B0018,63,92.78717154289568,87.406334
TD-Win-7,refit_on_3,7,B0018,66,95.05514633441328,92.57951
TD-Win-7,refit_on_3,7,B0018,68,94.16023397654948,90.41258
TD-Win-7,refit_on_3,7,B0018,70,93.58756901230694,90.180534
TD-Win-7,refit_on_3,7,B0018,72,93.02323711734508,89.597885
TD-Win-7,refit_on_3,7,B0018,75,92.33971230163448,87.859505
TD-Win-7,refit_on_3,7,B0018,78,92.05544475967478,91.94058
TD-Win-7,refit_on_3,7,B0018,80,91.39607597710202,88.34959
TD-Win-7,refit_on_3,7,B0018,82,91.12841202900309,87.42345
TD-Win-7,refit_on_3,7,B0018,84,90.50598444143154,87.55353
TD-Win-7,refit_on_3,7,B0018,87,90.05329919062662,86.26572
TD-Win-7,refit_on_3,7,B0018,90,89.56595375021743,87.36257
TD-Win-7,refit_on_3,7,B0018,92,89.05221474379236,85.47136
TD-Win-7,refit_on_3,7,B0018,94,88.4478648526792,85.58168
TD-Win-7,refit_on_3,7,B0018,96,88.14926233550939,85.58795
TD-Win-7,refit_on_3,7,B0018,99,87.70654438914323,84.324005
TD-Win-7,refit_on_3,7,B0018,102,91.07812245566797,86.892235
TD-Win-7,refit_on_3,7,B0018,104,89.62445100410937,86.94553
TD-Win-7,refit_on_3,7,B0018,106,88.70513095013024,85.293655
TD-Win-7,refit_on_3,7,B0018,108,87.83746900859978,84.5981
TD-Win-7,refit_on_3,7,B0018,111,87.53788044222665,83.49645
TD-Win-7,refit_on_3,7,B0018,114,86.69891328476463,85.151054
TD-Win-7,refit_on_3,7,B0018,119,93.27978546012802,90.19129
TD-Win-7,refit_on_3,7,B0018,121,92.1525471966999,89.603325
TD-Win-7,refit_on_3,7,B0018,123,91.17195305362098,88.08059
TD-Win-7,refit_on_3,7,B0018,125,90.2416573040256,87.34237
TD-Win-7,refit_on_3,7,B0018,128,90.55423897233052,91.8357
TD-Win-7,refit_on_3,7,B0018,130,89.49039068452917,87.19187
TD-Win-7,refit_on_3,7,B0018,132,88.3454487099843,86.42623
TD-Win-7,refit_on_3,7,B0018,134,87.60607299731777,84.742676
TD-Win-7,refit_on_3,7,B0018,136,87.25714700042141,84.9774
TD-Win-7,refit_on_3,7,B0018,143,89.1426764135498,87.346375
TD-Win-7,refit_on_3,7,B0018,145,87.66626044455795,85.30827
TD-Win-7,refit_on_3,7,B0018,147,86.51592379470374,84.83704
TD-Win-7,refit_on_3,7,B0018,150,86.21730704320841,82.83273
TD-Win-7,refit_on_3,7,B0018,153,85.8627581657356,85.55841
TD-Win-7,refit_on_3,7,B0018,155,84.99855590440428,82.90445
TD-Win-7,refit_on_3,7,B0018,157,84.53366840480606,82.45851
TD-Win-7,refit_on_3,7,B0018,159,83.69607194854545,82.05685
TD-Win-7,refit_on_3,7,B0018,162,83.25899594193369,80.91054
TD-Win-7,refit_on_3,7,B0018,165,83.22975722050174,82.97957
TD-Win-7,refit_on_3,7,B0018,167,82.72092847997168,81.06878
TD-Win-7,refit_on_3,7,B0018,169,81.86598978006339,80.245476
TD-Win-7,refit_on_3,7,B0018,171,81.58859278240016,80.26001
TD-Win-7,refit_on_3,7,B0018,174,81.31316363799587,79.85343
TD-Win-7,refit_on_3,7,B0018,177,83.32773163808899,81.61508
TD-Win-7,refit_on_3,7,B0018,179,82.80709531820148,81.372734
TD-Win-7,refit_on_3,7,B0018,181,81.57610219236552,80.80708
TD-Win-7,refit_on_3,7,B0018,183,81.09929204028072,79.28116
TD-Win-7,refit_on_3,7,B0018,185,80.60512587063184,78.3582
TD-Win-7,refit_on_3,7,B0018,188,80.4645909654616,81.15338
TD-Win-7,refit_on_3,7,B0018,190,80.07171192098461,79.58351
TD-Win-7,refit_on_3,7,B0018,192,79.77346222448996,78.33458
TD-Win-7,refit_on_3,7,B0018,194,79.23402412051846,77.605865
TD-Win-7,refit_on_3,7,B0018,197,78.6783203089025,77.549774
TD-Win-7,refit_on_3,7,B0018,200,78.94539372549075,78.590515
TD-Win-7,refit_on_3,7,B0018,202,78.38865828037459,76.7465
TD-Win-7,refit_on_3,7,B0018,204,78.21127069246836,77.32002
TD-Win-7,refit_on_3,7,B0018,206,77.6339684068403,76.90956
TD-Win-7,refit_on_3,7,B0018,209,77.43046760934243,76.17992
TD-Win-7,refit_on_3,7,B0018,212,79.8708545166814,78.17129
TD-Win-7,refit_on_3,7,B0018,214,78.93458463676515,78.45602
TD-Win-7,refit_on_3,7,B0018,216,78.40488242765085,77.46639
TD-Win-7,refit_on_3,7,B0018,218,77.61921434771055,76.519806
TD-Win-7,refit_on_3,7,B0018,220,76.9170609064971,75.563736
TD-Win-7,refit_on_3,7,B0018,223,79.04297866359087,78.26639
TD-Win-7,refit_on_3,7,B0018,225,77.61605692618127,77.678474
TD-Win-7,refit_on_3,7,B0018,227,77.14789574863566,77.096725
TD-Win-7,refit_on_3,7,B0018,229,76.92281444261894,76.42734
TD-Win-7,refit_on_3,7,B0018,232,76.3858924270674,75.40096
TD-Win-7,refit_on_3,7,B0018,235,76.53620320177981,77.70084
TD-Win-7,refit_on_3,7,B0018,237,75.9063201738239,75.86191
TD-Win-7,refit_on_3,7,B0018,239,75.72766142150313,76.079636
TD-Win-7,refit_on_3,7,B0018,241,75.49928800503805,75.224304
TD-Win-7,refit_on_3,7,B0018,244,74.9124451895705,74.85137
TD-Win-7,refit_on_3,7,B0018,247,75.25674730493446,76.24188
TD-Win-7,refit_on_3,7,B0018,249,74.46467849076038,74.81709
TD-Win-7,refit_on_3,7,B0018,251,74.62885626516028,74.84771
TD-Win-7,refit_on_3,7,B0018,253,74.33553994642665,75.243164
TD-Win-7,refit_on_3,7,B0018,256,73.72504079935909,74.61968
TD-Win-7,refit_on_3,7,B0018,259,79.36110924975578,76.80959
TD-Win-7,refit_on_3,7,B0018,261,78.799706688891,79.55439
TD-Win-7,refit_on_3,7,B0018,263,78.14983302548104,78.41356
TD-Win-7,refit_on_3,7,B0018,265,77.61878718971624,77.90373
TD-Win-7,refit_on_3,7,B0018,267,76.88079746021991,76.849556
TD-Win-7,refit_on_3,7,B0018,270,76.8319836786595,78.723434
TD-Win-7,refit_on_3,7,B0018,272,76.01926160635412,76.40398
TD-Win-7,refit_on_3,7,B0018,274,75.82358510102308,77.137215
TD-Win-7,refit_on_3,7,B0018,276,75.53633219814198,78.44514
TD-Win-7,refit_on_3,7,B0018,279,75.31793705780649,76.54917
TD-Win-7,refit_on_3,7,B0018,282,75.43684114368729,77.08638
TD-Win-7,refit_on_3,7,B0018,284,74.7829788363973,75.145226
TD-Win-7,refit_on_3,7,B0018,286,74.15991898288928,74.676506
TD-Win-7,refit_on_3,7,B0018,288,73.84846878839457,74.85538
TD-Win-7,refit_on_3,7,B0018,291,73.15537271331122,73.47305
TD-Win-7,refit_on_3,7,B0018,294,77.53589472577204,76.0507
TD-Win-7,refit_on_3,7,B0018,296,76.42763235972666,77.548805
TD-Win-7,refit_on_3,7,B0018,298,75.72351586777258,77.029976
TD-Win-7,refit_on_3,7,B0018,300,75.4386936803776,76.70271
TD-Win-7,refit_on_3,7,B0018,302,74.45721490205536,75.41688
TD-Win-7,refit_on_3,7,B0018,305,74.97385174402893,76.574776
TD-Win-7,refit_on_3,7,B0018,307,74.3741167471391,76.50388
TD-Win-7,refit_on_3,7,B0018,309,74.05233968989694,77.857475
TD-Win-7,refit_on_3,7,B0018,311,74.08863589293038,77.63282
TD-Win-7,refit_on_3,7,B0018,314,73.46151441244959,75.72879
TD-Win-7,refit_on_3,7,B0018,317,73.62086195282473,76.56408
TD-Win-7,refit_on_3,7,B0018,319,72.87391760769836,76.01848
TD-Win-7,pre_refit,123,B0005,2,100.80760884947765,81.693695
TD-Win-7,pre_refit,123,B0005,4,100.25590968770103,97.95169
TD-Win-7,pre_refit,123,B0005,6,99.65979925247206,98.43727
TD-Win-7,pre_refit,123,B0005,8,99.65509323788856,98.49077
TD-Win-7,pre_refit,123,B0005,10,99.6215889724607,97.83563
TD-Win-7,pre_refit,123,B0005,12,99.67676620535396,97.12248
TD-Win-7,pre_refit,123,B0005,14,99.64877352944652,97.11047
TD-Win-7,pre_refit,123,B0005,16,99.13892996732449,98.62157
TD-Win-7,pre_refit,123,B0005,18,99.08555627584838,98.3542
TD-Win-7,pre_refit,123,B0005,20,99.0768365083485,98.49526
TD-Win-7,pre_refit,123,B0005,22,99.07717774099622,97.877556
TD-Win-7,pre_refit,123,B0005,25,98.5114992237362,98.56084
TD-Win-7,pre_refit,123,B0005,27,98.4870761948254,98.2179
TD-Win-7,pre_refit,123,B0005,29,98.47015265835132,96.46033
TD-Win-7,pre_refit,123,B0005,31,97.88140357167902,98.64888
TD-Win-7,pre_refit,123,B0005,33,97.85473656745688,97.92248
TD-Win-7,pre_refit,123,B0005,35,97.88039886599036,98.09719
TD-Win-7,pre_refit,123,B0005,37,97.9069415267384,97.928894
TD-Win-7,pre_refit,123,B0005,39,97.89115702988882,97.78218
TD-Win-7,pre_refit,123,B0005,42,100.29385168145046,97.89233
TD-Win-7,pre_refit,123,B0005,46,100.31510023136114,98.29278
TD-Win-7,pre_refit,123,B0005,50,99.70477213786135,98.42508
TD-Win-7,pre_refit,123,B0005,54,99.1402308374376,98.27293
TD-Win-7,pre_refit,123,B0005,58,99.10400696359169,96.7554
TD-Win-7,pre_refit,123,B0005,62,99.12941188644592,97.51638
TD-Win-7,pre_refit,123,B0005,66,98.50222430381568,97.508965
TD-Win-7,pre_refit,123,B0005,70,98.5423014565286,97.084145
TD-Win-7,pre_refit,123,B0005,74,98.49887187571204,96.91597
TD-Win-7,pre_refit,123,B0005,78,97.89050762402466,97.526436
TD-Win-7,pre_refit,123,B0005,82,97.96171552529285,96.63408
TD-Win-7,pre_refit,123,B0005,90,99.4075559707276,97.55363
TD-Win-7,pre_refit,123,B0005,94,98.82112827769676,97.49446
TD-Win-7,pre_refit,123,B0005,98,98.2457556393358,96.15854
TD-Win-7,pre_refit,123,B0005,102,97.99065016377766,96.08772
TD-Win-7,pre_refit,123,B0005,106,97.7065060215613,96.20338
TD-Win-7,pre_refit,123,B0005,110,97.11279694879056,96.32477
TD-Win-7,pre_refit,123,B0005,114,96.81304988059888,96.715004
TD-Win-7,pre_refit,123,B0005,118,96.27605729788222,95.09877
TD-Win-7,pre_refit,123,B0005,122,96.2762766313732,94.58118
TD-Win-7,pre_refit,123,B0005,126,95.99578118843372,95.590385
TD-Win-7,pre_refit,123,B0005,130,95.69403287907456,94.88811
TD-Win-7,pre_refit,123,B0005,134,95.98194451474556,96.19875
TD-Win-7,pre_refit,123,B0005,136,95.71321655496544,94.41896
TD-Win-7,pre_refit,123,B0005,140,95.11928805425076,94.05206
TD-Win-7,pre_refit,123,B0005,144,94.58275432725988,95.04491
TD-Win-7,pre_refit,123,B0005,148,94.27008009570102,93.37908
TD-Win-7,pre_refit,123,B0005,150,97.39411432859931,97.40163
TD-Win-7,pre_refit,123,B0005,154,96.82749231246368,98.543655
TD-Win-7,pre_refit,123,B0005,158,95.96820195991576,97.03057
TD-Win-7,pre_refit,123,B0005,162,95.40638930769452,96.32199
TD-Win-7,pre_refit,123,B0005,166,94.8553962680492,95.16472
TD-Win-7,pre_refit,123,B0005,170,94.5755674779542,96.01171
TD-Win-7,pre_refit,123,B0005,174,94.28806184403476,94.41145
TD-Win-7,pre_refit,123,B0005,178,93.73958753620327,94.81708
TD-Win-7,pre_refit,123,B0005,182,93.16861105469168,93.50566
TD-Win-7,pre_refit,123,B0005,186,92.88227598613614,93.03311
TD-Win-7,pre_refit,123,B0005,190,92.636901518198,91.299034
TD-Win-7,pre_refit,123,B0005,194,92.32720191735562,93.96929
TD-Win-7,pre_refit,123,B0005,198,92.01599848919145,92.93228
TD-Win-7,pre_refit,123,B0005,202,91.49053823956656,94.482506
TD-Win-7,pre_refit,123,B0005,206,90.92425521866993,93.01278
TD-Win-7,pre_refit,123,B0005,210,90.92941856192826,89.93805
TD-Win-7,pre_refit,123,B0005,214,90.34010561326173,90.82466
TD-Win-7,pre_refit,123,B0005,216,90.0847586044663,93.44045
TD-Win-7,pre_refit,123,B0005,220,89.80457989439137,93.7693
TD-Win-7,pre_refit,123,B0005,224,89.19640288815545,89.642555
TD-Win-7,pre_refit,123,B0005,228,88.93598251136243,89.82042
TD-Win-7,pre_refit,123,B0005,232,88.65781340235759,89.951385
TD-Win-7,pre_refit,123,B0005,236,88.38728178562198,91.98143
TD-Win-7,pre_refit,123,B0005,240,88.08171260170519,87.71901
TD-Win-7,pre_refit,123,B0005,244,87.49528010741024,89.944496
TD-Win-7,pre_refit,123,B0005,248,87.2366743602368,87.814575
TD-Win-7,pre_refit,123,B0005,252,86.96251727221627,87.12495
TD-Win-7,pre_refit,123,B0005,256,86.35734215456989,86.79544
TD-Win-7,pre_refit,123,B0005,260,86.10863457357058,88.518196
TD-Win-7,pre_refit,123,B0005,264,86.06270063126725,86.48702
TD-Win-7,pre_refit,123,B0005,266,86.63737677555004,87.14978
TD-Win-7,pre_refit,123,B0005,270,85.50813849993258,86.15271
TD-Win-7,pre_refit,123,B0005,274,84.97446653296429,85.51957
TD-Win-7,pre_refit,123,B0005,278,84.69557819389517,87.94337
TD-Win-7,pre_refit,123,B0005,282,84.68013627936132,84.7881
TD-Win-7,pre_refit,123,B0005,286,84.41991821853574,85.51505
TD-Win-7,pre_refit,123,B0005,290,84.10414931140878,85.83424
TD-Win-7,pre_refit,123,B0005,294,83.52653061113354,88.48796
TD-Win-7,pre_refit,123,B0005,298,82.96602561057489,85.2493
TD-Win-7,pre_refit,123,B0005,302,82.99920327964658,84.38849
TD-Win-7,pre_refit,123,B0005,306,82.68003018050378,85.39911
TD-Win-7,pre_refit,123,B0005,310,82.39976893302816,84.93345
TD-Win-7,pre_refit,123,B0005,313,87.19626195760692,84.66503
TD-Win-7,pre_refit,123,B0005,316,84.91729656129593,85.17438
TD-Win-7,pre_refit,123,B0005,320,84.06165489885902,87.290726
TD-Win-7,pre_refit,123,B0005,324,83.2082752902044,86.186516
TD-Win-7,pre_refit,123,B0005,328,82.91381970838151,84.70585
TD-Win-7,pre_refit,123,B0005,332,82.37106085271179,85.85081
TD-Win-7,pre_refit,123,B0005,336,82.09631790141844,84.29414
TD-Win-7,pre_refit,123,B0005,340,81.80669701206385,84.44378
TD-Win-7,pre_refit,123,B0005,344,81.53418918115372,86.00324
TD-Win-7,pre_refit,123,B0005,348,80.95312575426658,83.98488
TD-Win-7,pre_refit,123,B0005,352,80.6829269258604,84.49813
TD-Win-7,pre_refit,123,B0005,356,80.38673535372676,83.63247
TD-Win-7,pre_refit,123,B0005,360,80.10415225005684,85.33257
TD-Win-7,pre_refit,123,B0005,364,80.68483906716317,82.830696
TD-Win-7,pre_refit,123,B0005,367,81.23806188586506,87.156044
TD-Win-7,pre_refit,123,B0005,371,80.40774500270479,85.10501
TD-Win-7,pre_refit,123,B0005,375,79.80793062432481,87.26034
TD-Win-7,pre_refit,123,B0005,379,78.94710440938543,85.487045
TD-Win-7,pre_refit,123,B0005,383,78.96040682717852,83.25724
TD-Win-7,pre_refit,123,B0005,387,79.00805769223405,85.97171
TD-Win-7,pre_refit,123,B0005,391,78.68325635434054,83.860435
TD-Win-7,pre_refit,123,B0005,395,78.12009683923326,83.18262
TD-Win-7,pre_refit,123,B0005,399,77.83635095586517,82.725464
TD-Win-7,pre_refit,123,B0005,403,77.83366081216815,85.84069
TD-Win-7,pre_refit,123,B0005,407,77.54418562704669,83.03981
TD-Win-7,pre_refit,123,B0005,411,77.26483532824366,82.74252
TD-Win-7,pre_refit,123,B0005,415,76.96665751739931,81.753944
TD-Win-7,pre_refit,123,B0005,419,76.69408123915822,82.52984
TD-Win-7,pre_refit,123,B0005,423,76.7032886034996,83.069214
TD-Win-7,pre_refit,123,B0005,427,76.43285089151239,85.216705
TD-Win-7,pre_refit,123,B0005,431,77.83345221466253,84.6789
TD-Win-7,pre_refit,123,B0005,433,78.09751233548145,84.49047
TD-Win-7,pre_refit,123,B0005,437,76.96262218385922,83.30769
TD-Win-7,pre_refit,123,B0005,441,76.3993634537507,83.18834
TD-Win-7,pre_refit,123,B0005,445,76.08562321685423,81.91286
TD-Win-7,pre_refit,123,B0005,449,75.84111192639295,82.259605
TD-Win-7,pre_refit,123,B0005,453,75.5470202599512,81.08838
TD-Win-7,pre_refit,123,B0005,457,75.2724773855306,80.61234
TD-Win-7,pre_refit,123,B0005,461,74.95796574493023,80.965576
TD-Win-7,pre_refit,123,B0005,465,74.67559060559861,83.312744
TD-Win-7,pre_refit,123,B0005,469,74.4190975749656,81.49101
TD-Win-7,pre_refit,123,B0005,473,74.41886702385212,79.73702
TD-Win-7,pre_refit,123,B0005,477,74.10538957595438,80.48402
TD-Win-7,pre_refit,123,B0005,481,74.68403981580354,81.311005
TD-Win-7,pre_refit,123,B0005,483,75.26611054535188,80.809555
TD-Win-7,pre_refit,123,B0005,485,74.38310747232698,81.93478
TD-Win-7,pre_refit,123,B0005,489,74.10795710900801,80.05502
TD-Win-7,pre_refit,123,B0005,493,73.53993654981534,80.3759
TD-Win-7,pre_refit,123,B0005,497,73.55729388669064,82.11179
TD-Win-7,pre_refit,123,B0005,501,73.56067241598603,80.082504
TD-Win-7,pre_refit,123,B0005,505,73.26805286034079,82.594986
TD-Win-7,pre_refit,123,B0005,509,72.98972077509227,82.04948
TD-Win-7,pre_refit,123,B0005,513,72.70747847813722,80.3734
TD-Win-7,pre_refit,123,B0005,517,72.70330518052887,79.72567
TD-Win-7,pre_refit,123,B0005,521,72.43680818215978,81.182976
TD-Win-7,pre_refit,123,B0005,525,72.14563728793834,83.77656
TD-Win-7,pre_refit,123,B0005,529,71.84842350914826,80.21736
TD-Win-7,pre_refit,123,B0005,533,71.57682808520298,80.11186
TD-Win-7,pre_refit,123,B0005,537,71.59297070565168,79.847755
TD-Win-7,pre_refit,123,B0005,541,71.58355486033668,82.51589
TD-Win-7,pre_refit,123,B0005,545,71.88651633814797,79.59474
TD-Win-7,pre_refit,123,B0005,548,73.85485752850198,77.17658
TD-Win-7,pre_refit,123,B0005,552,72.73676298693475,79.43905
TD-Win-7,pre_refit,123,B0005,556,72.16650080848474,80.27735
TD-Win-7,pre_refit,123,B0005,560,71.87574889700983,82.91094
TD-Win-7,pre_refit,123,B0005,564,71.60206343923741,80.547874
TD-Win-7,pre_refit,123,B0005,568,71.32194157026348,80.90398
TD-Win-7,pre_refit,123,B0005,572,71.30711389020412,80.86027
TD-Win-7,pre_refit,123,B0005,576,71.01356336148518,80.393845
TD-Win-7,pre_refit,123,B0005,580,70.75492745457169,78.88181
TD-Win-7,pre_refit,123,B0005,584,70.77254445771489,80.80956
TD-Win-7,pre_refit,123,B0005,588,70.77540542374062,80.743805
TD-Win-7,pre_refit,123,B0005,592,70.47550750397869,79.75754
TD-Win-7,pre_refit,123,B0005,596,70.48563041810954,79.17604
TD-Win-7,pre_refit,123,B0005,600,70.23531244180377,80.634155
TD-Win-7,pre_refit,123,B0005,604,69.93882142370093,80.90086
TD-Win-7,pre_refit,123,B0005,608,69.90890905512207,79.5711
TD-Win-7,pre_refit,123,B0005,612,71.07977535187085,82.96017
TD-Win-7,pre_refit,123,B0005,614,71.95205157786506,81.15868
TD-Win-7,refit_on_3,123,B0005,2,100.80760884947765,76.495865
TD-Win-7,refit_on_3,123,B0005,4,100.25590968770103,98.010826
TD-Win-7,refit_on_3,123,B0005,6,99.65979925247206,98.45361
TD-Win-7,refit_on_3,123,B0005,8,99.65509323788856,98.74204
TD-Win-7,refit_on_3,123,B0005,10,99.6215889724607,97.921036
TD-Win-7,refit_on_3,123,B0005,12,99.67676620535396,96.565834
TD-Win-7,refit_on_3,123,B0005,14,99.64877352944652,96.69774
TD-Win-7,refit_on_3,123,B0005,16,99.13892996732449,99.090096
TD-Win-7,refit_on_3,123,B0005,18,99.08555627584838,98.865135
TD-Win-7,refit_on_3,123,B0005,20,99.0768365083485,99.14334
TD-Win-7,refit_on_3,123,B0005,22,99.07717774099622,98.47998
TD-Win-7,refit_on_3,123,B0005,25,98.5114992237362,99.02344
TD-Win-7,refit_on_3,123,B0005,27,98.4870761948254,98.914764
TD-Win-7,refit_on_3,123,B0005,29,98.47015265835132,95.9581
TD-Win-7,refit_on_3,123,B0005,31,97.88140357167902,99.14377
TD-Win-7,refit_on_3,123,B0005,33,97.85473656745688,98.3649
TD-Win-7,refit_on_3,123,B0005,35,97.88039886599036,98.67413
TD-Win-7,refit_on_3,123,B0005,37,97.9069415267384,98.623344
TD-Win-7,refit_on_3,123,B0005,39,97.89115702988882,98.55374
TD-Win-7,refit_on_3,123,B0005,42,100.29385168145046,98.35396
TD-Win-7,refit_on_3,123,B0005,46,100.31510023136114,99.11753
TD-Win-7,refit_on_3,123,B0005,50,99.70477213786135,99.053024
TD-Win-7,refit_on_3,123,B0005,54,99.1402308374376,98.58483
TD-Win-7,refit_on_3,123,B0005,58,99.10400696359169,96.79476
TD-Win-7,refit_on_3,123,B0005,62,99.12941188644592,97.93736
TD-Win-7,refit_on_3,123,B0005,66,98.50222430381568,97.77061
TD-Win-7,refit_on_3,123,B0005,70,98.5423014565286,97.51519
TD-Win-7,refit_on_3,123,B0005,74,98.49887187571204,97.3661
TD-Win-7,refit_on_3,123,B0005,78,97.89050762402466,97.70057
TD-Win-7,refit_on_3,123,B0005,82,97.96171552529285,97.01113
TD-Win-7,refit_on_3,123,B0005,90,99.4075559707276,98.4724
TD-Win-7,refit_on_3,123,B0005,94,98.82112827769676,98.24218
TD-Win-7,refit_on_3,123,B0005,98,98.2457556393358,95.44445
TD-Win-7,refit_on_3,123,B0005,102,97.99065016377766,96.33461
TD-Win-7,refit_on_3,123,B0005,106,97.7065060215613,96.05261
TD-Win-7,refit_on_3,123,B0005,110,97.11279694879056,95.919785
TD-Win-7,refit_on_3,123,B0005,114,96.81304988059888,97.096664
TD-Win-7,refit_on_3,123,B0005,118,96.27605729788222,93.68362
TD-Win-7,refit_on_3,123,B0005,122,96.2762766313732,93.368324
TD-Win-7,refit_on_3,123,B0005,126,95.99578118843372,94.760025
TD-Win-7,refit_on_3,123,B0005,130,95.69403287907456,93.828865
TD-Win-7,refit_on_3,123,B0005,134,95.98194451474556,96.09253
TD-Win-7,refit_on_3,123,B0005,136,95.71321655496544,92.774025
TD-Win-7,refit_on_3,123,B0005,140,95.11928805425076,92.08388
TD-Win-7,refit_on_3,123,B0005,144,94.58275432725988,93.935814
TD-Win-7,refit_on_3,123,B0005,148,94.27008009570102,91.08918
TD-Win-7,refit_on_3,123,B0005,150,97.39411432859931,98.79302
TD-Win-7,refit_on_3,123,B0005,154,96.82749231246368,99.84743
TD-Win-7,refit_on_3,123,B0005,158,95.96820195991576,96.76495
TD-Win-7,refit_on_3,123,B0005,162,95.40638930769452,96.927605
TD-Win-7,refit_on_3,123,B0005,166,94.8553962680492,93.968185
TD-Win-7,refit_on_3,123,B0005,170,94.5755674779542,96.335815
TD-Win-7,refit_on_3,123,B0005,174,94.28806184403476,93.5749
TD-Win-7,refit_on_3,123,B0005,178,93.73958753620327,93.5592
TD-Win-7,refit_on_3,123,B0005,182,93.16861105469168,91.12871
TD-Win-7,refit_on_3,123,B0005,186,92.88227598613614,90.694824
TD-Win-7,refit_on_3,123,B0005,190,92.636901518198,89.18029
TD-Win-7,refit_on_3,123,B0005,194,92.32720191735562,92.02057
TD-Win-7,refit_on_3,123,B0005,198,92.01599848919145,90.71732
TD-Win-7,refit_on_3,123,B0005,202,91.49053823956656,93.59995
TD-Win-7,refit_on_3,123,B0005,206,90.92425521866993,90.53728
TD-Win-7,refit_on_3,123,B0005,210,90.92941856192826,87.686195
TD-Win-7,refit_on_3,123,B0005,214,90.34010561326173,88.0578
TD-Win-7,refit_on_3,123,B0005,216,90.0847586044663,90.82892
TD-Win-7,refit_on_3,123,B0005,220,89.80457989439137,91.79735
TD-Win-7,refit_on_3,123,B0005,224,89.19640288815545,86.71027
TD-Win-7,refit_on_3,123,B0005,228,88.93598251136243,87.22752
TD-Win-7,refit_on_3,123,B0005,232,88.65781340235759,87.25481
TD-Win-7,refit_on_3,123,B0005,236,88.38728178562198,89.89088
TD-Win-7,refit_on_3,123,B0005,240,88.08171260170519,85.00022
TD-Win-7,refit_on_3,123,B0005,244,87.49528010741024,86.47563
TD-Win-7,refit_on_3,123,B0005,248,87.2366743602368,84.591866
TD-Win-7,refit_on_3,123,B0005,252,86.96251727221627,84.03892
TD-Win-7,refit_on_3,123,B0005,256,86.35734215456989,83.201805
TD-Win-7,refit_on_3,123,B0005,260,86.10863457357058,85.22652
TD-Win-7,refit_on_3,123,B0005,264,86.06270063126725,83.07179
TD-Win-7,refit_on_3,123,B0005,266,86.63737677555004,84.11203
TD-Win-7,refit_on_3,123,B0005,270,85.50813849993258,82.43696
TD-Win-7,refit_on_3,123,B0005,274,84.97446653296429,81.54511
TD-Win-7,refit_on_3,123,B0005,278,84.69557819389517,84.43097
TD-Win-7,refit_on_3,123,B0005,282,84.68013627936132,81.20843
TD-Win-7,refit_on_3,123,B0005,286,84.41991821853574,81.81735
TD-Win-7,refit_on_3,123,B0005,290,84.10414931140878,82.23372
TD-Win-7,refit_on_3,123,B0005,294,83.52653061113354,85.02984
TD-Win-7,refit_on_3,123,B0005,298,82.96602561057489,80.80588
TD-Win-7,refit_on_3,123,B0005,302,82.99920327964658,80.39554
TD-Win-7,refit_on_3,123,B0005,306,82.68003018050378,80.98391
TD-Win-7,refit_on_3,123,B0005,310,82.39976893302816,80.40514
TD-Win-7,refit_on_3,123,B0005,313,87.19626195760692,80.658806
TD-Win-7,refit_on_3,123,B0005,316,84.91729656129593,82.41321
TD-Win-7,refit_on_3,123,B0005,320,84.06165489885902,84.28737
TD-Win-7,refit_on_3,123,B0005,324,83.2082752902044,82.11218
TD-Win-7,refit_on_3,123,B0005,328,82.91381970838151,80.901146
TD-Win-7,refit_on_3,123,B0005,332,82.37106085271179,81.64576
TD-Win-7,refit_on_3,123,B0005,336,82.09631790141844,80.248825
TD-Win-7,refit_on_3,123,B0005,340,81.80669701206385,80.07778
TD-Win-7,refit_on_3,123,B0005,344,81.53418918115372,82.139534
TD-Win-7,refit_on_3,123,B0005,348,80.95312575426658,79.11843
TD-Win-7,refit_on_3,123,B0005,352,80.6829269258604,79.41861
TD-Win-7,refit_on_3,123,B0005,356,80.38673535372676,78.5839
TD-Win-7,refit_on_3,123,B0005,360,80.10415225005684,80.6484
TD-Win-7,refit_on_3,123,B0005,364,80.68483906716317,78.31565
TD-Win-7,refit_on_3,123,B0005,367,81.23806188586506,83.730064
TD-Win-7,refit_on_3,123,B0005,371,80.40774500270479,81.048744
TD-Win-7,refit_on_3,123,B0005,375,79.80793062432481,83.22546
TD-Win-7,refit_on_3,123,B0005,379,78.94710440938543,80.990654
TD-Win-7,refit_on_3,123,B0005,383,78.96040682717852,77.85072
TD-Win-7,refit_on_3,123,B0005,387,79.00805769223405,81.862305
TD-Win-7,refit_on_3,123,B0005,391,78.68325635434054,78.905014
TD-Win-7,refit_on_3,123,B0005,395,78.12009683923326,77.42491
TD-Win-7,refit_on_3,123,B0005,399,77.83635095586517,76.958084
TD-Win-7,refit_on_3,123,B0005,403,77.83366081216815,81.12777
TD-Win-7,refit_on_3,123,B0005,407,77.54418562704669,77.31253
TD-Win-7,refit_on_3,123,B0005,411,77.26483532824366,76.86066
TD-Win-7,refit_on_3,123,B0005,415,76.96665751739931,75.91169
TD-Win-7,refit_on_3,123,B0005,419,76.69408123915822,76.62548
TD-Win-7,refit_on_3,123,B0005,423,76.7032886034996,77.77719
TD-Win-7,refit_on_3,123,B0005,427,76.43285089151239,79.71752
TD-Win-7,refit_on_3,123,B0005,431,77.83345221466253,79.80106
TD-Win-7,refit_on_3,123,B0005,433,78.09751233548145,80.1829
TD-Win-7,refit_on_3,123,B0005,437,76.96262218385922,77.593376
TD-Win-7,refit_on_3,123,B0005,441,76.3993634537507,77.072815
TD-Win-7,refit_on_3,123,B0005,445,76.08562321685423,75.69034
TD-Win-7,refit_on_3,123,B0005,449,75.84111192639295,75.93189
TD-Win-7,refit_on_3,123,B0005,453,75.5470202599512,74.92125
TD-Win-7,refit_on_3,123,B0005,457,75.2724773855306,74.24557
TD-Win-7,refit_on_3,123,B0005,461,74.95796574493023,74.15743
TD-Win-7,refit_on_3,123,B0005,465,74.67559060559861,76.94075
TD-Win-7,refit_on_3,123,B0005,469,74.4190975749656,74.86087
TD-Win-7,refit_on_3,123,B0005,473,74.41886702385212,73.10033
TD-Win-7,refit_on_3,123,B0005,477,74.10538957595438,73.429924
TD-Win-7,refit_on_3,123,B0005,481,74.68403981580354,74.84298
TD-Win-7,refit_on_3,123,B0005,483,75.26611054535188,74.43232
TD-Win-7,refit_on_3,123,B0005,485,74.38310747232698,74.99608
TD-Win-7,refit_on_3,123,B0005,489,74.10795710900801,73.22877
TD-Win-7,refit_on_3,123,B0005,493,73.53993654981534,72.711395
TD-Win-7,refit_on_3,123,B0005,497,73.55729388669064,75.03425
TD-Win-7,refit_on_3,123,B0005,501,73.56067241598603,73.177956
TD-Win-7,refit_on_3,123,B0005,505,73.26805286034079,75.63287
TD-Win-7,refit_on_3,123,B0005,509,72.98972077509227,75.2352
TD-Win-7,refit_on_3,123,B0005,513,72.70747847813722,72.72209
TD-Win-7,refit_on_3,123,B0005,517,72.70330518052887,72.36859
TD-Win-7,refit_on_3,123,B0005,521,72.43680818215978,73.5104
TD-Win-7,refit_on_3,123,B0005,525,72.14563728793834,76.32443
TD-Win-7,refit_on_3,123,B0005,529,71.84842350914826,72.12132
TD-Win-7,refit_on_3,123,B0005,533,71.57682808520298,71.470894
TD-Win-7,refit_on_3,123,B0005,537,71.59297070565168,71.19826
TD-Win-7,refit_on_3,123,B0005,541,71.58355486033668,74.91826
TD-Win-7,refit_on_3,123,B0005,545,71.88651633814797,70.98576
TD-Win-7,refit_on_3,123,B0005,548,73.85485752850198,70.00433
TD-Win-7,refit_on_3,123,B0005,552,72.73676298693475,72.120056
TD-Win-7,refit_on_3,123,B0005,556,72.16650080848474,72.41307
TD-Win-7,refit_on_3,123,B0005,560,71.87574889700983,75.09101
TD-Win-7,refit_on_3,123,B0005,564,71.60206343923741,72.419495
TD-Win-7,refit_on_3,123,B0005,568,71.32194157026348,72.235306
TD-Win-7,refit_on_3,123,B0005,572,71.30711389020412,72.920555
TD-Win-7,refit_on_3,123,B0005,576,71.01356336148518,71.727135
TD-Win-7,refit_on_3,123,B0005,580,70.75492745457169,69.83608
TD-Win-7,refit_on_3,123,B0005,584,70.77254445771489,72.435265
TD-Win-7,refit_on_3,123,B0005,588,70.77540542374062,72.85409
TD-Win-7,refit_on_3,123,B0005,592,70.47550750397869,71.13251
TD-Win-7,refit_on_3,123,B0005,596,70.48563041810954,70.84653
TD-Win-7,refit_on_3,123,B0005,600,70.23531244180377,72.27972
TD-Win-7,refit_on_3,123,B0005,604,69.93882142370093,71.880615
TD-Win-7,refit_on_3,123,B0005,608,69.90890905512207,70.447426
TD-Win-7,refit_on_3,123,B0005,612,71.07977535187085,75.91083
TD-Win-7,refit_on_3,123,B0005,614,71.95205157786506,75.16625
TD-Win-7,pre_refit,123,B0006,2,100.88297108833646,83.538414
TD-Win-7,pre_refit,123,B0006,4,100.37753235288778,99.707794
TD-Win-7,pre_refit,123,B0006,6,99.79196916000484,99.909004
TD-Win-7,pre_refit,123,B0006,8,99.7899019818078,99.85252
TD-Win-7,pre_refit,123,B0006,10,99.15762541696316,99.34563
TD-Win-7,pre_refit,123,B0006,12,99.8203556776378,99.12093
TD-Win-7,pre_refit,123,B0006,14,99.7808037027038,98.795204
TD-Win-7,pre_refit,123,B0006,16,97.5844832820893,99.638855
TD-Win-7,pre_refit,123,B0006,18,97.5535716293996,99.55516
TD-Win-7,pre_refit,123,B0006,20,97.01155142541865,99.086296
TD-Win-7,pre_refit,123,B0006,22,96.43502080876348,99.17467
TD-Win-7,pre_refit,123,B0006,25,95.8972998236526,98.23024
TD-Win-7,pre_refit,123,B0006,27,95.32875373854844,99.27753
TD-Win-7,pre_refit,123,B0006,29,94.76419905980474,97.695045
TD-Win-7,pre_refit,123,B0006,31,94.22773853976388,98.55079
TD-Win-7,pre_refit,123,B0006,33,93.6395064953226,98.26941
TD-Win-7,pre_refit,123,B0006,35,93.09821798643677,98.37045
TD-Win-7,pre_refit,123,B0006,37,92.56743574756617,98.12977
TD-Win-7,pre_refit,123,B0006,39,92.56840432582156,97.69512
TD-Win-7,pre_refit,123,B0006,42,98.12161319843736,97.743126
TD-Win-7,pre_refit,123,B0006,46,97.02736865587346,98.96756
TD-Win-7,pre_refit,123,B0006,50,96.4457203456954,98.51662
TD-Win-7,pre_refit,123,B0006,54,95.37664206593776,98.148605
TD-Win-7,pre_refit,123,B0006,58,96.45395400781383,96.98983
TD-Win-7,pre_refit,123,B0006,62,94.2446511737385,97.64363
TD-Win-7,pre_refit,123,B0006,66,93.11783815158223,96.87824
TD-Win-7,pre_refit,123,B0006,70,92.60393676951,96.19638
TD-Win-7,pre_refit,123,B0006,74,91.99518419888014,95.76038
TD-Win-7,pre_refit,123,B0006,78,91.45865458065036,96.352905
TD-Win-7,pre_refit,123,B0006,82,92.05488530825814,94.19958
TD-Win-7,pre_refit,123,B0006,90,93.2941701264468,96.5513
TD-Win-7,pre_refit,123,B0006,94,91.95812296295944,95.23072
TD-Win-7,pre_refit,123,B0006,98,91.16379285351326,92.00877
TD-Win-7,pre_refit,123,B0006,102,90.13722315501992,93.31775
TD-Win-7,pre_refit,123,B0006,106,89.88629167454431,91.29595
TD-Win-7,pre_refit,123,B0006,110,89.07464504963947,91.55763
TD-Win-7,pre_refit,123,B0006,114,88.27677498375004,92.209274
TD-Win-7,pre_refit,123,B0006,118,87.78153478310176,88.87096
TD-Win-7,pre_refit,123,B0006,122,87.25902301297472,87.87746
TD-Win-7,pre_refit,123,B0006,126,86.75445063463465,88.95405
TD-Win-7,pre_refit,123,B0006,130,86.21919662960373,89.57641
TD-Win-7,pre_refit,123,B0006,134,86.97181002045869,89.605705
TD-Win-7,pre_refit,123,B0006,136,87.53004089819298,87.42521
TD-Win-7,pre_refit,123,B0006,140,85.93648557449694,86.773445
TD-Win-7,pre_refit,123,B0006,144,84.92223069682748,87.97061
TD-Win-7,pre_refit,123,B0006,148,84.38106569995976,85.248344
TD-Win-7,pre_refit,123,B0006,150,90.39396636175364,94.234505
TD-Win-7,pre_refit,123,B0006,154,89.62118442408695,95.01552
TD-Win-7,pre_refit,123,B0006,158,88.01687540594799,91.44438
TD-Win-7,pre_refit,123,B0006,162,86.47934133475826,92.56103
TD-Win-7,pre_refit,123,B0006,166,85.7093899316892,88.29406
TD-Win-7,pre_refit,123,B0006,170,84.66363361309608,90.45364
TD-Win-7,pre_refit,123,B0006,174,84.14253773442293,88.48797
TD-Win-7,pre_refit,123,B0006,178,83.37268440744252,87.73429
TD-Win-7,pre_refit,123,B0006,182,82.84795096685752,84.94321
TD-Win-7,pre_refit,123,B0006,186,82.31672078137474,83.60278
TD-Win-7,pre_refit,123,B0006,190,81.8390002521071,83.89886
TD-Win-7,pre_refit,123,B0006,194,81.29446683115198,84.69893
TD-Win-7,pre_refit,123,B0006,198,80.75246648690656,83.666664
TD-Win-7,pre_refit,123,B0006,202,79.7437886746144,87.75945
TD-Win-7,pre_refit,123,B0006,206,79.47984426199564,85.16286
TD-Win-7,pre_refit,123,B0006,210,79.25415788836384,82.19306
TD-Win-7,pre_refit,123,B0006,214,78.69188922732394,81.62376
TD-Win-7,pre_refit,123,B0006,216,78.46114405771091,83.65558
TD-Win-7,pre_refit,123,B0006,220,77.67630372212932,84.55799
TD-Win-7,pre_refit,123,B0006,224,77.38916838478035,81.39267
TD-Win-7,pre_refit,123,B0006,228,76.88491527529958,81.66022
TD-Win-7,pre_refit,123,B0006,232,76.3646225030132,81.93749
TD-Win-7,pre_refit,123,B0006,236,75.60327887522882,83.858246
TD-Win-7,pre_refit,123,B0006,240,75.84333345118733,80.50399
TD-Win-7,pre_refit,123,B0006,244,75.57070473005419,79.73058
TD-Win-7,pre_refit,123,B0006,248,75.06972493621848,79.78199
TD-Win-7,pre_refit,123,B0006,252,74.81407516505371,79.57446
TD-Win-7,pre_refit,123,B0006,256,74.54671414292675,78.57491
TD-Win-7,pre_refit,123,B0006,260,74.02740213488109,80.60698
TD-Win-7,pre_refit,123,B0006,264,73.73556466569462,78.60163
TD-Win-7,pre_refit,123,B0006,266,75.84980622026112,77.624664
TD-Win-7,pre_refit,123,B0006,270,74.55060879561292,79.77283
TD-Win-7,pre_refit,123,B0006,274,73.79142812679322,78.123184
TD-Win-7,pre_refit,123,B0006,278,73.27190839787096,80.53563
TD-Win-7,pre_refit,123,B0006,282,73.28093201847443,78.51332
TD-Win-7,pre_refit,123,B0006,286,73.02095301621284,75.07439
TD-Win-7,pre_refit,123,B0006,290,72.73851013234444,79.588486
TD-Win-7,pre_refit,123,B0006,294,71.95104826590523,80.86042
TD-Win-7,pre_refit,123,B0006,298,71.96564568462234,77.604904
TD-Win-7,pre_refit,123,B0006,302,71.72895437691278,77.33395
TD-Win-7,pre_refit,123,B0006,306,71.71434939609318,78.39617
TD-Win-7,pre_refit,123,B0006,310,71.45761792874575,78.319664
TD-Win-7,pre_refit,123,B0006,313,78.98726854374111,76.89051
TD-Win-7,pre_refit,123,B0006,316,76.64794397240323,77.42051
TD-Win-7,pre_refit,123,B0006,320,75.07747171565073,80.549286
TD-Win-7,pre_refit,123,B0006,324,74.29795247472106,78.59538
TD-Win-7,pre_refit,123,B0006,328,73.51146675367659,78.11733
TD-Win-7,pre_refit,123,B0006,332,73.00864275760908,78.55116
TD-Win-7,pre_refit,123,B0006,336,72.50277290138493,78.158615
TD-Win-7,pre_refit,123,B0006,340,71.96131839956391,77.48131
TD-Win-7,pre_refit,123,B0006,344,71.71500633205595,78.85653
TD-Win-7,pre_refit,123,B0006,348,71.44305583769248,77.49204
TD-Win-7,pre_refit,123,B0006,352,70.93898960214143,76.86962
TD-Win-7,pre_refit,123,B0006,356,70.68194044477139,77.007385
TD-Win-7,pre_refit,123,B0006,360,70.4074916889224,78.98649
TD-Win-7,pre_refit,123,B0006,364,70.41804785222855,76.91577
TD-Win-7,pre_refit,123,B0006,367,71.98210310103482,79.80441
TD-Win-7,pre_refit,123,B0006,371,70.95618334594263,78.83132
TD-Win-7,pre_refit,123,B0006,375,70.1362730902931,80.824295
TD-Win-7,pre_refit,123,B0006,379,69.87433806657212,78.24397
TD-Win-7,pre_refit,123,B0006,383,69.63573699649338,76.89612
TD-Win-7,pre_refit,123,B0006,387,69.15232147064526,81.01312
TD-Win-7,pre_refit,123,B0006,391,69.12109936452545,77.4376
TD-Win-7,pre_refit,123,B0006,395,68.86250185726787,76.732414
TD-Win-7,pre_refit,123,B0006,399,68.59092282212131,76.95006
TD-Win-7,pre_refit,123,B0006,403,68.08750743669,79.76423
TD-Win-7,pre_refit,123,B0006,407,68.33159705981836,77.365555
TD-Win-7,pre_refit,123,B0006,411,68.09140360412486,76.759415
TD-Win-7,pre_refit,123,B0006,415,67.81869443003508,76.96977
TD-Win-7,pre_refit,123,B0006,419,67.5730638436144,76.56919
TD-Win-7,pre_refit,123,B0006,423,67.31503513349786,77.52457
TD-Win-7,pre_refit,123,B0006,427,67.07575548417674,79.33013
TD-Win-7,pre_refit,123,B0006,431,68.60691404106846,79.36735
TD-Win-7,pre_refit,123,B0006,433,69.64711039275872,79.11492
TD-Win-7,pre_refit,123,B0006,437,68.33719964359061,77.71295
TD-Win-7,pre_refit,123,B0006,441,67.81907707369999,77.56299
TD-Win-7,pre_refit,123,B0006,445,67.27630029953899,76.56595
TD-Win-7,pre_refit,123,B0006,449,67.03731096833596,77.12549
TD-Win-7,pre_refit,123,B0006,453,66.78534122129697,76.426384
TD-Win-7,pre_refit,123,B0006,457,66.26973868287087,77.11607
TD-Win-7,pre_refit,123,B0006,461,65.98363462621751,76.64671
TD-Win-7,pre_refit,123,B0006,465,65.72069252661954,79.73312
TD-Win-7,pre_refit,123,B0006,469,65.50500064349335,76.79251
TD-Win-7,pre_refit,123,B0006,473,65.48747074550045,76.49155
TD-Win-7,pre_refit,123,B0006,477,65.2110653386093,76.59511
TD-Win-7,pre_refit,123,B0006,481,65.47148558720653,77.89755
TD-Win-7,pre_refit,123,B0006,483,66.78647932759047,76.42696
TD-Win-7,pre_refit,123,B0006,485,65.72477818237311,78.6853
TD-Win-7,pre_refit,123,B0006,489,64.93697426302657,77.18965
TD-Win-7,pre_refit,123,B0006,493,64.69397950587184,77.879585
TD-Win-7,pre_refit,123,B0006,497,64.45556804271465,77.78575
TD-Win-7,pre_refit,123,B0006,501,64.44711910522597,78.343765
TD-Win-7,pre_refit,123,B0006,505,63.9153253541329,78.38019
TD-Win-7,pre_refit,123,B0006,509,63.40709756117343,79.57604
TD-Win-7,pre_refit,123,B0006,513,63.40485519747241,77.50723
TD-Win-7,pre_refit,123,B0006,517,63.14854807557744,77.811104
TD-Win-7,pre_refit,123,B0006,521,63.15304028594434,78.68747
TD-Win-7,pre_refit,123,B0006,525,62.63936845251047,81.850815
TD-Win-7,pre_refit,123,B0006,529,62.36048327920517,78.90167
TD-Win-7,pre_refit,123,B0006,533,62.11872624491582,77.960106
TD-Win-7,pre_refit,123,B0006,537,62.11731201074328,76.71309
TD-Win-7,pre_refit,123,B0006,541,61.86235410492132,81.10618
TD-Win-7,pre_refit,123,B0006,545,62.12742822257309,78.45148
TD-Win-7,pre_refit,123,B0006,548,63.93010610326108,76.39388
TD-Win-7,pre_refit,123,B0006,552,62.62827859533666,79.05198
TD-Win-7,pre_refit,123,B0006,556,61.85683618405182,79.579285
TD-Win-7,pre_refit,123,B0006,560,61.07092794836815,81.69532
TD-Win-7,pre_refit,123,B0006,564,60.82277612678393,79.824036
TD-Win-7,pre_refit,123,B0006,568,60.55640953242813,79.49104
TD-Win-7,pre_refit,123,B0006,572,60.02917505279337,80.76873
TD-Win-7,pre_refit,123,B0006,576,59.75722270334661,79.549706
TD-Win-7,pre_refit,123,B0006,580,59.52315601830062,78.00808
TD-Win-7,pre_refit,123,B0006,584,59.01246912863032,81.15103
TD-Win-7,pre_refit,123,B0006,588,58.74426171153606,80.23177
TD-Win-7,pre_refit,123,B0006,592,58.47122551716232,80.27047
TD-Win-7,pre_refit,123,B0006,596,58.2196597592319,80.67542
TD-Win-7,pre_refit,123,B0006,600,57.18983519098029,82.213684
TD-Win-7,pre_refit,123,B0006,604,57.71437056534329,81.707535
TD-Win-7,pre_refit,123,B0006,608,57.43663099473362,80.288666
TD-Win-7,pre_refit,123,B0006,612,58.23847489632371,83.778694
TD-Win-7,pre_refit,123,B0006,614,58.76884540363096,82.45712
TD-Win-7,refit_on_3,123,B0006,2,100.88297108833646,80.89288
TD-Win-7,refit_on_3,123,B0006,4,100.37753235288778,101.95159
TD-Win-7,refit_on_3,123,B0006,6,99.79196916000484,102.149796
TD-Win-7,refit_on_3,123,B0006,8,99.7899019818078,102.15121
TD-Win-7,refit_on_3,123,B0006,10,99.15762541696316,101.43963
TD-Win-7,refit_on_3,123,B0006,12,99.8203556776378,101.06921
TD-Win-7,refit_on_3,123,B0006,14,99.7808037027038,100.69702
TD-Win-7,refit_on_3,123,B0006,16,97.5844832820893,101.97795
TD-Win-7,refit_on_3,123,B0006,18,97.5535716293996,101.860115
TD-Win-7,refit_on_3,123,B0006,20,97.01155142541865,101.35217
TD-Win-7,refit_on_3,123,B0006,22,96.43502080876348,101.42334
TD-Win-7,refit_on_3,123,B0006,25,95.8972998236526,99.92087
TD-Win-7,refit_on_3,123,B0006,27,95.32875373854844,101.50912
TD-Win-7,refit_on_3,123,B0006,29,94.76419905980474,99.230774
TD-Win-7,refit_on_3,123,B0006,31,94.22773853976388,100.72096
TD-Win-7,refit_on_3,123,B0006,33,93.6395064953226,100.306366
TD-Win-7,refit_on_3,123,B0006,35,93.09821798643677,100.336235
TD-Win-7,refit_on_3,123,B0006,37,92.56743574756617,100.03856
TD-Win-7,refit_on_3,123,B0006,39,92.56840432582156,99.483246
TD-Win-7,refit_on_3,123,B0006,42,98.12161319843736,99.62149
TD-Win-7,refit_on_3,123,B0006,46,97.02736865587346,101.3191
TD-Win-7,refit_on_3,123,B0006,50,96.4457203456954,100.765884
TD-Win-7,refit_on_3,123,B0006,54,95.37664206593776,100.36659
TD-Win-7,refit_on_3,123,B0006,58,96.45395400781383,98.73666
TD-Win-7,refit_on_3,123,B0006,62,94.2446511737385,99.71564
TD-Win-7,refit_on_3,123,B0006,66,93.11783815158223,98.903496
TD-Win-7,refit_on_3,123,B0006,70,92.60393676951,97.9247
TD-Win-7,refit_on_3,123,B0006,74,91.99518419888014,97.51403
TD-Win-7,refit_on_3,123,B0006,78,91.45865458065036,98.1236
TD-Win-7,refit_on_3,123,B0006,82,92.05488530825814,95.43571
TD-Win-7,refit_on_3,123,B0006,90,93.2941701264468,97.68877
TD-Win-7,refit_on_3,123,B0006,94,91.95812296295944,96.2926
TD-Win-7,refit_on_3,123,B0006,98,91.16379285351326,92.130356
TD-Win-7,refit_on_3,123,B0006,102,90.13722315501992,94.63441
TD-Win-7,refit_on_3,123,B0006,106,89.88629167454431,91.59368
TD-Win-7,refit_on_3,123,B0006,110,89.07464504963947,91.84969
TD-Win-7,refit_on_3,123,B0006,114,88.27677498375004,93.324
TD-Win-7,refit_on_3,123,B0006,118,87.78153478310176,88.934044
TD-Win-7,refit_on_3,123,B0006,122,87.25902301297472,87.7636
TD-Win-7,refit_on_3,123,B0006,126,86.75445063463465,88.86372
TD-Win-7,refit_on_3,123,B0006,130,86.21919662960373,89.85485
TD-Win-7,refit_on_3,123,B0006,134,86.97181002045869,89.98202
TD-Win-7,refit_on_3,123,B0006,136,87.53004089819298,86.716965
TD-Win-7,refit_on_3,123,B0006,140,85.93648557449694,86.25569
TD-Win-7,refit_on_3,123,B0006,144,84.92223069682748,87.97899
TD-Win-7,refit_on_3,123,B0006,148,84.38106569995976,84.32061
TD-Win-7,refit_on_3,123,B0006,150,90.39396636175364,94.83974
TD-Win-7,refit_on_3,123,B0006,154,89.62118442408695,96.14609
TD-Win-7,refit_on_3,123,B0006,158,88.01687540594799,91.644394
TD-Win-7,refit_on_3,123,B0006,162,86.47934133475826,93.87345
TD-Win-7,refit_on_3,123,B0006,166,85.7093899316892,87.788704
TD-Win-7,refit_on_3,123,B0006,170,84.66363361309608,90.84367
TD-Win-7,refit_on_3,123,B0006,174,84.14253773442293,88.32648
TD-Win-7,refit_on_3,123,B0006,178,83.37268440744252,87.019684
TD-Win-7,refit_on_3,123,B0006,182,82.84795096685752,83.493744
TD-Win-7,refit_on_3,123,B0006,186,82.31672078137474,82.15597
TD-Win-7,refit_on_3,123,B0006,190,81.8390002521071,82.59645
TD-Win-7,refit_on_3,123,B0006,194,81.29446683115198,83.24981
TD-Win-7,refit_on_3,123,B0006,198,80.75246648690656,81.77388
TD-Win-7,refit_on_3,123,B0006,202,79.7437886746144,87.156
TD-Win-7,refit_on_3,123,B0006,206,79.47984426199564,83.69107
TD-Win-7,refit_on_3,123,B0006,210,79.25415788836384,79.96679
TD-Win-7,refit_on_3,123,B0006,214,78.69188922732394,78.933784
TD-Win-7,refit_on_3,123,B0006,216,78.46114405771091,81.366
TD-Win-7,refit_on_3,123,B0006,220,77.67630372212932,82.576065
TD-Win-7,refit_on_3,123,B0006,224,77.38916838478035,78.49747
TD-Win-7,refit_on_3,123,B0006,228,76.88491527529958,78.791756
TD-Win-7,refit_on_3,123,B0006,232,76.3646225030132,79.026245
TD-Win-7,refit_on_3,123,B0006,236,75.60327887522882,81.73537
TD-Win-7,refit_on_3,123,B0006,240,75.84333345118733,76.60892
TD-Win-7,refit_on_3,123,B0006,244,75.57070473005419,75.835915
TD-Win-7,refit_on_3,123,B0006,248,75.06972493621848,75.59688
TD-Win-7,refit_on_3,123,B0006,252,74.81407516505371,75.24341
TD-Win-7,refit_on_3,123,B0006,256,74.54671414292675,74.794235
TD-Win-7,refit_on_3,123,B0006,260,74.02740213488109,76.39298
TD-Win-7,refit_on_3,123,B0006,264,73.73556466569462,74.65669
TD-Win-7,refit_on_3,123,B0006,266,75.84980622026112,74.338936
TD-Win-7,refit_on_3,123,B0006,270,74.55060879561292,75.3686
TD-Win-7,refit_on_3,123,B0006,274,73.79142812679322,74.66257
TD-Win-7,refit_on_3,123,B0006,278,73.27190839787096,76.40119
TD-Win-7,refit_on_3,123,B0006,282,73.28093201847443,74.32682
TD-Win-7,refit_on_3,123,B0006,286,73.02095301621284,71.77389
TD-Win-7,refit_on_3,123,B0006,290,72.73851013234444,74.67328
TD-Win-7,refit_on_3,123,B0006,294,71.95104826590523,76.38152
TD-Win-7,refit_on_3,123,B0006,298,71.96564568462234,73.62811
TD-Win-7,refit_on_3,123,B0006,302,71.72895437691278,73.25627
TD-Win-7,refit_on_3,123,B0006,306,71.71434939609318,73.72651
TD-Win-7,refit_on_3,123,B0006,310,71.45761792874575,73.47057
TD-Win-7,refit_on_3,123,B0006,313,78.98726854374111,73.258446
TD-Win-7,refit_on_3,123,B0006,316,76.64794397240323,74.16747
TD-Win-7,refit_on_3,123,B0006,320,75.07747171565073,76.65555
TD-Win-7,refit_on_3,123,B0006,324,74.29795247472106,74.65141
TD-Win-7,refit_on_3,123,B0006,328,73.51146675367659,74.09331
TD-Win-7,refit_on_3,123,B0006,332,73.00864275760908,74.35958
TD-Win-7,refit_on_3,123,B0006,336,72.50277290138493,74.013374
TD-Win-7,refit_on_3,123,B0006,340,71.96131839956391,73.49618
TD-Win-7,refit_on_3,123,B0006,344,71.71500633205595,74.50376
TD-Win-7,refit_on_3,123,B0006,348,71.44305583769248,73.2716
TD-Win-7,refit_on_3,123,B0006,352,70.93898960214143,72.68144
TD-Win-7,refit_on_3,123,B0006,356,70.68194044477139,72.77079
TD-Win-7,refit_on_3,123,B0006,360,70.4074916889224,74.09194
TD-Win-7,refit_on_3,123,B0006,364,70.41804785222855,72.45029
TD-Win-7,refit_on_3,123,B0006,367,71.98210310103482,74.96437
TD-Win-7,refit_on_3,123,B0006,371,70.95618334594263,73.77156
TD-Win-7,refit_on_3,123,B0006,375,70.1362730902931,75.82085
TD-Win-7,refit_on_3,123,B0006,379,69.87433806657212,73.75405
TD-Win-7,refit_on_3,123,B0006,383,69.63573699649338,72.21713
TD-Win-7,refit_on_3,123,B0006,387,69.15232147064526,74.86711
TD-Win-7,refit_on_3,123,B0006,391,69.12109936452545,72.338715
TD-Win-7,refit_on_3,123,B0006,395,68.86250185726787,71.831245
TD-Win-7,refit_on_3,123,B0006,399,68.59092282212131,71.98851
TD-Win-7,refit_on_3,123,B0006,403,68.08750743669,74.16321
TD-Win-7,refit_on_3,123,B0006,407,68.33159705981836,71.9759
TD-Win-7,refit_on_3,123,B0006,411,68.09140360412486,71.5948
TD-Win-7,refit_on_3,123,B0006,415,67.81869443003508,71.70628
TD-Win-7,refit_on_3,123,B0006,419,67.5730638436144,71.375824
TD-Win-7,refit_on_3,123,B0006,423,67.31503513349786,72.13961
TD-Win-7,refit_on_3,123,B0006,427,67.07575548417674,73.26149
TD-Win-7,refit_on_3,123,B0006,431,68.60691404106846,73.32855
TD-Win-7,refit_on_3,123,B0006,433,69.64711039275872,73.67867
TD-Win-7,refit_on_3,123,B0006,437,68.33719964359061,72.40356
TD-Win-7,refit_on_3,123,B0006,441,67.81907707369999,72.203064
TD-Win-7,refit_on_3,123,B0006,445,67.27630029953899,71.40135
TD-Win-7,refit_on_3,123,B0006,449,67.03731096833596,71.67453
TD-Win-7,refit_on_3,123,B0006,453,66.78534122129697,71.0853
TD-Win-7,refit_on_3,123,B0006,457,66.26973868287087,71.55459
TD-Win-7,refit_on_3,123,B0006,461,65.98363462621751,71.06509
TD-Win-7,refit_on_3,123,B0006,465,65.72069252661954,73.192535
TD-Win-7,refit_on_3,123,B0006,469,65.50500064349335,71.366425
TD-Win-7,refit_on_3,123,B0006,473,65.48747074550045,70.70358
TD-Win-7,refit_on_3,123,B0006,477,65.2110653386093,70.67512
TD-Win-7,refit_on_3,123,B0006,481,65.47148558720653,71.461716
TD-Win-7,refit_on_3,123,B0006,483,66.78647932759047,70.82223
TD-Win-7,refit_on_3,123,B0006,485,65.72477818237311,71.793594
TD-Win-7,refit_on_3,123,B0006,489,64.93697426302657,70.97472
TD-Win-7,refit_on_3,123,B0006,493,64.69397950587184,71.11905
TD-Win-7,refit_on_3,123,B0006,497,64.45556804271465,71.5452
TD-Win-7,refit_on_3,123,B0006,501,64.44711910522597,71.28182
TD-Win-7,refit_on_3,123,B0006,505,63.9153253541329,71.61233
TD-Win-7,refit_on_3,123,B0006,509,63.40709756117343,72.316086
TD-Win-7,refit_on_3,123,B0006,513,63.40485519747241,70.66002
TD-Win-7,refit_on_3,123,B0006,517,63.14854807557744,70.89879
TD-Win-7,refit_on_3,123,B0006,521,63.15304028594434,71.14054
TD-Win-7,refit_on_3,123,B0006,525,62.63936845251047,73.12074
TD-Win-7,refit_on_3,123,B0006,529,62.36048327920517,71.19133
TD-Win-7,refit_on_3,123,B0006,533,62.11872624491582,70.85998
TD-Win-7,refit_on_3,123,B0006,537,62.11731201074328,69.97577
TD-Win-7,refit_on_3,123,B0006,541,61.86235410492132,72.52562
TD-Win-7,refit_on_3,123,B0006,545,62.12742822257309,70.52165
TD-Win-7,refit_on_3,123,B0006,548,63.93010610326108,69.998055
TD-Win-7,refit_on_3,123,B0006,552,62.62827859533666,70.97556
TD-Win-7,refit_on_3,123,B0006,556,61.85683618405182,71.171
TD-Win-7,refit_on_3,123,B0006,560,61.07092794836815,72.59374
TD-Win-7,refit_on_3,123,B0006,564,60.82277612678393,71.354034
TD-Win-7,refit_on_3,123,B0006,568,60.55640953242813,70.861984
TD-Win-7,refit_on_3,123,B0006,572,60.02917505279337,71.75339
TD-Win-7,refit_on_3,123,B0006,576,59.75722270334661,70.773346
TD-Win-7,refit_on_3,123,B0006,580,59.52315601830062,69.774704
TD-Win-7,refit_on_3,123,B0006,584,59.01246912863032,71.62153
TD-Win-7,refit_on_3,123,B0006,588,58.74426171153606,71.05484
TD-Win-7,refit_on_3,123,B0006,592,58.47122551716232,70.77875
TD-Win-7,refit_on_3,123,B0006,596,58.2196597592319,71.01865
TD-Win-7,refit_on_3,123,B0006,600,57.18983519098029,71.75444
TD-Win-7,refit_on_3,123,B0006,604,57.71437056534329,71.41313
TD-Win-7,refit_on_3,123,B0006,608,57.43663099473362,70.47453
TD-Win-7,refit_on_3,123,B0006,612,58.23847489632371,72.93082
TD-Win-7,refit_on_3,123,B0006,614,58.76884540363096,72.48793
TD-Win-7,pre_refit,123,B0007,2,100.45351791563915,93.677444
TD-Win-7,pre_refit,123,B0007,4,99.900254379013,96.17941
TD-Win-7,pre_refit,123,B0007,6,99.90161660017114,96.13904
TD-Win-7,pre_refit,123,B0007,8,99.9073657865712,95.88375
TD-Win-7,pre_refit,123,B0007,10,99.83724531860553,95.817245
TD-Win-7,pre_refit,123,B0007,12,99.90361817867274,96.56914
TD-Win-7,pre_refit,123,B0007,14,99.86297576917136,96.56039
TD-Win-7,pre_refit,123,B0007,16,99.94656396119812,95.98553
TD-Win-7,pre_refit,123,B0007,18,99.31878532934633,95.82084
TD-Win-7,pre_refit,123,B0007,20,99.33799331164263,95.65109
TD-Win-7,pre_refit,123,B0007,22,99.33756087304828,95.429825
TD-Win-7,pre_refit,123,B0007,25,98.78551523188162,94.633316
TD-Win-7,pre_refit,123,B0007,27,98.75485184986668,95.71349
TD-Win-7,pre_refit,123,B0007,29,98.75133536665352,95.97774
TD-Win-7,pre_refit,123,B0007,31,98.77012942519043,95.58436
TD-Win-7,pre_refit,123,B0007,33,98.73683812511632,95.48671
TD-Win-7,pre_refit,123,B0007,35,98.15685575226132,95.37871
TD-Win-7,pre_refit,123,B0007,37,98.19446503474695,95.72037
TD-Win-7,pre_refit,123,B0007,39,98.186691403046,95.68218
TD-Win-7,pre_refit,123,B0007,42,99.90787801510066,96.56863
TD-Win-7,pre_refit,123,B0007,46,99.94461695603135,96.78593
TD-Win-7,pre_refit,123,B0007,50,99.92460497901308,96.66815
TD-Win-7,pre_refit,123,B0007,54,99.38880751306714,96.00444
TD-Win-7,pre_refit,123,B0007,58,99.34580918956073,96.238434
TD-Win-7,pre_refit,123,B0007,62,99.37088315432128,96.21356
TD-Win-7,pre_refit,123,B0007,66,98.78342046080256,95.84181
TD-Win-7,pre_refit,123,B0007,70,98.8058078187501,96.4278
TD-Win-7,pre_refit,123,B0007,74,98.75966747373796,96.11241
TD-Win-7,pre_refit,123,B0007,78,98.1739885027512,95.63509
TD-Win-7,pre_refit,123,B0007,82,98.23039625446908,96.33488
TD-Win-7,pre_refit,123,B0007,90,98.95386520139344,97.079254
TD-Win-7,pre_refit,123,B0007,94,98.38356039411237,96.58146
TD-Win-7,pre_refit,123,B0007,98,98.11080955264678,96.12781
TD-Win-7,pre_refit,123,B0007,102,97.57312273601715,96.100136
TD-Win-7,pre_refit,123,B0007,106,97.5908400366413,96.56049
TD-Win-7,pre_refit,123,B0007,110,97.29922460125108,95.95313
TD-Win-7,pre_refit,123,B0007,114,96.74012336609094,95.82951
TD-Win-7,pre_refit,123,B0007,118,96.49359124138364,95.54685
TD-Win-7,pre_refit,123,B0007,122,96.22137391342224,95.88072
TD-Win-7,pre_refit,123,B0007,126,96.233276781278,96.106735
TD-Win-7,pre_refit,123,B0007,130,95.93841918044076,96.03894
TD-Win-7,pre_refit,123,B0007,134,96.31819241353496,95.35575
TD-Win-7,pre_refit,123,B0007,136,95.94953719543624,95.78289
TD-Win-7,pre_refit,123,B0007,140,95.3953227427902,95.170235
TD-Win-7,pre_refit,123,B0007,144,94.86699939598208,95.08236
TD-Win-7,pre_refit,123,B0007,148,94.57173479963342,94.9498
TD-Win-7,pre_refit,123,B0007,150,96.41760769059738,99.32801
TD-Win-7,pre_refit,123,B0007,154,96.45090493439226,96.89585
TD-Win-7,pre_refit,123,B0007,158,95.6297003383392,96.34239
TD-Win-7,pre_refit,123,B0007,162,95.10935396520227,95.73898
TD-Win-7,pre_refit,123,B0007,166,94.57259385530976,95.438515
TD-Win-7,pre_refit,123,B0007,170,94.30623404626093,95.28858
TD-Win-7,pre_refit,123,B0007,174,94.0371367595855,95.4269
TD-Win-7,pre_refit,123,B0007,178,93.49626919937222,94.90834
TD-Win-7,pre_refit,123,B0007,182,92.9420388383138,94.703026
TD-Win-7,pre_refit,123,B0007,186,92.94217065781828,94.50685
TD-Win-7,pre_refit,123,B0007,190,92.69668329388116,94.676155
TD-Win-7,pre_refit,123,B0007,194,92.41073633514534,94.46347
TD-Win-7,pre_refit,123,B0007,198,91.82208130681248,94.11509
TD-Win-7,pre_refit,123,B0007,202,91.5743327473832,94.175674
TD-Win-7,pre_refit,123,B0007,206,91.04730118386937,93.60703
TD-Win-7,pre_refit,123,B0007,210,91.04684020750553,93.86242
TD-Win-7,pre_refit,123,B0007,214,90.49873919973382,92.46579
TD-Win-7,pre_refit,123,B0007,216,90.51794914609178,93.13793
TD-Win-7,pre_refit,123,B0007,220,89.96325858213598,93.28891
TD-Win-7,pre_refit,123,B0007,224,89.64911074691454,92.087906
TD-Win-7,pre_refit,123,B0007,228,89.4056438247883,92.28564
TD-Win-7,pre_refit,123,B0007,232,89.13221056506995,92.1387
TD-Win-7,pre_refit,123,B0007,236,88.88142970948275,92.13972
TD-Win-7,pre_refit,123,B0007,240,88.57496163215028,90.40529
TD-Win-7,pre_refit,123,B0007,244,88.30030467403411,90.289955
TD-Win-7,pre_refit,123,B0007,248,88.04309784572763,90.06629
TD-Win-7,pre_refit,123,B0007,252,87.7835715053401,90.193794
TD-Win-7,pre_refit,123,B0007,256,87.5009058762453,89.36391
TD-Win-7,pre_refit,123,B0007,260,86.92700430940862,90.19735
TD-Win-7,pre_refit,123,B0007,264,86.91859800690037,88.98972
TD-Win-7,pre_refit,123,B0007,266,87.17696241036246,89.75889
TD-Win-7,pre_refit,123,B0007,270,86.66971006432802,88.41894
TD-Win-7,pre_refit,123,B0007,274,86.11955257111292,88.17683
TD-Win-7,pre_refit,123,B0007,278,85.86532022039283,89.84356
TD-Win-7,pre_refit,123,B0007,282,85.83324550155743,88.652176
TD-Win-7,pre_refit,123,B0007,286,85.88108948972226,88.12473
TD-Win-7,pre_refit,123,B0007,290,85.56987844007078,88.1061
TD-Win-7,pre_refit,123,B0007,294,85.027771191142,88.16061
TD-Win-7,pre_refit,123,B0007,298,84.77582688520748,86.7364
TD-Win-7,pre_refit,123,B0007,302,84.79178974791847,87.684715
TD-Win-7,pre_refit,123,B0007,306,84.76993385106519,87.35168
TD-Win-7,pre_refit,123,B0007,310,84.49605927424464,86.59822
TD-Win-7,pre_refit,123,B0007,313,89.71090998622898,87.56339
TD-Win-7,pre_refit,123,B0007,316,86.37349719367897,89.47094
TD-Win-7,pre_refit,123,B0007,320,85.82898928627563,87.92207
TD-Win-7,pre_refit,123,B0007,324,85.2934976107533,87.09937
TD-Win-7,pre_refit,123,B0007,328,84.72574724857897,87.80639
TD-Win-7,pre_refit,123,B0007,332,84.48328177752624,87.097244
TD-Win-7,pre_refit,123,B0007,336,84.21457006738538,87.02794
TD-Win-7,pre_refit,123,B0007,340,83.9288888229777,86.1063
TD-Win-7,pre_refit,123,B0007,344,83.67629222648154,87.20953
TD-Win-7,pre_refit,123,B0007,348,83.38837618926404,85.687744
TD-Win-7,pre_refit,123,B0007,352,83.41270816038221,86.20694
TD-Win-7,pre_refit,123,B0007,356,83.14675201444969,85.351906
TD-Win-7,pre_refit,123,B0007,360,82.8484308280049,86.234245
TD-Win-7,pre_refit,123,B0007,364,83.13252526962864,85.189095
TD-Win-7,pre_refit,123,B0007,367,83.66359396289195,88.303276
TD-Win-7,pre_refit,123,B0007,371,83.14841165448959,85.71052
TD-Win-7,pre_refit,123,B0007,375,82.85488835556158,87.6432
TD-Win-7,pre_refit,123,B0007,379,82.33123711829187,85.56201
TD-Win-7,pre_refit,123,B0007,383,82.01142381939957,85.22935
TD-Win-7,pre_refit,123,B0007,387,82.07206587982726,85.92314
TD-Win-7,pre_refit,123,B0007,391,82.0495038543302,85.22219
TD-Win-7,pre_refit,123,B0007,395,81.5031419618624,83.8591
TD-Win-7,pre_refit,123,B0007,399,81.20841503507037,83.96285
TD-Win-7,pre_refit,123,B0007,403,81.21721340553746,85.04641
TD-Win-7,pre_refit,123,B0007,407,81.22601148878292,84.69966
TD-Win-7,pre_refit,123,B0007,411,80.95054391771832,83.400215
TD-Win-7,pre_refit,123,B0007,415,80.67227833994721,83.54511
TD-Win-7,pre_refit,123,B0007,419,80.40565013650571,83.085464
TD-Win-7,pre_refit,123,B0007,423,80.40335490244634,84.311646
TD-Win-7,pre_refit,123,B0007,427,80.42152437300291,84.61016
TD-Win-7,pre_refit,123,B0007,431,81.48461605871495,84.12566
TD-Win-7,pre_refit,123,B0007,433,81.75963969607048,86.03744
TD-Win-7,pre_refit,123,B0007,437,80.93560989493338,83.73034
TD-Win-7,pre_refit,123,B0007,441,80.40209515327608,83.707954
TD-Win-7,pre_refit,123,B0007,445,80.09419697809993,82.56384
TD-Win-7,pre_refit,123,B0007,449,79.85042691616567,82.594986
TD-Win-7,pre_refit,123,B0007,453,79.56495728605914,82.21821
TD-Win-7,pre_refit,123,B0007,457,79.30076147796538,82.421234
TD-Win-7,pre_refit,123,B0007,461,79.2776995197187,81.570526
TD-Win-7,pre_refit,123,B0007,465,79.01573008127421,83.28356
TD-Win-7,pre_refit,123,B0007,469,78.7529099419952,82.03515
TD-Win-7,pre_refit,123,B0007,473,78.76631135529045,81.65392
TD-Win-7,pre_refit,123,B0007,477,78.45734950325969,81.409874
TD-Win-7,pre_refit,123,B0007,481,78.71925319505982,83.70366
TD-Win-7,pre_refit,123,B0007,483,79.58166685963718,82.37332
TD-Win-7,pre_refit,123,B0007,485,78.72860058663869,81.465965
TD-Win-7,pre_refit,123,B0007,489,78.46501751785956,81.30546
TD-Win-7,pre_refit,123,B0007,493,78.19738333514631,81.02124
TD-Win-7,pre_refit,123,B0007,497,78.20645287101384,82.1085
TD-Win-7,pre_refit,123,B0007,501,77.92824275772597,81.28891
TD-Win-7,pre_refit,123,B0007,505,77.6497101362114,81.08328
TD-Win-7,pre_refit,123,B0007,509,77.38028422735451,81.29827
TD-Win-7,pre_refit,123,B0007,513,77.09660547904922,80.18941
TD-Win-7,pre_refit,123,B0007,517,77.11046744203753,80.95584
TD-Win-7,pre_refit,123,B0007,521,76.85550035450103,79.98446
TD-Win-7,pre_refit,123,B0007,525,76.85236240084764,81.03356
TD-Win-7,pre_refit,123,B0007,529,76.56671722215358,79.98027
TD-Win-7,pre_refit,123,B0007,533,76.29399038621672,79.526665
TD-Win-7,pre_refit,123,B0007,537,76.32425788720361,80.16581
TD-Win-7,pre_refit,123,B0007,541,76.29658741049414,81.03311
TD-Win-7,pre_refit,123,B0007,545,76.59209728582513,77.88735
TD-Win-7,pre_refit,123,B0007,548,77.93863743061358,80.16118
TD-Win-7,pre_refit,123,B0007,552,77.12364718084329,80.1862
TD-Win-7,pre_refit,123,B0007,556,76.8725967441492,80.09003
TD-Win-7,pre_refit,123,B0007,560,76.58854113704766,81.49017
TD-Win-7,pre_refit,123,B0007,564,76.04885672654179,79.68799
TD-Win-7,pre_refit,123,B0007,568,76.05828438472663,79.618484
TD-Win-7,pre_refit,123,B0007,572,75.76335089505734,79.872765
TD-Win-7,pre_refit,123,B0007,576,75.75439980355237,78.73182
TD-Win-7,pre_refit,123,B0007,580,75.49812548326929,78.30789
TD-Win-7,pre_refit,123,B0007,584,75.23591897923467,79.43149
TD-Win-7,pre_refit,123,B0007,588,75.24924732301496,79.23162
TD-Win-7,pre_refit,123,B0007,592,74.94444174506414,79.02501
TD-Win-7,pre_refit,123,B0007,596,74.95266425125988,78.550644
TD-Win-7,pre_refit,123,B0007,600,74.69643604452878,78.92356
TD-Win-7,pre_refit,123,B0007,604,74.7051700493532,79.26948
TD-Win-7,pre_refit,123,B0007,608,74.39278959915883,78.02332
TD-Win-7,pre_refit,123,B0007,612,75.52591562947222,82.09696
TD-Win-7,pre_refit,123,B0007,614,76.09264518290325,83.81081
TD-Win-7,refit_on_3,123,B0007,2,100.45351791563915,99.65509
TD-Win-7,refit_on_3,123,B0007,4,99.900254379013,97.22559
TD-Win-7,refit_on_3,123,B0007,6,99.90161660017114,97.38831
TD-Win-7,refit_on_3,123,B0007,8,99.9073657865712,97.11782
TD-Win-7,refit_on_3,123,B0007,10,99.83724531860553,97.06119
TD-Win-7,refit_on_3,123,B0007,12,99.90361817867274,97.83224
TD-Win-7,refit_on_3,123,B0007,14,99.86297576917136,97.86093
TD-Win-7,refit_on_3,123,B0007,16,99.94656396119812,97.0509
TD-Win-7,refit_on_3,123,B0007,18,99.31878532934633,96.92368
TD-Win-7,refit_on_3,123,B0007,20,99.33799331164263,96.74814
TD-Win-7,refit_on_3,123,B0007,22,99.33756087304828,96.51963
TD-Win-7,refit_on_3,123,B0007,25,98.78551523188162,95.67863
TD-Win-7,refit_on_3,123,B0007,27,98.75485184986668,96.69128
TD-Win-7,refit_on_3,123,B0007,29,98.75133536665352,97.251625
TD-Win-7,refit_on_3,123,B0007,31,98.77012942519043,96.5159
TD-Win-7,refit_on_3,123,B0007,33,98.73683812511632,96.46523
TD-Win-7,refit_on_3,123,B0007,35,98.15685575226132,96.33775
TD-Win-7,refit_on_3,123,B0007,37,98.19446503474695,96.64044
TD-Win-7,refit_on_3,123,B0007,39,98.186691403046,96.69541
TD-Win-7,refit_on_3,123,B0007,42,99.90787801510066,98.283394
TD-Win-7,refit_on_3,123,B0007,46,99.94461695603135,98.00877
TD-Win-7,refit_on_3,123,B0007,50,99.92460497901308,97.81794
TD-Win-7,refit_on_3,123,B0007,54,99.38880751306714,97.13276
TD-Win-7,refit_on_3,123,B0007,58,99.34580918956073,97.63971
TD-Win-7,refit_on_3,123,B0007,62,99.37088315432128,97.27533
TD-Win-7,refit_on_3,123,B0007,66,98.78342046080256,96.921524
TD-Win-7,refit_on_3,123,B0007,70,98.8058078187501,97.62618
TD-Win-7,refit_on_3,123,B0007,74,98.75966747373796,97.3236
TD-Win-7,refit_on_3,123,B0007,78,98.1739885027512,96.75745
TD-Win-7,refit_on_3,123,B0007,82,98.23039625446908,97.639565
TD-Win-7,refit_on_3,123,B0007,90,98.95386520139344,96.67964
TD-Win-7,refit_on_3,123,B0007,94,98.38356039411237,96.34309
TD-Win-7,refit_on_3,123,B0007,98,98.11080955264678,96.26108
TD-Win-7,refit_on_3,123,B0007,102,97.57312273601715,95.822235
TD-Win-7,refit_on_3,123,B0007,106,97.5908400366413,96.55232
TD-Win-7,refit_on_3,123,B0007,110,97.29922460125108,95.9942
TD-Win-7,refit_on_3,123,B0007,114,96.74012336609094,95.558334
TD-Win-7,refit_on_3,123,B0007,118,96.49359124138364,95.68776
TD-Win-7,refit_on_3,123,B0007,122,96.22137391342224,95.980576
TD-Win-7,refit_on_3,123,B0007,126,96.233276781278,96.066864
TD-Win-7,refit_on_3,123,B0007,130,95.93841918044076,95.88171
TD-Win-7,refit_on_3,123,B0007,134,96.31819241353496,95.283005
TD-Win-7,refit_on_3,123,B0007,136,95.94953719543624,95.942345
TD-Win-7,refit_on_3,123,B0007,140,95.3953227427902,95.40552
TD-Win-7,refit_on_3,123,B0007,144,94.86699939598208,95.1249
TD-Win-7,refit_on_3,123,B0007,148,94.57173479963342,95.194916
TD-Win-7,refit_on_3,123,B0007,150,96.41760769059738,98.15381
TD-Win-7,refit_on_3,123,B0007,154,96.45090493439226,96.51101
TD-Win-7,refit_on_3,123,B0007,158,95.6297003383392,96.193886
TD-Win-7,refit_on_3,123,B0007,162,95.10935396520227,95.414955
TD-Win-7,refit_on_3,123,B0007,166,94.57259385530976,95.504616
TD-Win-7,refit_on_3,123,B0007,170,94.30623404626093,95.10514
TD-Win-7,refit_on_3,123,B0007,174,94.0371367595855,95.302475
TD-Win-7,refit_on_3,123,B0007,178,93.49626919937222,94.9113
TD-Win-7,refit_on_3,123,B0007,182,92.9420388383138,94.849075
TD-Win-7,refit_on_3,123,B0007,186,92.94217065781828,94.67301
TD-Win-7,refit_on_3,123,B0007,190,92.69668329388116,94.79936
TD-Win-7,refit_on_3,123,B0007,194,92.41073633514534,94.23947
TD-Win-7,refit_on_3,123,B0007,198,91.82208130681248,94.09146
TD-Win-7,refit_on_3,123,B0007,202,91.5743327473832,93.95473
TD-Win-7,refit_on_3,123,B0007,206,91.04730118386937,93.387276
TD-Win-7,refit_on_3,123,B0007,210,91.04684020750553,93.83766
TD-Win-7,refit_on_3,123,B0007,214,90.49873919973382,92.90332
TD-Win-7,refit_on_3,123,B0007,216,90.51794914609178,93.05797
TD-Win-7,refit_on_3,123,B0007,220,89.96325858213598,92.84294
TD-Win-7,refit_on_3,123,B0007,224,89.64911074691454,92.4653
TD-Win-7,refit_on_3,123,B0007,228,89.4056438247883,92.42807
TD-Win-7,refit_on_3,123,B0007,232,89.13221056506995,92.27221
TD-Win-7,refit_on_3,123,B0007,236,88.88142970948275,91.72292
TD-Win-7,refit_on_3,123,B0007,240,88.57496163215028,90.64287
TD-Win-7,refit_on_3,123,B0007,244,88.30030467403411,90.47497
TD-Win-7,refit_on_3,123,B0007,248,88.04309784572763,90.23163
TD-Win-7,refit_on_3,123,B0007,252,87.7835715053401,90.43679
TD-Win-7,refit_on_3,123,B0007,256,87.5009058762453,89.48143
TD-Win-7,refit_on_3,123,B0007,260,86.92700430940862,90.25094
TD-Win-7,refit_on_3,123,B0007,264,86.91859800690037,89.1619
TD-Win-7,refit_on_3,123,B0007,266,87.17696241036246,89.68059
TD-Win-7,refit_on_3,123,B0007,270,86.66971006432802,88.44975
TD-Win-7,refit_on_3,123,B0007,274,86.11955257111292,88.47337
TD-Win-7,refit_on_3,123,B0007,278,85.86532022039283,89.91759
TD-Win-7,refit_on_3,123,B0007,282,85.83324550155743,88.69578
TD-Win-7,refit_on_3,123,B0007,286,85.88108948972226,87.72721
TD-Win-7,refit_on_3,123,B0007,290,85.56987844007078,87.628
TD-Win-7,refit_on_3,123,B0007,294,85.027771191142,87.55511
TD-Win-7,refit_on_3,123,B0007,298,84.77582688520748,86.68274
TD-Win-7,refit_on_3,123,B0007,302,84.79178974791847,87.5296
TD-Win-7,refit_on_3,123,B0007,306,84.76993385106519,86.80262
TD-Win-7,refit_on_3,123,B0007,310,84.49605927424464,86.07569
TD-Win-7,refit_on_3,123,B0007,313,89.71090998622898,86.931305
TD-Win-7,refit_on_3,123,B0007,316,86.37349719367897,89.31775
TD-Win-7,refit_on_3,123,B0007,320,85.82898928627563,87.2554
TD-Win-7,refit_on_3,123,B0007,324,85.2934976107533,86.49828
TD-Win-7,refit_on_3,123,B0007,328,84.72574724857897,87.42457
TD-Win-7,refit_on_3,123,B0007,332,84.48328177752624,86.63415
TD-Win-7,refit_on_3,123,B0007,336,84.21457006738538,86.54083
TD-Win-7,refit_on_3,123,B0007,340,83.9288888229777,85.45273
TD-Win-7,refit_on_3,123,B0007,344,83.67629222648154,86.408844
TD-Win-7,refit_on_3,123,B0007,348,83.38837618926404,84.952614
TD-Win-7,refit_on_3,123,B0007,352,83.41270816038221,85.44549
TD-Win-7,refit_on_3,123,B0007,356,83.14675201444969,84.48448
TD-Win-7,refit_on_3,123,B0007,360,82.8484308280049,85.30612
TD-Win-7,refit_on_3,123,B0007,364,83.13252526962864,84.28558
TD-Win-7,refit_on_3,123,B0007,367,83.66359396289195,87.139046
TD-Win-7,refit_on_3,123,B0007,371,83.14841165448959,84.75516
TD-Win-7,refit_on_3,123,B0007,375,82.85488835556158,86.24178
TD-Win-7,refit_on_3,123,B0007,379,82.33123711829187,84.49689
TD-Win-7,refit_on_3,123,B0007,383,82.01142381939957,84.31811
TD-Win-7,refit_on_3,123,B0007,387,82.07206587982726,84.625824
TD-Win-7,refit_on_3,123,B0007,391,82.0495038543302,83.975136
TD-Win-7,refit_on_3,123,B0007,395,81.5031419618624,83.083305
TD-Win-7,refit_on_3,123,B0007,399,81.20841503507037,83.13067
TD-Win-7,refit_on_3,123,B0007,403,81.21721340553746,83.67734
TD-Win-7,refit_on_3,123,B0007,407,81.22601148878292,83.637184
TD-Win-7,refit_on_3,123,B0007,411,80.95054391771832,82.632935
TD-Win-7,refit_on_3,123,B0007,415,80.67227833994721,82.70769
TD-Win-7,refit_on_3,123,B0007,419,80.40565013650571,82.33151
TD-Win-7,refit_on_3,123,B0007,423,80.40335490244634,82.89848
TD-Win-7,refit_on_3,123,B0007,427,80.42152437300291,83.22513
TD-Win-7,refit_on_3,123,B0007,431,81.48461605871495,82.68267
TD-Win-7,refit_on_3,123,B0007,433,81.75963969607048,84.55324
TD-Win-7,refit_on_3,123,B0007,437,80.93560989493338,82.81286
TD-Win-7,refit_on_3,123,B0007,441,80.40209515327608,82.63752
TD-Win-7,refit_on_3,123,B0007,445,80.09419697809993,81.915596
TD-Win-7,refit_on_3,123,B0007,449,79.85042691616567,81.79097
TD-Win-7,refit_on_3,123,B0007,453,79.56495728605914,81.52103
TD-Win-7,refit_on_3,123,B0007,457,79.30076147796538,81.595085
TD-Win-7,refit_on_3,123,B0007,461,79.2776995197187,80.975876
TD-Win-7,refit_on_3,123,B0007,465,79.01573008127421,81.678276
TD-Win-7,refit_on_3,123,B0007,469,78.7529099419952,81.04374
TD-Win-7,refit_on_3,123,B0007,473,78.76631135529045,80.95185
TD-Win-7,refit_on_3,123,B0007,477,78.45734950325969,80.7452
TD-Win-7,refit_on_3,123,B0007,481,78.71925319505982,82.397
TD-Win-7,refit_on_3,123,B0007,483,79.58166685963718,81.47257
TD-Win-7,refit_on_3,123,B0007,485,78.72860058663869,80.84227
TD-Win-7,refit_on_3,123,B0007,489,78.46501751785956,80.68934
TD-Win-7,refit_on_3,123,B0007,493,78.19738333514631,80.43802
TD-Win-7,refit_on_3,123,B0007,497,78.20645287101384,80.846725
TD-Win-7,refit_on_3,123,B0007,501,77.92824275772597,80.40942
TD-Win-7,refit_on_3,123,B0007,505,77.6497101362114,79.94314
TD-Win-7,refit_on_3,123,B0007,509,77.38028422735451,79.7975
TD-Win-7,refit_on_3,123,B0007,513,77.09660547904922,79.54502
TD-Win-7,refit_on_3,123,B0007,517,77.11046744203753,79.985275
TD-Win-7,refit_on_3,123,B0007,521,76.85550035450103,79.18934
TD-Win-7,refit_on_3,123,B0007,525,76.85236240084764,79.24151
TD-Win-7,refit_on_3,123,B0007,529,76.56671722215358,79.03558
TD-Win-7,refit_on_3,123,B0007,533,76.29399038621672,78.72254
TD-Win-7,refit_on_3,123,B0007,537,76.32425788720361,79.44185
TD-Win-7,refit_on_3,123,B0007,541,76.29658741049414,79.21936
TD-Win-7,refit_on_3,123,B0007,545,76.59209728582513,77.393456
TD-Win-7,refit_on_3,123,B0007,548,77.93863743061358,79.40531
TD-Win-7,refit_on_3,123,B0007,552,77.12364718084329,79.678055
TD-Win-7,refit_on_3,123,B0007,556,76.8725967441492,79.25137
TD-Win-7,refit_on_3,123,B0007,560,76.58854113704766,79.65203
TD-Win-7,refit_on_3,123,B0007,564,76.04885672654179,78.65785
TD-Win-7,refit_on_3,123,B0007,568,76.05828438472663,78.71119
TD-Win-7,refit_on_3,123,B0007,572,75.76335089505734,78.567
TD-Win-7,refit_on_3,123,B0007,576,75.75439980355237,77.99014
TD-Win-7,refit_on_3,123,B0007,580,75.49812548326929,77.94113
TD-Win-7,refit_on_3,123,B0007,584,75.23591897923467,78.1404
TD-Win-7,refit_on_3,123,B0007,588,75.24924732301496,78.014854
TD-Win-7,refit_on_3,123,B0007,592,74.94444174506414,78.10118
TD-Win-7,refit_on_3,123,B0007,596,74.95266425125988,77.5988
TD-Win-7,refit_on_3,123,B0007,600,74.69643604452878,77.53335
TD-Win-7,refit_on_3,123,B0007,604,74.7051700493532,77.96727
TD-Win-7,refit_on_3,123,B0007,608,74.39278959915883,77.277534
TD-Win-7,refit_on_3,123,B0007,612,75.52591562947222,79.56557
TD-Win-7,refit_on_3,123,B0007,614,76.09264518290325,81.89162
TD-Win-7,pre_refit,123,B0018,3,100.8025811041783,85.665955
TD-Win-7,pre_refit,123,B0018,7,100.16087022619236,94.11204
TD-Win-7,pre_refit,123,B0018,11,99.96558598273582,92.45786
TD-Win-7,pre_refit,123,B0018,15,99.48041766162956,92.14103
TD-Win-7,pre_refit,123,B0018,18,99.59054502526398,95.09182
TD-Win-7,pre_refit,123,B0018,20,99.36387169185286,91.16489
TD-Win-7,pre_refit,123,B0018,22,98.96567828327716,90.31387
TD-Win-7,pre_refit,123,B0018,24,98.63793870309058,89.87801
TD-Win-7,pre_refit,123,B0018,27,98.04714689052696,89.512314
TD-Win-7,pre_refit,123,B0018,30,99.06887382997856,93.40133
TD-Win-7,pre_refit,123,B0018,32,98.47248926951052,90.86248
TD-Win-7,pre_refit,123,B0018,34,98.068534707018,89.94879
TD-Win-7,pre_refit,123,B0018,36,97.31606084566693,89.05664
TD-Win-7,pre_refit,123,B0018,39,96.91537145663308,88.419304
TD-Win-7,pre_refit,123,B0018,42,96.77777434993364,92.91484
TD-Win-7,pre_refit,123,B0018,44,96.24906078283864,89.99788
TD-Win-7,pre_refit,123,B0018,46,96.10893521170082,89.017715
TD-Win-7,pre_refit,123,B0018,48,95.29382636269746,87.76393
TD-Win-7,pre_refit,123,B0018,51,94.89112029628322,86.64305
TD-Win-7,pre_refit,123,B0018,54,94.42623362260446,89.03764
TD-Win-7,pre_refit,123,B0018,56,94.09214261326034,86.666534
TD-Win-7,pre_refit,123,B0018,58,92.84655809058668,86.89748
TD-Win-7,pre_refit,123,B0018,60,93.00278636580364,86.09802
TD-Win-7,pre_refit,123,B0018,63,92.78717154289568,85.502556
TD-Win-7,pre_refit,123,B0018,66,95.05514633441328,89.991455
TD-Win-7,pre_refit,123,B0018,68,94.16023397654948,88.39846
TD-Win-7,pre_refit,123,B0018,70,93.58756901230694,87.87815
TD-Win-7,pre_refit,123,B0018,72,93.02323711734508,86.9812
TD-Win-7,pre_refit,123,B0018,75,92.33971230163448,85.728264
TD-Win-7,pre_refit,123,B0018,78,92.05544475967478,88.41737
TD-Win-7,pre_refit,123,B0018,80,91.39607597710202,85.86519
TD-Win-7,pre_refit,123,B0018,82,91.12841202900309,85.713425
TD-Win-7,pre_refit,123,B0018,84,90.50598444143154,85.358116
TD-Win-7,pre_refit,123,B0018,87,90.05329919062662,84.05549
TD-Win-7,pre_refit,123,B0018,90,89.56595375021743,85.82752
TD-Win-7,pre_refit,123,B0018,92,89.05221474379236,83.55217
TD-Win-7,pre_refit,123,B0018,94,88.4478648526792,83.522156
TD-Win-7,pre_refit,123,B0018,96,88.14926233550939,83.58845
TD-Win-7,pre_refit,123,B0018,99,87.70654438914323,82.67709
TD-Win-7,pre_refit,123,B0018,102,91.07812245566797,86.0674
TD-Win-7,pre_refit,123,B0018,104,89.62445100410937,84.72188
TD-Win-7,pre_refit,123,B0018,106,88.70513095013024,83.380936
TD-Win-7,pre_refit,123,B0018,108,87.83746900859978,82.588
TD-Win-7,pre_refit,123,B0018,111,87.53788044222665,81.48893
TD-Win-7,pre_refit,123,B0018,114,86.69891328476463,83.22443
TD-Win-7,pre_refit,123,B0018,119,93.27978546012802,88.39715
TD-Win-7,pre_refit,123,B0018,121,92.1525471966999,87.44138
TD-Win-7,pre_refit,123,B0018,123,91.17195305362098,86.37616
TD-Win-7,pre_refit,123,B0018,125,90.2416573040256,85.6179
TD-Win-7,pre_refit,123,B0018,128,90.55423897233052,89.09438
TD-Win-7,pre_refit,123,B0018,130,89.49039068452917,85.31371
TD-Win-7,pre_refit,123,B0018,132,88.3454487099843,85.47018
TD-Win-7,pre_refit,123,B0018,134,87.60607299731777,84.28974
TD-Win-7,pre_refit,123,B0018,136,87.25714700042141,83.33352
TD-Win-7,pre_refit,123,B0018,143,89.1426764135498,85.516045
TD-Win-7,pre_refit,123,B0018,145,87.66626044455795,83.9808
TD-Win-7,pre_refit,123,B0018,147,86.51592379470374,83.09578
TD-Win-7,pre_refit,123,B0018,150,86.21730704320841,81.79491
TD-Win-7,pre_refit,123,B0018,153,85.8627581657356,83.717575
TD-Win-7,pre_refit,123,B0018,155,84.99855590440428,81.67113
TD-Win-7,pre_refit,123,B0018,157,84.53366840480606,81.007034
TD-Win-7,pre_refit,123,B0018,159,83.69607194854545,80.612724
TD-Win-7,pre_refit,123,B0018,162,83.25899594193369,79.59963
TD-Win-7,pre_refit,123,B0018,165,83.22975722050174,80.98755
TD-Win-7,pre_refit,123,B0018,167,82.72092847997168,79.414566
TD-Win-7,pre_refit,123,B0018,169,81.86598978006339,78.642166
TD-Win-7,pre_refit,123,B0018,171,81.58859278240016,78.61483
TD-Win-7,pre_refit,123,B0018,174,81.31316363799587,77.84748
TD-Win-7,pre_refit,123,B0018,177,83.32773163808899,80.6865
TD-Win-7,pre_refit,123,B0018,179,82.80709531820148,79.72009
TD-Win-7,pre_refit,123,B0018,181,81.57610219236552,79.08483
TD-Win-7,pre_refit,123,B0018,183,81.09929204028072,78.17456
TD-Win-7,pre_refit,123,B0018,185,80.60512587063184,77.16456
TD-Win-7,pre_refit,123,B0018,188,80.4645909654616,78.97987
TD-Win-7,pre_refit,123,B0018,190,80.07171192098461,77.56051
TD-Win-7,pre_refit,123,B0018,192,79.77346222448996,77.24756
TD-Win-7,pre_refit,123,B0018,194,79.23402412051846,76.2874
TD-Win-7,pre_refit,123,B0018,197,78.6783203089025,75.61206
TD-Win-7,pre_refit,123,B0018,200,78.94539372549075,76.72691
TD-Win-7,pre_refit,123,B0018,202,78.38865828037459,75.59427
TD-Win-7,pre_refit,123,B0018,204,78.21127069246836,75.93475
TD-Win-7,pre_refit,123,B0018,206,77.6339684068403,75.653404
TD-Win-7,pre_refit,123,B0018,209,77.43046760934243,74.72104
TD-Win-7,pre_refit,123,B0018,212,79.8708545166814,77.505
TD-Win-7,pre_refit,123,B0018,214,78.93458463676515,76.71582
TD-Win-7,pre_refit,123,B0018,216,78.40488242765085,75.7011
TD-Win-7,pre_refit,123,B0018,218,77.61921434771055,74.862366
TD-Win-7,pre_refit,123,B0018,220,76.9170609064971,73.956055
TD-Win-7,pre_refit,123,B0018,223,79.04297866359087,76.52875
TD-Win-7,pre_refit,123,B0018,225,77.61605692618127,75.83454
TD-Win-7,pre_refit,123,B0018,227,77.14789574863566,75.27393
TD-Win-7,pre_refit,123,B0018,229,76.92281444261894,75.011116
TD-Win-7,pre_refit,123,B0018,232,76.3858924270674,73.926865
TD-Win-7,pre_refit,123,B0018,235,76.53620320177981,75.75042
TD-Win-7,pre_refit,123,B0018,237,75.9063201738239,74.33729
TD-Win-7,pre_refit,123,B0018,239,75.72766142150313,74.14531
TD-Win-7,pre_refit,123,B0018,241,75.49928800503805,73.8461
TD-Win-7,pre_refit,123,B0018,244,74.9124451895705,73.08373
TD-Win-7,pre_refit,123,B0018,247,75.25674730493446,74.5339
TD-Win-7,pre_refit,123,B0018,249,74.46467849076038,73.00063
TD-Win-7,pre_refit,123,B0018,251,74.62885626516028,73.25545
TD-Win-7,pre_refit,123,B0018,253,74.33553994642665,73.43175
TD-Win-7,pre_refit,123,B0018,256,73.72504079935909,72.04077
TD-Win-7,pre_refit,123,B0018,259,79.36110924975578,76.85972
TD-Win-7,pre_refit,123,B0018,261,78.799706688891,77.587036
TD-Win-7,pre_refit,123,B0018,263,78.14983302548104,76.93007
TD-Win-7,pre_refit,123,B0018,265,77.61878718971624,75.79384
TD-Win-7,pre_refit,123,B0018,267,76.88079746021991,74.96051
TD-Win-7,pre_refit,123,B0018,270,76.8319836786595,76.12395
TD-Win-7,pre_refit,123,B0018,272,76.01926160635412,74.791016
TD-Win-7,pre_refit,123,B0018,274,75.82358510102308,75.176025
TD-Win-7,pre_refit,123,B0018,276,75.53633219814198,75.27715
TD-Win-7,pre_refit,123,B0018,279,75.31793705780649,73.54072
TD-Win-7,pre_refit,123,B0018,282,75.43684114368729,74.28258
TD-Win-7,pre_refit,123,B0018,284,74.7829788363973,72.936554
TD-Win-7,pre_refit,123,B0018,286,74.15991898288928,72.44846
TD-Win-7,pre_refit,123,B0018,288,73.84846878839457,72.735825
TD-Win-7,pre_refit,123,B0018,291,73.15537271331122,71.88901
TD-Win-7,pre_refit,123,B0018,294,77.53589472577204,75.45491
TD-Win-7,pre_refit,123,B0018,296,76.42763235972666,75.76509
TD-Win-7,pre_refit,123,B0018,298,75.72351586777258,75.00922
TD-Win-7,pre_refit,123,B0018,300,75.4386936803776,74.39236
TD-Win-7,pre_refit,123,B0018,302,74.45721490205536,73.57733
TD-Win-7,pre_refit,123,B0018,305,74.97385174402893,75.01547
TD-Win-7,pre_refit,123,B0018,307,74.3741167471391,74.1504
TD-Win-7,pre_refit,123,B0018,309,74.05233968989694,74.374504
TD-Win-7,pre_refit,123,B0018,311,74.08863589293038,74.21442
TD-Win-7,pre_refit,123,B0018,314,73.46151441244959,72.62477
TD-Win-7,pre_refit,123,B0018,317,73.62086195282473,73.945816
TD-Win-7,pre_refit,123,B0018,319,72.87391760769836,72.88674
TD-Win-7,refit_on_3,123,B0018,3,100.8025811041783,81.43895
TD-Win-7,refit_on_3,123,B0018,7,100.16087022619236,94.402725
TD-Win-7,refit_on_3,123,B0018,11,99.96558598273582,93.39609
TD-Win-7,refit_on_3,123,B0018,15,99.48041766162956,93.1362
TD-Win-7,refit_on_3,123,B0018,18,99.59054502526398,95.10973
TD-Win-7,refit_on_3,123,B0018,20,99.36387169185286,92.56253
TD-Win-7,refit_on_3,123,B0018,22,98.96567828327716,91.86805
TD-Win-7,refit_on_3,123,B0018,24,98.63793870309058,91.432526
TD-Win-7,refit_on_3,123,B0018,27,98.04714689052696,90.607185
TD-Win-7,refit_on_3,123,B0018,30,99.06887382997856,93.205894
TD-Win-7,refit_on_3,123,B0018,32,98.47248926951052,91.851425
TD-Win-7,refit_on_3,123,B0018,34,98.068534707018,91.38255
TD-Win-7,refit_on_3,123,B0018,36,97.31606084566693,90.69869
TD-Win-7,refit_on_3,123,B0018,39,96.91537145663308,90.121895
TD-Win-7,refit_on_3,123,B0018,42,96.77777434993364,95.47919
TD-Win-7,refit_on_3,123,B0018,44,96.24906078283864,91.423706
TD-Win-7,refit_on_3,123,B0018,46,96.10893521170082,90.42475
TD-Win-7,refit_on_3,123,B0018,48,95.29382636269746,88.834915
TD-Win-7,refit_on_3,123,B0018,51,94.89112029628322,87.77208
TD-Win-7,refit_on_3,123,B0018,54,94.42623362260446,90.06104
TD-Win-7,refit_on_3,123,B0018,56,94.09214261326034,87.91284
TD-Win-7,refit_on_3,123,B0018,58,92.84655809058668,87.31218
TD-Win-7,refit_on_3,123,B0018,60,93.00278636580364,87.350395
TD-Win-7,refit_on_3,123,B0018,63,92.78717154289568,86.771935
TD-Win-7,refit_on_3,123,B0018,66,95.05514633441328,91.66305
TD-Win-7,refit_on_3,123,B0018,68,94.16023397654948,89.31238
TD-Win-7,refit_on_3,123,B0018,70,93.58756901230694,88.79445
TD-Win-7,refit_on_3,123,B0018,72,93.02323711734508,88.34981
TD-Win-7,refit_on_3,123,B0018,75,92.33971230163448,86.66477
TD-Win-7,refit_on_3,123,B0018,78,92.05544475967478,91.3561
TD-Win-7,refit_on_3,123,B0018,80,91.39607597710202,87.36241
TD-Win-7,refit_on_3,123,B0018,82,91.12841202900309,86.13465
TD-Win-7,refit_on_3,123,B0018,84,90.50598444143154,86.233986
TD-Win-7,refit_on_3,123,B0018,87,90.05329919062662,85.06414
TD-Win-7,refit_on_3,123,B0018,90,89.56595375021743,86.31192
TD-Win-7,refit_on_3,123,B0018,92,89.05221474379236,84.53039
TD-Win-7,refit_on_3,123,B0018,94,88.4478648526792,84.629105
TD-Win-7,refit_on_3,123,B0018,96,88.14926233550939,84.584305
TD-Win-7,refit_on_3,123,B0018,99,87.70654438914323,83.10915
TD-Win-7,refit_on_3,123,B0018,102,91.07812245566797,85.95041
TD-Win-7,refit_on_3,123,B0018,104,89.62445100410937,85.72605
TD-Win-7,refit_on_3,123,B0018,106,88.70513095013024,84.289085
TD-Win-7,refit_on_3,123,B0018,108,87.83746900859978,83.575
TD-Win-7,refit_on_3,123,B0018,111,87.53788044222665,82.23114
TD-Win-7,refit_on_3,123,B0018,114,86.69891328476463,83.89114
TD-Win-7,refit_on_3,123,B0018,119,93.27978546012802,88.96928
TD-Win-7,refit_on_3,123,B0018,121,92.1525471966999,88.59683
TD-Win-7,refit_on_3,123,B0018,123,91.17195305362098,87.047295
TD-Win-7,refit_on_3,123,B0018,125,90.2416573040256,86.40764
TD-Win-7,refit_on_3,123,B0018,128,90.55423897233052,91.04398
TD-Win-7,refit_on_3,123,B0018,130,89.49039068452917,85.95736
TD-Win-7,refit_on_3,123,B0018,132,88.3454487099843,85.05725
TD-Win-7,refit_on_3,123,B0018,134,87.60607299731777,83.498535
TD-Win-7,refit_on_3,123,B0018,136,87.25714700042141,84.13368
TD-Win-7,refit_on_3,123,B0018,143,89.1426764135498,86.08917
TD-Win-7,refit_on_3,123,B0018,145,87.66626044455795,84.05044
TD-Win-7,refit_on_3,123,B0018,147,86.51592379470374,83.78936
TD-Win-7,refit_on_3,123,B0018,150,86.21730704320841,81.69058
TD-Win-7,refit_on_3,123,B0018,153,85.8627581657356,84.61845
TD-Win-7,refit_on_3,123,B0018,155,84.99855590440428,81.89229
TD-Win-7,refit_on_3,123,B0018,157,84.53366840480606,81.38002
TD-Win-7,refit_on_3,123,B0018,159,83.69607194854545,80.916306
TD-Win-7,refit_on_3,123,B0018,162,83.25899594193369,79.51115
TD-Win-7,refit_on_3,123,B0018,165,83.22975722050174,81.45754
TD-Win-7,refit_on_3,123,B0018,167,82.72092847997168,79.78914
TD-Win-7,refit_on_3,123,B0018,169,81.86598978006339,78.60506
TD-Win-7,refit_on_3,123,B0018,171,81.58859278240016,78.84602
TD-Win-7,refit_on_3,123,B0018,174,81.31316363799587,78.18854
TD-Win-7,refit_on_3,123,B0018,177,83.32773163808899,79.98866
TD-Win-7,refit_on_3,123,B0018,179,82.80709531820148,80.00652
TD-Win-7,refit_on_3,123,B0018,181,81.57610219236552,79.307686
TD-Win-7,refit_on_3,123,B0018,183,81.09929204028072,77.54062
TD-Win-7,refit_on_3,123,B0018,185,80.60512587063184,76.55261
TD-Win-7,refit_on_3,123,B0018,188,80.4645909654616,79.36667
TD-Win-7,refit_on_3,123,B0018,190,80.07171192098461,77.92496
TD-Win-7,refit_on_3,123,B0018,192,79.77346222448996,76.907
TD-Win-7,refit_on_3,123,B0018,194,79.23402412051846,76.0847
TD-Win-7,refit_on_3,123,B0018,197,78.6783203089025,75.48273
TD-Win-7,refit_on_3,123,B0018,200,78.94539372549075,76.2525
TD-Win-7,refit_on_3,123,B0018,202,78.38865828037459,75.10891
TD-Win-7,refit_on_3,123,B0018,204,78.21127069246836,75.483444
TD-Win-7,refit_on_3,123,B0018,206,77.6339684068403,75.59267
TD-Win-7,refit_on_3,123,B0018,209,77.43046760934243,74.6448
TD-Win-7,refit_on_3,123,B0018,212,79.8708545166814,76.35582
TD-Win-7,refit_on_3,123,B0018,214,78.93458463676515,76.57817
TD-Win-7,refit_on_3,123,B0018,216,78.40488242765085,75.48535
TD-Win-7,refit_on_3,123,B0018,218,77.61921434771055,74.80878
TD-Win-7,refit_on_3,123,B0018,220,76.9170609064971,73.64492
TD-Win-7,refit_on_3,123,B0018,223,79.04297866359087,75.82953
TD-Win-7,refit_on_3,123,B0018,225,77.61605692618127,75.85118
TD-Win-7,refit_on_3,123,B0018,227,77.14789574863566,75.7498
TD-Win-7,refit_on_3,123,B0018,229,76.92281444261894,75.50729
TD-Win-7,refit_on_3,123,B0018,232,76.3858924270674,74.513374
TD-Win-7,refit_on_3,123,B0018,235,76.53620320177981,75.40959
TD-Win-7,refit_on_3,123,B0018,237,75.9063201738239,74.77348
TD-Win-7,refit_on_3,123,B0018,239,75.72766142150313,74.38502
TD-Win-7,refit_on_3,123,B0018,241,75.49928800503805,74.35426
TD-Win-7,refit_on_3,123,B0018,244,74.9124451895705,73.83152
TD-Win-7,refit_on_3,123,B0018,247,75.25674730493446,74.284325
TD-Win-7,refit_on_3,123,B0018,249,74.46467849076038,73.68829
TD-Win-7,refit_on_3,123,B0018,251,74.62885626516028,73.903984
TD-Win-7,refit_on_3,123,B0018,253,74.33553994642665,74.12835
TD-Win-7,refit_on_3,123,B0018,256,73.72504079935909,73.21759
TD-Win-7,refit_on_3,123,B0018,259,79.36110924975578,74.55506
TD-Win-7,refit_on_3,123,B0018,261,78.799706688891,77.27428
TD-Win-7,refit_on_3,123,B0018,263,78.14983302548104,77.15208
TD-Win-7,refit_on_3,123,B0018,265,77.61878718971624,76.2953
TD-Win-7,refit_on_3,123,B0018,267,76.88079746021991,75.388824
TD-Win-7,refit_on_3,123,B0018,270,76.8319836786595,76.32133
TD-Win-7,refit_on_3,123,B0018,272,76.01926160635412,74.96276
TD-Win-7,refit_on_3,123,B0018,274,75.82358510102308,75.73745
TD-Win-7,refit_on_3,123,B0018,276,75.53633219814198,76.38269
TD-Win-7,refit_on_3,123,B0018,279,75.31793705780649,74.87537
TD-Win-7,refit_on_3,123,B0018,282,75.43684114368729,74.49823
TD-Win-7,refit_on_3,123,B0018,284,74.7829788363973,73.69537
TD-Win-7,refit_on_3,123,B0018,286,74.15991898288928,73.179016
TD-Win-7,refit_on_3,123,B0018,288,73.84846878839457,72.937996
TD-Win-7,refit_on_3,123,B0018,291,73.15537271331122,72.12608
TD-Win-7,refit_on_3,123,B0018,294,77.53589472577204,73.55657
TD-Win-7,refit_on_3,123,B0018,296,76.42763235972666,75.74408
TD-Win-7,refit_on_3,123,B0018,298,75.72351586777258,75.57228
TD-Win-7,refit_on_3,123,B0018,300,75.4386936803776,74.99472
TD-Win-7,refit_on_3,123,B0018,302,74.45721490205536,74.180756
TD-Win-7,refit_on_3,123,B0018,305,74.97385174402893,74.39103
TD-Win-7,refit_on_3,123,B0018,307,74.3741167471391,74.90817
TD-Win-7,refit_on_3,123,B0018,309,74.05233968989694,75.61117
TD-Win-7,refit_on_3,123,B0018,311,74.08863589293038,75.540596
TD-Win-7,refit_on_3,123,B0018,314,73.46151441244959,74.16221
TD-Win-7,refit_on_3,123,B0018,317,73.62086195282473,74.596794
TD-Win-7,refit_on_3,123,B0018,319,72.87391760769836,73.65543
TD-Win-7,pre_refit,2024,B0005,2,100.80760884947765,89.60895
TD-Win-7,pre_refit,2024,B0005,4,100.25590968770103,95.45984
TD-Win-7,pre_refit,2024,B0005,6,99.65979925247206,95.97798
TD-Win-7,pre_refit,2024,B0005,8,99.65509323788856,95.795166
TD-Win-7,pre_refit,2024,B0005,10,99.6215889724607,95.159004
TD-Win-7,pre_refit,2024,B0005,12,99.67676620535396,94.355446
TD-Win-7,pre_refit,2024,B0005,14,99.64877352944652,94.29543
TD-Win-7,pre_refit,2024,B0005,16,99.13892996732449,96.38724
TD-Win-7,pre_refit,2024,B0005,18,99.08555627584838,95.93202
TD-Win-7,pre_refit,2024,B0005,20,99.0768365083485,96.03661
TD-Win-7,pre_refit,2024,B0005,22,99.07717774099622,95.24862
TD-Win-7,pre_refit,2024,B0005,25,98.5114992237362,96.40759
TD-Win-7,pre_refit,2024,B0005,27,98.4870761948254,95.888054
TD-Win-7,pre_refit,2024,B0005,29,98.47015265835132,93.6259
TD-Win-7,pre_refit,2024,B0005,31,97.88140357167902,96.531555
TD-Win-7,pre_refit,2024,B0005,33,97.85473656745688,95.54643
TD-Win-7,pre_refit,2024,B0005,35,97.88039886599036,95.77849
TD-Win-7,pre_refit,2024,B0005,37,97.9069415267384,95.395134
TD-Win-7,pre_refit,2024,B0005,39,97.89115702988882,94.856285
TD-Win-7,pre_refit,2024,B0005,42,100.29385168145046,95.17948
TD-Win-7,pre_refit,2024,B0005,46,100.31510023136114,95.692795
TD-Win-7,pre_refit,2024,B0005,50,99.70477213786135,95.954834
TD-Win-7,pre_refit,2024,B0005,54,99.1402308374376,96.185585
TD-Win-7,pre_refit,2024,B0005,58,99.10400696359169,93.55895
TD-Win-7,pre_refit,2024,B0005,62,99.12941188644592,95.05979
TD-Win-7,pre_refit,2024,B0005,66,98.50222430381568,95.25784
TD-Win-7,pre_refit,2024,B0005,70,98.5423014565286,93.54381
TD-Win-7,pre_refit,2024,B0005,74,98.49887187571204,93.39431
TD-Win-7,pre_refit,2024,B0005,78,97.89050762402466,95.10919
TD-Win-7,pre_refit,2024,B0005,82,97.96171552529285,92.800735
TD-Win-7,pre_refit,2024,B0005,90,99.4075559707276,93.03728
TD-Win-7,pre_refit,2024,B0005,94,98.82112827769676,92.87926
TD-Win-7,pre_refit,2024,B0005,98,98.2457556393358,91.287155
TD-Win-7,pre_refit,2024,B0005,102,97.99065016377766,91.736176
TD-Win-7,pre_refit,2024,B0005,106,97.7065060215613,91.37866
TD-Win-7,pre_refit,2024,B0005,110,97.11279694879056,91.60731
TD-Win-7,pre_refit,2024,B0005,114,96.81304988059888,92.09895
TD-Win-7,pre_refit,2024,B0005,118,96.27605729788222,90.50923
TD-Win-7,pre_refit,2024,B0005,122,96.2762766313732,89.92013
TD-Win-7,pre_refit,2024,B0005,126,95.99578118843372,90.99768
TD-Win-7,pre_refit,2024,B0005,130,95.69403287907456,91.32567
TD-Win-7,pre_refit,2024,B0005,134,95.98194451474556,91.56143
TD-Win-7,pre_refit,2024,B0005,136,95.71321655496544,89.98805
TD-Win-7,pre_refit,2024,B0005,140,95.11928805425076,89.640495
TD-Win-7,pre_refit,2024,B0005,144,94.58275432725988,90.4115
TD-Win-7,pre_refit,2024,B0005,148,94.27008009570102,89.04457
TD-Win-7,pre_refit,2024,B0005,150,97.39411432859931,93.00706
TD-Win-7,pre_refit,2024,B0005,154,96.82749231246368,93.69891
TD-Win-7,pre_refit,2024,B0005,158,95.96820195991576,92.3863
TD-Win-7,pre_refit,2024,B0005,162,95.40638930769452,92.252235
TD-Win-7,pre_refit,2024,B0005,166,94.8553962680492,90.57478
TD-Win-7,pre_refit,2024,B0005,170,94.5755674779542,91.425735
TD-Win-7,pre_refit,2024,B0005,174,94.28806184403476,90.744286
TD-Win-7,pre_refit,2024,B0005,178,93.73958753620327,90.40682
TD-Win-7,pre_refit,2024,B0005,182,93.16861105469168,89.50572
TD-Win-7,pre_refit,2024,B0005,186,92.88227598613614,89.14957
TD-Win-7,pre_refit,2024,B0005,190,92.636901518198,88.9839
TD-Win-7,pre_refit,2024,B0005,194,92.32720191735562,89.97554
TD-Win-7,pre_refit,2024,B0005,198,92.01599848919145,89.321495
TD-Win-7,pre_refit,2024,B0005,202,91.49053823956656,90.97748
TD-Win-7,pre_refit,2024,B0005,206,90.92425521866993,89.925026
TD-Win-7,pre_refit,2024,B0005,210,90.92941856192826,88.39309
TD-Win-7,pre_refit,2024,B0005,214,90.34010561326173,88.804886
TD-Win-7,pre_refit,2024,B0005,216,90.0847586044663,89.80121
TD-Win-7,pre_refit,2024,B0005,220,89.80457989439137,89.936745
TD-Win-7,pre_refit,2024,B0005,224,89.19640288815545,88.47364
TD-Win-7,pre_refit,2024,B0005,228,88.93598251136243,88.48257
TD-Win-7,pre_refit,2024,B0005,232,88.65781340235759,88.62308
TD-Win-7,pre_refit,2024,B0005,236,88.38728178562198,89.64785
TD-Win-7,pre_refit,2024,B0005,240,88.08171260170519,87.433365
TD-Win-7,pre_refit,2024,B0005,244,87.49528010741024,88.20853
TD-Win-7,pre_refit,2024,B0005,248,87.2366743602368,87.597755
TD-Win-7,pre_refit,2024,B0005,252,86.96251727221627,87.199165
TD-Win-7,pre_refit,2024,B0005,256,86.35734215456989,87.32018
TD-Win-7,pre_refit,2024,B0005,260,86.10863457357058,87.98126
TD-Win-7,pre_refit,2024,B0005,264,86.06270063126725,86.83159
TD-Win-7,pre_refit,2024,B0005,266,86.63737677555004,87.38877
TD-Win-7,pre_refit,2024,B0005,270,85.50813849993258,87.01684
TD-Win-7,pre_refit,2024,B0005,274,84.97446653296429,86.48641
TD-Win-7,pre_refit,2024,B0005,278,84.69557819389517,87.71957
TD-Win-7,pre_refit,2024,B0005,282,84.68013627936132,86.42555
TD-Win-7,pre_refit,2024,B0005,286,84.41991821853574,86.93625
TD-Win-7,pre_refit,2024,B0005,290,84.10414931140878,87.035576
TD-Win-7,pre_refit,2024,B0005,294,83.52653061113354,88.18165
TD-Win-7,pre_refit,2024,B0005,298,82.96602561057489,86.436676
TD-Win-7,pre_refit,2024,B0005,302,82.99920327964658,86.08122
TD-Win-7,pre_refit,2024,B0005,306,82.68003018050378,87.00385
TD-Win-7,pre_refit,2024,B0005,310,82.39976893302816,86.853836
TD-Win-7,pre_refit,2024,B0005,313,87.19626195760692,86.60915
TD-Win-7,pre_refit,2024,B0005,316,84.91729656129593,86.607864
TD-Win-7,pre_refit,2024,B0005,320,84.06165489885902,87.796455
TD-Win-7,pre_refit,2024,B0005,324,83.2082752902044,87.542046
TD-Win-7,pre_refit,2024,B0005,328,82.91381970838151,86.555244
TD-Win-7,pre_refit,2024,B0005,332,82.37106085271179,87.000175
TD-Win-7,pre_refit,2024,B0005,336,82.09631790141844,86.5299
TD-Win-7,pre_refit,2024,B0005,340,81.80669701206385,86.52345
TD-Win-7,pre_refit,2024,B0005,344,81.53418918115372,87.2847
TD-Win-7,pre_refit,2024,B0005,348,80.95312575426658,86.60134
TD-Win-7,pre_refit,2024,B0005,352,80.6829269258604,86.7482
TD-Win-7,pre_refit,2024,B0005,356,80.38673535372676,86.49069
TD-Win-7,pre_refit,2024,B0005,360,80.10415225005684,87.35508
TD-Win-7,pre_refit,2024,B0005,364,80.68483906716317,85.93125
TD-Win-7,pre_refit,2024,B0005,367,81.23806188586506,88.150406
TD-Win-7,pre_refit,2024,B0005,371,80.40774500270479,87.22727
TD-Win-7,pre_refit,2024,B0005,375,79.80793062432481,88.538826
TD-Win-7,pre_refit,2024,B0005,379,78.94710440938543,87.342384
TD-Win-7,pre_refit,2024,B0005,383,78.96040682717852,86.46234
TD-Win-7,pre_refit,2024,B0005,387,79.00805769223405,87.811935
TD-Win-7,pre_refit,2024,B0005,391,78.68325635434054,86.76887
TD-Win-7,pre_refit,2024,B0005,395,78.12009683923326,86.69895
TD-Win-7,pre_refit,2024,B0005,399,77.83635095586517,86.28821
TD-Win-7,pre_refit,2024,B0005,403,77.83366081216815,87.89453
TD-Win-7,pre_refit,2024,B0005,407,77.54418562704669,86.73254
TD-Win-7,pre_refit,2024,B0005,411,77.26483532824366,86.61535
TD-Win-7,pre_refit,2024,B0005,415,76.96665751739931,86.15111
TD-Win-7,pre_refit,2024,B0005,419,76.69408123915822,86.04025
TD-Win-7,pre_refit,2024,B0005,423,76.7032886034996,86.49385
TD-Win-7,pre_refit,2024,B0005,427,76.43285089151239,87.9384
TD-Win-7,pre_refit,2024,B0005,431,77.83345221466253,87.62903
TD-Win-7,pre_refit,2024,B0005,433,78.09751233548145,87.30232
TD-Win-7,pre_refit,2024,B0005,437,76.96262218385922,86.922264
TD-Win-7,pre_refit,2024,B0005,441,76.3993634537507,86.736435
TD-Win-7,pre_refit,2024,B0005,445,76.08562321685423,85.95942
TD-Win-7,pre_refit,2024,B0005,449,75.84111192639295,86.16574
TD-Win-7,pre_refit,2024,B0005,453,75.5470202599512,85.67284
TD-Win-7,pre_refit,2024,B0005,457,75.2724773855306,85.66293
TD-Win-7,pre_refit,2024,B0005,461,74.95796574493023,85.6936
TD-Win-7,pre_refit,2024,B0005,465,74.67559060559861,87.05593
TD-Win-7,pre_refit,2024,B0005,469,74.4190975749656,85.90138
TD-Win-7,pre_refit,2024,B0005,473,74.41886702385212,85.16273
TD-Win-7,pre_refit,2024,B0005,477,74.10538957595438,85.44165
TD-Win-7,pre_refit,2024,B0005,481,74.68403981580354,85.83408
TD-Win-7,pre_refit,2024,B0005,483,75.26611054535188,85.82938
TD-Win-7,pre_refit,2024,B0005,485,74.38310747232698,86.57817
TD-Win-7,pre_refit,2024,B0005,489,74.10795710900801,85.56047
TD-Win-7,pre_refit,2024,B0005,493,73.53993654981534,85.78045
TD-Win-7,pre_refit,2024,B0005,497,73.55729388669064,86.49382
TD-Win-7,pre_refit,2024,B0005,501,73.56067241598603,85.92887
TD-Win-7,pre_refit,2024,B0005,505,73.26805286034079,86.65041
TD-Win-7,pre_refit,2024,B0005,509,72.98972077509227,86.56462
TD-Win-7,pre_refit,2024,B0005,513,72.70747847813722,85.47612
TD-Win-7,pre_refit,2024,B0005,517,72.70330518052887,85.55096
TD-Win-7,pre_refit,2024,B0005,521,72.43680818215978,86.16386
TD-Win-7,pre_refit,2024,B0005,525,72.14563728793834,87.43134
TD-Win-7,pre_refit,2024,B0005,529,71.84842350914826,85.8509
TD-Win-7,pre_refit,2024,B0005,533,71.57682808520298,85.81731
TD-Win-7,pre_refit,2024,B0005,537,71.59297070565168,85.61774
TD-Win-7,pre_refit,2024,B0005,541,71.58355486033668,86.950066
TD-Win-7,pre_refit,2024,B0005,545,71.88651633814797,85.70743
TD-Win-7,pre_refit,2024,B0005,548,73.85485752850198,84.24481
TD-Win-7,pre_refit,2024,B0005,552,72.73676298693475,85.44939
TD-Win-7,pre_refit,2024,B0005,556,72.16650080848474,85.97338
TD-Win-7,pre_refit,2024,B0005,560,71.87574889700983,87.138985
TD-Win-7,pre_refit,2024,B0005,564,71.60206343923741,86.07138
TD-Win-7,pre_refit,2024,B0005,568,71.32194157026348,86.16018
TD-Win-7,pre_refit,2024,B0005,572,71.30711389020412,86.189674
TD-Win-7,pre_refit,2024,B0005,576,71.01356336148518,85.87503
TD-Win-7,pre_refit,2024,B0005,580,70.75492745457169,85.29632
TD-Win-7,pre_refit,2024,B0005,584,70.77254445771489,86.25493
TD-Win-7,pre_refit,2024,B0005,588,70.77540542374062,85.93222
TD-Win-7,pre_refit,2024,B0005,592,70.47550750397869,85.77606
TD-Win-7,pre_refit,2024,B0005,596,70.48563041810954,85.576645
TD-Win-7,pre_refit,2024,B0005,600,70.23531244180377,86.360756
TD-Win-7,pre_refit,2024,B0005,604,69.93882142370093,86.49187
TD-Win-7,pre_refit,2024,B0005,608,69.90890905512207,85.80652
TD-Win-7,pre_refit,2024,B0005,612,71.07977535187085,87.15178
TD-Win-7,pre_refit,2024,B0005,614,71.95205157786506,86.07487
TD-Win-7,refit_on_3,2024,B0005,2,100.80760884947765,80.42395
TD-Win-7,refit_on_3,2024,B0005,4,100.25590968770103,94.89117
TD-Win-7,refit_on_3,2024,B0005,6,99.65979925247206,95.32461
TD-Win-7,refit_on_3,2024,B0005,8,99.65509323788856,95.679016
TD-Win-7,refit_on_3,2024,B0005,10,99.6215889724607,94.75243
TD-Win-7,refit_on_3,2024,B0005,12,99.67676620535396,93.60651
TD-Win-7,refit_on_3,2024,B0005,14,99.64877352944652,93.823074
TD-Win-7,refit_on_3,2024,B0005,16,99.13892996732449,96.40484
TD-Win-7,refit_on_3,2024,B0005,18,99.08555627584838,96.197464
TD-Win-7,refit_on_3,2024,B0005,20,99.0768365083485,97.01659
TD-Win-7,refit_on_3,2024,B0005,22,99.07717774099622,95.98789
TD-Win-7,refit_on_3,2024,B0005,25,98.5114992237362,97.24291
TD-Win-7,refit_on_3,2024,B0005,27,98.4870761948254,96.52687
TD-Win-7,refit_on_3,2024,B0005,29,98.47015265835132,93.47481
TD-Win-7,refit_on_3,2024,B0005,31,97.88140357167902,97.19958
TD-Win-7,refit_on_3,2024,B0005,33,97.85473656745688,95.827484
TD-Win-7,refit_on_3,2024,B0005,35,97.88039886599036,96.86562
TD-Win-7,refit_on_3,2024,B0005,37,97.9069415267384,96.823616
TD-Win-7,refit_on_3,2024,B0005,39,97.89115702988882,96.572586
TD-Win-7,refit_on_3,2024,B0005,42,100.29385168145046,95.64829
TD-Win-7,refit_on_3,2024,B0005,46,100.31510023136114,97.26126
TD-Win-7,refit_on_3,2024,B0005,50,99.70477213786135,96.99423
TD-Win-7,refit_on_3,2024,B0005,54,99.1402308374376,96.68046
TD-Win-7,refit_on_3,2024,B0005,58,99.10400696359169,92.47214
TD-Win-7,refit_on_3,2024,B0005,62,99.12941188644592,96.12398
TD-Win-7,refit_on_3,2024,B0005,66,98.50222430381568,94.95327
TD-Win-7,refit_on_3,2024,B0005,70,98.5423014565286,93.74472
TD-Win-7,refit_on_3,2024,B0005,74,98.49887187571204,93.89358
TD-Win-7,refit_on_3,2024,B0005,78,97.89050762402466,95.39845
TD-Win-7,refit_on_3,2024,B0005,82,97.96171552529285,92.47089
TD-Win-7,refit_on_3,2024,B0005,90,99.4075559707276,91.92589
TD-Win-7,refit_on_3,2024,B0005,94,98.82112827769676,91.64646
TD-Win-7,refit_on_3,2024,B0005,98,98.2457556393358,88.73442
TD-Win-7,refit_on_3,2024,B0005,102,97.99065016377766,89.22831
TD-Win-7,refit_on_3,2024,B0005,106,97.7065060215613,89.41146
TD-Win-7,refit_on_3,2024,B0005,110,97.11279694879056,89.31555
TD-Win-7,refit_on_3,2024,B0005,114,96.81304988059888,90.26858
TD-Win-7,refit_on_3,2024,B0005,118,96.27605729788222,87.258705
TD-Win-7,refit_on_3,2024,B0005,122,96.2762766313732,87.15177
TD-Win-7,refit_on_3,2024,B0005,126,95.99578118843372,88.88569
TD-Win-7,refit_on_3,2024,B0005,130,95.69403287907456,88.90812
TD-Win-7,refit_on_3,2024,B0005,134,95.98194451474556,90.03999
TD-Win-7,refit_on_3,2024,B0005,136,95.71321655496544,87.33804
TD-Win-7,refit_on_3,2024,B0005,140,95.11928805425076,86.48495
TD-Win-7,refit_on_3,2024,B0005,144,94.58275432725988,87.49661
TD-Win-7,refit_on_3,2024,B0005,148,94.27008009570102,85.61911
TD-Win-7,refit_on_3,2024,B0005,150,97.39411432859931,93.89496
TD-Win-7,refit_on_3,2024,B0005,154,96.82749231246368,94.32151
TD-Win-7,refit_on_3,2024,B0005,158,95.96820195991576,91.80745
TD-Win-7,refit_on_3,2024,B0005,162,95.40638930769452,91.041626
TD-Win-7,refit_on_3,2024,B0005,166,94.8553962680492,88.752754
TD-Win-7,refit_on_3,2024,B0005,170,94.5755674779542,90.2922
TD-Win-7,refit_on_3,2024,B0005,174,94.28806184403476,88.93947
TD-Win-7,refit_on_3,2024,B0005,178,93.73958753620327,88.68522
TD-Win-7,refit_on_3,2024,B0005,182,93.16861105469168,86.91896
TD-Win-7,refit_on_3,2024,B0005,186,92.88227598613614,86.493614
TD-Win-7,refit_on_3,2024,B0005,190,92.636901518198,85.6428
TD-Win-7,refit_on_3,2024,B0005,194,92.32720191735562,88.2203
TD-Win-7,refit_on_3,2024,B0005,198,92.01599848919145,87.20954
TD-Win-7,refit_on_3,2024,B0005,202,91.49053823956656,89.04674
TD-Win-7,refit_on_3,2024,B0005,206,90.92425521866993,86.75666
TD-Win-7,refit_on_3,2024,B0005,210,90.92941856192826,85.000656
TD-Win-7,refit_on_3,2024,B0005,214,90.34010561326173,85.71719
TD-Win-7,refit_on_3,2024,B0005,216,90.0847586044663,87.5163
TD-Win-7,refit_on_3,2024,B0005,220,89.80457989439137,88.04183
TD-Win-7,refit_on_3,2024,B0005,224,89.19640288815545,84.49919
TD-Win-7,refit_on_3,2024,B0005,228,88.93598251136243,84.84019
TD-Win-7,refit_on_3,2024,B0005,232,88.65781340235759,84.96667
TD-Win-7,refit_on_3,2024,B0005,236,88.38728178562198,86.843254
TD-Win-7,refit_on_3,2024,B0005,240,88.08171260170519,83.603226
TD-Win-7,refit_on_3,2024,B0005,244,87.49528010741024,84.42137
TD-Win-7,refit_on_3,2024,B0005,248,87.2366743602368,83.265076
TD-Win-7,refit_on_3,2024,B0005,252,86.96251727221627,82.954124
TD-Win-7,refit_on_3,2024,B0005,256,86.35734215456989,82.31297
TD-Win-7,refit_on_3,2024,B0005,260,86.10863457357058,83.59486
TD-Win-7,refit_on_3,2024,B0005,264,86.06270063126725,82.04512
TD-Win-7,refit_on_3,2024,B0005,266,86.63737677555004,83.53658
TD-Win-7,refit_on_3,2024,B0005,270,85.50813849993258,81.844086
TD-Win-7,refit_on_3,2024,B0005,274,84.97446653296429,80.594795
TD-Win-7,refit_on_3,2024,B0005,278,84.69557819389517,82.517426
TD-Win-7,refit_on_3,2024,B0005,282,84.68013627936132,81.07004
TD-Win-7,refit_on_3,2024,B0005,286,84.41991821853574,82.19604
TD-Win-7,refit_on_3,2024,B0005,290,84.10414931140878,82.32013
TD-Win-7,refit_on_3,2024,B0005,294,83.52653061113354,83.89957
TD-Win-7,refit_on_3,2024,B0005,298,82.96602561057489,80.576004
TD-Win-7,refit_on_3,2024,B0005,302,82.99920327964658,80.43996
TD-Win-7,refit_on_3,2024,B0005,306,82.68003018050378,81.486465
TD-Win-7,refit_on_3,2024,B0005,310,82.39976893302816,81.307724
TD-Win-7,refit_on_3,2024,B0005,313,87.19626195760692,81.60446
TD-Win-7,refit_on_3,2024,B0005,316,84.91729656129593,82.93548
TD-Win-7,refit_on_3,2024,B0005,320,84.06165489885902,84.51353
TD-Win-7,refit_on_3,2024,B0005,324,83.2082752902044,82.73453
TD-Win-7,refit_on_3,2024,B0005,328,82.91381970838151,81.68918
TD-Win-7,refit_on_3,2024,B0005,332,82.37106085271179,81.91544
TD-Win-7,refit_on_3,2024,B0005,336,82.09631790141844,81.09096
TD-Win-7,refit_on_3,2024,B0005,340,81.80669701206385,81.05086
TD-Win-7,refit_on_3,2024,B0005,344,81.53418918115372,82.47098
TD-Win-7,refit_on_3,2024,B0005,348,80.95312575426658,80.41038
TD-Win-7,refit_on_3,2024,B0005,352,80.6829269258604,80.62535
TD-Win-7,refit_on_3,2024,B0005,356,80.38673535372676,80.15253
TD-Win-7,refit_on_3,2024,B0005,360,80.10415225005684,81.54222
TD-Win-7,refit_on_3,2024,B0005,364,80.68483906716317,80.05728
TD-Win-7,refit_on_3,2024,B0005,367,81.23806188586506,84.47163
TD-Win-7,refit_on_3,2024,B0005,371,80.40774500270479,82.8021
TD-Win-7,refit_on_3,2024,B0005,375,79.80793062432481,83.992226
TD-Win-7,refit_on_3,2024,B0005,379,78.94710440938543,82.165436
TD-Win-7,refit_on_3,2024,B0005,383,78.96040682717852,79.89652
TD-Win-7,refit_on_3,2024,B0005,387,79.00805769223405,83.02626
TD-Win-7,refit_on_3,2024,B0005,391,78.68325635434054,81.374405
TD-Win-7,refit_on_3,2024,B0005,395,78.12009683923326,80.09458
TD-Win-7,refit_on_3,2024,B0005,399,77.83635095586517,79.36809
TD-Win-7,refit_on_3,2024,B0005,403,77.83366081216815,82.51835
TD-Win-7,refit_on_3,2024,B0005,407,77.54418562704669,80.367355
TD-Win-7,refit_on_3,2024,B0005,411,77.26483532824366,80.06753
TD-Win-7,refit_on_3,2024,B0005,415,76.96665751739931,79.15374
TD-Win-7,refit_on_3,2024,B0005,419,76.69408123915822,79.20797
TD-Win-7,refit_on_3,2024,B0005,423,76.7032886034996,80.279945
TD-Win-7,refit_on_3,2024,B0005,427,76.43285089151239,82.082695
TD-Win-7,refit_on_3,2024,B0005,431,77.83345221466253,82.533295
TD-Win-7,refit_on_3,2024,B0005,433,78.09751233548145,82.63749
TD-Win-7,refit_on_3,2024,B0005,437,76.96262218385922,80.638145
TD-Win-7,refit_on_3,2024,B0005,441,76.3993634537507,79.68543
TD-Win-7,refit_on_3,2024,B0005,445,76.08562321685423,78.52315
TD-Win-7,refit_on_3,2024,B0005,449,75.84111192639295,78.64189
TD-Win-7,refit_on_3,2024,B0005,453,75.5470202599512,77.971695
TD-Win-7,refit_on_3,2024,B0005,457,75.2724773855306,77.52048
TD-Win-7,refit_on_3,2024,B0005,461,74.95796574493023,77.241776
TD-Win-7,refit_on_3,2024,B0005,465,74.67559060559861,78.98064
TD-Win-7,refit_on_3,2024,B0005,469,74.4190975749656,77.60042
TD-Win-7,refit_on_3,2024,B0005,473,74.41886702385212,76.53223
TD-Win-7,refit_on_3,2024,B0005,477,74.10538957595438,76.62496
TD-Win-7,refit_on_3,2024,B0005,481,74.68403981580354,77.85827
TD-Win-7,refit_on_3,2024,B0005,483,75.26611054535188,78.363716
TD-Win-7,refit_on_3,2024,B0005,485,74.38310747232698,78.62147
TD-Win-7,refit_on_3,2024,B0005,489,74.10795710900801,77.07339
TD-Win-7,refit_on_3,2024,B0005,493,73.53993654981534,76.2392
TD-Win-7,refit_on_3,2024,B0005,497,73.55729388669064,78.07106
TD-Win-7,refit_on_3,2024,B0005,501,73.56067241598603,77.398834
TD-Win-7,refit_on_3,2024,B0005,505,73.26805286034079,78.75968
TD-Win-7,refit_on_3,2024,B0005,509,72.98972077509227,78.088135
TD-Win-7,refit_on_3,2024,B0005,513,72.70747847813722,75.97834
TD-Win-7,refit_on_3,2024,B0005,517,72.70330518052887,76.05614
TD-Win-7,refit_on_3,2024,B0005,521,72.43680818215978,77.12022
TD-Win-7,refit_on_3,2024,B0005,525,72.14563728793834,78.63249
TD-Win-7,refit_on_3,2024,B0005,529,71.84842350914826,75.40178
TD-Win-7,refit_on_3,2024,B0005,533,71.57682808520298,74.65842
TD-Win-7,refit_on_3,2024,B0005,537,71.59297070565168,74.90005
TD-Win-7,refit_on_3,2024,B0005,541,71.58355486033668,77.65005
TD-Win-7,refit_on_3,2024,B0005,545,71.88651633814797,74.79817
TD-Win-7,refit_on_3,2024,B0005,548,73.85485752850198,74.770065
TD-Win-7,refit_on_3,2024,B0005,552,72.73676298693475,76.06494
TD-Win-7,refit_on_3,2024,B0005,556,72.16650080848474,76.005295
TD-Win-7,refit_on_3,2024,B0005,560,71.87574889700983,77.52848
TD-Win-7,refit_on_3,2024,B0005,564,71.60206343923741,75.67449
TD-Win-7,refit_on_3,2024,B0005,568,71.32194157026348,75.421616
TD-Win-7,refit_on_3,2024,B0005,572,71.30711389020412,75.98718
TD-Win-7,refit_on_3,2024,B0005,576,71.01356336148518,75.07729
TD-Win-7,refit_on_3,2024,B0005,580,70.75492745457169,73.73271
TD-Win-7,refit_on_3,2024,B0005,584,70.77254445771489,75.60286
TD-Win-7,refit_on_3,2024,B0005,588,70.77540542374062,75.99803
TD-Win-7,refit_on_3,2024,B0005,592,70.47550750397869,74.861305
TD-Win-7,refit_on_3,2024,B0005,596,70.48563041810954,74.65962
TD-Win-7,refit_on_3,2024,B0005,600,70.23531244180377,75.510574
TD-Win-7,refit_on_3,2024,B0005,604,69.93882142370093,75.27798
TD-Win-7,refit_on_3,2024,B0005,608,69.90890905512207,74.40771
TD-Win-7,refit_on_3,2024,B0005,612,71.07977535187085,78.640686
TD-Win-7,refit_on_3,2024,B0005,614,71.95205157786506,78.22689
TD-Win-7,pre_refit,2024,B0006,2,100.88297108833646,93.75147
TD-Win-7,pre_refit,2024,B0006,4,100.37753235288778,103.11813
TD-Win-7,pre_refit,2024,B0006,6,99.79196916000484,103.41138
TD-Win-7,pre_refit,2024,B0006,8,99.7899019818078,103.37887
TD-Win-7,pre_refit,2024,B0006,10,99.15762541696316,102.54812
TD-Win-7,pre_refit,2024,B0006,12,99.8203556776378,102.218285
TD-Win-7,pre_refit,2024,B0006,14,99.7808037027038,101.796974
TD-Win-7,pre_refit,2024,B0006,16,97.5844832820893,103.26921
TD-Win-7,pre_refit,2024,B0006,18,97.5535716293996,103.16393
TD-Win-7,pre_refit,2024,B0006,20,97.01155142541865,102.385445
TD-Win-7,pre_refit,2024,B0006,22,96.43502080876348,102.62184
TD-Win-7,pre_refit,2024,B0006,25,95.8972998236526,101.19243
TD-Win-7,pre_refit,2024,B0006,27,95.32875373854844,102.6855
TD-Win-7,pre_refit,2024,B0006,29,94.76419905980474,100.71689
TD-Win-7,pre_refit,2024,B0006,31,94.22773853976388,101.70239
TD-Win-7,pre_refit,2024,B0006,33,93.6395064953226,101.27397
TD-Win-7,pre_refit,2024,B0006,35,93.09821798643677,101.45411
TD-Win-7,pre_refit,2024,B0006,37,92.56743574756617,101.038925
TD-Win-7,pre_refit,2024,B0006,39,92.56840432582156,100.44913
TD-Win-7,pre_refit,2024,B0006,42,98.12161319843736,100.9158
TD-Win-7,pre_refit,2024,B0006,46,97.02736865587346,102.734
TD-Win-7,pre_refit,2024,B0006,50,96.4457203456954,101.99458
TD-Win-7,pre_refit,2024,B0006,54,95.37664206593776,101.88082
TD-Win-7,pre_refit,2024,B0006,58,96.45395400781383,99.587234
TD-Win-7,pre_refit,2024,B0006,62,94.2446511737385,101.17042
TD-Win-7,pre_refit,2024,B0006,66,93.11783815158223,99.914856
TD-Win-7,pre_refit,2024,B0006,70,92.60393676951,98.35098
TD-Win-7,pre_refit,2024,B0006,74,91.99518419888014,97.76421
TD-Win-7,pre_refit,2024,B0006,78,91.45865458065036,98.82306
TD-Win-7,pre_refit,2024,B0006,82,92.05488530825814,95.82405
TD-Win-7,pre_refit,2024,B0006,90,93.2941701264468,95.25249
TD-Win-7,pre_refit,2024,B0006,94,91.95812296295944,94.16296
TD-Win-7,pre_refit,2024,B0006,98,91.16379285351326,90.736916
TD-Win-7,pre_refit,2024,B0006,102,90.13722315501992,91.90905
TD-Win-7,pre_refit,2024,B0006,106,89.88629167454431,89.94556
TD-Win-7,pre_refit,2024,B0006,110,89.07464504963947,90.09139
TD-Win-7,pre_refit,2024,B0006,114,88.27677498375004,90.823044
TD-Win-7,pre_refit,2024,B0006,118,87.78153478310176,87.8231
TD-Win-7,pre_refit,2024,B0006,122,87.25902301297472,87.18648
TD-Win-7,pre_refit,2024,B0006,126,86.75445063463465,88.47193
TD-Win-7,pre_refit,2024,B0006,130,86.21919662960373,89.23626
TD-Win-7,pre_refit,2024,B0006,134,86.97181002045869,88.94232
TD-Win-7,pre_refit,2024,B0006,136,87.53004089819298,86.85443
TD-Win-7,pre_refit,2024,B0006,140,85.93648557449694,86.50939
TD-Win-7,pre_refit,2024,B0006,144,84.92223069682748,87.56134
TD-Win-7,pre_refit,2024,B0006,148,84.38106569995976,85.22256
TD-Win-7,pre_refit,2024,B0006,150,90.39396636175364,92.82592
TD-Win-7,pre_refit,2024,B0006,154,89.62118442408695,93.86407
TD-Win-7,pre_refit,2024,B0006,158,88.01687540594799,91.021164
TD-Win-7,pre_refit,2024,B0006,162,86.47934133475826,91.73193
TD-Win-7,pre_refit,2024,B0006,166,85.7093899316892,87.94675
TD-Win-7,pre_refit,2024,B0006,170,84.66363361309608,89.81642
TD-Win-7,pre_refit,2024,B0006,174,84.14253773442293,88.52768
TD-Win-7,pre_refit,2024,B0006,178,83.37268440744252,87.680115
TD-Win-7,pre_refit,2024,B0006,182,82.84795096685752,85.58881
TD-Win-7,pre_refit,2024,B0006,186,82.31672078137474,84.65475
TD-Win-7,pre_refit,2024,B0006,190,81.8390002521071,84.8817
TD-Win-7,pre_refit,2024,B0006,194,81.29446683115198,85.96831
TD-Win-7,pre_refit,2024,B0006,198,80.75246648690656,85.17413
TD-Win-7,pre_refit,2024,B0006,202,79.7437886746144,88.95977
TD-Win-7,pre_refit,2024,B0006,206,79.47984426199564,86.307434
TD-Win-7,pre_refit,2024,B0006,210,79.25415788836384,84.23236
TD-Win-7,pre_refit,2024,B0006,214,78.69188922732394,84.20811
TD-Win-7,pre_refit,2024,B0006,216,78.46114405771091,85.6933
TD-Win-7,pre_refit,2024,B0006,220,77.67630372212932,86.58522
TD-Win-7,pre_refit,2024,B0006,224,77.38916838478035,84.08658
TD-Win-7,pre_refit,2024,B0006,228,76.88491527529958,84.73893
TD-Win-7,pre_refit,2024,B0006,232,76.3646225030132,84.73896
TD-Win-7,pre_refit,2024,B0006,236,75.60327887522882,86.91403
TD-Win-7,pre_refit,2024,B0006,240,75.84333345118733,83.76068
TD-Win-7,pre_refit,2024,B0006,244,75.57070473005419,83.4306
TD-Win-7,pre_refit,2024,B0006,248,75.06972493621848,84.02082
TD-Win-7,pre_refit,2024,B0006,252,74.81407516505371,83.57096
TD-Win-7,pre_refit,2024,B0006,256,74.54671414292675,82.982925
TD-Win-7,pre_refit,2024,B0006,260,74.02740213488109,84.97654
TD-Win-7,pre_refit,2024,B0006,264,73.73556466569462,83.08886
TD-Win-7,pre_refit,2024,B0006,266,75.84980622026112,81.630905
TD-Win-7,pre_refit,2024,B0006,270,74.55060879561292,83.4939
TD-Win-7,pre_refit,2024,B0006,274,73.79142812679322,82.14102
TD-Win-7,pre_refit,2024,B0006,278,73.27190839787096,85.21817
TD-Win-7,pre_refit,2024,B0006,282,73.28093201847443,83.26433
TD-Win-7,pre_refit,2024,B0006,286,73.02095301621284,81.55859
TD-Win-7,pre_refit,2024,B0006,290,72.73851013234444,84.328026
TD-Win-7,pre_refit,2024,B0006,294,71.95104826590523,85.74855
TD-Win-7,pre_refit,2024,B0006,298,71.96564568462234,82.78197
TD-Win-7,pre_refit,2024,B0006,302,71.72895437691278,83.10145
TD-Win-7,pre_refit,2024,B0006,306,71.71434939609318,83.872375
TD-Win-7,pre_refit,2024,B0006,310,71.45761792874575,84.00743
TD-Win-7,pre_refit,2024,B0006,313,78.98726854374111,81.1532
TD-Win-7,pre_refit,2024,B0006,316,76.64794397240323,81.50561
TD-Win-7,pre_refit,2024,B0006,320,75.07747171565073,84.679054
TD-Win-7,pre_refit,2024,B0006,324,74.29795247472106,83.39153
TD-Win-7,pre_refit,2024,B0006,328,73.51146675367659,83.14688
TD-Win-7,pre_refit,2024,B0006,332,73.00864275760908,83.243515
TD-Win-7,pre_refit,2024,B0006,336,72.50277290138493,83.34167
TD-Win-7,pre_refit,2024,B0006,340,71.96131839956391,82.83045
TD-Win-7,pre_refit,2024,B0006,344,71.71500633205595,84.50709
TD-Win-7,pre_refit,2024,B0006,348,71.44305583769248,83.1045
TD-Win-7,pre_refit,2024,B0006,352,70.93898960214143,82.72692
TD-Win-7,pre_refit,2024,B0006,356,70.68194044477139,82.78052
TD-Win-7,pre_refit,2024,B0006,360,70.4074916889224,85.09017
TD-Win-7,pre_refit,2024,B0006,364,70.41804785222855,83.227295
TD-Win-7,pre_refit,2024,B0006,367,71.98210310103482,85.62229
TD-Win-7,pre_refit,2024,B0006,371,70.95618334594263,85.090225
TD-Win-7,pre_refit,2024,B0006,375,70.1362730902931,86.816864
TD-Win-7,pre_refit,2024,B0006,379,69.87433806657212,84.886765
TD-Win-7,pre_refit,2024,B0006,383,69.63573699649338,83.699936
TD-Win-7,pre_refit,2024,B0006,387,69.15232147064526,87.46182
TD-Win-7,pre_refit,2024,B0006,391,69.12109936452545,84.77387
TD-Win-7,pre_refit,2024,B0006,395,68.86250185726787,83.99981
TD-Win-7,pre_refit,2024,B0006,399,68.59092282212131,83.8248
TD-Win-7,pre_refit,2024,B0006,403,68.08750743669,86.80557
TD-Win-7,pre_refit,2024,B0006,407,68.33159705981836,84.609085
TD-Win-7,pre_refit,2024,B0006,411,68.09140360412486,84.43759
TD-Win-7,pre_refit,2024,B0006,415,67.81869443003508,84.34085
TD-Win-7,pre_refit,2024,B0006,419,67.5730638436144,83.86274
TD-Win-7,pre_refit,2024,B0006,423,67.31503513349786,85.57845
TD-Win-7,pre_refit,2024,B0006,427,67.07575548417674,86.923195
TD-Win-7,pre_refit,2024,B0006,431,68.60691404106846,87.07049
TD-Win-7,pre_refit,2024,B0006,433,69.64711039275872,85.72991
TD-Win-7,pre_refit,2024,B0006,437,68.33719964359061,84.87166
TD-Win-7,pre_refit,2024,B0006,441,67.81907707369999,85.186966
TD-Win-7,pre_refit,2024,B0006,445,67.27630029953899,83.753975
TD-Win-7,pre_refit,2024,B0006,449,67.03731096833596,84.96261
TD-Win-7,pre_refit,2024,B0006,453,66.78534122129697,84.04125
TD-Win-7,pre_refit,2024,B0006,457,66.26973868287087,84.72617
TD-Win-7,pre_refit,2024,B0006,461,65.98363462621751,84.48484
TD-Win-7,pre_refit,2024,B0006,465,65.72069252661954,87.56368
TD-Win-7,pre_refit,2024,B0006,469,65.50500064349335,84.88556
TD-Win-7,pre_refit,2024,B0006,473,65.48747074550045,84.75506
TD-Win-7,pre_refit,2024,B0006,477,65.2110653386093,85.15732
TD-Win-7,pre_refit,2024,B0006,481,65.47148558720653,85.97766
TD-Win-7,pre_refit,2024,B0006,483,66.78647932759047,84.11395
TD-Win-7,pre_refit,2024,B0006,485,65.72477818237311,86.66957
TD-Win-7,pre_refit,2024,B0006,489,64.93697426302657,85.67132
TD-Win-7,pre_refit,2024,B0006,493,64.69397950587184,86.11355
TD-Win-7,pre_refit,2024,B0006,497,64.45556804271465,86.45954
TD-Win-7,pre_refit,2024,B0006,501,64.44711910522597,86.99308
TD-Win-7,pre_refit,2024,B0006,505,63.9153253541329,87.3616
TD-Win-7,pre_refit,2024,B0006,509,63.40709756117343,88.48704
TD-Win-7,pre_refit,2024,B0006,513,63.40485519747241,86.71451
TD-Win-7,pre_refit,2024,B0006,517,63.14854807557744,86.934875
TD-Win-7,pre_refit,2024,B0006,521,63.15304028594434,87.660515
TD-Win-7,pre_refit,2024,B0006,525,62.63936845251047,90.61179
TD-Win-7,pre_refit,2024,B0006,529,62.36048327920517,88.29538
TD-Win-7,pre_refit,2024,B0006,533,62.11872624491582,87.2664
TD-Win-7,pre_refit,2024,B0006,537,62.11731201074328,86.476326
TD-Win-7,pre_refit,2024,B0006,541,61.86235410492132,90.42773
TD-Win-7,pre_refit,2024,B0006,545,62.12742822257309,88.714226
TD-Win-7,pre_refit,2024,B0006,548,63.93010610326108,85.417015
TD-Win-7,pre_refit,2024,B0006,552,62.62827859533666,88.11509
TD-Win-7,pre_refit,2024,B0006,556,61.85683618405182,89.224075
TD-Win-7,pre_refit,2024,B0006,560,61.07092794836815,91.33069
TD-Win-7,pre_refit,2024,B0006,564,60.82277612678393,89.64599
TD-Win-7,pre_refit,2024,B0006,568,60.55640953242813,90.03095
TD-Win-7,pre_refit,2024,B0006,572,60.02917505279337,90.93535
TD-Win-7,pre_refit,2024,B0006,576,59.75722270334661,90.071365
TD-Win-7,pre_refit,2024,B0006,580,59.52315601830062,88.9143
TD-Win-7,pre_refit,2024,B0006,584,59.01246912863032,91.95676
TD-Win-7,pre_refit,2024,B0006,588,58.74426171153606,91.60151
TD-Win-7,pre_refit,2024,B0006,592,58.47122551716232,91.459404
TD-Win-7,pre_refit,2024,B0006,596,58.2196597592319,91.98056
TD-Win-7,pre_refit,2024,B0006,600,57.18983519098029,94.22198
TD-Win-7,pre_refit,2024,B0006,604,57.71437056534329,93.379074
TD-Win-7,pre_refit,2024,B0006,608,57.43663099473362,92.03969
TD-Win-7,pre_refit,2024,B0006,612,58.23847489632371,94.70997
TD-Win-7,pre_refit,2024,B0006,614,58.76884540363096,92.44558
TD-Win-7,refit_on_3,2024,B0006,2,100.88297108833646,87.514275
TD-Win-7,refit_on_3,2024,B0006,4,100.37753235288778,103.488686
TD-Win-7,refit_on_3,2024,B0006,6,99.79196916000484,103.70421
TD-Win-7,refit_on_3,2024,B0006,8,99.7899019818078,103.69542
TD-Win-7,refit_on_3,2024,B0006,10,99.15762541696316,102.98135
TD-Win-7,refit_on_3,2024,B0006,12,99.8203556776378,102.45122
TD-Win-7,refit_on_3,2024,B0006,14,99.7808037027038,102.0696
TD-Win-7,refit_on_3,2024,B0006,16,97.5844832820893,103.731544
TD-Win-7,refit_on_3,2024,B0006,18,97.5535716293996,103.59431
TD-Win-7,refit_on_3,2024,B0006,20,97.01155142541865,103.00768
TD-Win-7,refit_on_3,2024,B0006,22,96.43502080876348,103.15366
TD-Win-7,refit_on_3,2024,B0006,25,95.8972998236526,101.137825
TD-Win-7,refit_on_3,2024,B0006,27,95.32875373854844,103.17988
TD-Win-7,refit_on_3,2024,B0006,29,94.76419905980474,100.70302
TD-Win-7,refit_on_3,2024,B0006,31,94.22773853976388,102.455986
TD-Win-7,refit_on_3,2024,B0006,33,93.6395064953226,102.0754
TD-Win-7,refit_on_3,2024,B0006,35,93.09821798643677,102.152115
TD-Win-7,refit_on_3,2024,B0006,37,92.56743574756617,101.7626
TD-Win-7,refit_on_3,2024,B0006,39,92.56840432582156,100.91679
TD-Win-7,refit_on_3,2024,B0006,42,98.12161319843736,101.28901
TD-Win-7,refit_on_3,2024,B0006,46,97.02736865587346,103.247986
TD-Win-7,refit_on_3,2024,B0006,50,96.4457203456954,102.61948
TD-Win-7,refit_on_3,2024,B0006,54,95.37664206593776,102.56996
TD-Win-7,refit_on_3,2024,B0006,58,96.45395400781383,99.93658
TD-Win-7,refit_on_3,2024,B0006,62,94.2446511737385,101.80834
TD-Win-7,refit_on_3,2024,B0006,66,93.11783815158223,101.012695
TD-Win-7,refit_on_3,2024,B0006,70,92.60393676951,98.95381
TD-Win-7,refit_on_3,2024,B0006,74,91.99518419888014,98.46964
TD-Win-7,refit_on_3,2024,B0006,78,91.45865458065036,99.893616
TD-Win-7,refit_on_3,2024,B0006,82,92.05488530825814,96.3287
TD-Win-7,refit_on_3,2024,B0006,90,93.2941701264468,94.73714
TD-Win-7,refit_on_3,2024,B0006,94,91.95812296295944,93.80937
TD-Win-7,refit_on_3,2024,B0006,98,91.16379285351326,90.024994
TD-Win-7,refit_on_3,2024,B0006,102,90.13722315501992,92.297874
TD-Win-7,refit_on_3,2024,B0006,106,89.88629167454431,89.45129
TD-Win-7,refit_on_3,2024,B0006,110,89.07464504963947,89.75079
TD-Win-7,refit_on_3,2024,B0006,114,88.27677498375004,91.134056
TD-Win-7,refit_on_3,2024,B0006,118,87.78153478310176,87.08949
TD-Win-7,refit_on_3,2024,B0006,122,87.25902301297472,86.11262
TD-Win-7,refit_on_3,2024,B0006,126,86.75445063463465,87.42684
TD-Win-7,refit_on_3,2024,B0006,130,86.21919662960373,88.570244
TD-Win-7,refit_on_3,2024,B0006,134,86.97181002045869,88.54739
TD-Win-7,refit_on_3,2024,B0006,136,87.53004089819298,85.368904
TD-Win-7,refit_on_3,2024,B0006,140,85.93648557449694,85.026146
TD-Win-7,refit_on_3,2024,B0006,144,84.92223069682748,86.60001
TD-Win-7,refit_on_3,2024,B0006,148,84.38106569995976,83.329
TD-Win-7,refit_on_3,2024,B0006,150,90.39396636175364,92.095215
TD-Win-7,refit_on_3,2024,B0006,154,89.62118442408695,93.6775
TD-Win-7,refit_on_3,2024,B0006,158,88.01687540594799,90.447624
TD-Win-7,refit_on_3,2024,B0006,162,86.47934133475826,91.89246
TD-Win-7,refit_on_3,2024,B0006,166,85.7093899316892,86.6559
TD-Win-7,refit_on_3,2024,B0006,170,84.66363361309608,89.42224
TD-Win-7,refit_on_3,2024,B0006,174,84.14253773442293,87.42135
TD-Win-7,refit_on_3,2024,B0006,178,83.37268440744252,86.17913
TD-Win-7,refit_on_3,2024,B0006,182,82.84795096685752,83.179665
TD-Win-7,refit_on_3,2024,B0006,186,82.31672078137474,82.08377
TD-Win-7,refit_on_3,2024,B0006,190,81.8390002521071,82.461
TD-Win-7,refit_on_3,2024,B0006,194,81.29446683115198,83.396614
TD-Win-7,refit_on_3,2024,B0006,198,80.75246648690656,82.146645
TD-Win-7,refit_on_3,2024,B0006,202,79.7437886746144,87.10779
TD-Win-7,refit_on_3,2024,B0006,206,79.47984426199564,83.85336
TD-Win-7,refit_on_3,2024,B0006,210,79.25415788836384,80.689995
TD-Win-7,refit_on_3,2024,B0006,214,78.69188922732394,80.18747
TD-Win-7,refit_on_3,2024,B0006,216,78.46114405771091,82.23852
TD-Win-7,refit_on_3,2024,B0006,220,77.67630372212932,83.42215
TD-Win-7,refit_on_3,2024,B0006,224,77.38916838478035,79.83839
TD-Win-7,refit_on_3,2024,B0006,228,76.88491527529958,80.32772
TD-Win-7,refit_on_3,2024,B0006,232,76.3646225030132,80.46244
TD-Win-7,refit_on_3,2024,B0006,236,75.60327887522882,83.161644
TD-Win-7,refit_on_3,2024,B0006,240,75.84333345118733,78.479355
TD-Win-7,refit_on_3,2024,B0006,244,75.57070473005419,77.928154
TD-Win-7,refit_on_3,2024,B0006,248,75.06972493621848,77.97744
TD-Win-7,refit_on_3,2024,B0006,252,74.81407516505371,77.526375
TD-Win-7,refit_on_3,2024,B0006,256,74.54671414292675,76.77181
TD-Win-7,refit_on_3,2024,B0006,260,74.02740213488109,78.97421
TD-Win-7,refit_on_3,2024,B0006,264,73.73556466569462,76.542114
TD-Win-7,refit_on_3,2024,B0006,266,75.84980622026112,75.86139
TD-Win-7,refit_on_3,2024,B0006,270,74.55060879561292,77.6117
TD-Win-7,refit_on_3,2024,B0006,274,73.79142812679322,76.166954
TD-Win-7,refit_on_3,2024,B0006,278,73.27190839787096,79.05415
TD-Win-7,refit_on_3,2024,B0006,282,73.28093201847443,76.22591
TD-Win-7,refit_on_3,2024,B0006,286,73.02095301621284,73.10058
TD-Win-7,refit_on_3,2024,B0006,290,72.73851013234444,77.393814
TD-Win-7,refit_on_3,2024,B0006,294,71.95104826590523,79.46389
TD-Win-7,refit_on_3,2024,B0006,298,71.96564568462234,75.42355
TD-Win-7,refit_on_3,2024,B0006,302,71.72895437691278,75.12372
TD-Win-7,refit_on_3,2024,B0006,306,71.71434939609318,76.039
TD-Win-7,refit_on_3,2024,B0006,310,71.45761792874575,75.88615
TD-Win-7,refit_on_3,2024,B0006,313,78.98726854374111,74.726364
TD-Win-7,refit_on_3,2024,B0006,316,76.64794397240323,75.63676
TD-Win-7,refit_on_3,2024,B0006,320,75.07747171565073,79.246216
TD-Win-7,refit_on_3,2024,B0006,324,74.29795247472106,77.16505
TD-Win-7,refit_on_3,2024,B0006,328,73.51146675367659,76.2488
TD-Win-7,refit_on_3,2024,B0006,332,73.00864275760908,76.51993
TD-Win-7,refit_on_3,2024,B0006,336,72.50277290138493,76.14439
TD-Win-7,refit_on_3,2024,B0006,340,71.96131839956391,75.423836
TD-Win-7,refit_on_3,2024,B0006,344,71.71500633205595,77.34036
TD-Win-7,refit_on_3,2024,B0006,348,71.44305583769248,75.28795
TD-Win-7,refit_on_3,2024,B0006,352,70.93898960214143,74.62147
TD-Win-7,refit_on_3,2024,B0006,356,70.68194044477139,74.73027
TD-Win-7,refit_on_3,2024,B0006,360,70.4074916889224,77.126564
TD-Win-7,refit_on_3,2024,B0006,364,70.41804785222855,74.52814
TD-Win-7,refit_on_3,2024,B0006,367,71.98210310103482,78.49976
TD-Win-7,refit_on_3,2024,B0006,371,70.95618334594263,77.10577
TD-Win-7,refit_on_3,2024,B0006,375,70.1362730902931,79.78467
TD-Win-7,refit_on_3,2024,B0006,379,69.87433806657212,76.832695
TD-Win-7,refit_on_3,2024,B0006,383,69.63573699649338,74.49584
TD-Win-7,refit_on_3,2024,B0006,387,69.15232147064526,79.193344
TD-Win-7,refit_on_3,2024,B0006,391,69.12109936452545,75.21435
TD-Win-7,refit_on_3,2024,B0006,395,68.86250185726787,74.31166
TD-Win-7,refit_on_3,2024,B0006,399,68.59092282212131,74.32025
TD-Win-7,refit_on_3,2024,B0006,403,68.08750743669,78.18203
TD-Win-7,refit_on_3,2024,B0006,407,68.33159705981836,74.67477
TD-Win-7,refit_on_3,2024,B0006,411,68.09140360412486,74.24193
TD-Win-7,refit_on_3,2024,B0006,415,67.81869443003508,74.268814
TD-Win-7,refit_on_3,2024,B0006,419,67.5730638436144,73.754395
TD-Win-7,refit_on_3,2024,B0006,423,67.31503513349786,75.17548
TD-Win-7,refit_on_3,2024,B0006,427,67.07575548417674,77.30509
TD-Win-7,refit_on_3,2024,B0006,431,68.60691404106846,77.62915
TD-Win-7,refit_on_3,2024,B0006,433,69.64711039275872,77.26733
TD-Win-7,refit_on_3,2024,B0006,437,68.33719964359061,75.439995
TD-Win-7,refit_on_3,2024,B0006,441,67.81907707369999,75.11586
TD-Win-7,refit_on_3,2024,B0006,445,67.27630029953899,73.729515
TD-Win-7,refit_on_3,2024,B0006,449,67.03731096833596,74.368385
TD-Win-7,refit_on_3,2024,B0006,453,66.78534122129697,73.50778
TD-Win-7,refit_on_3,2024,B0006,457,66.26973868287087,74.1648
TD-Win-7,refit_on_3,2024,B0006,461,65.98363462621751,73.575356
TD-Win-7,refit_on_3,2024,B0006,465,65.72069252661954,77.09747
TD-Win-7,refit_on_3,2024,B0006,469,65.50500064349335,74.06083
TD-Win-7,refit_on_3,2024,B0006,473,65.48747074550045,73.282135
TD-Win-7,refit_on_3,2024,B0006,477,65.2110653386093,73.361176
TD-Win-7,refit_on_3,2024,B0006,481,65.47148558720653,74.30997
TD-Win-7,refit_on_3,2024,B0006,483,66.78647932759047,73.27399
TD-Win-7,refit_on_3,2024,B0006,485,65.72477818237311,75.33478
TD-Win-7,refit_on_3,2024,B0006,489,64.93697426302657,73.86414
TD-Win-7,refit_on_3,2024,B0006,493,64.69397950587184,74.04216
TD-Win-7,refit_on_3,2024,B0006,497,64.45556804271465,74.72388
TD-Win-7,refit_on_3,2024,B0006,501,64.44711910522597,74.71577
TD-Win-7,refit_on_3,2024,B0006,505,63.9153253541329,75.30931
TD-Win-7,refit_on_3,2024,B0006,509,63.40709756117343,76.506065
TD-Win-7,refit_on_3,2024,B0006,513,63.40485519747241,73.77073
TD-Win-7,refit_on_3,2024,B0006,517,63.14854807557744,74.10651
TD-Win-7,refit_on_3,2024,B0006,521,63.15304028594434,74.71958
TD-Win-7,refit_on_3,2024,B0006,525,62.63936845251047,78.34114
TD-Win-7,refit_on_3,2024,B0006,529,62.36048327920517,74.83081
TD-Win-7,refit_on_3,2024,B0006,533,62.11872624491582,74.10207
TD-Win-7,refit_on_3,2024,B0006,537,62.11731201074328,72.959206
TD-Win-7,refit_on_3,2024,B0006,541,61.86235410492132,77.49259
TD-Win-7,refit_on_3,2024,B0006,545,62.12742822257309,74.35731
TD-Win-7,refit_on_3,2024,B0006,548,63.93010610326108,72.53728
TD-Win-7,refit_on_3,2024,B0006,552,62.62827859533666,74.690094
TD-Win-7,refit_on_3,2024,B0006,556,61.85683618405182,75.38193
TD-Win-7,refit_on_3,2024,B0006,560,61.07092794836815,77.94139
TD-Win-7,refit_on_3,2024,B0006,564,60.82277612678393,75.64958
TD-Win-7,refit_on_3,2024,B0006,568,60.55640953242813,75.205536
TD-Win-7,refit_on_3,2024,B0006,572,60.02917505279337,76.66257
TD-Win-7,refit_on_3,2024,B0006,576,59.75722270334661,75.091484
TD-Win-7,refit_on_3,2024,B0006,580,59.52315601830062,73.46683
TD-Win-7,refit_on_3,2024,B0006,584,59.01246912863032,76.940674
TD-Win-7,refit_on_3,2024,B0006,588,58.74426171153606,76.16003
TD-Win-7,refit_on_3,2024,B0006,592,58.47122551716232,75.715965
TD-Win-7,refit_on_3,2024,B0006,596,58.2196597592319,76.23753
TD-Win-7,refit_on_3,2024,B0006,600,57.18983519098029,78.11061
TD-Win-7,refit_on_3,2024,B0006,604,57.71437056534329,77.31281
TD-Win-7,refit_on_3,2024,B0006,608,57.43663099473362,75.6161
TD-Win-7,refit_on_3,2024,B0006,612,58.23847489632371,79.70817
TD-Win-7,refit_on_3,2024,B0006,614,58.76884540363096,77.95217
TD-Win-7,pre_refit,2024,B0007,2,100.45351791563915,84.09368
TD-Win-7,pre_refit,2024,B0007,4,99.900254379013,96.061264
TD-Win-7,pre_refit,2024,B0007,6,99.90161660017114,96.081345
TD-Win-7,pre_refit,2024,B0007,8,99.9073657865712,96.06074
TD-Win-7,pre_refit,2024,B0007,10,99.83724531860553,95.898575
TD-Win-7,pre_refit,2024,B0007,12,99.90361817867274,95.90822
TD-Win-7,pre_refit,2024,B0007,14,99.86297576917136,95.897
TD-Win-7,pre_refit,2024,B0007,16,99.94656396119812,96.48038
TD-Win-7,pre_refit,2024,B0007,18,99.31878532934633,96.3432
TD-Win-7,pre_refit,2024,B0007,20,99.33799331164263,96.22719
TD-Win-7,pre_refit,2024,B0007,22,99.33756087304828,96.16637
TD-Win-7,pre_refit,2024,B0007,25,98.78551523188162,95.32042
TD-Win-7,pre_refit,2024,B0007,27,98.75485184986668,96.45319
TD-Win-7,pre_refit,2024,B0007,29,98.75133536665352,95.498055
TD-Win-7,pre_refit,2024,B0007,31,98.77012942519043,96.39892
TD-Win-7,pre_refit,2024,B0007,33,98.73683812511632,96.235275
TD-Win-7,pre_refit,2024,B0007,35,98.15685575226132,96.27254
TD-Win-7,pre_refit,2024,B0007,37,98.19446503474695,96.344505
TD-Win-7,pre_refit,2024,B0007,39,98.186691403046,96.056595
TD-Win-7,pre_refit,2024,B0007,42,99.90787801510066,96.8208
TD-Win-7,pre_refit,2024,B0007,46,99.94461695603135,97.218925
TD-Win-7,pre_refit,2024,B0007,50,99.92460497901308,97.04931
TD-Win-7,pre_refit,2024,B0007,54,99.38880751306714,96.999954
TD-Win-7,pre_refit,2024,B0007,58,99.34580918956073,96.17612
TD-Win-7,pre_refit,2024,B0007,62,99.37088315432128,97.08478
TD-Win-7,pre_refit,2024,B0007,66,98.78342046080256,96.89582
TD-Win-7,pre_refit,2024,B0007,70,98.8058078187501,96.43852
TD-Win-7,pre_refit,2024,B0007,74,98.75966747373796,96.31647
TD-Win-7,pre_refit,2024,B0007,78,98.1739885027512,96.65153
TD-Win-7,pre_refit,2024,B0007,82,98.23039625446908,96.10283
TD-Win-7,pre_refit,2024,B0007,90,98.95386520139344,95.65854
TD-Win-7,pre_refit,2024,B0007,94,98.38356039411237,95.32138
TD-Win-7,pre_refit,2024,B0007,98,98.11080955264678,94.60716
TD-Win-7,pre_refit,2024,B0007,102,97.57312273601715,95.12786
TD-Win-7,pre_refit,2024,B0007,106,97.5908400366413,94.89987
TD-Win-7,pre_refit,2024,B0007,110,97.29922460125108,94.619965
TD-Win-7,pre_refit,2024,B0007,114,96.74012336609094,94.91537
TD-Win-7,pre_refit,2024,B0007,118,96.49359124138364,94.227745
TD-Win-7,pre_refit,2024,B0007,122,96.22137391342224,94.36441
TD-Win-7,pre_refit,2024,B0007,126,96.233276781278,94.61944
TD-Win-7,pre_refit,2024,B0007,130,95.93841918044076,94.78503
TD-Win-7,pre_refit,2024,B0007,134,96.31819241353496,94.42749
TD-Win-7,pre_refit,2024,B0007,136,95.94953719543624,94.18641
TD-Win-7,pre_refit,2024,B0007,140,95.3953227427902,93.83927
TD-Win-7,pre_refit,2024,B0007,144,94.86699939598208,94.12342
TD-Win-7,pre_refit,2024,B0007,148,94.57173479963342,93.62615
TD-Win-7,pre_refit,2024,B0007,150,96.41760769059738,96.92518
TD-Win-7,pre_refit,2024,B0007,154,96.45090493439226,95.51407
TD-Win-7,pre_refit,2024,B0007,158,95.6297003383392,94.82372
TD-Win-7,pre_refit,2024,B0007,162,95.10935396520227,94.999435
TD-Win-7,pre_refit,2024,B0007,166,94.57259385530976,94.10019
TD-Win-7,pre_refit,2024,B0007,170,94.30623404626093,94.49827
TD-Win-7,pre_refit,2024,B0007,174,94.0371367595855,94.34691
TD-Win-7,pre_refit,2024,B0007,178,93.49626919937222,93.935
TD-Win-7,pre_refit,2024,B0007,182,92.9420388383138,93.45413
TD-Win-7,pre_refit,2024,B0007,186,92.94217065781828,93.348595
TD-Win-7,pre_refit,2024,B0007,190,92.69668329388116,93.471756
TD-Win-7,pre_refit,2024,B0007,194,92.41073633514534,93.579124
TD-Win-7,pre_refit,2024,B0007,198,91.82208130681248,93.25471
TD-Win-7,pre_refit,2024,B0007,202,91.5743327473832,93.856155
TD-Win-7,pre_refit,2024,B0007,206,91.04730118386937,93.17619
TD-Win-7,pre_refit,2024,B0007,210,91.04684020750553,93.108955
TD-Win-7,pre_refit,2024,B0007,214,90.49873919973382,92.42313
TD-Win-7,pre_refit,2024,B0007,216,90.51794914609178,93.05221
TD-Win-7,pre_refit,2024,B0007,220,89.96325858213598,93.14733
TD-Win-7,pre_refit,2024,B0007,224,89.64911074691454,92.327156
TD-Win-7,pre_refit,2024,B0007,228,89.4056438247883,92.68349
TD-Win-7,pre_refit,2024,B0007,232,89.13221056506995,92.628136
TD-Win-7,pre_refit,2024,B0007,236,88.88142970948275,92.922585
TD-Win-7,pre_refit,2024,B0007,240,88.57496163215028,90.27559
TD-Win-7,pre_refit,2024,B0007,244,88.30030467403411,90.23873
TD-Win-7,pre_refit,2024,B0007,248,88.04309784572763,90.18894
TD-Win-7,pre_refit,2024,B0007,252,87.7835715053401,89.88983
TD-Win-7,pre_refit,2024,B0007,256,87.5009058762453,89.14964
TD-Win-7,pre_refit,2024,B0007,260,86.92700430940862,91.43304
TD-Win-7,pre_refit,2024,B0007,264,86.91859800690037,88.72144
TD-Win-7,pre_refit,2024,B0007,266,87.17696241036246,90.27731
TD-Win-7,pre_refit,2024,B0007,270,86.66971006432802,88.053764
TD-Win-7,pre_refit,2024,B0007,274,86.11955257111292,87.65217
TD-Win-7,pre_refit,2024,B0007,278,85.86532022039283,91.501205
TD-Win-7,pre_refit,2024,B0007,282,85.83324550155743,88.481544
TD-Win-7,pre_refit,2024,B0007,286,85.88108948972226,88.06623
TD-Win-7,pre_refit,2024,B0007,290,85.56987844007078,88.56172
TD-Win-7,pre_refit,2024,B0007,294,85.027771191142,90.78408
TD-Win-7,pre_refit,2024,B0007,298,84.77582688520748,86.404755
TD-Win-7,pre_refit,2024,B0007,302,84.79178974791847,87.22716
TD-Win-7,pre_refit,2024,B0007,306,84.76993385106519,87.447945
TD-Win-7,pre_refit,2024,B0007,310,84.49605927424464,86.743706
TD-Win-7,pre_refit,2024,B0007,313,89.71090998622898,87.54499
TD-Win-7,pre_refit,2024,B0007,316,86.37349719367897,89.973175
TD-Win-7,pre_refit,2024,B0007,320,85.82898928627563,89.82035
TD-Win-7,pre_refit,2024,B0007,324,85.2934976107533,88.06212
TD-Win-7,pre_refit,2024,B0007,328,84.72574724857897,87.62587
TD-Win-7,pre_refit,2024,B0007,332,84.48328177752624,87.5423
TD-Win-7,pre_refit,2024,B0007,336,84.21457006738538,87.40013
TD-Win-7,pre_refit,2024,B0007,340,83.9288888229777,86.16142
TD-Win-7,pre_refit,2024,B0007,344,83.67629222648154,89.02482
TD-Win-7,pre_refit,2024,B0007,348,83.38837618926404,85.72692
TD-Win-7,pre_refit,2024,B0007,352,83.41270816038221,85.94846
TD-Win-7,pre_refit,2024,B0007,356,83.14675201444969,85.29649
TD-Win-7,pre_refit,2024,B0007,360,82.8484308280049,88.069405
TD-Win-7,pre_refit,2024,B0007,364,83.13252526962864,85.100464
TD-Win-7,pre_refit,2024,B0007,367,83.66359396289195,91.14958
TD-Win-7,pre_refit,2024,B0007,371,83.14841165448959,87.37096
TD-Win-7,pre_refit,2024,B0007,375,82.85488835556158,90.72269
TD-Win-7,pre_refit,2024,B0007,379,82.33123711829187,88.00062
TD-Win-7,pre_refit,2024,B0007,383,82.01142381939957,85.19957
TD-Win-7,pre_refit,2024,B0007,387,82.07206587982726,89.42694
TD-Win-7,pre_refit,2024,B0007,391,82.0495038543302,85.80751
TD-Win-7,pre_refit,2024,B0007,395,81.5031419618624,84.07198
TD-Win-7,pre_refit,2024,B0007,399,81.20841503507037,83.858406
TD-Win-7,pre_refit,2024,B0007,403,81.21721340553746,88.64025
TD-Win-7,pre_refit,2024,B0007,407,81.22601148878292,84.875084
TD-Win-7,pre_refit,2024,B0007,411,80.95054391771832,83.63698
TD-Win-7,pre_refit,2024,B0007,415,80.67227833994721,83.58309
TD-Win-7,pre_refit,2024,B0007,419,80.40565013650571,82.85157
TD-Win-7,pre_refit,2024,B0007,423,80.40335490244634,85.16218
TD-Win-7,pre_refit,2024,B0007,427,80.42152437300291,87.44807
TD-Win-7,pre_refit,2024,B0007,431,81.48461605871495,87.31522
TD-Win-7,pre_refit,2024,B0007,433,81.75963969607048,88.50153
TD-Win-7,pre_refit,2024,B0007,437,80.93560989493338,84.38082
TD-Win-7,pre_refit,2024,B0007,441,80.40209515327608,84.234375
TD-Win-7,pre_refit,2024,B0007,445,80.09419697809993,82.21249
TD-Win-7,pre_refit,2024,B0007,449,79.85042691616567,82.48223
TD-Win-7,pre_refit,2024,B0007,453,79.56495728605914,81.854
TD-Win-7,pre_refit,2024,B0007,457,79.30076147796538,82.14648
TD-Win-7,pre_refit,2024,B0007,461,79.2776995197187,80.9732
TD-Win-7,pre_refit,2024,B0007,465,79.01573008127421,85.16545
TD-Win-7,pre_refit,2024,B0007,469,78.7529099419952,82.00581
TD-Win-7,pre_refit,2024,B0007,473,78.76631135529045,80.917435
TD-Win-7,pre_refit,2024,B0007,477,78.45734950325969,80.562416
TD-Win-7,pre_refit,2024,B0007,481,78.71925319505982,83.148636
TD-Win-7,pre_refit,2024,B0007,483,79.58166685963718,81.9841
TD-Win-7,pre_refit,2024,B0007,485,78.72860058663869,81.56614
TD-Win-7,pre_refit,2024,B0007,489,78.46501751785956,80.73318
TD-Win-7,pre_refit,2024,B0007,493,78.19738333514631,80.16591
TD-Win-7,pre_refit,2024,B0007,497,78.20645287101384,82.451195
TD-Win-7,pre_refit,2024,B0007,501,77.92824275772597,81.21283
TD-Win-7,pre_refit,2024,B0007,505,77.6497101362114,81.831696
TD-Win-7,pre_refit,2024,B0007,509,77.38028422735451,82.57359
TD-Win-7,pre_refit,2024,B0007,513,77.09660547904922,79.35176
TD-Win-7,pre_refit,2024,B0007,517,77.11046744203753,80.463585
TD-Win-7,pre_refit,2024,B0007,521,76.85550035450103,79.8247
TD-Win-7,pre_refit,2024,B0007,525,76.85236240084764,82.89096
TD-Win-7,pre_refit,2024,B0007,529,76.56671722215358,79.7242
TD-Win-7,pre_refit,2024,B0007,533,76.29399038621672,78.883354
TD-Win-7,pre_refit,2024,B0007,537,76.32425788720361,78.853966
TD-Win-7,pre_refit,2024,B0007,541,76.29658741049414,82.4835
TD-Win-7,pre_refit,2024,B0007,545,76.59209728582513,77.537415
TD-Win-7,pre_refit,2024,B0007,548,77.93863743061358,78.93346
TD-Win-7,pre_refit,2024,B0007,552,77.12364718084329,79.37841
TD-Win-7,pre_refit,2024,B0007,556,76.8725967441492,79.959045
TD-Win-7,pre_refit,2024,B0007,560,76.58854113704766,82.91716
TD-Win-7,pre_refit,2024,B0007,564,76.04885672654179,79.76965
TD-Win-7,pre_refit,2024,B0007,568,76.05828438472663,79.171234
TD-Win-7,pre_refit,2024,B0007,572,75.76335089505734,80.398445
TD-Win-7,pre_refit,2024,B0007,576,75.75439980355237,78.21186
TD-Win-7,pre_refit,2024,B0007,580,75.49812548326929,76.81593
TD-Win-7,pre_refit,2024,B0007,584,75.23591897923467,79.86019
TD-Win-7,pre_refit,2024,B0007,588,75.24924732301496,79.49791
TD-Win-7,pre_refit,2024,B0007,592,74.94444174506414,78.572
TD-Win-7,pre_refit,2024,B0007,596,74.95266425125988,78.366776
TD-Win-7,pre_refit,2024,B0007,600,74.69643604452878,79.67602
TD-Win-7,pre_refit,2024,B0007,604,74.7051700493532,79.44873
TD-Win-7,pre_refit,2024,B0007,608,74.39278959915883,77.43863
TD-Win-7,pre_refit,2024,B0007,612,75.52591562947222,83.765
TD-Win-7,pre_refit,2024,B0007,614,76.09264518290325,84.94742
TD-Win-7,refit_on_3,2024,B0007,2,100.45351791563915,87.212494
TD-Win-7,refit_on_3,2024,B0007,4,99.900254379013,97.25687
TD-Win-7,refit_on_3,2024,B0007,6,99.90161660017114,97.23784
TD-Win-7,refit_on_3,2024,B0007,8,99.9073657865712,97.2004
TD-Win-7,refit_on_3,2024,B0007,10,99.83724531860553,97.056656
TD-Win-7,refit_on_3,2024,B0007,12,99.90361817867274,97.15017
TD-Win-7,refit_on_3,2024,B0007,14,99.86297576917136,97.15249
TD-Win-7,refit_on_3,2024,B0007,16,99.94656396119812,97.62344
TD-Win-7,refit_on_3,2024,B0007,18,99.31878532934633,97.463905
TD-Win-7,refit_on_3,2024,B0007,20,99.33799331164263,97.34122
TD-Win-7,refit_on_3,2024,B0007,22,99.33756087304828,97.2913
TD-Win-7,refit_on_3,2024,B0007,25,98.78551523188162,96.29474
TD-Win-7,refit_on_3,2024,B0007,27,98.75485184986668,97.48294
TD-Win-7,refit_on_3,2024,B0007,29,98.75133536665352,96.63303
TD-Win-7,refit_on_3,2024,B0007,31,98.77012942519043,97.47973
TD-Win-7,refit_on_3,2024,B0007,33,98.73683812511632,97.38583
TD-Win-7,refit_on_3,2024,B0007,35,98.15685575226132,97.417465
TD-Win-7,refit_on_3,2024,B0007,37,98.19446503474695,97.472824
TD-Win-7,refit_on_3,2024,B0007,39,98.186691403046,97.208534
TD-Win-7,refit_on_3,2024,B0007,42,99.90787801510066,98.40491
TD-Win-7,refit_on_3,2024,B0007,46,99.94461695603135,98.735985
TD-Win-7,refit_on_3,2024,B0007,50,99.92460497901308,98.532364
TD-Win-7,refit_on_3,2024,B0007,54,99.38880751306714,98.60318
TD-Win-7,refit_on_3,2024,B0007,58,99.34580918956073,97.90124
TD-Win-7,refit_on_3,2024,B0007,62,99.37088315432128,98.78792
TD-Win-7,refit_on_3,2024,B0007,66,98.78342046080256,98.61798
TD-Win-7,refit_on_3,2024,B0007,70,98.8058078187501,98.236404
TD-Win-7,refit_on_3,2024,B0007,74,98.75966747373796,98.132774
TD-Win-7,refit_on_3,2024,B0007,78,98.1739885027512,98.426056
TD-Win-7,refit_on_3,2024,B0007,82,98.23039625446908,97.923706
TD-Win-7,refit_on_3,2024,B0007,90,98.95386520139344,96.83792
TD-Win-7,refit_on_3,2024,B0007,94,98.38356039411237,96.47903
TD-Win-7,refit_on_3,2024,B0007,98,98.11080955264678,95.962585
TD-Win-7,refit_on_3,2024,B0007,102,97.57312273601715,96.45698
TD-Win-7,refit_on_3,2024,B0007,106,97.5908400366413,96.25054
TD-Win-7,refit_on_3,2024,B0007,110,97.29922460125108,95.892784
TD-Win-7,refit_on_3,2024,B0007,114,96.74012336609094,96.1864
TD-Win-7,refit_on_3,2024,B0007,118,96.49359124138364,95.67089
TD-Win-7,refit_on_3,2024,B0007,122,96.22137391342224,95.858665
TD-Win-7,refit_on_3,2024,B0007,126,96.233276781278,95.922676
TD-Win-7,refit_on_3,2024,B0007,130,95.93841918044076,95.916504
TD-Win-7,refit_on_3,2024,B0007,134,96.31819241353496,95.55757
TD-Win-7,refit_on_3,2024,B0007,136,95.94953719543624,95.592384
TD-Win-7,refit_on_3,2024,B0007,140,95.3953227427902,95.26551
TD-Win-7,refit_on_3,2024,B0007,144,94.86699939598208,95.52957
TD-Win-7,refit_on_3,2024,B0007,148,94.57173479963342,95.05175
TD-Win-7,refit_on_3,2024,B0007,150,96.41760769059738,98.313446
TD-Win-7,refit_on_3,2024,B0007,154,96.45090493439226,96.021706
TD-Win-7,refit_on_3,2024,B0007,158,95.6297003383392,95.50621
TD-Win-7,refit_on_3,2024,B0007,162,95.10935396520227,95.9334
TD-Win-7,refit_on_3,2024,B0007,166,94.57259385530976,95.10991
TD-Win-7,refit_on_3,2024,B0007,170,94.30623404626093,95.61335
TD-Win-7,refit_on_3,2024,B0007,174,94.0371367595855,95.4311
TD-Win-7,refit_on_3,2024,B0007,178,93.49626919937222,94.76493
TD-Win-7,refit_on_3,2024,B0007,182,92.9420388383138,94.240135
TD-Win-7,refit_on_3,2024,B0007,186,92.94217065781828,94.132545
TD-Win-7,refit_on_3,2024,B0007,190,92.69668329388116,94.45328
TD-Win-7,refit_on_3,2024,B0007,194,92.41073633514534,94.07846
TD-Win-7,refit_on_3,2024,B0007,198,91.82208130681248,93.76065
TD-Win-7,refit_on_3,2024,B0007,202,91.5743327473832,94.595665
TD-Win-7,refit_on_3,2024,B0007,206,91.04730118386937,93.66164
TD-Win-7,refit_on_3,2024,B0007,210,91.04684020750553,93.74144
TD-Win-7,refit_on_3,2024,B0007,214,90.49873919973382,92.25265
TD-Win-7,refit_on_3,2024,B0007,216,90.51794914609178,93.16612
TD-Win-7,refit_on_3,2024,B0007,220,89.96325858213598,93.29541
TD-Win-7,refit_on_3,2024,B0007,224,89.64911074691454,92.18035
TD-Win-7,refit_on_3,2024,B0007,228,89.4056438247883,92.807755
TD-Win-7,refit_on_3,2024,B0007,232,89.13221056506995,92.70502
TD-Win-7,refit_on_3,2024,B0007,236,88.88142970948275,92.880165
TD-Win-7,refit_on_3,2024,B0007,240,88.57496163215028,90.12088
TD-Win-7,refit_on_3,2024,B0007,244,88.30030467403411,90.072334
TD-Win-7,refit_on_3,2024,B0007,248,88.04309784572763,89.9915
TD-Win-7,refit_on_3,2024,B0007,252,87.7835715053401,89.49669
TD-Win-7,refit_on_3,2024,B0007,256,87.5009058762453,88.93948
TD-Win-7,refit_on_3,2024,B0007,260,86.92700430940862,90.9506
TD-Win-7,refit_on_3,2024,B0007,264,86.91859800690037,88.60299
TD-Win-7,refit_on_3,2024,B0007,266,87.17696241036246,89.85691
TD-Win-7,refit_on_3,2024,B0007,270,86.66971006432802,87.80016
TD-Win-7,refit_on_3,2024,B0007,274,86.11955257111292,87.73823
TD-Win-7,refit_on_3,2024,B0007,278,85.86532022039283,91.368225
TD-Win-7,refit_on_3,2024,B0007,282,85.83324550155743,88.28265
TD-Win-7,refit_on_3,2024,B0007,286,85.88108948972226,87.40667
TD-Win-7,refit_on_3,2024,B0007,290,85.56987844007078,87.90636
TD-Win-7,refit_on_3,2024,B0007,294,85.027771191142,90.15483
TD-Win-7,refit_on_3,2024,B0007,298,84.77582688520748,86.111664
TD-Win-7,refit_on_3,2024,B0007,302,84.79178974791847,87.0164
TD-Win-7,refit_on_3,2024,B0007,306,84.76993385106519,86.76049
TD-Win-7,refit_on_3,2024,B0007,310,84.49605927424464,85.87074
TD-Win-7,refit_on_3,2024,B0007,313,89.71090998622898,86.74817
TD-Win-7,refit_on_3,2024,B0007,316,86.37349719367897,89.36938
TD-Win-7,refit_on_3,2024,B0007,320,85.82898928627563,88.8298
TD-Win-7,refit_on_3,2024,B0007,324,85.2934976107533,87.23015
TD-Win-7,refit_on_3,2024,B0007,328,84.72574724857897,86.66727
TD-Win-7,refit_on_3,2024,B0007,332,84.48328177752624,86.79979
TD-Win-7,refit_on_3,2024,B0007,336,84.21457006738538,86.665184
TD-Win-7,refit_on_3,2024,B0007,340,83.9288888229777,85.562546
TD-Win-7,refit_on_3,2024,B0007,344,83.67629222648154,88.08711
TD-Win-7,refit_on_3,2024,B0007,348,83.38837618926404,85.076035
TD-Win-7,refit_on_3,2024,B0007,352,83.41270816038221,85.11016
TD-Win-7,refit_on_3,2024,B0007,356,83.14675201444969,84.535255
TD-Win-7,refit_on_3,2024,B0007,360,82.8484308280049,86.99737
TD-Win-7,refit_on_3,2024,B0007,364,83.13252526962864,84.371
TD-Win-7,refit_on_3,2024,B0007,367,83.66359396289195,90.305916
TD-Win-7,refit_on_3,2024,B0007,371,83.14841165448959,85.97706
TD-Win-7,refit_on_3,2024,B0007,375,82.85488835556158,89.5558
TD-Win-7,refit_on_3,2024,B0007,379,82.33123711829187,86.58552
TD-Win-7,refit_on_3,2024,B0007,383,82.01142381939957,84.11642
TD-Win-7,refit_on_3,2024,B0007,387,82.07206587982726,88.34867
TD-Win-7,refit_on_3,2024,B0007,391,82.0495038543302,84.272125
TD-Win-7,refit_on_3,2024,B0007,395,81.5031419618624,82.78467
TD-Win-7,refit_on_3,2024,B0007,399,81.20841503507037,82.83764
TD-Win-7,refit_on_3,2024,B0007,403,81.21721340553746,87.42854
TD-Win-7,refit_on_3,2024,B0007,407,81.22601148878292,83.25772
TD-Win-7,refit_on_3,2024,B0007,411,80.95054391771832,82.1099
TD-Win-7,refit_on_3,2024,B0007,415,80.67227833994721,82.052475
TD-Win-7,refit_on_3,2024,B0007,419,80.40565013650571,81.708405
TD-Win-7,refit_on_3,2024,B0007,423,80.40335490244634,83.84611
TD-Win-7,refit_on_3,2024,B0007,427,80.42152437300291,85.72002
TD-Win-7,refit_on_3,2024,B0007,431,81.48461605871495,85.16453
TD-Win-7,refit_on_3,2024,B0007,433,81.75963969607048,86.77577
TD-Win-7,refit_on_3,2024,B0007,437,80.93560989493338,82.60696
TD-Win-7,refit_on_3,2024,B0007,441,80.40209515327608,82.78693
TD-Win-7,refit_on_3,2024,B0007,445,80.09419697809993,81.32929
TD-Win-7,refit_on_3,2024,B0007,449,79.85042691616567,81.59314
TD-Win-7,refit_on_3,2024,B0007,453,79.56495728605914,80.98227
TD-Win-7,refit_on_3,2024,B0007,457,79.30076147796538,81.08684
TD-Win-7,refit_on_3,2024,B0007,461,79.2776995197187,80.18931
TD-Win-7,refit_on_3,2024,B0007,465,79.01573008127421,84.00217
TD-Win-7,refit_on_3,2024,B0007,469,78.7529099419952,81.17242
TD-Win-7,refit_on_3,2024,B0007,473,78.76631135529045,79.969765
TD-Win-7,refit_on_3,2024,B0007,477,78.45734950325969,79.589386
TD-Win-7,refit_on_3,2024,B0007,481,78.71925319505982,82.27356
TD-Win-7,refit_on_3,2024,B0007,483,79.58166685963718,80.87009
TD-Win-7,refit_on_3,2024,B0007,485,78.72860058663869,80.020706
TD-Win-7,refit_on_3,2024,B0007,489,78.46501751785956,79.47343
TD-Win-7,refit_on_3,2024,B0007,493,78.19738333514631,79.11317
TD-Win-7,refit_on_3,2024,B0007,497,78.20645287101384,81.46555
TD-Win-7,refit_on_3,2024,B0007,501,77.92824275772597,79.95707
TD-Win-7,refit_on_3,2024,B0007,505,77.6497101362114,80.51382
TD-Win-7,refit_on_3,2024,B0007,509,77.38028422735451,81.394745
TD-Win-7,refit_on_3,2024,B0007,513,77.09660547904922,78.61172
TD-Win-7,refit_on_3,2024,B0007,517,77.11046744203753,79.618
TD-Win-7,refit_on_3,2024,B0007,521,76.85550035450103,78.90147
TD-Win-7,refit_on_3,2024,B0007,525,76.85236240084764,81.82478
TD-Win-7,refit_on_3,2024,B0007,529,76.56671722215358,78.889206
TD-Win-7,refit_on_3,2024,B0007,533,76.29399038621672,78.46115
TD-Win-7,refit_on_3,2024,B0007,537,76.32425788720361,77.964294
TD-Win-7,refit_on_3,2024,B0007,541,76.29658741049414,81.31892
TD-Win-7,refit_on_3,2024,B0007,545,76.59209728582513,76.691795
TD-Win-7,refit_on_3,2024,B0007,548,77.93863743061358,78.36833
TD-Win-7,refit_on_3,2024,B0007,552,77.12364718084329,78.36672
TD-Win-7,refit_on_3,2024,B0007,556,76.8725967441492,78.99341
TD-Win-7,refit_on_3,2024,B0007,560,76.58854113704766,81.744415
TD-Win-7,refit_on_3,2024,B0007,564,76.04885672654179,79.101776
TD-Win-7,refit_on_3,2024,B0007,568,76.05828438472663,78.32471
TD-Win-7,refit_on_3,2024,B0007,572,75.76335089505734,79.67647
TD-Win-7,refit_on_3,2024,B0007,576,75.75439980355237,77.60561
TD-Win-7,refit_on_3,2024,B0007,580,75.49812548326929,76.26675
TD-Win-7,refit_on_3,2024,B0007,584,75.23591897923467,79.140594
TD-Win-7,refit_on_3,2024,B0007,588,75.24924732301496,78.664444
TD-Win-7,refit_on_3,2024,B0007,592,74.94444174506414,77.6756
TD-Win-7,refit_on_3,2024,B0007,596,74.95266425125988,77.56617
TD-Win-7,refit_on_3,2024,B0007,600,74.69643604452878,79.04316
TD-Win-7,refit_on_3,2024,B0007,604,74.7051700493532,78.423355
TD-Win-7,refit_on_3,2024,B0007,608,74.39278959915883,76.67592
TD-Win-7,refit_on_3,2024,B0007,612,75.52591562947222,82.70559
TD-Win-7,refit_on_3,2024,B0007,614,76.09264518290325,84.319885
TD-Win-7,pre_refit,2024,B0018,3,100.8025811041783,81.88052
TD-Win-7,pre_refit,2024,B0018,7,100.16087022619236,93.58445
TD-Win-7,pre_refit,2024,B0018,11,99.96558598273582,92.3699
TD-Win-7,pre_refit,2024,B0018,15,99.48041766162956,92.598145
TD-Win-7,pre_refit,2024,B0018,18,99.59054502526398,94.557724
TD-Win-7,pre_refit,2024,B0018,20,99.36387169185286,90.288895
TD-Win-7,pre_refit,2024,B0018,22,98.96567828327716,89.48982
TD-Win-7,pre_refit,2024,B0018,24,98.63793870309058,89.579704
TD-Win-7,pre_refit,2024,B0018,27,98.04714689052696,89.173706
TD-Win-7,pre_refit,2024,B0018,30,99.06887382997856,93.64508
TD-Win-7,pre_refit,2024,B0018,32,98.47248926951052,90.337425
TD-Win-7,pre_refit,2024,B0018,34,98.068534707018,89.82414
TD-Win-7,pre_refit,2024,B0018,36,97.31606084566693,89.10204
TD-Win-7,pre_refit,2024,B0018,39,96.91537145663308,88.89614
TD-Win-7,pre_refit,2024,B0018,42,96.77777434993364,95.40152
TD-Win-7,pre_refit,2024,B0018,44,96.24906078283864,90.33079
TD-Win-7,pre_refit,2024,B0018,46,96.10893521170082,89.05223
TD-Win-7,pre_refit,2024,B0018,48,95.29382636269746,87.60165
TD-Win-7,pre_refit,2024,B0018,51,94.89112029628322,87.09176
TD-Win-7,pre_refit,2024,B0018,54,94.42623362260446,90.74223
TD-Win-7,pre_refit,2024,B0018,56,94.09214261326034,87.77533
TD-Win-7,pre_refit,2024,B0018,58,92.84655809058668,88.02478
TD-Win-7,pre_refit,2024,B0018,60,93.00278636580364,87.25598
TD-Win-7,pre_refit,2024,B0018,63,92.78717154289568,86.72439
TD-Win-7,pre_refit,2024,B0018,66,95.05514633441328,92.10848
TD-Win-7,pre_refit,2024,B0018,68,94.16023397654948,89.44831
TD-Win-7,pre_refit,2024,B0018,70,93.58756901230694,88.213
TD-Win-7,pre_refit,2024,B0018,72,93.02323711734508,87.67044
TD-Win-7,pre_refit,2024,B0018,75,92.33971230163448,86.38463
TD-Win-7,pre_refit,2024,B0018,78,92.05544475967478,90.963486
TD-Win-7,pre_refit,2024,B0018,80,91.39607597710202,87.06631
TD-Win-7,pre_refit,2024,B0018,82,91.12841202900309,86.283264
TD-Win-7,pre_refit,2024,B0018,84,90.50598444143154,86.01301
TD-Win-7,pre_refit,2024,B0018,87,90.05329919062662,84.69041
TD-Win-7,pre_refit,2024,B0018,90,89.56595375021743,87.10404
TD-Win-7,pre_refit,2024,B0018,92,89.05221474379236,84.9512
TD-Win-7,pre_refit,2024,B0018,94,88.4478648526792,84.70595
TD-Win-7,pre_refit,2024,B0018,96,88.14926233550939,84.96683
TD-Win-7,pre_refit,2024,B0018,99,87.70654438914323,83.57017
TD-Win-7,pre_refit,2024,B0018,102,91.07812245566797,86.85103
TD-Win-7,pre_refit,2024,B0018,104,89.62445100410937,85.93422
TD-Win-7,pre_refit,2024,B0018,106,88.70513095013024,85.12437
TD-Win-7,pre_refit,2024,B0018,108,87.83746900859978,84.552734
TD-Win-7,pre_refit,2024,B0018,111,87.53788044222665,83.009315
TD-Win-7,pre_refit,2024,B0018,114,86.69891328476463,85.1682
TD-Win-7,pre_refit,2024,B0018,119,93.27978546012802,89.583626
TD-Win-7,pre_refit,2024,B0018,121,92.1525471966999,89.28105
TD-Win-7,pre_refit,2024,B0018,123,91.17195305362098,87.88533
TD-Win-7,pre_refit,2024,B0018,125,90.2416573040256,87.31034
TD-Win-7,pre_refit,2024,B0018,128,90.55423897233052,92.071365
TD-Win-7,pre_refit,2024,B0018,130,89.49039068452917,86.70676
TD-Win-7,pre_refit,2024,B0018,132,88.3454487099843,86.0185
TD-Win-7,pre_refit,2024,B0018,134,87.60607299731777,84.67866
TD-Win-7,pre_refit,2024,B0018,136,87.25714700042141,85.27064
TD-Win-7,pre_refit,2024,B0018,143,89.1426764135498,87.05666
TD-Win-7,pre_refit,2024,B0018,145,87.66626044455795,85.14252
TD-Win-7,pre_refit,2024,B0018,147,86.51592379470374,85.020485
TD-Win-7,pre_refit,2024,B0018,150,86.21730704320841,82.84568
TD-Win-7,pre_refit,2024,B0018,153,85.8627581657356,86.14206
TD-Win-7,pre_refit,2024,B0018,155,84.99855590440428,83.292946
TD-Win-7,pre_refit,2024,B0018,157,84.53366840480606,82.67432
TD-Win-7,pre_refit,2024,B0018,159,83.69607194854545,82.37539
TD-Win-7,pre_refit,2024,B0018,162,83.25899594193369,80.99434
TD-Win-7,pre_refit,2024,B0018,165,83.22975722050174,83.16984
TD-Win-7,pre_refit,2024,B0018,167,82.72092847997168,81.398
TD-Win-7,pre_refit,2024,B0018,169,81.86598978006339,80.32234
TD-Win-7,pre_refit,2024,B0018,171,81.58859278240016,80.67
TD-Win-7,pre_refit,2024,B0018,174,81.31316363799587,80.09206
TD-Win-7,pre_refit,2024,B0018,177,83.32773163808899,81.507034
TD-Win-7,pre_refit,2024,B0018,179,82.80709531820148,81.61894
TD-Win-7,pre_refit,2024,B0018,181,81.57610219236552,81.0674
TD-Win-7,pre_refit,2024,B0018,183,81.09929204028072,79.24474
TD-Win-7,pre_refit,2024,B0018,185,80.60512587063184,78.3179
TD-Win-7,pre_refit,2024,B0018,188,80.4645909654616,81.3216
TD-Win-7,pre_refit,2024,B0018,190,80.07171192098461,79.8375
TD-Win-7,pre_refit,2024,B0018,192,79.77346222448996,78.41563
TD-Win-7,pre_refit,2024,B0018,194,79.23402412051846,77.56549
TD-Win-7,pre_refit,2024,B0018,197,78.6783203089025,77.56828
TD-Win-7,pre_refit,2024,B0018,200,78.94539372549075,78.39137
TD-Win-7,pre_refit,2024,B0018,202,78.38865828037459,76.62347
TD-Win-7,pre_refit,2024,B0018,204,78.21127069246836,77.382614
TD-Win-7,pre_refit,2024,B0018,206,77.6339684068403,76.98942
TD-Win-7,pre_refit,2024,B0018,209,77.43046760934243,76.158554
TD-Win-7,pre_refit,2024,B0018,212,79.8708545166814,78.32093
TD-Win-7,pre_refit,2024,B0018,214,78.93458463676515,78.562675
TD-Win-7,pre_refit,2024,B0018,216,78.40488242765085,77.629295
TD-Win-7,pre_refit,2024,B0018,218,77.61921434771055,76.50899
TD-Win-7,pre_refit,2024,B0018,220,76.9170609064971,75.291046
TD-Win-7,pre_refit,2024,B0018,223,79.04297866359087,77.619095
TD-Win-7,pre_refit,2024,B0018,225,77.61605692618127,77.80064
TD-Win-7,pre_refit,2024,B0018,227,77.14789574863566,76.25196
TD-Win-7,pre_refit,2024,B0018,229,76.92281444261894,76.50492
TD-Win-7,pre_refit,2024,B0018,232,76.3858924270674,75.448524
TD-Win-7,pre_refit,2024,B0018,235,76.53620320177981,77.42721
TD-Win-7,pre_refit,2024,B0018,237,75.9063201738239,75.94128
TD-Win-7,pre_refit,2024,B0018,239,75.72766142150313,76.27661
TD-Win-7,pre_refit,2024,B0018,241,75.49928800503805,75.39554
TD-Win-7,pre_refit,2024,B0018,244,74.9124451895705,75.14645
TD-Win-7,pre_refit,2024,B0018,247,75.25674730493446,76.545906
TD-Win-7,pre_refit,2024,B0018,249,74.46467849076038,75.06598
TD-Win-7,pre_refit,2024,B0018,251,74.62885626516028,75.08178
TD-Win-7,pre_refit,2024,B0018,253,74.33553994642665,75.269775
TD-Win-7,pre_refit,2024,B0018,256,73.72504079935909,73.64217
TD-Win-7,pre_refit,2024,B0018,259,79.36110924975578,75.65368
TD-Win-7,pre_refit,2024,B0018,261,78.799706688891,79.69779
TD-Win-7,pre_refit,2024,B0018,263,78.14983302548104,78.24643
TD-Win-7,pre_refit,2024,B0018,265,77.61878718971624,76.71131
TD-Win-7,pre_refit,2024,B0018,267,76.88079746021991,76.039185
TD-Win-7,pre_refit,2024,B0018,270,76.8319836786595,78.89605
TD-Win-7,pre_refit,2024,B0018,272,76.01926160635412,76.048744
TD-Win-7,pre_refit,2024,B0018,274,75.82358510102308,76.68358
TD-Win-7,pre_refit,2024,B0018,276,75.53633219814198,76.14754
TD-Win-7,pre_refit,2024,B0018,279,75.31793705780649,74.86079
TD-Win-7,pre_refit,2024,B0018,282,75.43684114368729,76.780945
TD-Win-7,pre_refit,2024,B0018,284,74.7829788363973,74.95326
TD-Win-7,pre_refit,2024,B0018,286,74.15991898288928,74.48364
TD-Win-7,pre_refit,2024,B0018,288,73.84846878839457,73.604294
TD-Win-7,pre_refit,2024,B0018,291,73.15537271331122,73.08804
TD-Win-7,pre_refit,2024,B0018,294,77.53589472577204,75.03479
TD-Win-7,pre_refit,2024,B0018,296,76.42763235972666,77.61934
TD-Win-7,pre_refit,2024,B0018,298,75.72351586777258,76.78037
TD-Win-7,pre_refit,2024,B0018,300,75.4386936803776,75.61629
TD-Win-7,pre_refit,2024,B0018,302,74.45721490205536,75.48341
TD-Win-7,pre_refit,2024,B0018,305,74.97385174402893,76.19216
TD-Win-7,pre_refit,2024,B0018,307,74.3741167471391,75.9109
TD-Win-7,pre_refit,2024,B0018,309,74.05233968989694,75.804214
TD-Win-7,pre_refit,2024,B0018,311,74.08863589293038,75.73465
TD-Win-7,pre_refit,2024,B0018,314,73.46151441244959,74.52956
TD-Win-7,pre_refit,2024,B0018,317,73.62086195282473,75.720924
TD-Win-7,pre_refit,2024,B0018,319,72.87391760769836,73.3987
TD-Win-7,refit_on_3,2024,B0018,3,100.8025811041783,81.00402
TD-Win-7,refit_on_3,2024,B0018,7,100.16087022619236,94.09616
TD-Win-7,refit_on_3,2024,B0018,11,99.96558598273582,93.88872
TD-Win-7,refit_on_3,2024,B0018,15,99.48041766162956,93.867676
TD-Win-7,refit_on_3,2024,B0018,18,99.59054502526398,94.64524
TD-Win-7,refit_on_3,2024,B0018,20,99.36387169185286,92.74024
TD-Win-7,refit_on_3,2024,B0018,22,98.96567828327716,92.45895
TD-Win-7,refit_on_3,2024,B0018,24,98.63793870309058,92.12912
TD-Win-7,refit_on_3,2024,B0018,27,98.04714689052696,91.440155
TD-Win-7,refit_on_3,2024,B0018,30,99.06887382997856,94.09794
TD-Win-7,refit_on_3,2024,B0018,32,98.47248926951052,92.49782
TD-Win-7,refit_on_3,2024,B0018,34,98.068534707018,92.151276
TD-Win-7,refit_on_3,2024,B0018,36,97.31606084566693,91.7295
TD-Win-7,refit_on_3,2024,B0018,39,96.91537145663308,91.31943
TD-Win-7,refit_on_3,2024,B0018,42,96.77777434993364,96.32463
TD-Win-7,refit_on_3,2024,B0018,44,96.24906078283864,92.160706
TD-Win-7,refit_on_3,2024,B0018,46,96.10893521170082,91.20131
TD-Win-7,refit_on_3,2024,B0018,48,95.29382636269746,89.93446
TD-Win-7,refit_on_3,2024,B0018,51,94.89112029628322,89.12585
TD-Win-7,refit_on_3,2024,B0018,54,94.42623362260446,91.2968
TD-Win-7,refit_on_3,2024,B0018,56,94.09214261326034,89.4362
TD-Win-7,refit_on_3,2024,B0018,58,92.84655809058668,88.530266
TD-Win-7,refit_on_3,2024,B0018,60,93.00278636580364,88.92972
TD-Win-7,refit_on_3,2024,B0018,63,92.78717154289568,88.44339
TD-Win-7,refit_on_3,2024,B0018,66,95.05514633441328,93.68982
TD-Win-7,refit_on_3,2024,B0018,68,94.16023397654948,90.52469
TD-Win-7,refit_on_3,2024,B0018,70,93.58756901230694,90.00302
TD-Win-7,refit_on_3,2024,B0018,72,93.02323711734508,89.58204
TD-Win-7,refit_on_3,2024,B0018,75,92.33971230163448,88.02208
TD-Win-7,refit_on_3,2024,B0018,78,92.05544475967478,92.58069
TD-Win-7,refit_on_3,2024,B0018,80,91.39607597710202,88.86038
TD-Win-7,refit_on_3,2024,B0018,82,91.12841202900309,87.505844
TD-Win-7,refit_on_3,2024,B0018,84,90.50598444143154,87.5948
TD-Win-7,refit_on_3,2024,B0018,87,90.05329919062662,86.63263
TD-Win-7,refit_on_3,2024,B0018,90,89.56595375021743,87.759895
TD-Win-7,refit_on_3,2024,B0018,92,89.05221474379236,86.10053
TD-Win-7,refit_on_3,2024,B0018,94,88.4478648526792,86.47422
TD-Win-7,refit_on_3,2024,B0018,96,88.14926233550939,86.14429
TD-Win-7,refit_on_3,2024,B0018,99,87.70654438914323,84.76442
TD-Win-7,refit_on_3,2024,B0018,102,91.07812245566797,87.43023
TD-Win-7,refit_on_3,2024,B0018,104,89.62445100410937,87.5208
TD-Win-7,refit_on_3,2024,B0018,106,88.70513095013024,86.07946
TD-Win-7,refit_on_3,2024,B0018,108,87.83746900859978,85.48549
TD-Win-7,refit_on_3,2024,B0018,111,87.53788044222665,84.41441
TD-Win-7,refit_on_3,2024,B0018,114,86.69891328476463,85.91518
TD-Win-7,refit_on_3,2024,B0018,119,93.27978546012802,90.25453
TD-Win-7,refit_on_3,2024,B0018,121,92.1525471966999,90.00342
TD-Win-7,refit_on_3,2024,B0018,123,91.17195305362098,88.55678
TD-Win-7,refit_on_3,2024,B0018,125,90.2416573040256,88.01082
TD-Win-7,refit_on_3,2024,B0018,128,90.55423897233052,92.174675
TD-Win-7,refit_on_3,2024,B0018,130,89.49039068452917,87.261696
TD-Win-7,refit_on_3,2024,B0018,132,88.3454487099843,86.955696
TD-Win-7,refit_on_3,2024,B0018,134,87.60607299731777,85.32783
TD-Win-7,refit_on_3,2024,B0018,136,87.25714700042141,85.785095
TD-Win-7,refit_on_3,2024,B0018,143,89.1426764135498,87.60642
TD-Win-7,refit_on_3,2024,B0018,145,87.66626044455795,85.59827
TD-Win-7,refit_on_3,2024,B0018,147,86.51592379470374,85.41775
TD-Win-7,refit_on_3,2024,B0018,150,86.21730704320841,83.56762
TD-Win-7,refit_on_3,2024,B0018,153,85.8627581657356,86.29377
TD-Win-7,refit_on_3,2024,B0018,155,84.99855590440428,83.562325
TD-Win-7,refit_on_3,2024,B0018,157,84.53366840480606,83.213
TD-Win-7,refit_on_3,2024,B0018,159,83.69607194854545,82.72641
TD-Win-7,refit_on_3,2024,B0018,162,83.25899594193369,81.452736
TD-Win-7,refit_on_3,2024,B0018,165,83.22975722050174,83.1681
TD-Win-7,refit_on_3,2024,B0018,167,82.72092847997168,81.82138
TD-Win-7,refit_on_3,2024,B0018,169,81.86598978006339,80.637115
TD-Win-7,refit_on_3,2024,B0018,171,81.58859278240016,80.817215
TD-Win-7,refit_on_3,2024,B0018,174,81.31316363799587,80.21903
TD-Win-7,refit_on_3,2024,B0018,177,83.32773163808899,81.78011
TD-Win-7,refit_on_3,2024,B0018,179,82.80709531820148,81.822685
TD-Win-7,refit_on_3,2024,B0018,181,81.57610219236552,81.098946
TD-Win-7,refit_on_3,2024,B0018,183,81.09929204028072,79.522125
TD-Win-7,refit_on_3,2024,B0018,185,80.60512587063184,78.67439
TD-Win-7,refit_on_3,2024,B0018,188,80.4645909654616,81.236855
TD-Win-7,refit_on_3,2024,B0018,190,80.07171192098461,79.99939
TD-Win-7,refit_on_3,2024,B0018,192,79.77346222448996,78.48977
TD-Win-7,refit_on_3,2024,B0018,194,79.23402412051846,77.9098
TD-Win-7,refit_on_3,2024,B0018,197,78.6783203089025,77.6819
TD-Win-7,refit_on_3,2024,B0018,200,78.94539372549075,78.31779
TD-Win-7,refit_on_3,2024,B0018,202,78.38865828037459,77.06237
TD-Win-7,refit_on_3,2024,B0018,204,78.21127069246836,77.54878
TD-Win-7,refit_on_3,2024,B0018,206,77.6339684068403,77.348625
TD-Win-7,refit_on_3,2024,B0018,209,77.43046760934243,76.84739
TD-Win-7,refit_on_3,2024,B0018,212,79.8708545166814,78.30497
TD-Win-7,refit_on_3,2024,B0018,214,78.93458463676515,78.48706
TD-Win-7,refit_on_3,2024,B0018,216,78.40488242765085,77.76592
TD-Win-7,refit_on_3,2024,B0018,218,77.61921434771055,76.72631
TD-Win-7,refit_on_3,2024,B0018,220,76.9170609064971,76.0813
TD-Win-7,refit_on_3,2024,B0018,223,79.04297866359087,77.74129
TD-Win-7,refit_on_3,2024,B0018,225,77.61605692618127,77.85237
TD-Win-7,refit_on_3,2024,B0018,227,77.14789574863566,76.91414
TD-Win-7,refit_on_3,2024,B0018,229,76.92281444261894,76.94441
TD-Win-7,refit_on_3,2024,B0018,232,76.3858924270674,76.07932
TD-Win-7,refit_on_3,2024,B0018,235,76.53620320177981,77.2687
TD-Win-7,refit_on_3,2024,B0018,237,75.9063201738239,76.33605
TD-Win-7,refit_on_3,2024,B0018,239,75.72766142150313,76.61893
TD-Win-7,refit_on_3,2024,B0018,241,75.49928800503805,76.110825
TD-Win-7,refit_on_3,2024,B0018,244,74.9124451895705,75.552986
TD-Win-7,refit_on_3,2024,B0018,247,75.25674730493446,76.29494
TD-Win-7,refit_on_3,2024,B0018,249,74.46467849076038,75.4462
TD-Win-7,refit_on_3,2024,B0018,251,74.62885626516028,75.65879
TD-Win-7,refit_on_3,2024,B0018,253,74.33553994642665,75.87892
TD-Win-7,refit_on_3,2024,B0018,256,73.72504079935909,74.49071
TD-Win-7,refit_on_3,2024,B0018,259,79.36110924975578,76.41368
TD-Win-7,refit_on_3,2024,B0018,261,78.799706688891,79.40809
TD-Win-7,refit_on_3,2024,B0018,263,78.14983302548104,78.617294
TD-Win-7,refit_on_3,2024,B0018,265,77.61878718971624,77.51108
TD-Win-7,refit_on_3,2024,B0018,267,76.88079746021991,76.894745
TD-Win-7,refit_on_3,2024,B0018,270,76.8319836786595,78.64335
TD-Win-7,refit_on_3,2024,B0018,272,76.01926160635412,76.719
TD-Win-7,refit_on_3,2024,B0018,274,75.82358510102308,77.01208
TD-Win-7,refit_on_3,2024,B0018,276,75.53633219814198,76.95983
TD-Win-7,refit_on_3,2024,B0018,279,75.31793705780649,76.026146
TD-Win-7,refit_on_3,2024,B0018,282,75.43684114368729,76.539055
TD-Win-7,refit_on_3,2024,B0018,284,74.7829788363973,75.38415
TD-Win-7,refit_on_3,2024,B0018,286,74.15991898288928,74.83004
TD-Win-7,refit_on_3,2024,B0018,288,73.84846878839457,74.28362
TD-Win-7,refit_on_3,2024,B0018,291,73.15537271331122,74.06079
TD-Win-7,refit_on_3,2024,B0018,294,77.53589472577204,75.51135
TD-Win-7,refit_on_3,2024,B0018,296,76.42763235972666,77.721245
TD-Win-7,refit_on_3,2024,B0018,298,75.72351586777258,77.06657
TD-Win-7,refit_on_3,2024,B0018,300,75.4386936803776,76.46654
TD-Win-7,refit_on_3,2024,B0018,302,74.45721490205536,76.086426
TD-Win-7,refit_on_3,2024,B0018,305,74.97385174402893,76.33594
TD-Win-7,refit_on_3,2024,B0018,307,74.3741167471391,76.221436
TD-Win-7,refit_on_3,2024,B0018,309,74.05233968989694,76.368484
TD-Win-7,refit_on_3,2024,B0018,311,74.08863589293038,76.52688
TD-Win-7,refit_on_3,2024,B0018,314,73.46151441244959,75.652245
TD-Win-7,refit_on_3,2024,B0018,317,73.62086195282473,75.9743
TD-Win-7,refit_on_3,2024,B0018,319,72.87391760769836,74.54661
TD-Win-7,pre_refit,11,B0005,2,100.80760884947765,85.43843
TD-Win-7,pre_refit,11,B0005,4,100.25590968770103,94.99917
TD-Win-7,pre_refit,11,B0005,6,99.65979925247206,95.265
TD-Win-7,pre_refit,11,B0005,8,99.65509323788856,95.16357
TD-Win-7,pre_refit,11,B0005,10,99.6215889724607,94.81781
TD-Win-7,pre_refit,11,B0005,12,99.67676620535396,94.57429
TD-Win-7,pre_refit,11,B0005,14,99.64877352944652,94.502914
TD-Win-7,pre_refit,11,B0005,16,99.13892996732449,95.30855
TD-Win-7,pre_refit,11,B0005,18,99.08555627584838,95.0229
TD-Win-7,pre_refit,11,B0005,20,99.0768365083485,95.269295
TD-Win-7,pre_refit,11,B0005,22,99.07717774099622,94.63515
TD-Win-7,pre_refit,11,B0005,25,98.5114992237362,95.290375
TD-Win-7,pre_refit,11,B0005,27,98.4870761948254,94.85641
TD-Win-7,pre_refit,11,B0005,29,98.47015265835132,93.937
TD-Win-7,pre_refit,11,B0005,31,97.88140357167902,95.51814
TD-Win-7,pre_refit,11,B0005,33,97.85473656745688,94.75532
TD-Win-7,pre_refit,11,B0005,35,97.88039886599036,95.054665
TD-Win-7,pre_refit,11,B0005,37,97.9069415267384,94.817
TD-Win-7,pre_refit,11,B0005,39,97.89115702988882,94.574
TD-Win-7,pre_refit,11,B0005,42,100.29385168145046,95.264694
TD-Win-7,pre_refit,11,B0005,46,100.31510023136114,95.460945
TD-Win-7,pre_refit,11,B0005,50,99.70477213786135,95.56545
TD-Win-7,pre_refit,11,B0005,54,99.1402308374376,95.74741
TD-Win-7,pre_refit,11,B0005,58,99.10400696359169,94.52227
TD-Win-7,pre_refit,11,B0005,62,99.12941188644592,95.14845
TD-Win-7,pre_refit,11,B0005,66,98.50222430381568,95.115845
TD-Win-7,pre_refit,11,B0005,70,98.5423014565286,94.637054
TD-Win-7,pre_refit,11,B0005,74,98.49887187571204,94.54002
TD-Win-7,pre_refit,11,B0005,78,97.89050762402466,95.29963
TD-Win-7,pre_refit,11,B0005,82,97.96171552529285,94.27063
TD-Win-7,pre_refit,11,B0005,90,99.4075559707276,94.58701
TD-Win-7,pre_refit,11,B0005,94,98.82112827769676,94.54864
TD-Win-7,pre_refit,11,B0005,98,98.2457556393358,93.93232
TD-Win-7,pre_refit,11,B0005,102,97.99065016377766,93.55402
TD-Win-7,pre_refit,11,B0005,106,97.7065060215613,93.973015
TD-Win-7,pre_refit,11,B0005,110,97.11279694879056,93.97504
TD-Win-7,pre_refit,11,B0005,114,96.81304988059888,94.12141
TD-Win-7,pre_refit,11,B0005,118,96.27605729788222,93.22843
TD-Win-7,pre_refit,11,B0005,122,96.2762766313732,92.60533
TD-Win-7,pre_refit,11,B0005,126,95.99578118843372,93.47645
TD-Win-7,pre_refit,11,B0005,130,95.69403287907456,92.67308
TD-Win-7,pre_refit,11,B0005,134,95.98194451474556,93.58033
TD-Win-7,pre_refit,11,B0005,136,95.71321655496544,92.43692
TD-Win-7,pre_refit,11,B0005,140,95.11928805425076,92.11395
TD-Win-7,pre_refit,11,B0005,144,94.58275432725988,93.05116
TD-Win-7,pre_refit,11,B0005,148,94.27008009570102,91.54732
TD-Win-7,pre_refit,11,B0005,150,97.39411432859931,94.72923
TD-Win-7,pre_refit,11,B0005,154,96.82749231246368,94.472824
TD-Win-7,pre_refit,11,B0005,158,95.96820195991576,93.78177
TD-Win-7,pre_refit,11,B0005,162,95.40638930769452,93.29011
TD-Win-7,pre_refit,11,B0005,166,94.8553962680492,92.96078
TD-Win-7,pre_refit,11,B0005,170,94.5755674779542,93.31478
TD-Win-7,pre_refit,11,B0005,174,94.28806184403476,92.13528
TD-Win-7,pre_refit,11,B0005,178,93.73958753620327,92.466995
TD-Win-7,pre_refit,11,B0005,182,93.16861105469168,91.5384
TD-Win-7,pre_refit,11,B0005,186,92.88227598613614,91.18337
TD-Win-7,pre_refit,11,B0005,190,92.636901518198,90.10029
TD-Win-7,pre_refit,11,B0005,194,92.32720191735562,91.81554
TD-Win-7,pre_refit,11,B0005,198,92.01599848919145,91.09604
TD-Win-7,pre_refit,11,B0005,202,91.49053823956656,92.23525
TD-Win-7,pre_refit,11,B0005,206,90.92425521866993,91.17425
TD-Win-7,pre_refit,11,B0005,210,90.92941856192826,89.27949
TD-Win-7,pre_refit,11,B0005,214,90.34010561326173,89.90433
TD-Win-7,pre_refit,11,B0005,216,90.0847586044663,91.513084
TD-Win-7,pre_refit,11,B0005,220,89.80457989439137,91.64161
TD-Win-7,pre_refit,11,B0005,224,89.19640288815545,89.21963
TD-Win-7,pre_refit,11,B0005,228,88.93598251136243,89.224365
TD-Win-7,pre_refit,11,B0005,232,88.65781340235759,89.3471
TD-Win-7,pre_refit,11,B0005,236,88.38728178562198,90.38109
TD-Win-7,pre_refit,11,B0005,240,88.08171260170519,87.95528
TD-Win-7,pre_refit,11,B0005,244,87.49528010741024,89.56468
TD-Win-7,pre_refit,11,B0005,248,87.2366743602368,88.15594
TD-Win-7,pre_refit,11,B0005,252,86.96251727221627,87.66931
TD-Win-7,pre_refit,11,B0005,256,86.35734215456989,87.62543
TD-Win-7,pre_refit,11,B0005,260,86.10863457357058,88.57479
TD-Win-7,pre_refit,11,B0005,264,86.06270063126725,87.37528
TD-Win-7,pre_refit,11,B0005,266,86.63737677555004,87.78021
TD-Win-7,pre_refit,11,B0005,270,85.50813849993258,87.18604
TD-Win-7,pre_refit,11,B0005,274,84.97446653296429,86.879906
TD-Win-7,pre_refit,11,B0005,278,84.69557819389517,88.26633
TD-Win-7,pre_refit,11,B0005,282,84.68013627936132,86.413185
TD-Win-7,pre_refit,11,B0005,286,84.41991821853574,86.84723
TD-Win-7,pre_refit,11,B0005,290,84.10414931140878,86.98959
TD-Win-7,pre_refit,11,B0005,294,83.52653061113354,88.538956
TD-Win-7,pre_refit,11,B0005,298,82.96602561057489,86.84806
TD-Win-7,pre_refit,11,B0005,302,82.99920327964658,86.255844
TD-Win-7,pre_refit,11,B0005,306,82.68003018050378,87.0105
TD-Win-7,pre_refit,11,B0005,310,82.39976893302816,86.72644
TD-Win-7,pre_refit,11,B0005,313,87.19626195760692,86.43709
TD-Win-7,pre_refit,11,B0005,316,84.91729656129593,86.51458
TD-Win-7,pre_refit,11,B0005,320,84.06165489885902,87.72678
TD-Win-7,pre_refit,11,B0005,324,83.2082752902044,87.36404
TD-Win-7,pre_refit,11,B0005,328,82.91381970838151,86.347946
TD-Win-7,pre_refit,11,B0005,332,82.37106085271179,87.172585
TD-Win-7,pre_refit,11,B0005,336,82.09631790141844,86.17682
TD-Win-7,pre_refit,11,B0005,340,81.80669701206385,86.36664
TD-Win-7,pre_refit,11,B0005,344,81.53418918115372,87.159035
TD-Win-7,pre_refit,11,B0005,348,80.95312575426658,86.23844
TD-Win-7,pre_refit,11,B0005,352,80.6829269258604,86.62806
TD-Win-7,pre_refit,11,B0005,356,80.38673535372676,86.06847
TD-Win-7,pre_refit,11,B0005,360,80.10415225005684,86.99221
TD-Win-7,pre_refit,11,B0005,364,80.68483906716317,85.42137
TD-Win-7,pre_refit,11,B0005,367,81.23806188586506,87.885925
TD-Win-7,pre_refit,11,B0005,371,80.40774500270479,86.67124
TD-Win-7,pre_refit,11,B0005,375,79.80793062432481,87.969925
TD-Win-7,pre_refit,11,B0005,379,78.94710440938543,86.97844
TD-Win-7,pre_refit,11,B0005,383,78.96040682717852,85.95409
TD-Win-7,pre_refit,11,B0005,387,79.00805769223405,87.24249
TD-Win-7,pre_refit,11,B0005,391,78.68325635434054,86.18664
TD-Win-7,pre_refit,11,B0005,395,78.12009683923326,85.97461
TD-Win-7,pre_refit,11,B0005,399,77.83635095586517,85.7175
TD-Win-7,pre_refit,11,B0005,403,77.83366081216815,87.32738
TD-Win-7,pre_refit,11,B0005,407,77.54418562704669,85.95796
TD-Win-7,pre_refit,11,B0005,411,77.26483532824366,85.75223
TD-Win-7,pre_refit,11,B0005,415,76.96665751739931,85.11055
TD-Win-7,pre_refit,11,B0005,419,76.69408123915822,85.60374
TD-Win-7,pre_refit,11,B0005,423,76.7032886034996,85.79042
TD-Win-7,pre_refit,11,B0005,427,76.43285089151239,87.21772
TD-Win-7,pre_refit,11,B0005,431,77.83345221466253,86.62489
TD-Win-7,pre_refit,11,B0005,433,78.09751233548145,86.437935
TD-Win-7,pre_refit,11,B0005,437,76.96262218385922,86.01687
TD-Win-7,pre_refit,11,B0005,441,76.3993634537507,86.06594
TD-Win-7,pre_refit,11,B0005,445,76.08562321685423,85.3154
TD-Win-7,pre_refit,11,B0005,449,75.84111192639295,85.567474
TD-Win-7,pre_refit,11,B0005,453,75.5470202599512,84.78219
TD-Win-7,pre_refit,11,B0005,457,75.2724773855306,84.53357
TD-Win-7,pre_refit,11,B0005,461,74.95796574493023,84.87828
TD-Win-7,pre_refit,11,B0005,465,74.67559060559861,86.187965
TD-Win-7,pre_refit,11,B0005,469,74.4190975749656,85.1451
TD-Win-7,pre_refit,11,B0005,473,74.41886702385212,84.05809
TD-Win-7,pre_refit,11,B0005,477,74.10538957595438,84.64424
TD-Win-7,pre_refit,11,B0005,481,74.68403981580354,85.20487
TD-Win-7,pre_refit,11,B0005,483,75.26611054535188,84.77594
TD-Win-7,pre_refit,11,B0005,485,74.38310747232698,85.5196
TD-Win-7,pre_refit,11,B0005,489,74.10795710900801,84.31935
TD-Win-7,pre_refit,11,B0005,493,73.53993654981534,84.76227
TD-Win-7,pre_refit,11,B0005,497,73.55729388669064,85.735535
TD-Win-7,pre_refit,11,B0005,501,73.56067241598603,84.41142
TD-Win-7,pre_refit,11,B0005,505,73.26805286034079,85.90603
TD-Win-7,pre_refit,11,B0005,509,72.98972077509227,85.48587
TD-Win-7,pre_refit,11,B0005,513,72.70747847813722,84.74191
TD-Win-7,pre_refit,11,B0005,517,72.70330518052887,84.31863
TD-Win-7,pre_refit,11,B0005,521,72.43680818215978,85.26923
TD-Win-7,pre_refit,11,B0005,525,72.14563728793834,86.7465
TD-Win-7,pre_refit,11,B0005,529,71.84842350914826,84.749344
TD-Win-7,pre_refit,11,B0005,533,71.57682808520298,84.87593
TD-Win-7,pre_refit,11,B0005,537,71.59297070565168,84.790825
TD-Win-7,pre_refit,11,B0005,541,71.58355486033668,86.01511
TD-Win-7,pre_refit,11,B0005,545,71.88651633814797,84.41219
TD-Win-7,pre_refit,11,B0005,548,73.85485752850198,82.29532
TD-Win-7,pre_refit,11,B0005,552,72.73676298693475,84.07936
TD-Win-7,pre_refit,11,B0005,556,72.16650080848474,84.73032
TD-Win-7,pre_refit,11,B0005,560,71.87574889700983,86.34323
TD-Win-7,pre_refit,11,B0005,564,71.60206343923741,84.97292
TD-Win-7,pre_refit,11,B0005,568,71.32194157026348,85.37618
TD-Win-7,pre_refit,11,B0005,572,71.30711389020412,85.10942
TD-Win-7,pre_refit,11,B0005,576,71.01356336148518,85.03468
TD-Win-7,pre_refit,11,B0005,580,70.75492745457169,84.23386
TD-Win-7,pre_refit,11,B0005,584,70.77254445771489,85.20061
TD-Win-7,pre_refit,11,B0005,588,70.77540542374062,84.99748
TD-Win-7,pre_refit,11,B0005,592,70.47550750397869,84.64572
TD-Win-7,pre_refit,11,B0005,596,70.48563041810954,84.15266
TD-Win-7,pre_refit,11,B0005,600,70.23531244180377,85.08037
TD-Win-7,pre_refit,11,B0005,604,69.93882142370093,85.47278
TD-Win-7,pre_refit,11,B0005,608,69.90890905512207,84.67301
TD-Win-7,pre_refit,11,B0005,612,71.07977535187085,86.36188
TD-Win-7,pre_refit,11,B0005,614,71.95205157786506,85.099335
TD-Win-7,refit_on_3,11,B0005,2,100.80760884947765,71.80111
TD-Win-7,refit_on_3,11,B0005,4,100.25590968770103,97.81537
TD-Win-7,refit_on_3,11,B0005,6,99.65979925247206,98.49053
TD-Win-7,refit_on_3,11,B0005,8,99.65509323788856,99.00243
TD-Win-7,refit_on_3,11,B0005,10,99.6215889724607,97.8967
TD-Win-7,refit_on_3,11,B0005,12,99.67676620535396,96.80174
TD-Win-7,refit_on_3,11,B0005,14,99.64877352944652,96.906456
TD-Win-7,refit_on_3,11,B0005,16,99.13892996732449,99.23069
TD-Win-7,refit_on_3,11,B0005,18,99.08555627584838,98.94961
TD-Win-7,refit_on_3,11,B0005,20,99.0768365083485,100.76235
TD-Win-7,refit_on_3,11,B0005,22,99.07717774099622,98.76246
TD-Win-7,refit_on_3,11,B0005,25,98.5114992237362,100.34001
TD-Win-7,refit_on_3,11,B0005,27,98.4870761948254,99.10052
TD-Win-7,refit_on_3,11,B0005,29,98.47015265835132,96.135376
TD-Win-7,refit_on_3,11,B0005,31,97.88140357167902,101.06569
TD-Win-7,refit_on_3,11,B0005,33,97.85473656745688,98.57959
TD-Win-7,refit_on_3,11,B0005,35,97.88039886599036,100.69906
TD-Win-7,refit_on_3,11,B0005,37,97.9069415267384,100.54643
TD-Win-7,refit_on_3,11,B0005,39,97.89115702988882,100.0619
TD-Win-7,refit_on_3,11,B0005,42,100.29385168145046,100.290184
TD-Win-7,refit_on_3,11,B0005,46,100.31510023136114,102.10629
TD-Win-7,refit_on_3,11,B0005,50,99.70477213786135,101.69301
TD-Win-7,refit_on_3,11,B0005,54,99.1402308374376,101.81537
TD-Win-7,refit_on_3,11,B0005,58,99.10400696359169,97.038345
TD-Win-7,refit_on_3,11,B0005,62,99.12941188644592,101.426125
TD-Win-7,refit_on_3,11,B0005,66,98.50222430381568,99.487724
TD-Win-7,refit_on_3,11,B0005,70,98.5423014565286,99.79884
TD-Win-7,refit_on_3,11,B0005,74,98.49887187571204,99.92833
TD-Win-7,refit_on_3,11,B0005,78,97.89050762402466,100.97716
TD-Win-7,refit_on_3,11,B0005,82,97.96171552529285,98.14303
TD-Win-7,refit_on_3,11,B0005,90,99.4075559707276,98.064865
TD-Win-7,refit_on_3,11,B0005,94,98.82112827769676,97.96469
TD-Win-7,refit_on_3,11,B0005,98,98.2457556393358,95.661194
TD-Win-7,refit_on_3,11,B0005,102,97.99065016377766,94.9129
TD-Win-7,refit_on_3,11,B0005,106,97.7065060215613,96.30129
TD-Win-7,refit_on_3,11,B0005,110,97.11279694879056,95.98107
TD-Win-7,refit_on_3,11,B0005,114,96.81304988059888,97.06326
TD-Win-7,refit_on_3,11,B0005,118,96.27605729788222,93.78599
TD-Win-7,refit_on_3,11,B0005,122,96.2762766313732,93.64422
TD-Win-7,refit_on_3,11,B0005,126,95.99578118843372,94.88624
TD-Win-7,refit_on_3,11,B0005,130,95.69403287907456,92.85067
TD-Win-7,refit_on_3,11,B0005,134,95.98194451474556,95.917336
TD-Win-7,refit_on_3,11,B0005,136,95.71321655496544,93.306816
TD-Win-7,refit_on_3,11,B0005,140,95.11928805425076,92.5289
TD-Win-7,refit_on_3,11,B0005,144,94.58275432725988,93.76216
TD-Win-7,refit_on_3,11,B0005,148,94.27008009570102,91.685196
TD-Win-7,refit_on_3,11,B0005,150,97.39411432859931,99.062614
TD-Win-7,refit_on_3,11,B0005,154,96.82749231246368,98.30507
TD-Win-7,refit_on_3,11,B0005,158,95.96820195991576,96.76892
TD-Win-7,refit_on_3,11,B0005,162,95.40638930769452,95.36219
TD-Win-7,refit_on_3,11,B0005,166,94.8553962680492,94.45563
TD-Win-7,refit_on_3,11,B0005,170,94.5755674779542,95.80651
TD-Win-7,refit_on_3,11,B0005,174,94.28806184403476,92.89249
TD-Win-7,refit_on_3,11,B0005,178,93.73958753620327,93.73102
TD-Win-7,refit_on_3,11,B0005,182,93.16861105469168,91.89391
TD-Win-7,refit_on_3,11,B0005,186,92.88227598613614,91.48418
TD-Win-7,refit_on_3,11,B0005,190,92.636901518198,89.08931
TD-Win-7,refit_on_3,11,B0005,194,92.32720191735562,92.64152
TD-Win-7,refit_on_3,11,B0005,198,92.01599848919145,91.555626
TD-Win-7,refit_on_3,11,B0005,202,91.49053823956656,92.47042
TD-Win-7,refit_on_3,11,B0005,206,90.92425521866993,90.15013
TD-Win-7,refit_on_3,11,B0005,210,90.92941856192826,87.84292
TD-Win-7,refit_on_3,11,B0005,214,90.34010561326173,88.75442
TD-Win-7,refit_on_3,11,B0005,216,90.0847586044663,91.473045
TD-Win-7,refit_on_3,11,B0005,220,89.80457989439137,91.982635
TD-Win-7,refit_on_3,11,B0005,224,89.19640288815545,86.899
TD-Win-7,refit_on_3,11,B0005,228,88.93598251136243,87.21375
TD-Win-7,refit_on_3,11,B0005,232,88.65781340235759,87.24223
TD-Win-7,refit_on_3,11,B0005,236,88.38728178562198,89.06743
TD-Win-7,refit_on_3,11,B0005,240,88.08171260170519,85.549065
TD-Win-7,refit_on_3,11,B0005,244,87.49528010741024,87.596436
TD-Win-7,refit_on_3,11,B0005,248,87.2366743602368,85.13301
TD-Win-7,refit_on_3,11,B0005,252,86.96251727221627,84.68833
TD-Win-7,refit_on_3,11,B0005,256,86.35734215456989,83.69468
TD-Win-7,refit_on_3,11,B0005,260,86.10863457357058,85.38898
TD-Win-7,refit_on_3,11,B0005,264,86.06270063126725,83.81951
TD-Win-7,refit_on_3,11,B0005,266,86.63737677555004,84.8694
TD-Win-7,refit_on_3,11,B0005,270,85.50813849993258,82.95745
TD-Win-7,refit_on_3,11,B0005,274,84.97446653296429,82.107506
TD-Win-7,refit_on_3,11,B0005,278,84.69557819389517,84.172905
TD-Win-7,refit_on_3,11,B0005,282,84.68013627936132,81.74833
TD-Win-7,refit_on_3,11,B0005,286,84.41991821853574,82.58359
TD-Win-7,refit_on_3,11,B0005,290,84.10414931140878,82.7812
TD-Win-7,refit_on_3,11,B0005,294,83.52653061113354,84.96743
TD-Win-7,refit_on_3,11,B0005,298,82.96602561057489,81.79374
TD-Win-7,refit_on_3,11,B0005,302,82.99920327964658,81.26609
TD-Win-7,refit_on_3,11,B0005,306,82.68003018050378,81.817474
TD-Win-7,refit_on_3,11,B0005,310,82.39976893302816,81.359055
TD-Win-7,refit_on_3,11,B0005,313,87.19626195760692,81.62818
TD-Win-7,refit_on_3,11,B0005,316,84.91729656129593,83.304115
TD-Win-7,refit_on_3,11,B0005,320,84.06165489885902,84.862755
TD-Win-7,refit_on_3,11,B0005,324,83.2082752902044,82.792145
TD-Win-7,refit_on_3,11,B0005,328,82.91381970838151,81.77172
TD-Win-7,refit_on_3,11,B0005,332,82.37106085271179,82.5596
TD-Win-7,refit_on_3,11,B0005,336,82.09631790141844,80.8556
TD-Win-7,refit_on_3,11,B0005,340,81.80669701206385,81.06198
TD-Win-7,refit_on_3,11,B0005,344,81.53418918115372,82.48906
TD-Win-7,refit_on_3,11,B0005,348,80.95312575426658,79.97091
TD-Win-7,refit_on_3,11,B0005,352,80.6829269258604,80.50912
TD-Win-7,refit_on_3,11,B0005,356,80.38673535372676,79.515945
TD-Win-7,refit_on_3,11,B0005,360,80.10415225005684,80.94637
TD-Win-7,refit_on_3,11,B0005,364,80.68483906716317,79.30177
TD-Win-7,refit_on_3,11,B0005,367,81.23806188586506,83.895325
TD-Win-7,refit_on_3,11,B0005,371,80.40774500270479,81.85293
TD-Win-7,refit_on_3,11,B0005,375,79.80793062432481,82.90523
TD-Win-7,refit_on_3,11,B0005,379,78.94710440938543,81.469536
TD-Win-7,refit_on_3,11,B0005,383,78.96040682717852,78.92346
TD-Win-7,refit_on_3,11,B0005,387,79.00805769223405,81.86184
TD-Win-7,refit_on_3,11,B0005,391,78.68325635434054,80.131676
TD-Win-7,refit_on_3,11,B0005,395,78.12009683923326,78.57739
TD-Win-7,refit_on_3,11,B0005,399,77.83635095586517,78.14359
TD-Win-7,refit_on_3,11,B0005,403,77.83366081216815,81.18659
TD-Win-7,refit_on_3,11,B0005,407,77.54418562704669,78.61144
TD-Win-7,refit_on_3,11,B0005,411,77.26483532824366,78.14922
TD-Win-7,refit_on_3,11,B0005,415,76.96665751739931,77.00524
TD-Win-7,refit_on_3,11,B0005,419,76.69408123915822,78.09664
TD-Win-7,refit_on_3,11,B0005,423,76.7032886034996,78.67409
TD-Win-7,refit_on_3,11,B0005,427,76.43285089151239,80.22311
TD-Win-7,refit_on_3,11,B0005,431,77.83345221466253,80.22012
TD-Win-7,refit_on_3,11,B0005,433,78.09751233548145,80.78843
TD-Win-7,refit_on_3,11,B0005,437,76.96262218385922,78.67585
TD-Win-7,refit_on_3,11,B0005,441,76.3993634537507,78.09487
TD-Win-7,refit_on_3,11,B0005,445,76.08562321685423,77.01138
TD-Win-7,refit_on_3,11,B0005,449,75.84111192639295,77.156204
TD-Win-7,refit_on_3,11,B0005,453,75.5470202599512,76.03891
TD-Win-7,refit_on_3,11,B0005,457,75.2724773855306,75.15208
TD-Win-7,refit_on_3,11,B0005,461,74.95796574493023,75.35709
TD-Win-7,refit_on_3,11,B0005,465,74.67559060559861,76.93556
TD-Win-7,refit_on_3,11,B0005,469,74.4190975749656,75.775604
TD-Win-7,refit_on_3,11,B0005,473,74.41886702385212,74.16333
TD-Win-7,refit_on_3,11,B0005,477,74.10538957595438,74.699554
TD-Win-7,refit_on_3,11,B0005,481,74.68403981580354,76.13692
TD-Win-7,refit_on_3,11,B0005,483,75.26611054535188,75.8451
TD-Win-7,refit_on_3,11,B0005,485,74.38310747232698,76.14911
TD-Win-7,refit_on_3,11,B0005,489,74.10795710900801,74.34227
TD-Win-7,refit_on_3,11,B0005,493,73.53993654981534,73.82684
TD-Win-7,refit_on_3,11,B0005,497,73.55729388669064,75.98422
TD-Win-7,refit_on_3,11,B0005,501,73.56067241598603,74.041916
TD-Win-7,refit_on_3,11,B0005,505,73.26805286034079,76.65881
TD-Win-7,refit_on_3,11,B0005,509,72.98972077509227,75.49803
TD-Win-7,refit_on_3,11,B0005,513,72.70747847813722,73.99653
TD-Win-7,refit_on_3,11,B0005,517,72.70330518052887,73.197266
TD-Win-7,refit_on_3,11,B0005,521,72.43680818215978,74.69409
TD-Win-7,refit_on_3,11,B0005,525,72.14563728793834,76.51657
TD-Win-7,refit_on_3,11,B0005,529,71.84842350914826,72.70956
TD-Win-7,refit_on_3,11,B0005,533,71.57682808520298,72.19115
TD-Win-7,refit_on_3,11,B0005,537,71.59297070565168,72.53812
TD-Win-7,refit_on_3,11,B0005,541,71.58355486033668,75.08267
TD-Win-7,refit_on_3,11,B0005,545,71.88651633814797,71.68028
TD-Win-7,refit_on_3,11,B0005,548,73.85485752850198,71.08894
TD-Win-7,refit_on_3,11,B0005,552,72.73676298693475,73.0624
TD-Win-7,refit_on_3,11,B0005,556,72.16650080848474,73.08575
TD-Win-7,refit_on_3,11,B0005,560,71.87574889700983,75.24815
TD-Win-7,refit_on_3,11,B0005,564,71.60206343923741,72.92773
TD-Win-7,refit_on_3,11,B0005,568,71.32194157026348,73.12821
TD-Win-7,refit_on_3,11,B0005,572,71.30711389020412,73.23711
TD-Win-7,refit_on_3,11,B0005,576,71.01356336148518,72.68724
TD-Win-7,refit_on_3,11,B0005,580,70.75492745457169,70.972984
TD-Win-7,refit_on_3,11,B0005,584,70.77254445771489,72.81201
TD-Win-7,refit_on_3,11,B0005,588,70.77540542374062,73.45387
TD-Win-7,refit_on_3,11,B0005,592,70.47550750397869,71.927284
TD-Win-7,refit_on_3,11,B0005,596,70.48563041810954,71.275185
TD-Win-7,refit_on_3,11,B0005,600,70.23531244180377,72.30704
TD-Win-7,refit_on_3,11,B0005,604,69.93882142370093,72.39225
TD-Win-7,refit_on_3,11,B0005,608,69.90890905512207,71.35055
TD-Win-7,refit_on_3,11,B0005,612,71.07977535187085,76.118034
TD-Win-7,refit_on_3,11,B0005,614,71.95205157786506,75.635925
TD-Win-7,pre_refit,11,B0006,2,100.88297108833646,87.43255
TD-Win-7,pre_refit,11,B0006,4,100.37753235288778,98.1542
TD-Win-7,pre_refit,11,B0006,6,99.79196916000484,98.30763
TD-Win-7,pre_refit,11,B0006,8,99.7899019818078,98.321335
TD-Win-7,pre_refit,11,B0006,10,99.15762541696316,97.74025
TD-Win-7,pre_refit,11,B0006,12,99.8203556776378,97.634995
TD-Win-7,pre_refit,11,B0006,14,99.7808037027038,97.30901
TD-Win-7,pre_refit,11,B0006,16,97.5844832820893,98.081764
TD-Win-7,pre_refit,11,B0006,18,97.5535716293996,98.017235
TD-Win-7,pre_refit,11,B0006,20,97.01155142541865,97.48623
TD-Win-7,pre_refit,11,B0006,22,96.43502080876348,97.621605
TD-Win-7,pre_refit,11,B0006,25,95.8972998236526,96.71303
TD-Win-7,pre_refit,11,B0006,27,95.32875373854844,97.65318
TD-Win-7,pre_refit,11,B0006,29,94.76419905980474,96.45932
TD-Win-7,pre_refit,11,B0006,31,94.22773853976388,96.90864
TD-Win-7,pre_refit,11,B0006,33,93.6395064953226,96.56522
TD-Win-7,pre_refit,11,B0006,35,93.09821798643677,96.71448
TD-Win-7,pre_refit,11,B0006,37,92.56743574756617,96.4316
TD-Win-7,pre_refit,11,B0006,39,92.56840432582156,96.074844
TD-Win-7,pre_refit,11,B0006,42,98.12161319843736,96.88436
TD-Win-7,pre_refit,11,B0006,46,97.02736865587346,98.14182
TD-Win-7,pre_refit,11,B0006,50,96.4457203456954,97.515366
TD-Win-7,pre_refit,11,B0006,54,95.37664206593776,97.39526
TD-Win-7,pre_refit,11,B0006,58,96.45395400781383,96.39937
TD-Win-7,pre_refit,11,B0006,62,94.2446511737385,96.95004
TD-Win-7,pre_refit,11,B0006,66,93.11783815158223,96.05833
TD-Win-7,pre_refit,11,B0006,70,92.60393676951,95.62323
TD-Win-7,pre_refit,11,B0006,74,91.99518419888014,95.038185
TD-Win-7,pre_refit,11,B0006,78,91.45865458065036,95.52554
TD-Win-7,pre_refit,11,B0006,82,92.05488530825814,93.20205
TD-Win-7,pre_refit,11,B0006,90,93.2941701264468,95.09698
TD-Win-7,pre_refit,11,B0006,94,91.95812296295944,94.00552
TD-Win-7,pre_refit,11,B0006,98,91.16379285351326,91.049034
TD-Win-7,pre_refit,11,B0006,102,90.13722315501992,91.88351
TD-Win-7,pre_refit,11,B0006,106,89.88629167454431,90.39113
TD-Win-7,pre_refit,11,B0006,110,89.07464504963947,90.443016
TD-Win-7,pre_refit,11,B0006,114,88.27677498375004,90.693245
TD-Win-7,pre_refit,11,B0006,118,87.78153478310176,88.378944
TD-Win-7,pre_refit,11,B0006,122,87.25902301297472,87.77067
TD-Win-7,pre_refit,11,B0006,126,86.75445063463465,88.6407
TD-Win-7,pre_refit,11,B0006,130,86.21919662960373,88.887726
TD-Win-7,pre_refit,11,B0006,134,86.97181002045869,88.74509
TD-Win-7,pre_refit,11,B0006,136,87.53004089819298,87.54788
TD-Win-7,pre_refit,11,B0006,140,85.93648557449694,86.94833
TD-Win-7,pre_refit,11,B0006,144,84.92223069682748,87.74383
TD-Win-7,pre_refit,11,B0006,148,84.38106569995976,85.88828
TD-Win-7,pre_refit,11,B0006,150,90.39396636175364,94.03668
TD-Win-7,pre_refit,11,B0006,154,89.62118442408695,93.41994
TD-Win-7,pre_refit,11,B0006,158,88.01687540594799,90.26451
TD-Win-7,pre_refit,11,B0006,162,86.47934133475826,90.84468
TD-Win-7,pre_refit,11,B0006,166,85.7093899316892,88.07491
TD-Win-7,pre_refit,11,B0006,170,84.66363361309608,89.50909
TD-Win-7,pre_refit,11,B0006,174,84.14253773442293,88.17794
TD-Win-7,pre_refit,11,B0006,178,83.37268440744252,87.721535
TD-Win-7,pre_refit,11,B0006,182,82.84795096685752,85.78698
TD-Win-7,pre_refit,11,B0006,186,82.31672078137474,84.72367
TD-Win-7,pre_refit,11,B0006,190,81.8390002521071,84.93416
TD-Win-7,pre_refit,11,B0006,194,81.29446683115198,85.64906
TD-Win-7,pre_refit,11,B0006,198,80.75246648690656,84.98424
TD-Win-7,pre_refit,11,B0006,202,79.7437886746144,87.89279
TD-Win-7,pre_refit,11,B0006,206,79.47984426199564,85.95965
TD-Win-7,pre_refit,11,B0006,210,79.25415788836384,84.04644
TD-Win-7,pre_refit,11,B0006,214,78.69188922732394,83.66817
TD-Win-7,pre_refit,11,B0006,216,78.46114405771091,85.1605
TD-Win-7,pre_refit,11,B0006,220,77.67630372212932,85.77917
TD-Win-7,pre_refit,11,B0006,224,77.38916838478035,83.64407
TD-Win-7,pre_refit,11,B0006,228,76.88491527529958,83.98676
TD-Win-7,pre_refit,11,B0006,232,76.3646225030132,84.14222
TD-Win-7,pre_refit,11,B0006,236,75.60327887522882,85.502716
TD-Win-7,pre_refit,11,B0006,240,75.84333345118733,83.43104
TD-Win-7,pre_refit,11,B0006,244,75.57070473005419,82.88199
TD-Win-7,pre_refit,11,B0006,248,75.06972493621848,83.22676
TD-Win-7,pre_refit,11,B0006,252,74.81407516505371,83.03743
TD-Win-7,pre_refit,11,B0006,256,74.54671414292675,82.26047
TD-Win-7,pre_refit,11,B0006,260,74.02740213488109,83.91743
TD-Win-7,pre_refit,11,B0006,264,73.73556466569462,82.5158
TD-Win-7,pre_refit,11,B0006,266,75.84980622026112,81.23538
TD-Win-7,pre_refit,11,B0006,270,74.55060879561292,83.08462
TD-Win-7,pre_refit,11,B0006,274,73.79142812679322,81.88408
TD-Win-7,pre_refit,11,B0006,278,73.27190839787096,84.017944
TD-Win-7,pre_refit,11,B0006,282,73.28093201847443,82.732735
TD-Win-7,pre_refit,11,B0006,286,73.02095301621284,78.125916
TD-Win-7,pre_refit,11,B0006,290,72.73851013234444,83.49631
TD-Win-7,pre_refit,11,B0006,294,71.95104826590523,84.23962
TD-Win-7,pre_refit,11,B0006,298,71.96564568462234,82.12625
TD-Win-7,pre_refit,11,B0006,302,71.72895437691278,82.14811
TD-Win-7,pre_refit,11,B0006,306,71.71434939609318,82.973206
TD-Win-7,pre_refit,11,B0006,310,71.45761792874575,83.020164
TD-Win-7,pre_refit,11,B0006,313,78.98726854374111,80.387054
TD-Win-7,pre_refit,11,B0006,316,76.64794397240323,80.95105
TD-Win-7,pre_refit,11,B0006,320,75.07747171565073,83.44283
TD-Win-7,pre_refit,11,B0006,324,74.29795247472106,82.192986
TD-Win-7,pre_refit,11,B0006,328,73.51146675367659,82.17681
TD-Win-7,pre_refit,11,B0006,332,73.00864275760908,82.474945
TD-Win-7,pre_refit,11,B0006,336,72.50277290138493,82.40949
TD-Win-7,pre_refit,11,B0006,340,71.96131839956391,81.94333
TD-Win-7,pre_refit,11,B0006,344,71.71500633205595,82.97679
TD-Win-7,pre_refit,11,B0006,348,71.44305583769248,82.19733
TD-Win-7,pre_refit,11,B0006,352,70.93898960214143,81.39803
TD-Win-7,pre_refit,11,B0006,356,70.68194044477139,81.63266
TD-Win-7,pre_refit,11,B0006,360,70.4074916889224,83.50666
TD-Win-7,pre_refit,11,B0006,364,70.41804785222855,81.91731
TD-Win-7,pre_refit,11,B0006,367,71.98210310103482,83.83879
TD-Win-7,pre_refit,11,B0006,371,70.95618334594263,83.29297
TD-Win-7,pre_refit,11,B0006,375,70.1362730902931,84.52065
TD-Win-7,pre_refit,11,B0006,379,69.87433806657212,82.85157
TD-Win-7,pre_refit,11,B0006,383,69.63573699649338,82.21863
TD-Win-7,pre_refit,11,B0006,387,69.15232147064526,85.4115
TD-Win-7,pre_refit,11,B0006,391,69.12109936452545,82.95784
TD-Win-7,pre_refit,11,B0006,395,68.86250185726787,82.25251
TD-Win-7,pre_refit,11,B0006,399,68.59092282212131,82.51999
TD-Win-7,pre_refit,11,B0006,403,68.08750743669,84.502785
TD-Win-7,pre_refit,11,B0006,407,68.33159705981836,83.10629
TD-Win-7,pre_refit,11,B0006,411,68.09140360412486,82.61291
TD-Win-7,pre_refit,11,B0006,415,67.81869443003508,82.83951
TD-Win-7,pre_refit,11,B0006,419,67.5730638436144,82.29781
TD-Win-7,pre_refit,11,B0006,423,67.31503513349786,83.53125
TD-Win-7,pre_refit,11,B0006,427,67.07575548417674,84.639946
TD-Win-7,pre_refit,11,B0006,431,68.60691404106846,84.49855
TD-Win-7,pre_refit,11,B0006,433,69.64711039275872,83.85927
TD-Win-7,pre_refit,11,B0006,437,68.33719964359061,83.05282
TD-Win-7,pre_refit,11,B0006,441,67.81907707369999,83.3316
TD-Win-7,pre_refit,11,B0006,445,67.27630029953899,82.24134
TD-Win-7,pre_refit,11,B0006,449,67.03731096833596,83.35884
TD-Win-7,pre_refit,11,B0006,453,66.78534122129697,82.31372
TD-Win-7,pre_refit,11,B0006,457,66.26973868287087,83.37434
TD-Win-7,pre_refit,11,B0006,461,65.98363462621751,83.00738
TD-Win-7,pre_refit,11,B0006,465,65.72069252661954,85.49231
TD-Win-7,pre_refit,11,B0006,469,65.50500064349335,83.09022
TD-Win-7,pre_refit,11,B0006,473,65.48747074550045,83.11031
TD-Win-7,pre_refit,11,B0006,477,65.2110653386093,83.508804
TD-Win-7,pre_refit,11,B0006,481,65.47148558720653,84.77254
TD-Win-7,pre_refit,11,B0006,483,66.78647932759047,82.67453
TD-Win-7,pre_refit,11,B0006,485,65.72477818237311,84.93662
TD-Win-7,pre_refit,11,B0006,489,64.93697426302657,84.04853
TD-Win-7,pre_refit,11,B0006,493,64.69397950587184,84.81216
TD-Win-7,pre_refit,11,B0006,497,64.45556804271465,84.56429
TD-Win-7,pre_refit,11,B0006,501,64.44711910522597,85.24043
TD-Win-7,pre_refit,11,B0006,505,63.9153253541329,85.11136
TD-Win-7,pre_refit,11,B0006,509,63.40709756117343,86.13446
TD-Win-7,pre_refit,11,B0006,513,63.40485519747241,85.04769
TD-Win-7,pre_refit,11,B0006,517,63.14854807557744,85.24467
TD-Win-7,pre_refit,11,B0006,521,63.15304028594434,85.89305
TD-Win-7,pre_refit,11,B0006,525,62.63936845251047,88.27332
TD-Win-7,pre_refit,11,B0006,529,62.36048327920517,86.403206
TD-Win-7,pre_refit,11,B0006,533,62.11872624491582,85.6239
TD-Win-7,pre_refit,11,B0006,537,62.11731201074328,84.78766
TD-Win-7,pre_refit,11,B0006,541,61.86235410492132,88.00722
TD-Win-7,pre_refit,11,B0006,545,62.12742822257309,86.40898
TD-Win-7,pre_refit,11,B0006,548,63.93010610326108,84.07239
TD-Win-7,pre_refit,11,B0006,552,62.62827859533666,86.47107
TD-Win-7,pre_refit,11,B0006,556,61.85683618405182,87.183586
TD-Win-7,pre_refit,11,B0006,560,61.07092794836815,88.93256
TD-Win-7,pre_refit,11,B0006,564,60.82277612678393,87.615974
TD-Win-7,pre_refit,11,B0006,568,60.55640953242813,87.90267
TD-Win-7,pre_refit,11,B0006,572,60.02917505279337,88.787346
TD-Win-7,pre_refit,11,B0006,576,59.75722270334661,88.17361
TD-Win-7,pre_refit,11,B0006,580,59.52315601830062,87.07821
TD-Win-7,pre_refit,11,B0006,584,59.01246912863032,89.77262
TD-Win-7,pre_refit,11,B0006,588,58.74426171153606,89.00258
TD-Win-7,pre_refit,11,B0006,592,58.47122551716232,89.49865
TD-Win-7,pre_refit,11,B0006,596,58.2196597592319,89.8809
TD-Win-7,pre_refit,11,B0006,600,57.18983519098029,91.62231
TD-Win-7,pre_refit,11,B0006,604,57.71437056534329,91.175224
TD-Win-7,pre_refit,11,B0006,608,57.43663099473362,90.04881
TD-Win-7,pre_refit,11,B0006,612,58.23847489632371,92.380875
TD-Win-7,pre_refit,11,B0006,614,58.76884540363096,90.87115
TD-Win-7,refit_on_3,11,B0006,2,100.88297108833646,80.40345
TD-Win-7,refit_on_3,11,B0006,4,100.37753235288778,101.83747
TD-Win-7,refit_on_3,11,B0006,6,99.79196916000484,101.94173
TD-Win-7,refit_on_3,11,B0006,8,99.7899019818078,101.99424
TD-Win-7,refit_on_3,11,B0006,10,99.15762541696316,101.27828
TD-Win-7,refit_on_3,11,B0006,12,99.8203556776378,100.76199
TD-Win-7,refit_on_3,11,B0006,14,99.7808037027038,100.38716
TD-Win-7,refit_on_3,11,B0006,16,97.5844832820893,101.89549
TD-Win-7,refit_on_3,11,B0006,18,97.5535716293996,101.739685
TD-Win-7,refit_on_3,11,B0006,20,97.01155142541865,101.21474
TD-Win-7,refit_on_3,11,B0006,22,96.43502080876348,101.277985
TD-Win-7,refit_on_3,11,B0006,25,95.8972998236526,99.31666
TD-Win-7,refit_on_3,11,B0006,27,95.32875373854844,101.26649
TD-Win-7,refit_on_3,11,B0006,29,94.76419905980474,99.028404
TD-Win-7,refit_on_3,11,B0006,31,94.22773853976388,100.53797
TD-Win-7,refit_on_3,11,B0006,33,93.6395064953226,100.075485
TD-Win-7,refit_on_3,11,B0006,35,93.09821798643677,100.09755
TD-Win-7,refit_on_3,11,B0006,37,92.56743574756617,99.7479
TD-Win-7,refit_on_3,11,B0006,39,92.56840432582156,99.081535
TD-Win-7,refit_on_3,11,B0006,42,98.12161319843736,100.05948
TD-Win-7,refit_on_3,11,B0006,46,97.02736865587346,102.25558
TD-Win-7,refit_on_3,11,B0006,50,96.4457203456954,101.40195
TD-Win-7,refit_on_3,11,B0006,54,95.37664206593776,101.34536
TD-Win-7,refit_on_3,11,B0006,58,96.45395400781383,99.34664
TD-Win-7,refit_on_3,11,B0006,62,94.2446511737385,100.575806
TD-Win-7,refit_on_3,11,B0006,66,93.11783815158223,99.74502
TD-Win-7,refit_on_3,11,B0006,70,92.60393676951,98.19635
TD-Win-7,refit_on_3,11,B0006,74,91.99518419888014,97.63664
TD-Win-7,refit_on_3,11,B0006,78,91.45865458065036,98.795166
TD-Win-7,refit_on_3,11,B0006,82,92.05488530825814,94.837746
TD-Win-7,refit_on_3,11,B0006,90,93.2941701264468,97.20962
TD-Win-7,refit_on_3,11,B0006,94,91.95812296295944,95.32668
TD-Win-7,refit_on_3,11,B0006,98,91.16379285351326,91.071945
TD-Win-7,refit_on_3,11,B0006,102,90.13722315501992,93.26129
TD-Win-7,refit_on_3,11,B0006,106,89.88629167454431,90.585976
TD-Win-7,refit_on_3,11,B0006,110,89.07464504963947,90.717
TD-Win-7,refit_on_3,11,B0006,114,88.27677498375004,91.72536
TD-Win-7,refit_on_3,11,B0006,118,87.78153478310176,88.06811
TD-Win-7,refit_on_3,11,B0006,122,87.25902301297472,87.08951
TD-Win-7,refit_on_3,11,B0006,126,86.75445063463465,88.06503
TD-Win-7,refit_on_3,11,B0006,130,86.21919662960373,88.73237
TD-Win-7,refit_on_3,11,B0006,134,86.97181002045869,88.78993
TD-Win-7,refit_on_3,11,B0006,136,87.53004089819298,86.32255
TD-Win-7,refit_on_3,11,B0006,140,85.93648557449694,85.72047
TD-Win-7,refit_on_3,11,B0006,144,84.92223069682748,87.11067
TD-Win-7,refit_on_3,11,B0006,148,84.38106569995976,84.070885
TD-Win-7,refit_on_3,11,B0006,150,90.39396636175364,94.45769
TD-Win-7,refit_on_3,11,B0006,154,89.62118442408695,94.62809
TD-Win-7,refit_on_3,11,B0006,158,88.01687540594799,90.33709
TD-Win-7,refit_on_3,11,B0006,162,86.47934133475826,92.006516
TD-Win-7,refit_on_3,11,B0006,166,85.7093899316892,87.09938
TD-Win-7,refit_on_3,11,B0006,170,84.66363361309608,89.59487
TD-Win-7,refit_on_3,11,B0006,174,84.14253773442293,87.43164
TD-Win-7,refit_on_3,11,B0006,178,83.37268440744252,86.42314
TD-Win-7,refit_on_3,11,B0006,182,82.84795096685752,83.37364
TD-Win-7,refit_on_3,11,B0006,186,82.31672078137474,82.08072
TD-Win-7,refit_on_3,11,B0006,190,81.8390002521071,82.463974
TD-Win-7,refit_on_3,11,B0006,194,81.29446683115198,83.069305
TD-Win-7,refit_on_3,11,B0006,198,80.75246648690656,81.82777
TD-Win-7,refit_on_3,11,B0006,202,79.7437886746144,86.211815
TD-Win-7,refit_on_3,11,B0006,206,79.47984426199564,83.38998
TD-Win-7,refit_on_3,11,B0006,210,79.25415788836384,80.250984
TD-Win-7,refit_on_3,11,B0006,214,78.69188922732394,79.29946
TD-Win-7,refit_on_3,11,B0006,216,78.46114405771091,81.46401
TD-Win-7,refit_on_3,11,B0006,220,77.67630372212932,82.41288
TD-Win-7,refit_on_3,11,B0006,224,77.38916838478035,78.963936
TD-Win-7,refit_on_3,11,B0006,228,76.88491527529958,79.19203
TD-Win-7,refit_on_3,11,B0006,232,76.3646225030132,79.4388
TD-Win-7,refit_on_3,11,B0006,236,75.60327887522882,81.51275
TD-Win-7,refit_on_3,11,B0006,240,75.84333345118733,77.548225
TD-Win-7,refit_on_3,11,B0006,244,75.57070473005419,76.75208
TD-Win-7,refit_on_3,11,B0006,248,75.06972493621848,76.57056
TD-Win-7,refit_on_3,11,B0006,252,74.81407516505371,76.293846
TD-Win-7,refit_on_3,11,B0006,256,74.54671414292675,75.31482
TD-Win-7,refit_on_3,11,B0006,260,74.02740213488109,77.30861
TD-Win-7,refit_on_3,11,B0006,264,73.73556466569462,75.201035
TD-Win-7,refit_on_3,11,B0006,266,75.84980622026112,74.39792
TD-Win-7,refit_on_3,11,B0006,270,74.55060879561292,76.45662
TD-Win-7,refit_on_3,11,B0006,274,73.79142812679322,74.886215
TD-Win-7,refit_on_3,11,B0006,278,73.27190839787096,77.24899
TD-Win-7,refit_on_3,11,B0006,282,73.28093201847443,74.86637
TD-Win-7,refit_on_3,11,B0006,286,73.02095301621284,69.90105
TD-Win-7,refit_on_3,11,B0006,290,72.73851013234444,75.73068
TD-Win-7,refit_on_3,11,B0006,294,71.95104826590523,77.26792
TD-Win-7,refit_on_3,11,B0006,298,71.96564568462234,73.739586
TD-Win-7,refit_on_3,11,B0006,302,71.72895437691278,73.18148
TD-Win-7,refit_on_3,11,B0006,306,71.71434939609318,74.33418
TD-Win-7,refit_on_3,11,B0006,310,71.45761792874575,74.11498
TD-Win-7,refit_on_3,11,B0006,313,78.98726854374111,73.23522
TD-Win-7,refit_on_3,11,B0006,316,76.64794397240323,74.095695
TD-Win-7,refit_on_3,11,B0006,320,75.07747171565073,77.42154
TD-Win-7,refit_on_3,11,B0006,324,74.29795247472106,75.213455
TD-Win-7,refit_on_3,11,B0006,328,73.51146675367659,74.44362
TD-Win-7,refit_on_3,11,B0006,332,73.00864275760908,74.87331
TD-Win-7,refit_on_3,11,B0006,336,72.50277290138493,74.377556
TD-Win-7,refit_on_3,11,B0006,340,71.96131839956391,73.64433
TD-Win-7,refit_on_3,11,B0006,344,71.71500633205595,74.97166
TD-Win-7,refit_on_3,11,B0006,348,71.44305583769248,73.49815
TD-Win-7,refit_on_3,11,B0006,352,70.93898960214143,72.63759
TD-Win-7,refit_on_3,11,B0006,356,70.68194044477139,72.87416
TD-Win-7,refit_on_3,11,B0006,360,70.4074916889224,74.7287
TD-Win-7,refit_on_3,11,B0006,364,70.41804785222855,72.54033
TD-Win-7,refit_on_3,11,B0006,367,71.98210310103482,75.921455
TD-Win-7,refit_on_3,11,B0006,371,70.95618334594263,74.528404
TD-Win-7,refit_on_3,11,B0006,375,70.1362730902931,76.75098
TD-Win-7,refit_on_3,11,B0006,379,69.87433806657212,74.013535
TD-Win-7,refit_on_3,11,B0006,383,69.63573699649338,72.445694
TD-Win-7,refit_on_3,11,B0006,387,69.15232147064526,76.31294
TD-Win-7,refit_on_3,11,B0006,391,69.12109936452545,72.75412
TD-Win-7,refit_on_3,11,B0006,395,68.86250185726787,72.23508
TD-Win-7,refit_on_3,11,B0006,399,68.59092282212131,72.4617
TD-Win-7,refit_on_3,11,B0006,403,68.08750743669,75.08399
TD-Win-7,refit_on_3,11,B0006,407,68.33159705981836,72.640625
TD-Win-7,refit_on_3,11,B0006,411,68.09140360412486,72.15391
TD-Win-7,refit_on_3,11,B0006,415,67.81869443003508,72.35595
TD-Win-7,refit_on_3,11,B0006,419,67.5730638436144,71.8433
TD-Win-7,refit_on_3,11,B0006,423,67.31503513349786,72.509155
TD-Win-7,refit_on_3,11,B0006,427,67.07575548417674,74.29544
TD-Win-7,refit_on_3,11,B0006,431,68.60691404106846,74.323555
TD-Win-7,refit_on_3,11,B0006,433,69.64711039275872,74.615616
TD-Win-7,refit_on_3,11,B0006,437,68.33719964359061,72.96664
TD-Win-7,refit_on_3,11,B0006,441,67.81907707369999,72.64227
TD-Win-7,refit_on_3,11,B0006,445,67.27630029953899,71.84496
TD-Win-7,refit_on_3,11,B0006,449,67.03731096833596,72.20332
TD-Win-7,refit_on_3,11,B0006,453,66.78534122129697,71.4737
TD-Win-7,refit_on_3,11,B0006,457,66.26973868287087,72.24164
TD-Win-7,refit_on_3,11,B0006,461,65.98363462621751,71.66196
TD-Win-7,refit_on_3,11,B0006,465,65.72069252661954,74.309425
TD-Win-7,refit_on_3,11,B0006,469,65.50500064349335,71.76131
TD-Win-7,refit_on_3,11,B0006,473,65.48747074550045,71.25959
TD-Win-7,refit_on_3,11,B0006,477,65.2110653386093,71.284386
TD-Win-7,refit_on_3,11,B0006,481,65.47148558720653,72.358406
TD-Win-7,refit_on_3,11,B0006,483,66.78647932759047,71.54652
TD-Win-7,refit_on_3,11,B0006,485,65.72477818237311,72.979195
TD-Win-7,refit_on_3,11,B0006,489,64.93697426302657,71.76741
TD-Win-7,refit_on_3,11,B0006,493,64.69397950587184,72.039345
TD-Win-7,refit_on_3,11,B0006,497,64.45556804271465,72.151
TD-Win-7,refit_on_3,11,B0006,501,64.44711910522597,72.39218
TD-Win-7,refit_on_3,11,B0006,505,63.9153253541329,72.47491
TD-Win-7,refit_on_3,11,B0006,509,63.40709756117343,73.53058
TD-Win-7,refit_on_3,11,B0006,513,63.40485519747241,71.43759
TD-Win-7,refit_on_3,11,B0006,517,63.14854807557744,71.71102
TD-Win-7,refit_on_3,11,B0006,521,63.15304028594434,72.3961
TD-Win-7,refit_on_3,11,B0006,525,62.63936845251047,75.33501
TD-Win-7,refit_on_3,11,B0006,529,62.36048327920517,72.396645
TD-Win-7,refit_on_3,11,B0006,533,62.11872624491582,71.64203
TD-Win-7,refit_on_3,11,B0006,537,62.11731201074328,70.73744
TD-Win-7,refit_on_3,11,B0006,541,61.86235410492132,74.46104
TD-Win-7,refit_on_3,11,B0006,545,62.12742822257309,71.586174
TD-Win-7,refit_on_3,11,B0006,548,63.93010610326108,70.75003
TD-Win-7,refit_on_3,11,B0006,552,62.62827859533666,72.52227
TD-Win-7,refit_on_3,11,B0006,556,61.85683618405182,72.82947
TD-Win-7,refit_on_3,11,B0006,560,61.07092794836815,74.94826
TD-Win-7,refit_on_3,11,B0006,564,60.82277612678393,73.09266
TD-Win-7,refit_on_3,11,B0006,568,60.55640953242813,72.615585
TD-Win-7,refit_on_3,11,B0006,572,60.02917505279337,73.97613
TD-Win-7,refit_on_3,11,B0006,576,59.75722270334661,72.72016
TD-Win-7,refit_on_3,11,B0006,580,59.52315601830062,71.1084
TD-Win-7,refit_on_3,11,B0006,584,59.01246912863032,74.2458
TD-Win-7,refit_on_3,11,B0006,588,58.74426171153606,73.118286
TD-Win-7,refit_on_3,11,B0006,592,58.47122551716232,73.30511
TD-Win-7,refit_on_3,11,B0006,596,58.2196597592319,73.67407
TD-Win-7,refit_on_3,11,B0006,600,57.18983519098029,75.046165
TD-Win-7,refit_on_3,11,B0006,604,57.71437056534329,74.639725
TD-Win-7,refit_on_3,11,B0006,608,57.43663099473362,73.20537
TD-Win-7,refit_on_3,11,B0006,612,58.23847489632371,76.81336
TD-Win-7,refit_on_3,11,B0006,614,58.76884540363096,75.82318
TD-Win-7,pre_refit,11,B0007,2,100.45351791563915,93.610664
TD-Win-7,pre_refit,11,B0007,4,99.900254379013,96.00128
TD-Win-7,pre_refit,11,B0007,6,99.90161660017114,96.47499
TD-Win-7,pre_refit,11,B0007,8,99.9073657865712,96.395905
TD-Win-7,pre_refit,11,B0007,10,99.83724531860553,96.30169
TD-Win-7,pre_refit,11,B0007,12,99.90361817867274,96.47632
TD-Win-7,pre_refit,11,B0007,14,99.86297576917136,96.54649
TD-Win-7,pre_refit,11,B0007,16,99.94656396119812,96.70677
TD-Win-7,pre_refit,11,B0007,18,99.31878532934633,96.44345
TD-Win-7,pre_refit,11,B0007,20,99.33799331164263,96.354836
TD-Win-7,pre_refit,11,B0007,22,99.33756087304828,96.29877
TD-Win-7,pre_refit,11,B0007,25,98.78551523188162,94.3829
TD-Win-7,pre_refit,11,B0007,27,98.75485184986668,96.168945
TD-Win-7,pre_refit,11,B0007,29,98.75133536665352,95.70878
TD-Win-7,pre_refit,11,B0007,31,98.77012942519043,95.95258
TD-Win-7,pre_refit,11,B0007,33,98.73683812511632,95.984505
TD-Win-7,pre_refit,11,B0007,35,98.15685575226132,96.03919
TD-Win-7,pre_refit,11,B0007,37,98.19446503474695,95.90045
TD-Win-7,pre_refit,11,B0007,39,98.186691403046,95.74085
TD-Win-7,pre_refit,11,B0007,42,99.90787801510066,100.60745
TD-Win-7,pre_refit,11,B0007,46,99.94461695603135,99.44352
TD-Win-7,pre_refit,11,B0007,50,99.92460497901308,98.64424
TD-Win-7,pre_refit,11,B0007,54,99.38880751306714,98.8124
TD-Win-7,pre_refit,11,B0007,58,99.34580918956073,98.613556
TD-Win-7,pre_refit,11,B0007,62,99.37088315432128,98.90536
TD-Win-7,pre_refit,11,B0007,66,98.78342046080256,98.82242
TD-Win-7,pre_refit,11,B0007,70,98.8058078187501,98.543015
TD-Win-7,pre_refit,11,B0007,74,98.75966747373796,98.47878
TD-Win-7,pre_refit,11,B0007,78,98.1739885027512,98.66528
TD-Win-7,pre_refit,11,B0007,82,98.23039625446908,98.26504
TD-Win-7,pre_refit,11,B0007,90,98.95386520139344,98.85663
TD-Win-7,pre_refit,11,B0007,94,98.38356039411237,98.17258
TD-Win-7,pre_refit,11,B0007,98,98.11080955264678,97.78075
TD-Win-7,pre_refit,11,B0007,102,97.57312273601715,98.28549
TD-Win-7,pre_refit,11,B0007,106,97.5908400366413,98.282
TD-Win-7,pre_refit,11,B0007,110,97.29922460125108,97.5895
TD-Win-7,pre_refit,11,B0007,114,96.74012336609094,97.73898
TD-Win-7,pre_refit,11,B0007,118,96.49359124138364,97.33803
TD-Win-7,pre_refit,11,B0007,122,96.22137391342224,97.72773
TD-Win-7,pre_refit,11,B0007,126,96.233276781278,97.68621
TD-Win-7,pre_refit,11,B0007,130,95.93841918044076,97.39534
TD-Win-7,pre_refit,11,B0007,134,96.31819241353496,96.84347
TD-Win-7,pre_refit,11,B0007,136,95.94953719543624,97.39684
TD-Win-7,pre_refit,11,B0007,140,95.3953227427902,96.86038
TD-Win-7,pre_refit,11,B0007,144,94.86699939598208,96.99662
TD-Win-7,pre_refit,11,B0007,148,94.57173479963342,96.66208
TD-Win-7,pre_refit,11,B0007,150,96.41760769059738,101.17084
TD-Win-7,pre_refit,11,B0007,154,96.45090493439226,97.09219
TD-Win-7,pre_refit,11,B0007,158,95.6297003383392,97.21065
TD-Win-7,pre_refit,11,B0007,162,95.10935396520227,97.04387
TD-Win-7,pre_refit,11,B0007,166,94.57259385530976,96.608734
TD-Win-7,pre_refit,11,B0007,170,94.30623404626093,96.908066
TD-Win-7,pre_refit,11,B0007,174,94.0371367595855,96.75546
TD-Win-7,pre_refit,11,B0007,178,93.49626919937222,95.76886
TD-Win-7,pre_refit,11,B0007,182,92.9420388383138,95.93918
TD-Win-7,pre_refit,11,B0007,186,92.94217065781828,95.82977
TD-Win-7,pre_refit,11,B0007,190,92.69668329388116,96.04196
TD-Win-7,pre_refit,11,B0007,194,92.41073633514534,95.22763
TD-Win-7,pre_refit,11,B0007,198,91.82208130681248,95.43457
TD-Win-7,pre_refit,11,B0007,202,91.5743327473832,95.52019
TD-Win-7,pre_refit,11,B0007,206,91.04730118386937,95.01684
TD-Win-7,pre_refit,11,B0007,210,91.04684020750553,95.36388
TD-Win-7,pre_refit,11,B0007,214,90.49873919973382,94.54361
TD-Win-7,pre_refit,11,B0007,216,90.51794914609178,94.67636
TD-Win-7,pre_refit,11,B0007,220,89.96325858213598,94.53871
TD-Win-7,pre_refit,11,B0007,224,89.64911074691454,94.25793
TD-Win-7,pre_refit,11,B0007,228,89.4056438247883,94.31324
TD-Win-7,pre_refit,11,B0007,232,89.13221056506995,94.19099
TD-Win-7,pre_refit,11,B0007,236,88.88142970948275,93.57953
TD-Win-7,pre_refit,11,B0007,240,88.57496163215028,91.92993
TD-Win-7,pre_refit,11,B0007,244,88.30030467403411,91.797554
TD-Win-7,pre_refit,11,B0007,248,88.04309784572763,91.66085
TD-Win-7,pre_refit,11,B0007,252,87.7835715053401,92.34311
TD-Win-7,pre_refit,11,B0007,256,87.5009058762453,90.90193
TD-Win-7,pre_refit,11,B0007,260,86.92700430940862,92.544556
TD-Win-7,pre_refit,11,B0007,264,86.91859800690037,90.671555
TD-Win-7,pre_refit,11,B0007,266,87.17696241036246,91.52799
TD-Win-7,pre_refit,11,B0007,270,86.66971006432802,89.85984
TD-Win-7,pre_refit,11,B0007,274,86.11955257111292,89.95579
TD-Win-7,pre_refit,11,B0007,278,85.86532022039283,92.40705
TD-Win-7,pre_refit,11,B0007,282,85.83324550155743,90.43578
TD-Win-7,pre_refit,11,B0007,286,85.88108948972226,89.46606
TD-Win-7,pre_refit,11,B0007,290,85.56987844007078,89.455864
TD-Win-7,pre_refit,11,B0007,294,85.027771191142,89.937126
TD-Win-7,pre_refit,11,B0007,298,84.77582688520748,88.50314
TD-Win-7,pre_refit,11,B0007,302,84.79178974791847,89.2535
TD-Win-7,pre_refit,11,B0007,306,84.76993385106519,88.74156
TD-Win-7,pre_refit,11,B0007,310,84.49605927424464,88.18819
TD-Win-7,pre_refit,11,B0007,313,89.71090998622898,88.8841
TD-Win-7,pre_refit,11,B0007,316,86.37349719367897,91.40623
TD-Win-7,pre_refit,11,B0007,320,85.82898928627563,89.06331
TD-Win-7,pre_refit,11,B0007,324,85.2934976107533,88.095634
TD-Win-7,pre_refit,11,B0007,328,84.72574724857897,89.75505
TD-Win-7,pre_refit,11,B0007,332,84.48328177752624,88.6671
TD-Win-7,pre_refit,11,B0007,336,84.21457006738538,88.601006
TD-Win-7,pre_refit,11,B0007,340,83.9288888229777,86.91776
TD-Win-7,pre_refit,11,B0007,344,83.67629222648154,88.80305
TD-Win-7,pre_refit,11,B0007,348,83.38837618926404,86.48146
TD-Win-7,pre_refit,11,B0007,352,83.41270816038221,87.39698
TD-Win-7,pre_refit,11,B0007,356,83.14675201444969,86.07182
TD-Win-7,pre_refit,11,B0007,360,82.8484308280049,87.86405
TD-Win-7,pre_refit,11,B0007,364,83.13252526962864,85.87003
TD-Win-7,pre_refit,11,B0007,367,83.66359396289195,90.359375
TD-Win-7,pre_refit,11,B0007,371,83.14841165448959,86.57551
TD-Win-7,pre_refit,11,B0007,375,82.85488835556158,89.74708
TD-Win-7,pre_refit,11,B0007,379,82.33123711829187,87.3927
TD-Win-7,pre_refit,11,B0007,383,82.01142381939957,86.52662
TD-Win-7,pre_refit,11,B0007,387,82.07206587982726,87.174194
TD-Win-7,pre_refit,11,B0007,391,82.0495038543302,86.324554
TD-Win-7,pre_refit,11,B0007,395,81.5031419618624,84.333115
TD-Win-7,pre_refit,11,B0007,399,81.20841503507037,84.45249
TD-Win-7,pre_refit,11,B0007,403,81.21721340553746,85.289
TD-Win-7,pre_refit,11,B0007,407,81.22601148878292,85.8101
TD-Win-7,pre_refit,11,B0007,411,80.95054391771832,83.75836
TD-Win-7,pre_refit,11,B0007,415,80.67227833994721,84.66191
TD-Win-7,pre_refit,11,B0007,419,80.40565013650571,83.46657
TD-Win-7,pre_refit,11,B0007,423,80.40335490244634,84.53716
TD-Win-7,pre_refit,11,B0007,427,80.42152437300291,85.26657
TD-Win-7,pre_refit,11,B0007,431,81.48461605871495,85.38405
TD-Win-7,pre_refit,11,B0007,433,81.75963969607048,87.50226
TD-Win-7,pre_refit,11,B0007,437,80.93560989493338,84.83152
TD-Win-7,pre_refit,11,B0007,441,80.40209515327608,84.79219
TD-Win-7,pre_refit,11,B0007,445,80.09419697809993,82.197
TD-Win-7,pre_refit,11,B0007,449,79.85042691616567,82.1661
TD-Win-7,pre_refit,11,B0007,453,79.56495728605914,81.818634
TD-Win-7,pre_refit,11,B0007,457,79.30076147796538,82.696976
TD-Win-7,pre_refit,11,B0007,461,79.2776995197187,81.24653
TD-Win-7,pre_refit,11,B0007,465,79.01573008127421,83.5523
TD-Win-7,pre_refit,11,B0007,469,78.7529099419952,81.65594
TD-Win-7,pre_refit,11,B0007,473,78.76631135529045,81.88549
TD-Win-7,pre_refit,11,B0007,477,78.45734950325969,81.61598
TD-Win-7,pre_refit,11,B0007,481,78.71925319505982,83.85587
TD-Win-7,pre_refit,11,B0007,483,79.58166685963718,81.85603
TD-Win-7,pre_refit,11,B0007,485,78.72860058663869,81.65718
TD-Win-7,pre_refit,11,B0007,489,78.46501751785956,81.48069
TD-Win-7,pre_refit,11,B0007,493,78.19738333514631,81.20747
TD-Win-7,pre_refit,11,B0007,497,78.20645287101384,81.61691
TD-Win-7,pre_refit,11,B0007,501,77.92824275772597,80.713005
TD-Win-7,pre_refit,11,B0007,505,77.6497101362114,80.420296
TD-Win-7,pre_refit,11,B0007,509,77.38028422735451,80.67703
TD-Win-7,pre_refit,11,B0007,513,77.09660547904922,79.97174
TD-Win-7,pre_refit,11,B0007,517,77.11046744203753,80.644264
TD-Win-7,pre_refit,11,B0007,521,76.85550035450103,79.22361
TD-Win-7,pre_refit,11,B0007,525,76.85236240084764,80.05137
TD-Win-7,pre_refit,11,B0007,529,76.56671722215358,79.701126
TD-Win-7,pre_refit,11,B0007,533,76.29399038621672,79.08946
TD-Win-7,pre_refit,11,B0007,537,76.32425788720361,80.32626
TD-Win-7,pre_refit,11,B0007,541,76.29658741049414,80.439926
TD-Win-7,pre_refit,11,B0007,545,76.59209728582513,77.25594
TD-Win-7,pre_refit,11,B0007,548,77.93863743061358,79.67519
TD-Win-7,pre_refit,11,B0007,552,77.12364718084329,79.83579
TD-Win-7,pre_refit,11,B0007,556,76.8725967441492,79.70297
TD-Win-7,pre_refit,11,B0007,560,76.58854113704766,81.254364
TD-Win-7,pre_refit,11,B0007,564,76.04885672654179,79.061195
TD-Win-7,pre_refit,11,B0007,568,76.05828438472663,79.36221
TD-Win-7,pre_refit,11,B0007,572,75.76335089505734,79.191795
TD-Win-7,pre_refit,11,B0007,576,75.75439980355237,78.205025
TD-Win-7,pre_refit,11,B0007,580,75.49812548326929,77.91737
TD-Win-7,pre_refit,11,B0007,584,75.23591897923467,78.76851
TD-Win-7,pre_refit,11,B0007,588,75.24924732301496,78.55313
TD-Win-7,pre_refit,11,B0007,592,74.94444174506414,78.74793
TD-Win-7,pre_refit,11,B0007,596,74.95266425125988,77.93337
TD-Win-7,pre_refit,11,B0007,600,74.69643604452878,78.13566
TD-Win-7,pre_refit,11,B0007,604,74.7051700493532,78.896996
TD-Win-7,pre_refit,11,B0007,608,74.39278959915883,77.45012
TD-Win-7,pre_refit,11,B0007,612,75.52591562947222,81.36596
TD-Win-7,pre_refit,11,B0007,614,76.09264518290325,84.12399
TD-Win-7,refit_on_3,11,B0007,2,100.45351791563915,93.944336
TD-Win-7,refit_on_3,11,B0007,4,99.900254379013,97.36812
TD-Win-7,refit_on_3,11,B0007,6,99.90161660017114,97.475555
TD-Win-7,refit_on_3,11,B0007,8,99.9073657865712,97.418846
TD-Win-7,refit_on_3,11,B0007,10,99.83724531860553,97.25113
TD-Win-7,refit_on_3,11,B0007,12,99.90361817867274,97.35318
TD-Win-7,refit_on_3,11,B0007,14,99.86297576917136,97.43295
TD-Win-7,refit_on_3,11,B0007,16,99.94656396119812,97.88791
TD-Win-7,refit_on_3,11,B0007,18,99.31878532934633,97.61787
TD-Win-7,refit_on_3,11,B0007,20,99.33799331164263,97.480515
TD-Win-7,refit_on_3,11,B0007,22,99.33756087304828,97.433586
TD-Win-7,refit_on_3,11,B0007,25,98.78551523188162,95.50363
TD-Win-7,refit_on_3,11,B0007,27,98.75485184986668,97.416145
TD-Win-7,refit_on_3,11,B0007,29,98.75133536665352,96.521355
TD-Win-7,refit_on_3,11,B0007,31,98.77012942519043,97.27517
TD-Win-7,refit_on_3,11,B0007,33,98.73683812511632,97.27664
TD-Win-7,refit_on_3,11,B0007,35,98.15685575226132,97.345116
TD-Win-7,refit_on_3,11,B0007,37,98.19446503474695,97.22872
TD-Win-7,refit_on_3,11,B0007,39,98.186691403046,96.97301
TD-Win-7,refit_on_3,11,B0007,42,99.90787801510066,100.62865
TD-Win-7,refit_on_3,11,B0007,46,99.94461695603135,100.561615
TD-Win-7,refit_on_3,11,B0007,50,99.92460497901308,99.840775
TD-Win-7,refit_on_3,11,B0007,54,99.38880751306714,100.12521
TD-Win-7,refit_on_3,11,B0007,58,99.34580918956073,99.52236
TD-Win-7,refit_on_3,11,B0007,62,99.37088315432128,100.29248
TD-Win-7,refit_on_3,11,B0007,66,98.78342046080256,100.18559
TD-Win-7,refit_on_3,11,B0007,70,98.8058078187501,99.66116
TD-Win-7,refit_on_3,11,B0007,74,98.75966747373796,99.60263
TD-Win-7,refit_on_3,11,B0007,78,98.1739885027512,99.99837
TD-Win-7,refit_on_3,11,B0007,82,98.23039625446908,99.30126
TD-Win-7,refit_on_3,11,B0007,90,98.95386520139344,97.8799
TD-Win-7,refit_on_3,11,B0007,94,98.38356039411237,97.19682
TD-Win-7,refit_on_3,11,B0007,98,98.11080955264678,96.720634
TD-Win-7,refit_on_3,11,B0007,102,97.57312273601715,97.391655
TD-Win-7,refit_on_3,11,B0007,106,97.5908400366413,97.26922
TD-Win-7,refit_on_3,11,B0007,110,97.29922460125108,96.56504
TD-Win-7,refit_on_3,11,B0007,114,96.74012336609094,96.86219
TD-Win-7,refit_on_3,11,B0007,118,96.49359124138364,96.355804
TD-Win-7,refit_on_3,11,B0007,122,96.22137391342224,96.76236
TD-Win-7,refit_on_3,11,B0007,126,96.233276781278,96.71329
TD-Win-7,refit_on_3,11,B0007,130,95.93841918044076,96.44535
TD-Win-7,refit_on_3,11,B0007,134,96.31819241353496,95.884705
TD-Win-7,refit_on_3,11,B0007,136,95.94953719543624,96.353966
TD-Win-7,refit_on_3,11,B0007,140,95.3953227427902,95.83064
TD-Win-7,refit_on_3,11,B0007,144,94.86699939598208,96.096436
TD-Win-7,refit_on_3,11,B0007,148,94.57173479963342,95.675316
TD-Win-7,refit_on_3,11,B0007,150,96.41760769059738,100.85092
TD-Win-7,refit_on_3,11,B0007,154,96.45090493439226,96.01214
TD-Win-7,refit_on_3,11,B0007,158,95.6297003383392,95.74279
TD-Win-7,refit_on_3,11,B0007,162,95.10935396520227,96.15041
TD-Win-7,refit_on_3,11,B0007,166,94.57259385530976,95.572014
TD-Win-7,refit_on_3,11,B0007,170,94.30623404626093,96.00654
TD-Win-7,refit_on_3,11,B0007,174,94.0371367595855,95.78786
TD-Win-7,refit_on_3,11,B0007,178,93.49626919937222,95.16451
TD-Win-7,refit_on_3,11,B0007,182,92.9420388383138,94.863266
TD-Win-7,refit_on_3,11,B0007,186,92.94217065781828,94.77188
TD-Win-7,refit_on_3,11,B0007,190,92.69668329388116,95.02008
TD-Win-7,refit_on_3,11,B0007,194,92.41073633514534,94.58914
TD-Win-7,refit_on_3,11,B0007,198,91.82208130681248,94.367294
TD-Win-7,refit_on_3,11,B0007,202,91.5743327473832,94.66908
TD-Win-7,refit_on_3,11,B0007,206,91.04730118386937,94.054634
TD-Win-7,refit_on_3,11,B0007,210,91.04684020750553,94.37018
TD-Win-7,refit_on_3,11,B0007,214,90.49873919973382,93.4669
TD-Win-7,refit_on_3,11,B0007,216,90.51794914609178,93.67652
TD-Win-7,refit_on_3,11,B0007,220,89.96325858213598,93.64193
TD-Win-7,refit_on_3,11,B0007,224,89.64911074691454,93.28225
TD-Win-7,refit_on_3,11,B0007,228,89.4056438247883,93.382675
TD-Win-7,refit_on_3,11,B0007,232,89.13221056506995,93.27125
TD-Win-7,refit_on_3,11,B0007,236,88.88142970948275,93.14422
TD-Win-7,refit_on_3,11,B0007,240,88.57496163215028,92.118484
TD-Win-7,refit_on_3,11,B0007,244,88.30030467403411,91.98324
TD-Win-7,refit_on_3,11,B0007,248,88.04309784572763,91.80814
TD-Win-7,refit_on_3,11,B0007,252,87.7835715053401,91.83275
TD-Win-7,refit_on_3,11,B0007,256,87.5009058762453,90.96119
TD-Win-7,refit_on_3,11,B0007,260,86.92700430940862,92.030846
TD-Win-7,refit_on_3,11,B0007,264,86.91859800690037,90.7909
TD-Win-7,refit_on_3,11,B0007,266,87.17696241036246,91.621216
TD-Win-7,refit_on_3,11,B0007,270,86.66971006432802,89.746216
TD-Win-7,refit_on_3,11,B0007,274,86.11955257111292,90.125946
TD-Win-7,refit_on_3,11,B0007,278,85.86532022039283,92.13807
TD-Win-7,refit_on_3,11,B0007,282,85.83324550155743,90.554405
TD-Win-7,refit_on_3,11,B0007,286,85.88108948972226,89.13705
TD-Win-7,refit_on_3,11,B0007,290,85.56987844007078,89.15106
TD-Win-7,refit_on_3,11,B0007,294,85.027771191142,89.59442
TD-Win-7,refit_on_3,11,B0007,298,84.77582688520748,88.25669
TD-Win-7,refit_on_3,11,B0007,302,84.79178974791847,89.29691
TD-Win-7,refit_on_3,11,B0007,306,84.76993385106519,88.38356
TD-Win-7,refit_on_3,11,B0007,310,84.49605927424464,87.53259
TD-Win-7,refit_on_3,11,B0007,313,89.71090998622898,88.49301
TD-Win-7,refit_on_3,11,B0007,316,86.37349719367897,91.37384
TD-Win-7,refit_on_3,11,B0007,320,85.82898928627563,88.9281
TD-Win-7,refit_on_3,11,B0007,324,85.2934976107533,87.96921
TD-Win-7,refit_on_3,11,B0007,328,84.72574724857897,88.60921
TD-Win-7,refit_on_3,11,B0007,332,84.48328177752624,88.15844
TD-Win-7,refit_on_3,11,B0007,336,84.21457006738538,88.12018
TD-Win-7,refit_on_3,11,B0007,340,83.9288888229777,86.94763
TD-Win-7,refit_on_3,11,B0007,344,83.67629222648154,88.26137
TD-Win-7,refit_on_3,11,B0007,348,83.38837618926404,86.44669
TD-Win-7,refit_on_3,11,B0007,352,83.41270816038221,86.7905
TD-Win-7,refit_on_3,11,B0007,356,83.14675201444969,85.8855
TD-Win-7,refit_on_3,11,B0007,360,82.8484308280049,87.1154
TD-Win-7,refit_on_3,11,B0007,364,83.13252526962864,85.75333
TD-Win-7,refit_on_3,11,B0007,367,83.66359396289195,89.80689
TD-Win-7,refit_on_3,11,B0007,371,83.14841165448959,85.96816
TD-Win-7,refit_on_3,11,B0007,375,82.85488835556158,88.194405
TD-Win-7,refit_on_3,11,B0007,379,82.33123711829187,86.29764
TD-Win-7,refit_on_3,11,B0007,383,82.01142381939957,85.6689
TD-Win-7,refit_on_3,11,B0007,387,82.07206587982726,86.848625
TD-Win-7,refit_on_3,11,B0007,391,82.0495038543302,85.15943
TD-Win-7,refit_on_3,11,B0007,395,81.5031419618624,83.650345
TD-Win-7,refit_on_3,11,B0007,399,81.20841503507037,84.00446
TD-Win-7,refit_on_3,11,B0007,403,81.21721340553746,85.452156
TD-Win-7,refit_on_3,11,B0007,407,81.22601148878292,84.50339
TD-Win-7,refit_on_3,11,B0007,411,80.95054391771832,82.834724
TD-Win-7,refit_on_3,11,B0007,415,80.67227833994721,83.265976
TD-Win-7,refit_on_3,11,B0007,419,80.40565013650571,82.81033
TD-Win-7,refit_on_3,11,B0007,423,80.40335490244634,83.946075
TD-Win-7,refit_on_3,11,B0007,427,80.42152437300291,84.4978
TD-Win-7,refit_on_3,11,B0007,431,81.48461605871495,83.702934
TD-Win-7,refit_on_3,11,B0007,433,81.75963969607048,86.39188
TD-Win-7,refit_on_3,11,B0007,437,80.93560989493338,83.195625
TD-Win-7,refit_on_3,11,B0007,441,80.40209515327608,83.461075
TD-Win-7,refit_on_3,11,B0007,445,80.09419697809993,82.18266
TD-Win-7,refit_on_3,11,B0007,449,79.85042691616567,82.17889
TD-Win-7,refit_on_3,11,B0007,453,79.56495728605914,81.761665
TD-Win-7,refit_on_3,11,B0007,457,79.30076147796538,82.08799
TD-Win-7,refit_on_3,11,B0007,461,79.2776995197187,81.1325
TD-Win-7,refit_on_3,11,B0007,465,79.01573008127421,82.960014
TD-Win-7,refit_on_3,11,B0007,469,78.7529099419952,81.44976
TD-Win-7,refit_on_3,11,B0007,473,78.76631135529045,81.30699
TD-Win-7,refit_on_3,11,B0007,477,78.45734950325969,80.942
TD-Win-7,refit_on_3,11,B0007,481,78.71925319505982,83.69427
TD-Win-7,refit_on_3,11,B0007,483,79.58166685963718,81.71067
TD-Win-7,refit_on_3,11,B0007,485,78.72860058663869,80.515015
TD-Win-7,refit_on_3,11,B0007,489,78.46501751785956,80.544044
TD-Win-7,refit_on_3,11,B0007,493,78.19738333514631,80.39101
TD-Win-7,refit_on_3,11,B0007,497,78.20645287101384,81.389084
TD-Win-7,refit_on_3,11,B0007,501,77.92824275772597,80.23624
TD-Win-7,refit_on_3,11,B0007,505,77.6497101362114,79.83833
TD-Win-7,refit_on_3,11,B0007,509,77.38028422735451,80.08005
TD-Win-7,refit_on_3,11,B0007,513,77.09660547904922,79.45727
TD-Win-7,refit_on_3,11,B0007,517,77.11046744203753,80.19501
TD-Win-7,refit_on_3,11,B0007,521,76.85550035450103,78.932526
TD-Win-7,refit_on_3,11,B0007,525,76.85236240084764,79.955055
TD-Win-7,refit_on_3,11,B0007,529,76.56671722215358,78.9474
TD-Win-7,refit_on_3,11,B0007,533,76.29399038621672,78.62259
TD-Win-7,refit_on_3,11,B0007,537,76.32425788720361,79.52931
TD-Win-7,refit_on_3,11,B0007,541,76.29658741049414,79.64489
TD-Win-7,refit_on_3,11,B0007,545,76.59209728582513,76.32534
TD-Win-7,refit_on_3,11,B0007,548,77.93863743061358,79.337654
TD-Win-7,refit_on_3,11,B0007,552,77.12364718084329,79.167366
TD-Win-7,refit_on_3,11,B0007,556,76.8725967441492,79.073395
TD-Win-7,refit_on_3,11,B0007,560,76.58854113704766,80.55351
TD-Win-7,refit_on_3,11,B0007,564,76.04885672654179,78.53214
TD-Win-7,refit_on_3,11,B0007,568,76.05828438472663,78.51558
TD-Win-7,refit_on_3,11,B0007,572,75.76335089505734,78.59908
TD-Win-7,refit_on_3,11,B0007,576,75.75439980355237,77.55218
TD-Win-7,refit_on_3,11,B0007,580,75.49812548326929,77.11498
TD-Win-7,refit_on_3,11,B0007,584,75.23591897923467,78.109634
TD-Win-7,refit_on_3,11,B0007,588,75.24924732301496,77.87917
TD-Win-7,refit_on_3,11,B0007,592,74.94444174506414,77.839485
TD-Win-7,refit_on_3,11,B0007,596,74.95266425125988,77.11113
TD-Win-7,refit_on_3,11,B0007,600,74.69643604452878,77.998955
TD-Win-7,refit_on_3,11,B0007,604,74.7051700493532,77.82474
TD-Win-7,refit_on_3,11,B0007,608,74.39278959915883,76.5558
TD-Win-7,refit_on_3,11,B0007,612,75.52591562947222,81.51227
TD-Win-7,refit_on_3,11,B0007,614,76.09264518290325,83.7644
TD-Win-7,pre_refit,11,B0018,3,100.8025811041783,80.66207
TD-Win-7,pre_refit,11,B0018,7,100.16087022619236,94.42331
TD-Win-7,pre_refit,11,B0018,11,99.96558598273582,92.66507
TD-Win-7,pre_refit,11,B0018,15,99.48041766162956,92.69812
TD-Win-7,pre_refit,11,B0018,18,99.59054502526398,95.6753
TD-Win-7,pre_refit,11,B0018,20,99.36387169185286,90.40726
TD-Win-7,pre_refit,11,B0018,22,98.96567828327716,89.61772
TD-Win-7,pre_refit,11,B0018,24,98.63793870309058,89.44518
TD-Win-7,pre_refit,11,B0018,27,98.04714689052696,89.21831
TD-Win-7,pre_refit,11,B0018,30,99.06887382997856,94.37204
TD-Win-7,pre_refit,11,B0018,32,98.47248926951052,90.55705
TD-Win-7,pre_refit,11,B0018,34,98.068534707018,89.502594
TD-Win-7,pre_refit,11,B0018,36,97.31606084566693,88.808014
TD-Win-7,pre_refit,11,B0018,39,96.91537145663308,88.41643
TD-Win-7,pre_refit,11,B0018,42,96.77777434993364,94.31771
TD-Win-7,pre_refit,11,B0018,44,96.24906078283864,89.924805
TD-Win-7,pre_refit,11,B0018,46,96.10893521170082,88.56921
TD-Win-7,pre_refit,11,B0018,48,95.29382636269746,87.34739
TD-Win-7,pre_refit,11,B0018,51,94.89112029628322,86.47409
TD-Win-7,pre_refit,11,B0018,54,94.42623362260446,90.0455
TD-Win-7,pre_refit,11,B0018,56,94.09214261326034,87.072754
TD-Win-7,pre_refit,11,B0018,58,92.84655809058668,87.2091
TD-Win-7,pre_refit,11,B0018,60,93.00278636580364,86.49157
TD-Win-7,pre_refit,11,B0018,63,92.78717154289568,85.935425
TD-Win-7,pre_refit,11,B0018,66,95.05514633441328,92.79262
TD-Win-7,pre_refit,11,B0018,68,94.16023397654948,88.72249
TD-Win-7,pre_refit,11,B0018,70,93.58756901230694,87.72071
TD-Win-7,pre_refit,11,B0018,72,93.02323711734508,86.67999
TD-Win-7,pre_refit,11,B0018,75,92.33971230163448,85.42999
TD-Win-7,pre_refit,11,B0018,78,92.05544475967478,89.2583
TD-Win-7,pre_refit,11,B0018,80,91.39607597710202,85.90812
TD-Win-7,pre_refit,11,B0018,82,91.12841202900309,85.6386
TD-Win-7,pre_refit,11,B0018,84,90.50598444143154,85.05816
TD-Win-7,pre_refit,11,B0018,87,90.05329919062662,83.66253
TD-Win-7,pre_refit,11,B0018,90,89.56595375021743,86.37423
TD-Win-7,pre_refit,11,B0018,92,89.05221474379236,83.52515
TD-Win-7,pre_refit,11,B0018,94,88.4478648526792,83.57414
TD-Win-7,pre_refit,11,B0018,96,88.14926233550939,83.66605
TD-Win-7,pre_refit,11,B0018,99,87.70654438914323,82.40174
TD-Win-7,pre_refit,11,B0018,102,91.07812245566797,87.49562
TD-Win-7,pre_refit,11,B0018,104,89.62445100410937,84.76303
TD-Win-7,pre_refit,11,B0018,106,88.70513095013024,83.45445
TD-Win-7,pre_refit,11,B0018,108,87.83746900859978,82.78207
TD-Win-7,pre_refit,11,B0018,111,87.53788044222665,81.84186
TD-Win-7,pre_refit,11,B0018,114,86.69891328476463,85.22569
TD-Win-7,pre_refit,11,B0018,119,93.27978546012802,88.47961
TD-Win-7,pre_refit,11,B0018,121,92.1525471966999,87.582825
TD-Win-7,pre_refit,11,B0018,123,91.17195305362098,86.52439
TD-Win-7,pre_refit,11,B0018,125,90.2416573040256,85.819664
TD-Win-7,pre_refit,11,B0018,128,90.55423897233052,90.115265
TD-Win-7,pre_refit,11,B0018,130,89.49039068452917,85.11062
TD-Win-7,pre_refit,11,B0018,132,88.3454487099843,84.79765
TD-Win-7,pre_refit,11,B0018,134,87.60607299731777,83.95502
TD-Win-7,pre_refit,11,B0018,136,87.25714700042141,83.427635
TD-Win-7,pre_refit,11,B0018,143,89.1426764135498,85.49022
TD-Win-7,pre_refit,11,B0018,145,87.66626044455795,83.84379
TD-Win-7,pre_refit,11,B0018,147,86.51592379470374,83.02054
TD-Win-7,pre_refit,11,B0018,150,86.21730704320841,81.63447
TD-Win-7,pre_refit,11,B0018,153,85.8627581657356,84.789986
TD-Win-7,pre_refit,11,B0018,155,84.99855590440428,81.693756
TD-Win-7,pre_refit,11,B0018,157,84.53366840480606,80.922806
TD-Win-7,pre_refit,11,B0018,159,83.69607194854545,80.570076
TD-Win-7,pre_refit,11,B0018,162,83.25899594193369,79.48932
TD-Win-7,pre_refit,11,B0018,165,83.22975722050174,82.223495
TD-Win-7,pre_refit,11,B0018,167,82.72092847997168,79.4895
TD-Win-7,pre_refit,11,B0018,169,81.86598978006339,78.74266
TD-Win-7,pre_refit,11,B0018,171,81.58859278240016,78.73311
TD-Win-7,pre_refit,11,B0018,174,81.31316363799587,78.14498
TD-Win-7,pre_refit,11,B0018,177,83.32773163808899,82.21837
TD-Win-7,pre_refit,11,B0018,179,82.80709531820148,79.587105
TD-Win-7,pre_refit,11,B0018,181,81.57610219236552,78.93956
TD-Win-7,pre_refit,11,B0018,183,81.09929204028072,77.98447
TD-Win-7,pre_refit,11,B0018,185,80.60512587063184,76.928566
TD-Win-7,pre_refit,11,B0018,188,80.4645909654616,80.49863
TD-Win-7,pre_refit,11,B0018,190,80.07171192098461,77.55648
TD-Win-7,pre_refit,11,B0018,192,79.77346222448996,77.1073
TD-Win-7,pre_refit,11,B0018,194,79.23402412051846,76.033394
TD-Win-7,pre_refit,11,B0018,197,78.6783203089025,75.48828
TD-Win-7,pre_refit,11,B0018,200,78.94539372549075,78.38599
TD-Win-7,pre_refit,11,B0018,202,78.38865828037459,75.63154
TD-Win-7,pre_refit,11,B0018,204,78.21127069246836,75.92897
TD-Win-7,pre_refit,11,B0018,206,77.6339684068403,75.43686
TD-Win-7,pre_refit,11,B0018,209,77.43046760934243,74.40524
TD-Win-7,pre_refit,11,B0018,212,79.8708545166814,78.99556
TD-Win-7,pre_refit,11,B0018,214,78.93458463676515,76.58178
TD-Win-7,pre_refit,11,B0018,216,78.40488242765085,75.56371
TD-Win-7,pre_refit,11,B0018,218,77.61921434771055,75.07097
TD-Win-7,pre_refit,11,B0018,220,76.9170609064971,74.33706
TD-Win-7,pre_refit,11,B0018,223,79.04297866359087,78.317764
TD-Win-7,pre_refit,11,B0018,225,77.61605692618127,75.69442
TD-Win-7,pre_refit,11,B0018,227,77.14789574863566,75.42082
TD-Win-7,pre_refit,11,B0018,229,76.92281444261894,74.786865
TD-Win-7,pre_refit,11,B0018,232,76.3858924270674,73.61573
TD-Win-7,pre_refit,11,B0018,235,76.53620320177981,76.906586
TD-Win-7,pre_refit,11,B0018,237,75.9063201738239,74.17522
TD-Win-7,pre_refit,11,B0018,239,75.72766142150313,73.966324
TD-Win-7,pre_refit,11,B0018,241,75.49928800503805,73.67333
TD-Win-7,pre_refit,11,B0018,244,74.9124451895705,72.781906
TD-Win-7,pre_refit,11,B0018,247,75.25674730493446,75.48982
TD-Win-7,pre_refit,11,B0018,249,74.46467849076038,72.80938
TD-Win-7,pre_refit,11,B0018,251,74.62885626516028,73.076294
TD-Win-7,pre_refit,11,B0018,253,74.33553994642665,73.41552
TD-Win-7,pre_refit,11,B0018,256,73.72504079935909,72.712234
TD-Win-7,pre_refit,11,B0018,259,79.36110924975578,78.83684
TD-Win-7,pre_refit,11,B0018,261,78.799706688891,78.03774
TD-Win-7,pre_refit,11,B0018,263,78.14983302548104,76.91472
TD-Win-7,pre_refit,11,B0018,265,77.61878718971624,76.20168
TD-Win-7,pre_refit,11,B0018,267,76.88079746021991,75.08028
TD-Win-7,pre_refit,11,B0018,270,76.8319836786595,78.13322
TD-Win-7,pre_refit,11,B0018,272,76.01926160635412,74.903625
TD-Win-7,pre_refit,11,B0018,274,75.82358510102308,75.42318
TD-Win-7,pre_refit,11,B0018,276,75.53633219814198,76.68737
TD-Win-7,pre_refit,11,B0018,279,75.31793705780649,74.631195
TD-Win-7,pre_refit,11,B0018,282,75.43684114368729,75.65688
TD-Win-7,pre_refit,11,B0018,284,74.7829788363973,72.8974
TD-Win-7,pre_refit,11,B0018,286,74.15991898288928,72.86951
TD-Win-7,pre_refit,11,B0018,288,73.84846878839457,72.67363
TD-Win-7,pre_refit,11,B0018,291,73.15537271331122,72.22435
TD-Win-7,pre_refit,11,B0018,294,77.53589472577204,77.588875
TD-Win-7,pre_refit,11,B0018,296,76.42763235972666,76.26233
TD-Win-7,pre_refit,11,B0018,298,75.72351586777258,75.10868
TD-Win-7,pre_refit,11,B0018,300,75.4386936803776,74.73536
TD-Win-7,pre_refit,11,B0018,302,74.45721490205536,73.75429
TD-Win-7,pre_refit,11,B0018,305,74.97385174402893,76.572426
TD-Win-7,pre_refit,11,B0018,307,74.3741167471391,74.3154
TD-Win-7,pre_refit,11,B0018,309,74.05233968989694,75.632
TD-Win-7,pre_refit,11,B0018,311,74.08863589293038,75.58011
TD-Win-7,pre_refit,11,B0018,314,73.46151441244959,73.554405
TD-Win-7,pre_refit,11,B0018,317,73.62086195282473,74.744736
TD-Win-7,pre_refit,11,B0018,319,72.87391760769836,73.5876
TD-Win-7,refit_on_3,11,B0018,3,100.8025811041783,79.7462
TD-Win-7,refit_on_3,11,B0018,7,100.16087022619236,94.535774
TD-Win-7,refit_on_3,11,B0018,11,99.96558598273582,93.73107
TD-Win-7,refit_on_3,11,B0018,15,99.48041766162956,93.58225
TD-Win-7,refit_on_3,11,B0018,18,99.59054502526398,95.31828
TD-Win-7,refit_on_3,11,B0018,20,99.36387169185286,92.435776
TD-Win-7,refit_on_3,11,B0018,22,98.96567828327716,91.69448
TD-Win-7,refit_on_3,11,B0018,24,98.63793870309058,91.31012
TD-Win-7,refit_on_3,11,B0018,27,98.04714689052696,90.68365
TD-Win-7,refit_on_3,11,B0018,30,99.06887382997856,93.92179
TD-Win-7,refit_on_3,11,B0018,32,98.47248926951052,92.04826
TD-Win-7,refit_on_3,11,B0018,34,98.068534707018,91.26762
TD-Win-7,refit_on_3,11,B0018,36,97.31606084566693,90.59741
TD-Win-7,refit_on_3,11,B0018,39,96.91537145663308,90.05483
TD-Win-7,refit_on_3,11,B0018,42,96.77777434993364,96.51053
TD-Win-7,refit_on_3,11,B0018,44,96.24906078283864,91.5294
TD-Win-7,refit_on_3,11,B0018,46,96.10893521170082,90.33736
TD-Win-7,refit_on_3,11,B0018,48,95.29382636269746,88.82525
TD-Win-7,refit_on_3,11,B0018,51,94.89112029628322,87.74908
TD-Win-7,refit_on_3,11,B0018,54,94.42623362260446,91.22503
TD-Win-7,refit_on_3,11,B0018,56,94.09214261326034,88.589005
TD-Win-7,refit_on_3,11,B0018,58,92.84655809058668,87.407776
TD-Win-7,refit_on_3,11,B0018,60,93.00278636580364,88.02786
TD-Win-7,refit_on_3,11,B0018,63,92.78717154289568,87.49409
TD-Win-7,refit_on_3,11,B0018,66,95.05514633441328,94.3295
TD-Win-7,refit_on_3,11,B0018,68,94.16023397654948,89.66308
TD-Win-7,refit_on_3,11,B0018,70,93.58756901230694,88.984566
TD-Win-7,refit_on_3,11,B0018,72,93.02323711734508,88.25404
TD-Win-7,refit_on_3,11,B0018,75,92.33971230163448,86.6561
TD-Win-7,refit_on_3,11,B0018,78,92.05544475967478,91.87378
TD-Win-7,refit_on_3,11,B0018,80,91.39607597710202,87.33936
TD-Win-7,refit_on_3,11,B0018,82,91.12841202900309,86.44691
TD-Win-7,refit_on_3,11,B0018,84,90.50598444143154,86.28525
TD-Win-7,refit_on_3,11,B0018,87,90.05329919062662,84.9847
TD-Win-7,refit_on_3,11,B0018,90,89.56595375021743,86.901535
TD-Win-7,refit_on_3,11,B0018,92,89.05221474379236,84.550354
TD-Win-7,refit_on_3,11,B0018,94,88.4478648526792,84.690636
TD-Win-7,refit_on_3,11,B0018,96,88.14926233550939,84.709
TD-Win-7,refit_on_3,11,B0018,99,87.70654438914323,83.218
TD-Win-7,refit_on_3,11,B0018,102,91.07812245566797,87.64594
TD-Win-7,refit_on_3,11,B0018,104,89.62445100410937,85.85635
TD-Win-7,refit_on_3,11,B0018,106,88.70513095013024,84.33999
TD-Win-7,refit_on_3,11,B0018,108,87.83746900859978,83.953186
TD-Win-7,refit_on_3,11,B0018,111,87.53788044222665,82.96871
TD-Win-7,refit_on_3,11,B0018,114,86.69891328476463,86.0074
TD-Win-7,refit_on_3,11,B0018,119,93.27978546012802,89.15212
TD-Win-7,refit_on_3,11,B0018,121,92.1525471966999,88.590706
TD-Win-7,refit_on_3,11,B0018,123,91.17195305362098,87.178345
TD-Win-7,refit_on_3,11,B0018,125,90.2416573040256,86.53314
TD-Win-7,refit_on_3,11,B0018,128,90.55423897233052,91.46503
TD-Win-7,refit_on_3,11,B0018,130,89.49039068452917,85.98865
TD-Win-7,refit_on_3,11,B0018,132,88.3454487099843,84.99416
TD-Win-7,refit_on_3,11,B0018,134,87.60607299731777,83.57617
TD-Win-7,refit_on_3,11,B0018,136,87.25714700042141,84.15818
TD-Win-7,refit_on_3,11,B0018,143,89.1426764135498,86.194595
TD-Win-7,refit_on_3,11,B0018,145,87.66626044455795,84.21532
TD-Win-7,refit_on_3,11,B0018,147,86.51592379470374,83.77023
TD-Win-7,refit_on_3,11,B0018,150,86.21730704320841,81.91565
TD-Win-7,refit_on_3,11,B0018,153,85.8627581657356,85.76179
TD-Win-7,refit_on_3,11,B0018,155,84.99855590440428,82.03609
TD-Win-7,refit_on_3,11,B0018,157,84.53366840480606,81.461586
TD-Win-7,refit_on_3,11,B0018,159,83.69607194854545,80.99645
TD-Win-7,refit_on_3,11,B0018,162,83.25899594193369,79.67662
TD-Win-7,refit_on_3,11,B0018,165,83.22975722050174,82.85773
TD-Win-7,refit_on_3,11,B0018,167,82.72092847997168,80.19094
TD-Win-7,refit_on_3,11,B0018,169,81.86598978006339,79.244545
TD-Win-7,refit_on_3,11,B0018,171,81.58859278240016,79.31622
TD-Win-7,refit_on_3,11,B0018,174,81.31316363799587,78.81026
TD-Win-7,refit_on_3,11,B0018,177,83.32773163808899,81.81797
TD-Win-7,refit_on_3,11,B0018,179,82.80709531820148,80.05506
TD-Win-7,refit_on_3,11,B0018,181,81.57610219236552,79.339485
TD-Win-7,refit_on_3,11,B0018,183,81.09929204028072,77.854454
TD-Win-7,refit_on_3,11,B0018,185,80.60512587063184,76.76994
TD-Win-7,refit_on_3,11,B0018,188,80.4645909654616,80.93387
TD-Win-7,refit_on_3,11,B0018,190,80.07171192098461,78.3259
TD-Win-7,refit_on_3,11,B0018,192,79.77346222448996,76.91717
TD-Win-7,refit_on_3,11,B0018,194,79.23402412051846,75.81414
TD-Win-7,refit_on_3,11,B0018,197,78.6783203089025,75.92803
TD-Win-7,refit_on_3,11,B0018,200,78.94539372549075,78.200935
TD-Win-7,refit_on_3,11,B0018,202,78.38865828037459,75.41683
TD-Win-7,refit_on_3,11,B0018,204,78.21127069246836,75.874084
TD-Win-7,refit_on_3,11,B0018,206,77.6339684068403,75.36779
TD-Win-7,refit_on_3,11,B0018,209,77.43046760934243,74.31774
TD-Win-7,refit_on_3,11,B0018,212,79.8708545166814,78.41355
TD-Win-7,refit_on_3,11,B0018,214,78.93458463676515,76.62095
TD-Win-7,refit_on_3,11,B0018,216,78.40488242765085,75.77614
TD-Win-7,refit_on_3,11,B0018,218,77.61921434771055,74.940994
TD-Win-7,refit_on_3,11,B0018,220,76.9170609064971,74.12883
TD-Win-7,refit_on_3,11,B0018,223,79.04297866359087,78.19076
TD-Win-7,refit_on_3,11,B0018,225,77.61605692618127,75.80976
TD-Win-7,refit_on_3,11,B0018,227,77.14789574863566,75.24778
TD-Win-7,refit_on_3,11,B0018,229,76.92281444261894,74.96866
TD-Win-7,refit_on_3,11,B0018,232,76.3858924270674,73.70138
TD-Win-7,refit_on_3,11,B0018,235,76.53620320177981,76.91061
TD-Win-7,refit_on_3,11,B0018,237,75.9063201738239,74.38972
TD-Win-7,refit_on_3,11,B0018,239,75.72766142150313,74.20738
TD-Win-7,refit_on_3,11,B0018,241,75.49928800503805,73.742836
TD-Win-7,refit_on_3,11,B0018,244,74.9124451895705,73.181946
TD-Win-7,refit_on_3,11,B0018,247,75.25674730493446,75.5942
TD-Win-7,refit_on_3,11,B0018,249,74.46467849076038,73.29555
TD-Win-7,refit_on_3,11,B0018,251,74.62885626516028,73.32484
TD-Win-7,refit_on_3,11,B0018,253,74.33553994642665,73.55226
TD-Win-7,refit_on_3,11,B0018,256,73.72504079935909,72.625565
TD-Win-7,refit_on_3,11,B0018,259,79.36110924975578,78.02513
TD-Win-7,refit_on_3,11,B0018,261,78.799706688891,78.17943
TD-Win-7,refit_on_3,11,B0018,263,78.14983302548104,76.90979
TD-Win-7,refit_on_3,11,B0018,265,77.61878718971624,76.04491
TD-Win-7,refit_on_3,11,B0018,267,76.88079746021991,74.787224
TD-Win-7,refit_on_3,11,B0018,270,76.8319836786595,78.21873
TD-Win-7,refit_on_3,11,B0018,272,76.01926160635412,74.87583
TD-Win-7,refit_on_3,11,B0018,274,75.82358510102308,75.23236
TD-Win-7,refit_on_3,11,B0018,276,75.53633219814198,77.005516
TD-Win-7,refit_on_3,11,B0018,279,75.31793705780649,74.82773
TD-Win-7,refit_on_3,11,B0018,282,75.43684114368729,76.03773
TD-Win-7,refit_on_3,11,B0018,284,74.7829788363973,73.46074
TD-Win-7,refit_on_3,11,B0018,286,74.15991898288928,73.18234
TD-Win-7,refit_on_3,11,B0018,288,73.84846878839457,72.737885
TD-Win-7,refit_on_3,11,B0018,291,73.15537271331122,71.970406
TD-Win-7,refit_on_3,11,B0018,294,77.53589472577204,77.03055
TD-Win-7,refit_on_3,11,B0018,296,76.42763235972666,76.21778
TD-Win-7,refit_on_3,11,B0018,298,75.72351586777258,75.306206
TD-Win-7,refit_on_3,11,B0018,300,75.4386936803776,74.58672
TD-Win-7,refit_on_3,11,B0018,302,74.45721490205536,73.85865
TD-Win-7,refit_on_3,11,B0018,305,74.97385174402893,76.40971
TD-Win-7,refit_on_3,11,B0018,307,74.3741167471391,74.641106
TD-Win-7,refit_on_3,11,B0018,309,74.05233968989694,75.92272
TD-Win-7,refit_on_3,11,B0018,311,74.08863589293038,75.98805
TD-Win-7,refit_on_3,11,B0018,314,73.46151441244959,73.75328
TD-Win-7,refit_on_3,11,B0018,317,73.62086195282473,75.33472
TD-Win-7,refit_on_3,11,B0018,319,72.87391760769836,73.83858
