battery,condition,regime,cycle,capacity,has_prev_charge,dis_duration,dis_mean_V,dis_mean_T,dis_V_slope,cc_dur,cv_dur,cv_I_slope,ch_mean_T,t_40_41,ic_peak_V,soh,include_cell
B0005,2A-const-24C,room,2,1.8564874208181574,True,3690.234,3.5298286688693397,32.572328114029,-0.00020571562780700132,607.907,6989.968,-0.0022553150514384177,25.32407901830568,98.25,4.179999999999987,100.80760884947753,True
B0005,2A-const-24C,room,4,1.846327249719927,True,3672.344,3.5373201277859714,32.72523522519307,-0.0002046711068351991,3184.766,7331.234,-0.002649837983383579,26.635622628116085,949.1399999999999,3.9999999999999916,100.25590968770092,True
B0005,2A-const-24C,room,6,1.8353491942234077,True,3651.641,3.5437367282719,32.64286193755933,-0.00020015941349002032,3181.781,7302.7660000000005,-0.0026758447757491742,26.778175507896698,925.547,3.9899999999999918,99.65979925247198,True
B0005,2A-const-24C,room,8,1.8352625275821128,True,3631.563,3.5436661072601456,32.51487646204882,-0.00020513964592992352,3161.234,7236.655999999999,-0.0027043158471694896,26.70320405781683,907.3279999999997,3.979999999999992,99.65509323788875,True
B0005,2A-const-24C,room,10,1.8346455082120419,True,3629.172,3.5423432526672167,32.38234901543077,-0.0002080272378073396,3160.218,7334.985,-0.0026866781236715926,26.617004288392003,900.469,3.9899999999999918,99.62158897246084,True
B0005,2A-const-24C,room,12,1.8356616600675495,True,3652.281,3.5413347346347575,32.43418218230641,-0.0002086421374849974,3161.094,7631.578,-0.0025590915417193186,26.51849450408942,902.4679999999998,3.9899999999999918,99.67676620535399,True
B0005,2A-const-24C,room,14,1.8351461429226603,True,3650.828,3.5410250495075215,32.480416444757985,-0.0002110855176977755,3174.594,7615.3910000000005,-0.0025500923288706147,26.620706323978894,894.8600000000001,3.9899999999999918,99.64877352944656,True
B0005,2A-const-24C,room,16,1.8257567905665537,True,3572.453,3.554133296801584,32.41046186109587,-0.0002054320052375954,3174.734,6952.8279999999995,-0.0028195652550150915,26.737918888901717,897.8119999999999,3.9899999999999918,99.13892996732471,True
B0005,2A-const-24C,room,18,1.8247738529891333,True,3550.594,3.5529355991467955,32.3461408313,-0.00021046263171324288,3158.688,6989.264999999994,-0.002801819093823406,26.74145703066146,876.672,3.9899999999999918,99.0855562758486,True
B0005,2A-const-24C,room,20,1.824613268496936,True,3551.25,3.5512057319376997,32.27679750791685,-0.00021337141064168072,3153.61,7008.483999999999,-0.0027978977976979087,26.7021703105932,877.7030000000002,3.9499999999999926,99.07683650834832,True
B0005,2A-const-24C,room,22,1.8246195526864504,True,3530.25,3.549292319740949,32.15709350345252,-0.00021875031113723558,3151.531,6967.844,-0.0028100511979952778,26.608132946993933,884.75,3.9899999999999918,99.07717774099628,True
B0005,2A-const-24C,room,25,1.8142019357673917,True,3491.016,3.559759220648976,32.36407129853099,-0.0002116788568709329,2871.032,6715.843,-0.0028139001525495358,27.033644494333256,841.7660000000001,3.939999999999993,98.51149922373634,True
B0005,2A-const-24C,room,27,1.8137521577549054,True,3470.281,3.558081969139198,32.3181954403762,-0.0002167899800921197,3128.672,6823.687,-0.0028738145286871116,26.870618187745674,875.3130000000001,3.9899999999999918,98.48707619482518,True
B0005,2A-const-24C,room,29,1.8134404914735822,True,3470.0,3.555692244172496,32.15709029211502,-0.00021884705403229983,3136.8899999999994,7621.141000000003,-0.0025351883151309906,26.738987031481408,865.5,3.9899999999999918,98.47015265835147,True
B0005,2A-const-24C,room,31,1.8025980036306504,True,3450.297,3.562746818017503,32.04407000314609,-0.00021021144219498508,3139.407,6782.343,-0.0028647911080501368,26.692190227813647,874.531,3.9499999999999926,97.88140357167907,True
B0005,2A-const-24C,room,33,1.80210690024615,True,3429.407,3.5614521756489204,31.931593674911532,-0.0002144239670460465,3104.781,6895.469,-0.002835010380889206,26.563313470921162,870.0310000000002,3.9899999999999918,97.8547365674569,True
B0005,2A-const-24C,room,35,1.802579500826209,True,3409.484,3.5603420474985823,31.941655359029298,-0.0002190246922199086,3106.937,6829.094000000001,-0.002840636917026675,26.52595276450022,877.3899999999999,3.9499999999999926,97.88039886599034,True
B0005,2A-const-24C,room,37,1.8030683142834096,True,3390.422,3.5591189041401865,31.965008645476725,-0.00022380769534965686,3108.485,6881.046999999999,-0.0028255960015751017,26.591676949772925,871.344,3.9499999999999926,97.90694152673842,True
B0005,2A-const-24C,room,39,1.8027776247196041,True,3390.281,3.557886771846508,31.966241678512723,-0.0002255692250100287,3105.563,7053.218999999999,-0.002764345068266708,26.645032205307864,870.7810000000002,3.9499999999999926,97.89115702988909,True
B0005,2A-const-24C,room,42,1.8470259949329193,True,3591.734,3.5520375235511907,32.37143341978575,-0.00021049310364493545,3077.312,7212.0,-0.0026698939169009675,25.663244609650953,1013.9369999999999,3.9599999999999924,100.29385168145046,True
B0005,2A-const-24C,room,46,1.847417311283644,True,3552.297,3.5525668436897124,32.70024990461686,-0.00021914606655187215,3242.047,7041.030999999994,-0.0027551745949360605,26.015018000119397,931.2350000000001,3.9499999999999926,100.31510023136138,True
B0005,2A-const-24C,room,50,1.8361774213478947,True,3531.578,3.556794038327039,32.32266411829938,-0.00021260895220771118,3246.828,7034.562,-0.002761726082836581,26.09181445728815,925.3119999999999,3.9499999999999926,99.70477213786164,True
B0005,2A-const-24C,room,54,1.8257807475776242,True,3492.907,3.5614100044534203,31.98795810666763,-0.00020863094257363293,3204.812,6876.985000000001,-0.0028598136499616267,25.709030057450274,929.422,3.9499999999999926,99.14023083743787,True
B0005,2A-const-24C,room,58,1.8251136435078368,True,3511.594,3.5566107947817986,31.894456524691385,-0.00021155193322774823,3178.86,7618.467999999999,-0.0025408548345104264,25.473631563964574,924.0149999999999,3.9899999999999918,99.10400696359154,True
B0005,2A-const-24C,room,62,1.8255815042203762,True,3431.9370000000054,3.5586742170266272,31.78039681801023,-0.0002206940970092614,3170.328,6928.890000000001,-0.002825678700070104,25.427401199812184,932.7969999999998,3.9499999999999926,99.12941188644577,True
B0005,2A-const-24C,room,66,1.8140311275083907,True,3431.125,3.564103182686905,31.688747146342205,-0.0002109602437388581,3172.203,6906.516,-0.002826979058180809,25.37095530984966,915.3129999999999,3.9899999999999918,98.50222430381575,True
B0005,2A-const-24C,room,70,1.8147691941158939,True,3412.406,3.559588063594272,31.596747992569153,-0.0002188312503435962,3137.719,7479.656,-0.0025864114575550653,25.273682170348483,918.1399999999999,3.9499999999999926,98.54230145652883,True
B0005,2A-const-24C,room,74,1.813969388710352,True,3410.688,3.556833231052199,31.565586498787077,-0.0002223983027811727,3138.11,7426.046999999999,-0.002615939816474585,25.188122631656277,925.5930000000001,3.9499999999999926,98.49887187571217,True
B0005,2A-const-24C,room,78,1.802765665167823,True,3410.718,3.5624410850948944,31.59124667045208,-0.00021266944180648213,3138.922,7005.062,-0.0027792303490627827,25.208644345593083,926.6570000000002,3.9499999999999926,97.89050762402485,True
B0005,2A-const-24C,room,82,1.804077040117352,True,3392.719,3.5591407106855666,31.603485399391182,-0.00021976052267317403,3105.203,7685.2499999999945,-0.0025226262651871336,25.22309620072603,920.828,3.9599999999999924,97.96171552529297,True
B0005,2A-const-24C,room,86,1.8518025516704486,True,3470.672,3.5573161327793144,31.91556385491565,-0.0002097087606715225,0.0,1674.484,-8.252188126612227e-05,23.904181418379917,0.0,,100.55321959197042,True
B0005,2A-const-24C,room,90,1.8307038456739428,True,3414.109,3.561870782772737,32.081128118597164,-0.00021187840662207917,3159.312,6954.344000000001,-0.00042345215533198116,25.487835720020833,916.953,3.9599999999999924,99.40755597072781,True
B0005,2A-const-24C,room,94,1.8199041089501267,True,3395.219,3.5617586337260088,31.849792632896243,-0.0002114353728366786,3126.687,7011.2029999999995,-0.0004164416526542053,25.536147530542536,910.344,3.9499999999999926,98.82112827769663,True
B0005,2A-const-24C,room,98,1.8093079637028517,True,3386.0,3.5597307651083123,31.465690433362017,-0.0002103001823671242,3087.422,7564.234999999999,-0.00037466570335915607,25.116393283510156,910.578,3.9499999999999926,98.24575563933595,True
B0005,2A-const-24C,room,102,1.80460990458052,True,3368.187,3.5575937553540915,31.40934895665031,-0.00021491314900434468,3055.578,6976.907000000001,-0.0004226658983337318,24.93654575305907,910.578,3.9899999999999918,97.99065016377769,True
B0005,2A-const-24C,room,106,1.7993770651972192,True,3368.266,3.5597237883937995,31.902247475518077,-0.0002127787936007342,3040.64,7533.657000000001,-0.0003787837572887482,25.09997200587896,915.1249999999998,3.9499999999999926,97.7065060215613,True
B0005,2A-const-24C,room,110,1.7884432335370462,True,3358.719,3.559061771422033,31.649024294808623,-0.00021069178887799414,3028.875,7432.860000000001,-0.00038632607131100304,25.238210571113736,905.0619999999999,3.9499999999999926,97.1127969487904,True
B0005,2A-const-24C,room,114,1.7829230484252723,True,3339.5,3.557015527748059,31.48874626238971,-0.00021401042757883943,2992.468,7000.5940000000055,-0.0004248023899712989,25.076721129383717,909.953,3.9499999999999926,96.81304988059904,True
B0005,2A-const-24C,room,118,1.7730337158018288,True,3331.265,3.5562481933590964,31.329995610092634,-0.00021192446493173696,2972.672,7629.609,-0.00037376377705585086,24.785407292651822,904.3590000000002,3.9599999999999924,96.27605729788219,True
B0005,2A-const-24C,room,122,1.773037755078937,True,3321.188,3.5532756526091784,31.569551201845574,-0.00021811262968822633,2940.266,7727.7029999999995,-0.00036872336869963804,24.684734315899224,906.75,3.9599999999999924,96.27627663137305,True
B0005,2A-const-24C,room,126,1.7678721106662054,True,3321.844,3.556266431640255,32.111426258867944,-0.00021542913744698134,2944.781,7560.000000000001,-0.000380425665244083,25.22288378016189,901.8749999999998,3.9599999999999924,95.99578118843348,True
B0005,2A-const-24C,room,130,1.7623150704093087,True,3311.828,3.5563095420140822,32.271676011112376,-0.00021633024542923332,2935.953,7310.828000000001,-0.0003999197578251916,25.651300573733486,894.656,3.9999999999999916,95.69403287907453,True
B0005,2A-const-24C,room,134,1.7676172924938447,True,3327.391,3.558950851054106,31.842291659678658,-0.0002181591991884513,2917.359,7248.859999999997,-0.0004052529346153925,25.56869332326285,891.797,3.9499999999999926,95.98194451474585,True
B0005,2A-const-24C,room,136,1.762668359743147,True,3312.078,3.5534418211598053,31.759815453754253,-0.000217249893117236,2939.75,7865.1720000000005,-0.0003575776207735932,25.077792180591818,932.875,3.9599999999999924,95.7132165549653,True
B0005,2A-const-24C,room,140,1.7517304870664143,True,3293.172,3.5510121537420285,31.41911167391793,-0.00021737459883308823,2908.61,7850.375,-0.0003599650644917583,24.88199584693937,895.0310000000002,3.9599999999999924,95.11928805425102,True
B0005,2A-const-24C,room,144,1.7418496047960008,True,3275.328,3.551317608213948,31.331626572312267,-0.0002167521942338049,2874.812,7442.7029999999995,-0.0003919729429882712,24.755786611089874,900.2649999999999,3.9599999999999924,94.58275432725995,True
B0005,2A-const-24C,room,148,1.7360913511847138,True,3265.016,3.549003180550162,31.35934131425137,-0.0002191526095683876,2846.594,7959.14,-0.00035460452523707417,24.655846530387144,895.1410000000001,3.9599999999999924,94.27008009570126,True
B0005,2A-const-24C,room,150,1.7936240148573608,True,3328.937,3.5597648340955175,34.31088483888259,-0.00021982300833640414,2867.203,7079.188,-0.0004184562450341925,25.34567237446073,951.7030000000002,3.9599999999999924,97.39411432859943,True
B0005,2A-const-24C,room,154,1.7831890223273275,True,3329.266,3.5623454342368555,33.43585640373788,-0.00021659164855181932,3098.391,6965.156000000001,-0.00041451395675245274,27.394756753879477,874.6100000000001,3.9499999999999926,96.82749231246358,True
B0005,2A-const-24C,room,158,1.7673642076278957,True,3301.579,3.558336657621618,32.66698125020078,-0.00021754317431043263,3021.36,7354.812,-0.00038610153422281916,26.62662742896046,882.672,3.9499999999999926,95.96820195991556,True
B0005,2A-const-24C,room,162,1.7570177850353066,True,3283.563,3.554013138622869,32.28423408691397,-0.0002210326060044438,2962.327999999994,6794.531000000003,-0.0004377973569888033,26.046549681443857,885.2969999999941,3.9899999999999918,95.40638930769438,True
B0005,2A-const-24C,room,166,1.7468706179837907,True,3275.125,3.552376095886298,32.00739178780946,-0.00021962784270627666,2924.437,7686.469000000001,-0.00036679556263792296,25.581948046823246,888.2339999999999,3.9499999999999926,94.85539626804926,True
B0005,2A-const-24C,room,170,1.7417172507457144,True,3265.656,3.549618661283733,32.06387071886056,-0.0002234955900198549,2886.281,7091.797,-0.0004151867787017308,25.49138644694599,887.9369999999999,3.9599999999999924,94.5755674779545,True
B0005,2A-const-24C,room,174,1.7364225056478186,True,3266.093,3.54938103086703,32.43754560319043,-0.0002235709685507252,2870.5,7376.484,-0.00039324737717434346,25.701157771778043,885.3899999999999,3.9899999999999918,94.28806184403474,True
B0005,2A-const-24C,room,178,1.7263217239235826,True,3257.594,3.5472118680418956,32.16809876635083,-0.00022314819040895816,2849.297,7587.75,-0.00037762286187789586,25.613934369346374,882.1869999999999,3.9599999999999924,93.73958753620344,True
B0005,2A-const-24C,room,182,1.7158065389330133,True,3248.593,3.5467052098640246,32.05752645824972,-0.00022087792755773604,2814.547000000006,7991.280999999988,-0.0003516018868272678,25.46355915016756,882.6410000000033,3.9599999999999924,93.1686110546919,True
B0005,2A-const-24C,room,186,1.710533351135192,True,3238.766,3.544629653883431,31.975920928072714,-0.00022296214279915783,2785.828,8019.5470000000005,-0.000349829436184882,25.33969655722996,881.797,3.9599999999999924,92.88227598613628,True
B0005,2A-const-24C,room,190,1.706014499648521,True,3240.14,3.5436291614253204,32.21689335291319,-0.00022307120371372233,2761.39,7924.578000000001,-0.00035734972582699575,25.31525129117544,882.3589999999999,3.9999999999999916,92.63690151819807,True
B0005,2A-const-24C,room,194,1.7003110272642588,True,3230.109,3.5444946147995258,32.55632993697177,-0.00022383010883145885,2753.453,7835.187,-0.00036379632316579615,25.828563716440225,874.203,3.9599999999999924,92.32720191735558,True
B0005,2A-const-24C,room,198,1.6945798601797895,True,3229.7810000000027,3.5409201846556857,32.40048085325998,-0.00022532807885027883,2732.781,8003.312999999999,-0.0003532734672047299,25.734607118644377,871.531,3.9599999999999924,92.01599848919146,True
B0005,2A-const-24C,room,202,1.6849029086609286,True,3212.469,3.541195668799061,32.29371860868794,-0.00022454274699533806,2710.578,7080.281000000001,-0.00042377712280030824,25.76108296721704,873.281,3.9899999999999918,91.49053823956652,True
B0005,2A-const-24C,room,206,1.6744741591159717,True,3213.219,3.540671044783382,32.136071448067796,-0.00022011291903611642,2682.39,7591.969000000001,-0.0003824495699021196,25.571090931927195,866.8130000000001,3.9899999999999918,90.92425521867006,True
B0005,2A-const-24C,room,210,1.6745692479879102,True,3203.578,3.5376048790268775,32.38268549723498,-0.00022621246082349836,2644.235,8066.8279999999995,-0.0003518780399360161,25.430453941726714,870.125,3.9999999999999916,90.92941856192832,True
B0005,2A-const-24C,room,214,1.663716375981405,True,3195.125,3.538422485261741,32.30899951427637,-0.00022351347217329599,2649.531,8156.4839999999995,-0.00034526749065762105,25.88337057270213,863.9999999999998,3.979999999999992,90.34010561326149,True
B0005,2A-const-24C,room,216,1.659013868748246,True,3195.3129999999946,3.53928626988912,32.56636929496716,-0.0002222581650824148,2632.781,7848.2660000000005,-0.00036688045811486075,25.87474661521862,857.6239999999998,3.9599999999999924,90.08475860446613,True
B0005,2A-const-24C,room,220,1.6538540573335014,True,3186.297,3.533690170241391,32.46542951751835,-0.00022665355715911152,2591.766,7561.594000000001,-0.00038900200809549606,25.80758127668049,857.0310000000002,3.9599999999999924,89.80457989439148,True
B0005,2A-const-24C,room,224,1.642653782130131,True,3176.438,3.534367734544495,32.347056454418095,-0.00022238778551809542,2574.234,8088.234,-0.0003529993431025271,25.5954074570814,859.922,3.9999999999999916,89.19640288815553,True
B0005,2A-const-24C,room,228,1.6378578430223698,True,3167.593,3.5312941932103548,32.371538940646154,-0.00022566052630153372,2541.594,7953.031,-0.00036345040125605553,25.55053773186138,857.4680000000001,3.9999999999999916,88.93598251136244,True
B0005,2A-const-24C,room,232,1.6327350407099108,True,3167.719,3.5309134771684274,32.45549347979197,-0.00022458101326109387,2526.031,7941.719,-0.0003641804594053752,25.612623072192534,852.3910000000001,3.9999999999999916,88.65781340235766,True
B0005,2A-const-24C,room,236,1.6277528915533617,True,3159.077999999994,3.5287226893409893,32.50017194695606,-0.00022738228921203812,2507.0,7397.406000000001,-0.0004024756482164933,25.748665763785176,847.1100000000001,3.9999999999999916,88.38728178562211,True
B0005,2A-const-24C,room,240,1.622125485521159,True,3148.829,3.52625493581969,32.50100298369444,-0.00022924823541035382,2487.25,8318.406,-0.00034122598034322247,25.6042633567313,846.6719999999998,3.9999999999999916,88.08171260170516,True
B0005,2A-const-24C,room,244,1.6113256603765849,True,3149.094,3.528684324337005,32.4728927422438,-0.00022174501776232479,2469.125,8308.203,-0.00034194374710093465,25.594290723516522,847.031,3.969999999999992,87.49528010741055,True
B0005,2A-const-24C,room,248,1.6065631397488385,True,3140.547,3.525556939424901,32.50480154634882,-0.00022503112837981502,2436.016,8309.844000000001,-0.0003431442811159856,25.571898601563962,844.1870000000001,3.9999999999999916,87.23667436023675,True
B0005,2A-const-24C,room,252,1.6015142233917594,True,3131.625,3.5226805646793737,32.51218336210202,-0.00022804489670213504,2420.594,8386.187000000002,-0.0003388350664586584,25.578913233960286,839.593,3.9999999999999916,86.96251727221626,True
B0005,2A-const-24C,room,256,1.590369231400328,True,3121.907,3.524673458789008,32.45692821941515,-0.00022277724621778201,2399.594,8406.999999999996,-0.00033803673929207466,25.533341503049385,834.8910000000001,4.009999999999991,86.35734215456982,True
B0005,2A-const-24C,room,260,1.5857889968242211,True,3122.125,3.5213155754526824,32.447059186431154,-0.00022430452679140435,2367.532,8062.015,-0.00035906704527564984,25.528501101408498,833.219,3.9999999999999916,86.10863457357067,True
B0005,2A-const-24C,room,264,1.5849430707374117,True,3121.672,3.51803386486462,32.32889654966259,-0.00022675221246082705,2347.047,8460.046999999999,-0.0003357516054947534,25.343485567182306,827.2819999999999,3.9999999999999916,86.06270063126738,True
B0005,2A-const-24C,room,266,1.5955263892495937,True,3120.86,3.5236841955396794,32.84488475360107,-0.00022850952269741346,2329.312,8389.704,-0.00034161714593000946,25.74425872850638,853.25,3.9999999999999916,86.63737677555027,True
B0005,2A-const-24C,room,270,1.5747301747801037,True,3103.828,3.519146638240668,32.31731555011648,-0.0002242687155634685,2365.359,8441.078000000005,-0.00033789761367979647,25.595338590346493,831.938,4.009999999999991,85.50813849993281,True
B0005,2A-const-24C,room,274,1.5649019950937946,True,3095.094,3.516233648608237,32.06376130177751,-0.00022308648245827586,2304.312,8500.953,-0.0003355900542409489,25.09978697110705,827.2649999999999,4.009999999999991,84.97446653296457,True
B0005,2A-const-24C,room,278,1.5597659473370362,True,3095.781,3.514773138461639,32.21997626855924,-0.00022302801677794075,2270.75,7937.312,-0.00037055532649865906,25.10980717855015,824.141,4.009999999999991,84.695578193895,True
B0005,2A-const-24C,room,282,1.5594815668184234,True,3094.328,3.5132992979150073,32.7120225448885,-0.00022663514561641442,2259.844,8547.375,-0.0003330050120708914,25.371319727334306,817.844,4.019999999999991,84.68013627936153,True
B0005,2A-const-24C,room,286,1.55468935359061,True,3086.531,3.514484830704665,32.945022147355694,-0.0002265515624298342,2268.281,8537.625,-0.00033239259527035323,25.937420351426873,814.656,4.009999999999991,84.41991821853577,True
B0005,2A-const-24C,room,290,1.5488741079890418,True,3085.625,3.5109677353595243,32.857549597381336,-0.0002272956432742538,2250.625,8405.312000000005,-0.0003402182991452081,25.854633339319907,808.547,4.009999999999991,84.1041493114089,True
B0005,2A-const-24C,room,294,1.538236598942558,True,3067.203,3.5109358749578012,32.629663328789654,-0.0002256440366908019,2228.984,7888.188,-0.0003726064878786194,25.787542115810904,802.2969999999999,3.9999999999999916,83.52653061113344,True
B0005,2A-const-24C,room,298,1.527914258251028,True,3058.157,3.509393098217416,32.379859014262976,-0.00022218846277233397,2189.235,8616.625,-0.000330409152481265,25.344864067680145,797.093,3.9999999999999916,82.9660256105748,True
B0005,2A-const-24C,room,302,1.5285252629756445,True,3058.812,3.5066782411556563,32.68215852457039,-0.00022620665615894452,2162.875,8643.453,-0.00032939997115335296,25.2776605000605,796.5000000000001,4.009999999999991,82.99920327964685,True
B0005,2A-const-24C,room,306,1.522647325284378,True,3058.578,3.5109885623008092,32.99387423636739,-0.00022078222609377788,2172.828,8572.0,-0.00033139148297392984,25.790973204291312,794.906,4.009999999999991,82.6800301805037,True
B0005,2A-const-24C,room,310,1.5174859938489869,True,3049.328,3.510305462695178,33.04539707211165,-0.0002213099668569501,2157.781,8647.016000000007,-0.00032734820814959927,25.936121509912226,791.406,4.009999999999991,82.39976893302801,True
B0005,2A-const-24C,room,313,1.605818899130659,True,3177.219,3.5222215314850214,32.856295641052824,-0.00022635051763084558,2157.781,8647.016000000007,-0.00032734820814959927,25.936121509912226,791.406,4.009999999999991,87.19626195760691,True
B0005,2A-const-24C,room,316,1.5638491446744425,True,3082.937,3.5163492154331264,33.33950238056361,-0.00023450708358051462,2236.016,8566.562,-0.00033171252422295336,25.891013405303514,842.4530000000001,4.009999999999991,84.9172965612961,True
B0005,2A-const-24C,room,320,1.5480915247767786,True,3074.266,3.5134397623234963,33.35156485472646,-0.00023133354285516004,2297.531,8246.921999999995,-0.0003475321441526602,26.42800153627129,808.5630000000001,3.9999999999999916,84.06165489885899,True
B0005,2A-const-24C,room,324,1.5323755631868592,True,3066.0,3.515137522009075,33.147486361012966,-0.0002224770974531782,2246.781,8454.344000000001,-0.00033680482586909486,26.21556986443908,804.0160000000001,4.009999999999991,83.20827529020437,True
B0005,2A-const-24C,room,328,1.5269528268489705,True,3056.437,3.50830390643132,33.007275861749356,-0.00022830238218618932,2200.703,8605.11,-0.00032873186229463,25.960695609651008,800.6560000000001,4.009999999999991,82.91381970838157,True
B0005,2A-const-24C,room,332,1.5169573017136326,True,3048.219,3.509190808443004,32.91990812745461,-0.00022373720664706036,2180.0,8513.438,-0.0003342822538737753,25.838168915840225,794.8909999999998,3.9999999999999916,82.37106085271196,True
B0005,2A-const-24C,room,336,1.5118975960142693,True,3039.218,3.5068097579555353,32.99903328622305,-0.00022591093744202877,2150.219,8558.187000000002,-0.0003323142519621271,25.811823765569297,789.781,4.019999999999991,82.09631790141843,True
B0005,2A-const-24C,room,340,1.5065638960681105,True,3039.047,3.50609090727422,33.03772281691292,-0.00022409309542022304,2132.562,8672.735000000006,-0.0003265724843848758,25.866599042915986,787.1560000000001,4.009999999999991,81.8066970120639,True
B0005,2A-const-24C,room,344,1.5015453526671363,True,3030.375,3.5037157727265953,33.07740307192613,-0.0002264533457521776,2115.406,8248.204000000002,-0.000351186906836678,25.932238529516265,784.2970000000001,4.009999999999991,81.53418918115354,True
B0005,2A-const-24C,room,348,1.4908444050400238,True,3021.0,3.5067479961367156,33.05467981523988,-0.00021935916908619505,2099.829,8705.265,-0.0003250614465118245,25.8627841242131,781.7189999999999,4.019999999999991,80.95312575426682,True
B0005,2A-const-24C,room,352,1.485868384561201,True,3021.75,3.5058813026542324,33.11570360624461,-0.00021779053792104385,2077.64,8727.86,-0.0003227358727180253,25.876664410701412,774.781,4.009999999999991,80.68292692586049,True
B0005,2A-const-24C,room,356,1.480413677976106,True,3012.265,3.504168333530808,33.12942148982364,-0.00021896655299440192,2056.828,8750.016,-0.00032281205354584225,25.90081245653995,768.984,4.019999999999991,80.38673535372659,True
B0005,2A-const-24C,room,360,1.4752095869031632,True,3002.641,3.5030568931470634,33.130681310493344,-0.00021968372081362486,2042.281,8325.625000000004,-0.0003465813421317596,25.961139619102717,764.75,4.019999999999991,80.10415225005704,True
B0005,2A-const-24C,room,364,1.4859035988304024,True,3012.0,3.4982324882487936,33.20069210329718,-0.00022576694632904512,2022.89,8783.829,-0.0003211550236365077,25.847581583069786,764.8429999999998,4.019999999999991,80.68483906716334,True
B0005,2A-const-24C,room,367,1.4960918298136696,True,3020.11,3.5065859365661325,33.78697527817091,-0.00022839690734330597,2021.828,8021.344000000001,-0.0003701933247916893,26.343040591685405,801.6249999999999,4.009999999999991,81.23806188586506,True
B0005,2A-const-24C,room,371,1.4808005946928984,True,3002.172000000006,3.501457140697961,33.673365085761986,-0.000227373008446899,2084.906,8484.905999999999,-0.0003370395331160227,26.57680877670008,770.907,4.009999999999991,80.40774500270473,True
B0005,2A-const-24C,room,375,1.4697543268466824,True,2992.703,3.501658387162809,33.535818118317145,-0.00022304526255990755,2045.406,7871.797,-0.0003744122785511994,26.497126053434993,761.4689999999999,4.019999999999991,79.80793062432497,True
B0005,2A-const-24C,room,379,1.4539012274845928,True,2964.468,3.4966186408455298,33.32269982188509,-0.0002237367374799434,2011.11,8306.296,-0.0003511708316471827,26.23246228056812,759.578,4.009999999999991,78.9471044093856,True
B0005,2A-const-24C,room,383,1.4541462067235693,True,2983.375,3.4991645719433246,33.346230327490304,-0.00021717148831738926,1987.047,8819.062,-0.0003203435704088934,26.000979471677365,757.0,4.019999999999991,78.9604068271785,True
B0005,2A-const-24C,room,387,1.455023751906683,True,2975.297,3.496080777360074,33.64948900485925,-0.00022494477276335337,1967.562,8074.359,-0.0003624337649441679,26.304406677546186,754.703,4.019999999999991,79.00805769223425,True
B0005,2A-const-24C,room,391,1.449042163761236,True,2974.9850000000006,3.4959014526387993,33.79269513542102,-0.0002223778067628034,1970.109,8749.172,-0.0003241861756381989,26.488314685413716,752.25,4.009999999999991,78.68325635434037,True
B0005,2A-const-24C,room,395,1.4386709371480566,True,2966.25,3.49758697990267,33.52446663707275,-0.0002152661398384986,1956.985,8847.733999999999,-0.00031795335775805625,26.360634597576503,743.953,4.019999999999991,78.1200968392331,True
B0005,2A-const-24C,room,399,1.433445432156979,True,2956.359,3.4956989619989507,33.39042251934235,-0.00021582640398252743,1918.672,8887.015,-0.00031720057001421835,26.01371119236736,742.0160000000001,4.019999999999991,77.83635095586514,True
B0005,2A-const-24C,room,403,1.4333958900838095,True,2956.344,3.492875380810072,33.67370212742761,-0.00022047047437554786,1903.453,8107.953000000001,-0.0003617600712448323,26.297723923750286,739.1870000000001,4.019999999999991,77.83366081216815,True
B0005,2A-const-24C,room,407,1.42806487344776,True,2956.406,3.49551076423368,33.91080564765892,-0.00021562519993627877,1906.531,8900.094000000001,-0.0003162355995880386,26.460055536819574,734.203,4.019999999999991,77.54418562704673,True
B0005,2A-const-24C,room,411,1.4229203181741186,True,2947.266,3.4942333590450834,33.7850680599871,-0.0002157352527781541,1896.219,8909.344000000001,-0.00031582993691158987,26.522125341707824,731.5150000000001,4.019999999999991,77.26483532824362,True
B0005,2A-const-24C,room,415,1.417429032731308,True,2937.984,3.491197414255986,33.61126807392732,-0.0002169538286479988,1876.484,8930.734999999999,-0.0003150780003165096,26.304507189511508,731.469,4.0299999999999905,76.96665751739924,True
B0005,2A-const-24C,room,419,1.412409228794446,True,2929.125,3.4889094081576237,33.45598581472246,-0.00021731890155366536,1856.625,8948.922,-0.00031479633428695077,26.033862750089828,726.36,4.009999999999991,76.69408123915802,True
B0005,2A-const-24C,room,423,1.412578792940193,True,2928.454,3.487376295811431,33.723267448788484,-0.00022077881922408763,1842.812,8667.641,-0.00032947095873743276,26.173877726061654,726.1719999999999,4.019999999999991,76.70328860349977,True
B0005,2A-const-24C,room,427,1.4075983731469897,True,2929.375,3.491994243745711,34.050076369857344,-0.00021479788877245838,1846.719,8356.062000000002,-0.00034698589486706485,26.58087845459433,719.7189999999999,4.019999999999991,76.43285089151239,True
B0005,2A-const-24C,room,431,1.4333920485221476,True,2946.031,3.491585878898649,33.889346908026745,-0.00022294784220800888,1840.109,8300.749999999996,-0.00034911440716295345,26.844678208638005,718.5320000000002,4.019999999999991,77.83345221466243,True
B0005,2A-const-24C,room,433,1.4382550176792908,True,2955.438,3.495576227046425,34.067648550088656,-0.00022627402694708714,1919.047,8421.625,-0.00034282277558372995,26.650851656256684,762.047,4.019999999999991,78.09751233548153,True
B0005,2A-const-24C,room,437,1.4173547174485526,True,2937.625,3.4938988589692483,33.75168100943646,-0.00021647839845029282,1922.578,8777.484999999995,-0.0003217430374573174,26.644530238931335,734.2029999999999,4.019999999999991,76.96262218385938,True
B0005,2A-const-24C,room,441,1.406981663677643,True,2929.078,3.49159162968384,33.46482299584788,-0.00021309771014022918,1864.578,8764.36,-0.00032347196977953004,26.22137188976638,725.8130000000001,4.019999999999991,76.3993634537509,True
B0005,2A-const-24C,room,445,1.4012037783587625,True,2918.375,3.4885729299834787,33.40210697922146,-0.00021456427692690194,1829.547,8977.562,-0.000313527246549701,25.981908446070978,723.063,4.019999999999991,76.08562321685439,True
B0005,2A-const-24C,room,449,1.3967008232726328,True,2919.812,3.4869021151089825,33.410688917712235,-0.00021303163696015587,1812.422,8910.092999999999,-0.00031716459782308307,25.957258610228184,721.0,4.019999999999991,75.84111192639314,True
B0005,2A-const-24C,room,453,1.391284788852726,True,2900.422,3.4855485210036417,33.38984948261314,-0.0002158024280271446,1798.547,8974.421999999999,-0.000313322891756876,25.910664889466272,716.9999999999999,4.0299999999999905,75.547020259951,True
B0005,2A-const-24C,room,457,1.3862287677978349,True,2901.375,3.4838912547260388,33.3700433438796,-0.0002139738083948234,1782.702999999994,8963.016000000003,-0.00031541779171751546,25.915316403584885,708.86,4.03999999999999,75.2724773855309,True
B0005,2A-const-24C,room,461,1.3804366761974138,True,2901.187,3.483198941484065,33.27215987470977,-0.00021047879422334993,1767.922,9039.171999999999,-0.0003117310000137483,25.80295172183165,709.1249999999999,4.0299999999999905,74.95796574493046,True
B0005,2A-const-24C,room,465,1.3752364150256224,True,2891.64,3.4836274447098883,33.222444215660225,-0.00020933348661796342,1748.672,8364.969,-0.0003482317281291252,25.798431586046714,704.641,4.03999999999999,74.67559060559876,True
B0005,2A-const-24C,room,469,1.3705128024895008,True,2882.906,3.480172442538601,33.26207748383125,-0.00021156254409564727,1732.828,8852.984,-0.000322702818541134,25.716243739071537,701.2970000000001,4.0299999999999905,74.41909757496569,True
B0005,2A-const-24C,room,473,1.3705085566270399,True,2883.265,3.478452148610975,33.312029905516525,-0.0002137268927792774,1725.906,9080.655999999999,-0.0003098727721418261,25.721597233349875,698.828,4.03999999999999,74.41886702385212,True
B0005,2A-const-24C,room,477,1.3647355108681518,True,2882.969,3.4785782556105507,33.25287943255863,-0.00020970821664327812,1714.327999999994,9090.953000000009,-0.00031044044588755386,25.681959267638916,696.7350000000006,4.0299999999999905,74.10538957595449,True
B0005,2A-const-24C,room,481,1.375392016895762,True,2891.656,3.4825195584604582,33.745054045019884,-0.00021113607160202155,1700.235,9033.155999999999,-0.00031291885992481476,25.624925482393323,693.375,4.0299999999999905,74.68403981580369,True
B0005,2A-const-24C,room,483,1.3861115151535393,True,2901.25,3.4886823636752826,33.88841975386692,-0.00021458277884614708,1712.844,9092.703000000001,-0.0003111820810849707,26.214209031070983,734.4850000000001,4.0299999999999905,75.26611054535188,True
B0005,2A-const-24C,room,485,1.3698500035838939,True,2891.703,3.4858502383832755,33.7353756996425,-0.00020778993700844707,1795.219,8956.047000000002,-0.0003124319090090597,26.418135656045987,688.781,4.0299999999999905,74.38310747232721,True
B0005,2A-const-24C,room,489,1.3647827949260758,True,2883.016,3.478794177297151,33.59131052719714,-0.0002116647701332445,1723.781,9081.844000000001,-0.00030965519457590524,26.041050682309145,698.406,4.03999999999999,74.10795710900781,True
B0005,2A-const-24C,room,493,1.3543220466259964,True,2873.453,3.4812826020756744,33.32366688599416,-0.00020317715267453442,1703.234,9103.438,-0.00030934745295080817,25.78429991090836,691.688,4.03999999999999,73.53993654981517,True
B0005,2A-const-24C,room,497,1.3546417018378962,True,2874.031,3.480352041587074,33.691961507697364,-0.00020623205362129348,1677.265,8825.188,-0.0003240724108559298,25.89460433493637,688.5620000000001,4.0299999999999905,73.55729388669047,True
B0005,2A-const-24C,room,501,1.3547039213192407,True,2874.234,3.4781127815565127,33.887639684793655,-0.00020974102382319778,1685.547,9003.671999999999,-0.00031422647164218605,26.21291162607548,691.578,4.04999999999999,73.56067241598609,True
B0005,2A-const-24C,room,505,1.349314997503458,True,2864.984,3.4765867130506125,33.67308060941856,-0.00020903151890054957,1681.86,8754.593999999997,-0.00032682394341694847,26.189195744166067,686.1410000000001,4.019999999999991,73.2680528603407,True
B0005,2A-const-24C,room,509,1.3441891937970554,True,2855.093,3.4733769291841643,33.411988203265814,-0.00020946157310010305,1657.61,8535.64,-0.0003393083583133146,25.925635492800915,681.1879999999999,4.03999999999999,72.98972077509204,True
B0005,2A-const-24C,room,513,1.3389913790695755,True,2855.625,3.4726366397371127,33.29926524979532,-0.00020524657861862797,1637.609,9096.094,-0.00031028675931702473,25.56161801380306,678.406,4.0299999999999905,72.707478478137,True
B0005,2A-const-24C,room,517,1.3389145230206971,True,2855.594,3.473439372740961,33.59980731390034,-0.00020631308649792337,1625.656,9022.155999999999,-0.00031428700522611366,25.662187990962515,674.3589999999999,4.04999999999999,72.70330518052876,True
B0005,2A-const-24C,room,521,1.3340066759761655,True,2847.437,3.4754777099091454,33.61961195858585,-0.0002038667279177073,1631.844,8989.391,-0.000315670027885572,25.980230716549915,673.797,4.0299999999999905,72.43680818215955,True
B0005,2A-const-24C,room,525,1.3286444309174914,True,2847.36,3.4722884821666766,33.3945201718652,-0.0002018778895702687,1614.969,8354.608999999993,-0.0003512620327215945,25.8806869522218,671.11,4.0299999999999905,72.14563728793844,True
B0005,2A-const-24C,room,529,1.3231708992276219,True,2837.328,3.471373665098864,33.16734508187535,-0.00019968180428218466,1597.141,8903.953,-0.0003212335622097324,25.489728914515275,669.156,4.04999999999999,71.84842350914839,True
B0005,2A-const-24C,room,533,1.3181691588445197,True,2837.281,3.4726160162875095,33.10962161613893,-0.00019442963876452606,1574.016,8996.719000000001,-0.000316986845818733,25.273691508203626,665.8119999999999,4.04999999999999,71.57682808520298,True
B0005,2A-const-24C,room,537,1.3184664436640334,True,2838.515,3.4738146874457896,33.46501751186519,-0.00019547875523643178,1566.515,9238.25,-0.00030484100632862375,25.44947305264886,660.9060000000001,4.03999999999999,71.5929707056519,True
B0005,2A-const-24C,room,541,1.318293040102702,True,2828.328,3.4701426486639693,33.4426191014044,-0.00020201758477631608,1572.343,8465.157,-0.00034463783832077967,25.781794240772307,659.125,4.03999999999999,71.58355486033682,True
B0005,2A-const-24C,room,545,1.323872422244268,True,2838.265,3.467523652225441,33.037928170775885,-0.00019787819067509742,1567.406,8987.719000000001,-0.0003174650914173957,25.68864253357384,658.9060000000001,4.04999999999999,71.88651633814789,True
B0005,2A-const-24C,room,548,1.3601216766554785,True,2864.547,3.4767525840839255,33.4949493613756,-0.00021783321171662748,1508.687,9298.641,-0.0003081984181510211,25.5473433758295,696.5,4.05999999999999,73.85485752850192,True
B0005,2A-const-24C,room,552,1.3395306867947354,True,2846.39,3.4758956827369127,33.491363029025784,-0.0002073300571590367,1682.922,9107.140999999994,-0.0003094236233343974,25.858105200686058,689.0,4.04999999999999,72.73676298693451,True
B0005,2A-const-24C,room,556,1.3290286565120697,True,2837.969,3.475812179626641,33.329808599922345,-0.00020143351612144958,1636.797,8937.844,-0.0003188315845988541,25.762271564177254,681.0,4.04999999999999,72.16650080848476,True
B0005,2A-const-24C,room,560,1.3236741274998955,True,2838.156,3.4746554404904435,33.27302769298771,-0.0001984277419870579,1604.64,8469.469000000001,-0.00034440428595921847,25.665322106933754,673.2500000000001,4.03999999999999,71.87574889700961,True
B0005,2A-const-24C,room,564,1.318633896753293,True,2829.843,3.472301781313945,33.229879126701434,-0.00019888252954725966,1582.5,8840.547,-0.00032575297369839357,25.533014977562825,668.968,4.04999999999999,71.60206343923758,True
B0005,2A-const-24C,room,568,1.3134751321324272,True,2829.625,3.4729305773503527,33.20860833999321,-0.00019415787260636057,1569.328,8964.718,-0.0003194747847378982,25.460985558962392,666.546,4.03999999999999,71.32194157026335,True
B0005,2A-const-24C,room,572,1.3132020634442203,True,2819.437,3.4696192030612285,33.236115055926255,-0.000200378379820525,1554.922,8711.890000000005,-0.0003325759924037804,25.497401087996412,664.078,4.04999999999999,71.30711389020415,True
B0005,2A-const-24C,room,576,1.3077959946944353,True,2819.579,3.470018470757559,33.18660088296571,-0.000195645889385657,1551.266,9016.843,-0.00031660328624353115,25.448154568524693,659.0160000000001,4.03999999999999,71.01356336148496,True
B0005,2A-const-24C,room,580,1.3030329186405918,True,2810.672,3.470762691935287,33.174058099115534,-0.0001935174380226771,1535.344,9263.0,-0.0003053102086102116,25.331277760037743,656.3589999999999,4.04999999999999,70.7549274545718,True
B0005,2A-const-24C,room,584,1.3033573559038205,True,2811.485,3.468111467035994,33.253984518546055,-0.00019677883766085273,1527.641,8751.406,-0.0003311196080571503,25.474169291837303,653.64,4.04999999999999,70.77254445771494,True
B0005,2A-const-24C,room,588,1.3034100438655642,True,2802.422,3.4648625780221494,33.3198093248819,-0.00020298135550458993,1524.843,8774.546999999999,-0.00033018986561040247,25.517578140682183,648.9060000000001,4.03999999999999,70.77540542374088,True
B0005,2A-const-24C,room,592,1.2978870806495706,True,2801.625,3.467864133752208,33.33765795318198,-0.0001962376910943144,1524.0,9019.077999999994,-0.00031748393968844443,25.507755071863212,651.5619999999999,4.04999999999999,70.47550750397875,True
B0005,2A-const-24C,room,596,1.2980735056918902,True,2802.031,3.464021404592563,33.29076744042025,-0.00019957712390227634,1511.75,8918.359,-0.00032186882686965543,25.501142838576612,646.75,4.05999999999999,70.48563041810957,True
B0005,2A-const-24C,room,600,1.293463613844243,True,2793.39,3.4664623858156745,33.27568841807217,-0.000196390234391145,1508.094,8646.0,-0.0003343220274088411,25.47614046458346,643.75,4.05999999999999,70.23531244180397,True
B0005,2A-const-24C,room,604,1.288003392619118,True,2793.39,3.46850906693551,33.32067807371405,-0.00019072371946040354,1493.234,8823.672,-0.0003280699270630665,25.50648704649774,643.703,4.04999999999999,69.93882142370083,True
B0005,2A-const-24C,room,608,1.2874525221379407,True,2792.485,3.466806213058136,33.37314972896719,-0.00019245595356829256,1485.609,9085.780999999999,-0.00031376604329474853,25.517452651606238,639.282,4.04999999999999,69.90890905512214,True
B0005,2A-const-24C,room,612,1.3090153642307354,True,2802.016,3.471070722008039,33.71351889594897,-0.00020453938533129636,1483.953,8408.422,-0.00035035177164871584,25.664855251476258,638.969,4.03999999999999,71.07977535187062,True
B0005,2A-const-24C,room,614,1.3250793286429356,True,2820.39,3.475472204020004,33.86531768239223,-0.00021386520472302067,1528.359,8683.875,-0.00033630651576339394,25.433646971948875,681.344,4.04999999999999,71.95205157786484,True
B0006,2A-const-24C,room,2,2.035337591005598,True,3690.234,3.556946061827572,32.142777859921516,-0.00019272621162863155,707.422,6890.4529999999995,-0.002308609327492039,25.318868966701046,131.219,4.179999999999987,100.88297108833628,True
B0006,2A-const-24C,room,4,2.0251402460314116,True,3672.344,3.56147580138708,32.29307515705474,-0.00019488165629509078,3535.141,6980.859,-0.0029233670579690294,27.09775038276125,1054.687,3.9899999999999918,100.3775323528878,True
B0006,2A-const-24C,room,6,2.013326371345464,True,3651.641,3.5667524696413215,32.24414709253608,-0.00019197162830618216,3531.422,6953.125,-0.002940937385371622,27.243309503530377,1023.203,3.9899999999999918,99.79196916000497,True
B0006,2A-const-24C,room,8,2.0132846655407413,True,3631.563,3.5687953371516272,32.14711742429942,-0.0001917602183546998,3509.859,6888.030999999999,-0.0029321624226104023,27.173138796303842,998.6869999999999,3.9899999999999918,99.78990198180779,True
B0006,2A-const-24C,room,10,2.000528337624771,True,3629.172,3.563970503289941,32.06687277315468,-0.00019884765167654304,3470.312,7024.891,-0.0028810863624537776,27.058181783567154,1005.1249999999998,3.9899999999999918,99.15762541696314,True
B0006,2A-const-24C,room,12,2.0138990759931645,True,3652.281,3.5735512387791406,32.03447836207717,-0.00019444608910862806,3472.344,7320.328,-0.002721415239153678,27.010664589975644,995.3910000000001,3.9899999999999918,99.82035567763795,True
B0006,2A-const-24C,room,14,2.013101105626967,True,3650.828,3.5711391343785897,32.11157496697372,-0.0001997289861937367,3437.266,7352.719000000001,-0.002708710729401113,27.092063790042364,982.1090000000002,3.9899999999999918,99.78080370270357,True
B0006,2A-const-24C,room,16,1.9687898262728398,True,3572.453,3.5681507462163036,32.112576242471775,-0.0001976954754066079,3436.515,6691.0470000000005,-0.003037739004053923,27.295000789108386,983.2189999999998,3.9899999999999918,97.58448328208922,True
B0006,2A-const-24C,room,18,1.9681661764334244,True,3550.594,3.5692834155812436,32.03566207329278,-0.00019676967241699458,3418.688,6729.264999999994,-0.0030150849634369118,27.231094729512908,969.4070000000002,3.9899999999999918,97.55357162939976,True
B0006,2A-const-24C,room,20,1.9572307917560536,True,3551.25,3.563388513484579,31.99527968872302,-0.00020546391318383668,3388.75,6773.343999999999,-0.0029794656253726453,27.153987730434693,956.0,3.9899999999999918,97.01155142541876,True
B0006,2A-const-24C,room,22,1.9455991514129352,True,3530.25,3.566658719765511,31.874127571841353,-0.00020129847758937,3373.937,6745.438,-0.00298805814026233,27.145539720170813,970.172,3.9899999999999918,96.43502080876318,True
B0006,2A-const-24C,room,25,1.9347505044841131,True,3491.016,3.5687035970122842,32.120959708576166,-0.00020192392542515633,2741.313,6845.562,-0.0028194707982718103,27.100618830315568,867.6880000000001,3.979999999999992,95.89729982365269,True
B0006,2A-const-24C,room,27,1.9232799539368028,True,3470.281,3.569207084156356,32.11021168908644,-0.000201691493359852,3289.219,6663.14,-0.0029999139319598113,27.346430051525438,949.047,3.9899999999999918,95.32875373854853,True
B0006,2A-const-24C,room,29,1.911889930948487,True,3470.0,3.5659271296109383,31.989061278918154,-0.00020631830569429663,3263.2339999999967,7494.797000000006,-0.0026378599204810184,27.13044941257913,943.9850000000001,3.9899999999999918,94.76419905980451,True
B0006,2A-const-24C,room,31,1.9010667141979305,True,3450.297,3.5612417270649486,31.878814448635442,-0.0002126171994523169,3242.0,6679.75,-0.0029940989298215697,27.16494621497475,949.5,3.9899999999999918,94.22773853976385,True
B0006,2A-const-24C,room,33,1.8891989948061458,True,3429.407,3.557881987836072,31.767450711024402,-0.0002157769825972558,3229.438,6770.812,-0.0029706623160576425,27.122265060515833,962.2350000000001,3.9899999999999918,93.63950649532234,True
B0006,2A-const-24C,room,35,1.878278372248849,True,3409.484,3.56282437243777,31.78991634963658,-0.00021008814897891027,3197.656,6738.375000000001,-0.0029590549823125295,27.091186922536306,982.078,3.9999999999999916,93.09821798643664,True
B0006,2A-const-24C,room,37,1.8675697161520206,True,3390.422,3.5591953280168633,31.82883467218067,-0.00021494802384317184,3153.141,6836.391,-0.0029311588642321755,27.064754224863968,952.8120000000001,3.9899999999999918,92.56743574756612,True
B0006,2A-const-24C,room,39,1.8675892574453767,True,3390.281,3.5580906165580983,31.890449470827843,-0.00021559116256322116,3138.969,7019.812999999999,-0.002815035313332014,27.096833265509154,956.953,3.9999999999999916,92.56840432582135,True
B0006,2A-const-24C,room,42,1.979626548250818,True,3591.734,3.565899462157853,31.51177053595285,-0.00020109777889252818,3110.172,7179.139999999999,-0.0028385150477652147,25.621036972906786,1084.953,3.9999999999999916,98.12161319843719,True
B0006,2A-const-24C,room,46,1.9575499080884022,True,3552.297,3.570814209348872,31.874488497680712,-0.00019808289233600403,3444.25,6838.827999999994,-0.0030081109467517213,26.018916084630686,1020.672,3.9899999999999918,97.0273686558735,True
B0006,2A-const-24C,room,50,1.9458150170787551,True,3531.578,3.5666817833633124,31.53911453638972,-0.00020376540766359796,3388.703,6892.687,-0.0029547009385083416,26.11363000720855,1011.8600000000001,3.9899999999999918,96.4457203456951,True
B0006,2A-const-24C,room,54,1.9242461121680094,True,3492.907,3.5668392745025836,31.220866832188786,-0.00020289627292489906,3333.141,6748.656000000001,-0.0030234731764883825,25.760828939548123,1011.1100000000001,3.9999999999999916,95.3766420659377,True
B0006,2A-const-24C,room,58,1.9459811331421641,True,3511.594,3.571051969392875,31.119005145018026,-0.00020389728649706276,3270.828,7526.5,-0.0026613348820348046,25.50924394673222,1007.422,3.9999999999999916,96.45395400781398,True
B0006,2A-const-24C,room,62,1.901407930553079,True,3431.9370000000054,3.5666308474029793,31.033244078156734,-0.000203666225974059,3215.515,6883.703000000001,-0.0029403155904958334,25.50074158941563,1006.6249999999998,3.9999999999999916,94.2446511737384,True
B0006,2A-const-24C,room,66,1.878674213680085,True,3431.125,3.5527392240854914,31.001249222460967,-0.00021879787342258386,3172.203,6906.516,-0.0029531411186823914,25.44745403999636,1006.5,3.9999999999999916,93.11783815158242,True
B0006,2A-const-24C,room,70,1.8683061328264219,True,3412.406,3.5560959755046615,30.921434744041356,-0.00021463834295031999,3160.063,7457.312,-0.0026675044088997194,25.351655963419258,1010.203,3.9999999999999916,92.60393676951006,True
B0006,2A-const-24C,room,74,1.8560244070082998,True,3410.688,3.5504500858303394,30.929360248207214,-0.00021970567618997806,3104.922,7459.234999999999,-0.0026757242344097065,25.2638879248557,1016.469,3.9999999999999916,91.99518419888008,True
B0006,2A-const-24C,room,78,1.8451997961855777,True,3410.718,3.546007083640312,31.00810965793079,-0.0002193192908970189,3072.578,7071.406000000001,-0.0028619553462512267,25.323443940163475,1007.953,4.009999999999991,91.45865458065019,True
B0006,2A-const-24C,room,82,1.857228890885317,True,3392.719,3.554257954720065,30.96779499306422,-0.0002227739496773449,3028.938,7761.514999999994,-0.002555839623322023,25.304305905815063,1004.875,4.009999999999991,92.05488530825792,True
B0006,2A-const-24C,room,86,1.9247760889090635,True,3470.672,3.555857469677978,31.10097217303459,-0.00020283423803868557,0.0,1674.484,-0.00035325463128841364,23.82084266180423,0.0,,95.40291074415673,True
B0006,2A-const-24C,room,90,1.8822317526092551,True,3414.109,3.5537306734803207,31.307368922041046,-0.00020923022480263492,3149.234,6964.4220000000005,-0.00044155340298810997,25.536564067789637,1012.203,3.9999999999999916,93.2941701264465,True
B0006,2A-const-24C,room,94,1.855276687885587,True,3395.219,3.5452650003621513,31.131339987164562,-0.00021718089566224704,3068.89,7069.0,-0.00043178097455590526,25.56741667631952,995.4839999999999,3.9999999999999916,91.95812296295924,True
B0006,2A-const-24C,room,98,1.8392508917181876,True,3386.0,3.538408778928339,30.828713779105055,-0.00022215457828878994,3006.36,7645.296999999999,-0.000384475670380558,25.15735403314838,995.4680000000001,4.009999999999991,91.16379285351309,True
B0006,2A-const-24C,room,102,1.8185396073994429,True,3368.187,3.5297688311332673,30.761533072057244,-0.0002292644947103676,2951.657,7080.828,-0.000435101062080257,24.989538945227892,998.6399999999999,4.009999999999991,90.13722315502001,True
B0006,2A-const-24C,room,106,1.8134770059567056,True,3368.266,3.5300676840423306,31.30305692941581,-0.0002304772117719636,2918.531,7655.7660000000005,-0.00038518886668617315,25.180745399490828,990.219,4.009999999999991,89.88629167454403,True
B0006,2A-const-24C,room,110,1.7971018450305436,True,3358.719,3.5248882875629555,31.06432144678013,-0.00023214342664818898,2888.891,7572.844000000001,-0.00039071357294885687,25.292235216630523,982.625,3.9999999999999916,89.07464504963957,True
B0006,2A-const-24C,room,114,1.7810046294120476,True,3339.5,3.5190926887152725,30.96654665282149,-0.0002357980821885039,2841.828,7151.234000000006,-0.00042779020170592903,25.12354763553037,982.9999999999998,4.009999999999991,88.27677498374987,True
B0006,2A-const-24C,room,118,1.7710130422682329,True,3331.265,3.5151810230271,30.826455697992966,-0.00023790841882841734,2804.406,7797.875000000001,-0.00037591639908390265,24.845898768603192,982.4070000000002,4.009999999999991,87.78153478310186,True
B0006,2A-const-24C,room,122,1.7604712448170943,True,3321.188,3.514029112834162,31.080769482413952,-0.0002379789954728544,2759.141,7908.8279999999995,-0.00036987487808467595,24.745480280733183,974.906,4.019999999999991,87.25902301297488,True
B0006,2A-const-24C,room,126,1.7502913788006587,True,3321.844,3.514139684003936,31.694287817425337,-0.00023652274390289664,2737.75,7767.031000000001,-0.0003798412411613414,25.29969472858799,969.4069999999999,4.019999999999991,86.75445063463452,True
B0006,2A-const-24C,room,130,1.7394925037732578,True,3311.828,3.509578354212467,31.875581783696685,-0.00024062711728395592,2718.625,7528.156000000001,-0.00039707580900546146,25.719099276376973,959.828,4.019999999999991,86.21919662960356,True
B0006,2A-const-24C,room,134,1.7546766553637203,True,3327.391,3.5110708693292705,31.543288143901563,-0.0002441979016278087,2684.891,7481.327999999998,-0.0004025827621946282,25.607949607087512,957.4209999999998,4.009999999999991,86.97181002045863,True
B0006,2A-const-24C,room,136,1.7659390941842175,True,3312.078,3.5159179315855056,31.420983409991024,-0.00023892844934612272,2689.031,8115.8910000000005,-0.0003646363064175539,25.15239521946869,1035.312,4.009999999999991,87.5300408981928,True
B0006,2A-const-24C,room,140,1.7337887419624838,True,3293.172,3.50585340727078,31.15837149963786,-0.00023937152455644762,2712.36,8046.625,-0.0003636103699288348,24.956784398728235,969.8910000000001,4.019999999999991,85.93648557449708,True
B0006,2A-const-24C,room,144,1.713325912040734,True,3275.328,3.5010379345914444,31.15661421699882,-0.00024003058946240398,2639.656,7677.8589999999995,-0.0003903241391850189,24.845753514136497,956.094,4.019999999999991,84.92223069682763,True
B0006,2A-const-24C,room,148,1.7024077813673466,True,3265.016,3.497407662636496,31.206611383963253,-0.00024176153660194667,2590.75,8214.984,-0.0003520208556378658,24.759253545817227,945.703,4.019999999999991,84.38106569995955,True
B0006,2A-const-24C,room,150,1.82371946178183,True,3328.937,3.5388872766749144,33.61169282822636,-0.00021997160264608338,2595.735,7350.655999999999,-0.000427280548038382,25.385815273810298,1021.719,4.009999999999991,90.39396636175357,True
B0006,2A-const-24C,room,154,1.8081284050314708,True,3329.266,3.5327430295356828,32.85630077141311,-0.00023012901653620093,2999.125,7064.4220000000005,-0.00043150825603603833,27.380478585615847,980.4380000000001,3.9999999999999916,89.6211844240869,True
B0006,2A-const-24C,room,158,1.7757610945034283,True,3301.579,3.521214759733266,32.210981559158874,-0.00023689029849871377,2870.844,7505.328,-0.0003981863408040673,26.646363956512182,975.922,4.009999999999991,88.01687540594786,True
B0006,2A-const-24C,room,162,1.7447409841836798,True,3283.563,3.5093111439506677,31.965090081650274,-0.0002417824907650588,2770.7660000000033,6986.0929999999935,-0.0004494550940422368,26.100358589607755,978.3749999999968,4.009999999999991,86.4793413347582,True
B0006,2A-const-24C,room,166,1.729207034132373,True,3275.125,3.50716091973708,31.744801840189538,-0.0002392642144288073,2702.328,7908.578000000001,-0.00037154818477543196,25.649456483530546,970.8749999999998,4.009999999999991,85.7093899316893,True
B0006,2A-const-24C,room,170,1.7081086552553244,True,3265.656,3.500928918686389,31.876564068962466,-0.00024024428575194836,2638.313,7339.764999999999,-0.00041581694412510373,25.59348533692894,955.75,4.009999999999991,84.66363361309625,True
B0006,2A-const-24C,room,174,1.6975954237461768,True,3266.093,3.4973019898820894,32.24289319481841,-0.00024199627312175247,2599.156,7647.828,-0.0003910216589233758,25.80802143843077,940.5,4.019999999999991,84.1425377344227,True
B0006,2A-const-24C,room,178,1.6820634524029463,True,3257.594,3.4929038301187156,32.07305565938816,-0.00024094041221371152,2557.625,7879.4220000000005,-0.00037500954561222265,25.690981294880917,937.5470000000001,4.009999999999991,83.37268440744229,True
B0006,2A-const-24C,room,182,1.6714768322295086,True,3248.593,3.488659224822318,32.030140929891196,-0.0002420804645275545,2509.9689999999973,8295.858999999997,-0.00034721160915437337,25.577958645380264,925.0309999999973,4.019999999999991,82.8479509668574,True
B0006,2A-const-24C,room,186,1.6607591387047655,True,3238.766,3.4822930804774015,31.984935871368258,-0.00024557708592711983,2465.562,8339.813,-0.00034648760847264383,25.46098104903186,912.782,4.0299999999999905,82.31672078137447,True
B0006,2A-const-24C,room,190,1.651121015038069,True,3240.14,3.477575664197982,32.23677365476226,-0.000246427671376994,2433.437,8252.531,-0.00035272528773106377,25.436993851892336,907.922,4.0299999999999905,81.83900025210701,True
B0006,2A-const-24C,room,194,1.6401349256190927,True,3230.109,3.4787436506489255,32.56097148037261,-0.00024349336067953358,2413.062,8175.5779999999995,-0.00035858537444771906,25.938054463156547,899.8750000000001,4.0299999999999905,81.29446683115205,True
B0006,2A-const-24C,room,198,1.6291999416165441,True,3229.7810000000027,3.4740152461288862,32.48984985901219,-0.00024228801086543207,2377.265,8358.829,-0.00034786189223564565,25.848663621482324,892.844,4.0299999999999905,80.75246648690671,True
B0006,2A-const-24C,room,202,1.6088496302961666,True,3212.469,3.4718387718772696,32.42612199208859,-0.00023670752083690164,2339.266,7451.593000000001,-0.00041529496900179463,25.889479643087075,880.86,4.0299999999999905,79.74378867461418,True
B0006,2A-const-24C,room,206,1.6035244898969248,True,3213.219,3.463180130644551,32.29984271249387,-0.00024225912730416023,2295.672,7978.687,-0.0003766713089143741,25.70387833670803,867.641,4.019999999999991,79.47984426199581,True
B0006,2A-const-24C,room,210,1.5989712144027983,True,3203.578,3.463469391967206,32.610757585145336,-0.00024153034538768945,2260.156,8450.907,-0.000346848865252768,25.559248674341752,864.5000000000001,4.03999999999999,79.2541578883637,True
B0006,2A-const-24C,room,214,1.5876273123575604,True,3195.125,3.46021805164007,32.25699351958767,-0.00024032504147579892,2247.078,8558.937,-0.00033970113494941154,26.033525396777186,854.25,4.03999999999999,78.69188922732391,True
B0006,2A-const-24C,room,216,1.5829719744686166,True,3195.3129999999946,3.462574876665621,32.47193402838835,-0.0002383005374759884,2225.219,8255.828000000001,-0.00036065340461617157,25.992986590762236,840.172,4.0299999999999905,78.46114405771068,True
B0006,2A-const-24C,room,220,1.567137636713563,True,3186.297,3.4537077937586056,32.40219271195366,-0.000237075033509691,2176.797,7976.563,-0.0003817305509731898,25.919135612812614,835.2660000000001,4.0299999999999905,77.67630372212942,True
B0006,2A-const-24C,room,224,1.5613446139713882,True,3176.438,3.4514035349888337,32.30987415652578,-0.00023721969074226029,2141.546,8520.922,-0.00034766163506591856,25.692906565192622,829.6569999999999,4.03999999999999,77.38916838478022,True
B0006,2A-const-24C,room,228,1.5511711892790419,True,3167.593,3.450781146333252,32.35440526839345,-0.0002328177121109761,2106.485,8388.14,-0.000357460935885911,25.652455059158342,819.0,4.04999999999999,76.8849152752996,True
B0006,2A-const-24C,room,232,1.5406741606295171,True,3167.719,3.446105572450592,32.4731363791227,-0.0002346890084073711,2077.719,8390.030999999999,-0.00035880482280072816,25.71736135777053,811.9219999999999,4.03999999999999,76.364622503013,True
B0006,2A-const-24C,room,236,1.5253138744624433,True,3159.077999999994,3.4418152533277144,32.52334649341759,-0.00023153082440664904,2053.672,7850.734,-0.00040333568963396923,25.864876174531357,809.532,4.04999999999999,75.60327887522892,True
B0006,2A-const-24C,room,240,1.5301570318067428,True,3148.829,3.445008015985666,32.518264823491045,-0.00022901862110186422,2028.5,8777.156,-0.00033842103722560556,25.698809219589723,796.6249999999999,4.03999999999999,75.84333345118743,True
B0006,2A-const-24C,room,244,1.5246566834474087,True,3149.094,3.441164687975023,32.5437072434024,-0.0002293492061687615,1995.109,8782.219,-0.00033862651001653884,25.687446717455636,788.5779999999999,4.04999999999999,75.57070473005409,True
B0006,2A-const-24C,room,248,1.5145492986655427,True,3140.547,3.443620591429828,32.562223096007365,-0.0002210832508792632,1966.907,8778.953000000001,-0.0003409369500560247,25.675400345041066,780.75,4.05999999999999,75.06972493621856,True
B0006,2A-const-24C,room,252,1.509391504602082,True,3131.625,3.439943269617906,32.58978020040808,-0.00022320965096187673,1936.109,8870.672,-0.0003369577599846718,25.668763538927504,774.3280000000001,4.04999999999999,74.81407516505377,True
B0006,2A-const-24C,room,256,1.5039974333050705,True,3121.907,3.43602719305159,32.57089563557426,-0.00022520631889363775,1910.828,8895.765999999998,-0.0003372807011751092,25.633776388554608,767.203,4.05999999999999,74.54671414292673,True
B0006,2A-const-24C,room,260,1.4935201918040188,True,3122.125,3.436309312279291,32.537854347094196,-0.00021738937688807247,1885.657,8543.890000000001,-0.00035988151432192564,25.625938785360578,759.2180000000001,4.05999999999999,74.02740213488097,True
B0006,2A-const-24C,room,264,1.4876323024497422,True,3121.672,3.430470227771154,32.65645090520509,-0.00022016540598133043,1860.375,8946.719,-0.00033627437423764864,25.457904643596315,751.531,4.05999999999999,73.73556466569468,True
B0006,2A-const-24C,room,266,1.5302876214401704,True,3120.86,3.4417311090871063,33.180785234653264,-0.00023940965710273886,1729.922,8989.094,-0.0003476808794056421,25.836963360909557,791.9380000000001,4.04999999999999,75.84980622026109,True
B0006,2A-const-24C,room,270,1.5040760088360112,True,3103.828,3.4355429213552537,32.71220835503141,-0.00022523068173982324,1929.937,8876.500000000005,-0.0003449009213459632,25.705316618203263,779.078,4.03999999999999,74.55060879561293,True
B0006,2A-const-24C,room,274,1.4887593608730894,True,3095.094,3.4272336842373576,32.543943889007906,-0.00022717731845042766,1846.062,8959.203,-0.000341406191140522,25.199061438892777,754.6090000000002,4.04999999999999,73.79142812679315,True
B0006,2A-const-24C,room,278,1.4782779285546637,True,3095.781,3.4307536518687556,32.6655410721976,-0.00021308889957958585,1805.015,8403.047,-0.0003778565101974422,25.244891582118854,742.047,4.06999999999999,73.27190839787109,True
B0006,2A-const-24C,room,282,1.478459982215684,True,3094.328,3.430880434209888,33.160922870564626,-0.00021512352670335346,1780.594,9026.625,-0.0003395561504292563,25.478299525410506,734.281,4.05999999999999,73.28093201847457,True
B0006,2A-const-24C,room,286,1.473214844899973,True,3086.531,3.431984614031654,33.414445545408455,-0.00021430011382284276,1779.234,9026.672,-0.00033933954336059466,26.03924515455654,732.8589999999999,4.179999999999987,73.02095301621294,True
B0006,2A-const-24C,room,290,1.4675164935067897,True,3085.625,3.426913589626702,33.3541679486525,-0.00021451288169778724,1758.172,8897.765000000005,-0.00034714576021046216,25.97604259369371,726.656,4.04999999999999,72.73851013234439,True
B0006,2A-const-24C,room,294,1.4516292657521335,True,3067.203,3.4220422356705154,33.13634596100404,-0.00021503341506494322,1732.14,8385.032000000001,-0.0003811373946047937,25.919206758618333,716.281,4.05999999999999,71.95104826590536,True
B0006,2A-const-24C,room,298,1.4519237720967177,True,3058.157,3.4202687142856667,32.92241762841388,-0.00021260879079497874,1696.907,9108.953000000001,-0.000338203178714023,25.445615862630408,698.64,4.05999999999999,71.96564568462219,True
B0006,2A-const-24C,room,302,1.4471484694777745,True,3058.812,3.4248208106770663,33.20338483123576,-0.00020497752573170983,1665.843,9140.484999999999,-0.00033823234899265676,25.395678108430275,690.922,4.079999999999989,71.72895437691295,True
B0006,2A-const-24C,room,306,1.4468538105659885,True,3058.578,3.4234990883192666,33.533950654066935,-0.00020830221817434144,1663.078,9081.75,-0.0003416694470915032,25.907732220074237,697.328,4.05999999999999,71.71434939609306,True
B0006,2A-const-24C,room,310,1.4416741930284678,True,3049.328,3.4247420964314874,33.5767934055627,-0.00020553832429027246,1660.547,9144.250000000005,-0.0003382406352111082,26.05226931839347,691.0459999999998,4.05999999999999,71.45761792874559,True
B0006,2A-const-24C,room,313,1.5935866593100128,True,3177.219,3.450702139255875,33.224088400657315,-0.0002357602538791793,1660.547,9144.250000000005,-0.0003382406352111082,26.05226931839347,691.0459999999998,4.05999999999999,78.98726854374118,True
B0006,2A-const-24C,room,316,1.5463902376915637,True,3082.937,3.4480475429907522,33.37083344726966,-0.00024004846204481823,1772.656,9029.921999999999,-0.00034750071980647255,25.93431372564645,812.297,4.05999999999999,76.64794397240337,True
B0006,2A-const-24C,room,320,1.51470559175661,True,3074.266,3.4399481891896455,33.43366634309322,-0.0002314627287779738,1941.109,8603.343999999994,-0.0003663867292662166,26.51775579342402,790.7810000000001,4.04999999999999,75.07747171565069,True
B0006,2A-const-24C,room,324,1.4989786083335404,True,3066.0,3.434112914501242,33.28676739403043,-0.0002293122324009504,1859.984,8841.141,-0.00035365598917603815,26.296792336298168,771.563,4.05999999999999,74.29795247472104,True
B0006,2A-const-24C,room,328,1.4831110745410492,True,3056.437,3.4325600940363916,33.14347737377552,-0.00022175643422823088,1798.735,9007.078,-0.00034605936391998726,26.03904064199693,751.047,4.05999999999999,73.5114667536765,True
B0006,2A-const-24C,room,332,1.4729664825468278,True,3048.219,3.4270614887575657,33.11021541795579,-0.0002222466706938196,1747.031,8946.407,-0.0003514387502348493,25.90252654964816,740.703,4.04999999999999,73.00864275760892,True
B0006,2A-const-24C,room,336,1.4627604396099307,True,3039.218,3.427340316812041,33.18991802149879,-0.00021725873077004773,1717.39,8991.016000000001,-0.00034916138791076624,25.877092731363224,726.7179999999998,4.05999999999999,72.50277290138492,True
B0006,2A-const-24C,room,340,1.4518364681062514,True,3039.047,3.423482197888437,33.26265398635676,-0.00021753812701407176,1686.828,9118.469000000006,-0.0003429544389784751,25.93141642274133,715.844,4.05999999999999,71.96131839956392,True
B0006,2A-const-24C,room,344,1.4468670644030392,True,3030.375,3.4220957701069374,33.299978841087025,-0.000214106573080667,1662.094,8701.516,-0.0003692869848170469,26.008428132103052,706.031,4.06999999999999,71.71500633205588,True
B0006,2A-const-24C,room,348,1.441380399427779,True,3021.0,3.421883545422636,33.31663547841367,-0.00021203129427103753,1641.25,9163.844,-0.00034178101387893174,25.9304594999863,696.3430000000001,4.05999999999999,71.44305583769238,True
B0006,2A-const-24C,room,352,1.431210744960774,True,3021.75,3.4195777411151886,33.39150630507064,-0.00021079428885888038,1616.218,9189.282,-0.0003412394465304907,25.947381066960602,689.0,4.079999999999989,70.93898960214158,True
B0006,2A-const-24C,room,356,1.4260247179525716,True,3012.265,3.4175281789596474,33.41522427488497,-0.00021118573078371118,1600.672,9206.171999999999,-0.0003404724117980812,25.97159894270595,683.656,4.06999999999999,70.68194044477141,True
B0006,2A-const-24C,room,360,1.420487649966195,True,3002.641,3.4197860540725715,33.39690850726103,-0.000203419407256954,1581.078,8786.828000000003,-0.00036640394253042096,26.033603358388206,676.4069999999999,4.06999999999999,70.4074916889226,True
B0006,2A-const-24C,room,364,1.4207006230355006,True,3012.0,3.4171369298988705,33.73731993653,-0.00020215932983190554,1556.765,9249.954,-0.00033967516116691424,25.90982967799584,666.766,4.079999999999989,70.41804785222854,True
B0006,2A-const-24C,room,367,1.452255804330839,True,3020.11,3.4305347141293625,34.08965316576344,-0.00021444892827053607,1522.312,8520.86,-0.0003895323570364052,26.41227975974544,696.031,4.06999999999999,71.98210310103472,True
B0006,2A-const-24C,room,371,1.431557632772571,True,3002.172000000006,3.4250844180972875,33.9987286593769,-0.0002074849601530792,1655.0,8914.812,-0.0003583035831833218,26.686445558767225,705.7499999999999,4.06999999999999,70.95618334594263,True
B0006,2A-const-24C,room,375,1.415015751158943,True,2992.703,3.4171339862792935,33.907397114007345,-0.0002094810795310589,1597.828,8319.375,-0.00039707044800083144,26.606458183179758,688.5619999999999,4.06999999999999,70.1362730902932,True
B0006,2A-const-24C,room,379,1.4097311506517451,True,2964.468,3.417521467040602,33.70518417605219,-0.00020695624082339668,1563.547,8753.859,-0.0003657177740709372,26.340043075472312,671.266,4.079999999999989,69.87433806657182,True
B0006,2A-const-24C,room,383,1.404917318129309,True,2983.375,3.4181623236680356,33.7458832944166,-0.00019697748024853195,1523.765,9282.344000000001,-0.00033949998735997676,26.10257345827895,656.187,4.079999999999989,69.63573699649329,True
B0006,2A-const-24C,room,387,1.395164296571563,True,2975.297,3.420331935905118,34.01657212624259,-0.00019188462443989548,1501.265,8540.656,-0.0003848406736047284,26.41341494885895,648.984,4.06999999999999,69.15232147064536,True
B0006,2A-const-24C,room,391,1.3945343832614077,True,2974.9850000000006,3.4192916311692465,34.175023374593785,-0.00019347947058433982,1498.703,9220.578000000001,-0.00034219453218869067,26.584568753917836,651.7339999999999,4.079999999999989,69.12109936452528,True
B0006,2A-const-24C,room,395,1.3893171179312644,True,2966.25,3.414352330355796,33.976109677640174,-0.0001944150369259938,1478.047,9326.671999999999,-0.0003373785306328353,26.46196190140926,641.234,4.079999999999989,68.86250185726804,True
B0006,2A-const-24C,room,399,1.3838379472327809,True,2956.359,3.412701167144591,33.84150372451663,-0.0001931307775164361,1447.453,9358.234,-0.00033745714846897034,26.121216404378323,626.125,4.06999999999999,68.5909228221213,True
B0006,2A-const-24C,room,403,1.3736814238195123,True,2956.344,3.410409522809144,34.1008464215818,-0.00019303381745447836,1432.172,8579.234,-0.00038463173205837683,26.409310711304133,620.8910000000001,4.079999999999989,68.08750743669006,True
B0006,2A-const-24C,room,407,1.3786059891863676,True,2956.406,3.414419320260644,34.34663683304219,-0.00019017467706749385,1435.219,9371.405999999999,-0.0003370024450058924,26.554432319974733,623.281,4.06999999999999,68.3315970598182,True
B0006,2A-const-24C,room,411,1.3737600299108574,True,2947.266,3.4131710032395315,34.216231530637586,-0.00018912649713232092,1427.5,9378.063,-0.00033640598715999813,26.61726658220038,620.672,4.079999999999989,68.0914036041247,True
B0006,2A-const-24C,room,415,1.3682580583942712,True,2937.984,3.4107019261975147,34.041617020161176,-0.000188111564280884,1405.437,9401.782,-0.00033587365864432754,26.399750319384214,611.407,4.06999999999999,67.8186944300351,True
B0006,2A-const-24C,room,419,1.3633024037317505,True,2929.125,3.4089059214760367,33.890212870710734,-0.00018647794715212013,1380.437,9425.11,-0.00033639103155069105,26.124475808397165,596.328,4.079999999999989,67.57306384361438,True
B0006,2A-const-24C,room,423,1.3580966140172601,True,2928.454,3.4134080258317576,34.116762412437,-0.00017970113431509905,1364.281,9146.171999999999,-0.00035246554566781415,26.26020263178304,590.8910000000001,4.089999999999989,67.31503513349783,True
B0006,2A-const-24C,room,427,1.353269090999531,True,2929.375,3.411221044859532,34.490493589415046,-0.00018432414111244725,1365.0,8837.781,-0.0003710078943580219,26.670370279195048,595.828,4.079999999999989,67.07575548417675,True
B0006,2A-const-24C,room,431,1.3841605738237488,True,2946.031,3.4155210852213678,34.23744800906639,-0.00018765244876071445,1379.297,8761.561999999996,-0.00037402164567439247,26.950570586809867,600.7349999999999,4.079999999999989,68.60691404106836,True
B0006,2A-const-24C,room,433,1.4051467790651473,True,2955.438,3.4229838362549794,34.41428886050454,-0.00020179471677137726,1481.437,8859.235,-0.00036884393987428955,26.72454690095705,668.906,4.06999999999999,69.64711039275853,True
B0006,2A-const-24C,room,437,1.378719022627353,True,2937.625,3.414757022019347,34.16445180476378,-0.0001951204717606115,1495.125,9204.937999999995,-0.00034679858484903644,26.742962123720645,653.406,4.06999999999999,68.33719964359071,True
B0006,2A-const-24C,room,441,1.3682657783199066,True,2929.078,3.41435871627236,33.877146811272176,-0.00018425790760311515,1429.297,9199.641,-0.00034888808732190464,26.311611774381017,628.0310000000001,4.079999999999989,67.81907707369979,True
B0006,2A-const-24C,room,445,1.3573151296618016,True,2918.375,3.4091886698418046,33.839566254190565,-0.00018715647061229827,1381.312,9425.797,-0.0003379117238692398,26.06284845842712,607.531,4.079999999999989,67.27630029953903,True
B0006,2A-const-24C,room,449,1.3524934638801596,True,2919.812,3.411930366643558,33.818304796930946,-0.00017667341377787518,1361.547,9360.967999999999,-0.00034134459455015297,26.038273335849972,595.859,4.079999999999989,67.0373109683359,True
B0006,2A-const-24C,room,453,1.3474099151661236,True,2900.422,3.4094417183837504,33.812621135472135,-0.00017993445187697814,1335.265,9437.704,-0.0003376767694080675,25.982571679078095,585.9689999999999,4.089999999999989,66.7853412212971,True
B0006,2A-const-24C,room,457,1.3370075130842318,True,2901.375,3.4081896097479882,33.79894614410012,-0.00017694494876497458,1319.672,9426.046999999997,-0.00033875313498662215,25.98889751886105,575.5,4.06999999999999,66.26973868287091,True
B0006,2A-const-24C,room,461,1.3312352966718526,True,2901.187,3.40737851449911,33.702723745621576,-0.0001726298406694071,1302.016,9505.078,-0.0003349636857818492,25.873817245148032,570.9839999999999,4.079999999999989,65.98363462621761,True
B0006,2A-const-24C,room,465,1.3259303781727643,True,2891.64,3.4085862639015,33.63562651984647,-0.0001657827157561717,1282.844,8830.796999999999,-0.0003750049696031379,25.866725578506443,558.359,4.079999999999989,65.72069252661971,True
B0006,2A-const-24C,room,469,1.321578743867529,True,2882.906,3.404843616147767,33.690724061796516,-0.00017198898639376485,1269.422,9316.39,-0.0003453470298850472,25.77918241614055,553.235,4.089999999999989,65.50500064349326,True
B0006,2A-const-24C,room,473,1.321225074066109,True,2883.265,3.4081057374178703,33.71317033815572,-0.00016468926689578445,1259.578,9546.984,-0.00033391094955022256,25.779594856251975,551.047,4.089999999999989,65.48747074550035,True
B0006,2A-const-24C,room,477,1.3156485301862682,True,2882.969,3.4091728540380735,33.65376593260611,-0.00015925855781570228,1244.7339999999967,9560.547000000006,-0.00033315553198086834,25.739149646920637,543.343999999994,4.089999999999989,65.21106533860916,True
B0006,2A-const-24C,room,481,1.3209025697502388,True,2891.656,3.4110817622184233,33.983578066068176,-0.000158056689020681,1231.141,9502.25,-0.00033609536728302345,25.68008908964709,532.8910000000001,4.079999999999989,65.47148558720643,True
B0006,2A-const-24C,room,483,1.3474328767273906,True,2901.25,3.4167486246717154,33.816348135475515,-0.0001786394042949902,1236.594,9568.953000000001,-0.00033474637142514587,26.173174882929104,548.0160000000001,4.079999999999989,66.78647932759047,True
B0006,2A-const-24C,room,485,1.3260128072353616,True,2891.703,3.4169689184247174,33.60692030225909,-0.00016314750486516556,1364.641,9386.625000000004,-0.00033649841933134343,26.412927199212106,591.032,4.06999999999999,65.72477818237314,True
B0006,2A-const-24C,room,489,1.3101186784831063,True,2883.016,3.4105763913818787,33.47350597721994,-0.00016015007945613532,1270.625,9535.0,-0.00033313096692314816,26.01498124223845,560.438,4.079999999999989,64.93697426302634,True
B0006,2A-const-24C,room,493,1.30521620229393,True,2873.453,3.4113335283009314,33.209178727620106,-0.00015239244007119064,1236.984,9569.688,-0.0003330451287090406,25.743698100268983,543.672,4.06999999999999,64.6939795058718,True
B0006,2A-const-24C,room,497,1.3004061951355774,True,2874.031,3.4081283345557187,33.58088963686094,-0.00015773038518130685,1216.39,9286.063,-0.0003481936080431063,25.849366387166373,533.031,4.089999999999989,64.45556804271446,True
B0006,2A-const-24C,room,501,1.300235735841116,True,2874.234,3.4125732422699135,33.76400861956033,-0.0001514381946157893,1229.469,9459.75,-0.00033742162869854116,26.160906049591357,540.937,4.079999999999989,64.44711910522572,True
B0006,2A-const-24C,room,505,1.2895066722480755,True,2864.984,3.407693686560286,33.57003564415372,-0.00015277828509527923,1218.313,9218.140999999998,-0.00035043083055267963,26.149674507929515,532.953,4.089999999999989,63.915325354132634,True
B0006,2A-const-24C,room,509,1.279253057384795,True,2855.093,3.4073499608041957,33.272050895552354,-0.00014578097495694886,1196.485,8996.765,-0.000364547929767922,25.88741440866421,520.453,4.089999999999989,63.40709756117363,True
B0006,2A-const-24C,room,513,1.2792078171714618,True,2855.625,3.409292163767801,33.12740933210319,-0.00013858993657974103,1168.625,9565.078,-0.0003330941553668256,25.497625818790674,505.563,4.089999999999989,63.40485519747246,True
B0006,2A-const-24C,room,517,1.274036760902923,True,2855.594,3.4095492354804775,33.439116773449626,-0.0001405875225140693,1149.062,9498.75,-0.00033687819018965134,25.5837511055969,495.67099999999994,4.089999999999989,63.14854807557755,True
B0006,2A-const-24C,room,521,1.2741273923001468,True,2847.437,3.410318915287339,33.482874768414376,-0.00013921108741619647,1160.922,9460.313,-0.0003378839944250793,25.901434373433876,505.328,4.079999999999989,63.15304028594414,True
B0006,2A-const-24C,room,525,1.2637639426440779,True,2847.36,3.409269478846637,33.22136307064441,-0.0001307233382833698,1146.531,8823.046999999995,-0.0003756974063454638,25.812500717956773,495.6410000000001,4.079999999999989,62.63936845251031,True
B0006,2A-const-24C,room,529,1.2581373688955233,True,2837.328,3.4094374435069095,32.98562738901426,-0.0001269948556270105,1123.625,9377.469,-0.0003436616914613779,25.418015652812915,485.313,4.089999999999989,62.36048327920529,True
B0006,2A-const-24C,room,533,1.253259864055301,True,2837.281,3.403885091976961,32.970182781539556,-0.00013114077469375933,1095.453,9475.282000000001,-0.0003390006334900147,25.184158283341244,467.70300000000003,4.089999999999989,62.118726244915834,True
B0006,2A-const-24C,room,537,1.2532313315493426,True,2838.515,3.4065929107527846,33.31018716138479,-0.00013169587041447181,1097.984,9706.780999999999,-0.00032619728547825277,25.35578191720396,467.71900000000005,4.099999999999989,62.117312010743376,True
B0006,2A-const-24C,room,541,1.2480874960313577,True,2828.328,3.4095930016592684,33.23406652671602,-0.00012436079634775015,1103.672,8933.828,-0.0003689021220055759,25.68149669765411,472.76599999999996,4.089999999999989,61.86235410492116,True
B0006,2A-const-24C,room,545,1.2534354284944844,True,2838.265,3.409409922814414,33.117656712920734,-0.00011722002525654907,1093.5,9461.625,-0.00033791012417212806,25.591813739883985,467.79699999999997,4.099999999999989,62.127428222573265,True
B0006,2A-const-24C,room,548,1.2898048773266901,True,2864.547,3.4195489282896943,33.78417036686004,-0.00014420941402478601,1032.39,9774.938,-0.00032353750081462966,25.497613624329297,442.03099999999995,4.089999999999989,63.93010610326105,True
B0006,2A-const-24C,room,552,1.2635402021758835,True,2846.39,3.4151799904187996,33.806439563441614,-0.00013013553722436468,1201.875,9588.187999999995,-0.0003288800584879856,25.84421874752408,533.375,4.079999999999989,62.628278595336795,True
B0006,2A-const-24C,room,556,1.2479761706842853,True,2837.969,3.4154594925159083,33.63735785291911,-0.00012012113480509162,1150.328,9424.313,-0.00033726324436523516,25.742753320720922,504.51599999999996,4.089999999999989,61.85683618405156,True
B0006,2A-const-24C,room,560,1.2321202877943334,True,2838.156,3.4130336456755868,33.58195933847606,-0.00011391292500991062,1110.437,8963.672,-0.0003645811681078705,25.638392621114672,482.531,4.089999999999989,61.07092794836827,True
B0006,2A-const-24C,room,564,1.2271137666213534,True,2829.843,3.4094524356574096,33.56245583951572,-0.00011504013724629397,1088.078,9334.969000000001,-0.0003427655012236351,25.49563276443761,469.641,4.089999999999989,60.82277612678405,True
B0006,2A-const-24C,room,568,1.2217397581377356,True,2829.625,3.4138496008165014,33.5111267532655,-0.00010389396083645278,1072.906,9461.14,-0.00033536444342726696,25.428938070318736,459.73400000000004,4.099999999999989,60.55640953242786,True
B0006,2A-const-24C,room,572,1.211102678915174,True,2819.437,3.410900672125043,33.53675907012135,-0.00010530099633510877,1050.172,9216.640000000005,-0.00034917575428365254,25.452360068893437,449.95300000000003,4.089999999999989,60.029175052793526,True
B0006,2A-const-24C,room,576,1.2056159765131735,True,2819.579,3.4105744140130074,33.49803069556778,-0.00010152591586830906,1038.875,9529.234,-0.000331823511746889,25.399233871624016,443.10900000000004,4.089999999999989,59.757222703346756,True
B0006,2A-const-24C,room,580,1.2008936262717274,True,2810.672,3.4096514247359915,33.516977262709986,-0.00010084385322951011,1022.953,9775.391,-0.00031870250164988426,25.2820272954604,434.797,4.099999999999989,59.52315601830045,True
B0006,2A-const-24C,room,584,1.1905903985558335,True,2811.485,3.4128578373442537,33.531923269271225,-9.170142371375773e-05,1012.813,9266.234,-0.00034627055521735677,25.41799675980421,430.14000000000004,4.089999999999989,59.01246912863045,True
B0006,2A-const-24C,room,588,1.185179251041941,True,2802.422,3.413450901705652,33.567636169584304,-9.054035154467217e-05,1002.031,9297.359,-0.0003434609203081695,25.454072385369944,424.73400000000004,4.109999999999989,58.74426171153606,True
B0006,2A-const-24C,room,592,1.1796706818144624,True,2801.625,3.414388187503409,33.60493096509702,-8.64367286305255e-05,993.234,9549.843999999994,-0.0003288024790619068,25.429946661301248,420.15599999999995,4.089999999999989,58.47122551716241,True
B0006,2A-const-24C,room,596,1.1745952836753915,True,2802.031,3.412419038813061,33.54281440778599,-8.377869250127949e-05,980.875,9449.234,-0.00033344695157618525,25.42050671654486,412.594,4.089999999999989,58.21965975923193,True
B0006,2A-const-24C,room,600,1.15381833159625,True,2793.39,3.4148103057455175,33.472459360982775,-6.844544929053148e-05,967.61,9186.483999999999,-0.00035684600622123985,25.397105626124826,404.57800000000003,4.099999999999989,57.18983519098024,True
B0006,2A-const-24C,room,604,1.1644009557372264,True,2793.39,3.4166177332601,33.58210389885497,-7.301842034318162e-05,959.969,9356.937000000002,-0.00033886766539153936,25.419424201944214,404.62500000000006,4.089999999999989,57.71437056534307,True
B0006,2A-const-24C,room,608,1.1587974947916069,True,2792.485,3.4121341541171764,33.6634605108384,-7.636737462465426e-05,945.0,9626.39,-0.0003233411209589484,25.432459537239456,397.14,4.089999999999989,57.43663099473343,True
B0006,2A-const-24C,room,612,1.1749748834769171,True,2802.016,3.419700177568569,33.730546074122294,-7.984939661928298e-05,939.734,8952.641,-0.0003600059501152156,25.57546236674736,392.235,4.089999999999989,58.23847489632353,True
B0006,2A-const-24C,room,614,1.1856752327929356,True,2820.39,3.4234687742187893,33.8912822372509,-9.47539428312169e-05,982.484,9229.75,-0.0003445373504220696,25.30089012739764,417.67199999999997,4.089999999999989,58.768845403630706,True
B0007,2A-const-24C,room,2,1.89105229539079,True,3690.234,3.522006703394617,32.62485875142121,-0.00023937859342696647,658.485,6939.39,-0.0022777436899546737,25.115926436461894,116.032,4.179999999999987,100.4535179156392,True
B0007,2A-const-24C,room,4,1.880637027686859,True,3672.344,3.5319490434317116,32.738209593287145,-0.00023392757241251353,3277.078,7238.9220000000005,-0.0027460998771808745,26.756606170640403,994.8600000000001,3.9999999999999916,99.90025437901299,True
B0007,2A-const-24C,room,6,1.8806626717011388,True,3651.641,3.5344025220217845,32.68511456550919,-0.0002360076201041074,3273.969,7210.578,-0.0027769197119987526,26.78896518782561,952.172,3.9899999999999918,99.90161660017111,True
B0007,2A-const-24C,room,8,1.8807709009833444,True,3631.563,3.53492504932652,32.554748499572646,-0.0002391706919943384,3276.156,7121.7339999999995,-0.0028123280426989358,26.790949987534404,945.2339999999999,3.9899999999999918,99.90736578657146,True
B0007,2A-const-24C,room,10,1.8794508728285058,True,3629.172,3.534536640068787,32.46787845303298,-0.00023994621358135247,3286.937,7208.266,-0.0027609064185766543,26.726850930641444,936.469,3.9899999999999918,99.83724531860534,True
B0007,2A-const-24C,room,12,1.8807003517117404,True,3652.281,3.5411626672196816,32.48624734055599,-0.0002269398514557628,3288.422,7504.25,-0.0026365412637811177,26.620773999930954,928.6880000000001,3.9899999999999918,99.90361817867279,True
B0007,2A-const-24C,room,14,1.8799352523566075,True,3650.828,3.541165612176161,32.55779966353037,-0.0002291908826782378,3266.938,7523.0470000000005,-0.002637011968501226,26.58924306987374,920.1089999999999,3.9899999999999918,99.86297576917126,True
B0007,2A-const-24C,room,16,1.8815088124038797,True,3572.453,3.5494581176357975,32.45374435641106,-0.0002315991240694328,3278.281,6849.281,-0.0028934367862912492,26.74846360058507,912.844,3.9899999999999918,99.94656396119814,True
B0007,2A-const-24C,room,18,1.8696907870385844,True,3550.594,3.5502805464079743,32.373246444985035,-0.0002337234672534468,3273.75,6874.202999999994,-0.002905109226727253,26.80373015807701,904.719,3.9899999999999918,99.31878532934658,True
B0007,2A-const-24C,room,20,1.870052380139199,True,3551.25,3.5481347674910286,32.30534276235138,-0.00023681704394524009,3280.391,6881.7029999999995,-0.0028815693100795094,26.78643062225572,905.3600000000001,3.9899999999999918,99.33799331164263,True
B0007,2A-const-24C,room,22,1.8700442394188577,True,3530.25,3.5484272148956437,32.183319483399806,-0.00023898292150493429,3278.031,6841.344,-0.002894585065490081,26.717163571192394,904.078,3.9899999999999918,99.33756087304818,True
B0007,2A-const-24C,room,25,1.8596518987766364,True,3491.016,3.5560433603714667,32.378853181816005,-0.00023421464442736022,2783.454,6803.421,-0.0027922988363908515,26.84939514355575,825.406,3.979999999999992,98.78551523188146,True
B0007,2A-const-24C,room,27,1.8590746560862206,True,3470.281,3.5604849642800684,32.2913249500013,-0.0002314690910801549,3265.703,6686.656000000001,-0.0029515882948982666,27.007028938797088,885.406,3.9899999999999918,98.75485184986675,True
B0007,2A-const-24C,room,29,1.8590084577709232,True,3470.0,3.5562872542469752,32.14782797344657,-0.00023636175188060968,3263.2339999999967,7494.797000000006,-0.002623250670361942,26.826630905506512,894.2649999999999,3.9899999999999918,98.75133536665372,True
B0007,2A-const-24C,room,31,1.8593622586957048,True,3450.297,3.5647746218187324,32.01380948237792,-0.00022491625772821743,3253.641,6668.109,-0.002973052389865902,26.845102423271214,893.469,3.9899999999999918,98.77012942519073,True
B0007,2A-const-24C,room,33,1.8587355450601035,True,3429.407,3.565438928797127,31.881310103471357,-0.00022664847374275025,3229.438,6770.812,-0.0029287501864808806,26.64132190339396,890.578,3.9899999999999918,98.73683812511653,True
B0007,2A-const-24C,room,35,1.847817291322145,True,3409.484,3.565961679108638,31.854304304240515,-0.0002284829937096536,3232.468,6703.563000000001,-0.002947541170456402,26.630410829604692,889.9379999999999,3.9899999999999918,98.15685575226159,True
B0007,2A-const-24C,room,37,1.8485252916137047,True,3390.422,3.572496559005355,31.856555404576753,-0.0002195865559084085,3233.672,6755.859999999999,-0.0029328682734809787,26.732842671781054,892.1400000000001,3.9899999999999918,98.19446503474725,True
B0007,2A-const-24C,room,39,1.848378951850034,True,3390.281,3.5699492020415136,31.867182607083926,-0.00022365561555106857,3207.438,6951.343999999999,-0.0028539555736967416,26.680612495729743,879.5160000000001,3.9899999999999918,98.18669140304627,True
B0007,2A-const-24C,room,42,1.8807805437609766,True,3591.734,3.5464338449590023,32.35216872128999,-0.0002377494889186496,3177.484,7111.8279999999995,-0.0027497017940892746,25.34511515663789,1035.578,3.9599999999999924,99.90787801510052,True
B0007,2A-const-24C,room,46,1.8814721597443598,True,3552.297,3.5531968089006387,32.60219299451182,-0.00023704995056899147,3347.172,6935.905999999994,-0.0028446560580906257,25.81811264335102,965.703,3.9899999999999918,99.94461695603137,True
B0007,2A-const-24C,room,50,1.8810954313244785,True,3531.578,3.5599340214678805,32.19571819720114,-0.00022594807733779596,3340.578,6940.812,-0.002873967114175131,25.908545561555126,942.344,3.9899999999999918,99.92460497901303,True
B0007,2A-const-24C,room,54,1.8710089649779995,True,3492.907,3.5595604968237993,31.805988160181123,-0.00023088443041446082,3309.328,6772.469000000001,-0.0029474793248501926,25.457306030924414,939.219,3.9899999999999918,99.38880751306715,True
B0007,2A-const-24C,room,58,1.8701995151941375,True,3511.594,3.552385161941813,31.737001978644926,-0.00023721444582910456,3306.141,7491.187,-0.0026397551443894203,25.208124224769332,947.7810000000002,3.9899999999999918,99.34580918956061,True
B0007,2A-const-24C,room,62,1.8706715362800985,True,3431.9370000000054,3.5707670304281067,31.51707667966367,-0.00021904984028629348,3297.687,6801.531000000001,-0.002931953778185419,25.198908450122424,947.031,3.9899999999999918,99.37088315432125,True
B0007,2A-const-24C,room,66,1.8596124644020169,True,3431.125,3.5657224847439295,31.442860781038384,-0.00022633612255292616,3276.515,6802.204,-0.0029250120369370552,25.088377505443955,944.0939999999998,3.9899999999999918,98.78342046080243,True
B0007,2A-const-24C,room,70,1.860033909718346,True,3412.406,3.5712835067487094,31.32326275303232,-0.00021803178234212128,3275.906,7341.469,-0.0026857133325093718,24.994883820641892,943.4369999999999,3.9899999999999918,98.80580781874991,True
B0007,2A-const-24C,room,74,1.8591653109160768,True,3410.688,3.5679716274891398,31.28571570579735,-0.0002230418463692024,3252.875,7311.281999999999,-0.002690345541801147,24.88975595599089,938.2970000000003,3.9899999999999918,98.7596674737378,True
B0007,2A-const-24C,room,78,1.8481398178778288,True,3410.718,3.5646314038791784,31.331850868998004,-0.00022857075851094133,3242.891,6901.093000000001,-0.002878994204066036,24.914746778130716,939.047,3.9899999999999918,98.17398850275117,True
B0007,2A-const-24C,room,82,1.849201702126164,True,3392.719,3.568983888921194,31.32285733932258,-0.00022178617587378564,3243.203,7547.2499999999945,-0.002616662174161208,24.945473030337098,946.578,3.9899999999999918,98.23039625446934,True
B0007,2A-const-24C,room,86,1.8834677437950846,True,3470.672,3.564620688944316,31.608436452122476,-0.0002154498467036553,0.0,1674.484,-0.000319938216669132,23.601078570891087,0.0,,100.05062324611667,True
B0007,2A-const-24C,room,90,1.8628211117905844,True,3414.109,3.5694388142217837,31.782101501165204,-0.00021444082984155386,3279.719,6833.937000000001,-0.00043726305640035814,25.24857476578596,922.0160000000001,3.9899999999999918,98.95386520139371,True
B0007,2A-const-24C,room,94,1.852085039652352,True,3395.219,3.568742147335628,31.515041989202878,-0.00021429569162492945,3256.765,6881.125,-0.00043353073299220145,25.2648118529816,912.4380000000001,3.9899999999999918,98.38356039411251,True
B0007,2A-const-24C,room,98,1.8469504648208708,True,3386.0,3.5642424070467817,31.13866351339678,-0.00021843273198142327,3222.485,7429.171999999999,-0.00038774546983936706,24.83295974161257,915.3590000000002,3.9899999999999918,98.11080955264686,True
B0007,2A-const-24C,room,102,1.836828431169018,True,3368.187,3.5653038098527605,31.068710515588776,-0.00021726867484085738,3199.219,6833.2660000000005,-0.0004413993440950545,24.67485217111906,920.4380000000001,3.9899999999999918,97.57312273601708,True
B0007,2A-const-24C,room,106,1.8371619619672275,True,3368.266,3.565432167703823,31.618244836823447,-0.00021962287790110995,3183.969,7390.328,-0.00039244993635341474,24.895406841356955,915.1099999999999,3.9899999999999918,97.5908400366412,True
B0007,2A-const-24C,room,110,1.8316722583718854,True,3358.719,3.5622303163451425,31.331528063668397,-0.00022279243219282122,3180.313,7281.4220000000005,-0.0004006954351391738,24.993919378962513,914.9060000000002,3.9899999999999918,97.29922460125088,True
B0007,2A-const-24C,room,114,1.8211470951317783,True,3339.5,3.564481026852489,31.132569191182142,-0.0002187722198058913,3157.328,6835.734000000006,-0.00044170152941854315,24.80297144486912,915.344,3.9899999999999918,96.74012336609088,True
B0007,2A-const-24C,room,118,1.816506091511515,True,3331.265,3.561614556780574,30.972969676157927,-0.00022152864831745704,3126.875,7475.406000000001,-0.0003873573057972931,24.51176932541328,917.0619999999999,3.9899999999999918,96.49359124138392,True
B0007,2A-const-24C,room,122,1.8113815601504555,True,3321.188,3.5630587459190144,31.1990648511682,-0.0002206189950854153,3110.688,7557.280999999999,-0.0003815047146557776,24.44267945496156,914.2500000000002,3.9899999999999918,96.22137391342204,True
B0007,2A-const-24C,room,126,1.8116056333939583,True,3321.844,3.5629534367704405,31.722267598269813,-0.0002238441879350242,3104.531,7400.250000000001,-0.00039356195806246796,24.98061830520359,909.297,3.9899999999999918,96.23327678127794,True
B0007,2A-const-24C,room,130,1.8060548955557403,True,3311.828,3.563446012076242,31.900827580605675,-0.00022415154581150972,3106.906,7139.875000000001,-0.0004149554134670616,25.37806773198085,902.172,3.9899999999999918,95.93841918044083,True
B0007,2A-const-24C,room,134,1.8132041826994056,True,3327.391,3.563998342345823,31.5372402498617,-0.000229360079683851,3093.125,7073.093999999997,-0.0004196505860981184,25.25198951518979,904.3130000000001,3.9899999999999918,96.31819241353476,True
B0007,2A-const-24C,room,136,1.8062641938283535,True,3312.078,3.5604902283110547,31.24662583059252,-0.00022599084373862906,3109.844,7695.078,-0.0003689976866107291,24.74618517386197,950.2660000000001,3.9899999999999918,95.94953719543645,True
B0007,2A-const-24C,room,140,1.7958310249900458,True,3293.172,3.5567002097886946,30.939399361884792,-0.0002281880794921822,3087.266,7671.719000000001,-0.00037190673009412597,24.568292813185277,908.1410000000001,3.9899999999999918,95.39532274279,True
B0007,2A-const-24C,room,144,1.7858852600390451,True,3275.328,3.5584127263446006,30.884857004354572,-0.00022603658526235403,3056.031,7261.4839999999995,-0.00040531647949717164,24.46813967282139,909.9369999999999,3.9899999999999918,94.86699939598185,True
B0007,2A-const-24C,room,148,1.7803268604502753,True,3265.016,3.556136820956992,30.920682316695828,-0.0002288026800456178,3027.844,7777.89,-0.000366616122040296,24.383631011491403,912.6869999999999,3.9899999999999918,94.5717347996332,True
B0007,2A-const-24C,room,150,1.8150756899575577,True,3328.937,3.568999942180493,33.880577817079796,-0.0002198849519729906,3027.172,6919.218999999999,-0.0004330184483901704,25.07100125430618,964.0470000000003,3.9999999999999916,96.4176076905973,True
B0007,2A-const-24C,room,154,1.8157025154845838,True,3329.266,3.571059290544873,33.038339318294426,-0.00022056195911927072,3223.188,6840.359,-0.0004261323009881168,27.032480454408866,875.094,3.9899999999999918,96.45090493439248,True
B0007,2A-const-24C,room,158,1.8002432178056673,True,3301.579,3.5666921284622095,32.27329169539202,-0.0002224368088562508,3168.016,7208.156000000001,-0.00039765808701611676,26.29245192725164,887.6090000000002,3.979999999999992,95.62970033833909,True
B0007,2A-const-24C,room,162,1.7904476205609308,True,3283.563,3.563327431073248,31.937919783481355,-0.00022557788762032847,3111.6089999999967,6645.25,-0.0004509955980989924,25.717432915400742,892.7339999999999,3.9899999999999918,95.10935396520233,True
B0007,2A-const-24C,room,166,1.780343032300132,True,3275.125,3.5590146214829015,31.688686599521045,-0.00022846592986688742,3076.218,7534.688000000001,-0.0003766346960786992,25.281300307037686,890.8119999999999,3.9899999999999918,94.57259385530989,True
B0007,2A-const-24C,room,170,1.775328769596812,True,3265.656,3.5566945836342914,31.779120691032947,-0.00023233945093004547,3043.406,6934.672,-0.0004264569097364021,25.227543828398364,895.547,3.9899999999999918,94.30623404626107,True
B0007,2A-const-24C,room,174,1.7702629734732853,True,3266.093,3.555013984911923,32.133873372089305,-0.00023486600200650534,3027.75,7219.234,-0.0004041440456757137,25.459049490706317,892.5790000000002,3.9899999999999918,94.03713675958528,True
B0007,2A-const-24C,room,178,1.760081061854204,True,3257.594,3.5526373754067415,31.889431533099835,-0.00023545320869345946,3005.969,7431.078,-0.0003883295180471009,25.343396530192575,894.5630000000001,3.9999999999999916,93.49626919937248,True
B0007,2A-const-24C,room,182,1.749647593537689,True,3248.593,3.547186025484395,31.81736328028127,-0.00024177641863340452,2979.375,7826.452999999994,-0.0003600989124039553,25.228421211568914,893.0620000000054,3.9899999999999918,92.94203883831379,True
B0007,2A-const-24C,room,186,1.749650075059311,True,3238.766,3.546814755244375,31.72316205746117,-0.00024183092768699364,2961.672,7843.7029999999995,-0.00035962161353551587,25.11195849555622,894.828,3.9899999999999918,92.94217065781837,True
B0007,2A-const-24C,room,190,1.745028739214683,True,3240.14,3.5447850172972655,31.957150654392294,-0.0002438641641471288,2937.64,7748.328000000001,-0.0003674393235661948,25.084968690362786,897.469,3.9899999999999918,92.69668329388135,True
B0007,2A-const-24C,room,194,1.7396457455286727,True,3230.109,3.5465215420964156,32.29917704213345,-0.00024359016704106532,2932.234,7656.405999999999,-0.0003736117001303023,25.58786856081741,889.5149999999999,3.9999999999999916,92.41073633514553,True
B0007,2A-const-24C,room,198,1.7285642277717963,True,3229.7810000000027,3.540832547654255,32.128842946565555,-0.00024885681267560405,2911.578,7824.516,-0.0003627129293336241,25.48842021020059,886.531,3.9899999999999918,91.82208130681231,True
B0007,2A-const-24C,room,202,1.723900324588418,True,3212.469,3.542992511358393,32.021134355757404,-0.00024546497563429154,2891.656,6899.203,-0.00043645654667425854,25.520562110849983,886.047,3.9899999999999918,91.57433274738314,True
B0007,2A-const-24C,room,206,1.7139788776485192,True,3213.219,3.5360811169860216,31.859048861486652,-0.0002521869911520972,2863.812,7410.5470000000005,-0.0003942580672639185,25.33659989417566,889.6089999999999,3.9899999999999918,91.04730118386932,True
B0007,2A-const-24C,room,210,1.7139701997004613,True,3203.578,3.5392436935272635,32.16100333536097,-0.00024850627018478666,2844.485,7866.5779999999995,-0.00036068422494835335,25.20201911662045,885.4839999999999,3.9899999999999918,91.04684020750562,True
B0007,2A-const-24C,room,214,1.7036521173638766,True,3195.125,3.5348237062932575,32.10276048728767,-0.0002554423430217416,2833.578,7972.437,-0.00035424171217062427,25.656761357540805,879.5929999999998,3.9899999999999918,90.49873919973366,True
B0007,2A-const-24C,room,216,1.7040137474382486,True,3195.3129999999946,3.5366477402090606,32.33880662180898,-0.000252864331890054,2830.234,7650.813,-0.0003766797959839893,25.703556204950726,870.1880000000001,3.9899999999999918,90.51794914609174,True
B0007,2A-const-24C,room,220,1.6935716157343033,True,3186.297,3.5352062840980913,32.21373014824893,-0.00025052873301992907,2799.719,7353.6410000000005,-0.00040118205947872797,25.605973227211333,879.6870000000001,3.9899999999999918,89.96325858213619,True
B0007,2A-const-24C,room,224,1.6876577363877656,True,3176.438,3.5329852237553396,32.09949526722965,-0.00025259977692472247,2771.765,7890.703000000001,-0.0003617573512569676,25.387711853967417,874.828,3.9899999999999918,89.64911074691435,True
B0007,2A-const-24C,room,228,1.6830744356583152,True,3167.593,3.532158560934324,32.11305439113157,-0.00025386539635209593,2749.719,7744.906,-0.0003728344419834363,25.34324683845571,877.8120000000001,3.9899999999999918,89.40564382478807,True
B0007,2A-const-24C,room,232,1.6779270142025482,True,3167.719,3.5308376380023527,32.20371989479744,-0.0002541818896886555,2734.203,7733.5470000000005,-0.00037381283901269884,25.404838740175805,873.578,3.9899999999999918,89.1322105650699,True
B0007,2A-const-24C,room,236,1.6732060275966172,True,3159.077999999994,3.5296958440720005,32.23340825772458,-0.00025625303213042355,2720.531,7183.875000000001,-0.0004148450129857355,25.53866446967712,870.203,3.9999999999999916,88.88142970948262,True
B0007,2A-const-24C,room,240,1.6674367208253988,True,3148.829,3.5281819372126093,32.212169716369466,-0.0002573375930393714,2700.953,8104.703000000001,-0.00034998195379679623,25.392212094931914,868.594,3.9999999999999916,88.57496163215023,True
B0007,2A-const-24C,room,244,1.6622662630667526,True,3149.094,3.5265730179666974,32.21746401954225,-0.00025752269270939987,2685.687,8091.641,-0.0003508387870092545,25.37882063803655,864.203,3.9999999999999916,88.3003046740343,True
B0007,2A-const-24C,room,248,1.6574243065763063,True,3140.547,3.5245022548553444,32.23410177209762,-0.00026020295694863824,2668.735,8077.125,-0.00035232901853554714,25.36610442135351,866.1089999999999,3.9999999999999916,88.04309784572747,True
B0007,2A-const-24C,room,252,1.652538684928734,True,3131.625,3.5228548406546385,32.228343983674435,-0.0002621609210761111,2653.359,8153.4220000000005,-0.00034851823201181804,25.36601497084141,864.4679999999998,3.9899999999999918,87.78357150534035,True
B0007,2A-const-24C,room,256,1.6472174627573322,True,3121.907,3.5222829121237855,32.1833106060944,-0.0002626307285720896,2634.813,8171.780999999997,-0.00034790165248900517,25.328687996097223,866.828,3.9999999999999916,87.50090587624544,True
B0007,2A-const-24C,room,260,1.6364136810898071,True,3122.125,3.5189923820688493,32.17200142078129,-0.0002649550269198175,2616.719,7812.828,-0.0003715774412730562,25.324904467851695,860.4680000000001,3.9899999999999918,86.92700430940849,True
B0007,2A-const-24C,room,264,1.6362554312048496,True,3121.672,3.5177844279570794,32.03316223587618,-0.0002661343258032322,2596.016,8211.078,-0.0003462977141008966,25.15003755101717,859.344,3.9999999999999916,86.91859800690037,True
B0007,2A-const-24C,room,266,1.641119179218384,True,3120.86,3.5212226057273495,32.506671891788216,-0.00026669939249435317,2581.312,8137.704,-0.0003522104935464891,25.474627913650302,894.7660000000001,3.9999999999999916,87.17696241036272,True
B0007,2A-const-24C,room,270,1.6315700789656966,True,3103.828,3.5172227884430147,31.961039485620926,-0.0002652851205062944,2606.234,8200.203000000005,-0.000346572146065823,25.309912948438804,860.0319999999999,3.9999999999999916,86.66971006432786,True
B0007,2A-const-24C,room,274,1.621213282987236,True,3095.094,3.5125010864221813,31.798082670491866,-0.00026974837948405263,2555.906,8249.359,-0.0003462423445709155,24.83271348154768,861.2189999999998,3.9999999999999916,86.11955257111273,True
B0007,2A-const-24C,room,278,1.6164273214762122,True,3095.781,3.5129614635074673,31.95802833708937,-0.00026767850003856815,2538.609,7669.4529999999995,-0.0003854521566307389,24.88956188067808,863.875,3.9899999999999918,85.86532022039297,True
B0007,2A-const-24C,room,282,1.615823510161921,True,3094.328,3.5125204100391962,32.41813169746276,-0.0002702709121001058,2530.563,8276.655999999999,-0.0003443398402985729,25.13848713559105,858.0150000000001,3.9999999999999916,85.83324550155751,True
B0007,2A-const-24C,room,286,1.61672418029789,True,3086.531,3.5151454557578807,32.64044972789331,-0.00026828710949520503,2538.797,8267.109,-0.00034320592727010376,25.67656084340354,853.125,3.9999999999999916,85.88108948972229,True
B0007,2A-const-24C,room,290,1.6108655863730026,True,3085.625,3.513443179473182,32.56399373078006,-0.0002678595597538035,2524.109,8131.828000000005,-0.00035162208420577327,25.62368416476886,851.922,3.9999999999999916,85.56987844007095,True
B0007,2A-const-24C,room,294,1.6006603374309376,True,3067.203,3.5097089402574535,32.28305350922276,-0.0002739838003451621,2502.234,7614.938,-0.00038759252885789213,25.554462099423464,850.797,3.9999999999999916,85.0277711911419,True
B0007,2A-const-24C,room,298,1.5959174487005663,True,3058.157,3.5042771471756997,32.06065237439007,-0.0002789060084733173,2475.922,8329.938,-0.00034141640989626774,25.086777788456857,851.1100000000001,3.9999999999999916,84.77582688520731,True
B0007,2A-const-24C,room,302,1.5962179519462243,True,3058.812,3.509207943122176,32.365261126964526,-0.0002707371311764391,2462.89,8343.438,-0.00034103683434393836,25.056441260108773,855.8589999999999,3.9999999999999916,84.79178974791871,True
B0007,2A-const-24C,room,306,1.5958065114633972,True,3058.578,3.5095064920492853,32.68851871366292,-0.00027260051060078026,2459.547,8285.280999999999,-0.00034379057183262516,25.564533976059447,848.7819999999999,3.9999999999999916,84.76993385106508,True
B0007,2A-const-24C,room,310,1.5906507821480704,True,3049.328,3.505203266169396,32.747733642524246,-0.0002811348879224869,2461.0939999999973,8343.703000000009,-0.00033959402105387395,25.71603687619593,840.953,3.9999999999999916,84.4960592742447,True
B0007,2A-const-24C,room,313,1.6888211161855506,True,3177.219,3.5281182345919753,32.50500516961017,-0.00027161854785450487,2461.0939999999973,8343.703000000009,-0.00033959402105387395,25.71603687619593,840.953,3.9999999999999916,89.71090998622905,True
B0007,2A-const-24C,room,316,1.6259938279733204,True,3082.937,3.519590928396835,32.91993878980996,-0.00027281298267252277,2547.406,8255.171999999999,-0.0003438097883777049,25.616278552522115,900.031,3.9999999999999916,86.37349719367903,True
B0007,2A-const-24C,room,320,1.6157433862812898,True,3074.266,3.5146260368096875,32.948305858317944,-0.0002764035914621182,2584.781,7959.671999999994,-0.00035968467264789505,26.192445895478503,862.094,4.009999999999991,85.82898928627564,True
B0007,2A-const-24C,room,324,1.6056626764846538,True,3066.0,3.5115494818370454,32.76906651915661,-0.0002766675929608256,2552.64,8148.485000000001,-0.0003477932734518913,25.99244956080433,861.204,4.009999999999991,85.29349761075355,True
B0007,2A-const-24C,room,328,1.5949746921524348,True,3056.437,3.510769869032659,32.59734424608833,-0.00027358226408421627,2517.438,8288.375,-0.0003406998844544854,25.7378775367257,853.8910000000001,3.9899999999999918,84.72574724857925,True
B0007,2A-const-24C,room,332,1.5904102438871945,True,3048.219,3.50804494279531,32.52349894408369,-0.00027697872815796024,2485.875,8207.563,-0.0003460927570336004,25.603747603389166,852.796,3.9999999999999916,84.4832817775265,True
B0007,2A-const-24C,room,336,1.5853517062988178,True,3039.218,3.507748080950393,32.578228834731775,-0.00027738332761643417,2467.344,8241.062000000002,-0.0003443948922319148,25.574680690927398,850.875,3.9999999999999916,84.21457006738528,True
B0007,2A-const-24C,room,340,1.5799737147242376,True,3039.047,3.5066673521067266,32.62728298499839,-0.00027633019309083497,2454.578,8350.719000000006,-0.0003378676657358215,25.62855590034613,851.0160000000001,4.009999999999991,83.9288888229776,True
B0007,2A-const-24C,room,344,1.5752185465278068,True,3030.375,3.5061843921745397,32.652115712561326,-0.00027727450250889066,2440.172,7923.438,-0.00036509611362195443,25.704388603277437,848.2189999999998,3.9999999999999916,83.6762922264814,True
B0007,2A-const-24C,room,348,1.569798484648868,True,3021.0,3.5051004339266254,32.64767456395258,-0.0002781231693454411,2424.688,8380.405999999999,-0.00033625305444327303,25.63485128551617,845.671,4.009999999999991,83.38837618926395,True
B0007,2A-const-24C,room,352,1.5702565375950357,True,3021.75,3.5054479186890566,32.6993879231031,-0.0002753686795087865,2410.875,8394.625,-0.00033539748063044986,25.6527336441731,841.359,3.9999999999999916,83.41270816038201,True
B0007,2A-const-24C,room,356,1.565249873909438,True,3012.265,3.500074246846,32.724576765133094,-0.00028511287740038945,2395.188,8411.655999999999,-0.00033471295696104776,25.668484796650056,840.9999999999999,4.009999999999991,83.1467520144496,True
B0007,2A-const-24C,room,360,1.559633933561147,True,3002.641,3.5011647157526498,32.70434030242972,-0.0002832575937281512,2391.656,7976.250000000003,-0.00036188670365588395,25.74432548238452,841.219,3.9999999999999916,82.84843082800477,True
B0007,2A-const-24C,room,364,1.5649820533392105,True,3012.0,3.500407285435189,32.74051962267582,-0.0002815607009609022,2372.281,8434.437999999998,-0.0003343745060861112,25.633915030387637,839.453,4.009999999999991,83.13252526962869,True
B0007,2A-const-24C,room,367,1.57497949984227,True,3020.11,3.507816455272743,33.38712825139849,-0.00028370749899041893,2389.734,7653.438,-0.00038610894723411815,26.086357315160182,869.671,3.9999999999999916,83.66359396289198,True
B0007,2A-const-24C,room,371,1.5652811168780458,True,3002.172000000006,3.5025243992110107,33.270627344923426,-0.0002876318628813292,2428.406,8141.406,-0.0003495383538517732,26.36503424612251,841.828,4.009999999999991,83.14841165448941,True
B0007,2A-const-24C,room,375,1.559755497470126,True,2992.703,3.505155823274424,33.115074143665915,-0.00028037702938782204,2400.172,7517.030999999999,-0.00039240674771100003,26.295278993185978,837.4679999999998,3.9899999999999918,82.8548883555614,True
B0007,2A-const-24C,room,379,1.549897685670499,True,2964.468,3.4983646475135717,32.90572814040102,-0.0002922740320039713,2368.485,7948.921,-0.0003610821180016238,26.019053861613617,833.3280000000001,3.9999999999999916,82.33123711829184,True
B0007,2A-const-24C,room,383,1.5438771531345021,True,2983.375,3.500140843862167,32.953112654161664,-0.00028203167117860594,2352.453,8453.656,-0.0003330332234375211,25.806756459289247,839.782,3.9999999999999916,82.01142381939972,True
B0007,2A-const-24C,room,387,1.5450187488690073,True,2975.297,3.49909547013937,33.2282109237263,-0.0002882642421372013,2332.89,7709.031000000001,-0.00038079042679321366,26.09212236076689,832.688,4.009999999999991,82.07206587982715,True
B0007,2A-const-24C,room,391,1.5445940154102908,True,2974.9850000000006,3.5010357611640615,33.361342590516294,-0.00028332318206080327,2337.859,8381.422,-0.00033618875497755006,26.277216685610473,826.8899999999999,3.9999999999999916,82.04950385433027,True
B0007,2A-const-24C,room,395,1.5343086721758876,True,2966.25,3.497212315865497,33.12431679486816,-0.0002865999860767348,2325.094,8479.625,-0.00033013147253656126,26.15850923293319,827.2660000000001,4.009999999999991,81.5031419618623,True
B0007,2A-const-24C,room,399,1.5287603942958483,True,2956.359,3.496089957852059,32.991553593266204,-0.00028681180992309397,2300.594,8505.093,-0.0003308876910708236,25.828357624929552,824.9369999999999,4.009999999999991,81.2084150350703,True
B0007,2A-const-24C,room,403,1.5289260249179843,True,2956.344,3.495877119417779,33.2318318845246,-0.0002891243505366006,2290.531,7720.875000000001,-0.00037919708532597015,26.095617992004808,824.938,4.019999999999991,81.21721340553772,True
B0007,2A-const-24C,room,407,1.529091650133123,True,2956.406,3.493116071455022,33.5098123920945,-0.00029387403945495765,2288.125,8518.5,-0.0003291041183077508,26.247673777602802,822.1869999999999,3.9999999999999916,81.22601148878312,True
B0007,2A-const-24C,room,411,1.5239059324661248,True,2947.266,3.492655946458748,33.382402850667845,-0.0002931370678260852,2288.735,8516.828,-0.00032981928529731764,26.33793086974434,822.2969999999998,4.009999999999991,80.9505439177186,True
B0007,2A-const-24C,room,415,1.5186675419100615,True,2937.984,3.49208824531703,33.17829959346276,-0.0002922744942221453,2271.781,8535.437999999998,-0.00032887924248262493,26.124984681348387,822.6719999999999,3.9999999999999916,80.67227833994733,True
B0007,2A-const-24C,room,419,1.5136482266426952,True,2929.125,3.490216477408044,33.01591345323486,-0.00029299200952942977,2251.516,8554.031,-0.0003288242205518753,25.852136896684545,824.828,4.009999999999991,80.40565013650549,True
B0007,2A-const-24C,room,423,1.5136050185229033,True,2928.454,3.4905931958620466,33.271000362987586,-0.0002942697202854303,2237.75,8272.703,-0.00034526745828103016,25.97324099771749,819.672,4.009999999999991,80.40335490244655,True
B0007,2A-const-24C,room,427,1.5139470614867965,True,2929.375,3.4911419366203664,33.61966967517867,-0.0002960040845204473,2239.359,7963.4220000000005,-0.0003642459344513946,26.37673825663932,818.4369999999999,4.009999999999991,80.42152437300275,True
B0007,2A-const-24C,room,431,1.5339599193158786,True,2946.031,3.49283645226053,33.29697162630193,-0.0002944822702214349,2246.203,7894.655999999997,-0.00036751476365396606,26.649421931226808,814.7030000000001,3.9999999999999916,81.4846160587149,True
B0007,2A-const-24C,room,433,1.5391372798653098,True,2955.438,3.5025157522808223,33.393130865360554,-0.00028661282016033716,2319.828,8020.844000000001,-0.00035931259347945756,26.383044651599388,856.9840000000002,3.9999999999999916,81.7596396960705,True
B0007,2A-const-24C,room,437,1.5236247972838737,True,2937.625,3.492953565598811,33.13820710362847,-0.0002952457715189014,2309.719,8390.343999999994,-0.0003345355639539934,26.395185471876317,821.204,3.9999999999999916,80.93560989493362,True
B0007,2A-const-24C,room,441,1.5135813035589147,True,2929.078,3.4917462636517236,32.84069778843796,-0.00029156140176366457,2273.359,8355.579,-0.0003388156316495607,25.994181141235586,824.312,3.9999999999999916,80.40209515327635,True
B0007,2A-const-24C,room,445,1.5077850749847914,True,2918.375,3.490432264232956,32.75739655594484,-0.00029231290157132023,2241.047,8566.062,-0.00032740136950642085,25.74488779237481,822.015,4.019999999999991,80.09419697810003,True
B0007,2A-const-24C,room,449,1.5031960676037333,True,2919.812,3.488861416967918,32.77234087259374,-0.0002914945624206095,2224.265,8498.25,-0.00033115682206107225,25.71873647224021,822.5780000000001,4.019999999999991,79.85042691616587,True
B0007,2A-const-24C,room,453,1.4978220596995881,True,2900.422,3.4891932104785104,32.720417557744895,-0.0002930526729187333,2207.562,8565.407,-0.0003272904157976945,25.673994611790967,820.3910000000001,4.019999999999991,79.56495728605908,True
B0007,2A-const-24C,room,457,1.492848534633516,True,2901.375,3.4878785713375917,32.710022803073514,-0.00029170643017198113,2193.9839999999967,8551.735,-0.0003290172871137038,25.676415041989998,817.5780000000053,4.009999999999991,79.3007614779652,True
B0007,2A-const-24C,room,461,1.492414389867026,True,2901.187,3.486430546073901,32.62076759783716,-0.00028990444124985085,2176.781,8630.312999999998,-0.00032546128469502453,25.56512774573633,814.9380000000001,4.019999999999991,79.27769951971851,True
B0007,2A-const-24C,room,465,1.487482776538081,True,2891.64,3.4812572775226682,32.57651826255201,-0.00029994036720258063,2160.031,7953.61,-0.0003669498556617481,25.559920462706533,813.563,4.009999999999991,79.0157300812743,True
B0007,2A-const-24C,room,469,1.482535148640411,True,2882.906,3.4823550791204023,32.58396494906228,-0.00029753552808088884,2155.047,8430.765,-0.0003367157876453361,25.488875323515025,815.1560000000001,4.019999999999991,78.75290994199528,True
B0007,2A-const-24C,room,473,1.4827874322228984,True,2883.265,3.4835074286280525,32.623742674615976,-0.00029277023880709804,2142.734,8663.828,-0.0003243984528151706,25.487686966812053,810.61,4.009999999999991,78.76631135529041,True
B0007,2A-const-24C,room,477,1.476971179775059,True,2882.969,3.478976541530706,32.58599202496769,-0.0002987551155386164,2128.547000000006,8676.733999999997,-0.0003237395709970515,25.448935623731767,808.7969999999914,4.009999999999991,78.45734950325966,True
B0007,2A-const-24C,room,481,1.4819015554137276,True,2891.656,3.483501191305966,32.864544723781215,-0.00029231663029682557,2122.781,8610.61,-0.00032774291010073073,25.401218153058803,805.64,4.009999999999991,78.71925319505972,True
B0007,2A-const-24C,room,483,1.4981366198874824,True,2901.25,3.4899701994096612,33.079651096902374,-0.00029355151527067836,2140.516,8665.031,-0.000325460113311894,25.892291164391303,848.1099999999999,4.019999999999991,79.58166685963734,True
B0007,2A-const-24C,room,485,1.4820775214392872,True,2891.703,3.484801138956006,32.932141650182686,-0.00029538198578506295,2201.469,8549.797000000002,-0.0003260252440818514,26.195166662980835,787.328,4.009999999999991,78.72860058663858,True
B0007,2A-const-24C,room,489,1.4771155312812152,True,2883.016,3.47835437960934,32.755748003791545,-0.0003011765914750744,2145.922,8659.703,-0.00032350142377145474,25.775432615050974,814.625,4.009999999999991,78.46501751785934,True
B0007,2A-const-24C,room,493,1.4720772783056488,True,2873.453,3.475694933923807,32.52965474617847,-0.00030220493158932053,2122.719,8683.953000000001,-0.0003241216217607243,25.502094661985332,810.4839999999999,4.009999999999991,78.19738333514627,True
B0007,2A-const-24C,room,497,1.472248013656454,True,2874.031,3.481431873453954,32.848065199041,-0.00029308941598781056,2110.281,8392.171999999999,-0.00034074715546837295,25.633883413252562,808.0939999999999,4.019999999999991,78.20645287101408,True
B0007,2A-const-24C,room,501,1.4670106672274665,True,2874.234,3.4796060336232353,33.072327061961936,-0.00029736063499081816,2107.938,8581.280999999999,-0.00032831634131340586,25.938494846858667,803.4060000000001,4.019999999999991,77.92824275772581,True
B0007,2A-const-24C,room,505,1.4617672495335379,True,2864.984,3.4782258967329596,32.85096451719535,-0.0002973596378224142,2104.391,8332.062999999998,-0.0003429935272802702,25.940545343617295,802.75,4.019999999999991,77.6497101362113,True
B0007,2A-const-24C,room,509,1.4566952670489708,True,2855.093,3.4743233868367187,32.572302329954546,-0.00030014973208823415,2082.422,8110.8279999999995,-0.00035771716826173356,25.680165940793994,800.562,4.019999999999991,77.38028422735457,True
B0007,2A-const-24C,room,513,1.451354972758956,True,2855.625,3.4737305453330443,32.450684441760906,-0.00029612748521339635,2062.828,8670.875,-0.0003252936857870391,25.300800520190858,798.203,4.019999999999991,77.09660547904903,True
B0007,2A-const-24C,room,517,1.451615926257375,True,2855.594,3.47481272321405,32.7394359440147,-0.00029676735618756287,2047.781,8600.030999999999,-0.0003295386601403667,25.391998291850797,799.0619999999999,4.019999999999991,77.11046744203782,True
B0007,2A-const-24C,room,521,1.4468161332173683,True,2847.437,3.476096426841386,32.775898242252914,-0.0002952411820241355,2051.485,8569.75,-0.00033111926020561584,25.6831340414972,797.8910000000001,4.0299999999999905,76.85550035450098,True
B0007,2A-const-24C,room,525,1.4467570607768785,True,2847.36,3.4686822529487804,32.5817324044051,-0.00030411208740395754,2042.5,7927.077999999994,-0.0003682776359449429,25.622119348419083,792.922,4.0299999999999905,76.85236240084758,True
B0007,2A-const-24C,room,529,1.4413797481446793,True,2837.328,3.4661964701943586,32.35021153014993,-0.00030419485948638883,2025.047,8476.046999999999,-0.00033783929422686834,25.24459175658463,793.344,4.019999999999991,76.56671722215357,True
B0007,2A-const-24C,room,533,1.4362456252208178,True,2837.281,3.468183423895935,32.28754240914786,-0.00029717365790448737,2007.297,8563.438,-0.00033296237080235726,25.02365948571139,795.2349999999999,4.0299999999999905,76.29399038621663,True
B0007,2A-const-24C,room,537,1.4368154153924828,True,2838.515,3.4678606629897453,32.603239183227075,-0.0003003125487254739,1996.922,8807.842999999999,-0.00031963409370734647,25.179508727208052,790.4220000000001,4.009999999999991,76.3242578872038,True
B0007,2A-const-24C,room,541,1.4362945145860047,True,2828.328,3.4662499547181245,32.61208344144242,-0.0003056437802514082,2002.875,8034.625,-0.0003636802489601682,25.490818359886532,788.2189999999999,4.019999999999991,76.29658741049442,True
B0007,2A-const-24C,room,545,1.4418575315878015,True,2838.265,3.462469269360201,32.26742656599958,-0.00030280777848272413,1997.86,8557.265,-0.00033439324228622076,25.427226509947285,785.9380000000001,4.0299999999999905,76.59209728582525,True
B0007,2A-const-24C,room,548,1.4672063484781797,True,2864.547,3.480518309485383,32.637733704417855,-0.0002953618093585979,1984.625,8822.703,-0.00032297224895754255,25.255921086783268,839.4689999999999,4.0299999999999905,77.93863743061358,True
B0007,2A-const-24C,room,552,1.4518640367848885,True,2846.39,3.4723137993738336,32.665258715232376,-0.00030362638523183394,2088.984,8701.078999999994,-0.0003217423814338291,25.59348621208872,802.718,4.019999999999991,77.12364718084324,True
B0007,2A-const-24C,room,556,1.4471379752748499,True,2837.969,3.474362108592906,32.502652632323915,-0.0002956423077735856,2061.609,8513.032,-0.0003326655706333955,25.51897802342435,800.7959999999999,4.019999999999991,76.87259674414922,True
B0007,2A-const-24C,room,560,1.441790586562399,True,2838.156,3.4722823212388754,32.446842086875606,-0.0002946881449369897,2029.75,8044.359,-0.0003619312749374074,25.42437424452934,793.235,4.009999999999991,76.58854113704764,True
B0007,2A-const-24C,room,564,1.431630947911111,True,2829.843,3.4701761898320465,32.39361892904713,-0.0002962047162638768,2012.969,8410.078000000001,-0.0003401962817276688,25.283850691977545,791.64,4.0299999999999905,76.04885672654186,True
B0007,2A-const-24C,room,568,1.4318084249673686,True,2829.625,3.4635011119445216,32.417221778010834,-0.00030494681383286547,1994.406,8539.64,-0.00033393200846223346,25.219518229828754,789.0,4.019999999999991,76.05828438472659,True
B0007,2A-const-24C,room,572,1.4262562585106868,True,2819.437,3.467453100453348,32.40094040453025,-0.00029902972099296485,1990.953,8275.859000000006,-0.00034958521466219933,25.266231486558603,789.4529999999999,4.0299999999999905,75.76335089505721,True
B0007,2A-const-24C,room,576,1.4260877528924913,True,2819.579,3.4675864728547845,32.36314241861482,-0.00029468307068061415,1976.5,8591.609,-0.0003310350408060054,25.207190052999604,789.0630000000001,4.0299999999999905,75.75439980355247,True
B0007,2A-const-24C,room,580,1.4212633510031694,True,2810.672,3.462182535852444,32.382600705235255,-0.0003046852199898225,1963.109,8835.234999999999,-0.00031759699155825235,25.097670267805956,784.4060000000001,4.0299999999999905,75.49812548326929,True
B0007,2A-const-24C,room,584,1.4163272748795108,True,2811.485,3.465962999117946,32.4323818014572,-0.00029662436328608264,1958.0,8321.047,-0.00034731590505318334,25.242481368878632,784.1879999999999,4.0299999999999905,75.23591897923475,True
B0007,2A-const-24C,room,588,1.4165781829175994,True,2802.422,3.4601727514874407,32.48861829940489,-0.0003077463579674027,1947.093,8352.296999999999,-0.0003465723567083497,25.27607020296545,777.266,4.0299999999999905,75.24924732301496,True
B0007,2A-const-24C,room,592,1.4108401729425177,True,2801.625,3.464226115253961,32.524062377970175,-0.00029826407568472874,1946.687,8596.390999999994,-0.00033240795696323576,25.27314773582078,780.125,4.019999999999991,74.94444174506404,True
B0007,2A-const-24C,room,596,1.4109949628347804,True,2802.031,3.458799193390812,32.482615965621896,-0.0003052658923934134,1934.64,8495.469000000001,-0.0003375905170060688,25.26421894976394,777.906,4.0299999999999905,74.95266425125992,True
B0007,2A-const-24C,room,600,1.4061714290398801,True,2793.39,3.4620805499710854,32.46389583182878,-0.00030024806683551046,1927.938,8226.155999999999,-0.00035228463674368996,25.247717236760785,779.9069999999999,4.03999999999999,74.69643604452881,True
B0007,2A-const-24C,room,604,1.4063358479692922,True,2793.39,3.4578782949034514,32.55681404542561,-0.0003061407858291031,1918.281,8398.625,-0.00034349537018206716,25.27414999815343,774.7499999999999,4.019999999999991,74.70517004935334,True
B0007,2A-const-24C,room,608,1.4004552399066514,True,2792.485,3.461590937144894,32.576296430484255,-0.0002971197943667827,1916.609,8654.780999999999,-0.00032943520831911266,25.294181907809836,772.578,4.0299999999999905,74.39278959915893,True
B0007,2A-const-24C,room,612,1.4217865046055154,True,2802.016,3.462906230864041,32.81804879809979,-0.0003079828081157771,1904.297,7988.0779999999995,-0.0003674190078328866,25.431335735111634,772.719,4.0299999999999905,75.525915629472,True
B0007,2A-const-24C,room,614,1.4324552720625434,True,2820.39,3.4753580425264796,32.92941193334214,-0.00030388349563578834,1953.734,8258.5,-0.0003514417466113772,25.138343976613978,814.7189999999999,4.0299999999999905,76.09264518290345,True
B0018,2A-const-24C,room,3,1.8550045207910817,True,3434.891,3.5275462263272543,31.773285281389256,-0.00021809255754297798,559.047,7563.7970000000005,-0.00038385141474607363,24.42229248876264,86.51599999999999,4.179999999999987,100.80258110417847,True
B0018,2A-const-24C,room,7,1.8431955317089987,True,3425.485,3.534835576186522,31.924891594728642,-0.0002192630593703198,3102.547,7702.218999999999,-0.00038935469322913605,25.545536174167466,1073.781,4.009999999999991,100.16087022619237,True
B0018,2A-const-24C,room,11,1.8396018424355423,True,3410.375,3.538246596159443,31.31691283374216,-0.00021953742652074202,3104.0310000000027,7702.360000000001,-0.0003933548139134535,25.446466159720142,970.4849999999947,3.9999999999999916,99.96558598273602,True
B0018,2A-const-24C,room,15,1.8306736044962053,True,3404.719,3.537697945111872,30.821190751176527,-0.00021993482026846136,3082.047,7723.905999999999,-0.0004005605109364128,24.873840724794903,968.1089999999999,3.9999999999999916,99.48041766162939,True
B0018,2A-const-24C,room,18,1.8327002069419656,True,3417.641,3.542667604586918,31.95346971511436,-0.00022134855289862145,3052.734,7753.859999999999,-0.00041110961320600057,25.184745587136256,1031.3899999999999,4.009999999999991,99.59054502526382,True
B0018,2A-const-24C,room,20,1.8285288846046388,True,3411.766,3.5451037330477333,32.02311236185272,-0.00022313457769162343,3111.454,7693.389999999999,-0.0004104203331709095,26.83090280704791,848.6400000000001,3.9899999999999918,99.3638716918529,True
B0018,2A-const-24C,room,22,1.8212011895697924,True,3399.516,3.5475142438631493,31.634533158077694,-0.00021863740232453373,3096.7350000000006,7709.5,-0.0004217859740568548,26.612686159872126,846.7350000000006,3.9899999999999918,98.96567828327738,True
B0018,2A-const-24C,room,24,1.8151700106433282,True,3388.75,3.544812433691423,31.288194921595714,-0.00022189707067083331,3062.437,7745.094000000001,-0.0004242615112385927,26.181469651247287,841.422,3.9899999999999918,98.63793870309055,True
B0018,2A-const-24C,room,27,1.8042980520967649,True,3380.406,3.5434780274164095,31.11122470608501,-0.00022281107252566373,3042.266,7764.7970000000005,-0.00043214188676883293,25.91755929599645,844.9060000000002,3.9999999999999916,98.04714689052729,True
B0018,2A-const-24C,room,30,1.8231002302844226,True,3404.141,3.543133206790044,31.13166983979621,-0.00022270401926554362,2971.141,7834.75,-0.0004440378627909373,24.489490921475447,1021.719,4.009999999999991,99.0688738299788,True
B0018,2A-const-24C,room,32,1.8121253520255494,True,3396.141,3.545155146280937,31.51305775907457,-0.0002236145704238523,3075.406,7730.625000000001,-0.0004474899367268629,26.146821020863474,849.078,3.9999999999999916,98.47248926951058,True
B0018,2A-const-24C,room,34,1.8046916382117766,True,3384.094,3.545032366549762,31.31102568785445,-0.0002228175277024134,3058.438,7584.545999999997,-0.0004639311268191621,26.252986903576208,836.8899999999999,3.9899999999999918,98.06853470701792,True
B0018,2A-const-24C,room,36,1.790844349786295,True,3370.656,3.5440892170496827,30.893964711700164,-0.0002206711782788906,3023.266,7747.9220000000005,-0.0004596690513327574,25.853699304554265,838.0780000000002,3.9899999999999918,97.31606084566728,True
B0018,2A-const-24C,room,39,1.783470722841926,True,3357.797,3.541317108618481,30.540598970902945,-0.0002216821101420797,2983.718,7810.688000000001,-0.00045955271896027267,25.419542407670075,838.656,3.9899999999999918,96.91537145663294,True
B0018,2A-const-24C,room,42,1.7809386125310702,True,3363.015,3.541197979542517,30.82566018736547,-0.00022676622234294504,2938.313,7870.359,-0.0004609962492745496,24.304660185191814,959.156,3.9599999999999924,96.77777434993375,True
B0018,2A-const-24C,room,44,1.771209039672698,True,3357.734,3.541255460524434,31.451400678644536,-0.0002279264425286487,2964.656,7824.172,-0.00047359031336680556,25.891404452355065,833.7350000000001,3.9899999999999918,96.2490607828386,True
B0018,2A-const-24C,room,46,1.7686303996707076,True,3344.187,3.5427478949705886,31.518847747922937,-0.00022746223896052384,2955.172,7734.421999999999,-0.00048636794108606224,26.338798726333607,827.531,3.9899999999999918,96.10893521170077,True
B0018,2A-const-24C,room,48,1.7536304801917124,True,3339.969,3.541251093602656,31.11237289077096,-0.0002232715689808322,2928.297000000006,7742.375,-0.0004864246050819145,26.07003491744081,823.578,3.9999999999999916,95.29382636269766,True
B0018,2A-const-24C,room,51,1.7462197416415093,True,3327.641,3.5350260562177453,30.586452588663985,-0.0002264986987062575,2887.984,7768.281999999999,-0.0004971481075621161,25.562018261524052,824.4070000000002,3.9999999999999916,94.89112029628326,True
B0018,2A-const-24C,room,54,1.7376647337053737,True,3312.844,3.5326627624319777,30.242913021104116,-0.00023151174732362505,2843.032,7965.203,-0.000484945437618494,24.239098701090988,905.422,3.9999999999999916,94.42623362260474,True
B0018,2A-const-24C,room,56,1.7315166735475835,True,3302.031,3.5333109441755526,30.10270376338569,-0.00022789784846419397,2842.235,7964.483999999999,-0.0004904819019163055,24.743544206187746,829.422,3.9999999999999916,94.0921426132606,True
B0018,2A-const-24C,room,58,1.7085949894470602,True,3305.547,3.52738705832889,30.251184852221932,-0.00022898888242634492,2805.594,6896.406,-0.000625575880498205,24.96960156651026,825.719,3.9999999999999916,92.84655809058678,True
B0018,2A-const-24C,room,60,1.711469957068211,True,3289.562,3.5296025965720452,30.212407704391104,-0.0002283275394973388,2791.422,8014.891,-0.0005020973054046737,24.775220976126924,828.1089999999999,3.9999999999999916,93.00278636580379,True
B0018,2A-const-24C,room,63,1.7075021373272627,True,3283.797,3.5289707694229833,30.125011009636175,-0.00022729932393353628,2763.5939999999973,8003.578000000009,-0.0005055292578968735,24.743273709867076,820.5929999999935,3.9999999999999916,92.78717154289589,True
B0018,2A-const-24C,room,66,1.7492382064360228,True,3325.235,3.5322741848919814,30.22428629982563,-0.00022876991676676683,2689.015,8117.125,-0.0005148151991717838,23.451833761379476,975.2189999999998,3.969999999999992,95.05514633441351,True
B0018,2A-const-24C,room,68,1.7327697147429955,True,3317.547,3.532438322521663,30.976376254737342,-0.00023254914958967642,2848.625,7797.156000000001,-0.0005424505912831584,25.23866382689419,824.3589999999999,3.9999999999999916,94.16023397654932,True
B0018,2A-const-24C,room,70,1.7222313328292376,True,3311.766,3.5363211310943603,31.41570291330098,-0.00022615348088908193,2831.031,7723.875000000001,-0.0005548996352479137,25.942576564414136,819.969,3.9999999999999916,93.58756901230689,True
B0018,2A-const-24C,room,72,1.711846298984729,True,3305.218,3.533535274219931,31.383299841535273,-0.00022760294137009806,2797.797,7681.5779999999995,-0.0005617366748771246,26.097017175204584,811.4839999999999,3.9899999999999918,93.02323711734509,True
B0018,2A-const-24C,room,75,1.699267835126687,True,3295.453,3.527012841842043,31.167937826253635,-0.00023257424411669765,2764.875,7757.188,-0.0005612412553509449,25.923942041376847,812.6090000000002,3.9999999999999916,92.33971230163438,True
B0018,2A-const-24C,room,78,1.6940366439243106,True,3287.0,3.52925730014011,30.994690437264207,-0.00022795957002294903,2718.641,8045.7029999999995,-0.0005400591373649744,24.89634801754428,879.078,3.9599999999999924,92.0554447596749,True
B0018,2A-const-24C,room,80,1.6819027078768087,True,3276.922,3.527821497534469,31.055317978554886,-0.00022738184682228447,2704.984,7851.093999999999,-0.0005650814277260517,25.529668879010824,803.25,3.9899999999999918,91.39607597710202,True
B0018,2A-const-24C,room,82,1.6769770618433686,True,3268.687,3.525692957415014,31.373945543706103,-0.00023140994058674336,2673.609,7873.0779999999995,-0.0005640385023236303,25.707749149739985,801.922,4.009999999999991,91.12841202900307,True
B0018,2A-const-24C,room,84,1.6655229306478936,True,3260.594,3.5243962482347273,31.56128410753226,-0.00023071264912734145,2664.922,7812.280999999999,-0.0005801269059939548,26.05899080017432,802.031,3.9999999999999916,90.5059844414318,True
B0018,2A-const-24C,room,87,1.6571924575832084,True,3258.812,3.520797576383474,31.318474723902874,-0.00022948784094325447,2642.468,7856.124999999994,-0.0005801987944659839,26.018613481994876,798.531,3.9999999999999916,90.05329919062662,True
B0018,2A-const-24C,room,90,1.6482241555294048,True,3243.422,3.519457281260753,31.104012325043946,-0.0002339368471555476,2580.813,8136.187,-0.0005576865776415852,24.92442022306288,853.547,4.009999999999991,89.56595375021777,True
B0018,2A-const-24C,room,92,1.6387701497987262,True,3236.515,3.513165600287965,30.989730398009076,-0.00023890050232885614,2586.938,7997.8279999999995,-0.0005760873878332387,25.472278015626834,786.375,3.9999999999999916,89.05221474379222,True
B0018,2A-const-24C,room,94,1.6276486907262062,True,3230.734,3.517217159454334,30.967851972472324,-0.00022646737401118126,2559.828,7965.813,-0.000587530836351305,25.361434715128922,787.375,3.9999999999999916,88.44786485267907,True
B0018,2A-const-24C,room,96,1.62215370227252,True,3222.093,3.5120091114107965,31.285342046153826,-0.0002368609497718423,2521.281,8122.844,-0.0005785347604249133,25.44207618553034,783.172,3.9999999999999916,88.14926233550948,True
B0018,2A-const-24C,room,99,1.6140066510467586,True,3220.344,3.50911052654104,31.41096207271253,-0.00023599617362055495,2514.656,7937.86,-0.0006025732917796862,25.831018575864743,779.0160000000001,4.009999999999991,87.70654438914323,True
B0018,2A-const-24C,room,102,1.6760516154424623,True,3250.75,3.516106699716392,30.755137125871208,-0.000244334213893943,2451.797,8358.655999999999,-0.0005761450676743296,23.918488508769663,927.406,4.019999999999991,91.07812245566815,True
B0018,2A-const-24C,room,104,1.649300642552199,True,3239.344,3.519010068254593,30.977446633931525,-0.00023187786045902734,2651.875,7829.687,-0.0006322663761480102,25.50617247150571,804.1089999999999,3.9999999999999916,89.62445100410939,True
B0018,2A-const-24C,room,106,1.63238299185809,True,3222.25,3.5124212742229295,30.800512192698992,-0.00023958609969431104,2575.828,7847.390999999998,-0.0006301313148891589,25.35253952946816,792.0780000000002,3.9999999999999916,88.70513095013031,True
B0018,2A-const-24C,room,108,1.6164159719025777,True,3206.157,3.50815215295169,30.616192795676138,-0.00023996215646683488,2529.875,7945.218999999999,-0.0006237510519371398,25.10028019162854,787.1410000000001,3.9999999999999916,87.83746900859974,True
B0018,2A-const-24C,room,111,1.6109028378249377,True,3197.969,3.508648568515266,30.399839302766903,-0.00023323948048145616,2484.984,8104.375,-0.0006065785086983501,24.870900772580274,781.7660000000001,4.009999999999991,87.5378804422266,True
B0018,2A-const-24C,room,114,1.5954638693695657,True,3181.625,3.5051993439595477,30.38386825126278,-0.00023763308040681684,2398.922,8382.828,-0.0005970453192949281,23.95456335101015,842.234,4.009999999999991,86.69891328476447,True
B0018,2A-const-24C,room,117,1.726707440085764,True,3302.36,3.523165280193865,30.576239500422748,-0.0002419480908083506,6.859,4576.11,-0.00045486018505699476,23.04165740184246,0.0,,93.83080462693741,True
B0018,2A-const-24C,room,119,1.7165673917429753,True,3285.812,3.527269876472835,30.705906284556665,-0.000239116166879276,2925.735,7259.2029999999995,-0.0006135557402937052,25.5157207896412,810.469,3.9999999999999916,93.27978546012785,True
B0018,2A-const-24C,room,121,1.6958235570934848,True,3260.016,3.526762654741574,30.62583594950684,-0.0002367689036133397,2853.2339999999967,7377.031000000003,-0.0006096744799617494,25.40320261606661,806.1399999999999,3.9899999999999918,92.15254719670021,True
B0018,2A-const-24C,room,123,1.6777783190792557,True,3240.031,3.523020179476104,30.597357068657974,-0.00023822586732058474,2779.609,7434.266,-0.0006151313628092616,25.318880573273052,803.406,3.9999999999999916,91.17195305362083,True
B0018,2A-const-24C,room,125,1.6606586897774192,True,3232.265,3.519792345798265,30.528493896066262,-0.00023656225980866623,2726.359,7585.359,-0.0006031009328812717,25.191562555105925,797.094,3.9999999999999916,90.24165730402561,True
B0018,2A-const-24C,room,128,1.6664109274827466,True,3232.031,3.5251014582287223,31.203754246103966,-0.00023576896167864863,2633.438,7715.171,-0.0006087463344965357,24.747111933662097,888.5630000000001,3.969999999999992,90.5542389723304,True
B0018,2A-const-24C,room,130,1.6468336174407805,True,3209.5149999999994,3.518519199837846,31.172639449335037,-0.0002438074473752358,2696.687,7624.375,-0.000611364528770487,25.88385482750118,783.0,3.9999999999999916,89.49039068452927,True
B0018,2A-const-24C,room,132,1.6257639928779952,True,3196.125,3.5190801794284594,30.96825922704022,-0.00023359096417373834,2649.797,6543.530999999999,-0.0007735254985077629,25.930672938405944,788.1089999999999,3.9999999999999916,88.34544870998411,True
B0018,2A-const-24C,room,134,1.6121577411874595,True,3172.562,3.5114167272902406,30.821704306343133,-0.0002446430893450277,2596.375,6586.125,-0.0007654393427543574,25.664791638383633,781.1869999999999,4.009999999999991,87.60607299731782,True
B0018,2A-const-24C,room,136,1.6057366823755344,True,3172.735,3.5108038681605738,30.765219721637393,-0.00024117944355574563,2559.172,7795.264999999999,-0.0006038258538574284,25.283565840567434,777.578,3.9999999999999916,87.25714700042172,True
B0018,2A-const-24C,room,141,1.673645314879889,True,3238.109,3.51432611790755,30.809988428281613,-0.0002390370555904838,7.171999999999997,1848.484,-0.0005427360703411194,23.048627666451832,0.0,,90.94736196160943,True
B0018,2A-const-24C,room,143,1.6404348572349936,True,3191.063,3.5196664048265607,31.039033590700278,-0.0002410381955868669,2686.281,7454.625000000001,-0.0006551276786930436,25.6746395923991,787.5160000000001,3.9999999999999916,89.14267641355006,True
B0018,2A-const-24C,room,145,1.6132653317422077,True,3165.828,3.512403849382274,31.04176453157222,-0.00024639495004006613,2608.688,7536.312,-0.0006521496150636857,25.705201487299274,786.047,4.009999999999991,87.66626044455789,True
B0018,2A-const-24C,room,147,1.5920964324686278,True,3140.407,3.5077862234460104,30.959784195511766,-0.00024653822258010087,2554.89,7724.563,-0.000642135702913111,25.584315806002166,773.5,3.9999999999999916,86.51592379470368,True
B0018,2A-const-24C,room,150,1.5866011820698824,True,3131.922,3.5076596102713244,30.843513277103145,-0.00024099587129997347,2507.375,7818.218999999999,-0.0006294672857953508,25.501256299429965,769.0630000000001,4.019999999999991,86.21730704320862,True
B0018,2A-const-24C,room,153,1.5800766490336253,True,3121.109,3.5074833565874615,30.797157400797865,-0.00024237694076964674,2401.531,8248.703000000001,-0.0005996309499025726,24.494524405493824,828.375,3.9999999999999916,85.86275816573541,True
B0018,2A-const-24C,room,155,1.5641732953289167,True,3105.265,3.5023865933440717,30.984434580754094,-0.0002492810365802448,2430.0,7902.937,-0.0006255327930430336,25.3635549759085,760.1570000000002,4.009999999999991,84.99855590440417,True
B0018,2A-const-24C,room,157,1.555618272193922,True,3091.25,3.503693493885047,30.967899275139946,-0.00024305466465460602,2406.265,7971.141000000001,-0.000623663299066484,25.4527637681023,752.0930000000001,4.009999999999991,84.53366840480625,True
B0018,2A-const-24C,room,159,1.5402045278637397,True,3076.703,3.4989948462048113,30.976616345195186,-0.0002473663379426767,2371.875,7976.906000000003,-0.000629973426799279,25.391621024053098,750.75,4.009999999999991,83.69607194854551,True
B0018,2A-const-24C,room,162,1.5321613015959863,True,3062.328,3.495405576723954,30.89768961926806,-0.00024799357771459915,2348.641,8048.234,-0.000626050971306862,25.343311446661343,745.4839999999999,4.019999999999991,83.25899594193356,True
B0018,2A-const-24C,room,165,1.5316232403693415,True,3050.563,3.494528300232307,30.81568822237933,-0.0002530372502679119,2251.437,8545.485,-0.0005870099311345072,24.46304825674001,810.0790000000001,4.009999999999991,83.2297572205019,True
B0018,2A-const-24C,room,167,1.5222595950771978,True,3034.672,3.4962554827793926,30.726188079151118,-0.00024615433331855706,2301.438,8026.718000000001,-0.0006351352725325189,25.113825678212983,730.7339999999999,4.009999999999991,82.72092847997163,True
B0018,2A-const-24C,room,169,1.5065267126851283,True,3031.25,3.48769646191346,30.76818712651005,-0.000251386210193031,2259.922,8225.203,-0.0006250311817182517,25.01841375065976,726.703,4.019999999999991,81.86598978006336,True
B0018,2A-const-24C,room,171,1.5014219556532926,True,3011.343,3.486547580844067,30.775415173787835,-0.0002553952182349952,2247.391,8018.1720000000005,-0.0006495033896921202,25.083400556730766,725.1249999999999,4.009999999999991,81.58859278240035,True
B0018,2A-const-24C,room,174,1.4963534117486457,True,3003.0,3.482298183882304,30.761821976538275,-0.0002573769133431215,2222.047,8165.030999999994,-0.0006448551116475156,25.063963924614146,710.5,4.009999999999991,81.3131636379957,True
B0018,2A-const-24C,room,177,1.5334262000312422,True,3045.187,3.491819481711868,30.913721930762733,-0.00025679407652726155,2098.453,8580.078000000001,-0.0006230389413726553,24.012888073721715,827.859,4.0299999999999905,83.32773163808919,True
B0018,2A-const-24C,room,179,1.523845267514426,True,3028.469,3.493995853241935,31.228215653165606,-0.00025246442003490414,2309.297,8073.968999999999,-0.0006499891029403936,25.547225374528853,729.3130000000001,4.009999999999991,82.80709531820133,True
B0018,2A-const-24C,room,181,1.5011920994261239,True,3012.937,3.484377015629623,31.261679783387308,-0.000257955659048365,2260.812,8114.030999999994,-0.0006619896691598298,25.573544371551275,720.766,4.009999999999991,81.57610219236578,True
B0018,2A-const-24C,room,183,1.492417671450291,True,2998.875,3.4859116793558376,31.18408593575448,-0.000254780100012329,2228.937,8176.766,-0.0006559085004277107,25.48016572856392,708.7040000000001,4.0299999999999905,81.09929204028084,True
B0018,2A-const-24C,room,185,1.483323851940123,True,2983.547,3.4842787539766786,31.001432353085377,-0.0002543884502533928,2196.078,8144.437,-0.000659722702651793,25.42239082688843,706.4689999999999,4.0299999999999905,80.60512587063208,True
B0018,2A-const-24C,room,188,1.4807376792294196,True,2966.86,3.482988652120672,30.981374033120872,-0.0002589443666718275,2080.063,8635.171,-0.000628009927198724,24.406211878601937,779.469,4.009999999999991,80.46459096546165,True
B0018,2A-const-24C,room,190,1.4735077809902477,True,2954.797,3.483799876979844,31.088687926688607,-0.0002534730600995004,2151.516,8245.125,-0.0006611595778788477,25.261305257060375,694.7969999999999,4.009999999999991,80.07171192098455,True
B0018,2A-const-24C,room,192,1.46801928526661,True,2945.735,3.4787540756450497,31.336420133762665,-0.0002648569405812035,2125.375,8287.25,-0.0006521449248434063,25.442110123070492,689.5469999999999,4.0299999999999905,79.77346222449002,True
B0018,2A-const-24C,room,194,1.4580923557119019,True,2941.375,3.4752194351784507,31.22599987103565,-0.000263054855186624,2117.375,8276.125,-0.0006614204436761853,25.475101660981416,681.281,4.0299999999999905,79.23402412051863,True
B0018,2A-const-24C,room,197,1.4478660988891399,True,2923.953,3.470739535801023,31.037323488688802,-0.00026236683227899425,2093.125,8308.312,-0.0006650533563101491,25.307439939152406,678.469,4.019999999999991,78.67832030890256,True
B0018,2A-const-24C,room,200,1.4527808777541982,True,2921.031,3.474600910003521,30.811349225731828,-0.00026387286327596255,1976.594,8833.405999999999,-0.0006219461220526436,24.228766655243138,751.5310000000001,4.0299999999999905,78.9453937254907,True
B0018,2A-const-24C,room,202,1.4425356364492432,True,2902.75,3.4740521567700093,30.932223179746046,-0.0002581689149449968,2054.687,8373.75,-0.0006618481573421762,24.963204935100002,670.141,4.03999999999999,78.38865828037483,True
B0018,2A-const-24C,room,204,1.4392712877203313,True,2897.875,3.475075728648004,31.215527070380897,-0.0002583786997083653,2030.094,8389.0,-0.0006617083348092384,25.16228062347318,665.265,4.0299999999999905,78.21127069246849,True
B0018,2A-const-24C,room,206,1.4286475681888218,True,2892.094,3.472424307596416,31.400797084337558,-0.00026227470530500505,2023.25,8329.703,-0.0006690780608117092,25.473037712821245,663.0160000000001,4.0299999999999905,77.63396840684045,True
B0018,2A-const-24C,room,209,1.4249026750004896,True,2886.921,3.471751102262539,31.259213269721236,-0.0002544013452731586,2012.985,8283.780999999999,-0.0006819060915647689,25.473217443634713,661.3599999999999,4.0299999999999905,77.43046760934249,True
B0018,2A-const-24C,room,212,1.4698115324524124,True,2942.531,3.4745407296058963,31.134701292957466,-0.00026975379278912386,1824.015,8465.422,-0.000705864236626918,24.10483300906097,779.5929999999998,4.0299999999999905,79.8708545166816,True
B0018,2A-const-24C,room,214,1.4525819651050202,True,2912.469,3.471720060423485,31.246879695988095,-0.00027202744345064696,2123.156,8248.75,-0.0006990664459889494,25.452975839922793,680.1870000000001,4.019999999999991,78.93458463676522,True
B0018,2A-const-24C,room,216,1.442834198908794,True,2895.594,3.471398409828823,31.027558674438325,-0.0002649112494207005,2075.577999999994,8161.578000000009,-0.000714751491518387,25.338235649853683,667.3599999999973,4.019999999999991,78.40488242765113,True
B0018,2A-const-24C,room,218,1.428376058807949,True,2884.406,3.4626491088970703,30.931917385258963,-0.0002726537136702565,2026.594,8339.828000000001,-0.0006988482649594386,25.051202036186005,663.8429999999998,4.0299999999999905,77.61921434771057,True
B0018,2A-const-24C,room,220,1.4154547844370715,True,2873.766,3.466072725920186,30.667082236656018,-0.0002547935531991239,2000.265,8387.438,-0.0007024143949154141,24.857491491420344,657.36,4.03999999999999,76.91706090649724,True
B0018,2A-const-24C,room,223,1.454576670077708,True,2893.375,3.4730670533412877,31.226789107710772,-0.0002721482824963521,1793.922,9014.655999999999,-0.0006603225175819822,24.14870072035666,765.922,4.0299999999999905,79.04297866359084,True
B0018,2A-const-24C,room,225,1.4283179548274056,True,2884.9839999999967,3.4668548162926327,31.387733116648285,-0.00027009600398289214,2047.078,8306.828000000001,-0.0007105872500637894,25.453269592318446,662.6870000000001,4.019999999999991,77.6160569261811,True
B0018,2A-const-24C,room,227,1.4197026883204058,True,2870.234,3.46527367520258,31.505666838292886,-0.00027119750910549993,2016.031,8310.235,-0.0007145320545899281,25.57251082982669,659.5939999999999,4.03999999999999,77.14789574863549,True
B0018,2A-const-24C,room,229,1.4155606630306516,True,2864.11,3.4638878223448684,31.5462258449116,-0.00027244490236047453,1991.36,8338.437,-0.0007090460121282603,25.65567263165318,658.8280000000001,4.0299999999999905,76.92281444261909,True
B0018,2A-const-24C,room,232,1.405680035419228,True,2846.64,3.457807923440064,31.389977882297476,-0.00027451344368193,1967.86,8257.717999999999,-0.0007187551932881799,25.542185816511246,642.375,4.0299999999999905,76.38589242706736,True
B0018,2A-const-24C,room,235,1.4084461071166137,True,2839.532,3.459813554486507,31.385433749863733,-0.00027828008487350975,1850.062,8705.109,-0.0006957264411956106,24.65390943265731,719.1400000000001,4.019999999999991,76.53620320178007,True
B0018,2A-const-24C,room,237,1.3968547782872414,True,2832.703,3.458027727779737,31.423707199142058,-0.0002744859006643667,1943.156,8375.828000000001,-0.0007139559723197542,25.392539559644987,642.172,4.0299999999999905,75.90632017382404,True
B0018,2A-const-24C,room,239,1.3935670371440676,True,2827.077999999994,3.4613996718507845,31.435368910968148,-0.00026462237758231643,1917.703,8324.906,-0.0007339132911466677,25.446963800887378,632.047,4.019999999999991,75.72766142150307,True
B0018,2A-const-24C,room,241,1.3893644292809475,True,2821.531,3.4611285476693214,31.542375291159843,-0.00026472248137129705,1893.313,8254.812,-0.0007456915025705792,25.550044778754145,629.9379999999999,4.0299999999999905,75.499288005038,True
B0018,2A-const-24C,room,244,1.3785651415666713,True,2805.156,3.455556822823358,31.52669677306915,-0.0002715456819233775,1885.781,8447.905999999999,-0.0007200517824293462,25.560938902561947,619.6250000000001,4.0299999999999905,74.91244518957065,True
B0018,2A-const-24C,room,247,1.384901110085747,True,2814.906,3.459598362944341,31.435921914290372,-0.000264671642641808,1772.531,8728.719000000001,-0.000709281634250937,24.66855691720926,696.4209999999999,4.0299999999999905,75.25674730493436,True
B0018,2A-const-24C,room,249,1.3703251814242443,True,2801.156,3.4506569891269216,31.475238112886494,-0.00027357064152591995,1864.016,8453.219000000001,-0.0007360123357246196,25.378329503723524,620.344,4.0299999999999905,74.46467849076068,True
B0018,2A-const-24C,room,251,1.3733464385229082,True,2794.187,3.455515243082573,31.5817445550721,-0.00026820190130770184,1856.062,8350.797,-0.0007472651051926958,25.490176768563206,615.6089999999999,4.0299999999999905,74.62885626516025,True
B0018,2A-const-24C,room,253,1.3679487285504814,True,2785.391,3.455840338587253,31.647958536134297,-0.0002671175012701272,1842.188,8331.515,-0.0007747649219710426,25.519272260346444,614.0,4.0299999999999905,74.33553994642679,True
B0018,2A-const-24C,room,256,1.3567141087089647,True,2779.5,3.448678293668265,31.662032275252905,-0.0002722878669162366,1825.766,8252.641000000007,-0.0007643916032693677,25.65782286764763,608.9999999999999,4.03999999999999,73.72504079935939,True
B0018,2A-const-24C,room,259,1.4604310209194575,True,2899.234,3.474503178644755,30.434500875864142,-0.00027308341164216916,1714.844,8938.875,-0.000715441786027475,23.343285627002313,767.343,4.04999999999999,79.36110924975573,True
B0018,2A-const-24C,room,261,1.4500998937104097,True,2894.922,3.474031881945217,31.017997058077018,-0.0002734768396735945,2115.703,8302.562,-0.0007551581754848892,24.967082308519945,684.11,4.019999999999991,78.79970668889106,True
B0018,2A-const-24C,room,263,1.4381406901824496,True,2888.25,3.474404210386772,31.39483761465523,-0.00027007607125674866,2085.75,8009.235000000001,-0.000805266651652488,25.573348127075526,674.0159999999998,4.0299999999999905,78.14983302548109,True
B0018,2A-const-24C,room,265,1.4283681980964316,True,2873.906,3.471767043833224,31.24511885640641,-0.00027139319061576886,2052.406,8057.702999999997,-0.000799161469602649,25.545704002011487,664.063,4.03999999999999,77.6187871897164,True
B0018,2A-const-24C,room,267,1.4147874517552432,True,2847.406,3.4685305272975935,31.05306925187263,-0.0002694028667879179,2018.141,8087.031000000001,-0.000801784721828803,25.35196919383656,661.344,4.03999999999999,76.88079746022015,True
B0018,2A-const-24C,room,270,1.413889163393182,True,2849.281,3.4651213646662598,30.88589263299331,-0.0002730880841727638,1879.765,8587.0,-0.0007625389482850484,24.306296956106422,735.0790000000001,4.009999999999991,76.83198367865967,True
B0018,2A-const-24C,room,272,1.3989331662177225,True,2833.688,3.4652879859475885,31.053992379018933,-0.00026630620092877363,1966.672,8216.453,-0.0007973430194929746,25.04791563153191,643.5160000000001,4.03999999999999,76.01926160635432,True
B0018,2A-const-24C,room,274,1.3953322584033976,True,2826.453,3.461799526154992,31.492840068071885,-0.00027839558805061766,1939.547,8083.780999999999,-0.0008108455550940763,25.39894282334293,644.8280000000001,4.0299999999999905,75.82358510102301,True
B0018,2A-const-24C,room,276,1.390046129540245,True,2818.312,3.463260140320492,31.93832684630049,-0.0002783466463127736,1943.532,8030.968,-0.0008220598448202644,25.887841606934128,639.594,4.03999999999999,75.53633219814178,True
B0018,2A-const-24C,room,279,1.3860271454209647,True,2812.7189999999973,3.462839429201602,31.74562722135923,-0.000269107554376163,1936.563,8126.405999999999,-0.0008083553690975189,26.10841222140624,628.687,4.03999999999999,75.3179370578068,True
B0018,2A-const-24C,room,282,1.388215260193751,True,2803.5,3.4569152237960306,31.31018499405759,-0.0002855628670824316,1803.687,9005.766,-0.0007193341110256007,24.72407785161255,707.406,4.019999999999991,75.4368411436874,True
B0018,2A-const-24C,room,284,1.3761826562394497,True,2783.25,3.4574690175816127,31.127360345471814,-0.0002741964280236706,1896.485,8605.030999999999,-0.0007475060808557404,25.23968918098469,630.281,4.03999999999999,74.78297883639736,True
B0018,2A-const-24C,room,286,1.3647168898640165,True,2776.391,3.4502191781217797,30.985550813719595,-0.000280933030842074,1856.094,8607.687000000002,-0.0007537096588814383,24.983659236998836,625.343,4.03999999999999,74.15991898288915,True
B0018,2A-const-24C,room,288,1.3589854739373584,True,2766.516,3.4486728051793962,30.899653280757406,-0.00028095511408698665,1839.547,8500.780999999999,-0.0007703513797959648,24.85258610041868,615.4379999999999,4.04999999999999,73.84846878839456,True
B0018,2A-const-24C,room,291,1.3462308764008801,True,2751.516,3.444632719716698,30.706123644966482,-0.0002773474783570207,1819.985,8256.14,-0.000817083523042443,24.773634709858584,606.328,4.03999999999999,73.1553727133113,True
B0018,2A-const-24C,room,294,1.4268427818454643,True,2848.859,3.467272639213176,30.47122187456595,-0.0002790238926241784,1645.985,9169.39,-0.0007365970490629393,23.375868750307735,739.171,4.04999999999999,77.53589472577232,True
B0018,2A-const-24C,room,296,1.4064481483279663,True,2840.016,3.464490491162134,30.939221783021114,-0.00027349559564069834,2006.86,8249.062,-0.0008202433495595835,24.891081474259465,657.0469999999999,4.0299999999999905,76.42763235972652,True
B0018,2A-const-24C,room,298,1.3934907492075153,True,2817.375,3.459667012281024,31.111640631561894,-0.0002834568615782511,1978.656,8194.921999999999,-0.0008273472520534022,25.20368568012635,653.75,4.0299999999999905,75.72351586777238,True
B0018,2A-const-24C,room,300,1.3882493512249316,True,2809.234,3.462241956955771,31.037910219908994,-0.00027306699576931534,1955.312,8061.438,-0.0008462859932121732,25.23904482462839,636.703,4.03999999999999,75.43869368037774,True
B0018,2A-const-24C,room,302,1.3701878338420928,True,2791.187,3.4555661695067355,30.967950840538833,-0.0002766119745979845,1918.219,8132.047,-0.0008464779256263041,25.133053833512577,637.718,4.0299999999999905,74.45721490205557,True
B0018,2A-const-24C,room,305,1.3796951665608619,True,2794.016,3.458696199585801,30.93996203578424,-0.0002735610911553601,1788.375,8844.907,-0.0007723519463309202,24.147820442416382,705.922,4.03999999999999,74.9738517440291,True
B0018,2A-const-24C,room,307,1.3686586323935683,True,2774.719,3.4525282614097663,31.295019295352862,-0.0002876014548191589,1880.922,8216.921999999999,-0.0008345665667205376,25.12735529609495,626.032,4.0299999999999905,74.37411674713907,True
B0018,2A-const-24C,room,309,1.3627371779096438,True,2777.844,3.4552290080443044,31.81846533166901,-0.00028234921649225304,1879.61,8203.405999999999,-0.0008466236223597735,25.6594793246311,623.9689999999999,4.03999999999999,74.05233968989721,True
B0018,2A-const-24C,room,311,1.3634051133928073,True,2781.125,3.4619744219744675,32.00067162597675,-0.00026966821100331956,1881.266,8209.547,-0.0008383225424688783,26.045548508382414,627.1880000000001,4.03999999999999,74.0886358929303,True
B0018,2A-const-24C,room,314,1.3518646035305233,True,2760.906,3.452221905520614,31.73992229230571,-0.0002745166467831884,1852.609,8077.655999999999,-0.000877491489488895,26.00215346022804,615.297,4.0299999999999905,73.46151441244983,True
B0018,2A-const-24C,room,317,1.3547969729652622,True,2753.25,3.447650049442191,31.52613649688221,-0.0002907086370297151,1731.547,8708.625,-0.0008051853973335258,24.827762393081734,693.657,4.0299999999999905,73.6208619528249,True
B0018,2A-const-24C,room,319,1.341051440640485,True,2742.843,3.447928507599004,31.27624493654335,-0.0002818529343125949,1834.156,8151.0160000000005,-0.0008619608595774889,25.37597644051525,606.657,4.04999999999999,72.87391760769869,True
B0025,4A-pulse-24C,room,4,1.847011162956716,True,6515.422000000006,3.400080836543819,33.13281956573637,-8.959148188614612e-05,3020.516,7785.563,-0.00040413738688029895,27.601880729189944,1166.671,4.0299999999999905,100.06904785611776,True
B0025,4A-pulse-24C,room,6,1.8485654344528386,True,6516.219,3.4067357604110753,32.848310333012144,-8.831349540522932e-05,3023.422,7783.905999999999,-0.00041209226899291965,27.38584128851125,1111.266,4.019999999999991,100.15325658849916,True
B0025,4A-pulse-24C,room,8,1.847111177186175,True,6489.5,3.407792325190085,33.07297579198606,-8.905909659458098e-05,3020.234,7786.0779999999995,-0.0004202141042587862,27.273146136414194,1096.094,4.019999999999991,100.07446651785341,True
B0025,4A-pulse-24C,room,10,1.8489837601535537,True,6471.25,3.425685226676254,33.12836651135456,-8.244231927247825e-05,3022.687,7785.219000000001,-0.0004305441043199062,27.5997337960561,1082.453,4.019999999999991,100.17592101814847,True
B0025,4A-pulse-24C,room,12,1.8370120718560439,True,6466.672,3.4102415310941074,33.20066590827124,-8.83682619397729e-05,3008.047,7792.717999999999,-0.0004388568613757942,27.60991500672991,1058.188,3.979999999999992,99.52730801938117,True
B0025,4A-pulse-24C,room,16,1.817549211247137,True,6410.672,3.395651158058303,32.8030291471027,-9.020595076600632e-05,3006.953,7766.312,-0.00044637222381605434,27.567698231324204,1083.219,4.019999999999991,98.47283148521021,True
B0025,4A-pulse-24C,room,20,1.839863822522073,True,6474.156,3.3987545550856617,32.70663040910488,-9.278971012081917e-05,3083.422,7680.921999999999,-0.00044105844332903036,27.400391956697288,1086.3600000000001,4.009999999999991,99.68181275632912,True
B0025,4A-pulse-24C,room,23,1.8430595619731431,True,6460.75,3.4107861698937034,32.88774741633189,-8.742038749056225e-05,1997.234,7105.655999999999,-0.00048704263457694137,28.63758082535983,758.7189999999999,4.019999999999991,99.85495443001176,True
B0025,4A-pulse-24C,room,25,1.8401871729536057,True,6448.907,3.4362212866947472,32.85054388832057,-7.743840302339302e-05,3077.375,7481.625,-0.00048377083936503306,27.573905692343555,1041.219,3.979999999999992,99.69933152960799,True
B0025,4A-pulse-24C,room,27,1.8281265632888257,True,6447.125,3.429899192703782,33.21344988692114,-7.99346910386465e-05,3051.735,7529.342999999999,-0.0004792769416959681,27.622570366734195,1028.453,4.009999999999991,99.04590086826491,True
B0025,4A-pulse-24C,room,31,1.8253563336445804,True,6431.219,3.4061977189259807,32.54793058844526,-8.806563905504451e-05,3050.047,7514.25,-0.0004966518061958993,27.927723094234953,1030.484,4.009999999999991,98.8958128512555,True
B0025,4A-pulse-24C,room,35,1.8214180552626154,True,6442.203,3.431364532702854,32.95568065114475,-7.896402957939896e-05,3061.578,7608.485000000001,-0.0004925157107592926,27.317396285345893,1048.6399999999999,3.979999999999992,98.68244122915621,True
B0025,4A-pulse-24C,room,37,1.830315627968932,True,6427.079,3.437199999112006,33.31259035127085,-7.753762814721296e-05,3053.375,7369.609,-0.0005233889657475402,27.92373775652557,1022.3589999999999,4.009999999999991,99.16450200215468,True
B0025,4A-pulse-24C,room,39,1.8175491643824844,True,6417.156,3.4349851634526334,33.27639301328207,-7.79638541660785e-05,3039.703,7540.453000000003,-0.0005111298522745771,27.991144023888037,1013.6089999999999,4.009999999999991,98.47282894613451,True
B0025,4A-pulse-24C,room,41,1.810901200296979,True,6398.907,3.4358715577304486,33.13052620279671,-7.709850934500325e-05,3027.828,7451.6720000000005,-0.0005326059747601966,27.865448411282674,1010.5939999999998,3.969999999999992,98.11264951161867,True
B0025,4A-pulse-24C,room,43,1.8083032603084233,True,6384.75,3.437200278486185,33.262538649813465,-7.673202300608712e-05,3010.328,7578.969000000001,-0.0005221643592065002,27.78208920988999,1011.1570000000002,4.009999999999991,97.97189596001267,True
B0025,4A-pulse-24C,room,47,1.7928016149381065,True,6284.063,3.3887362465772446,33.455906862521594,-9.895606587761504e-05,3004.969,7743.969,-0.0005132619196549844,27.893226653984314,1015.8589999999999,3.979999999999992,97.13203374178569,True
B0025,4A-pulse-24C,room,51,1.812563150045885,True,6370.937000000005,3.3997812429989795,33.359161719231366,-9.596244487804043e-05,3056.813,7168.2970000000005,-0.0005708625051368311,28.404317059039222,1023.7040000000002,3.979999999999992,98.20269213415025,True
B0025,4A-pulse-24C,room,53,1.807772607491239,True,6359.812,3.4092528162288933,33.19907517017467,-9.1629956610121e-05,3060.875,7209.5779999999995,-0.0005726506154336866,28.2059035551217,1041.437,3.979999999999992,97.94314576985529,True
B0025,4A-pulse-24C,room,55,1.8048055175003972,True,6346.156,3.413290161572333,33.10915637159371,-8.905768525644028e-05,3044.797,7210.516,-0.0005840805772876583,28.035582266367587,1011.2660000000001,3.969999999999992,97.78239207424055,True
B0025,4A-pulse-24C,room,57,1.800538555899242,True,6328.172,3.418321145613461,32.8730319628199,-8.638000076203937e-05,3025.313,7259.062,-0.0005931905148991596,27.892061168844513,1011.828,3.969999999999992,97.55121275425059,True
B0025,4A-pulse-24C,room,59,1.7942356098033032,True,6326.062,3.4228002445936747,32.8903015920882,-8.377268434215819e-05,3009.485,7303.921999999999,-0.0005906683542606604,27.67497393289835,1011.5160000000001,4.009999999999991,97.2097260176467,True
B0025,4A-pulse-24C,room,66,1.807409052434889,True,6352.843,3.4103062616510487,32.07013291213046,-8.961264118773262e-05,1108.422,6435.0470000000005,-0.000639698289307185,27.386276594335452,502.01599999999996,4.149999999999988,97.92344875390765,True
B0025,4A-pulse-24C,room,68,1.7902504816962075,True,6309.172000000006,3.4104689136383888,32.18349666127279,-9.043922560925836e-05,2998.469,7275.6410000000005,-0.0006131432587305996,27.172965354583248,1006.828,3.979999999999992,96.99381612860016,True
B0025,4A-pulse-24C,room,70,1.7961223845359495,True,6284.297,3.4208452515825636,32.133961271398654,-8.59758372449658e-05,2989.906,7369.422,-0.0006112657160858528,27.172085395912806,1004.828,3.979999999999992,97.31194941228644,True
B0025,4A-pulse-24C,room,72,1.7912236690350776,True,6265.969,3.426965494192803,32.19734869129393,-8.35109951720939e-05,2968.547,7343.625,-0.0006247124260837627,27.07411423519754,1000.5320000000002,3.979999999999992,97.04654235589078,True
B0025,4A-pulse-24C,room,74,1.7854822365303245,True,6266.641,3.4343195510923628,32.128660226085096,-7.972139414282655e-05,2954.219,7495.828,-0.0006176050136698445,27.02158868367837,1002.3750000000002,3.969999999999992,96.73547781247942,True
B0025,4A-pulse-24C,room,78,1.7677890780323617,True,6198.75,3.379891621690332,32.16680073898097,-0.00010388534798001172,2944.906,7658.407,-0.0005998751834298173,27.408670485127217,1014.781,4.009999999999991,95.77688180614872,True
B0026,4A-pulse-24C,room,4,1.8132504303869899,True,6515.422000000006,3.404890220315493,32.764485625071856,-7.9743013734263e-05,2932.625,7873.454,-0.00040465226063194926,27.491919620285874,1176.7970000000003,4.03999999999999,99.94542863009974,True
B0026,4A-pulse-24C,room,6,1.8149760087078302,True,6516.219,3.418631404129339,32.560591865941106,-7.542550627078036e-05,2937.906,7869.422,-0.00040867227131120387,27.32074949672835,1138.906,4.0299999999999905,100.0405416172641,True
B0026,4A-pulse-24C,room,8,1.8135354175561993,True,6489.5,3.4453022579697716,32.70948277164228,-6.59557561992808e-05,2929.187,7877.125,-0.00041191091964117715,27.361389878771373,1122.5320000000002,4.0299999999999905,99.96113697589874,True
B0026,4A-pulse-24C,room,10,1.815149273310334,True,6471.25,3.4281919482774947,32.89402601565415,-7.230299884508311e-05,2908.109,7899.7970000000005,-0.00042794547932386185,27.601206488801058,1098.687,4.019999999999991,100.0500918728016,True
B0026,4A-pulse-24C,room,12,1.8142913014068198,True,6466.672,3.433945869545595,32.88851048708752,-7.073210037775025e-05,2924.812,7875.9529999999995,-0.0004323513791263932,27.5560338652473,1093.7189999999998,4.0299999999999905,100.00280090393584,True
B0026,4A-pulse-24C,room,16,1.3863373424430125,True,6410.672,3.2986715430208906,31.60887613480477,-6.415200696416093e-05,2916.312,7856.9529999999995,-0.00044017131403744183,27.483089825071854,1105.734,4.0299999999999905,76.41419938160927,True
B0026,4A-pulse-24C,room,20,1.8165277958816064,True,6474.156,3.395711592779412,32.4909596779559,-8.822203397147259e-05,2998.672,7765.671999999999,-0.0004535115711667074,27.309402384402443,1114.891,4.0299999999999905,100.12607532602638,True
B0026,4A-pulse-24C,room,23,1.8085638576011063,True,6460.75,3.4209107644287986,32.63416073863936,-7.761150487503182e-05,1962.187,7140.7029999999995,-0.0004994952900190955,28.527652725059767,766.547,4.0299999999999905,99.68710715500634,True
B0026,4A-pulse-24C,room,25,1.804936077644182,True,6448.907,3.4290052342029878,32.646683898798194,-7.473087346234616e-05,2950.437,7608.563,-0.0004962147639612068,27.471980359822368,1083.329,4.0299999999999905,99.48714579462597,True
B0026,4A-pulse-24C,room,27,1.8049315924982108,True,6447.125,3.4422746572295977,32.95341147758712,-6.864564357413098e-05,2943.61,7637.467999999999,-0.000497103578291793,27.52843405854803,1077.547,4.0299999999999905,99.48689857569303,True
B0026,4A-pulse-24C,room,31,1.717679232699393,True,6431.219,3.391747147883427,32.14122281811958,-7.564753882386823e-05,2933.719,7630.578,-0.0005039986726366742,27.84553677808042,1080.656,4.019999999999991,94.67759349960413,True
B0026,4A-pulse-24C,room,35,1.809804813280106,True,6442.203,3.433128893119263,32.73498021932445,-7.298150005855301e-05,2981.313,7688.75,-0.000507941643656317,27.23010445674317,1105.578,4.019999999999991,99.75550799207224,True
B0026,4A-pulse-24C,room,37,1.806556213274488,True,6427.079,3.4445618404708633,33.0777254348539,-6.9494536779528e-05,2971.39,7451.594000000001,-0.0005347644020666584,27.833972253494277,1070.8749999999998,4.019999999999991,99.57644683506486,True
B0026,4A-pulse-24C,room,39,1.7938155707698507,True,6417.156,3.435084142217923,33.067457381369145,-7.174826561997657e-05,2955.859,7624.297000000002,-0.0005267525063609603,27.9024692717537,1059.781,3.979999999999992,98.87418919055567,True
B0026,4A-pulse-24C,room,41,1.799304949381792,True,6398.907,3.4457210478614795,32.902717226956746,-6.757310822607323e-05,2957.656,7521.844,-0.0005448435220721926,27.777276852327695,1064.2659999999998,4.019999999999991,99.1767609087746,True
B0026,4A-pulse-24C,room,43,1.7842197448470132,True,6384.75,3.4449342432242034,33.04143942038261,-6.758358375648852e-05,2943.063,7646.234,-0.000533640606690453,27.68879231661925,1058.4679999999998,4.019999999999991,98.3452722142541,True
B0026,4A-pulse-24C,room,47,1.6818819918515189,True,6284.063,3.348388974288582,33.28920270851618,-9.492690984568561e-05,2937.094,7811.844,-0.0005281782194584563,27.80239625420814,1077.7500000000002,3.979999999999992,92.7044680446982,True
B0026,4A-pulse-24C,room,51,1.8007519383961936,True,6370.937000000005,3.4115903895548496,33.31828122927918,-8.707625286631287e-05,3071.453,7153.657000000001,-0.0005899790967605154,28.31329904657268,1069.375,3.979999999999992,99.2565181970365,True
B0026,4A-pulse-24C,room,53,1.795972684272296,True,6359.812,3.4077180188358045,33.24546150252619,-8.806560778985599e-05,3037.766,7232.687,-0.0005829426152990974,28.09713693269282,1045.062,3.979999999999992,98.99308817438752,True
B0026,4A-pulse-24C,room,55,1.7931026940553298,True,6346.156,3.416993809879986,33.19381621015531,-8.321112078564314e-05,3025.735,7229.5779999999995,-0.0005934783412281344,27.964173585934454,1058.1250000000002,4.009999999999991,98.83489579368164,True
B0026,4A-pulse-24C,room,57,1.8010267542068712,True,6328.172,3.4279308915459796,32.950371591621256,-7.83651804858053e-05,3009.735,7274.639999999999,-0.0005950516584189061,27.862827225518917,1059.437,3.979999999999992,99.2716659027986,True
B0026,4A-pulse-24C,room,59,1.7824572301269948,True,6326.062,3.450423062016945,32.98142836772341,-6.720675946313166e-05,2985.844,7327.562999999999,-0.0006007228603099244,27.64347468228405,1055.8590000000002,4.019999999999991,98.24812331181512,True
B0026,4A-pulse-24C,room,66,1.7959303030608789,True,6352.843,3.4243550860962872,32.285643510120714,-8.00794438586768e-05,1112.406,6431.063,-0.0006528726240095367,27.36130959129505,498.125,4.159999999999988,98.99075214387018,True
B0026,4A-pulse-24C,room,68,1.7783142127341003,True,6309.172000000006,3.419928142613709,32.40988062398286,-8.10693845935807e-05,2986.281,7287.829000000001,-0.0006200576617803535,27.140579379785628,1056.797,3.979999999999992,98.0197623296719,True
B0026,4A-pulse-24C,room,70,1.771719092984802,True,6284.297,3.4304184604928114,32.395070835603484,-7.482736693289587e-05,2973.125,7386.2029999999995,-0.0006193223903672426,27.155323832349467,1070.875,4.019999999999991,97.6562427301923,True
B0026,4A-pulse-24C,room,72,1.7790749489536772,True,6265.969,3.4416415585585702,32.48055490141574,-6.974943432072515e-05,2951.859,7360.313,-0.0006266521724285167,27.067975971835228,1071.078,4.019999999999991,98.06169371778348,True
B0026,4A-pulse-24C,room,74,1.7733229782464675,True,6266.641,3.448941537538792,32.39831599080119,-6.523297037715295e-05,2933.141,7516.906000000001,-0.0006162180988129507,27.020317442985014,1054.016,4.019999999999991,97.74464805869205,True
B0026,4A-pulse-24C,room,78,1.768754111010884,True,6198.75,3.3679598202717265,32.5316653403438,-0.00010681711407357065,2916.141,7687.1720000000005,-0.0006009702631564888,27.39029288041659,1074.906,4.019999999999991,97.49281445283047,True
B0027,4A-pulse-24C,room,4,1.8233077742149364,True,6515.422000000006,3.415635388206693,33.531461449042084,-6.247961724399016e-05,2630.297,8175.781999999999,-0.000433806321050404,27.572556781407965,1143.891,4.06999999999999,100.42861817205433,True
B0027,4A-pulse-24C,room,6,1.8142384651167962,True,6516.219,3.405140913759623,33.768115475386416,-5.755641175950328e-05,2577.156,8230.171999999999,-0.0004430940496127552,27.426506912059374,1143.203,4.05999999999999,99.92907651848263,True
B0027,4A-pulse-24C,room,8,1.8128596793130867,True,6489.5,3.425659661801085,34.0575363030056,-4.580220456492144e-05,2493.094,8313.218,-0.0004548991187761652,27.367887358203696,1067.2040000000002,4.089999999999989,99.85313237181687,True
B0027,4A-pulse-24C,room,10,1.8144242446739973,True,6471.25,3.4201699208239194,34.34311925332076,-4.5702196512398934e-05,2482.937,8324.969000000001,-0.00046268948311199964,27.683525850245356,1103.172,4.04999999999999,99.93930934065241,True
B0027,4A-pulse-24C,room,12,1.812800333853042,True,6466.672,3.4180604683404985,34.3900563067441,-4.593046378343915e-05,2493.578,8307.187,-0.00047084771650555897,27.711883966676037,1082.312,4.079999999999989,99.8498635969938,True
B0027,4A-pulse-24C,room,16,1.7946038703195293,True,6410.672,3.3978401981445576,34.16207101391941,-4.774744129169901e-05,2503.234,8270.030999999999,-0.00048127815009646723,27.621253412790008,1087.672,4.04999999999999,98.8475941424714,True
B0027,4A-pulse-24C,room,20,1.816519171293833,True,6474.156,3.3984422668226393,33.65117316898919,-6.11430974719079e-05,2612.437,8151.906999999999,-0.000492155739018691,27.457331771062783,1172.922,4.03999999999999,100.05469884788604,True
B0027,4A-pulse-24C,room,23,1.8198335565190242,True,6460.75,3.411384397730043,33.993154419553875,-5.147285425963344e-05,1618.687,7484.2029999999995,-0.0005220216600781044,28.662816373135662,750.25,4.089999999999989,100.23725668752405,True
B0027,4A-pulse-24C,room,25,1.816980986440728,True,6448.907,3.40775629545449,34.121102900157744,-5.049894712381168e-05,2592.656,7966.344,-0.0005353191593244865,27.648509159182588,1165.75,4.03999999999999,100.0801358353818,True
B0027,4A-pulse-24C,room,27,1.8047602710768988,True,6447.125,3.4031041806987625,34.521504581092735,-5.241281793402258e-05,2598.485,7982.592999999999,-0.0005320241624355538,27.71423443658919,1166.6100000000001,4.03999999999999,99.40701329709185,True
B0027,4A-pulse-24C,room,31,1.8021778881408677,True,6431.219,3.38665218439762,33.91883669839733,-5.4709479924730396e-05,2613.031,7951.2660000000005,-0.0005475777901877095,28.045747000161104,1173.906,4.03999999999999,99.2647744751418,True
B0027,4A-pulse-24C,room,35,1.810054375611175,True,6442.203,3.4140369130125587,34.203791109857484,-4.778629737595426e-05,2642.172,8027.891,-0.0005450043476246928,27.380863355757604,1192.1399999999999,4.03999999999999,99.6986149730978,True
B0027,4A-pulse-24C,room,37,1.8191618703574552,True,6427.079,3.3945090590148355,34.48622307207774,-6.038389250294693e-05,2656.484,7766.5,-0.0005743165556503857,27.991728113587282,1209.953,4.0299999999999905,100.20025990946738,True
B0027,4A-pulse-24C,room,39,1.806344581230731,True,6417.156,3.4204049256076163,34.40141739485763,-4.784894769742254e-05,2683.312,7896.844000000003,-0.0005682164931763307,28.03845869109343,1208.2820000000002,4.0299999999999905,99.49427781806601,True
B0027,4A-pulse-24C,room,41,1.8120006378747944,True,6398.907,3.401908039296132,34.3150259504104,-5.592011530093719e-05,2651.14,7828.360000000001,-0.0005836156772395453,27.909322877981694,1204.593,4.0299999999999905,99.8058159802453,True
B0027,4A-pulse-24C,room,43,1.809238569578753,True,6384.75,3.407597938928066,34.450526992415796,-5.3407694580414206e-05,2664.0,7925.2970000000005,-0.0005746305010819892,27.82249628303924,1200.594,4.0299999999999905,99.65368000726745,True
B0027,4A-pulse-24C,room,47,1.7820717716005336,True,6284.063,3.3774091842080276,34.741504044616725,-6.956571971425777e-05,2652.078,8096.860000000001,-0.0005715071636120926,27.923175717822673,1211.797,4.0299999999999905,98.15732046792053,True
B0027,4A-pulse-24C,room,51,1.8145504562341046,True,6370.937000000005,3.3771878224396685,34.663008920131865,-7.218702674521183e-05,2713.672,7511.438,-0.0006321581070511379,28.435350059384103,1215.0,4.0299999999999905,99.94626113055764,True
B0027,4A-pulse-24C,room,53,1.809153485164282,True,6359.812,3.390746744780089,34.47643463041281,-6.64831375527953e-05,2707.547,7562.905999999999,-0.0006362013826846021,28.25597239488237,1208.1709999999998,4.0299999999999905,99.6489935191747,True
B0027,4A-pulse-24C,room,55,1.8065551508093707,True,6346.156,3.3939882666698242,34.45771838499012,-6.312463041717192e-05,2686.079,7569.234,-0.0006460605798035382,28.10277979814242,1202.656,4.0299999999999905,99.50587608584665,True
B0027,4A-pulse-24C,room,57,1.802401655959492,True,6328.172,3.395270569622429,34.276431502022604,-6.106952638140647e-05,2677.469,7606.906,-0.0006549513851202142,28.018127977648717,1197.906,4.0299999999999905,99.27709970795966,True
B0027,4A-pulse-24C,room,59,1.7964331683322998,True,6326.062,3.4104656511949063,34.35292925698558,-5.302604245732333e-05,2662.391,7651.016,-0.0006502999712655062,27.785336494387973,1192.937,4.0299999999999905,98.9483527056967,True
B0027,4A-pulse-24C,room,66,1.8088036930508289,True,6352.843,3.400641404160475,33.64812848797218,-5.626417146092311e-05,690.766,6852.703,-0.0007093408966436942,27.318376966501937,182.10899999999998,4.179999999999987,99.62972681110797,True
B0027,4A-pulse-24C,room,68,1.7915527748749653,True,6309.172000000006,3.403879368199544,33.75077258934032,-5.565912508513239e-05,2644.188,7629.9220000000005,-0.0006727463047454907,27.288837445898064,1189.719,4.0299999999999905,98.67953842322206,True
B0027,4A-pulse-24C,room,70,1.7853375192239571,True,6284.297,3.4141854712687336,33.72038549007088,-5.0515304922417035e-05,2638.235,7721.092999999999,-0.0006712536985315259,27.28298872748812,1183.3899999999999,4.03999999999999,98.33719932642005,True
B0027,4A-pulse-24C,room,72,1.793209210325309,True,6265.969,3.4230599701504794,33.812030459081335,-4.632547698025991e-05,2620.266,7691.906000000001,-0.0006817632247645988,27.197780853852997,1177.062,4.0299999999999905,98.77077563820121,True
B0027,4A-pulse-24C,room,74,1.7873097711102113,True,6266.641,3.4023930606429906,33.79680193008211,-5.4877343593805754e-05,2598.625,7851.4220000000005,-0.0006756398254042121,27.146854822454806,1172.3899999999999,4.03999999999999,98.44583185375572,True
B0027,4A-pulse-24C,room,78,1.7700926253324452,True,6198.75,3.3633791712406205,33.92036482801563,-7.229150525691698e-05,2616.75,7986.563,-0.0006626367933833062,27.496716007814644,1184.828,4.03999999999999,97.49750366485608,True
B0028,4A-pulse-24C,room,4,1.8046847720100736,True,6515.422000000006,3.676492835528995,30.261078788805897,-0.00010019239547836678,2851.813,7954.266,-0.0003705756192405305,27.46874317220577,1101.453,4.0299999999999905,100.34950772826656,True
B0028,4A-pulse-24C,room,6,1.8047833214525881,True,6516.219,3.677932362103996,30.023214006195516,-0.0001010899078078115,2902.953,7904.375,-0.0003769293143733705,27.48786431190017,973.594,4.009999999999991,100.3549875706172,True
B0028,4A-pulse-24C,room,8,1.797618668222458,True,6489.5,3.681544140844236,30.21665562692593,-0.00010003658810396992,2885.281,7921.031,-0.0003866669647570044,27.37862941989798,962.406,4.009999999999991,99.95659698416232,True
B0028,4A-pulse-24C,room,10,1.7929913687761174,True,6471.25,3.6819955552100256,30.363564779968748,-0.00010039505917779884,2877.015,7930.891000000001,-0.0003962399548499,27.69584937860347,943.2339999999999,3.9899999999999918,99.69929597029363,True
B0028,4A-pulse-24C,room,12,1.7919180081592216,True,6466.672,3.6822366580622092,30.383708693138953,-0.00010084822499362334,2867.687,7933.0779999999995,-0.00040070913515919413,27.72630989215193,937.5,3.979999999999992,99.63961174666026,True
B0028,4A-pulse-24C,room,16,1.775026135903797,True,6410.672,3.6730621916612125,30.151543075778466,-9.803692107894235e-05,2875.39,7897.875,-0.0004029183450659793,27.441559803681642,1006.703,3.9899999999999918,98.70033908711838,True
B0028,4A-pulse-24C,room,20,1.7920487852223415,True,6474.156,3.6821638997402064,29.942877366572425,-9.778663401130891e-05,2992.609,7771.734999999999,-0.00040003884435608946,27.281424706621248,980.3600000000001,3.979999999999992,99.64688360605075,True
B0028,4A-pulse-24C,room,23,1.790475801581265,True,6460.75,3.6829104616020185,30.159672019699293,-9.83093653666721e-05,668.281,8434.609,-0.00031171678306055907,27.712570342259376,203.078,4.179999999999987,99.55941784111783,True
B0028,4A-pulse-24C,room,25,1.7868365091987264,True,6448.907,3.6830910997567576,30.18503729745987,-9.917026277889438e-05,2937.812,7621.188,-0.0004456136865936083,27.697575183177722,913.5779999999997,3.969999999999992,99.35705496604342,True
B0028,4A-pulse-24C,room,27,1.7871529619962185,True,6447.125,3.6823376400116725,30.557366977302667,-0.0001001932053930798,2930.781,7650.297,-0.00044256411081626155,27.77263834426661,907.844,3.969999999999992,99.37465132577343,True
B0028,4A-pulse-24C,room,31,1.7816340617009505,True,6431.219,3.6779403019036363,29.87809290999813,-9.893957665267911e-05,2959.922,7604.375,-0.0004449079747173589,27.862896402270046,957.828,3.979999999999992,99.06777284127519,True
B0028,4A-pulse-24C,room,35,1.7850235136604733,True,6442.203,3.6809827017477756,30.329541918405045,-0.00010037123060412482,2968.047,7702.016,-0.0004403366778107854,27.24280355438783,968.094,3.979999999999992,99.25624333810764,True
B0028,4A-pulse-24C,room,37,1.7803865429693038,True,6427.079,3.6821031308211283,30.67805955282036,-0.00010102177111506642,2944.296,7478.688,-0.0004790812345288436,28.077432823135304,901.906,3.969999999999992,98.99840455461141,True
B0028,4A-pulse-24C,room,39,1.7789060856417256,True,6417.156,3.68119828344271,30.61748146501738,-0.00010161865492183825,2938.703,7641.453000000003,-0.0004671627597955161,28.130101514422655,901.4689999999998,3.969999999999992,98.91608371590354,True
B0028,4A-pulse-24C,room,41,1.7738387518973049,True,6398.907,3.6808780113914024,30.47693232752601,-0.00010203860500356582,2923.156,7556.344,-0.00048370065034570523,28.008160535724386,899.875,3.969999999999992,98.63431459221272,True
B0028,4A-pulse-24C,room,43,1.769682881523146,True,6384.75,3.6816453877057884,30.59851621920085,-0.00010181056354671852,2904.688,7684.609,-0.00047346578733018006,27.93123265293994,898.3910000000001,3.969999999999992,98.40322739477114,True
B0028,4A-pulse-24C,room,47,1.7408787283206992,True,6284.063,3.6751321799254955,31.100240402928506,-9.926631021418811e-05,2926.344,7822.594,-0.00045824855891166464,27.804351930107355,943.078,3.979999999999992,96.80157228068954,True
B0028,4A-pulse-24C,room,51,1.7648189744011906,True,6370.937000000005,3.6846266213857497,30.938169249041685,-9.989577190567967e-05,2973.328,7251.782000000001,-0.0005155054205700344,28.3045248128492,939.4380000000001,3.969999999999992,98.13276980966025,True
B0028,4A-pulse-24C,room,53,1.7617857390844023,True,6359.812,3.6832544826548084,30.779624907003203,-0.00010129434949744212,2934.703,7335.75,-0.000525319215078925,28.338880714307447,891.797,3.969999999999992,97.96410674141444,True
B0028,4A-pulse-24C,room,55,1.75770610357021,True,6346.156,3.6830019424524427,30.70960684046627,-0.00010149446622403227,2916.641,7338.6720000000005,-0.0005360945395567476,28.19633864684736,892.2350000000001,3.969999999999992,97.73725858382514,True
B0028,4A-pulse-24C,room,57,1.7519375960601256,True,6328.172,3.6825149277266642,30.47705959403915,-0.00010188084291988892,2907.25,7377.125,-0.0005373902915386156,28.111510258994713,886.922,3.969999999999992,97.41650068862828,True
B0028,4A-pulse-24C,room,59,1.7521244035832177,True,6326.062,3.6802726203570852,30.54925924889458,-0.000103226927494442,2882.078,7431.329,-0.0005360283992601746,27.861189933998737,892.8900000000001,3.969999999999992,97.42688812208645,True
B0028,4A-pulse-24C,room,66,1.7597714133989641,True,6352.843,3.67908706723787,29.858081061792472,-0.00010172823931828665,222.594,7320.875,-0.0004524298726742085,26.93409389667083,3.8119999999999976,4.179999999999987,97.85210014941944,True
B0028,4A-pulse-24C,room,68,1.7483011320324189,True,6309.172000000006,3.680942088612725,29.92749751367273,-0.00010225396496819502,2891.5,7382.610000000001,-0.0005583571636180442,27.384649014653206,899.297,3.969999999999992,97.2142950842415,True
B0028,4A-pulse-24C,room,70,1.7411482627836237,True,6284.297,3.681439648314102,29.887309173794996,-0.00010211092163296841,2873.031,7486.297,-0.0005511025540335101,27.379403013069133,892.0619999999999,3.969999999999992,96.81655974614044,True
B0028,4A-pulse-24C,room,72,1.7363833316311177,True,6265.969,3.680615489022298,29.974612767860144,-0.00010278632169060786,2845.813,7466.359,-0.000562942511556313,27.290042513175024,894.5160000000001,3.969999999999992,96.55160572041301,True
B0028,4A-pulse-24C,room,74,1.736559066269527,True,6266.641,3.6776600467841285,29.928807475767645,-0.00010461778405594661,2830.0,7620.0470000000005,-0.0005523275498670313,27.247634874540225,890.969,3.969999999999992,96.56137744605103,True
B0028,4A-pulse-24C,room,78,1.7172335652295245,True,6198.75,3.67453404625628,30.029795182593666,-0.00010032228717952095,2846.063,7757.25,-0.0005293643089769416,27.406002515770446,942.281,3.979999999999992,95.48678284313522,True
B0029,4A-const-43C,hot,2,1.697507332205763,False,1572.359,3.3651860477851834,51.631545591665024,-0.0004952934115149173,,,,,,,94.3405966932821,True
B0029,4A-const-43C,hot,4,1.844701206961174,True,1723.281,3.3905928994464873,52.84944288631656,-0.0005095951626385762,3534.265,6354.485000000001,-0.00044648392256095207,45.36087852627897,740.2339999999999,3.9099999999999935,102.52103733737499,True
B0029,4A-const-43C,hot,6,1.8254376674722927,True,1705.906,3.3944582472061784,52.905865867265994,-0.0005067318012880538,3493.547,6271.188,-0.00046780810209010607,45.53920281169334,740.078,3.9099999999999935,101.45044767020448,True
B0029,4A-const-43C,hot,8,1.815750429913437,True,1697.688,3.394696317253661,52.90438507577814,-0.0005131577884537672,3457.1560000000027,6285.281999999992,-0.0004746168349802548,45.55779558885163,737.0,3.9099999999999935,100.9120701596788,True
B0029,4A-const-43C,hot,10,1.8132993337127028,True,1686.094,3.398579443319999,52.87534956891003,-0.000507922515640156,3435.734,6238.405999999999,-0.0004896243860019364,45.57807046295798,734.2179999999998,3.9099999999999935,100.77584813945964,True
B0029,4A-const-43C,hot,14,1.8151647619660576,True,1678.563,3.3970260675114696,52.762650424805656,-0.0005009723384345226,3401.328,6400.094000000001,-0.0004801404117670576,44.916270179735584,735.9839999999999,3.9099999999999935,100.87952110226288,True
B0029,4A-const-43C,hot,16,1.8143317955190057,True,1677.469,3.4017447799349796,52.78843384352056,-0.0005076290614897089,3476.703,6040.969000000001,-0.0005258371850142152,45.577826940789116,738.9070000000002,3.9099999999999935,100.83322819374376,True
B0029,4A-const-43C,hot,18,1.801343601809866,True,1666.093,3.400790257856999,52.7841972696045,-0.0005147425043224558,3413.672,6086.7029999999995,-0.0005304629942280967,45.56785383200995,733.031,3.9099999999999935,100.11139688188958,True
B0029,4A-const-43C,hot,20,1.7881558802945825,True,1654.328,3.4030834056443755,52.751738383515125,-0.0005127013259311326,3387.016,6087.359,-0.000538097037181793,45.57875486757729,733.797,3.9099999999999935,99.37847662100326,True
B0029,4A-const-43C,hot,22,1.7760714604539518,True,1643.812,3.4052467951556413,52.7506031720156,-0.0005108995484053192,3353.313,6093.655999999999,-0.0005458592674567262,45.57013170637963,729.094,3.9099999999999935,98.70687340796981,True
B0029,4A-const-43C,hot,26,1.7852807447597443,True,1652.266,3.3969592538295337,52.76187024768883,-0.0005226416950936518,3318.734,6329.781999999999,-0.0005259938263828846,44.93999659273173,736.7660000000001,3.9099999999999935,99.21868820843821,True
B0029,4A-const-43C,hot,28,1.7698116401111978,True,1648.672,3.3978270130572263,52.810328108304326,-0.0005300930462142055,3394.188,5921.4220000000005,-0.0005940662004324149,45.63707979173866,736.0160000000001,3.9099999999999935,98.35897789369196,True
B0029,4A-const-43C,hot,30,1.7565231680521758,True,1636.969,3.3976547229925322,52.803620504971605,-0.000533317260592399,3341.985,5948.030999999999,-0.0005974728676858045,45.61684679814302,733.406,3.9099999999999935,97.62045832478903,True
B0029,4A-const-43C,hot,32,1.7543413277348154,True,1625.187,3.400358560849027,52.774286568476356,-0.0005284545219328234,3311.89,5962.9220000000005,-0.0005968661724468506,45.61720052406039,734.906,3.9099999999999935,97.49920045831387,True
B0029,4A-const-43C,hot,34,1.7392875506998715,True,1622.016,3.3951054015762527,52.80429201579515,-0.0005449193805631953,3279.219,6047.858999999994,-0.0005974687299827903,45.622926450398,727.906,3.9099999999999935,96.66257237369827,True
B0029,4A-const-43C,hot,38,1.7797845109331345,True,1638.422,3.3952154633066987,52.721179096315566,-0.0005129781215509621,3259.328,6214.109,-0.0005836037173756349,44.97714307463395,744.8909999999998,3.9099999999999935,98.91322974653313,True
B0029,4A-const-43C,hot,40,1.7657088508465202,True,1646.438,3.400939370892573,52.76566676387698,-0.0005125048455675651,3396.219,5852.953,-0.0006381730167172748,45.58325856738573,736.281,3.9099999999999935,98.13096144864159,True
B0029,4A-const-43C,hot,42,1.7523941408724169,True,1634.765,3.3990966930758852,52.80160858510679,-0.00052254094724123,3313.531,5962.657,-0.0006232716554142056,45.5548467767553,732.6869999999999,3.9099999999999935,97.39098368246447,True
B0029,4A-const-43C,hot,44,1.7380191225603105,True,1622.016,3.4005060708668395,52.76338281760698,-0.0005224152320099487,3278.922,6018.812,-0.0006241510342326533,45.58635894664188,733.2339999999999,3.9099999999999935,96.59207826431893,True
B0029,4A-const-43C,hot,46,1.7312214443143976,True,1616.25,3.397536794846482,52.793663259837146,-0.0005329986111972658,3247.922,6085.516,-0.000619101877953799,45.56935719808159,733.047,3.9099999999999935,96.21429078164864,True
B0029,4A-const-43C,hot,50,1.7379128985265808,True,1622.218,3.391570729569499,52.75741582344694,-0.0005412117647801633,3219.2189999999973,6158.422000000006,-0.000617355980990609,44.963745701721784,743.4060000000002,3.9099999999999935,96.58617476185086,True
B0029,4A-const-43C,hot,52,1.7224270683625882,True,1619.656,3.4006008999743154,52.866554147425745,-0.0005146553953674187,3280.64,5919.438,-0.0006620708988175295,45.62984563611478,738.4849999999999,3.9099999999999935,95.72553491055578,True
B0029,4A-const-43C,hot,54,1.7184213765608034,True,1605.484,3.3937647508109445,52.88238533970063,-0.0005457989380203031,3207.453,6008.828000000001,-0.0006545651446890157,45.60412656598012,730.8129999999999,3.9099999999999935,95.5029147500533,True
B0029,4A-const-43C,hot,56,1.7010220930648232,True,1600.75,3.3990916405291434,52.89174684629843,-0.0005228972316756206,3192.187,6052.563,-0.0006562583177811301,45.654385566379915,735.4369999999999,3.9099999999999935,94.53593289618797,True
B0029,4A-const-43C,hot,58,1.693698739563104,True,1595.0,3.396460061958035,52.86276331800625,-0.0005327445895897274,3154.125,6079.438,-0.0006590159761532821,45.60709764874769,729.9369999999999,3.9099999999999935,94.12893050742639,True
B0029,4A-const-43C,hot,62,1.713072721286705,True,1612.422,3.3953349055125526,52.85514927949408,-0.0005177508461557008,3128.3589999999967,6178.438000000009,-0.0006520460421635462,44.997450409079455,744.6100000000006,3.9099999999999935,95.20565810762724,True
B0029,4A-const-43C,hot,64,1.6976972688567131,True,1598.969,3.397203474478597,52.84555100149494,-0.0005303868922372515,3202.281,6025.844,-0.0006847737991555817,45.57881644103388,735.875,3.9099999999999935,94.35115260467323,True
B0029,4A-const-43C,hot,66,1.6899314034061208,True,1592.187,3.389787970407681,52.82153486606997,-0.0005526851135922125,3146.031,5976.157,-0.000695617391132932,45.58701120901211,732.0,3.9099999999999935,93.91955719029784,True
B0029,4A-const-43C,hot,68,1.685023551367069,True,1577.484,3.3967598380460484,52.81580315824478,-0.0005325248488704887,3126.203,6050.359999999995,-0.0006846597937669018,45.581094750879906,735.5619999999999,3.9099999999999935,93.64679861007724,True
B0029,4A-const-43C,hot,70,1.678389965463405,True,1571.547,3.3957223246260377,52.80521928839473,-0.0005366287835077158,3086.063,6084.562,-0.0006902602191472518,45.56457489362503,734.4369999999999,3.9099999999999935,93.27813071657565,True
B0029,4A-const-43C,hot,74,1.6737947494868326,True,1578.484,3.3892258428534876,52.80312343851032,-0.00054742692615498,3058.25,6259.531000000001,-0.0006733268971189112,44.95180581230516,744.4070000000002,3.9199999999999933,93.02274718512366,True
B0029,4A-const-43C,hot,76,1.6687898927884715,True,1574.469,3.3940321153796114,52.85759471288148,-0.0005342518811423353,3096.406,6040.281,-0.0007099696230492103,45.57349969867257,741.031,3.9199999999999933,92.74459747800327,True
B0029,4A-const-43C,hot,78,1.6492566306631427,True,1568.281,3.3906922693966584,52.85638451770691,-0.000544846820559337,3047.297,6116.546999999999,-0.0007043083759030363,45.55248315349404,733.031,3.9199999999999933,91.65901771683941,True
B0029,4A-const-43C,hot,80,1.6409676757039668,True,1561.422,3.3912179554575785,52.882092513244274,-0.0005438693165433205,3026.922,6116.234,-0.0007101647055421605,45.55562803371029,737.125,3.9599999999999924,91.19835110175255,True
B0029,4A-const-43C,hot,82,1.6456360229757092,True,1554.234,3.3923453388185667,52.87120880021078,-0.0005415807276849793,3009.188,6064.905999999999,-0.0007270706797643564,45.57176892732997,732.2030000000002,3.9199999999999933,91.45779897501465,True
B0029,4A-const-43C,hot,86,1.654547743574037,True,1573.734,3.3840832974347714,52.8949932373189,-0.0005485179776232498,2969.828999999998,6418.062000000005,-0.0006785223041308471,44.950767492413746,746.2660000000005,3.9199999999999933,91.9530763872881,True
B0029,4A-const-43C,hot,88,1.6461201520877546,True,1566.578,3.3935243600466607,52.90577737967025,-0.0005246700504096566,3048.984,6075.905999999999,-0.0007355687025793279,45.567377390922786,739.25,3.9599999999999924,91.48470491435314,True
B0029,4A-const-43C,hot,90,1.6275119188151763,True,1550.047,3.388551594762018,52.85049305569667,-0.0005502179056501872,2989.625,6111.859,-0.0007348251128688888,45.519872169795434,737.328,3.9199999999999933,90.4505345181277,True
B0029,4A-const-43C,hot,92,1.6200530533464497,True,1543.64,3.3876827466759964,52.93318563948955,-0.0005546154342277546,2976.563,6156.468000000001,-0.0007342889978303926,45.57622523164018,737.6869999999999,3.9599999999999924,90.0360009219398,True
B0029,4A-const-43C,hot,94,1.612079811711934,True,1536.781,3.3850191492367943,52.91920185424772,-0.0005623188520181124,2951.765,6077.266000000001,-0.0007544803836956046,45.594916885086285,731.8899999999999,3.969999999999992,89.59288037741612,True
B0030,4A-const-43C,hot,2,1.6560706096175404,False,1572.359,3.3464479682177357,52.450611378612734,-0.00048704230351804905,,,,,,,95.29127533592984,True
B0030,4A-const-43C,hot,4,1.7815548749509116,True,1723.281,3.3780751936361146,54.113241117794225,-0.00045206955457394155,3421.5,6467.25,-0.000432177474312045,45.42371660764962,754.922,3.9199999999999933,102.51171364862392,True
B0030,4A-const-43C,hot,6,1.761969227822918,True,1705.906,3.3818672028482375,54.157828260748424,-0.00044949824120636586,3356.407,6408.328,-0.000450774393414632,45.57575640522429,750.156,3.9199999999999933,101.38474401202309,True
B0030,4A-const-43C,hot,8,1.751755031874225,True,1697.688,3.3803545588103714,54.212018750385205,-0.00045747827495098075,3311.3910000000033,6431.046999999991,-0.000460051573419487,45.63280912752357,749.7029999999941,3.9199999999999933,100.79701317927385,True
B0030,4A-const-43C,hot,10,1.7381688070362076,True,1686.094,3.383237725223628,54.19837692352459,-0.0004534395146500412,3285.156,6388.9839999999995,-0.0004747548401014085,45.65819164482254,747.6409999999998,3.9199999999999933,100.01525382414928,True
B0030,4A-const-43C,hot,14,1.7506745293461339,True,1678.563,3.374148303155992,54.14161744851121,-0.0004800177474907289,3253.281,6548.1410000000005,-0.00046900997673950985,44.936662721176226,757.4380000000001,3.9199999999999933,100.73484042932736,True
B0030,4A-const-43C,hot,16,1.7491047649061158,True,1677.469,3.3806295984219497,54.21167948917778,-0.00047612342534872435,3354.734,6162.938,-0.0005054042471299638,45.6377432711598,749.953,3.9199999999999933,100.64451526166988,True
B0030,4A-const-43C,hot,18,1.7252544028765475,True,1666.093,3.387081847293872,54.18634900836399,-0.0004549996948771873,3290.891,6209.484,-0.0005109214042926039,45.64791040909879,749.625,3.9199999999999933,99.27215142535613,True
B0030,4A-const-43C,hot,20,1.7112621367644252,True,1654.328,3.3879461849049983,54.15360140656882,-0.00045615658164768736,3235.375,6239.0,-0.0005253882904129928,45.723639856603405,747.875,3.9199999999999933,98.46702821688872,True
B0030,4A-const-43C,hot,22,1.6990418392711273,True,1643.812,3.3883925705991067,54.168189231806274,-0.0004570976512408006,3202.125,6244.843999999999,-0.0005331127267862693,45.731067802273145,740.453,3.9199999999999933,97.76386512326329,True
B0030,4A-const-43C,hot,26,1.7185770039532977,True,1652.266,3.3829900242224884,54.22057063412252,-0.0004667267203822866,3172.594,6475.922,-0.0005127509032807107,45.03022509129146,751.5,3.9199999999999933,98.88792997028774,True
B0030,4A-const-43C,hot,28,1.70324722921867,True,1648.672,3.3872270612733906,54.24400266886001,-0.0004622987284198775,3243.438,6072.1720000000005,-0.0005634003933933829,45.676897394476796,744.9850000000001,3.9199999999999933,98.00584573028512,True
B0030,4A-const-43C,hot,30,1.689458044662304,True,1636.969,3.387969833955272,54.24150010859244,-0.00046275471715275104,3189.016,6101.0,-0.0005708441154940704,45.6873061113965,742.6100000000001,3.9199999999999933,97.2124079537871,True
B0030,4A-const-43C,hot,32,1.6756136292719177,True,1625.187,3.3908449439184096,54.183697227073836,-0.0004576007195859681,3157.156,6117.656,-0.0005688461682509693,45.666532500667245,743.4380000000001,3.9199999999999933,96.41579216266759,True
B0030,4A-const-43C,hot,34,1.6718407140871654,True,1622.016,3.3859058007878593,54.228866401573256,-0.00047211389161063295,3125.375,6201.702999999994,-0.0005683275672229082,45.68166527470184,742.844,3.9199999999999933,96.19869640744952,True
B0030,4A-const-43C,hot,38,1.7233056681204446,True,1638.422,3.375492904033759,54.15865206479903,-0.0004956097814950814,3107.765,6365.6720000000005,-0.000559698771140485,44.989982142684745,754.078,3.9199999999999933,99.16002008317659,True
B0030,4A-const-43C,hot,40,1.709207290507283,True,1646.438,3.381550645715128,54.242750421230845,-0.00048327341344579235,3292.625,5956.5470000000005,-0.0006124399611280234,45.662861949075335,749.078,3.9199999999999933,98.34879115662983,True
B0030,4A-const-43C,hot,42,1.684001734344571,True,1634.765,3.3864480900407194,54.26601179807604,-0.00046343435320243977,3219.797,6056.391,-0.0006062678695263512,45.66545977051779,748.875,3.9199999999999933,96.89844865411362,True
B0030,4A-const-43C,hot,44,1.66898698813004,True,1622.016,3.387180494037813,54.24164371768822,-0.0004647226508528621,3162.812,6134.9220000000005,-0.0006021455365202371,45.637274839353786,746.297,3.9199999999999933,96.03449134014474,True
B0030,4A-const-43C,hot,46,1.6620689362837142,True,1616.25,3.3813445010797873,54.32282816477177,-0.000480906581783119,3127.063,6206.375,-0.0006019498612027258,45.685109334224585,743.344,3.9199999999999933,95.63642257456915,True
B0030,4A-const-43C,hot,50,1.6687049625248174,True,1622.218,3.385606758982866,54.27566161448939,-0.0004579369487708278,3107.5160000000033,6270.125,-0.0005999079487598257,44.97702270793838,753.5310000000002,3.9199999999999933,96.01826342121242,True
B0030,4A-const-43C,hot,52,1.652762183550463,True,1619.656,3.3887947335699504,54.346520622463046,-0.0004536880845243699,3141.5,6058.5779999999995,-0.0006345408297049261,45.649512451703814,742.2660000000001,3.9199999999999933,95.10090655729469,True
B0030,4A-const-43C,hot,54,1.648481366235244,True,1605.484,3.390949417762555,54.369563893787316,-0.00045043295958981794,3089.625,6126.656000000001,-0.0006349491463291427,45.71583530012687,737.8119999999999,3.9199999999999933,94.8545858152452,True
B0030,4A-const-43C,hot,56,1.6307406443132095,True,1600.75,3.3873404080498895,54.38101073340462,-0.00046131199386689314,3053.672,6191.0779999999995,-0.0006318408307010653,45.69109327271774,739.203,3.9199999999999933,93.8337742583508,True
B0030,4A-const-43C,hot,58,1.62323023017929,True,1595.0,3.3880651957973615,54.366222070376075,-0.00046136993908447695,3037.313,6196.25,-0.0006375068258240635,45.70986032805625,740.703,3.9199999999999933,93.40162061890696,True
B0030,4A-const-43C,hot,62,1.6541906540394393,True,1612.422,3.3873336724752856,54.36082826974155,-0.00044800554079148236,3010.3129999999946,6296.484000000011,-0.0006321907324259552,45.05699430148575,752.0939999999973,3.9199999999999933,95.18310158804023,True
B0030,4A-const-43C,hot,64,1.638514396616985,True,1598.969,3.391596603751742,54.329082038301124,-0.00045143107124660033,3089.922,6138.2029999999995,-0.0006612608039931628,45.69915773281681,739.6880000000001,3.9199999999999933,94.28108053072252,True
B0030,4A-const-43C,hot,66,1.618847673357618,True,1592.187,3.3844695827460796,54.350797312061744,-0.0004709521488722003,3029.0,6093.188,-0.0006720541124041307,45.68348070965939,735.578,3.9199999999999933,93.14944572591386,True
B0030,4A-const-43C,hot,68,1.6134212267751404,True,1577.484,3.3883015570002266,54.30570319180817,-0.00046006887491506797,3008.672,6167.890999999994,-0.0006625560125906724,45.6252010227337,743.094,3.9199999999999933,92.83720480310322,True
B0030,4A-const-43C,hot,70,1.6066443601761986,True,1571.547,3.389973588057286,54.311769035681074,-0.00045845766188410786,2978.75,6191.875,-0.0006668319699385319,45.69198463973793,737.8910000000001,3.9199999999999933,92.44725991956726,True
B0030,4A-const-43C,hot,74,1.6138387876938998,True,1578.484,3.386403894086122,54.31694947968931,-0.0004594753280500848,2946.703,6371.078000000001,-0.0006513071884240764,44.94065637768161,751.9850000000001,3.9199999999999933,92.8612315035639,True
B0030,4A-const-43C,hot,76,1.596329501327274,True,1574.469,3.382990062267617,54.37602664745592,-0.0004764783277363752,2982.687,6154.0,-0.0006861416715280964,45.655812691237195,737.203,3.9199999999999933,91.8537368844286,True
B0030,4A-const-43C,hot,78,1.5890785867406987,True,1568.281,3.3809665909442286,54.40922760509475,-0.0004812765635393788,2957.438,6206.405999999999,-0.0006844767343102996,45.6823782046167,740.75,3.9199999999999933,91.43651500131926,True
B0030,4A-const-43C,hot,80,1.5805481432309574,True,1561.422,3.3813241868366974,54.43118438830086,-0.0004794953110742372,2940.609,6202.5470000000005,-0.0006889160919827219,45.69604997299652,741.094,3.9199999999999933,90.94566827262086,True
B0030,4A-const-43C,hot,82,1.5846131054270807,True,1554.234,3.3870672693934285,54.42543761419732,-0.00046632697488888244,2921.985,6152.108999999999,-0.0007117005615494811,45.7963018259265,740.0000000000002,3.9199999999999933,91.17956858436564,True
B0030,4A-const-43C,hot,86,1.5936651221220735,True,1573.734,3.382718302752806,54.40878572720797,-0.00046475247718822857,2885.7350000000006,6502.156000000003,-0.0006561987784422124,44.956817441707656,754.1879999999946,3.9199999999999933,91.70042694041557,True
B0030,4A-const-43C,hot,88,1.5849874126960888,True,1566.578,3.3896129797375174,54.42284720424547,-0.00044598646302509965,2964.406,6160.4839999999995,-0.0007127297707420177,45.629366392097026,739.031,3.9199999999999933,91.20110644442074,True
B0030,4A-const-43C,hot,90,1.5787064969416462,True,1550.047,3.38569510149779,54.38754363122996,-0.0004693182429689042,2912.515,6188.969000000001,-0.0007113519512354464,45.625444218582054,733.297,3.9199999999999933,90.83969886370376,True
B0030,4A-const-43C,hot,92,1.570705516096967,True,1543.64,3.387023398111767,54.45246463683033,-0.0004674797633803349,2889.875,6243.156000000001,-0.0007112081387908667,45.69063679114315,737.625,3.9199999999999933,90.37931772765793,True
B0030,4A-const-43C,hot,94,1.562780404428482,True,1536.781,3.3870565445350174,54.41109814733754,-0.00046798576070564786,2869.031,6160.000000000001,-0.0007285706994282837,45.66864061344696,736.094,3.9199999999999933,89.92330214856135,True
B0031,4A-const-43C,hot,2,1.6666751942525773,False,1572.359,3.3729664490249562,52.65501135302439,-0.00042689593368493687,,,,,,,93.42241370275342,True
B0031,4A-const-43C,hot,4,1.8328583629543174,True,1723.281,3.410655663961355,53.97231092767106,-0.0004353245427375044,3477.656,6411.094,-0.00044553151059042523,45.13937848363857,757.922,3.9199999999999933,102.73750568373818,True
B0031,4A-const-43C,hot,6,1.8139835002945137,True,1705.906,3.411724207737072,53.99108510894419,-0.0004460987838876478,3445.375,6319.360000000001,-0.0004635350976927664,45.340622907624535,755.219,3.9199999999999933,101.67950996023576,True
B0031,4A-const-43C,hot,8,1.8044387333514835,True,1697.688,3.414079984476593,53.996608338848425,-0.00044547976134493906,3428.7350000000006,6313.702999999994,-0.00047349780136179525,45.40017892832246,749.8280000000086,3.9199999999999933,101.14449559803545,True
B0031,4A-const-43C,hot,10,1.802147684291295,True,1686.094,3.412679097550016,53.954262670522155,-0.00045906322239384916,3404.203,6269.937,-0.000489563394572372,45.41314566755848,747.4540000000002,3.9099999999999935,101.01607505523722,True
B0031,4A-const-43C,hot,14,1.7715647509798835,True,1678.563,3.3963237722822415,53.973288387308486,-0.0004485839111848698,3392.453,6408.969000000001,-0.0004826534779021769,44.59097825616227,754.8600000000001,3.9199999999999933,99.3018049575511,True
B0031,4A-const-43C,hot,16,1.8139928165779542,True,1677.469,3.4200798093339357,53.88993125496472,-0.0004489574258052239,3482.734,6034.938,-0.0005289603332887535,45.38997674136611,752.7040000000002,3.9199999999999933,101.68003216737532,True
B0031,4A-const-43C,hot,18,1.8013261041198854,True,1666.093,3.4200087266691894,53.87262295937195,-0.00045302832083395176,3410.609,6089.766,-0.0005327654622795212,45.4323122037273,749.969,3.9099999999999935,100.97002288926747,True
B0031,4A-const-43C,hot,20,1.7883722583933568,True,1654.328,3.417702003194436,53.81893583109196,-0.0004674163151077667,3380.781,6093.594,-0.0005418401660492987,45.44461079692405,748.047,3.9099999999999935,100.24391888371278,True
B0031,4A-const-43C,hot,22,1.7765401657373159,True,1643.812,3.420480701190782,53.82033376097016,-0.00046339987948494546,3375.391,6071.5779999999995,-0.0005514641159613116,45.471819209753185,743.7339999999999,3.9099999999999935,99.58069268409466,True
B0031,4A-const-43C,hot,26,1.7856209131823229,True,1652.266,3.4123332615490005,53.821133604090825,-0.0004649511975816136,3341.016,6307.5,-0.0005290689482968896,44.60652171658323,754.6100000000001,3.9199999999999933,100.08969728646898,True
B0031,4A-const-43C,hot,28,1.7813634036685941,True,1648.672,3.420910074120946,53.81794815350033,-0.00046392154410397905,3420.313,5895.2970000000005,-0.0005981530513533615,45.49236252359181,745.0,3.9099999999999935,99.85105041843698,True
B0031,4A-const-43C,hot,30,1.7684898383971241,True,1636.969,3.4216539858581876,53.80194299620242,-0.00046580777614048646,3365.141,5924.875,-0.0005996743140721581,45.481486771431456,742.625,3.9099999999999935,99.1294463861888,True
B0031,4A-const-43C,hot,32,1.766505238291406,True,1625.187,3.423749066677016,53.75880729814269,-0.00046361104023363766,3331.875,5942.937,-0.0006001820327839152,45.47861599108777,744.0929999999998,3.9199999999999933,99.01820327610335,True
B0031,4A-const-43C,hot,34,1.751740527921767,True,1622.016,3.4209893105313918,53.78850848662172,-0.0004719870452565569,3299.515,6027.562999999995,-0.0005994342839876639,45.48086884575751,743.6869999999999,3.9099999999999935,98.19059458239366,True
B0031,4A-const-43C,hot,38,1.7352349314055016,True,1638.422,3.40095456627701,53.8368863785077,-0.00045479568611746994,3286.843,6186.594,-0.0005835068976466491,44.613726059187655,754.5319999999999,3.9199999999999933,97.26540371648844,True
B0031,4A-const-43C,hot,40,1.7782778274549178,True,1646.438,3.421591713831319,53.773379186088945,-0.0004664901076156437,3424.188,5824.984,-0.0006432123909069961,45.39877060215698,742.8910000000001,3.9099999999999935,99.67809411684955,True
B0031,4A-const-43C,hot,42,1.7649894859707393,True,1634.765,3.420573981542695,53.77386924606414,-0.00047238751616421445,3366.891,5909.2970000000005,-0.000633083661668603,45.4599287973747,742.625,3.9199999999999933,98.9332405665961,True
B0031,4A-const-43C,hot,44,1.762591283533551,True,1622.016,3.422624599533156,53.754659591825344,-0.00047051608360529183,3329.562,5968.1720000000005,-0.0006344140117440459,45.48051607680656,739.8290000000002,3.9099999999999935,98.79881373825992,True
B0031,4A-const-43C,hot,46,1.744314576121582,True,1616.25,3.4201177255120836,53.766677549195336,-0.0004781790326362447,3295.485,6037.9529999999995,-0.0006302986889020183,45.46413290587621,743.172,3.9199999999999933,97.77434650742022,True
B0031,4A-const-43C,hot,50,1.7628373753518478,True,1622.218,3.4199667649637617,53.731744909320135,-0.00046441737216472255,3274.5320000000065,6103.108999999997,-0.0006264003348898457,44.60342298627181,753.3750000000059,3.9199999999999933,98.81260796267574,True
B0031,4A-const-43C,hot,52,1.747857930947971,True,1619.656,3.4203305433739613,53.77927288646249,-0.00047927232578957234,3325.312,5874.766,-0.0006695726063469948,45.47330957979588,742.0630000000001,3.9099999999999935,97.97296274748193,True
B0031,4A-const-43C,hot,54,1.7441167338864993,True,1605.484,3.422863512888695,53.77940592279519,-0.00047566447918258445,3291.203,5925.078000000001,-0.0006685725830183901,45.51817869282438,741.406,3.9199999999999933,97.7632568246809,True
B0031,4A-const-43C,hot,56,1.7268422932817387,True,1600.75,3.4198002859215846,53.7498055148608,-0.00048514403163123985,3253.375,5991.375,-0.000664982636734331,45.507404676870806,738.8899999999999,3.9199999999999933,96.79496981697433,True
B0031,4A-const-43C,hot,58,1.7203093493042265,True,1595.0,3.4194705619732524,53.75572683773813,-0.00048770660183471105,3239.828,5993.735000000001,-0.0006721925409360299,45.50459155886418,740.547,3.9199999999999933,96.42877765363697,True
B0031,4A-const-43C,hot,62,1.7394245516699778,True,1612.422,3.4145994489347062,53.7542876562008,-0.00048047234844960697,3214.5939999999973,6092.203000000009,-0.000666635354354315,44.61918652534829,751.8129999999946,3.9199999999999933,97.5002451774732,True
B0031,4A-const-43C,hot,64,1.7367384416372014,True,1598.969,3.4248774653161553,53.711431807207,-0.00047294553599625737,3310.75,5917.375,-0.0007026514160541178,45.4946083841906,743.172,3.9199999999999933,97.34968021820669,True
B0031,4A-const-43C,hot,66,1.716963468448543,True,1592.187,3.420974185160828,53.69342764953342,-0.00048555910026624294,3239.172,5883.016,-0.0007093423505671845,45.479198364066384,739.25,3.9199999999999933,96.24123045393202,True
B0031,4A-const-43C,hot,68,1.7127773558366357,True,1577.484,3.4245085053170605,53.61958378565316,-0.000478702368086656,3215.282,5961.2809999999945,-0.0007012931497563867,45.457271511345006,739.328,3.9199999999999933,96.00658560796292,True
B0031,4A-const-43C,hot,70,1.7061083466554066,True,1571.547,3.4232173747975634,53.633628437869824,-0.0004832412179221603,3176.063,5994.562,-0.0007055822852129449,45.447487245018,738.5630000000001,3.9199999999999933,95.6327665597976,True
B0031,4A-const-43C,hot,74,1.713732696207521,True,1578.484,3.4217612690112014,53.64298219337473,-0.0004783120498312183,3149.187,6168.594000000001,-0.0006838586175841522,44.573099203521984,748.125,3.9199999999999933,96.06013545598583,True
B0031,4A-const-43C,hot,76,1.7093475797926974,True,1574.469,3.4200957312475437,53.640194623026446,-0.0004928289144426746,3193.312,5943.375,-0.0007257944895423097,45.45949860959236,736.8600000000001,3.9199999999999933,95.81433581772811,True
B0031,4A-const-43C,hot,78,1.6901000454115587,True,1568.281,3.418207639268387,53.65373339276206,-0.0004989374548966336,3165.938,5997.905999999999,-0.0007257865864509196,45.465513569894625,732.6880000000001,3.9199999999999933,94.73545066607198,True
B0031,4A-const-43C,hot,80,1.6946883343387664,True,1561.422,3.4190055604969225,53.65355338521763,-0.0004979193499049502,3150.0,5993.156000000001,-0.0007288927018316507,45.476443020759035,737.172,3.9199999999999933,94.99263876596304,True
B0031,4A-const-43C,hot,82,1.687010991299212,True,1554.234,3.4200180230564365,53.647830742878845,-0.000496242405160319,3134.407,5939.686999999999,-0.0007480318362758803,45.49391710636721,735.9530000000002,3.9199999999999933,94.56229941726897,True
B0031,4A-const-43C,hot,86,1.6957069027070075,True,1573.734,3.41552953622903,53.654715008055895,-0.0004916430326699945,3104.6879999999946,6283.203000000009,-0.000694008964671513,44.60299996049325,746.5939999999973,3.9199999999999933,95.04973274312817,True
B0031,4A-const-43C,hot,88,1.687696889615565,True,1566.578,3.4189014427486333,53.66098543950281,-0.0004977278749460373,3193.484,5931.405999999999,-0.0007588687967052208,45.467258311672076,739.7029999999997,3.9199999999999933,94.6007461863151,True
B0031,4A-const-43C,hot,90,1.6819617127259294,True,1550.047,3.4233537843227144,53.59867010741405,-0.0004878248141497188,3148.765,5952.719000000001,-0.0007598376652573328,45.46155635528227,741.2499999999998,3.9199999999999933,94.27927139033227,True
B0031,4A-const-43C,hot,92,1.6750033888978846,True,1543.64,3.4227287920309317,53.628910349751585,-0.0004916058920157138,3105.344,6027.687000000001,-0.0007549874567253962,45.46730601909401,733.672,3.9199999999999933,93.88923534156702,True
B0031,4A-const-43C,hot,94,1.6672987794846676,True,1536.781,3.422760457985402,53.61379694880726,-0.0004927346143335863,3086.547,5942.484,-0.0007758127990032782,45.490060720610764,739.9839999999999,3.9199999999999933,93.45736762642863,True
B0032,4A-const-43C,hot,2,1.7048641073512139,False,1572.359,3.31356881404843,52.14812251926887,-0.00041063428123204107,,,,,,,92.73731478089714,True
B0032,4A-const-43C,hot,4,1.8940319526948572,True,1723.281,3.360932103985418,53.49862731805315,-0.0004173354845468135,3459.25,6429.5,-0.00043434362323743693,45.09332295910928,835.1249999999998,3.9599999999999924,103.02723639072757,True
B0032,4A-const-43C,hot,6,1.8747686491853095,True,1705.906,3.362818742242725,53.56355547229223,-0.0004270287480718942,3384.485,6380.25,-0.00044920338482953165,45.305654102608436,826.547,3.969999999999992,101.97939507975036,True
B0032,4A-const-43C,hot,8,1.8654947184112376,True,1697.688,3.3620666570592657,53.636497641934646,-0.000434558955010071,3337.5160000000033,6404.921999999991,-0.00045885450196616565,45.32502514009919,825.2179999999935,3.969999999999992,101.47493291543887,True
B0032,4A-const-43C,hot,10,1.8527398169018068,True,1686.094,3.362352506750974,53.66821955000141,-0.0004383955063708985,3314.453,6359.687,-0.00047400668002999864,45.3444384896063,824.6869999999999,3.969999999999992,100.78112083318607,True
B0032,4A-const-43C,hot,14,1.844174397003866,True,1678.563,3.3539141264171213,53.78514931831166,-0.0004344275569499518,3288.5,6512.9220000000005,-0.0004605316480519004,44.72116540432172,816.625,3.9199999999999933,100.31519862983814,True
B0032,4A-const-43C,hot,16,1.8430238477512753,True,1677.469,3.359881578137895,53.80370465565283,-0.000442099735685977,3299.313,6218.359,-0.0005037693362653488,45.36661012607671,838.094,3.969999999999992,100.252613672041,True
B0032,4A-const-43C,hot,18,1.8302818174911863,True,1666.093,3.358862190732693,53.860865202701575,-0.0004466743739536287,3262.656,6237.719,-0.0005119737876835629,45.37716338098021,831.781,3.969999999999992,99.55950173069483,True
B0032,4A-const-43C,hot,20,1.8173838456081814,True,1654.328,3.3601097902247443,53.86937461780675,-0.00044721198525652533,3232.531,6241.844,-0.0005219338230771656,45.378949666013796,824.8130000000001,3.969999999999992,98.85790723211174,True
B0032,4A-const-43C,hot,22,1.8057992981104682,True,1643.812,3.3601434422461938,53.919241142689074,-0.00045004473476035404,3202.125,6244.843999999999,-0.0005265137397205104,45.381661463020585,830.7660000000001,3.969999999999992,98.22775740183653,True
B0032,4A-const-43C,hot,26,1.8149829605049186,True,1652.266,3.355149818972587,54.04736439027926,-0.0004435133803942437,3175.578,6472.938,-0.000500087639295408,44.741963711241645,813.2660000000001,3.9199999999999933,98.72730935242502,True
B0032,4A-const-43C,hot,28,1.7995150369321797,True,1648.672,3.3593418283288132,54.07432799473692,-0.0004436293250587794,3210.422,6105.188,-0.0005644987390356076,45.39714673501506,831.7820000000002,3.969999999999992,97.8859204750437,True
B0032,4A-const-43C,hot,30,1.7866516942518147,True,1636.969,3.358629751735543,54.13198237630402,-0.0004466944583387179,3158.36,6131.655999999999,-0.0005669442921790416,45.38548423560667,824.75,3.969999999999992,97.18620965695571,True
B0032,4A-const-43C,hot,32,1.7735550719416031,True,1625.187,3.3590704748251823,54.1706485784692,-0.00044943219136302524,3128.984,6145.8279999999995,-0.0005682256677513273,45.38435192632286,821.297,3.969999999999992,96.47380942487176,True
B0032,4A-const-43C,hot,34,1.769995333364443,True,1622.016,3.3579238322389635,54.230275057026425,-0.0004519311584081682,3093.969,6233.108999999994,-0.0005691476128333958,45.40427025281304,817.828,3.969999999999992,96.28017487327064,True
B0032,4A-const-43C,hot,38,1.799526080374287,True,1638.422,3.346388148340216,54.344649105313806,-0.0004530409004439545,3082.25,6391.187,-0.0005521488305621203,44.76824437312004,808.2959999999998,3.929999999999993,97.88652119105535,True
B0032,4A-const-43C,hot,40,1.7968530684449833,True,1646.438,3.3534652549262995,54.34024033975075,-0.00045306347628522406,3203.781,6045.3910000000005,-0.0006120091200794116,45.420023428162914,836.7350000000001,3.969999999999992,97.74112077607091,True
B0032,4A-const-43C,hot,42,1.7838265504081745,True,1634.765,3.3539379658636705,54.383818324015124,-0.00045315090441393614,3153.438,6122.75,-0.0006048130235103686,45.395112846336765,821.172,3.969999999999992,97.03253391658481,True
B0032,4A-const-43C,hot,44,1.7696444491040102,True,1622.016,3.352033498067153,54.44223460892958,-0.0004621750047379726,3122.937,6174.7970000000005,-0.0006028778996102935,45.42111461591665,819.579,3.969999999999992,96.26108827043167,True
B0032,4A-const-43C,hot,46,1.7512940457049684,True,1616.25,3.356088193037498,54.47793957059441,-0.0004458202749860189,3083.36,6250.0779999999995,-0.0006005846192416746,45.42740175266363,824.7030000000002,3.969999999999992,95.26290482048071,True
B0032,4A-const-43C,hot,50,1.7697554297961993,True,1622.218,3.3485978246821815,54.522884319691855,-0.0004551380458499732,3035.0160000000033,6342.625,-0.0005898509694381777,44.77235822737192,808.546,3.929999999999993,96.26712514536015,True
B0032,4A-const-43C,hot,52,1.7547726933914918,True,1619.656,3.350888760453381,54.63737439274004,-0.00045649385711259193,3096.406,6103.672,-0.0006359096338758389,45.44121869740602,824.9689999999998,3.969999999999992,95.45212837450238,True
B0032,4A-const-43C,hot,54,1.7389166355812984,True,1605.484,3.351949039148667,54.626766126568995,-0.00045528526409728515,3044.281,6172.000000000001,-0.0006367531606829356,45.45701909779596,825.156,3.969999999999992,94.58962665487114,True
B0032,4A-const-43C,hot,56,1.7337200518764075,True,1600.75,3.349297591300232,54.64310926864166,-0.0004615700221036991,3007.656,6237.094,-0.0006331721029464335,45.45478198629672,817.203,3.969999999999992,94.30695473002518,True
B0032,4A-const-43C,hot,58,1.7150972597500092,True,1595.0,3.351231111091802,54.70581681215588,-0.0004508302171762383,2990.672,6242.891,-0.0006407503804817099,45.454573095061825,815.9369999999999,3.969999999999992,93.29395449846524,True
B0032,4A-const-43C,hot,62,1.7462926148815636,True,1612.422,3.3435018088780115,54.73634803491553,-0.0004587944586465425,2941.625,6365.172000000006,-0.0006268448485579345,44.80195940335337,817.2350000000006,3.969999999999992,94.9908483776094,True
B0032,4A-const-43C,hot,64,1.719149261914565,True,1598.969,3.3521161040604457,54.729006905014316,-0.00044867729046470933,3038.688,6189.437,-0.0006654137424363264,45.43783097493817,827.3600000000001,3.969999999999992,93.51436608353352,True
B0032,4A-const-43C,hot,66,1.711582246191498,True,1592.187,3.3500497479561155,54.73589338579687,-0.0004523023291466919,2954.484,6167.704,-0.0006736800285084589,45.42563310496795,824.1089999999999,3.969999999999992,93.10275279656466,True
B0032,4A-const-43C,hot,68,1.6951051195225901,True,1577.484,3.346822633241171,54.73540508711326,-0.00046524247041502116,2936.782,6239.7809999999945,-0.0006619773921290056,45.40238293915166,818.297,3.969999999999992,92.20646758767883,True
B0032,4A-const-43C,hot,70,1.7005124371100973,True,1571.547,3.3445668126766406,54.74865999209295,-0.0004750117877990655,2894.938,6275.687,-0.0006664327662777892,45.41299032224968,809.5310000000002,3.969999999999992,92.50060253431222,True
B0032,4A-const-43C,hot,74,1.7080989351250158,True,1578.484,3.3426166901503263,54.78747299373422,-0.0004658248069435005,2897.375,6420.406000000001,-0.0006477221899111486,44.75680826911207,808.6880000000001,3.929999999999993,92.91327557462112,True
B0032,4A-const-43C,hot,76,1.691435430587127,True,1574.469,3.34732439121854,54.781382520592445,-0.0004576875902070516,2928.609,6208.0779999999995,-0.0006915130159374735,45.426863607474424,802.7339999999999,3.979999999999992,92.00685220690532,True
B0032,4A-const-43C,hot,78,1.6844494328889932,True,1568.281,3.3453547357724522,54.78435229628446,-0.0004642592320244782,2882.75,6281.093999999999,-0.0006862817717287828,45.39896576010375,807.078,3.979999999999992,91.6268438151532,True
B0032,4A-const-43C,hot,80,1.664037581688075,True,1561.422,3.346646262078225,54.845012944023324,-0.0004560674943858475,2861.312,6281.844000000001,-0.0006924996781651812,45.41222198091578,811.6880000000001,3.979999999999992,90.51652642274742,True
B0032,4A-const-43C,hot,82,1.6686372014231974,True,1554.234,3.3430379418002483,54.84412055277582,-0.0004718625689302219,2817.422,6256.671999999999,-0.0007030959513978811,45.42116339567744,807.2820000000002,3.979999999999992,90.76672606118734,True
B0032,4A-const-43C,hot,86,1.6899344075625968,True,1573.734,3.3373798184076704,54.916794359881244,-0.00047017220207521223,2813.7820000000065,6574.108999999997,-0.0006554025046232646,44.77974280069445,809.8600000000001,3.969999999999992,91.92520297508736,True
B0032,4A-const-43C,hot,88,1.669431712846442,True,1566.578,3.3435347690202875,54.90429470994109,-0.0004608129643155432,2882.312,6242.5779999999995,-0.0007193794449375554,45.43249146044236,823.9839999999999,3.979999999999992,90.80994408404133,True
B0032,4A-const-43C,hot,90,1.6634226761839213,True,1550.047,3.3406975425250534,54.85304065526831,-0.00047831584543214117,2825.968,6275.5160000000005,-0.0007141377477641672,45.40225231920624,814.8119999999999,3.979999999999992,90.48307819361683,True
B0032,4A-const-43C,hot,92,1.6436152195947373,True,1543.64,3.3456376475453258,54.870101858468004,-0.0004595676350172664,2810.86,6322.171,-0.0007154264891937112,45.43633871670618,810.922,3.979999999999992,89.40563728275501,True
B0032,4A-const-43C,hot,94,1.6358000873538245,True,1536.781,3.33983349960651,54.9152115205818,-0.00047793960712189636,2763.953,6265.078000000001,-0.0007278781636040031,45.431506683537506,810.3129999999999,3.979999999999992,88.98052751854871,True
B0033,4A-const-24C,room,7,1.1610848192311252,True,3265.75,3.524738825009034,35.79329539654299,0.0002774592459587822,71.0,10733.797000000006,-0.0002766196875366357,25.489236477153455,0.0,4.179999999999987,91.7521579470703,False
B0033,4A-const-24C,room,9,1.2529393053824995,True,3264.109,3.489168398195939,36.38266836733648,0.0002848407024231911,905.907,9836.359,-0.00035712210376484483,25.66638181947046,221.01600000000002,4.139999999999988,99.01075540861393,False
B0033,4A-const-24C,room,11,1.302918002447558,True,3253.531,3.4703882503796533,36.45901475182768,0.00028745528543118725,1092.656,9587.86,-0.00038523603589519254,25.60178268537945,343.625,4.129999999999988,102.96021132359063,False
B0033,4A-const-24C,room,13,1.3218773211472525,True,3242.578,3.453967625388434,36.279780573622936,0.00029240795909017594,1169.266,9636.187,-0.0003818970151106837,25.27803792735921,388.546,4.129999999999988,104.45842952013476,False
B0033,4A-const-24C,room,17,1.2884694418301417,True,3234.625,3.4578247593455274,36.16552578493363,0.0002997908655235603,1194.25,9613.703,-0.0003981781827930141,25.077177150377622,360.84299999999996,4.129999999999988,101.81844580059045,False
B0033,4A-const-24C,room,19,1.713169326386719,True,3235.36,3.209334990541558,39.93652051985124,0.0002086983425863455,1144.078,9663.0,-0.0003921098170553995,25.107706801429142,362.125,4.119999999999989,135.37941416614171,False
B0033,4A-const-24C,room,21,1.6560966776720512,True,3236.125,3.2871463464425337,38.25328053802186,0.00020193567947616347,2295.327999999994,8512.843000000008,-0.0004779236253585368,25.33291531043187,1004.0310000000027,4.089999999999989,130.86937442348662,False
B0033,4A-const-24C,room,23,1.6197297341990775,True,3230.25,3.3197461384202485,37.62899446299115,0.000205683138198177,2301.266,8505.375,-0.00047715452813751054,25.26420210676513,1061.453,4.079999999999989,127.99555720848414,False
B0033,4A-const-24C,room,25,1.604655812282729,True,3226.078,3.3333097880411087,37.32713409422702,0.00020716175226503632,2281.547,8525.842999999999,-0.00047433656723064376,25.1725714872834,1076.641,4.079999999999989,126.8043738929823,False
B0033,4A-const-24C,room,29,1.6255699769029337,True,3224.5,3.335992217657965,37.40237649452651,0.00020380131875788457,2241.609,8566.594,-0.00048337200753882577,24.930113294257133,1085.1399999999999,4.079999999999989,128.45706946162713,False
B0033,4A-const-24C,room,31,1.5900967306245992,True,3222.188,3.3499333575510475,36.995742754141574,0.0001985347512940234,2319.797,8485.984,-0.00048441346704200457,25.44971881922369,1093.1570000000002,4.06999999999999,125.653874689362,False
B0033,4A-const-24C,room,33,1.5739402299623984,True,3216.546000000002,3.352100511151755,36.85780455256667,0.00019398903884546842,2316.89,8491.125,-0.0004825655672930332,25.40288547700576,1083.421,4.05999999999999,124.37714298460003,False
B0033,4A-const-24C,room,35,1.5711303351557309,True,3211.859,3.364435103530164,36.6450177655176,0.00019452124966760543,2323.11,8484.733999999999,-0.00048789251858569335,25.446087439094065,1083.812,4.05999999999999,124.15509726679733,False
B0033,4A-const-24C,room,37,1.5897706153457416,True,3215.859,3.3619403221625435,37.06472736671567,0.00018828212491843205,2301.218,8506.125,-0.0004945424120836025,25.412238435581575,1077.813,4.05999999999999,125.6281041512591,False
B0033,4A-const-24C,room,41,1.6257378771074,True,3225.125,3.3654741602580085,37.66051476409482,0.0001806101523822005,2328.906,8477.562000000002,-0.0004994534218325143,26.262632859441705,1128.703,4.05999999999999,128.47033740366234,False
B0033,4A-const-24C,room,43,1.6523506333962537,True,3234.343,3.3663272801721305,38.32310986221148,0.0001704438657663491,2393.422,8415.671999999999,-0.0005092710549902728,27.15956153979837,1090.7659999999998,4.05999999999999,130.57335156591685,False
B0033,4A-const-24C,room,45,1.6143816761595386,True,3218.25,3.377217174172977,37.01126182016034,0.00018375447783207998,2421.313,8386.203,-0.000515025227053316,27.15783543455161,1085.8129999999999,4.04999999999999,127.57293875905957,False
B0033,4A-const-24C,room,47,1.58697453394504,True,3203.5,3.380792043459977,36.45751890099188,0.0001901747541175263,2335.156,8472.610000000004,-0.0005147026431672737,25.813447491927068,1070.266,4.05999999999999,125.40715000728888,False
B0033,4A-const-24C,room,49,1.5818355572787333,True,3194.39,3.379892729676732,36.245832392874156,0.00019167922398013527,2294.016,8511.953,-0.0005144635292166052,25.4385418066547,1065.3129999999999,4.05999999999999,125.0010537506127,False
B0033,4A-const-24C,room,53,1.6919769406371152,True,3225.219,3.3335163148815434,38.88044910257506,0.00014450613245539653,2258.875,8522.469,-0.0005293728604148488,25.248718690227886,1110.422,4.05999999999999,133.70473278854823,False
B0033,4A-const-24C,room,57,1.6879483800354476,True,3252.985,3.35231211831231,37.68662439550755,0.00016044348244863507,2601.953,7898.7970000000005,-0.0005839209175092397,26.910531117583485,1191.5320000000002,4.04999999999999,133.38638470363543,False
B0033,4A-const-24C,room,59,1.6586223007531458,True,3245.25,3.359089419531549,37.02885798715912,0.00017158411217121398,2508.875,8250.172000000006,-0.000555454043769081,25.728600418966007,1134.89,4.05999999999999,131.06895619737014,False
B0033,4A-const-24C,room,61,1.6420179032789863,True,3235.031,3.3667293867076395,36.84829116229335,0.00017874217914758312,2452.641,8355.578,-0.0005547002120910052,25.298283478954108,1126.906,4.04999999999999,129.7568304383977,False
B0033,4A-const-24C,room,63,1.6381810791118743,True,3228.141,3.376711639438572,36.78338270641005,0.00018399924612074383,2415.656,8390.594000000001,-0.0005600992522547519,25.22725335885319,1115.453,4.04999999999999,129.4536339008449,False
B0033,4A-const-24C,room,65,1.6422892507912386,True,3217.875,3.367781888938211,37.1454352740502,0.00018053038708661627,2383.906,8423.14,-0.0005606796746423134,25.396804370655392,1102.5159999999998,4.05999999999999,129.7782730749651,False
B0033,4A-const-24C,room,69,1.651270876264092,True,3220.219,3.372839244866595,37.43950673452506,0.00017979917514461755,2382.546,8425.266,-0.0005631672586443598,25.559292390267544,1154.422,4.05999999999999,130.48802614843342,False
B0033,4A-const-24C,room,71,1.6326559297917211,True,3210.234,3.374002354868022,37.21232307005263,0.00018219577161281318,2402.891,8391.172,-0.0005744233927799278,26.02928876956574,1105.922,4.04999999999999,129.01702120493565,False
B0033,4A-const-24C,room,73,1.6260888111680731,True,3210.546,3.372312698394194,36.823942592131566,0.00018667672498423726,2377.672,8429.765999999994,-0.0005890233117524156,25.517803859131764,1099.984,4.04999999999999,128.49806919106544,False
B0033,4A-const-24C,room,75,1.6079292963823688,True,3200.969,3.3827767161652114,36.46405070511895,0.00019331596192094858,2346.437,8461.078,-0.0005769859246066736,25.032275833836536,1090.797,4.05999999999999,127.06305372857456,False
B0033,4A-const-24C,room,77,1.6125361114907395,True,3188.625,3.375532247108578,36.76266900330653,0.0001910660743588565,2306.375,8494.625,-0.0005828480258551373,24.970096786913714,1082.7179999999998,4.04999999999999,127.42709709599715,False
B0033,4A-const-24C,room,81,1.6218384168987892,True,3191.735,3.3809635204151607,37.105629207043215,0.00019025081496891642,2301.891,8506.984,-0.0005921829585699331,25.151245423346243,1127.218,4.05999999999999,128.16219119156585,False
B0033,4A-const-24C,room,83,1.6145443029101134,True,3190.313,3.3849609857132434,36.92446822577901,0.00019219098485708826,2330.875,8431.891,-0.0005984053473113536,25.617337309604267,1088.2649999999999,4.05999999999999,127.58578997807307,False
B0033,4A-const-24C,room,85,1.5953958917107596,True,3182.156,3.3815674619499325,36.60695698382364,0.0001960908811734511,2304.718,8422.36,-0.0006019559488000883,25.275800776416162,1077.641,4.05999999999999,126.07262916527216,False
B0033,4A-const-24C,room,87,1.5877243027113057,True,3180.156,3.3851857877548657,36.55039143131212,0.00019816268977630722,2282.672,8525.078,-0.0005969472394646297,24.98503812558172,1069.547,4.05999999999999,125.46639882453871,False
B0033,4A-const-24C,room,89,1.5811840578305605,True,3171.953,3.3864604240259375,36.5823314777477,0.00019947980888492697,2264.062,8523.969000000001,-0.0006072127762042399,25.054927876059807,1068.875,4.05999999999999,124.94957044872028,False
B0033,4A-const-24C,room,93,1.6128422608267754,True,3192.172,3.38478424054856,38.03675863150647,0.0001880827701292467,2235.234,8575.188,-0.0006104511279518,25.490938376422754,1111.375,4.05999999999999,127.4512898696603,False
B0033,4A-const-24C,room,95,1.61998606328022,True,3194.735,3.382889233805488,38.760697217070216,0.00018262442147807758,2338.672,8312.625,-0.0006328364316048788,27.108320796412013,1083.515,4.04999999999999,128.01581304677424,False
B0033,4A-const-24C,room,97,1.6099381853611876,True,3178.75,3.3844125991586744,38.235160610115415,0.00018750916097812543,2365.953,8137.516,-0.0006569294065713203,27.746243974799963,1084.281,4.04999999999999,127.22180173374163,False
B0033,4A-const-24C,room,99,1.5770977539565159,True,3165.359,3.3857968945581733,37.20770413073148,0.00019875456615358624,2307.328,8389.297,-0.0006382769534491577,26.154116748964707,1071.969,4.04999999999999,124.62665932951424,False
B0033,4A-const-24C,room,101,1.5708599066554392,True,3155.25,3.3829095031701564,36.9160184906247,0.0002024790374696601,2245.202999999994,8346.609000000011,-0.0006495270154274241,25.414913270087332,1059.0469999999973,4.04999999999999,124.13372725311598,False
B0033,4A-const-24C,room,105,1.6261581345348248,True,3173.766,3.3669463001908233,38.272310782775065,0.0001818274568543045,2195.0,8572.687,-0.0006346178438467264,24.86415949056156,1098.454,4.05999999999999,128.5035473166858,False
B0033,4A-const-24C,room,109,1.6348129972245726,True,3199.485,3.3716190861386144,39.10342018909909,0.0001765600002425901,2379.265,8164.094000000001,-0.0006743399168629243,26.857478245510404,1139.593,4.04999999999999,129.18747868446115,False
B0033,4A-const-24C,room,111,1.6117053637342613,True,3196.015,3.383250579221141,38.33805950325132,0.00018744366810912426,2399.969,8142.265,-0.00067939655664397,27.457129275323574,1097.312,4.04999999999999,127.36144909328102,False
B0033,4A-const-24C,room,113,1.8851401699720662,True,3595.281,3.3541040884435995,40.78203629126505,0.0001105537139573972,2329.609,2622.6250000000005,,,1083.781,4.04999999999999,148.96902944797995,False
B0033,4A-const-24C,room,117,1.6584957887780232,True,3198.0,3.363721350351351,38.52395699562303,0.00016683054241538393,2551.312,7937.860000000001,-0.0007117291472221786,27.93209145768323,1178.047,4.04999999999999,131.05895886855197,False
B0033,4A-const-24C,room,119,1.62418934644937,True,3183.516,3.366918878823245,37.84185542205372,0.00018080464193093678,2447.344,8138.124999999997,-0.0006922861743613454,26.419705397313074,1109.1570000000002,4.009999999999991,128.3479681958593,False
B0033,4A-const-24C,room,121,1.6041720988563641,True,3183.797,3.376033697850269,37.464100471383695,0.0001905432149654476,2380.031,8244.312999999998,-0.0006920140886138682,25.95235919538191,1103.25,4.05999999999999,126.76614951009324,False
B0033,4A-const-24C,room,123,1.6080016740907346,True,3191.516,3.3722882262741316,38.110532137074216,0.00018668295863470135,2331.562,8477.219000000001,-0.0006701247858320325,25.808477836954694,1087.672,4.05999999999999,127.06877321678061,False
B0033,4A-const-24C,room,125,1.6256752138435595,True,3189.985,3.371464716917886,39.04860411133125,0.00017961897047238042,2361.61,8254.796999999999,-0.0006996276906818565,27.1660604676426,1097.969,4.009999999999991,128.46538557793338,False
B0033,4A-const-24C,room,129,1.617632765910718,True,3189.734,3.3745591325938995,38.882226863166906,0.00018448106006412632,2368.078,8168.234,-0.0007126966624842532,27.71391252719328,1138.703,4.05999999999999,127.82984893083137,False
B0033,4A-const-24C,room,131,1.5973191489094263,True,3176.016,3.3793714907223658,38.10273900805949,0.00019530855669489875,2346.094,8214.671999999999,-0.0007064605838546275,26.837729132927187,1089.125,4.05999999999999,126.22461030854622,False
B0033,4A-const-24C,room,133,1.5875852250170606,True,3171.36,3.3812950636091506,37.91537679971282,0.00019934037430499368,2287.875,8303.141000000003,-0.0007123574547895943,26.46480557549332,1073.922,4.05999999999999,125.45540851757929,False
B0033,4A-const-24C,room,135,1.5802530015403684,True,3170.843,3.382171233915879,37.92480929373238,0.00020230044274392977,2263.547,8355.844,-0.0007086630583314481,26.283339210959728,1068.188,4.05999999999999,124.87599578614577,False
B0033,4A-const-24C,room,137,1.583036530487776,True,3164.672,3.3795623822599756,38.34698157796738,0.00019990557453989667,2256.891,8313.640000000001,-0.0007130425219867758,26.585587036749832,1062.094,4.05999999999999,125.09595800027749,False
B0033,4A-const-24C,room,141,1.6027138832797037,True,3177.453,3.37961009118628,39.30988108210959,0.00019490690419793355,2241.765,8534.547,-0.0007023573442109914,27.076052164059934,1101.078,4.05999999999999,126.6509172516961,False
B0033,4A-const-24C,room,143,1.5930709154513834,True,3172.375,3.384287544034087,38.964980792259276,0.00019788929944848738,2297.61,8169.155999999999,-0.0007449097348407915,28.215967732403673,1077.156,4.05999999999999,125.88890306237232,False
B0033,4A-const-24C,room,145,1.5448888685020246,True,3158.406,3.3822784871834886,37.72135386687406,0.00021089838565030924,2240.312,8364.953,-0.0007271344089692657,26.599794786363184,1061.094,4.05999999999999,122.08142344616462,False
B0033,4A-const-24C,room,147,1.5352188565640517,True,3141.578,3.3814602813053565,37.45856152891539,0.0002155142446490951,2165.828,8437.297,-0.0007280109031428376,25.803561783710553,1040.234,4.06999999999999,121.31727215593374,False
B0033,4A-const-24C,room,149,1.5252677314227332,True,3138.187,3.382560441964418,37.2659552140469,0.0002191716226605327,2134.844,8471.530999999999,-0.0007252184724327233,25.522919260453403,1022.281,4.05999999999999,120.53090651701174,False
B0033,4A-const-24C,room,153,1.5559492005453626,True,3157.969,3.3801788533503028,38.74887799470947,0.00021089220187105317,2071.734,8705.141,-0.000709281599280309,25.464465354717223,1031.4840000000002,4.06999999999999,122.95544170545027,False
B0033,4A-const-24C,room,155,1.5648029438427147,True,3159.281,3.3800922874688264,39.69321386954275,0.0002040808249276501,2184.078,8361.484,-0.0007448600097408816,27.518199216904357,1044.328,4.05999999999999,123.65508917304821,False
B0033,4A-const-24C,room,157,1.5518620461881205,True,3150.375,3.382133740383054,38.99544744527789,0.00020963451523223203,2224.141,8204.859,-0.0007685446100102291,28.279796841781287,1058.6100000000001,4.05999999999999,122.63246337869198,False
B0033,4A-const-24C,room,159,1.5144550545105004,True,3134.078,3.3814913105388644,37.746988287643894,0.00022251853408616478,2147.922,8417.219,-0.0007483572454833738,26.429660018386194,1028.64,4.05999999999999,119.676458656313,False
B0033,4A-const-24C,room,161,1.5051936202146428,True,3129.797,3.3819655060503893,37.50735630364932,0.00022621583548651018,2066.452999999994,8534.718000000008,-0.0007421969003229098,25.67478989409037,1001.328,4.06999999999999,118.94459430992299,False
B0033,4A-const-24C,room,165,1.605823969917045,True,3161.89,3.329913840594753,38.883555668352116,0.00018334958770070174,2005.328,8749.391,-0.000731460709702436,25.097103625713082,997.015,4.06999999999999,126.89668496448678,False
B0033,4A-const-24C,room,169,1.6249005195877049,True,3196.859,3.3467196974403497,39.70651744278487,0.00017987148513501632,2357.469,8226.719000000001,-0.0007944308437596129,26.903805627763045,1117.297,4.05999999999999,128.40416707903773,False
B0033,4A-const-24C,room,171,1.589785130036615,True,3171.906,3.366597142576843,38.69688917568081,0.0002015493052337084,2357.282,8107.686999999999,-0.0008081025305256481,27.54690981342813,1086.9370000000001,4.05999999999999,125.62925114257921,False
B0033,4A-const-24C,room,173,1.5552386152299904,True,3160.8429999999935,3.3665010841717966,37.93115370815918,0.00021471648396901904,2240.875,8328.516,-0.0007949437263858115,26.18633645795616,1051.797,4.06999999999999,122.89928927368041,False
B0033,4A-const-24C,room,175,1.539756404636803,True,3147.141,3.3683893640779714,37.670702628979534,0.00022272062004849742,2164.688,8406.39,-0.0007804093628250395,25.534289366366473,1021.5620000000001,4.079999999999989,121.67584184917908,False
B0033,4A-const-24C,room,177,1.5293174002138357,True,3141.203,3.3686183095745217,37.48833504505954,0.00022701149870501798,2111.453,8513.782000000001,-0.0007745503493726943,25.24806549014506,1000.234,4.06999999999999,120.85092262987472,False
B0033,4A-const-24C,room,181,1.547680553576876,True,3151.047,3.3619229093944987,39.01194436489727,0.00021771100471929555,2050.782,8694.843,-0.0007710754352180639,25.398766166291246,983.906,4.079999999999989,122.30203018021517,False
B0033,4A-const-24C,room,183,1.5659920939439786,True,3159.172,3.362373596039391,39.95408175672587,0.00021134121825411485,2151.344,8029.985,-0.0008550855673011662,27.259413118500643,1016.8439999999999,4.06999999999999,123.74905912778951,False
B0033,4A-const-24C,room,185,1.5416252851780505,True,3141.047,3.368466070250841,38.629206981182826,0.00022571267182544078,2182.625,8268.547,-0.000820407048644282,27.520235419535577,1038.234,4.06999999999999,121.8235259974554,False
B0033,4A-const-24C,room,187,1.517590655990168,True,3135.0310000000027,3.36347185491077,37.93003488357471,0.000234167929453424,2063.891,8558.109,-0.0007912590463375337,25.75999329076942,972.9839999999999,4.079999999999989,119.9242426230451,False
B0033,4A-const-24C,room,189,1.5075202042593092,True,3117.984,3.363235953553388,37.62158369702063,0.00023943425712499408,2018.11,8600.046,-0.0007976481525880222,25.28374968940276,955.625,4.079999999999989,119.12844746449677,False
B0033,4A-const-24C,room,193,1.49549282626034,True,3125.328,3.3583847581016526,37.78621151878811,0.00024218762762759908,1940.719,8867.344000000001,-0.0007809590336104687,24.647463247957468,910.6870000000001,4.089999999999989,118.17801053898319,False
B0033,4A-const-24C,room,195,1.4997618811573148,True,3120.172,3.3645795285682984,37.780545613375104,0.00024215354910094266,1972.828,8712.390000000001,-0.0007978985386449828,25.208883176819146,929.25,4.079999999999989,118.51536315328342,False
B0033,4A-const-24C,room,197,1.4906966807803954,True,3116.641,3.3647328172276567,37.48831223397221,0.00024621758542711555,1952.671,8754.688,-0.0007940432041530068,24.890557386906817,913.125,4.089999999999989,117.79900575800222,False
B0033,4A-const-24C,room,199,1.4800999425051866,True,3110.844,3.360281651978189,37.84650784146758,0.00024590641046303986,1923.922,8821.5,-0.0007893774284173843,24.96092946617714,898.422,4.089999999999989,116.96162197014547,False
B0033,4A-const-24C,room,201,1.4676091496100632,True,3101.406,3.3661837656093314,37.50067380952265,0.0002469768363668223,1942.125,8829.781000000003,-0.0007876774676289113,24.96462951188155,912.843,4.079999999999989,115.97456470816488,False
B0033,4A-const-24C,room,205,1.4729818491920503,True,3099.563,3.369029139242048,37.46771056598812,0.0002497137382188837,1876.657,8910.578000000001,-0.0007941607042528681,24.608542818819664,883.204,4.089999999999989,116.39913040094096,False
B0033,4A-const-24C,room,207,1.4742872137206404,True,3104.64,3.3652385724141607,37.59818541161091,0.0002521693159419726,1868.547,8923.5,-0.0007940569743684155,24.871485928412692,873.25,4.089999999999989,116.50228394357794,False
B0033,4A-const-24C,room,209,1.4635162808346138,True,3099.875,3.3618926452165643,37.701434924362204,0.00024879999806051814,1905.782,8867.265000000001,-0.0007965853903218452,25.042481226799218,897.031,4.079999999999989,115.65113481215579,False
B0033,4A-const-24C,room,211,1.4527095680488362,True,3093.25,3.363675541904795,37.53461374251148,0.00025496393069103144,1872.109,8897.734,-0.0008026066494025815,24.821764696385916,865.719,4.089999999999989,114.79715825334944,False
B0033,4A-const-24C,room,213,1.4557303847230247,True,3086.688,3.359060505999303,37.84394106488913,0.0002551093180558855,1845.61,8929.937,-0.0008051581850923672,24.84747734962236,855.156,4.089999999999989,115.03587160488806,False
B0033,4A-const-24C,room,217,1.459740099618568,True,3094.281,3.3651551542737717,37.62240216799661,0.00025848032899492067,1800.578,9012.140999999998,-0.0008112537137083147,24.555455419099868,818.453,4.099999999999989,115.35273044958663,False
B0033,4A-const-24C,room,219,1.448711504158192,True,3088.328,3.3585848303538435,37.85402355267617,0.0002579307535254529,1821.25,8936.266,-0.0008142593423140037,24.875239339832085,842.719,4.089999999999989,114.48122010352522,False
B0033,4A-const-24C,room,221,1.4666759762884336,True,3095.687,3.35905242705326,38.470904652851125,0.00025571443934640023,1830.547,8913.671999999999,-0.0008237904876634966,25.24447452638901,852.8120000000001,4.089999999999989,115.90082275186677,False
B0033,4A-const-24C,room,223,1.4689502109504418,True,3102.062,3.362682403709533,39.05355467673962,0.0002508431178443165,1861.39,8822.094000000001,-0.0008338751693448426,26.135682422764102,864.8120000000001,4.089999999999989,116.08053911234373,False
B0033,4A-const-24C,room,225,1.471116588522042,True,3107.141,3.3650098815184712,39.44221992740732,0.0002474739158441187,1886.938,8731.64,-0.0008407497737199416,26.718521545702803,886.7350000000001,4.089999999999989,116.25173230497722,False
B0033,4A-const-24C,room,229,1.4473012364654927,True,3090.719,3.3557747858772635,38.22999069332894,0.00026026824028829346,1824.719,8988.203000000001,-0.0008279152667551146,25.502133983927227,837.328,4.089999999999989,114.36977682053244,False
B0033,4A-const-24C,room,231,1.4205315547561643,True,3069.812,3.3539193468726696,37.758104647901995,0.0002650695427380858,1812.281,8930.312999999998,-0.0008323277471437733,24.9527339208718,827.407,4.089999999999989,112.25436197425654,False
B0033,4A-const-24C,room,233,1.4241466094817417,True,3064.437,3.3605316490849235,37.428049618035296,0.000267051655989588,1779.281,9031.875,-0.0008269022077746623,24.558860979911938,807.7660000000001,4.089999999999989,112.54003367254653,False
B0033,4A-const-24C,room,235,1.4412820083364295,True,3083.25,3.3547493929832592,38.5029228575476,0.0002616411537236773,1729.422,9078.984,-0.000827833359020352,24.616398559179743,781.984,4.099999999999989,113.89412064032076,False
B0033,4A-const-24C,room,237,1.4448965388921615,True,3076.484,3.3635996156389574,38.83348222581879,0.00025995470209125873,1804.5,8980.766,-0.0008363996711372268,25.600074072276037,828.781,4.089999999999989,114.17975091724888,False
B0033,4A-const-24C,room,241,1.4540256354795746,True,3081.297,3.3569917985687048,39.052180409304285,0.00025936515189139357,1770.296,9007.36,-0.0008471451130362169,26.33035866686595,814.656,4.099999999999989,114.90115756913937,False
B0033,4A-const-24C,room,243,1.4226030447542912,True,3065.953,3.356737655890981,38.021927947894824,0.00026763491665124725,1801.812,8915.907,-0.0008568891400394519,25.6003640732977,829.2339999999999,4.089999999999989,112.41805688641617,False
B0033,4A-const-24C,room,245,1.410196954589097,True,3055.828,3.3595402684946825,37.73309166360951,0.000271774197566584,1731.172000000006,9063.827999999994,-0.000846838237396585,24.75237696837959,775.4999999999941,4.099999999999989,111.43769307019105,False
B0033,4A-const-24C,room,247,1.4144881298999457,True,3051.468,3.3577795891012125,37.88253804875795,0.00027063346359589886,1707.843,9102.157,-0.0008442546414013794,24.684612449966963,766.985,4.099999999999989,111.77679370123732,False
B0033,4A-const-24C,room,249,1.431360032946153,True,3069.0,3.3555412354678467,39.09683297382756,0.0002622931586350133,1710.703,9101.594000000001,-0.0008454488395771955,25.35533536050842,770.828,4.099999999999989,113.11005849595612,False
B0033,4A-const-24C,room,253,1.4515133236517528,True,3079.235,3.3594857050424136,39.85321278395099,0.000256964531049528,1752.735,9060.562,-0.0008518699343944725,26.14862345852221,790.844,4.099999999999989,114.70262768758322,False
B0033,4A-const-24C,room,255,1.4230376757726733,True,3070.344,3.358051208135682,39.04623892631281,0.0002634685317502484,1819.562,8752.532,-0.000890646763577953,26.896957498815674,842.3279999999999,4.089999999999989,112.45240264065114,False
B0033,4A-const-24C,room,257,1.396298696255913,True,3051.4839999999967,3.3644871236228617,37.820538353520355,0.0002719811255624608,1763.906,8981.39,-0.0008710674697304213,25.520635883535657,799.672,4.099999999999989,110.3394139671881,False
B0033,4A-const-24C,room,259,1.3979060730399124,True,3054.812,3.361244790495099,37.73310595477053,0.00027414023892193457,1675.0,9135.547,-0.0008569733007112359,24.77494533689421,745.422,4.099999999999989,110.46643335984851,False
B0033,4A-const-24C,room,261,1.4011347560096767,True,3046.532,3.35671886762914,38.006666099531806,0.0002748694671561556,1655.953,9154.828000000001,-0.0008597304450226567,24.735851791602435,734.594,4.109999999999989,110.72157288531315,False
B0033,4A-const-24C,room,265,1.436782528945267,True,3071.782,3.359022917654344,39.784628994566496,0.0002617031550090228,1625.14,9186.5,-0.0008719063924293095,25.563889372683043,690.093,4.109999999999989,113.53855924037848,False
B0033,4A-const-24C,room,267,1.4370006879546382,True,3074.532,3.360671828990881,40.35944876635067,0.0002581768952446366,1775.922,8831.5,-0.0009020364130433877,27.303385841844904,810.953,4.089999999999989,113.55579877323075,False
B0033,4A-const-24C,room,269,1.410355528453481,True,3053.656,3.358394883350331,39.40096297699252,0.0002635107330843922,1820.36,8763.64,-0.0009068833603029478,27.30414208001678,848.343,4.089999999999989,111.45022401884374,False
B0033,4A-const-24C,room,271,1.382633397996189,True,3031.953,3.3625185980231946,38.23202468655914,0.0002771388373495206,1708.641,9062.217999999997,-0.0008855511550012917,25.82928197691623,766.438,4.099999999999989,109.25954401836704,False
B0033,4A-const-24C,room,273,1.3699403583067564,True,3023.5,3.352730063565273,38.186119358463095,0.00028295497792583404,1634.203,9155.219000000001,-0.0008790120492513721,25.06929787954973,719.125,4.099999999999989,108.25650465111008,False
B0033,4A-const-24C,room,277,1.3786129327882322,True,3042.703,3.348905668243179,38.7565059715467,0.0002815624734061076,1561.625,9250.266,-0.0008855735831817589,24.504294294907687,637.859,4.109999999999989,108.94183565402425,False
B0033,4A-const-24C,room,279,1.8035959863147193,True,4424.203,3.457384162912773,39.21824541685028,0.00015915161757687775,1676.594,1703.062,,,739.422,4.099999999999989,142.52518082066925,False
B0033,4A-const-24C,room,283,1.4234424290662009,True,3066.766,3.376673863925851,39.05310062274121,0.0002560546795328096,1569.5,8775.468,-0.000912755987190751,27.219943067203285,732.7339999999999,4.089999999999989,112.48438737380953,False
B0033,4A-const-24C,room,285,1.3946003892958663,True,3046.125,3.373391130621014,38.41375319607374,0.00026548272791602383,1738.875,8912.187000000005,-0.0009030465192043972,26.205519115271507,802.969,4.099999999999989,110.20520901862628,False
B0033,4A-const-24C,room,287,1.3961613987822286,True,3033.625,3.364186626496377,38.46902673499884,0.00027021498212485796,1684.828,9017.0,-0.0008978378462955697,25.75171191559363,759.218,4.099999999999989,110.3285643382182,False
B0033,4A-const-24C,room,289,1.384968608315797,True,3028.562,3.358003989298615,38.5100324254832,0.0002728236071768818,1674.547,9141.687,-0.0008879679349948049,25.580162276604494,753.984,4.099999999999989,109.44407884522506,False
B0033,4A-const-24C,room,291,1.3715114742475478,True,3020.984,3.36155800725267,38.40063671961678,0.0002749475080007882,1647.828,9116.390000000001,-0.0008995200736538016,25.456381795634478,736.735,4.099999999999989,108.3806586108941,False
B0033,4A-const-24C,room,295,1.3616865084879255,True,3017.391,3.3646263159375533,38.39044541549165,0.00027930809091164207,1583.36,9224.015,-0.000902555271527301,25.133730340539937,673.7819999999999,4.109999999999989,107.60426243787515,False
B0033,4A-const-24C,room,297,1.3796301360966086,True,3022.14,3.360892538206702,38.413629652125955,0.0002808020863446542,1616.438,9089.718,-0.0009106899998825254,25.399227306972072,710.0,4.099999999999989,109.02221789403686,False
B0033,4A-const-24C,room,299,1.364231776003204,True,3009.016,3.3571675251434945,38.44024987650422,0.00028077235043487387,1641.563,9121.889999999994,-0.0009012840899369756,25.344691758984684,732.8599999999999,4.099999999999989,107.80539656968995,False
B0033,4A-const-24C,room,301,1.3418414512081456,True,3014.672,3.3650892446963074,38.18714693456589,0.00027623736748279705,1652.719,9162.86,-0.0008947817773937971,25.319276066420542,748.422,4.099999999999989,106.03605071049354,False
B0033,4A-const-24C,room,303,1.3552215695792247,True,3010.703,3.363027417163423,38.18649962226669,0.00028055295576711383,1595.672,9214.563,-0.0008997226618743745,25.283276927817834,709.297,4.109999999999989,107.0933849498187,False
B0033,4A-const-24C,room,307,1.3403860264029774,True,3011.75,3.3583632498611675,38.536213089297746,0.0002844137461352266,1520.907,9290.343,-0.0009090659564955356,25.018552224193442,622.516,4.109999999999989,105.9210389866366,False
B0033,4A-const-24C,room,309,1.3594078914195438,True,3005.734,3.3574236498195957,38.552272664006516,0.0002827348825952574,1581.672,9231.094,-0.000916571723150758,25.458588159429972,690.6560000000001,4.109999999999989,107.42419976743433,False
B0033,4A-const-24C,room,311,1.3457100861355502,True,2993.75,3.360766302094452,38.45551116751203,0.0002867013442023613,1567.75,9239.297,-0.0009645918660786619,25.401682016658146,676.906,4.109999999999989,106.34176102296998,False
B0033,4A-const-24C,room,313,1.3477611420854358,True,2998.125,3.3594711162840047,38.45383838785278,0.0002874092617981168,1550.61,9265.375,-0.0009114759245604265,25.351021807458146,664.453,4.109999999999989,106.50384117969512,False
B0033,4A-const-24C,room,315,1.335482103134067,True,2990.859,3.352476127724087,38.59571101696619,0.00029023247042605897,1527.766,9287.437,-0.0009190465018951817,25.33816887280592,652.5,4.109999999999989,105.53351730443312,False
B0033,4A-const-24C,room,319,1.353154941842234,True,3024.453,3.3599659156305464,39.84838963202564,0.00028344092947743695,1469.469,9342.796999999999,-0.0009291657634869882,25.210842558890217,576.7500000000001,4.119999999999989,106.93007426708346,False
B0033,4A-const-24C,room,321,1.3709677706044292,True,3030.765,3.352934086228004,40.8588418858713,0.00027804479996899027,1590.907,9040.156,-0.000957357415846682,27.61212951781078,693.969,4.109999999999989,108.3376936339057,False
B0033,4A-const-24C,room,323,1.357426672491866,True,3020.813,3.343287590707508,40.645674557350794,0.00028836773295831463,1599.187,9216.657,-0.0009396016024805443,27.616481596272365,682.766,4.109999999999989,107.26763832681505,False
B0033,4A-const-24C,room,325,1.3443678821106904,True,2998.156,3.3304566806630636,40.22816795562337,0.00030997201157655747,1531.563,9279.968,-0.000947112502954429,26.52058165232816,626.953,4.119999999999989,106.23569632067915,False
B0033,4A-const-24C,room,327,1.33005823859453,True,2986.766,3.320924665615561,40.06014962782639,0.0003178015065497014,1424.578,9385.764999999994,-0.0009561735965808891,25.83902162866771,541.5,4.129999999999988,105.1049084141329,False
B0033,4A-const-24C,room,331,1.4033641858066626,True,3032.328,3.340032080385694,40.062941403566036,0.00029712426953415374,1320.172,9489.937,-0.0009717127721125339,25.23040139997316,412.796,4.139999999999988,110.8977486405008,False
B0033,4A-const-24C,room,335,1.3865570950229378,True,3047.703,3.365998712772332,40.262388264621016,0.0002696977165124566,1700.703,9086.813,-0.0009595719742497223,26.37611329450895,743.141,4.099999999999989,109.56960549137219,False
B0033,4A-const-24C,room,337,1.3704138176872631,True,3034.968,3.3457011047959266,39.997401224885536,0.00028870911184226207,1685.813,8982.812,-0.0009737705344545017,27.199391951777383,753.437,4.099999999999989,108.29391873072103,False
B0033,4A-const-24C,room,339,1.325319393635713,True,3011.7339999999967,3.346323103330572,39.574089613864224,0.0002941764047269482,1643.531,9171.812999999998,-0.000949550496292052,26.110347867142693,720.7810000000001,4.099999999999989,104.73043168000764,False
B0033,4A-const-24C,room,363,1.461469789426299,True,3001.235,3.2312787223699537,45.33521672468352,0.0003605388804500072,10.25,10521.156,-0.00048264769626550055,26.83190666471278,0.0,,115.4894153582253,False
B0033,4A-const-24C,room,365,1.4150999545382532,True,2976.234,3.337618232944289,40.620147730266055,0.0002950514851735102,1608.656,9202.828000000001,-0.0010532184552862756,27.726517888161936,623.813,4.089999999999989,111.82514178909457,False
B0033,4A-const-24C,room,367,1.383632373873956,True,2950.39,3.3407978157952662,39.683995746406474,0.0002947093163718635,1559.922,9250.484000000002,-0.0010114188030711498,26.373421066329865,625.812,4.129999999999988,109.3384858760195,False
B0033,4A-const-24C,room,371,1.3705402893609833,True,2941.719,3.3451260552283553,39.047236578784684,0.00029377441361038575,1509.828,9303.0,-0.001004802800854062,25.446847101537987,581.6089999999999,4.119999999999989,108.30391287481007,False
B0033,4A-const-24C,room,373,1.3557042566115398,True,2946.969,3.357137371109369,38.66855198329813,0.0002910745632609316,1553.703,9263.25,-0.0009901350658320116,25.392887479292877,644.719,4.119999999999989,107.13152822418974,False
B0033,4A-const-24C,room,375,1.3578385793919763,True,2936.171,3.351453240465127,38.84148471879362,0.0002923911868111231,1518.204,9297.796,-0.0009883339059164496,25.419414470410427,630.641,4.119999999999989,107.30018835790014,False
B0033,4A-const-24C,room,377,1.3609083979571395,True,2927.281,3.346026215342865,39.052551352201455,0.00029369261291247193,1523.954,9289.015,-0.0009928060006601225,25.514726565665562,633.062,4.109999999999989,107.54277397541448,False
B0033,4A-const-24C,room,379,1.3495626547684758,True,2924.422,3.3509794200278593,38.79448240276511,0.0002963792819552411,1512.906,9297.329000000002,-0.0010002281324256088,25.490688608006554,619.2810000000001,4.119999999999989,106.64620173208559,False
B0033,4A-const-24C,room,383,1.1888877132486642,True,3023.859,3.342644131880222,38.509868638012954,0.00028517094497972344,1419.75,9392.577999999994,-0.0010096606572431372,25.047221831944732,529.062,4.129999999999988,93.94922010913712,False
B0033,4A-const-24C,room,387,1.5041493934608645,True,3056.172,3.3518592869527803,40.15830993087354,0.0002294838567222338,1999.531,8813.546999999999,-0.001058106531751445,27.891715798837495,878.5630000000001,4.089999999999989,118.86207660194998,False
B0033,4A-const-24C,room,389,1.4899088638712767,True,3045.078,3.3468424673944153,39.45022733421382,0.000240148101568848,1932.016,8786.234,-0.0010547634512678918,27.111295548910068,839.2969999999999,4.089999999999989,117.73675027047747,False
B0033,4A-const-24C,room,391,1.475330178643193,True,3034.25,3.3508471294894773,38.94097771129498,0.00025026571292840566,1854.0,8959.672000000006,-0.0010440862316201908,26.351100615479623,791.75,4.099999999999989,116.58470193813122,False
B0033,4A-const-24C,room,393,1.459830765413703,True,3022.609,3.355670268634571,38.66654129149028,0.00025640063532830174,1783.656,9029.969000000001,-0.0010478718279235701,25.96441878015059,756.1870000000001,4.099999999999989,115.35989511337159,False
B0033,4A-const-24C,room,395,1.4474169057725728,True,3028.828,3.353308872329983,39.336362061944186,0.0002520283477027777,1767.734,9046.484999999999,-0.0010385156505784946,25.942557286278568,748.0930000000001,4.099999999999989,114.37891733150722,False
B0033,4A-const-24C,room,399,1.4676323674647154,True,3037.875,3.355576427429911,40.212462412867474,0.00024593749804127104,1768.375,9048.094,-0.0010464734922582737,26.911554046754322,751.89,4.099999999999989,115.97639944773942,False
B0033,4A-const-24C,room,401,1.441552493165527,True,3023.187,3.3638323924431814,39.15441493084491,0.000254288956614377,1840.563,8776.14,-0.0010806279941605425,27.638096156458626,803.219,4.099999999999989,113.91549510526129,False
B0033,4A-const-24C,room,403,1.418392873584403,True,2996.922,3.3571376570885594,38.472340837695874,0.00026282958222148013,1752.671,9065.313,-0.0010358396610119953,25.91139723005708,758.765,4.099999999999989,112.08535742831836,False
B0033,4A-const-24C,room,405,1.4031824838852518,True,2986.469,3.361111422960934,38.10278800382275,0.00026728748806422614,1707.5,9104.858999999997,-0.001031861662946107,25.39351762624176,728.1560000000001,4.109999999999989,110.88339004833215,False
B0033,4A-const-24C,room,407,1.3911104661211642,True,2979.219,3.3674136761881366,38.13961733869117,0.00026791587764719876,1670.657,9147.547,-0.0010317629296275272,25.197433603128076,705.281,4.109999999999989,109.9294255641837,False
B0033,4A-const-24C,room,411,1.4086019958134537,True,2995.047,3.3717064606024185,38.75498314355583,0.00026413982586382924,1618.109,9195.094,-0.0010416369064866246,25.528084825684484,666.9069999999999,4.109999999999989,111.31165498315549,False
B0033,4A-const-24C,room,413,1.4137708903948947,True,2989.828,3.3721296388578876,39.165872874745595,0.00025947739114456,1691.063,9121.905999999999,-0.001033574988079273,26.42329301339483,726.719,4.109999999999989,111.72011543685618,False
B0033,4A-const-24C,room,415,1.412472234540845,True,2989.391,3.370281011025519,39.025069457187186,0.00026054709140242217,1704.906,9113.219000000001,-0.0010365676696732298,26.878314053038473,737.235,4.099999999999989,111.61749203237608,False
B0033,4A-const-24C,room,417,1.3831900026575588,True,2967.2810000000027,3.364268931307196,38.3251245457817,0.0002703090549210037,1675.641,9139.828,-0.0010367956699972173,25.928905605500137,714.719,4.109999999999989,109.30352846976818,False
B0033,4A-const-24C,room,419,1.3646098107432565,True,2962.609,3.3720392126554684,37.878182669376734,0.0002742173817060481,1623.75,9191.766,-0.001041092554692941,25.34254811977047,692.2189999999999,4.109999999999989,107.83526992829758,False
B0033,4A-const-24C,room,423,1.369751365782437,True,2957.016,3.362230190450641,37.905840036253096,0.00027827859659242425,1531.5,9279.64,-0.0010426640975687337,24.779136108141174,612.8120000000001,4.119999999999989,108.24156993518324,False
B0033,4A-const-24C,room,425,1.3867946911071662,True,2973.281,3.3636193969648573,39.1223902532353,0.00026584789718431603,1605.031,9207.437000000002,-0.0010369554478806137,25.658025941717725,678.0,4.109999999999989,109.5883809960439,False
B0033,4A-const-24C,room,427,1.3918615875742792,True,2968.016,3.3703866336965356,39.39196447810482,0.0002645829019109145,1677.609,9001.328,-0.0010679417841642704,26.71566863046802,730.1569999999999,4.099999999999989,109.98878127451783,False
B0033,4A-const-24C,room,429,1.377162352180965,True,2959.281,3.3756959922995033,38.80564596554866,0.0002685761238134901,1680.937,8997.672,-0.0010665860186144203,26.928959385663795,731.7969999999999,4.109999999999989,108.82720673218454,False
B0033,4A-const-24C,room,431,1.3599525359390852,True,2942.797000000006,3.366639210990064,38.29516028833109,0.0002761620387155219,1621.0,9193.265,-0.0010419648212442346,25.889486505175565,705.031,4.099999999999989,107.46723909509954,False
B0033,4A-const-24C,room,435,1.379779043170725,True,2978.89,3.3707194031916488,39.482066579608755,0.0002682378263088397,1526.016,9288.484,-0.001046650558042836,24.92093615367765,612.375,4.109999999999989,109.03398494598473,False
B0033,4A-const-24C,room,439,1.3631373661966442,True,2948.891,3.368376555569585,38.22420789035359,0.00027627205288470994,1639.891,9173.296,-0.0010616024751058544,25.93389027095123,689.5319999999999,4.109999999999989,107.71891325704377,False
B0033,4A-const-24C,room,441,1.3652295228794809,True,2938.547,3.3605555096355064,38.212225319933545,0.00027838818120509874,1595.797000000006,9221.25,-0.0010464132606188771,25.342052447707992,675.3750000000033,4.109999999999989,107.88424130821987,False
B0033,4A-const-24C,room,443,1.3498620694059131,True,2925.484,3.3664344500865964,38.03726842877258,0.0002807655546901613,1589.922,9228.609999999999,-0.001047140418849999,25.17817679663082,668.032,4.109999999999989,106.66986231109826,False
B0033,4A-const-24C,room,445,1.3529504172332432,True,2917.297,3.360999914466085,38.08745383569629,0.0002818599726932118,1560.328,9258.406,-0.001047112217983287,25.168020342916467,652.891,4.109999999999989,106.91391216254348,False
B0033,4A-const-24C,room,447,1.3535740542605128,True,2918.938,3.359714561556011,38.371162533264,0.00028050973411955054,1564.391,9250.641,-0.001052989905783506,25.20675318788132,662.984,4.119999999999989,106.96319369829345,False
B0033,4A-const-24C,room,451,1.3432225183905024,True,2918.25,3.360790017915932,38.21500087152169,0.00028419771680763563,1521.687,9290.86,-0.0010711564309901875,25.052010734186023,616.3589999999999,4.109999999999989,106.14518648778758,False
B0033,4A-const-24C,room,453,1.3412081769053426,True,2915.4839999999967,3.364551990412796,38.068361542357145,0.000282277485140133,1575.094,9242.328000000001,-0.0010546932197352376,25.283814676651854,666.8439999999999,4.109999999999989,105.98600761037524,False
B0033,4A-const-24C,room,455,1.3277389969987805,True,2906.015,3.370459024271422,37.98761504071771,0.0002837027136605684,1566.203,9246.531,-0.001060873487565752,25.312727111019083,657.859,4.099999999999989,104.92163548033331,False
B0033,4A-const-24C,room,457,1.329778900445409,True,2894.14,3.3647395351261364,38.3556643629041,0.0002825966786938827,1544.86,9267.358999999999,-0.0010530493512793217,25.34438220448517,647.157,4.109999999999989,105.08283433517303,False
B0033,4A-const-24C,room,459,1.3356045028702495,True,2892.031,3.3724762289358954,38.587739723836165,0.0002807851704820246,1660.015,9156.375,-0.001049468307457606,26.26538239873283,708.297,4.099999999999989,105.54318967267089,False
B0033,4A-const-24C,room,463,1.3177489685711123,True,2888.719,3.3682526298407933,37.84946765760722,0.00028963336246884495,1472.485,9343.453,-0.0010734481634674586,24.71721183505234,581.031,4.119999999999989,104.1321955953143,False
B0033,4A-const-24C,room,465,1.317605472474197,True,2875.641,3.368834125820871,37.81892879614016,0.00028789247459816994,1517.157,9298.25,-0.0010588278549962759,24.999820310707694,636.312,4.109999999999989,104.12085613386336,False
B0033,4A-const-24C,room,467,1.3185279522072382,True,2860.7810000000027,3.3643721242108837,37.98975162560657,0.0002881752578363079,1528.047,9288.687,-0.001052034407247416,25.12285117472656,637.328,4.109999999999989,104.19375305299197,False
B0033,4A-const-24C,room,469,1.3215397269813982,True,2852.844,3.3599563575039135,38.110497566784815,0.0002888748519487949,1520.859,9291.063,-0.0010627075809639837,25.09213435868636,637.781,4.109999999999989,104.43175188839379,False
B0033,4A-const-24C,room,471,1.3046615372928705,True,2854.64,3.3696602072768207,38.158711514227996,0.0002864719592946218,1521.968,9296.829,-0.0010567465688175357,25.1333316682185,647.2339999999999,4.109999999999989,103.09799030568021,False
B0033,4A-const-24C,room,475,1.3280324770208678,True,2897.844,3.3817276755972934,41.90171461734474,0.0002617634523461918,1630.125,9184.578,-0.001103686339926099,28.98922716977949,695.297,4.099999999999989,104.94482708950335,False
B0033,4A-const-24C,room,477,1.3634549770713926,True,2896.063,3.379780519797374,40.72593783748325,0.0002628934753218985,1802.609,9015.719,-0.0010726802704171575,28.727331863733582,799.4839999999999,4.089999999999989,107.7440117534352,False
B0033,4A-const-24C,room,479,1.3291316747402466,True,2866.234,3.365666799367813,39.388005009279006,0.0002784904167557101,1653.109,9158.655999999999,-0.001091349581154072,27.352912389061874,725.531,4.109999999999989,105.03168875636271,False
B0033,4A-const-24C,room,481,1.3124201086917682,True,2836.609,3.3648038854052915,38.64570917130626,0.0002881946524273098,1559.141,9256.187999999998,-0.00107409266791654,26.099528892298363,673.2339999999999,4.109999999999989,103.71109423800678,False
B0033,4A-const-24C,room,483,1.3152825503676357,True,2829.516,3.371817482414552,38.3036813037848,0.0002902154023795503,1506.406,9309.407,-0.0010702453410950312,25.605076990152373,629.25,4.109999999999989,103.93729235584317,False
B0034,4A-const-24C,room,5,1.6623217152845853,True,3260.531,3.3022762078952885,39.10734156415766,0.0001672083260759296,2341.906,8462.780999999999,-0.00041664482430210897,27.060708162747424,1019.8290000000001,4.079999999999989,103.75855266679486,False
B0034,4A-const-24C,room,7,1.645087369694532,True,3265.75,3.3294991412960915,39.20920805238827,0.00017687337537421408,2293.953,8510.844000000006,-0.00041285678951353866,26.13142416653293,1027.516,4.06999999999999,102.68282181509439,False
B0034,4A-const-24C,room,9,1.620729289277574,True,3264.109,3.349383007098789,38.936075977838854,0.0001933446441932346,2260.985,8481.280999999999,-0.0004261124852186546,26.011742722209366,1033.672,4.06999999999999,101.16244272928529,False
B0034,4A-const-24C,room,11,1.5967402025126005,True,3253.531,3.3541317530780055,38.60445981652459,0.000199625290334212,2218.969,8461.546999999999,-0.0004363026942252979,25.897132461280005,1027.984,4.06999999999999,99.66509543504888,False
B0034,4A-const-24C,room,13,1.4856500618812698,True,3242.578,3.369692035482086,37.79484872719341,0.00021953581184261956,2189.453,8616.0,-0.00042268707872201614,25.359306415125168,1021.3119999999999,4.05999999999999,92.73108735377667,False
B0034,4A-const-24C,room,17,1.4866702197497013,True,3234.625,3.3729072074215103,37.65277428767197,0.00022058350884750542,2087.594,8720.359,-0.0004279020386826231,25.059386099808727,1019.218,4.06999999999999,92.79476341777008,False
B0034,4A-const-24C,room,19,1.4701330958405268,True,3235.36,3.376976361461993,37.91666092404816,0.00021989620363421818,2092.672,8714.405999999999,-0.00042338942249275945,25.15626044755624,997.5159999999998,4.06999999999999,91.76255164654044,False
B0034,4A-const-24C,room,21,1.4565041801019636,True,3236.125,3.3791099564139215,37.78228277348195,0.00022105113878149259,2072.327999999994,8735.843000000008,-0.00043590903794581273,25.248097782652557,989.4689999999941,4.05999999999999,90.91186398575336,False
B0034,4A-const-24C,room,23,1.4418961035576472,True,3230.25,3.3845619896694177,37.5830936155511,0.00022190038093557166,2063.953,8742.688,-0.00044318472574345535,25.246208193736692,987.3910000000001,4.05999999999999,90.00005920960957,False
B0034,4A-const-24C,room,25,1.4370949588970292,True,3226.078,3.383128626739751,37.550522561172464,0.00022255906490289376,2036.547,8770.842999999999,-0.0004454749722748181,25.158274721420035,980.516,4.06999999999999,89.70038206736378,False
B0034,4A-const-24C,room,29,1.4458703624967404,True,3224.5,3.386094893398141,37.681954258546924,0.00022114854662930297,2011.516,8796.687,-0.0004576380945728085,24.90825977508362,993.594,4.06999999999999,90.24812392034023,False
B0034,4A-const-24C,room,31,1.4321040545618373,True,3222.188,3.3916477322319585,37.440274736517715,0.00022106994768950674,2043.859,8761.922,-0.00046185645190364164,25.382588437189867,983.4219999999999,4.06999999999999,89.38886053362185,False
B0034,4A-const-24C,room,33,1.426720633302465,True,3216.546000000002,3.3914152987340267,37.402773880575964,0.00022168416619600193,2007.937,8800.078,-0.00046161277167072393,25.245189849090046,973.047,4.05999999999999,89.05283893615838,False
B0034,4A-const-24C,room,35,1.4230846885129826,True,3211.859,3.3964131813944722,37.26498054251945,0.00022233208338564783,1999.547,8808.296999999999,-0.0004695620343628359,25.240840118390494,974.3130000000001,4.05999999999999,88.82589106832735,False
B0034,4A-const-24C,room,37,1.4409479522418907,True,3215.859,3.403051791482094,37.570569601089254,0.00021958708583639822,1975.375,8831.968,-0.00047542241134744474,25.242683396708983,962.4069999999999,4.05999999999999,89.94087764004487,False
B0034,4A-const-24C,room,41,1.486901544051865,True,3225.125,3.4002648970649156,38.400250729227935,0.00021398539679567003,1969.984,8836.484,-0.00048164913158873775,26.02137147909442,989.6869999999999,4.05999999999999,92.80920218408617,False
B0034,4A-const-24C,room,43,1.5245313226850703,True,3234.343,3.402154252869035,39.102942991019354,0.00020787926863453032,2063.203,8745.891,-0.0004908067506260242,27.06117844260787,986.125,4.05999999999999,95.15797217984169,False
B0034,4A-const-24C,room,45,1.4629049605190707,True,3218.25,3.407206655670774,37.80351021576893,0.00021633896962216378,2098.844,8708.671999999999,-0.0005003276157540198,27.03854056004598,997.2030000000001,4.05999999999999,91.31138695769704,False
B0034,4A-const-24C,room,47,1.4230794508549893,True,3203.5,3.404574250610661,37.356060000664904,0.00022146750112962872,1984.172,8823.594000000003,-0.000498488005447738,25.80100982974387,969.6089999999999,4.05999999999999,88.82556414496003,False
B0034,4A-const-24C,room,49,1.4051040863603435,True,3194.39,3.4067467727915552,37.06076524279572,0.00022446604111277696,1949.141,8856.828,-0.0005013359752796907,25.408194690071834,960.172,4.05999999999999,87.70358048411178,False
B0034,4A-const-24C,room,53,1.6329463925070862,True,3225.219,3.327594909243545,39.94613025797719,0.00015955419069533505,1894.172,8887.171999999999,-0.0005101225896354481,25.181672980591774,964.562,4.06999999999999,101.92500808424607,False
B0034,4A-const-24C,room,57,1.5687138208259117,True,3252.985,3.387012528508769,38.718351533776065,0.00020457186357462312,2408.281,8092.469,-0.0005812022328678851,26.967401561240543,1118.828,4.009999999999991,97.91574885937706,False
B0034,4A-const-24C,room,59,1.5149520966053402,True,3245.25,3.39384813983459,38.131331549186825,0.00021343795721964293,2228.859,8530.188000000006,-0.0005413515264728923,25.787169200265478,1049.625,4.05999999999999,94.56005745337092,False
B0034,4A-const-24C,room,61,1.4855182940634626,True,3235.031,3.4020764335853744,37.90482918212311,0.0002179607306848921,2136.922,8671.296999999999,-0.0005399992830117257,25.348316971436233,1020.828,4.05999999999999,92.72286268947853,False
B0034,4A-const-24C,room,63,1.480771929049074,True,3228.141,3.400466282848084,38.06681078125698,0.00021909012841642118,2074.687,8731.563,-0.0005395419490555928,25.27528082535821,1004.9369999999999,4.05999999999999,92.42660477514517,False
B0034,4A-const-24C,room,65,1.484026357317059,True,3217.875,3.4030809584663944,38.24251669378549,0.00021934646771303885,2063.39,8743.656,-0.0005405874706584806,25.421391653056038,1002.891,4.05999999999999,92.62973920077361,False
B0034,4A-const-24C,room,69,1.4922153055506522,True,3220.219,3.4070525055582563,38.56098530062726,0.00021790975582311342,2034.703,8773.109,-0.0005467867973754001,25.558884317081777,1015.109,4.05999999999999,93.1408757688449,False
B0034,4A-const-24C,room,71,1.473312924099279,True,3210.234,3.4060276994838254,38.38922286871294,0.0002195409979455182,2058.594,8735.469000000001,-0.0005528053070334487,26.03051138194328,1004.031,4.05999999999999,91.96102969974967,False
B0034,4A-const-24C,room,73,1.441593178980006,True,3210.546,3.408174888188947,37.90831705954933,0.00022344157957328742,2025.844,8781.593999999994,-0.0005681076773567259,25.569947575842733,993.5160000000001,4.05999999999999,89.98115130781521,False
B0034,4A-const-24C,room,75,1.4225873198015788,True,3200.969,3.405126191511401,37.78900459955153,0.00022652144556659738,1974.875,8832.64,-0.0005548214384362306,25.110093460175694,979.3130000000001,4.05999999999999,88.79484638115129,False
B0034,4A-const-24C,room,77,1.4266489379486664,True,3188.625,3.409764436063523,37.868460669545925,0.00022598654507779056,1957.25,8843.75,-0.0005599778117994271,25.04317795195828,974.14,4.05999999999999,89.04836386609544,False
B0034,4A-const-24C,room,81,1.4596775560238577,True,3191.735,3.410480218060336,38.32719437027863,0.00022342850748979594,1926.563,8882.312,-0.0005643293607642363,25.197766553233397,983.25,4.05999999999999,91.10993929794829,False
B0034,4A-const-24C,room,83,1.4396159938545154,True,3190.313,3.4102489283524573,38.222749634083,0.00022461713665078052,1973.422,8789.344,-0.000574781772368283,25.713759861114994,977.1410000000001,4.05999999999999,89.85773965705656,False
B0034,4A-const-24C,room,85,1.4195512657848512,True,3182.156,3.4144357338683236,37.708662488006475,0.00022812445334966164,1952.172,8774.905999999999,-0.0005773106196924358,25.3593497217513,973.61,4.05999999999999,88.60534240746354,False
B0034,4A-const-24C,room,87,1.4118101714470452,True,3180.156,3.408669177651725,37.8703638417689,0.00022930482480454847,1899.812,8907.938,-0.0005715642852358578,25.062867475489792,960.485,4.05999999999999,88.12215991807977,False
B0034,4A-const-24C,room,89,1.4044196701845313,True,3171.953,3.4118322352896917,37.83489284744581,0.00022939718208031884,1916.937,8871.094000000001,-0.0005808449819954037,25.129390425775313,958.453,4.05999999999999,87.66086069577534,False
B0034,4A-const-24C,room,93,1.4735059098606866,True,3192.172,3.412313772481234,39.269306296372,0.00021933422500744436,1878.797,8931.625,-0.0005874347116259466,25.54025931940834,969.828,4.05999999999999,91.97307545665993,False
B0034,4A-const-24C,room,95,1.492658600645149,True,3194.735,3.4055246588869954,40.1506450904851,0.00021602000028924864,2012.25,8639.047,-0.0006125730830739833,27.22318170238931,988.656,4.05999999999999,93.16854529694308,False
B0034,4A-const-24C,room,97,1.4820260149945934,True,3178.75,3.412772999015033,39.44313364004617,0.0002190120970085988,2068.469,8435.0,-0.0006399340566686741,27.879586309869904,1001.328,4.05999999999999,92.50488212749546,False
B0034,4A-const-24C,room,99,1.423575357658995,True,3165.359,3.4159307513752806,38.29706396735563,0.00022770224771598697,1987.422,8709.203,-0.0006178835435910966,26.265007135094873,983.0,4.05999999999999,88.85651758301483,False
B0034,4A-const-24C,room,101,1.4038252197245347,True,3155.25,3.414462463305671,38.00009263186772,0.00023054720535880096,1901.0939999999973,8690.718000000008,-0.0006228583503508954,25.51819945530564,953.2030000000054,4.05999999999999,87.62375637427473,False
B0034,4A-const-24C,room,105,1.5363173478836125,True,3173.766,3.3922002422487143,39.66453202372922,0.00021453019943523454,1852.453,8915.234,-0.0006115569313541037,24.93568562726879,955.453,4.06999999999999,95.8936305695811,False
B0034,4A-const-24C,room,109,1.5440367168176732,True,3199.485,3.3972119520639095,40.503647950320534,0.00020874345553490697,2149.234,8394.125,-0.0006608603922669584,26.973201994851344,1049.5159999999998,4.05999999999999,96.37545700590485,False
B0034,4A-const-24C,room,111,1.507892155360249,True,3196.015,3.407734218697208,39.602225792574906,0.00021511509661712962,2163.203,8379.031,-0.0006679704662078887,27.57942920854868,1024.453,4.009999999999991,94.1193910776821,False
B0034,4A-const-24C,room,113,1.8203060058691092,True,3595.281,3.3050275542473186,43.00893271743553,0.00011374166436560107,2071.734,2880.5000000000005,,,1001.391,4.05999999999999,113.61959291214485,False
B0034,4A-const-24C,room,117,1.5936575758226643,True,3198.0,3.350291194323394,40.64495633031262,0.00019146044150593382,2420.172,8069.0,-0.0007238899166412877,28.070639377668346,1127.281,4.019999999999991,99.47268449508528,False
B0034,4A-const-24C,room,119,1.533070464968097,True,3183.516,3.378826251452736,39.63966215341089,0.00021672133957080405,2282.359,8303.109999999997,-0.0006950416265447255,26.586732163334528,1062.516,4.019999999999991,95.69096710865486,False
B0034,4A-const-24C,room,121,1.4862143093107285,True,3183.797,3.3905180732853615,39.16680148065847,0.00022387922842385745,2162.781,8461.562999999998,-0.0006850132598134543,26.102008132591525,1027.391,4.019999999999991,92.76630646695332,False
B0034,4A-const-24C,room,123,1.5029318848267783,True,3191.516,3.387526907959532,39.82254974386062,0.00022193852303816435,2081.406,8727.375,-0.0006606600005182751,25.93804796176297,1001.828,4.019999999999991,93.80978164007661,False
B0034,4A-const-24C,room,125,1.5202185406928062,True,3189.985,3.3911818711119515,40.67552783597674,0.00021685821183498356,2115.094,8501.312999999998,-0.0006868656650366847,27.279718181918696,1017.4069999999999,4.019999999999991,94.88877758689965,False
B0034,4A-const-24C,room,129,1.5118194735004464,True,3189.734,3.390835631837091,40.582538417129676,0.00021898623963301176,2123.891,8412.421,-0.0007055558515709248,27.835987018747353,1042.797,4.019999999999991,94.36452584452185,False
B0034,4A-const-24C,room,131,1.464601301820905,True,3176.016,3.396934021472626,39.684346755235566,0.00022717395481315319,2109.985,8450.780999999999,-0.0007015314464928664,26.984546009222043,1012.219,4.06999999999999,91.41726893992038,False
B0034,4A-const-24C,room,133,1.4546140961511749,True,3171.36,3.3994906529891598,39.47995207463314,0.00022887060861181266,2030.063,8560.953000000003,-0.0006934435040831743,26.567351733744193,991.172,4.05999999999999,90.79388900332404,False
B0034,4A-const-24C,room,135,1.4333400490204142,True,3170.843,3.3981483429417363,39.48992781243277,0.00023086141698795904,1988.938,8630.453,-0.0006939728849108007,26.397622600208763,975.6869999999999,4.06999999999999,89.4660086541974,False
B0034,4A-const-24C,room,137,1.4493262346396159,True,3164.672,3.3988819411159534,39.852310270589804,0.0002292390973285222,1990.11,8580.421,-0.0006986688130072086,26.711721614324173,983.281,4.06999999999999,90.46383204016401,False
B0034,4A-const-24C,room,141,1.495199821798908,True,3177.453,3.3979295593430394,40.873690307547484,0.00022331244550082363,1979.218,8797.094,-0.0006846495189124975,27.154363726441932,996.921,4.06999999999999,93.32716286566992,False
B0034,4A-const-24C,room,143,1.4720590241846008,True,3172.375,3.3987236708202504,40.55984735939729,0.0002249867087889809,2063.156,8403.61,-0.0007304945912744563,28.344669770588467,1001.953,4.05999999999999,91.8827639590451,False
B0034,4A-const-24C,room,145,1.4097383014648728,True,3158.406,3.4080267118315724,38.988662122088876,0.00023542107189042017,2014.609,8590.655999999999,-0.0007147515617868869,26.70840578326583,985.656,4.06999999999999,87.99283824184386,False
B0034,4A-const-24C,room,147,1.3861944181384176,True,3141.578,3.4076313780555267,38.71511147644418,0.00023872128636994244,1887.078,8716.047,-0.0007043893827737741,25.893466703258873,944.0939999999998,4.06999999999999,86.52327959044246,False
B0034,4A-const-24C,room,149,1.3624125407550536,True,3138.187,3.407885887358127,38.51149851182021,0.00024138249472116505,1854.766,8751.609,-0.0007029431501311354,25.612299441096678,930.8119999999999,4.06999999999999,85.03886586095291,False
B0034,4A-const-24C,room,153,1.4471377445077278,True,3157.969,3.4003875411941866,40.112479285456395,0.00023133470530878775,1799.796,8977.079,-0.0006856328980535713,25.540425651296207,918.781,4.06999999999999,90.32723118455202,False
B0034,4A-const-24C,room,155,1.4554483390450048,True,3159.281,3.4076622967245975,40.84012758949483,0.0002268937971700693,1962.703,8582.859,-0.0007371675492664642,27.640073152240266,971.907,4.06999999999999,90.84596065373952,False
B0034,4A-const-24C,room,157,1.4423952167302958,True,3150.375,3.4032529056881784,40.348969230016365,0.00022982549568385062,1990.531,8438.469000000001,-0.0007481479034415437,28.380924793138565,986.156,4.019999999999991,90.03121278231141,False
B0034,4A-const-24C,room,159,1.377541945989605,True,3134.078,3.406174357529073,38.95729074496056,0.00024057867583493917,1930.0,8635.141,-0.0007336380267482148,26.505523068756226,955.5,4.06999999999999,85.98321085471228,False
B0034,4A-const-24C,room,161,1.3539935892900532,True,3129.797,3.4049736944362246,38.73711200799833,0.00024382706356343932,1836.5620000000054,8764.608999999997,-0.0007257070602172947,25.74961824993104,921.9370000000001,4.06999999999999,84.51337298496598,False
B0034,4A-const-24C,room,165,1.5509038861664448,True,3161.89,3.3580774287935817,40.231060876384255,0.0002114627565252244,1790.344,8964.375,-0.0007109709932047652,25.157654888443147,906.578,4.079999999999989,96.80409097368306,False
B0034,4A-const-24C,room,169,1.5562932697752867,True,3196.859,3.38250056099739,40.929553501935686,0.0002115797718721444,2194.797,8389.391,-0.0007865399033804171,27.012170620398233,1058.594,4.019999999999991,97.14048472819998,False
B0034,4A-const-24C,room,171,1.5067526605064707,True,3171.906,3.390086865994553,39.993709319022244,0.00022297593944502846,2177.391,8287.578,-0.0007976254867735607,27.67135920234476,1033.344,4.019999999999991,94.04826625526525,False
B0034,4A-const-24C,room,173,1.444138733302766,True,3160.8429999999935,3.392978809154906,39.1022619385273,0.0002331033968945968,2065.25,8504.141,-0.0007880190653109233,26.300214663433195,987.0459999999999,4.06999999999999,90.1400393436483,False
B0034,4A-const-24C,room,175,1.4144103811292437,True,3147.141,3.400527096110287,38.63703610404588,0.00023768170010985353,1976.422,8594.655999999999,-0.0007706167712181282,25.620708229820302,956.4379999999999,4.06999999999999,88.28445942411066,False
B0034,4A-const-24C,room,177,1.3897574212362729,True,3141.203,3.4009920061492966,38.457946337552535,0.00024047703181439921,1905.782,8719.453000000001,-0.0007541837805174345,25.324603896753903,934.5620000000001,4.06999999999999,86.745674594479,False
B0034,4A-const-24C,room,181,1.449968311475299,True,3151.047,3.395963139634734,39.988534225003114,0.00023239955798567177,1844.266,8901.359,-0.0007469598059154554,25.436140581378115,918.0629999999999,4.079999999999989,90.50390909778697,False
B0034,4A-const-24C,room,183,1.4678653068012166,True,3159.172,3.399629787670528,40.84025138634754,0.00022721074083469357,1977.079,8204.25,-0.0008316457522469189,27.33268415062951,967.0939999999999,4.06999999999999,91.62100112337221,False
B0034,4A-const-24C,room,185,1.4290644310445066,True,3141.047,3.3983167205445777,39.64173378499159,0.00023625719557554206,2008.094,8443.078000000001,-0.0008025424811670355,27.594514240541482,977.297,4.06999999999999,89.19913375936974,False
B0034,4A-const-24C,room,187,1.376744834668327,True,3135.0310000000027,3.398539512076107,38.82196729294636,0.00024390618129606768,1904.641,8717.359,-0.00077614941249671,25.802747512211244,939.454,4.06999999999999,85.93345687733857,False
B0034,4A-const-24C,room,189,1.3515813262521057,True,3117.984,3.4065465230061798,38.27601981086532,0.0002473442469246962,1846.188,8771.968,-0.0007770652280815972,25.317161330498315,915.812,4.06999999999999,84.36280470497081,False
B0034,4A-const-24C,room,193,1.353993472828928,True,3125.328,3.4067781130872956,38.30615482092432,0.0002473728324459349,1751.422,9056.641,-0.0007509042951115263,24.641109907550014,871.1410000000001,4.079999999999989,84.51336571571258,False
B0034,4A-const-24C,room,195,1.3577165116893766,True,3120.172,3.4044214192090116,38.50347850214561,0.00024651088142069747,1782.968,8902.25,-0.0007634575505475819,25.211023668465547,895.2189999999999,4.079999999999989,84.74574980847301,False
B0034,4A-const-24C,room,197,1.334169315351027,True,3116.641,3.4020136665550305,38.25735173096823,0.00025036859429539675,1784.796,8922.563,-0.0007698607534068265,24.90914193903674,884.6879999999999,4.06999999999999,83.2759843659818,False
B0034,4A-const-24C,room,199,1.3372147888783987,True,3110.844,3.408929572366065,38.29433048905591,0.0002495310539945376,1772.172,8973.25,-0.0007677561171217409,24.97527714145735,881.25,4.079999999999989,83.46607628530141,False
B0034,4A-const-24C,room,201,1.339045224276927,True,3101.406,3.407512024075691,38.19006452807094,0.00025079860600241935,1754.625,9017.281000000003,-0.0007565119147647776,24.984493262829105,878.312,4.079999999999989,83.58032813315678,False
B0034,4A-const-24C,room,205,1.3439244604756322,True,3099.563,3.4012246723873067,38.326737735855446,0.00025208524758412506,1705.86,9081.375,-0.0007704505327397734,24.61537898905176,848.359,4.079999999999989,83.88487958155702,False
B0034,4A-const-24C,room,207,1.3454786192090245,True,3104.64,3.4019343263921806,38.326112920062165,0.00025117051686261526,1762.36,9029.687,-0.0007653334004776553,24.882815190503656,873.3439999999999,4.079999999999989,83.98188683310678,False
B0034,4A-const-24C,room,209,1.3482263029682544,True,3099.875,3.4080993396118826,38.2504483640825,0.0002509213422126397,1756.938,9016.109,-0.0007728503185583443,25.075712359051746,873.6250000000001,4.079999999999989,84.15339135441717,False
B0034,4A-const-24C,room,211,1.3373192299576058,True,3093.25,3.4012585484878985,38.2552215314073,0.0002537325914349643,1734.921,9034.922,-0.0007715377053103854,24.82524297994588,859.969,4.079999999999989,83.4725952732433,False
B0034,4A-const-24C,room,213,1.3402523341553034,True,3086.688,3.400118948427692,38.4827926779255,0.0002529897838031987,1737.782,9037.765000000001,-0.0007755338796783231,24.86242317994872,861.2180000000001,4.079999999999989,83.65567334024787,False
B0034,4A-const-24C,room,217,1.3290965682379121,True,3094.281,3.4044380735101045,38.208311929566015,0.0002543860758837351,1704.313,9108.405999999997,-0.0007857233798155072,24.549998962999094,842.25,4.079999999999989,82.95935438174835,False
B0034,4A-const-24C,room,219,1.3323485655766352,True,3088.328,3.4027761465827293,38.37963443029051,0.00025380078415018005,1730.657,9026.859,-0.0007868920220556674,24.885220862650467,860.6560000000001,4.079999999999989,83.16233707399118,False
B0034,4A-const-24C,room,221,1.3501541310555516,True,3095.687,3.407661438923026,38.847888287026734,0.00024930954068963827,1733.328,9010.891,-0.0007905798544230112,25.248282442074515,858.828,4.079999999999989,84.2737222448153,False
B0034,4A-const-24C,room,223,1.381523441054128,True,3102.062,3.406219322901771,39.55793696996327,0.00024395248245484707,1757.328,8926.156,-0.0007943147793319445,26.137548761141144,876.8599999999999,4.079999999999989,86.2317272288572,False
B0034,4A-const-24C,room,225,1.3835971952817807,True,3107.141,3.403483836522725,39.995989656775905,0.00024238922054195788,1795.063,8823.515,-0.0008225241632017978,26.72980261943078,898.9060000000001,4.06999999999999,86.36116651565078,False
B0034,4A-const-24C,room,229,1.3301161862080901,True,3090.719,3.401643655881062,38.637111363644244,0.0002539402304000193,1775.797,9037.125,-0.0008100397007324526,25.492780041374584,880.078,4.079999999999989,83.02299674645188,False
B0034,4A-const-24C,room,231,1.3176982121703233,True,3069.812,3.401100143150002,38.17458507378806,0.0002588434522893041,1738.219,9004.374999999996,-0.0008099457990335333,24.951651557583418,864.1869999999999,4.079999999999989,82.24789346688488,False
B0034,4A-const-24C,room,233,1.3063657719651272,True,3064.437,3.406245698013471,37.84309122903104,0.0002605136870027731,1698.547,9112.609,-0.0007990824779024611,24.550234926234776,838.5469999999999,4.079999999999989,81.54054687863866,False
B0034,4A-const-24C,room,235,1.3381567383793782,True,3083.25,3.404609654515602,38.7849806497393,0.000253619870858639,1660.828,9147.578000000001,-0.0007999076996096205,24.59217223994187,819.297,4.079999999999989,83.52487075090225,False
B0034,4A-const-24C,room,237,1.3563258092165067,True,3076.484,3.3978374456616303,39.47058624854092,0.00025104574948640933,1735.484,9049.782,-0.0008047256380108154,25.587771027586903,853.7499999999999,4.079999999999989,84.65894514578447,False
B0034,4A-const-24C,room,241,1.3648997529550058,True,3081.297,3.3958647763622594,39.61654428235802,0.0002490358866660645,1745.156,9032.5,-0.0008218201098741158,26.315234892354677,858.563,4.079999999999989,85.19411230673374,False
B0034,4A-const-24C,room,243,1.3337639975535058,True,3065.953,3.4029256137765205,38.42381623938057,0.00025691101122656554,1782.937,8934.782,-0.0008311828860006963,25.60033401499343,879.657,4.079999999999989,83.25068529922824,False
B0034,4A-const-24C,room,245,1.3060123668658763,True,3055.828,3.4052852363977686,38.11461669687029,0.00026050059118932096,1693.4060000000027,9101.593999999997,-0.0008153683644621945,24.740574887278505,832.2340000000027,4.079999999999989,81.51848809106093,False
B0034,4A-const-24C,room,247,1.3101868361375808,True,3051.468,3.4007629589889867,38.33391837467719,0.0002606109707886155,1663.453,9146.547,-0.0008174472472755833,24.668060013529075,817.687,4.079999999999989,81.7790495009261,False
B0034,4A-const-24C,room,249,1.3567668941696103,True,3069.0,3.4011297944340977,39.42514383600653,0.00025237190952564755,1685.265,9127.032000000001,-0.0008241030746880522,25.331277151349628,821.7339999999999,4.079999999999989,84.68647672160179,False
B0034,4A-const-24C,room,253,1.3916857433587717,True,3079.235,3.399331416433363,40.315066740163225,0.0002462904227405664,1720.453,9092.844000000001,-0.0008344542670669731,26.12380055273629,842.2969999999999,4.079999999999989,86.8660363214938,False
B0034,4A-const-24C,room,255,1.3629935079344777,True,3070.344,3.3981521617785853,39.53448316157278,0.0002516708069285261,1813.062,8759.032,-0.000874414175419564,26.89381488513497,893.953,4.06999999999999,85.07512858502714,False
B0034,4A-const-24C,room,257,1.3211711973900628,True,3051.4839999999967,3.4035091903916523,38.37203224972586,0.00025991653079838843,1751.031,8994.265,-0.0008502438753524478,25.520542857282535,857.6250000000001,4.079999999999989,82.46466974822681,False
B0034,4A-const-24C,room,259,1.3074869015593356,True,3054.812,3.3990218794534157,38.3101923015924,0.00026217533624529047,1668.5,9142.047,-0.0008320491245834085,24.764272676704007,816.7029999999999,4.079999999999989,81.61052538098113,False
B0034,4A-const-24C,room,261,1.3105881895483489,True,3046.532,3.4057934055092884,38.27774779605142,0.0002617961141514837,1669.047,9141.734,-0.0008378058628518128,24.719160709410435,812.532,4.079999999999989,81.8041011191696,False
B0034,4A-const-24C,room,265,1.376312668196664,True,3071.782,3.3956244120578263,40.334191485925615,0.00024746737064544334,1625.14,9186.5,-0.0008414980521947255,25.511252150619374,781.782,4.089999999999989,85.90648197398588,False
B0034,4A-const-24C,room,267,1.391764929132287,True,3074.532,3.400151892919731,40.79229920392578,0.00024381991011031645,1802.188,8805.234,-0.0008828993982438479,27.281619901002063,883.422,4.079999999999989,86.87097892747447,False
B0034,4A-const-24C,room,269,1.3649746353453525,True,3053.656,3.395401002342427,39.99900717802979,0.00025132260159436146,1813.766,8770.234,-0.000891832544081371,27.31168804524899,887.9530000000001,4.079999999999989,85.19878630477587,False
B0034,4A-const-24C,room,271,1.3219093937291897,True,3031.953,3.3978188140801495,38.793911542282345,0.00026145181902679376,1754.891,9015.967999999997,-0.000867822107943046,25.81709038762414,858.938,4.079999999999989,82.51074637889792,False
B0034,4A-const-24C,room,273,1.3090033888073913,True,3023.5,3.392562018908607,38.67005005769116,0.0002643072539182399,1680.75,9108.672,-0.0008525277081678027,25.04652253616596,812.281,4.089999999999989,81.70518125929226,False
B0034,4A-const-24C,room,277,1.3327005721973733,True,3042.703,3.40172041057263,38.826649526191886,0.00026101590657503295,1622.156,9189.735,-0.0008586776929520712,24.463511270153514,765.609,4.089999999999989,83.18430857154252,False
B0034,4A-const-24C,room,279,1.7423975189669398,True,4424.203,3.483606791060758,40.05350414099234,0.00015233057660067243,1683.297,1696.359,,,826.6249999999999,4.079999999999989,108.75671241969751,False
B0034,4A-const-24C,room,283,1.37734756281946,True,3066.766,3.4027541068274787,39.89751111071057,0.00024755611019283046,1542.546,8802.422,-0.0009012171091522162,27.240899795401706,759.578,4.079999999999989,85.97107787454871,False
B0034,4A-const-24C,room,285,1.34875988767775,True,3046.125,3.399518032588874,39.197243061406944,0.0002536320467283678,1765.844,8885.218000000004,-0.0008927843029325989,26.232480376869734,863.8589999999999,4.079999999999989,84.18669656644282,False
B0034,4A-const-24C,room,287,1.3501504559881146,True,3033.625,3.4048948132853294,38.90698912730004,0.000255755377139832,1732.266,8969.562,-0.0008833431007350651,25.768789427017847,847.2659999999998,4.079999999999989,84.27349285499581,False
B0034,4A-const-24C,room,289,1.3387814875085953,True,3028.562,3.3989458032986057,38.91493347992841,0.00025749602122611425,1694.969,9121.265,-0.0008648789706360065,25.577202453805292,835.4839999999999,4.079999999999989,83.56386625028807,False
B0034,4A-const-24C,room,291,1.3253371210402685,True,3020.984,3.402552549263599,38.753372299612906,0.00025912050686595757,1695.625,9068.593,-0.0008860464027219654,25.447736770733474,832.1560000000001,4.089999999999989,82.72469775874444,False
B0034,4A-const-24C,room,295,1.3308160596334049,True,3017.391,3.3917372089469744,39.091854428154555,0.00025919506791715155,1645.078,9162.297,-0.0008740533916915924,25.102774235901936,797.391,4.089999999999989,83.06668134311744,False
B0034,4A-const-24C,room,297,1.333083376618503,True,3022.14,3.399163910018903,38.79791433490267,0.00025901939882301675,1713.672,8992.484,-0.0008933010393933269,25.39901421987147,834.094,4.089999999999989,83.20820240167521,False
B0034,4A-const-24C,room,299,1.3333226534895923,True,3009.016,3.3961519106185554,38.87342544692156,0.00026053420599085397,1690.031,9073.421999999995,-0.0008834853845239559,25.36245630318605,822.719,4.089999999999989,83.22313755027044,False
B0034,4A-const-24C,room,301,1.3264281097516475,True,3014.672,3.3999185413871995,38.72429474171124,0.00026063634048476757,1687.36,9128.219,-0.0008795325222480761,25.341840825531236,817.594,4.089999999999989,82.79279493188949,False
B0034,4A-const-24C,room,303,1.323971040986857,True,3010.703,3.397850235603045,38.693927613601694,0.00026213736595463895,1672.453,9137.782000000001,-0.000886205086885407,25.294520100679886,813.407,4.079999999999989,82.63942997461719,False
B0034,4A-const-24C,room,307,1.3249364225071156,True,3011.75,3.399278705498605,38.83689474258564,0.0002617166104509795,1626.875,9184.375,-0.0008914608335906861,24.992621842465336,776.203,4.089999999999989,82.69968701655576,False
B0034,4A-const-24C,room,309,1.3283067675570923,True,3005.734,3.393991029909916,38.98262569198278,0.0002621617589097006,1673.844,9138.921999999999,-0.0009008571703478413,25.446102806237146,817.609,4.089999999999989,82.91005671885698,False
B0034,4A-const-24C,room,311,1.314584348909226,True,2993.75,3.3920728040875394,39.051031869034375,0.000263435263923904,1681.454,9125.593,-0.0009386825502648405,25.38108071631718,817.7030000000001,4.079999999999989,82.05353280721049,False
B0034,4A-const-24C,room,313,1.3166841798543303,True,2998.125,3.3991110461098466,38.79001119015603,0.00026424052445967627,1671.938,9144.047,-0.0008918285386423812,25.33632279321608,812.4060000000001,4.089999999999989,82.18459974672388,False
B0034,4A-const-24C,room,315,1.3041727649654073,True,2990.859,3.395190942431077,38.89401391225135,0.00026526160526249586,1649.391,9165.812,-0.0008898162101660424,25.31716156891751,801.0310000000001,4.089999999999989,81.40366408983378,False
B0034,4A-const-24C,room,319,1.3534450073572306,True,3024.453,3.3964846031258618,40.171574663158054,0.00025621200352583584,1598.813,9213.453,-0.0009017704834220743,25.15264118719159,761.484,4.089999999999989,84.47913167845746,False
B0034,4A-const-24C,room,321,1.371294082513786,True,3030.765,3.394474869519725,41.036063659744045,0.0002490320569855873,1735.453,8895.61,-0.0009336935634859628,27.527451055024308,850.6719999999999,4.079999999999989,85.59323262994987,False
B0034,4A-const-24C,room,323,1.357699321922511,True,3020.813,3.396433031795198,40.43961489235273,0.00025349292047248303,1773.625,9042.219,-0.0009165747073037201,27.58218845167247,862.641,4.079999999999989,84.7446768601296,False
B0034,4A-const-24C,room,325,1.3286903090919502,True,2998.156,3.391155270712207,39.651877682602084,0.00026251094948344367,1721.188,9090.343,-0.0009189180596213782,26.480838691051986,843.094,4.079999999999989,82.93399655804608,False
B0034,4A-const-24C,room,327,1.3143943268181724,True,2986.766,3.395487164367482,39.179107326892364,0.00026625365352141373,1673.375,9136.967999999993,-0.0009140392523313081,25.767173369533168,808.1410000000001,4.079999999999989,82.0416720362411,False
B0034,4A-const-24C,room,331,1.3866783030110723,True,3032.328,3.3795305779550775,40.11810121003218,0.00025351679459571265,1591.64,9218.469000000001,-0.0009184865650110343,25.11464747507255,752.4689999999999,4.089999999999989,86.55348264535196,False
B0034,4A-const-24C,room,335,1.3868330458429208,True,3047.703,3.392303218262864,40.80596825835928,0.0002471915958024305,1788.687,8998.829,-0.0009507685429515889,26.39069270455764,852.203,4.089999999999989,86.56314136070202,False
B0034,4A-const-24C,room,337,1.3548037379291014,True,3034.968,3.4001334063326003,39.68459882372221,0.000254138577134504,1818.75,8849.875,-0.0009680119187245932,27.214068847322668,870.3590000000002,4.079999999999989,84.5639407237254,False
B0034,4A-const-24C,room,339,1.3255787669951669,True,3011.7339999999967,3.393642423268678,39.35391690299883,0.00026184860024366154,1717.016,9098.328,-0.0009434883955110467,26.104396755271907,831.25,4.089999999999989,82.73978078046493,False
B0034,4A-const-24C,room,341,1.3119728676377553,True,3002.922,3.401001567788519,38.774974385595264,0.00026357043046688086,1696.828,9117.234,-0.0009325038262085558,25.70480407574708,810.0790000000001,4.089999999999989,81.89052975277596,False
B0034,4A-const-24C,room,343,1.3064487948795198,True,2986.718,3.400303147037451,38.265844006523615,0.0002663405052271632,1646.953,8991.531,-0.0009510166002768945,25.49561003029776,790.2499999999999,4.089999999999989,81.54572899071502,False
B0034,4A-const-24C,room,347,1.3418431880549024,True,3006.203,3.4014259376568985,39.684480872315234,0.000256244986146276,1590.5,9075.625,-0.0009524504332024358,25.983270678492005,745.297,4.089999999999989,83.75497102529222,False
B0034,4A-const-24C,room,349,1.3609210170759327,True,3011.609,3.3937688197583187,40.52184920089412,0.00025254240068671376,1706.406,8789.937999999998,-0.0009740667014115147,27.326510946349025,824.61,4.089999999999989,84.94576815502099,False
B0034,4A-const-24C,room,351,1.3299603677394973,True,2985.953,3.40281516420186,39.34384441360489,0.0002600411977230344,1744.125,8711.328,-0.000986960381038616,27.2988101193765,840.1400000000001,4.079999999999989,83.01327089216551,False
B0034,4A-const-24C,room,353,1.299069387625936,True,2976.3129999999946,3.402086089777065,38.612144786286876,0.00026649962854839753,1655.61,8886.578,-0.000969154495816851,26.126243770446195,792.062,4.079999999999989,81.08512223263051,False
B0034,4A-const-24C,room,355,1.2984544371955695,True,2964.75,3.3974407926386454,38.61589548680076,0.0002693206621088723,1612.296,9069.86,-0.0009484205620960027,25.522185276594158,770.2189999999999,4.089999999999989,81.04673834699034,False
B0034,4A-const-24C,room,359,1.3176486091610087,True,2969.953,3.3900153291758635,39.405725006770766,0.00026645012825578446,1565.297,9228.953,-0.0009428377303104743,25.23883956719949,727.968,4.089999999999989,82.24479735353505,False
B0034,4A-const-24C,room,361,1.3360648564106594,True,2988.453,3.4000590460263824,39.93466601122023,0.000257906046907911,1670.485,8838.171,-0.0009876010033257113,26.81044756303704,806.375,4.089999999999989,83.3942999694294,False
B0034,4A-const-24C,room,363,1.3635797361860138,True,3001.235,3.3987353103697178,41.55493252456659,0.00025259662398728774,1684.687,8846.719000000001,-0.000999474010360879,27.53891611959087,814.016,4.079999999999989,85.11171969392772,False
B0034,4A-const-24C,room,365,1.3333112541544827,True,2976.234,3.3928187346829195,40.30936955838523,0.00026261532236549395,1731.39,9080.094000000001,-0.0009680300377337626,27.574108846093875,836.4219999999999,4.079999999999989,83.22242602824586,False
B0034,4A-const-24C,room,367,1.3023273463118925,True,2950.39,3.3901374196096965,39.63376472877464,0.00027057575738936656,1675.25,9135.156000000003,-0.0009663133899469779,26.327904721864225,801.0160000000001,4.089999999999989,81.28847701936937,False
B0034,4A-const-24C,room,371,1.2888728444455875,True,2941.719,3.38449140744984,39.397264101530574,0.00027455995314945044,1578.641,9234.187,-0.0009646458634201482,25.416201512189343,734.5,4.099999999999989,80.4486758980434,False
B0034,4A-const-24C,room,373,1.2902746194203034,True,2946.969,3.3921220546792745,39.0556543100656,0.00027502559478773266,1615.141,9201.812,-0.0009647243252164207,25.38688527004937,767.438,4.089999999999989,80.53617168252586,False
B0034,4A-const-24C,room,375,1.292407565676824,True,2936.171,3.389816955641987,39.19214857830457,0.0002754672735325692,1595.391,9220.609,-0.0009578226012516176,25.40217271609714,753.515,4.089999999999989,80.66930560868332,False
B0034,4A-const-24C,room,377,1.2954091505102339,True,2927.281,3.3881964986011384,39.3246784315448,0.00027529381942154296,1593.454,9219.515,-0.0009604030398649365,25.488431020284565,756.3910000000001,4.089999999999989,80.85665808994949,False
B0034,4A-const-24C,room,379,1.283229881592695,True,2924.422,3.392372693620385,39.020958953665634,0.0002770963630609985,1598.485,9211.75,-0.0009654842355266288,25.465503293737296,758.625,4.089999999999989,80.09645427151645,False
B0034,4A-const-24C,room,383,1.4557454024367817,True,3023.859,3.3581270184036267,41.16886509114223,0.000240070452399092,1521.453,9290.874999999995,-0.0009712056777198591,24.991764655543328,692.235,4.099999999999989,90.86450271289549,False
B0034,4A-const-24C,room,387,1.454676342673242,True,3056.172,3.3640532409111272,41.53076127734769,0.00023320632501650458,1983.844,8829.234,-0.0010365853987338563,27.881469273718455,917.297,4.03999999999999,90.79777429759581,False
B0034,4A-const-24C,room,389,1.423427718198495,True,3045.078,3.38037517618057,40.35674808373947,0.0002461784674114302,1963.485,8754.765,-0.0010558268184887366,27.165796327862722,893.8439999999998,4.0299999999999905,88.84730224485429,False
B0034,4A-const-24C,room,391,1.392551210363313,True,3034.25,3.379746726032651,39.90529016402678,0.0002531468721278146,1861.844,8951.828000000005,-0.0010243444719468366,26.36076718661449,854.5939999999999,4.079999999999989,86.92005691386554,False
B0034,4A-const-24C,room,393,1.3765732493746907,True,3022.609,3.383744830197482,39.6263343523975,0.00025661474347952356,1807.265,9006.36,-0.0010184085574165137,25.96469873820253,835.078,4.089999999999989,85.92274689168241,False
B0034,4A-const-24C,room,395,1.3810190828982352,True,3028.828,3.382914022586479,40.251117050644716,0.0002545399449583441,1767.734,9046.484999999999,-0.0010079243016377923,25.941121789586298,818.953,4.089999999999989,86.20024627556161,False
B0034,4A-const-24C,room,399,1.4007568321672863,True,3037.875,3.378266732241365,41.28365494023095,0.00024820676594181106,1760.438,9056.030999999999,-0.0010153957409802104,26.86134809471382,815.204,4.089999999999989,87.43223421040383,False
B0034,4A-const-24C,room,401,1.374645303479972,True,3023.187,3.386601516930242,40.27720417425089,0.0002540004556644573,1840.563,8776.14,-0.001054754884170099,27.647771269053134,858.875,4.079999999999989,85.80240864799794,False
B0034,4A-const-24C,room,403,1.3345924114397838,True,2996.922,3.3873478555743035,39.458737885900284,0.0002636041634166968,1744.718,9073.266,-0.0010028059959781232,25.87566969264112,806.75,4.089999999999989,83.30239311550648,False
B0034,4A-const-24C,room,405,1.336396621564738,True,2986.469,3.3839254722198504,39.29135666075848,0.00026598720332975665,1675.515,9136.843999999997,-0.0009919086766835604,25.344560842933994,776.125,4.089999999999989,83.4150080380878,False
B0034,4A-const-24C,room,407,1.3069152971756248,True,2979.219,3.389334235413473,39.19247737595363,0.0002700831668663635,1654.657,9163.547,-0.0010213728770957972,25.184049279693358,769.4689999999999,4.089999999999989,81.57484706251455,False
B0034,4A-const-24C,room,411,1.341539456674081,True,2995.047,3.3898762516669514,39.892115077092285,0.00026358182828936427,1618.109,9195.094,-0.0010206139624489266,25.489406774615954,731.109,4.089999999999989,83.73601276457545,False
B0034,4A-const-24C,room,413,1.346388970161922,True,2989.828,3.387534636174606,40.35117578100876,0.00026124404690935785,1691.063,9121.905999999999,-0.00102723194284205,26.408967787599032,791.2499999999999,4.089999999999989,84.03870898517457,False
B0034,4A-const-24C,room,415,1.344989807277774,True,2989.391,3.3867620663269333,40.23284401135697,0.0002620674465899236,1721.14,9096.985,-0.0010274600398321094,26.85981310036009,801.9369999999999,4.089999999999989,83.95137624177751,False
B0034,4A-const-24C,room,417,1.3158760805047784,True,2967.2810000000027,3.3856540718379167,39.47675997912519,0.00026943301679772225,1691.922,9123.546999999999,-0.0010161087544919155,25.905790136953797,787.6880000000001,4.089999999999989,82.13415992021524,False
B0034,4A-const-24C,room,419,1.2972766889740088,True,2962.609,3.3809895778096553,39.32483875925542,0.00027310780614859647,1640.0,9175.516,-0.00101692587622899,25.30930648854219,757.485,4.089999999999989,80.97322583148183,False
B0034,4A-const-24C,room,423,1.2851255211005648,True,2957.016,3.381603206447632,39.06556270503843,0.00027709626898843933,1580.578,9230.562,-0.0010349552437802269,24.732232626561544,702.907,4.099999999999989,80.21477601989166,False
B0034,4A-const-24C,room,425,1.3190209156530253,True,2973.281,3.3826507314858842,40.25366972386004,0.00026668167751376466,1621.359,9191.109,-0.0010330771656287031,25.612155643905357,751.453,4.089999999999989,82.33045377859266,False
B0034,4A-const-24C,room,427,1.3410097849290994,True,2968.016,3.3872757037197703,40.60644361981523,0.000262678473606088,1694.015,8984.922,-0.0010504569558223281,26.691646257218558,787.5629999999999,4.089999999999989,83.70295179139411,False
B0034,4A-const-24C,room,429,1.326126983882746,True,2959.281,3.3863391572789534,40.11087407785343,0.000267629958726642,1689.218,8989.391,-0.0010713708611386139,26.926261256889692,789.3439999999999,4.089999999999989,82.77399930163305,False
B0034,4A-const-24C,room,431,1.3091442679990724,True,2942.797000000006,3.3808981042387045,39.612138446886284,0.0002735789787401813,1654.171,9160.094,-0.0010277039513355622,25.881824977099228,771.422,4.089999999999989,81.7139746359866,False
B0034,4A-const-24C,room,435,1.363001289617145,True,2978.89,3.3749959210790252,40.95422192099372,0.00026137092911882905,1567.438,9247.062,-0.0010480687206688,24.889326792708722,703.2969999999999,4.099999999999989,85.07561430095292,False
B0034,4A-const-24C,room,439,1.329285701687194,True,2948.891,3.385047602248052,39.368332915328914,0.00027156831736461877,1723.312,9089.875,-0.0010667559085029202,25.883358020543476,789.016,4.089999999999989,82.97115968560617,False
B0034,4A-const-24C,room,441,1.2969085930621855,True,2938.547,3.3857894711790375,39.15337098937444,0.0002753282516708023,1637.4379999999946,9179.609000000011,-0.0010524198263560487,25.29095279111158,758.7500000000027,4.089999999999989,80.95025007492268,False
B0034,4A-const-24C,room,443,1.2986285924941396,True,2925.484,3.380809465968222,39.243985033148604,0.0002775848869211193,1614.938,9203.594,-0.0010445774824984393,25.13273545251131,734.86,4.099999999999989,81.05760874683699,False
B0034,4A-const-24C,room,445,1.2840657611821942,True,2917.297,3.385818012946154,39.03574242025546,0.00027944023668836985,1610.578,9208.156,-0.0010523857354172808,25.114664841155793,728.14,4.099999999999989,80.14862808096181,False
B0034,4A-const-24C,room,447,1.3021015914136362,True,2918.938,3.3852891991053005,39.362600417809674,0.0002746820416371723,1581.188,9233.844,-0.0010297064076442506,25.092443208781983,730.047,4.089999999999989,81.27438588328835,False
B0034,4A-const-24C,room,451,1.3089076351731335,True,2918.25,3.375861800258899,39.45158799429391,0.0002779537833111907,1530.156,9282.391,-0.0010426849213714963,24.857962930745785,675.25,4.099999999999989,81.69920452301321,False
B0034,4A-const-24C,room,453,1.2722519696513912,True,2915.4839999999967,3.3766457982542852,39.280231448753895,0.00028183934385301,1592.047,9225.375,-0.0010590946425648228,25.095602168154436,726.14,4.099999999999989,79.4112365763736,False
B0034,4A-const-24C,room,455,1.276011534360331,True,2906.015,3.383954937211064,39.093994194844335,0.0002831401729013074,1583.297,9229.437,-0.001064605548968194,25.05519936927443,726.25,4.099999999999989,79.64590053418034,False
B0034,4A-const-24C,room,457,1.2605053003103004,True,2894.14,3.378072965642498,39.19231540051725,0.00028525617944853227,1561.828,9250.391,-0.0010598556817935816,25.00036858460662,706.844,4.099999999999989,78.6780346947641,False
B0034,4A-const-24C,room,459,1.2660681251347115,True,2892.031,3.386411304876093,39.05035096355298,0.00028479110080259474,1565.484,9250.905999999999,-0.001063846443003112,25.083535849877748,716.922,4.099999999999989,79.02525427759977,False
B0034,4A-const-24C,room,463,1.265829016865281,True,2888.719,3.3853753800263027,38.99238106302636,0.00028670548778329195,1481.016,9334.922,-0.0010690266160949455,24.606404550103807,640.735,4.109999999999989,79.01032965275813,False
B0034,4A-const-24C,room,465,1.2655873898206993,True,2875.641,3.3831949117830207,39.013996139611024,0.0002876414591603724,1542.938,9272.469,-0.0010608603644303338,24.926181556885734,696.562,4.099999999999989,78.99524781137902,False
B0034,4A-const-24C,room,467,1.2663598323027554,True,2860.7810000000027,3.3703776888462564,39.39352264576831,0.0002880325183773338,1536.625,9280.109,-0.0010479388184619625,24.872239534902445,689.016,4.099999999999989,79.0434620127695,False
B0034,4A-const-24C,room,469,1.2868479432728903,True,2852.844,3.37385872825505,39.40321172109691,0.0002858962969862076,1555.297,9256.625,-0.0010424134629608195,24.871910645125286,698.1719999999999,4.099999999999989,80.32228591405864,False
B0034,4A-const-24C,room,471,1.270026164613209,True,2854.64,3.3788676910292508,39.209002406361016,0.00028868166078890357,1539.203,9279.594000000001,-0.0010499934884942773,24.88802635556578,698.89,4.099999999999989,79.27230660442126,False
B0034,4A-const-24C,room,475,1.34598253292492,True,2897.844,3.3775187954558987,41.7029996329405,0.0002671008598451581,1489.922,9324.780999999999,-0.0011708564216684168,26.767201970158865,651.718,4.109999999999989,84.0133400454119,False
B0034,4A-const-24C,room,477,1.3286875315413778,True,2896.063,3.3764102425962137,41.54042703429465,0.000268755185851983,1679.968,9138.359999999999,-0.0010835166381569117,27.531939933591815,782.296,4.089999999999989,82.9338231893024,False
B0034,4A-const-24C,room,479,1.31203071983408,True,2866.234,3.374457339617825,40.70765268927143,0.0002779428562362851,1670.531,9141.234,-0.0010953497764940889,27.141827569107697,778.062,4.089999999999989,81.89414076266897,False
B0034,4A-const-24C,room,481,1.295125492961198,True,2836.609,3.369493571122545,40.21142863220933,0.0002830719077794323,1602.766,9212.562999999998,-0.001062764001735712,26.01756431292875,734.421,4.089999999999989,80.83895279471672,False
B0034,4A-const-24C,room,483,1.2802601605963335,True,2829.516,3.3671763894263442,40.0046687891377,0.0002885944607326536,1567.531,9248.282,-0.0010731928836034302,25.5440738603955,707.875,4.099999999999989,79.91109066255108,False
B0036,2A-const-24C,room,1,1.001982588175331,False,1819.406,3.3100621558905616,24.892073733003087,-0.00024202561756408002,,,,,,,61.015987557154396,False
B0036,2A-const-24C,room,5,1.8011007566288924,True,3260.531,3.4631992414146664,25.959062630105592,-0.00020376314672926088,2543.547,8261.14,-0.00039850730883095266,25.907985663073088,1110.046,4.06999999999999,109.67849407021815,False
B0036,2A-const-24C,room,7,1.8044229856020628,True,3265.75,3.4699576163352273,25.802571879383937,-0.00020737260845304724,2555.359,8249.438000000006,-0.00039792057670592765,24.727306081931474,1021.36,4.05999999999999,109.88080205848183,False
B0036,2A-const-24C,room,9,1.804388833772829,True,3264.109,3.4705857000702847,25.60229945293067,-0.0002065491253009524,2558.578,8183.688,-0.0004155994257307251,24.50397181900134,1019.922,4.05999999999999,109.878722374052,False
B0036,2A-const-24C,room,11,1.7989248871784247,True,3253.531,3.4698672359538234,25.340807182068417,-0.00020842053993007465,2560.094,8120.422,-0.00042878336662103715,24.348885868090353,1025.609,4.05999999999999,109.54599394009364,False
B0036,2A-const-24C,room,13,1.792996521672392,True,3242.578,3.463667726287471,25.066700521969093,-0.00020811487305382806,2541.266,8264.187,-0.0004169677250583363,24.13759757995785,1019.5630000000001,4.05999999999999,109.18498459699808,False
B0036,2A-const-24C,room,17,1.7885507985621891,True,3234.625,3.4626756481952126,24.87901399238054,-0.0002091921581698058,2500.469,8307.484,-0.0004277977784457573,24.151580151392057,1128.375,4.05999999999999,108.9142611441398,False
B0036,2A-const-24C,room,19,1.7890856930727703,True,3235.36,3.466538555244563,24.962178834594535,-0.00020819380743081645,2529.719,8277.359,-0.0004267160491504548,24.037343987814612,1015.875,4.05999999999999,108.94683368301142,False
B0036,2A-const-24C,room,21,1.7893137312833287,True,3236.125,3.465990459572376,24.97176766201835,-0.00021086966501503144,2531.3120000000054,8276.858999999997,-0.0004359512397132144,24.065883368033738,1010.9219999999914,4.06999999999999,108.96072012852673,False
B0036,2A-const-24C,room,23,1.7860759459480868,True,3230.25,3.466849428071611,24.904899107239256,-0.0002111156352923074,2538.453,8268.188,-0.00044436153676728047,24.094275797672235,1012.578,4.05999999999999,108.76355435732543,False
B0036,2A-const-24C,room,25,1.7836324249650817,True,3226.078,3.467879751690846,24.82894570331574,-0.00021101037877631562,2536.031,8271.359,-0.000446965599611877,23.990752129883173,1010.985,4.05999999999999,108.6147555182496,False
B0036,2A-const-24C,room,29,1.7829728738072719,True,3224.5,3.4680189335962623,25.10525347823647,-0.0002108879696383531,2498.938,8309.265,-0.0004590035955886624,24.058654010731185,1134.141,4.05999999999999,108.57459198076586,False
B0036,2A-const-24C,room,31,1.7813775963259668,True,3222.188,3.470195201959518,24.951154809529978,-0.00021140904524307794,2544.484,8261.297,-0.00046434734347341783,24.245444516410142,1011.359,4.05999999999999,108.47744714801306,False
B0036,2A-const-24C,room,33,1.7785359545932946,True,3216.546000000002,3.471307979909313,24.904434158959226,-0.00021108264694635182,2538.359,8269.655999999999,-0.00046500869979532487,24.09959341575549,1010.61,4.05999999999999,108.30440464343386,False
B0036,2A-const-24C,room,35,1.7759043090943398,True,3211.859,3.4716713367418284,24.887170444449442,-0.0002117648822935503,2534.516,8273.328,-0.000471612240188508,24.088392047468204,1010.0780000000001,4.05999999999999,108.14414991354728,False
B0036,2A-const-24C,room,37,1.7780426649905914,True,3215.859,3.474226898019182,25.527212929862493,-0.00021107842623382058,2529.609,8277.734,-0.000479995174595546,24.10645885566613,1006.9219999999999,4.05999999999999,108.27436564613409,False
B0036,2A-const-24C,room,41,1.7830029333591655,True,3225.125,3.4759464645675298,26.409994049975936,-0.00021117032081685312,2528.656,8277.812000000002,-0.0004869894879257477,25.253573022518065,1135.5,4.05999999999999,108.57642246491395,False
B0036,2A-const-24C,room,43,1.7883000424613877,True,3234.343,3.4817927176696424,27.24956363748299,-0.00021080470457729875,2586.907,8222.186999999998,-0.0004941176578450779,26.15698722576941,1017.422,4.04999999999999,108.89899128685192,False
B0036,2A-const-24C,room,45,1.779294712578026,True,3218.25,3.4752876993515778,25.79213906476866,-0.0002135306167551953,2606.954,8200.562,-0.000501683068884374,25.98975036793198,1015.4689999999999,4.05999999999999,108.35060940617286,False
B0036,2A-const-24C,room,47,1.7709235500451854,True,3203.5,3.47360641557491,25.237865068781456,-0.00021315464148063162,2557.016,8250.750000000004,-0.0005056152740922883,24.75490648177289,1007.86,4.05999999999999,107.84084530950042,False
B0036,2A-const-24C,room,49,1.7659050180801104,True,3194.39,3.474225056890293,24.99097283085835,-0.00021201603366724207,2537.735,8268.233999999999,-0.0005056861096997614,24.365787864975356,1010.2810000000001,4.05999999999999,107.53524051401806,False
B0036,2A-const-24C,room,53,1.7826929241469245,True,3225.219,3.476093760887936,32.801252523370806,-0.00020479886749193109,2490.719,8290.625,-0.0005209684010526981,24.375971403997298,1128.672,4.019999999999991,108.55754437415676,False
B0036,2A-const-24C,room,57,1.7964662072920203,True,3252.985,3.478693083596387,31.56958368042232,-0.0002059008409416155,2704.813,7795.937,-0.0005568190066925223,26.76704877771103,1162.781,4.009999999999991,109.3962719956943,False
B0036,2A-const-24C,room,59,1.7909083533422898,True,3245.25,3.4750535971066037,30.90999308530252,-0.00020840173081027245,2668.0,8091.047000000006,-0.0005338556267296007,26.025074259777117,1050.359,4.04999999999999,109.05782504916723,False
B0036,2A-const-24C,room,61,1.78518002808874,True,3235.031,3.473958373265381,30.76520980990786,-0.0002094390926382833,2640.953,8167.266,-0.000534815413383567,25.59675244451564,1048.859,4.04999999999999,108.70899720872498,False
B0036,2A-const-24C,room,63,1.7811343176546524,True,3228.141,3.473907031933396,30.827871356237775,-0.0002097259924004366,2622.344,8183.906,-0.0005418691860741688,25.534433563379483,1042.375,4.04999999999999,108.46263263071802,False
B0036,2A-const-24C,room,65,1.7755577789223567,True,3217.875,3.4760652075601257,31.04477819361822,-0.00020900661258603634,2617.156,8189.89,-0.0005429690344131075,25.669703594534173,1038.234,4.04999999999999,108.12304786954829,False
B0036,2A-const-24C,room,69,1.776885870616115,True,3220.219,3.4762696586688855,31.495558048290054,-0.0002094556549791344,2585.921,8221.891,-0.0005460511843890189,25.40951944011961,1159.094,4.05999999999999,108.20392235501086,False
B0036,2A-const-24C,room,71,1.7713083410378214,True,3210.234,3.4773296157781552,31.22858520243483,-0.00020894311790390158,2625.141,8168.9220000000005,-0.0005550981631255304,26.275163452506014,1039.969,4.04999999999999,107.86427725601911,False
B0036,2A-const-24C,room,73,1.7713348840874137,True,3210.546,3.4741834201518116,30.77808307184711,-0.0002115903850547908,2609.063,8198.374999999995,-0.0005696257268401759,25.817009436245133,1029.11,4.05999999999999,107.86589360185461,False
B0036,2A-const-24C,room,75,1.7660842866405053,True,3200.969,3.4723504122251145,30.558421734854203,-0.0002126330081530754,2593.844,8213.670999999998,-0.0005592358059242481,25.415992598327335,1031.766,4.05999999999999,107.54615711913628,False
B0036,2A-const-24C,room,77,1.7592793663412327,True,3188.625,3.4751627339527484,30.72558468538039,-0.00021043008583236842,2581.297,8219.703,-0.0005671511190726082,25.35904282292891,1027.828,4.04999999999999,107.13176974633376,False
B0036,2A-const-24C,room,81,1.7610368813762423,True,3191.735,3.476326267904414,31.23295964013785,-0.00020990752489927474,2562.985,8245.89,-0.0005716691529633799,25.11005539282735,1150.453,4.019999999999991,107.23879407666963,False
B0036,2A-const-24C,room,83,1.760242767365706,True,3190.313,3.475057563311369,31.072817634800376,-0.0002124000688913635,2585.719,8177.047,-0.0005814960024654055,26.003423611549277,1026.75,4.05999999999999,107.1904362996407,False
B0036,2A-const-24C,room,85,1.7555899416034397,True,3182.156,3.4727432532131424,30.6408857593701,-0.0002139749596749054,2579.468,8147.61,-0.0005874122274573977,25.662282014884894,1020.3280000000001,4.04999999999999,106.90710127748923,False
B0036,2A-const-24C,room,87,1.7545602176655593,True,3180.156,3.472459772164966,30.615000516436165,-0.0002146779352175545,2565.062,8242.688,-0.0005812980375810459,25.377102435138223,1019.6249999999999,4.05999999999999,106.84439597330282,False
B0036,2A-const-24C,room,89,1.7499108336094897,True,3171.953,3.4727100432360887,30.62198587167864,-0.0002146899597570913,2558.109,8229.922,-0.0005929439569546974,25.40232455792833,1014.6249999999999,4.05999999999999,106.5612705347359,False
B0036,2A-const-24C,room,93,1.7610225525303758,True,3192.172,3.4792060334218475,32.233363947568954,-0.00021226825724280634,2546.656,8263.766,-0.0005948630330181449,25.426471046932814,1146.0929999999998,4.019999999999991,107.23792151791321,False
B0036,2A-const-24C,room,95,1.7624094574337117,True,3194.735,3.483370799287766,32.95844838713035,-0.00021161411624177702,2619.515,8031.782000000001,-0.0006177635051660587,27.479590475624086,1028.4840000000002,4.04999999999999,107.32237744890799,False
B0036,2A-const-24C,room,97,1.7536170397120676,True,3178.75,3.481411230676488,32.33796562819801,-0.000213093595068718,2639.828,7863.641,-0.0006389969223924124,28.108552471224623,1028.656,4.04999999999999,106.7869609091075,False
B0036,2A-const-24C,room,99,1.7462044775191679,True,3165.359,3.4750001030504976,31.201004004004968,-0.00021502476421963594,2579.875,8116.75,-0.0006228622903772269,26.49558076326607,1014.8439999999999,4.04999999999999,106.33557102682198,False
B0036,2A-const-24C,room,101,1.7406176172769725,True,3155.25,3.4729861560107773,30.844212128034435,-0.00021572099658653007,2547.0,8044.812000000005,-0.000638683910697597,25.81489249545392,1010.7499999999941,4.05999999999999,105.99535773465078,False
B0036,2A-const-24C,room,105,1.750690404425682,True,3173.766,3.4793522768122993,32.19294879984907,-0.00020926122933217662,2508.718,8258.969000000001,-0.0006198076969790556,24.826540845181007,1134.297,4.019999999999991,106.60874270020268,False
B0036,2A-const-24C,room,109,1.765112055153915,True,3199.485,3.4863598949467836,33.06146735060497,-0.00020937631658399824,2658.078,7885.281000000001,-0.00064481102589047,26.79970691155581,1144.484,4.009999999999991,107.4869528325663,False
B0036,2A-const-24C,room,111,1.7631888267564881,True,3196.015,3.4833864674331436,32.35366819628823,-0.00021172363068514802,2671.406,7870.828,-0.0006589442072918855,27.74958674732433,1025.219,3.9999999999999916,107.36983734438135,False
B0036,2A-const-24C,room,113,1.9854929528970957,True,3595.281,3.521360251690921,34.70040609904863,-0.00021084629304876244,2650.312,2301.9220000000005,,,1029.672,4.03999999999999,120.90710431346155,False
B0036,2A-const-24C,room,117,1.7653557308133239,True,3198.0,3.481761447167762,32.421923396380706,-0.0002091319746657196,2685.703,7803.469000000001,-0.0006637816279570495,27.8391403851944,1146.203,4.009999999999991,107.5017915245535,False
B0036,2A-const-24C,room,119,1.7571880383127276,True,3183.516,3.4797578588851743,31.609192155405946,-0.00020848378365898764,2655.266,7930.202999999998,-0.0006628432628803945,26.77689277733354,1049.5929999999998,4.009999999999991,107.00441778785554,False
B0036,2A-const-24C,room,121,1.7573770661844437,True,3183.797,3.4759650916373124,31.31596403602263,-0.00021157137559241215,2632.344,7991.999999999999,-0.0006651653589629008,26.324795740744577,1046.594,4.009999999999991,107.01592868874815,False
B0036,2A-const-24C,room,123,1.7617376127979814,True,3191.516,3.4781154314639453,31.998588265349394,-0.00021164539259329354,2627.172,8181.609,-0.0006510400032287973,26.316659103181216,1040.516,4.05999999999999,107.28146529692266,False
B0036,2A-const-24C,room,125,1.7606892547636663,True,3189.985,3.4830514284703322,32.98892411466723,-0.00020983529653582895,2654.36,7962.046999999999,-0.0006767776376749389,27.517415935326273,1050.937,4.009999999999991,107.21762526463856,False
B0036,2A-const-24C,room,129,1.760669562156983,True,3189.734,3.4809173250237535,32.83558656237567,-0.00021131948955952596,2678.562,7857.75,-0.0006806904793276576,27.68369504016409,1158.297,4.019999999999991,107.2164260782869,False
B0036,2A-const-24C,room,131,1.752963802649152,True,3176.016,3.478940078791892,31.97863874379167,-0.000210235124084639,2658.969,7901.797,-0.0006820154652417913,27.14599765338197,1041.141,4.009999999999991,106.74718187005723,False
B0036,2A-const-24C,room,133,1.750535708024147,True,3171.36,3.4777534118948465,31.7958885352369,-0.0002108528156763865,2637.485,7953.531000000003,-0.0006866696629595386,26.736635319558303,1040.219,4.009999999999991,106.59932242302163,False
B0036,2A-const-24C,room,135,1.7500761995337284,True,3170.843,3.4766647808370212,31.804649399184477,-0.000211150065325204,2614.781,8004.61,-0.000690829588439651,26.588071671581062,1039.109,4.009999999999991,106.57134053524769,False
B0036,2A-const-24C,room,137,1.7465957802278385,True,3164.672,3.4791247798630294,32.18425444090601,-0.00021041685427276367,2632.672,7937.859,-0.0006952158127038841,26.92697713466223,1037.344,4.009999999999991,106.35939950596433,False
B0036,2A-const-24C,room,141,1.753614286788707,True,3177.453,3.4818392989655798,33.27019350164624,-0.00021036328887846854,2624.281,8152.031,-0.0006733251992770633,27.01835874964169,1150.765,4.019999999999991,106.78679326913102,False
B0036,2A-const-24C,room,143,1.750725029920349,True,3172.375,3.4813626313858914,32.91813190932092,-0.00021214558188198157,2678.297,7788.468999999999,-0.000720017398075649,28.55924287940608,1047.625,4.009999999999991,106.61085122861095,False
B0036,2A-const-24C,room,145,1.7433053490810113,True,3158.406,3.473301690187071,31.48100878915281,-0.00021460960249644194,2639.312,7965.9529999999995,-0.0007038063873836732,26.907112086603266,1035.875,4.04999999999999,106.1590278545187,False
B0036,2A-const-24C,room,147,1.7336625052776187,True,3141.578,3.4736758521826694,31.127100398792322,-0.00021243075319355958,2588.75,8014.375,-0.0007147111505950303,26.09160348392822,1030.547,4.009999999999991,105.57182439962149,False
B0036,2A-const-24C,room,149,1.7319207051538927,True,3138.187,3.4715154587275445,30.925481627228724,-0.0002140923531375972,2565.172,8041.2029999999995,-0.0007119541167294693,25.81639306361117,1027.125,4.05999999999999,105.46575703285232,False
B0036,2A-const-24C,room,153,1.7428604522751463,True,3157.969,3.476844269698795,32.53816915596416,-0.0002123275307082089,2538.578,8238.297,-0.0006944362483782432,25.421987428824455,1139.7350000000001,4.019999999999991,106.13193574903579,False
B0036,2A-const-24C,room,155,1.743306971099712,True,3159.281,3.4828021334350594,33.5082870689835,-0.00021096868310661228,2626.031,7919.531,-0.0007290914709423136,27.878470846196947,1034.156,4.04999999999999,106.15912662776488,False
B0036,2A-const-24C,room,157,1.738524506272696,True,3150.375,3.4787179923634985,32.72223824057796,-0.0002144231518210415,2652.61,7776.389999999999,-0.0007487612548181963,28.57735195207146,1032.484,4.009999999999991,105.86789720140415,False
B0036,2A-const-24C,room,159,1.7295622663746972,True,3134.078,3.47116141622232,31.339643544788586,-0.00021617204938671617,2606.938,7958.2029999999995,-0.0007297956633293747,26.68075938974654,1023.547,4.05999999999999,105.32213929647254,False
B0036,2A-const-24C,room,161,1.7273036765742085,True,3129.797,3.469009856426531,31.09122546658414,-0.00021735717619746268,2555.6560000000027,8045.514999999999,-0.0007318426532017817,25.970152637366542,1017.3130000000027,4.05999999999999,105.18460188934624,False
B0036,2A-const-24C,room,165,1.7449370491071912,True,3161.89,3.4757008802735143,32.074525923461515,-0.00020585822884024193,2524.594,8230.125,-0.0007165697682902786,24.985892248387724,1124.406,4.019999999999991,106.25839064751462,False
B0036,2A-const-24C,room,169,1.7642432071133693,True,3196.859,3.4820950413929173,33.167208512161885,-0.0002109519170215317,2702.938,7881.25,-0.0007473926199734753,26.829506608753892,1149.547,4.019999999999991,107.43404410754789,False
B0036,2A-const-24C,room,171,1.7504882032049596,True,3171.906,3.480244357608362,32.14047774193924,-0.00021047295718010998,2727.219,7737.749999999999,-0.0007701338636655012,27.808723306936354,1054.703,4.009999999999991,106.59642960483234,False
B0036,2A-const-24C,room,173,1.7442710815479923,True,3160.8429999999935,3.473582906957752,31.245399132402053,-0.00021363242942403087,2647.172,7922.218999999999,-0.000767815354220541,26.4593708063853,1046.579,4.009999999999991,106.2178363816171,False
B0036,2A-const-24C,room,175,1.7365413923373951,True,3147.141,3.4722242034096427,30.941808328244683,-0.0002136760570935555,2619.391,7951.687,-0.0007566314402552464,25.826904523705508,1043.094,4.009999999999991,105.74713496797943,False
B0036,2A-const-24C,room,177,1.733223093105756,True,3141.203,3.4700774937906473,30.729579296950984,-0.00021462394192869126,2590.344,8034.8910000000005,-0.0007522834394765682,25.545630364302024,1027.407,4.05999999999999,105.54506628233757,False
B0036,2A-const-24C,room,181,1.73860622908762,True,3151.047,3.4765508294649767,32.241219078736684,-0.0002115041635101372,2553.5,8192.125,-0.0007485763223434961,25.267064116063818,1132.235,4.019999999999991,105.87287373324949,False
B0036,2A-const-24C,room,183,1.7432134953746192,True,3159.172,3.478023823464381,33.273484981762124,-0.00021545829319143464,2625.297,7556.031999999999,-0.0008322459779609835,27.53533172646927,1033.906,4.05999999999999,106.1534343994303,False
B0036,2A-const-24C,room,185,1.7332698214832971,True,3141.047,3.4748978056910036,31.82186022608825,-0.00021381452222549063,2657.75,7793.4220000000005,-0.0007962203188569801,27.77912293716307,1038.563,4.009999999999991,105.54791181891304,False
B0036,2A-const-24C,room,187,1.7298906291663272,True,3135.0310000000027,3.468132135397358,30.953485299150877,-0.0002169974731073705,2590.594,8031.406,-0.0007669879926362687,25.98623560621165,1028.828,4.05999999999999,105.34213503316974,False
B0036,2A-const-24C,room,189,1.7204403348841348,True,3117.984,3.4677152773874327,30.594113322212998,-0.0002162237043903661,2570.203,8047.953000000001,-0.000775873938702648,25.526674588200482,1024.047,4.05999999999999,104.76665693091671,False
B0036,2A-const-24C,room,193,1.724420729012913,True,3125.328,3.464870080840597,30.621050708667628,-0.0002181170951129604,2518.25,8289.813,-0.0007548316925335883,24.476907011878026,1114.407,4.0299999999999905,105.00904405570337,False
B0036,2A-const-24C,room,195,1.7214872814061166,True,3120.172,3.4658543618027586,30.73760557478901,-0.00021872437804138054,2547.187,8138.031000000001,-0.0007739679911437448,25.438741902383168,1014.953,4.05999999999999,104.83041100879404,False
B0036,2A-const-24C,room,197,1.7197448773569262,True,3116.641,3.463489697714707,30.475687104433288,-0.00021955822052486677,2536.421,8170.938,-0.0007740327580739158,25.139793567313763,1016.594,4.05999999999999,104.7243068658283,False
B0036,2A-const-24C,room,199,1.7164304142145894,True,3110.844,3.4657104202129614,30.665478038053948,-0.00021794689160601428,2536.453,8208.969000000001,-0.0007670145203705175,25.21695704936807,1008.719,4.05999999999999,104.52247177983169,False
B0036,2A-const-24C,room,201,1.7112029253299619,True,3101.406,3.4645909946616262,30.48169086494209,-0.00021871208185091475,2525.063,8246.843000000003,-0.0007666693342715193,25.220295793709035,1006.234,4.05999999999999,104.20414249896022,False
B0036,2A-const-24C,room,205,1.7102343231599222,True,3099.563,3.4629772764216105,30.501790386236014,-0.00021852561699811315,2479.485,8307.75,-0.0007736580166153991,24.45054096346435,1109.531,4.0299999999999905,104.14515922055554,False
B0036,2A-const-24C,room,207,1.713096882151029,True,3104.64,3.4616288821771044,30.48295279202987,-0.00022130186747374575,2499.985,8292.062,-0.0007765613487220667,25.116648501071623,1001.7499999999999,4.06999999999999,104.31947548696998,False
B0036,2A-const-24C,room,209,1.7103708617208135,True,3099.875,3.4628964155593924,30.592002581671938,-0.000220828206008213,2509.953,8263.094000000001,-0.0007835100417322664,25.30287259861096,997.8280000000001,4.05999999999999,104.15347377135787,False
B0036,2A-const-24C,room,211,1.7064617296121434,True,3093.25,3.4611295820153054,30.424569049276556,-0.00022155548550556765,2502.812,8267.031,-0.0007826159117564113,25.07063010108727,995.8279999999999,4.06999999999999,103.91542616562425,False
B0036,2A-const-24C,room,213,1.7029429979110946,True,3086.688,3.4632231738970973,30.570652220376168,-0.00022012952296681548,2492.625,8282.922,-0.0007850623611139915,25.10424730564541,992.5159999999998,4.05999999999999,103.70115209317842,False
B0036,2A-const-24C,room,217,1.7072612643840062,True,3094.281,3.4594353969848526,30.460459721443804,-0.00022236959664780328,2457.078,8355.640999999998,-0.0007865811787423093,24.370918771536083,1097.734,4.0299999999999905,103.96411404130914,False
B0036,2A-const-24C,room,219,1.7038637196766078,True,3088.328,3.4619323762511636,30.547691944309644,-0.0002202825307453628,2475.172,8282.344,-0.0008021646311928781,25.11595057252523,992.672,4.06999999999999,103.7572196820279,False
B0036,2A-const-24C,room,221,1.7079617948422274,True,3095.687,3.4640211108291785,31.189572257243857,-0.00022043823146943592,2487.109,8257.109999999999,-0.0008056400123145163,25.468538364225786,991.2030000000001,4.05999999999999,104.00677302383706,False
B0036,2A-const-24C,room,223,1.7113022833627787,True,3102.062,3.4674082899150327,31.898081785720198,-0.00022007265617720052,2522.125,8161.359,-0.000813269618205401,26.362374229354483,1005.2180000000001,4.05999999999999,104.21019293193739,False
B0036,2A-const-24C,room,225,1.714122057472244,True,3107.141,3.467669094088933,32.32306890954346,-0.0002233796290237529,2543.453,8075.125,-0.0008214825924058786,26.956738275219486,1002.297,4.05999999999999,104.381903801974,False
B0036,2A-const-24C,room,229,1.7053324925701605,True,3090.719,3.4590063160949422,30.83436798904695,-0.0002241965544097546,2509.266,8303.656,-0.0008023019669441387,25.297191974426802,1100.266,4.019999999999991,103.84666098535484,False
B0036,2A-const-24C,room,231,1.6934609472531408,True,3069.812,3.4580229191527696,30.287043848864634,-0.0002235229926589452,2487.4689999999973,8255.125,-0.0008137809778927451,25.17125538970103,987.344,4.05999999999999,103.12374017825124,False
B0036,2A-const-24C,room,233,1.6905244127230223,True,3064.437,3.4563349020618155,30.072000414523774,-0.0002245515945561635,2445.359,8365.797,-0.0008083061484530931,24.78213732406969,980.14,4.06999999999999,102.94491915235182,False
B0036,2A-const-24C,room,235,1.7007774858498304,True,3083.25,3.460450149170936,31.093661069729663,-0.00022420055601075838,2424.219,8384.187000000002,-0.0008115229615872787,24.853530764290635,968.8589999999999,4.05999999999999,103.56928267893481,False
B0036,2A-const-24C,room,237,1.6971104467944576,True,3076.484,3.463960681885895,31.607623511235108,-0.0002209449888752061,2482.703,8302.563,-0.0008171875246745402,25.818727441591122,984.344,4.05999999999999,103.34597739198199,False
B0036,2A-const-24C,room,241,1.6997924522951837,True,3081.297,3.4630674142567415,31.68782676208534,-0.00022265294454270509,2483.312,8294.344000000001,-0.0008230160340009445,26.143610281296123,1102.422,4.019999999999991,103.50929880713606,False
B0036,2A-const-24C,room,243,1.6912704773954121,True,3065.953,3.456673276206162,30.64130472367544,-0.0002264585009843317,2486.89,8230.829,-0.0008361655702493175,25.800442318862693,981.797,4.05999999999999,102.9903509525693,False
B0036,2A-const-24C,room,245,1.6857127009469863,True,3055.828,3.455027058159508,30.35775664232519,-0.0002263433217142396,2431.7810000000027,8363.218999999997,-0.0008307610371974317,24.993564612879585,970.531999999992,4.05999999999999,102.65190872550411,False
B0036,2A-const-24C,room,247,1.6832093771286156,True,3051.468,3.456388317029322,30.46760275047682,-0.00022536408752759694,2424.312,8385.688,-0.0008266875118904205,24.91922282699866,969.531,4.06999999999999,102.49946817737903,False
B0036,2A-const-24C,room,249,1.692886364169521,True,3069.0,3.462072409842235,31.690335464880064,-0.00022354941768366616,2417.859,8394.438,-0.000830039960392203,25.58887590625053,962.031,4.05999999999999,103.08875079351098,False
B0036,2A-const-24C,room,253,1.6984668174144633,True,3079.235,3.466006130026554,32.58002111430288,-0.00022156306043231186,2445.281,8368.016,-0.0008349551127197076,25.9455301356442,1093.422,4.019999999999991,103.42857392993568,False
B0036,2A-const-24C,room,255,1.6935813413828429,True,3070.344,3.4601239314707923,31.69291039725797,-0.00022676051564691,2508.937,8063.156999999999,-0.0008708935750705968,27.077231295094183,986.578,4.05999999999999,103.13107160976168,False
B0036,2A-const-24C,room,257,1.6830951253781283,True,3051.4839999999967,3.453593464720813,30.608400390292736,-0.000229343240905883,2465.687,8279.609,-0.000854415209827883,25.733041491781904,973.25,4.06999999999999,102.49251078763155,False
B0036,2A-const-24C,room,259,1.6850462226942986,True,3054.812,3.4519795194744436,30.399652022711006,-0.00023052245822576195,2413.422,8397.125,-0.0008449783222181016,25.016780647725728,965.765,4.06999999999999,102.61132336079517,False
B0036,2A-const-24C,room,261,1.6803098840017598,True,3046.532,3.4544340644325837,30.547315574796166,-0.00022840486524022948,2403.969,8406.812000000002,-0.0008479843144380767,24.975091635446812,957.4999999999999,4.06999999999999,102.32290279726352,False
B0036,2A-const-24C,room,265,1.6944038437227715,True,3071.782,3.4638257834252806,32.47851626978816,-0.00022465692773941247,2384.172,8427.467999999999,-0.0008555729070939038,25.381212479554385,1069.469,4.0299999999999905,103.1811581014144,False
B0036,2A-const-24C,room,267,1.6955686127180103,True,3074.532,3.4669219935055278,33.085111849545555,-0.00022446413310476276,2483.797,8123.625,-0.0008866949633295012,27.509581436128197,980.859,4.05999999999999,103.25208700912111,False
B0036,2A-const-24C,room,269,1.6841854728350405,True,3053.656,3.4626538753824714,32.12056072268224,-0.00022568898399015426,2500.688,8083.312,-0.0008969201320432369,27.52697445668887,981.812,4.05999999999999,102.55890777661025,False
B0036,2A-const-24C,room,271,1.6722180144870118,True,3031.953,3.4554390863736857,30.90915966232928,-0.00022813616200692335,2427.531,8343.327999999998,-0.0008735048316092414,26.0517260996013,971.625,4.05999999999999,101.83014632080109,False
B0036,2A-const-24C,room,273,1.6675976965747183,True,3023.5,3.453636642746737,30.586499493516442,-0.000228598802384891,2384.203,8405.219000000001,-0.0008694815202679319,25.31536083202422,951.7350000000001,4.06999999999999,101.5487908725393,False
B0036,2A-const-24C,room,277,1.6781873787039017,True,3042.703,3.4530724754532334,31.078305845971443,-0.00022877301428040923,2324.406,8487.485,-0.000871685386515804,24.32889071354923,1054.469,4.0299999999999905,102.1936522909449,False
B0036,2A-const-24C,room,279,2.4440624320786557,True,4424.203,3.626510481777051,33.98757612493629,-0.00024582945893662946,2412.375,967.281,,,960.4850000000001,4.06999999999999,148.83181075650083,False
B0036,2A-const-24C,room,283,1.6913403148932205,True,3066.766,3.466145279289297,32.26010764297862,-0.00022718376770184933,2369.625,7975.343000000001,-0.0009280011587107548,27.075956598915845,1063.0620000000001,4.05999999999999,102.99460372497032,False
B0036,2A-const-24C,room,285,1.6802787096613283,True,3046.125,3.4640146950069006,31.42619925446257,-0.00022851511341297927,2470.047,8181.015000000005,-0.000902363761445419,26.479499381374726,952.6880000000001,4.05999999999999,102.32100442778054,False
B0036,2A-const-24C,room,287,1.673147301023026,True,3033.625,3.4626259258314476,31.20956154006514,-0.0002293421530249241,2406.985,8294.842999999999,-0.0009030103091354528,26.02254059045754,949.094,4.05999999999999,101.88673546355429,False
B0036,2A-const-24C,room,289,1.6704292090032429,True,3028.562,3.4609363258654184,31.078110221174402,-0.00023058838102707024,2398.578,8417.656,-0.0008840030914117699,25.863088462880437,943.9689999999999,4.05999999999999,101.72121655053574,False
B0036,2A-const-24C,room,291,1.6659903350115992,True,3020.984,3.4616449511434926,31.053614094154142,-0.0002302957739690558,2380.843,8383.375,-0.0008936521003254654,25.750676431171872,935.235,4.06999999999999,101.45091017651471,False
B0036,2A-const-24C,room,295,1.664241575272447,True,3017.391,3.46014320685645,31.06053283354067,-0.00022971752347237476,2334.219,8473.155999999999,-0.0008988614486595738,24.965158630346426,1043.953,4.06999999999999,101.34441900217317,False
B0036,2A-const-24C,room,297,1.6668450767774965,True,3022.14,3.4580980197093147,30.97728291917627,-0.00023326444577846818,2355.578,8350.578000000001,-0.0009145165278858213,25.65545067135616,931.547,4.06999999999999,101.50295989630827,False
B0036,2A-const-24C,room,299,1.6594501560667536,True,3009.016,3.459389982444422,30.93918723715448,-0.0002315550353066943,2355.766,8407.686999999994,-0.0009117713968892187,25.633810814345832,933.1880000000001,4.06999999999999,101.05264429661855,False
B0036,2A-const-24C,room,301,1.662412523067319,True,3014.672,3.455631406481116,30.926289651305336,-0.00023592400307953265,2347.782,8467.796999999999,-0.000901641228066981,25.602007150020775,927.7819999999999,4.06999999999999,101.23303839745357,False
B0036,2A-const-24C,room,303,1.6603526083225701,True,3010.703,3.4549175745634897,30.863054927475556,-0.00023670321365766082,2342.078,8468.157000000001,-0.0009073708371282438,25.56606931114779,925.0939999999999,4.06999999999999,101.10759935897357,False
B0036,2A-const-24C,room,307,1.6610231379633236,True,3011.75,3.4567232383364708,31.038017243387284,-0.00023370215715381372,2307.375,8503.875,-0.0009129645168753069,24.862180524716134,1028.281,4.0299999999999905,101.14843143400137,False
B0036,2A-const-24C,room,309,1.6575187557321613,True,3005.734,3.4566056806279244,31.04050751190746,-0.0002350503344794034,2336.266,8476.5,-0.0009215110555474223,25.711824903984965,923.8280000000001,4.05999999999999,100.93503117621697,False
B0036,2A-const-24C,room,311,1.6507877959674548,True,2993.75,3.457263997632369,30.957302786226403,-0.00023372716190923147,2336.157,8470.89,-0.0009601220312116297,25.639597616570825,916.5780000000001,4.06999999999999,100.52514764919984,False
B0036,2A-const-24C,room,313,1.6532570062110141,True,2998.125,3.4540018182289085,30.945276932009087,-0.00023717941019983638,2322.141,8493.844000000001,-0.0009122160704183221,25.59123026810333,912.094,4.06999999999999,100.675510842408,False
B0036,2A-const-24C,room,315,1.6494214846772686,True,2990.859,3.454729708764956,30.888914324823496,-0.0002363126070848972,2324.125,8491.078,-0.000918185584688309,25.572145040970046,915.797,4.05999999999999,100.4419457715774,False
B0036,2A-const-24C,room,319,1.6678591915666705,True,3024.453,3.4602322781016106,32.321489418619095,-0.00023284013952269884,2275.922,8536.344,-0.0009237340015797738,25.045697472934755,1017.844,4.06999999999999,101.56471467736733,False
B0036,2A-const-24C,room,321,1.670862764324967,True,3030.765,3.4653467037084007,33.23510488083581,-0.00023293510987634688,2408.063,8223.0,-0.0009532690076478463,27.74534114624764,938.016,4.05999999999999,101.74761801342326,False
B0036,2A-const-24C,room,323,1.6658118164053368,True,3020.813,3.4612961227490118,32.672384089467116,-0.00023541523962862783,2411.64,8404.204,-0.0009337468358318419,27.835438221704962,943.406,4.05999999999999,101.44003924004636,False
B0036,2A-const-24C,room,325,1.6532998517617,True,2998.156,3.4568319834213184,31.627875999689845,-0.00023664690266139878,2382.86,8428.671,-0.0009348472489479099,26.755144690293683,925.047,4.05999999999999,100.6781199332429,False
B0036,2A-const-24C,room,327,1.6468787023528522,True,2986.766,3.454274871932744,31.234092745007935,-0.0002374631715953783,2329.7339999999967,8480.608999999997,-0.0009363037448782161,26.04853863662082,919.8439999999999,4.06999999999999,100.28710238757239,False
B0036,2A-const-24C,room,331,1.6718953249703756,True,3032.328,3.459039144301172,31.95070753872921,-0.0002280992480701884,2280.39,8529.719000000001,-0.0009368273376685347,24.991544008898256,1015.8750000000001,4.06999999999999,101.8104960596446,False
B0036,2A-const-24C,room,335,1.6807743463585727,True,3047.703,3.466556169993412,32.94223311807837,-0.0002276101692633244,2437.016,8350.5,-0.0009483941088604508,26.2361135354094,1055.8600000000001,4.0299999999999905,102.3511863520064,False
B0036,2A-const-24C,room,337,1.6737717086703074,True,3034.968,3.4591810827626084,31.941852555671353,-0.00023497506885262494,2461.704,8206.921,-0.0009750824844891326,27.405554822784836,959.171,4.05999999999999,101.92475892792056,False
B0036,2A-const-24C,room,339,1.6605773762487392,True,3011.7339999999967,3.4577876655294553,31.44720711271493,-0.00023425492732050875,2407.719,8407.625,-0.0009474435102864795,26.343103480560828,942.9530000000001,4.05999999999999,101.12128665967943,False
B0036,2A-const-24C,room,341,1.655987781146086,True,3002.922,3.454417180570097,31.12482497372082,-0.0002375985183686381,2365.5,8448.562,-0.0009453379297020537,25.960204801823828,935.61,4.05999999999999,100.84180208481688,False
B0036,2A-const-24C,room,343,1.6468623183898439,True,2986.718,3.4527482715790674,30.75545169222773,-0.00023906905541989785,2348.453,8290.031,-0.0009757269670232892,25.78792619646039,923.953,4.06999999999999,100.28610468192876,False
B0036,2A-const-24C,room,347,1.6574621175432847,True,3006.203,3.460599249296477,32.32491302674166,-0.00023424586244854154,2315.594,8350.530999999999,-0.0009680438193673959,25.924212788366738,1036.6100000000001,4.06999999999999,100.93158217913005,False
B0036,2A-const-24C,room,349,1.6603991175216894,True,3011.609,3.4634741461937795,32.9527098749988,-0.00023472470824779538,2391.156,8105.187999999999,-0.0009957409511778203,27.663905355859097,930.5159999999998,4.05999999999999,101.11043154862263,False
B0036,2A-const-24C,room,351,1.6460789092837111,True,2985.953,3.458931693641407,31.963338156822648,-0.00023726962922387176,2404.312,8051.141,-0.001005020207207066,27.617175244558673,937.7339999999999,4.05999999999999,100.23839878280829,False
B0036,2A-const-24C,room,353,1.6408366462659327,True,2976.3129999999946,3.4515443093644445,31.192560893948695,-0.00024264433713722125,2334.875,8207.313,-0.000995300369202157,26.46991789105188,920.406,4.05999999999999,99.91916982729661,False
B0036,2A-const-24C,room,355,1.6344408920281601,True,2964.75,3.451340191696518,31.01189616418059,-0.00024209194168345625,2306.218,8375.938000000002,-0.0009702201908813448,25.895112324326472,913.7349999999999,4.06999999999999,99.52969872710393,False
B0036,2A-const-24C,room,359,1.6374039186504212,True,2969.953,3.4541105051819967,31.59342641124915,-0.0002383751087187179,2263.219,8531.030999999999,-0.00095898218470373,25.163318742843128,1009.859,4.06999999999999,99.71013299577184,False
B0036,2A-const-24C,room,361,1.64738207540524,True,2988.453,3.456542656900933,32.451352345308976,-0.00024145159449476876,2324.625,8184.031000000001,-0.0010114755185775034,27.14156312414778,921.1250000000001,4.05999999999999,100.3177554191356,False
B0036,2A-const-24C,room,363,1.6545646441622355,True,3001.235,3.462836576734922,33.70907658061942,-0.0002369818389761911,2356.343,8175.063000000001,-0.0010179100342248434,27.86049185200816,927.953,4.05999999999999,100.7551397919552,False
B0036,2A-const-24C,room,365,1.640896560729935,True,2976.234,3.455642847223531,32.3628652503866,-0.0002412152943030692,2391.25,8420.234,-0.0009743860922273105,27.791798616878506,921.547,4.05999999999999,99.92281833400043,False
B0036,2A-const-24C,room,367,1.6265229979339635,True,2950.39,3.453765407751183,31.558941182174713,-0.0002401509754644181,2329.203,8481.203000000003,-0.0009693325204814463,26.57602708077459,908.375,4.05999999999999,99.04753652864682,False
B0036,2A-const-24C,room,371,1.6217349144630457,True,2941.719,3.4500406564088526,31.135887556686384,-0.0002409833484621366,2233.016,8579.812,-0.0009741691848725378,25.269387762925398,1008.938,4.06999999999999,98.7559649535198,False
B0036,2A-const-24C,room,373,1.6248200059639546,True,2946.969,3.447400483446299,31.04112225235265,-0.00024505209374472677,2255.828,8561.125,-0.0009667098572894733,25.650349774359256,890.1719999999999,4.06999999999999,98.94383239438514,False
B0036,2A-const-24C,room,375,1.61880119736137,True,2936.171,3.449026045033965,31.054879323980543,-0.0002436934777298204,2269.032,8546.968,-0.0009693180616591987,25.68512288893137,891.9999999999999,4.05999999999999,98.57731549565044,False
B0036,2A-const-24C,room,377,1.6137350490334217,True,2927.281,3.450376630404453,31.10833607101402,-0.0002427165000399929,2247.0,8565.969,-0.0009751455233891026,25.752828799921502,879.4689999999999,4.05999999999999,98.26881108949732,False
B0036,2A-const-24C,room,379,1.612012823654141,True,2924.422,3.447000121773302,30.944663670795183,-0.0002461684858692375,2229.047,8581.188,-0.0009796624745482454,25.713456398601018,874.328,4.05999999999999,98.16393573182852,False
B0036,2A-const-24C,room,383,1.6671032556887178,True,3023.859,3.4669760884346075,32.6791979812127,-0.00022263519117972616,2178.484,8633.843999999994,-0.0009830364067714276,24.844621641800593,988.3589999999999,4.06999999999999,101.51868176754687,False
B0036,2A-const-24C,room,387,1.6850133383886254,True,3056.172,3.4736386683731344,33.03296653786076,-0.00022711643979622003,2545.547,8267.530999999999,-0.0010062932524648658,27.658426062765713,1069.938,4.019999999999991,102.60932086253875,False
B0036,2A-const-24C,room,389,1.6786654987614698,True,3045.078,3.467958204671299,32.14080730031082,-0.00023060692092546927,2528.157,8190.093,-0.0010257081396893137,27.32162309022555,971.9060000000001,4.05999999999999,102.22276753488995,False
B0036,2A-const-24C,room,391,1.6729763502191373,True,3034.25,3.4632760700749996,31.54659714469647,-0.00023250848437471672,2491.985,8321.687000000005,-0.001017940630585219,26.54578737520252,972.0310000000001,4.05999999999999,101.876325370359,False
B0036,2A-const-24C,room,393,1.666489034299654,True,3022.609,3.4628276335315356,31.32211217550974,-0.00023184478960540765,2473.656,8339.969000000001,-0.0010170980697426393,26.170483326429252,961.1090000000002,4.05999999999999,101.48127859799607,False
B0036,2A-const-24C,room,395,1.6698420840710908,True,3028.828,3.4646012546935614,31.944476209251814,-0.00023105559051505683,2458.141,8356.078,-0.0010096249271841508,26.154904890053253,952.515,4.05999999999999,101.68546342670162,False
B0036,2A-const-24C,room,399,1.6746744228027035,True,3037.875,3.4679372219489957,32.95970790517297,-0.00023056705954428998,2461.907,8354.561999999998,-0.0010201707795076823,26.652287874696576,1060.406,4.019999999999991,101.9797299373173,False
B0036,2A-const-24C,room,401,1.6665045335145643,True,3023.187,3.462497796397771,31.94954978552722,-0.000235168461614245,2512.266,8104.437,-0.001056433099064876,27.80962892697604,962.2500000000001,4.05999999999999,101.48222242667661,False
B0036,2A-const-24C,room,403,1.6522220848347273,True,2996.922,3.4597555835668237,31.016509562928245,-0.00023318477603793218,2450.609,8367.375,-0.0010200173981754679,26.040452152985708,950.4689999999999,4.06999999999999,100.61248903887233,False
B0036,2A-const-24C,room,405,1.6462718275099526,True,2986.469,3.4575027462160053,30.717850318637232,-0.00023421368330509536,2391.5310000000027,8420.827999999994,-0.0010260064958763002,25.520665829283526,944.0789999999973,4.06999999999999,100.25014658784085,False
B0036,2A-const-24C,room,407,1.642399234692521,True,2979.219,3.4593887120996203,30.879779806825745,-0.00023233946576518995,2372.844,8445.36,-0.001022148320958139,25.355358000653577,937.765,4.06999999999999,100.01432405165022,False
B0036,2A-const-24C,room,411,1.651178607099992,True,2995.047,3.459697403340653,31.650221324336044,-0.00023395247453087344,2337.672,8475.530999999999,-0.001032317847374154,25.27050590536366,1035.797,4.0299999999999905,100.54894619368704,False
B0036,2A-const-24C,room,413,1.6481683120281931,True,2989.828,3.4641295904583864,32.06625589927076,-0.000232191202303687,2413.953,8399.016,-0.00102675755454919,26.587763387769108,944.719,4.05999999999999,100.36563350062046,False
B0036,2A-const-24C,room,415,1.6478887725428397,True,2989.391,3.460169463632063,31.895952062496796,-0.00023739681803654038,2421.578,8396.547,-0.0010228531520105485,27.014638512012567,939.891,4.05999999999999,100.34861087172318,False
B0036,2A-const-24C,room,417,1.635843650915682,True,2967.2810000000027,3.4561756716228116,30.985495506316067,-0.00023767835440035404,2385.031,8430.437999999998,-0.0010312171782129063,26.071968918543185,933.485,4.05999999999999,99.61512009054557,False
B0036,2A-const-24C,room,419,1.6332362811945516,True,2962.609,3.452053305545746,30.72140290899611,-0.00024061537541673441,2335.094,8480.421999999999,-0.0010399749623881357,25.48626278355567,911.5,4.06999999999999,99.45634364039677,False
B0036,2A-const-24C,room,423,1.629926467682987,True,2957.016,3.4498706612134633,30.525764579406868,-0.0002404956272427109,2288.562,8522.578,-0.0010377324943584957,24.520136193021575,1013.547,4.0299999999999905,99.25479169486258,False
B0036,2A-const-24C,room,425,1.6387862629287224,True,2973.281,3.4562888987795763,31.861104818689885,-0.00023988514909315968,2312.296,8500.172,-0.0010404008963095094,25.826781428902297,906.953,4.06999999999999,99.79431120633151,False
B0036,2A-const-24C,room,427,1.6359654863840773,True,2968.016,3.4606240664312637,32.31201872670814,-0.00023712467541009928,2370.359,8308.578,-0.001065319270827709,26.888580944227535,918.7340000000002,4.05999999999999,99.62253929274667,False
B0036,2A-const-24C,room,429,1.631137043967566,True,2959.281,3.456019242182233,31.793010248024903,-0.0002414546501439464,2366.796,8311.813,-0.0010656658316931667,27.108997657964647,929.2500000000001,4.06999999999999,99.32851004924174,False
B0036,2A-const-24C,room,431,1.6220189720888463,True,2942.797000000006,3.450712115143618,31.01748043918613,-0.00024356739274988438,2318.921,8495.344,-0.0010500486554390453,26.072244620179383,912.641,4.06999999999999,98.77326271574232,False
B0036,2A-const-24C,room,435,1.6416044978422155,True,2978.89,3.457628617948717,32.52627247756125,-0.0002363910233681867,2248.75,8565.75,-0.0010458824786825104,24.68306700665263,1000.9370000000001,4.0299999999999905,99.96592834663329,False
B0036,2A-const-24C,room,439,1.6253090231457805,True,2948.891,3.453055943057908,30.971239918679984,-0.0002394573888214514,2364.172,8449.015,-0.0010538166695769737,25.648405297569635,1021.3600000000001,4.0299999999999905,98.97361122151612,False
B0036,2A-const-24C,room,441,1.6196134522239483,True,2938.547,3.450668341610227,30.76463270446893,-0.00024237349910598142,2316.0629999999946,8500.984000000011,-0.0010440923645009795,25.484505263620903,908.5,4.06999999999999,98.62677796453283,False
B0036,2A-const-24C,room,443,1.6124236174774371,True,2925.484,3.450902810317066,30.660177115279623,-0.0002419582992193942,2285.079,8533.453,-0.0010482509072436076,25.324729433596886,893.187,4.06999999999999,98.18895112741183,False
B0036,2A-const-24C,room,445,1.6077701029913394,True,2917.297,3.4500594839606094,30.586674094126863,-0.00024295823399797046,2256.922,8561.812,-0.0010506345496188493,25.286773528596807,886.7969999999999,4.06999999999999,97.9055741652454,False
B0036,2A-const-24C,room,447,1.6088077531981582,True,2918.938,3.449110812692783,30.83253477381729,-0.0002447563275792911,2245.875,8569.157,-0.0010569058999541562,25.293993028527314,880.484,4.06999999999999,97.96876214161856,False
B0036,2A-const-24C,room,451,1.6083556258734268,True,2918.25,3.4458169090139847,30.68860522383244,-0.00024585422085648446,2216.031,8596.516,-0.0010638679313509497,24.66227198922587,986.7660000000001,4.079999999999989,97.94122973182859,False
B0036,2A-const-24C,room,453,1.6068202519011539,True,2915.4839999999967,3.4453799620249113,30.620490468656016,-0.0002481730635568712,2251.969,8565.453000000001,-0.0010530697733282537,25.27865246580887,888.0930000000001,4.06999999999999,97.84773273867386,False
B0036,2A-const-24C,room,455,1.601770977206713,True,2906.015,3.445133112798374,30.598226708173872,-0.0002483095231522125,2232.14,8580.594000000001,-0.0010628172343932051,25.230941497368907,879.2660000000001,4.06999999999999,97.54025585677543,False
B0036,2A-const-24C,room,457,1.594911734692208,True,2894.14,3.4458558996634645,30.522404975221356,-0.0002473972225692465,2217.813,8594.405999999999,-0.0010614639315771803,25.178502213778266,876.922,4.06999999999999,97.12256051869706,False
B0036,2A-const-24C,room,459,1.5938139125387372,True,2892.031,3.4444897117952333,30.572012594415884,-0.00024946480994235306,2204.219,8612.170999999998,-0.0010630931801161511,25.210595894784095,861.7499999999999,4.06999999999999,97.05570835614789,False
B0036,2A-const-24C,room,463,1.5920273129504596,True,2888.719,3.4452529094036595,30.525594309542488,-0.00024750412862648116,2148.844,8667.094000000001,-0.0010735272053566164,24.40349825466442,964.5630000000001,4.06999999999999,96.94691291445615,False
B0036,2A-const-24C,room,465,1.5847361549778751,True,2875.641,3.4433682977623126,30.460152624234137,-0.0002505986014167853,2196.485,8618.921999999999,-0.0010586534388579377,25.12196127793317,860.0,4.06999999999999,96.50291597340889,False
B0036,2A-const-24C,room,467,1.5763429363936798,True,2860.7810000000027,3.444044633354944,30.42634729502671,-0.00024994206761057503,2164.688,8652.046,-0.0010694091456569625,25.068917248551628,852.953,4.079999999999989,95.9918087678133,False
B0036,2A-const-24C,room,469,1.5720229174642286,True,2852.844,3.4436657042772842,30.477932880980596,-0.0002507202528696958,2149.75,8662.172,-0.0010642518324836202,25.054096460963237,853.5,4.079999999999989,95.7287401033906,False
B0036,2A-const-24C,room,471,1.5729874285512353,True,2854.64,3.4414697554582165,30.47370962894708,-0.0002530818376077955,2150.734,8668.063,-0.001061465307997849,25.059677134570837,853.0780000000001,4.06999999999999,95.78747425424118,False
B0036,2A-const-24C,room,475,1.596985400389019,True,2897.844,3.4563046908197936,33.14386747805384,-0.0002463565438176055,2121.219,8693.484,-0.0011779214636385132,26.514478603409806,965.0,4.06999999999999,97.24883692494153,False
B0036,2A-const-24C,room,477,1.595726023703856,True,2896.063,3.452089547010762,32.934539010545976,-0.0002512077958794449,2248.812,8569.516,-0.0010825323952183142,27.65227457148966,885.0,4.06999999999999,97.17214685761051,False
B0036,2A-const-24C,room,479,1.579500338340559,True,2866.234,3.4477573593842226,31.954024468442526,-0.0002532058183895456,2251.906,8559.859,-0.0010926454484164508,27.298490775631517,881.0,4.05999999999999,96.18407957189437,False
B0036,2A-const-24C,room,481,1.5629469877520186,True,2836.609,3.4451953986146564,31.19189073934152,-0.000252868900657836,2176.86,8638.468999999997,-0.0010802223281766673,26.19964340428033,856.5150000000001,4.06999999999999,95.17605902796566,False
B0036,2A-const-24C,room,483,1.5591129431541175,True,2829.516,3.4432584336378476,30.99297651094941,-0.00025483964033530077,2142.469,8673.344000000001,-0.0010644525745445842,25.72468708618515,838.609,4.079999999999989,94.94258389552337,False
B0045,1A-const-4C,cold,1,1.0819793880779518,False,6436.141,3.3507147228969534,9.485217152757082,-1.667806665686863e-05,,,,,,,100.0,False
B0046,1A-const-4C,cold,1,1.7282392323598248,False,6436.141,3.4409645322869102,9.035891964302168,-0.00016606616024552475,,,,,,,112.18207928327573,False
B0046,1A-const-4C,cold,5,1.5161488467923143,True,5650.265,3.4252545586780085,8.872109574065124,-0.00018359309782221318,1318.406,9484.907,-0.0008181217572719303,6.59524251127803,299.828,4.149999999999988,98.41503823742053,False
B0046,1A-const-4C,cold,7,1.503121190703977,True,5590.907,3.425904453303529,8.6284456728549,-0.00018778344604470095,1273.484,9528.593999999994,-0.0008242916336982166,6.797039458477361,382.87499999999994,4.109999999999989,97.56939747148239,False
B0046,1A-const-4C,cold,9,1.48586566102824,True,5543.61,3.423608435843718,8.63136091760955,-0.00019042259044389694,1259.016,9548.672,-0.0008042442045927339,6.64769685362503,353.015,4.149999999999988,96.44932036530811,False
B0046,1A-const-4C,cold,11,1.4694562316392716,True,5499.046,3.4211455348547464,8.67696820980418,-0.0001931713592734715,1162.0,9643.687,-0.0008181227050732399,6.671211445777035,348.109,4.129999999999988,95.38416464251331,False
B0046,1A-const-4C,cold,13,1.4589554592644807,True,5461.219,3.418211640329191,8.714755394110101,-0.00019467832049828025,1117.375,9686.703,-0.0008215291519455528,6.644391114555026,336.969,4.179999999999987,94.70254692603784,False
B0046,1A-const-4C,cold,17,1.4556853555098295,True,5451.281,3.3913871477101263,8.941517894800649,-0.00019002707063496676,978.547,9826.421999999999,-0.0008318398022073936,6.472428832388976,234.82799999999997,4.179999999999987,94.49028057320895,False
B0046,1A-const-4C,cold,21,1.456232262380321,True,5468.062,3.405195390316552,8.956808204433374,-0.00019688706396962558,1021.156,9787.219000000001,-0.0008463092938685342,6.59711001989636,261.594,4.179999999999987,94.52578095345565,False
B0046,1A-const-4C,cold,23,1.4440592236675138,True,5411.297,3.408987597578302,8.857079944726477,-0.00020023444487930606,1071.734,9732.516,-0.0008232285993083077,6.934096844736393,264.48500000000007,4.179999999999987,93.73561442533335,False
B0046,1A-const-4C,cold,25,1.428294264765868,True,5369.703,3.405344636824463,8.951187295260016,-0.00020402022804363312,1033.266,9769.140000000003,-0.0008131966816293057,6.837981119053194,303.016,4.139999999999988,92.71229205405079,False
B0046,1A-const-4C,cold,27,1.4199848948034668,True,5327.406,3.4032461605763142,8.966158040889411,-0.00020547465028122771,1019.828,9783.375,-0.0008104806207473514,6.904036282764311,245.39,4.179999999999987,92.17292089381891,False
B0046,1A-const-4C,cold,29,1.4043226018516568,True,5299.266,3.3967709514446076,8.972930848723113,-0.00021017428058952791,990.016,9816.063,-0.0007999517915726788,6.834688984450735,279.844,4.149999999999988,91.15626269235064,False
B0046,1A-const-4C,cold,33,1.4234351301615986,True,5367.172,3.372196461428764,9.032800036514974,-0.0001943393465100773,848.656,9954.985,-0.0008050866478012288,6.529067709480648,174.76600000000002,4.179999999999987,92.3968798048566,False
B0046,1A-const-4C,cold,37,1.4339948857967295,True,5406.812,3.3962096829403037,8.8666091485246,-0.00020052562076853367,938.687,9866.438,-0.0008560779863228279,6.5910154560859,236.313,4.139999999999988,93.08232619543224,False
B0046,1A-const-4C,cold,39,1.4185177047756572,True,5353.094,3.3989726713804767,8.91721938287038,-0.000206750890748819,988.796,9817.406999999994,-0.0008352287658736148,6.846818040511808,305.21799999999996,4.179999999999987,92.07768383118226,False
B0046,1A-const-4C,cold,41,1.4056313337829422,True,5280.031,3.39769311615204,8.923958703020183,-0.00020828281132388604,945.141,9861.875,-0.0008291399661275118,6.846843711378936,292.453,4.179999999999987,91.24121405008341,False
B0046,1A-const-4C,cold,43,1.3890214025155618,True,5248.593,3.3923860221630204,8.991317663963024,-0.0002125210499627,947.125,9856.328,-0.0008132922075943205,6.862291579790148,266.687,4.149999999999988,90.16304351012712,False
B0046,1A-const-4C,cold,45,1.3723339082737365,True,5203.375,3.387564802409393,9.016720196858454,-0.0002162335266725591,890.531,9917.280999999999,-0.0008136872839346179,6.861484400908259,268.297,4.139999999999988,89.0798382645666,False
B0046,1A-const-4C,cold,49,1.3615778905990565,True,5166.812,3.3755889260430436,8.999593683204715,-0.00021671011741638207,769.266,10035.75,-0.0008122566836887819,6.460547184938661,145.547,4.179999999999987,88.3816522698501,False
B0046,1A-const-4C,cold,53,1.4100282016237429,True,5340.281,3.3771442240108183,9.073580268946476,-0.0002125031236734251,272.844,10529.781,-0.0005415847485654782,5.939275022475818,82.61000000000001,4.179999999999987,91.52662000979032,False
B0046,1A-const-4C,cold,55,1.3395671374926488,True,5103.0,3.3739069772216053,9.035703497783533,-0.00022396443316314898,842.485,9966.328,-0.0007916624626408637,6.733970481083029,237.39,4.1699999999999875,86.95290791326234,False
B0046,1A-const-4C,cold,57,1.3291515487117478,True,5051.172,3.3730377771688125,9.0428494070086,-0.0002250878526418509,776.063,10028.765,-0.0008013385858315728,6.890102622344386,245.281,4.179999999999987,86.27681956593001,False
B0046,1A-const-4C,cold,61,1.3181687033905718,True,5027.563,3.361814920655554,9.103478864398264,-0.0002253433548492626,546.125,10262.234,-0.0008224228838710343,6.4501825374461506,98.813,4.179999999999987,85.56390991690314,False
B0046,1A-const-4C,cold,63,1.312423708466101,True,4993.765,3.36759601245628,9.08626820310501,-0.00022851441716547868,721.109,10087.641,-0.0008043425793707743,6.8002288942815445,226.469,4.179999999999987,85.19099541292039,False
B0046,1A-const-4C,cold,65,1.2993237532162487,True,4962.469,3.3619567307164724,9.113491912356011,-0.00023356447779928903,798.36,10010.14,-0.000772669120237889,6.7587865626253105,219.61,4.179999999999987,84.34066162178219,False
B0046,1A-const-4C,cold,67,1.2877483042174591,True,4907.859,3.360770876263507,8.977476169539525,-0.0002333793923688156,732.828,10075.953000000001,-0.0007810438897971494,6.720339627595583,199.407,4.179999999999987,83.58928535800614,False
B0046,1A-const-4C,cold,69,1.2865282739749122,True,4888.656,3.3581255157395584,9.205520238536876,-0.0002346765223756905,688.375,10116.328,-0.0007831864325200394,6.7310260442621805,193.609,4.179999999999987,83.51009173316838,False
B0046,1A-const-4C,cold,73,1.2719636386987183,True,4866.25,3.347714666699619,9.14555330973735,-0.00023441132068154722,408.719,10396.047,-0.0008161269967804421,6.416650213544948,107.828,4.179999999999987,82.56468380659621,False
B0046,1A-const-4C,cold,75,1.2714495345417192,True,4836.125,3.353800882166825,9.111354213090989,-0.00023736453240998795,695.11,10107.531000000003,-0.000778157696715049,6.730890866343405,180.46900000000002,4.179999999999987,82.53131268978527,False
B0046,1A-const-4C,cold,77,1.2615423884659074,True,4801.485,3.350657273692142,9.163824507961877,-0.0002415323755596278,690.297,10111.717999999999,-0.0007646210350768524,6.697960367282447,181.109,4.179999999999987,81.88822796763708,False
B0046,1A-const-4C,cold,79,1.2421201619204132,True,4760.938,3.349047830330531,9.165326915001913,-0.00024322178005442216,684.437,10123.813,-0.0007592242152989517,6.749738445970319,181.85999999999999,4.179999999999987,80.62750797159272,False
B0046,1A-const-4C,cold,81,1.2402537441669796,True,4740.907,3.3446343037059103,9.179753755489338,-0.00024560930717257897,650.531,10152.655999999999,-0.0007605156130534896,6.771157733320948,190.03099999999998,4.179999999999987,80.5063565589463,False
B0046,1A-const-4C,cold,85,1.2851130012242886,True,4914.532,3.3205030122204913,9.27415763140438,-0.00022471477180184476,372.375,10431.954,-0.0007917648476119603,6.470574650288798,88.0,4.179999999999987,83.4182246831992,False
B0046,1A-const-4C,cold,89,1.3043327841699193,True,4998.656,3.349264182688189,9.271981913108279,-0.00023086391899855276,594.812,10207.344000000001,-0.0008487795792798098,6.577040854270105,103.0,4.179999999999987,84.66580382261614,False
B0046,1A-const-4C,cold,91,1.2778639041619957,True,4890.015,3.3574536928825296,9.033984664610193,-0.00023612990102134213,797.516,10007.156000000006,-0.0007975801825806667,6.7703600521111476,199.43699999999998,4.179999999999987,82.94767710729218,False
B0046,1A-const-4C,cold,93,1.2723464591651539,True,4842.11,3.3535254761184166,9.172120651818531,-0.00023953105622529815,760.359,10046.328,-0.0008527025375098132,6.654539216076653,209.625,4.179999999999987,82.58953314175352,False
B0046,1A-const-4C,cold,95,1.2477883952768762,True,4798.281,3.347073227310051,9.093365400458568,-0.00024452371067827227,705.281,10098.905999999999,-0.0007876425545042761,6.796822593514793,185.813,4.179999999999987,80.9954397902233,False
B0046,1A-const-4C,cold,97,1.2352499196655526,True,4739.188,3.348504626898048,9.119927887302934,-0.00024579358748479894,636.766,10167.937,-0.0007936620347302098,6.757511466800241,172.671,4.179999999999987,80.18155231516563,False
B0046,1A-const-4C,cold,101,1.229251291851949,True,4733.156,3.332816913331474,9.185345552194319,-0.00024686631639180185,373.516,10432.078,-0.0008214205608318003,6.460207722208318,82.781,4.179999999999987,79.79217419645595,False
B0046,1A-const-4C,cold,103,1.223890910501634,True,4670.61,3.343773088070051,9.156968538676207,-0.00024834681409502217,625.937,10177.860000000006,-0.0007854482904309666,6.718240381568809,150.782,4.179999999999987,79.44422542040107,False
B0046,1A-const-4C,cold,105,1.205423323571373,True,4635.0,3.33676988143417,9.08775088318824,-0.00025318763853942396,611.141,10195.797,-0.0007733898871223956,6.638374967662751,166.15599999999998,4.1699999999999875,78.24547222559453,False
B0046,1A-const-4C,cold,107,1.1957824090008151,True,4615.86,3.333058450714012,9.184456763175827,-0.00025638957752243297,576.328,10229.656,-0.0007763447760553159,6.690737139560432,167.00000000000003,4.179999999999987,77.61966890944089,False
B0046,1A-const-4C,cold,109,1.1900729496698461,True,4580.75,3.330716899309493,9.215049403610458,-0.00025843958475787153,580.015,10224.922,-0.000767082837898044,6.70352621321937,152.781,4.179999999999987,77.24906106340974,False
B0046,1A-const-4C,cold,113,1.179201763233652,True,4557.406,3.3218468956700393,9.185331012909922,-0.00025586241635438075,302.828,10502.094000000001,-0.0007966111544901218,6.423271784289218,76.36,4.179999999999987,76.54339932639247,False
B0046,1A-const-4C,cold,115,1.169504032514554,True,4524.0320000000065,3.327359417043662,9.046655941616262,-0.0002602201735595488,585.797,10222.282,-0.0007759025035687413,6.715040089269777,153.51600000000002,4.179999999999987,75.91390800596214,False
B0046,1A-const-4C,cold,117,1.16772376849918,True,4502.938,3.3259632346577273,9.26195924957788,-0.00026239070684201676,582.109,10226.312,-0.0007455428128273677,6.655166119976154,146.313,4.179999999999987,75.79834893567929,False
B0046,1A-const-4C,cold,119,1.1579256145829042,True,4483.094,3.322240958381916,9.252994157098664,-0.000265791545913969,537.172,10272.780999999999,-0.0007577466271141566,6.705143247380998,139.20399999999998,4.1699999999999875,75.16233902519687,False
B0046,1A-const-4C,cold,121,1.1499812813376982,True,4448.36,3.325985699672719,9.26310734626783,-0.00026526333134848507,494.484,10308.75,-0.0007604017667694806,6.701222675393576,132.187,4.179999999999987,74.6466628356513,False
B0046,1A-const-4C,cold,125,1.150285902223034,True,4440.531,3.3114789937571287,9.331127163327569,-0.000263580123015718,256.766,10549.563,-0.0008110209596650937,6.345639078644272,65.281,4.179999999999987,74.66643614230367,False
B0046,1A-const-4C,cold,127,1.1349452274085248,True,4416.547,3.3170441017303047,9.266824205941363,-0.0002700543837443272,496.922,10307.967999999999,-0.0007634249460299416,6.711319454354056,133.06199999999998,4.179999999999987,73.67065455947825,False
B0046,1A-const-4C,cold,129,1.1380960963513609,True,4382.937,3.314496922697215,9.20992133972331,-0.00026971137746542513,513.9370000000054,10293.405999999988,-0.0007457001306176692,6.69510441104469,133.188,4.179999999999987,73.87518123780958,False
B0046,1A-const-4C,cold,131,1.123711172150547,True,4347.453,3.315933995614132,9.1721362476023,-0.00027121611996860863,468.0,10341.625,-0.000751703094435428,6.6567192736645735,125.625,4.179999999999987,72.94143857246334,False
B0046,1A-const-4C,cold,137,1.214119211354098,True,4746.5,3.2963331961890048,9.25834987796474,-0.0002437095369557356,145.031,10659.5,-0.0007551260593135116,6.21667758161382,39.125,4.179999999999987,78.80993272065464,False
B0046,1A-const-4C,cold,141,1.211944797522819,True,4679.156,3.3205927834140843,9.311634785976043,-0.0002529639604314036,442.203,10367.813,-0.0008423755664077108,6.4964825746419965,79.26599999999999,4.179999999999987,78.66878891356602,False
B0046,1A-const-4C,cold,143,1.1971248679331923,True,4596.578,3.3321448974569696,9.306501252940652,-0.0002573408816139756,594.328,10208.954000000007,-0.000812101071070048,6.762482938957261,167.359,4.179999999999987,77.70680952722493,False
B0046,1A-const-4C,cold,145,1.1822892151870987,True,4544.641,3.3300589536831566,9.361883663268088,-0.00026091390351933356,555.078,10253.828000000001,-0.0008032582135869772,6.798318635234456,151.875,4.179999999999987,76.74380953195872,False
B0046,1A-const-4C,cold,147,1.1645336676778397,True,4526.938,3.326398154149516,9.565977385225588,-0.00026578177602613114,572.578,10236.797,-0.0007899987206269755,6.9569412710521705,152.313,4.179999999999987,75.5912756691081,False
B0046,1A-const-4C,cold,149,1.1535559567518647,True,4487.438,3.324081152870965,9.613253810213061,-0.00026779836891062153,533.688,10270.25,-0.0007985637230113982,7.107086032980468,144.89100000000002,4.179999999999987,74.87869929982556,False
B0046,1A-const-4C,cold,153,1.1601987101282065,True,4513.312,3.2901896835135895,9.659706152498446,-0.0002552099350236655,286.016,10516.297,-0.0008187798764228299,6.7419337417314855,72.51499999999999,4.179999999999987,75.30988838057944,False
B0046,1A-const-4C,cold,157,1.1711716308206082,True,4568.438,3.3123680120679446,9.660074492266734,-0.00026225763050614724,303.859,10503.657,-0.0008496879789586435,6.763157429681649,72.844,4.179999999999987,76.02215381006125,False
B0046,1A-const-4C,cold,159,1.1563410270783216,True,4499.656,3.320267294029527,9.610732084606383,-0.0002688513081589628,555.968,10248.671999999999,-0.0008030054541569833,7.016422167482497,146.34400000000002,4.179999999999987,75.05948155168167,False
B0046,1A-const-4C,cold,161,1.141082456193516,True,4430.984,3.3220005581957603,9.509606751933422,-0.0002695039123742459,518.094,10288.999999999996,-0.0007989468115641218,7.001236180630474,138.87499999999997,4.179999999999987,74.06902943330714,False
B0046,1A-const-4C,cold,163,1.1352383596118123,True,4411.141,3.316995919062792,9.55376799961061,-0.00027336791146135247,494.797,10308.438,-0.0007950757261135615,6.976863529813844,147.203,4.179999999999987,73.68968212201355,False
B0046,1A-const-4C,cold,169,1.2530847858282803,True,4883.312,3.304824958917925,9.689325427035971,-0.00024234732802863842,77.828,10728.25,-0.0005450722958746373,6.159238787027183,8.25,,81.33923484684952,False
B0046,1A-const-4C,cold,173,1.2050453590356518,True,4663.907,3.3235919579934095,9.54652406934783,-0.00025439213690171695,384.625,10422.016,-0.0008921574162917791,6.720960560852659,82.828,4.179999999999987,78.22093809471808,False
B0046,1A-const-4C,cold,175,1.19119860196273,True,4581.328,3.3336764636844887,9.486110245180768,-0.00025891181229595653,609.344,10198.625,-0.0008396254834791468,7.0659729142861245,166.094,4.179999999999987,77.32212850245479,False
B0046,1A-const-4C,cold,177,1.17463817374538,True,4553.031,3.32512940887575,9.528985199683015,-0.00026582089249973563,570.329,10239.264999999998,-0.0008367250586337502,7.037250033388675,158.672,4.179999999999987,76.24717126478863,False
B0046,1A-const-4C,cold,179,1.1555432048235512,True,4486.5,3.3265245824041667,9.519831150565885,-0.0002674113657498618,544.328,10259.781,-0.0008274514460244034,7.027243610163243,150.09399999999997,4.179999999999987,75.00769395320411,False
B0046,1A-const-4C,cold,181,1.1538041170229467,True,4450.625,3.325662411014798,9.508632239069211,-0.0002677489002372207,514.188,10296.155999999999,-0.0008243620735807389,7.019240444027122,150.87499999999997,4.179999999999987,74.89480768035773,False
B0047,1A-const-4C,cold,1,1.6743047446975208,False,6436.141,3.4752664759657903,8.272422519178683,-0.00014204484354326895,,,,,,,109.32529821475984,True
B0047,1A-const-4C,cold,5,1.5243662105099023,True,5650.265,3.4765588189090355,8.210715424489035,-0.0001565731268975926,1579.969,9223.344000000001,-0.0008018988722213328,6.279191330194547,370.25000000000006,4.139999999999988,99.53492103530155,True
B0047,1A-const-4C,cold,7,1.5080762969973425,True,5590.907,3.4707669643372343,7.954455063989402,-0.00016240412385045712,1716.265,9085.812999999995,-0.0007704051664181334,6.4143510033004505,453.125,4.179999999999987,98.47125585828206,True
B0047,1A-const-4C,cold,9,1.4835577960067696,True,5543.61,3.4675514337042928,7.985864710265716,-0.00016349269540496804,1445.328,9362.36,-0.0008050742897853764,6.263927129839187,391.546,4.129999999999988,96.87029734636103,True
B0047,1A-const-4C,cold,11,1.4671391666146525,True,5499.046,3.4628386272032645,8.009426990342208,-0.00016693789914214426,1247.875,9557.812,-0.0008256115940803281,6.251469678656883,380.437,4.129999999999988,95.79822754529557,True
B0047,1A-const-4C,cold,13,1.448858156982267,True,5461.219,3.4591836330966035,8.033626730077737,-0.0001669270575497107,1156.735,9647.342999999999,-0.0008321407984609078,6.21497944169411,369.547,4.179999999999987,94.6045518801833,True
B0047,1A-const-4C,cold,17,1.4458534180949325,True,5451.281,3.440865649757287,8.150799939416203,-0.00016497071647375816,1211.375,9593.594,-0.0007973425917471374,6.092666461165559,260.75,4.179999999999987,94.40835463714517,True
B0047,1A-const-4C,cold,21,1.431118266178283,True,5468.062,3.44810227661685,8.230899786348077,-0.00016653350529989927,1552.89,9255.485,-0.000758689227222464,6.187810206471489,348.734,4.149999999999988,93.44620907635091,True
B0047,1A-const-4C,cold,23,1.4192745516578533,True,5411.297,3.4496654644975946,8.146945225413083,-0.00016698109358252817,1329.187,9475.063,-0.0007756078509229619,6.425894472599308,303.843,4.179999999999987,92.67286263149545,True
B0047,1A-const-4C,cold,25,1.3999974221808271,True,5369.703,3.4449123724079618,8.251894856354932,-0.00017009164994680897,1231.0,9571.406000000003,-0.0007761217539130041,6.331701988672408,349.609,4.129999999999988,91.41414438711683,True
B0047,1A-const-4C,cold,27,1.3885156686114437,True,5327.406,3.441830864370845,8.23497518866995,-0.0001697968650354017,1169.5,9633.703,-0.0007728932313828723,6.3539127187662245,238.68699999999998,4.1699999999999875,90.66443252195218,True
B0047,1A-const-4C,cold,29,1.3652234669528964,True,5299.266,3.434468178084287,8.269239827690175,-0.00017395878758017877,949.563,9856.516,-0.0007950701336343729,6.299383558313136,267.28200000000004,4.1699999999999875,89.14354637475378,True
B0047,1A-const-4C,cold,33,1.4060442272970963,True,5367.172,3.430115214310407,8.236583239584068,-0.0001634288111713672,1174.047,9629.594,-0.0007371874408717448,6.119106088844921,167.625,4.159999999999988,91.80897619696283,True
B0047,1A-const-4C,cold,37,1.4057541613525781,True,5406.812,3.442078085056046,8.16126508624072,-0.00016499149564155774,870.203,9934.922,-0.0008645020944484837,6.2442139643198535,242.67199999999997,4.149999999999988,91.79003606913555,True
B0047,1A-const-4C,cold,39,1.3867662881727878,True,5353.094,3.4424678812268277,8.25301239256121,-0.00016787165324082628,870.234,9935.968999999994,-0.0008500138239332966,6.3266519915760115,292.218,4.129999999999988,90.55020508590576,True
B0047,1A-const-4C,cold,41,1.3705053061420223,True,5280.031,3.433855142547628,8.291638340695691,-0.00017373112561324238,805.562,10001.454,-0.0008430922768574531,6.34182636437102,272.641,4.129999999999988,89.48842901711761,True
B0047,1A-const-4C,cold,43,1.3497431114823601,True,5248.593,3.4327517306039357,8.318107121376224,-0.00017052150710882203,856.172,9947.280999999999,-0.000813572711009467,6.363038788567033,246.64,4.179999999999987,88.1327420491693,True
B0047,1A-const-4C,cold,45,1.3251533367939783,True,5203.375,3.4273855541261473,8.303021352537922,-0.00017243560375272617,890.531,9917.280999999999,-0.0007895206735319539,6.27526016076628,234.203,4.149999999999988,86.52712965432015,True
B0047,1A-const-4C,cold,49,1.3111943869635805,True,5166.812,3.4184685184601045,8.32601397527908,-0.0001723170527646195,608.641,10196.375,-0.0008207825023777879,6.07211429174397,137.703,4.179999999999987,85.61566693655259,True
B0047,1A-const-4C,cold,53,1.3394234405932892,True,5340.281,3.4156755122328164,8.388106987601862,-0.0001644604274185415,330.079,10472.546,-0.0004955112756429574,5.637368513245537,82.61000000000001,4.179999999999987,87.45890946224101,True
B0047,1A-const-4C,cold,55,1.2849157142560723,True,5103.0,3.4189443106786306,8.304841644444155,-0.00017180887167511156,849.516,9959.297,-0.0007602077506622589,6.134010914344963,182.219,4.179999999999987,83.89977636195147,True
B0047,1A-const-4C,cold,57,1.281719159327807,True,5051.172,3.4147835574863517,8.319029412369582,-0.000174482594395855,811.719,9993.109,-0.0007650370474154553,6.2541368729785685,210.875,4.129999999999988,83.69105431066468,True
B0047,1A-const-4C,cold,61,1.2600051642942829,True,5027.563,3.409591730169167,8.40175592495139,-0.0001707832606072579,481.89,10326.469000000001,-0.0008077865304234294,6.056088458175721,112.11,4.179999999999987,82.27321864485063,True
B0047,1A-const-4C,cold,63,1.266070385993126,True,4993.765,3.4076452403509663,8.395347720509115,-0.000177840859931054,604.828,10203.922,-0.0007931460888042425,6.210243729854372,177.59400000000002,4.119999999999989,82.66925298272407,True
B0047,1A-const-4C,cold,65,1.2413590294280803,True,4962.469,3.407201115194828,8.419292173692186,-0.0001758040626955599,834.313,9974.187,-0.0007356156135279839,6.182640696176797,163.609,4.179999999999987,81.05570178523706,True
B0047,1A-const-4C,cold,67,1.2298873703485311,True,4907.859,3.402851724115477,8.293327119939335,-0.00017775544415034707,711.109,10097.672,-0.0007543300118787065,6.136272149551929,185.73399999999998,4.179999999999987,80.3066490492512,True
B0047,1A-const-4C,cold,69,1.228088614506696,True,4888.656,3.398740761774466,8.49190236531868,-0.00017963972007190626,541.141,10263.562,-0.0007831934936549617,6.1415015288086625,165.578,4.159999999999988,80.18919759995744,True
B0047,1A-const-4C,cold,73,1.2139857189070042,True,4866.25,3.3945066004903923,8.437149776270967,-0.00017647125675914624,297.781,10506.984999999999,-0.0008065422324556157,5.997352917884704,100.125,4.179999999999987,79.26833580821327,True
B0047,1A-const-4C,cold,75,1.2173435064564189,True,4836.125,3.39192930556013,8.429621946088576,-0.00018483350035801446,450.063,10352.578000000003,-0.0007973049848642908,6.143440569877446,152.109,4.179999999999987,79.48758569467755,True
B0047,1A-const-4C,cold,77,1.2073445944515917,True,4801.485,3.39128980672992,8.46306110156025,-0.00018538854756479112,458.89,10343.125,-0.000787103879140606,6.137450498889958,123.516,4.179999999999987,78.83469735985513,True
B0047,1A-const-4C,cold,79,1.18804049227045,True,4760.938,3.3932667889977313,8.459204966688853,-0.0001823401146119976,490.343,10317.907,-0.000772886602008067,6.169863059975235,124.297,4.179999999999987,77.57421790747037,True
B0047,1A-const-4C,cold,81,1.186304749886542,True,4740.907,3.3838600818009588,8.493224799915222,-0.00018909808479442385,447.641,10355.546,-0.0007735933652938685,6.186961067003751,131.969,4.159999999999988,77.46088098099644,True
B0047,1A-const-4C,cold,85,1.2613935471028506,True,4914.532,3.3866520851320576,8.466232868159803,-0.00018182662255927432,281.688,10522.641,-0.0007845925871928865,6.077535332475139,87.65599999999999,4.179999999999987,82.36387440215145,True
B0047,1A-const-4C,cold,89,1.2648246158850653,True,4998.656,3.402095154295076,8.553128334903379,-0.00018073990523202548,406.406,10395.75,-0.0008693598756377216,6.214979525051872,109.89,4.179999999999987,82.58790925542348,True
B0047,1A-const-4C,cold,91,1.2466494548982199,True,4890.015,3.404625504614091,8.342818484380935,-0.0001862601698037413,584.734,10219.938000000006,-0.0008276562976422708,6.25424790528249,155.422,4.179999999999987,81.4011450768706,True
B0047,1A-const-4C,cold,93,1.2333924152795082,True,4842.11,3.3977378433240313,8.481468325698998,-0.0001901312498800726,571.64,10235.047,-0.0008812338570667921,6.153767266905195,159.719,4.179999999999987,80.53551424452033,True
B0047,1A-const-4C,cold,95,1.2129250072037692,True,4798.281,3.39454078926717,8.425193812256257,-0.00018986204689363704,507.671,10296.516,-0.0008151712750254875,6.281815961969939,141.735,4.179999999999987,79.19907564297553,True
B0047,1A-const-4C,cold,97,1.1999106597943647,True,4739.188,3.397135252361952,8.471726206300676,-0.0001886015579686761,452.719,10351.984,-0.0008124123412675959,6.263763451563647,150.70399999999998,4.179999999999987,78.34929162599201,True
B0047,1A-const-4C,cold,101,1.1902559038393383,True,4733.156,3.384557786350807,8.510483818712029,-0.00018875378718319875,273.86,10531.733999999999,-0.0008229466479827784,6.161638305944064,82.328,4.179999999999987,77.71887528313881,True
B0047,1A-const-4C,cold,103,1.1892563795455853,True,4670.61,3.38207924956575,8.530222967717657,-0.00020246979290100393,401.25,10402.547000000006,-0.0008144223102746101,6.232245784277484,121.063,4.179999999999987,77.6536104071755,True
B0047,1A-const-4C,cold,105,1.167069685125939,True,4635.0,3.3808097620789024,8.420605358837513,-0.00019871113915939623,456.063,10350.875,-0.0007909996709103026,6.173880396365787,121.453,4.179999999999987,76.20490939171862,True
B0047,1A-const-4C,cold,107,1.1615348403090369,True,4615.86,3.382026759648077,8.51215713252602,-0.000195259707175886,412.156,10393.828,-0.000793877064221788,6.197936764800582,137.016,4.179999999999987,75.84350650965872,True
B0047,1A-const-4C,cold,109,1.1555563844349988,True,4580.75,3.376424700878435,8.54602737861718,-0.0002008139437107033,376.297,10428.64,-0.0007943279466600634,6.177861019167903,122.578,4.179999999999987,75.45313762767178,True
B0047,1A-const-4C,cold,113,1.1488524666097713,True,4557.406,3.3729563491800936,8.4485741292899,-0.0001969423049845829,224.187,10580.735,-0.0008003616870540263,6.052272625093543,76.125,4.179999999999987,75.01539902735345,True
B0047,1A-const-4C,cold,115,1.143572986788779,True,4524.0320000000065,3.37864248825242,8.334392904335672,-0.00019704177048936799,445.5,10362.579,-0.0007921754324273228,6.1797729359692415,121.54700000000001,4.179999999999987,74.67067044214414,True
B0047,1A-const-4C,cold,117,1.1418015379428537,True,4502.938,3.370172138170829,8.548983420432004,-0.0002085752817527181,582.109,10226.312,-0.0007323896094178752,6.103318574823602,123.73400000000001,4.179999999999987,74.55500202875268,True
B0047,1A-const-4C,cold,119,1.136058647502255,True,4483.094,3.367920943746027,8.545644001542279,-0.00021033499280463433,498.016,10311.937,-0.0007541697222245295,6.162003682485233,101.17199999999998,4.179999999999987,74.1800146126198,True
B0047,1A-const-4C,cold,121,1.1236364680969286,True,4448.36,3.3731133787458685,8.530684068571668,-0.00020720845009036725,406.75,10396.484,-0.0007725956702140566,6.139935537789659,116.703,4.159999999999988,73.36889676070814,True
B0047,1A-const-4C,cold,125,1.1320498900328944,True,4440.531,3.3570684734893477,8.5880890540764,-0.00021543119177510185,281.704,10524.625,-0.0007987841601017335,5.958012668187539,65.235,4.179999999999987,73.9182590348515,True
B0047,1A-const-4C,cold,127,1.1170101762158153,True,4416.547,3.3691516897861753,8.520717953543993,-0.00020854930476386097,401.031,10403.858999999999,-0.0007774302958541266,6.1876868228180575,102.10900000000001,4.179999999999987,72.93622681919662,True
B0047,1A-const-4C,cold,129,1.120043039721982,True,4382.937,3.3578225461504885,8.509426489984776,-0.00022032210518135094,401.73399999999674,10405.608999999997,-0.0007630534230760514,6.165450652648644,110.11,4.179999999999987,73.13426048559242,True
B0047,1A-const-4C,cold,131,1.1059773445917063,True,4347.453,3.3676285575809373,8.454153696786289,-0.00021009168646792892,387.515,10422.11,-0.0007687941396212363,6.181352215855617,102.54700000000001,4.179999999999987,72.21582773337974,True
B0047,1A-const-4C,cold,137,1.1907902374762016,True,4746.5,3.372493003925355,8.476574571858773,-0.00018573257882366205,136.73399999999998,10667.797,-0.0007486783442669869,5.951243456342401,39.125,4.179999999999987,77.75376509897505,True
B0047,1A-const-4C,cold,141,1.2012387088454022,True,4679.156,3.382136756328252,8.567006275916873,-0.00020267110882973003,296.313,10513.703,-0.0008734419293975949,6.161768674885032,87.0,4.179999999999987,78.43600783402303,True
B0047,1A-const-4C,cold,143,1.1906909549024802,True,4596.578,3.383822718764627,8.607327084258758,-0.00021270542065750733,464.735,10338.547000000006,-0.0008483360806252407,6.300888286646537,135.797,4.179999999999987,77.74728235023174,True
B0047,1A-const-4C,cold,145,1.1764375730308343,True,4544.641,3.3860339727551585,8.707959029152644,-0.00020930500119338433,465.703,10343.203000000001,-0.0008329480770182165,6.34246249083163,128.313,4.179999999999987,76.81659441625706,True
B0047,1A-const-4C,cold,147,1.1628110372792353,True,4526.938,3.3841395923852935,9.003534328496398,-0.00021274066315819212,474.594,10334.781,-0.0008234470573332076,6.519920784198943,136.453,4.179999999999987,75.92683698745232,True
B0047,1A-const-4C,cold,149,1.1516152840582585,True,4487.438,3.3827771801616175,9.02852617906244,-0.00021320994110320818,460.0,10343.938,-0.000825089809759028,6.685385595686235,145.0,4.179999999999987,75.19579978320473,True
B0047,1A-const-4C,cold,153,1.1583673498348623,True,4513.312,3.364536091766799,9.027729535660669,-0.0002076366361389133,236.688,10565.625,-0.0008411625594691929,6.471483297343151,72.40599999999999,4.179999999999987,75.63668224915403,True
B0047,1A-const-4C,cold,157,1.1692285288386206,True,4568.438,3.3787603150369994,9.071608131387514,-0.00020555781977227305,229.594,10577.922,-0.0008720621835511509,6.459661963696386,72.67200000000001,4.179999999999987,76.34587311617526,True
B0047,1A-const-4C,cold,159,1.1588148476218465,True,4499.656,3.38042492580436,9.050284055951,-0.0002140667905589489,432.468,10372.171999999999,-0.0008429657012843614,6.611256213114639,122.172,4.179999999999987,75.66590203675091,True
B0047,1A-const-4C,cold,161,1.1439588147705457,True,4430.984,3.3757552328187086,8.986064263951343,-0.00022139996497247364,543.0,10264.093999999997,-0.0008027729479566142,6.617375950755113,122.64099999999999,4.179999999999987,74.69586344198473,True
B0047,1A-const-4C,cold,163,1.1383941068159398,True,4411.141,3.374465176072899,9.036875447987502,-0.00022005944316022205,444.61,10358.625,-0.0008208534480217681,6.638917985005954,131.094,4.159999999999988,74.33251061834734,True
B0047,1A-const-4C,cold,169,1.2213102850395667,True,4883.312,3.3850807989789575,9.095394308322597,-0.00018077761838409352,60.938,10745.14,-0.0005248260987787023,5.94521986066383,0.0,,79.74660022170914,True
B0047,1A-const-4C,cold,173,1.2031062978889062,True,4663.907,3.3900890450634233,9.009063913586548,-0.0002051226280768514,317.703,10488.938,-0.0009145452911093767,6.477533347727088,82.703,4.179999999999987,78.55795381176114,True
B0047,1A-const-4C,cold,175,1.1897147112197684,True,4581.328,3.3919885847746993,8.958051495293551,-0.0002122501922053609,542.657,10265.312,-0.0008712750751223098,6.7018805629691025,158.10999999999999,4.179999999999987,77.68353760359541,True
B0047,1A-const-4C,cold,177,1.177422568842014,True,4553.031,3.386239960829826,8.972563208541265,-0.00021377749514518826,520.422,10289.171999999997,-0.0008657125832370375,6.672631498720137,142.344,4.179999999999987,76.88091064132811,True
B0047,1A-const-4C,cold,179,1.158443027293818,True,4486.5,3.383817098626054,9.037146843138395,-0.00021849440866313915,486.187,10317.922,-0.0008579702179665685,6.67664074597477,133.86,4.179999999999987,75.64162367979542,True
B0047,1A-const-4C,cold,181,1.1567087516841796,True,4450.625,3.3818846696550433,9.009035929017505,-0.0002180582328193529,454.688,10355.655999999999,-0.0008559352860123114,6.677614025426833,150.953,4.179999999999987,75.52838252772275,True
B0048,1A-const-4C,cold,1,1.6579955793677608,False,6436.141,3.4658606296374312,7.9114909421254485,-0.00012148322652136028,,,,,,,109.01038013798185,True
B0048,1A-const-4C,cold,5,1.5076933476098775,True,5650.265,3.4593246298099665,7.958927971485882,-0.00014106623454456118,1152.047,9651.266,-0.000820444451980593,6.2965209986717054,286.10999999999996,4.159999999999988,99.12826487579173,True
B0048,1A-const-4C,cold,7,1.4989223343608031,True,5590.907,3.4552294701778714,7.708927821830712,-0.00014707971200009294,1092.843,9709.234999999993,-0.0008368724355915588,6.3744679399204465,351.688,4.129999999999988,98.55158572153158,True
B0048,1A-const-4C,cold,9,1.4782919502497789,True,5543.61,3.4575807060974952,7.711890755969547,-0.00014387010512630346,1155.36,9652.328,-0.0008031781208200017,6.219720143336932,314.922,4.179999999999987,97.19517316994147,True
B0048,1A-const-4C,cold,11,1.461856891390611,True,5499.046,3.457640385589739,7.733691649876036,-0.0001442537998085577,1038.312,9767.375,-0.0008146221763912829,6.224278231864829,303.75000000000006,4.149999999999988,96.11459609475338,True
B0048,1A-const-4C,cold,13,1.4509592706473475,True,5461.219,3.454056999646405,7.713793706750157,-0.00014551863408591482,908.156,9895.921999999999,-0.0008330546731212826,6.177661581511132,292.141,4.129999999999988,95.39809612659562,True
B0048,1A-const-4C,cold,17,1.451746997147108,True,5451.281,3.436367401137892,7.8513931260036465,-0.00014555426967227583,723.875,10081.094,-0.0008503426672866567,6.13445997369103,214.59300000000002,4.179999999999987,95.44988779977753,True
B0048,1A-const-4C,cold,21,1.444392866287476,True,5468.062,3.4466304878843594,7.905320525605018,-0.00014530803946104348,791.906,10016.469000000001,-0.0008585392125649799,6.240577865434656,227.53099999999998,4.179999999999987,94.96636624485357,True
B0048,1A-const-4C,cold,23,1.432738323965376,True,5411.297,3.4469353939775913,7.847675607740912,-0.00014801523851430023,819.359,9984.891,-0.0008427699900017695,6.392062363167433,270.609,4.179999999999987,94.2000999744991,True
B0048,1A-const-4C,cold,25,1.417241201438662,True,5369.703,3.4438356242957933,7.926506175979814,-0.00015018270085500205,892.531,9909.875000000004,-0.0008056211529688925,6.3182097871026315,237.765,4.179999999999987,93.18119061267429,True
B0048,1A-const-4C,cold,27,1.4057559944573452,True,5327.406,3.4417182002819104,7.937097401174621,-0.00015028575523837035,751.656,10051.546999999999,-0.000829720212868342,6.365623824830258,219.063,4.179999999999987,92.42605785202231,True
B0048,1A-const-4C,cold,29,1.3902706269897063,True,5299.266,3.439456123966976,7.9661274485105595,-0.0001501055698957879,814.985,9991.094,-0.0007949596219467755,6.307113625263795,207.36,4.179999999999987,91.40792136527283,True
B0048,1A-const-4C,cold,33,1.4196659307880326,True,5367.172,3.4300387550398135,7.886742523689043,-0.00014219827636696554,639.0,10164.641,-0.0008044164719161154,6.194182411828719,140.422,4.179999999999987,93.34061242983461,True
B0048,1A-const-4C,cold,37,1.4190563985232272,True,5406.812,3.442487347026378,7.810373532807223,-0.00014271651520135758,795.922,10009.203,-0.0008362838317825986,6.243053379514654,181.516,4.159999999999988,93.30053672353019,True
B0048,1A-const-4C,cold,39,1.404272356704056,True,5353.094,3.4434500367152183,7.869709498966687,-0.00014580316138997247,795.218,10010.984999999993,-0.0008326675884429401,6.307691702328014,231.375,4.149999999999988,92.32851120142462,True
B0048,1A-const-4C,cold,41,1.3916140490958342,True,5280.031,3.4369770767738053,7.873285917762758,-0.00015143899560408,730.062,10076.954,-0.0008283189769988506,6.298423707015873,218.5,4.149999999999988,91.4962490763338,True
B0048,1A-const-4C,cold,43,1.3749618350294734,True,5248.593,3.4351167375068576,7.888295790156799,-0.00015016579471749064,773.969,10029.484,-0.0008074498673874115,6.306572886830282,199.016,4.179999999999987,90.40139441682666,True
B0048,1A-const-4C,cold,45,1.3545155713071164,True,5203.375,3.4352880614818906,7.90514873318139,-0.00014792024883784698,723.797,10084.015,-0.0008008575068147808,6.255739704256568,186.42199999999997,4.179999999999987,89.05708746660821,True
B0048,1A-const-4C,cold,49,1.3440223073315984,True,5166.812,3.426473499744202,7.9278743808781424,-0.000149096831619138,546.797,10258.219,-0.0008129330472265945,6.12940383008474,123.60900000000001,4.179999999999987,88.36717326593488,True
B0048,1A-const-4C,cold,53,1.372384475860572,True,5340.281,3.4231723044699156,7.950376644939932,-0.00014455097298125954,209.36,10593.265,-0.0005234576301253371,5.77666418734673,68.922,4.179999999999987,90.23193744947987,True
B0048,1A-const-4C,cold,55,1.3184105752674413,True,5103.0,3.428797713311107,7.891054732187375,-0.0001480165320818977,589.078,10219.735,-0.0007998087613306466,6.143803873510025,147.265,4.179999999999987,86.68324558660383,True
B0048,1A-const-4C,cold,57,1.3112727599578604,True,5051.172,3.4246615589655964,7.911933312913009,-0.0001518476677252321,562.984,10241.844,-0.0007965568022012117,6.248185625931543,147.656,4.179999999999987,86.21394640997464,True
B0048,1A-const-4C,cold,61,1.2970172419001187,True,5027.563,3.420260120001828,7.9731250548171255,-0.00014832168274041626,297.672,10510.687,-0.0008272291047270045,6.104261408189349,83.812,4.179999999999987,85.27667042330954,True
B0048,1A-const-4C,cold,63,1.2995219526631718,True,4993.765,3.4176468335228454,7.988820643678426,-0.00015673139937915544,497.328,10311.422,-0.0007998163851900643,6.218565239763762,141.828,4.159999999999988,85.44135088193914,True
B0048,1A-const-4C,cold,65,1.2826154066729571,True,4962.469,3.4172601086559014,7.990220402102304,-0.00015492162227369322,504.875,10303.625,-0.0007974835699458086,6.209034746463636,135.172,4.179999999999987,84.32977433243086,True
B0048,1A-const-4C,cold,67,1.2752890152407,True,4907.859,3.4115448650857543,7.882690956878554,-0.0001592588694083351,429.515,10379.266000000001,-0.0008005994750596483,6.156961681908259,135.64100000000002,4.129999999999988,83.84807659752221,True
B0048,1A-const-4C,cold,69,1.2735572473264072,True,4888.656,3.4065891490442124,8.054682377673142,-0.0001630510365698604,417.937,10386.766,-0.0007977738846068757,6.155024052570902,136.60999999999999,4.129999999999988,83.73421581224811,True
B0048,1A-const-4C,cold,73,1.2594114333938535,True,4866.25,3.404850768576602,7.989516678064296,-0.00015772298359368432,254.062,10550.704,-0.0008058952413406189,6.052446004740521,92.89099999999999,4.179999999999987,82.80415268461489,True
B0048,1A-const-4C,cold,75,1.2631632585495876,True,4836.125,3.4037388246513496,8.031961049301984,-0.00016651137539124884,377.422,10425.219000000003,-0.0008033463130382158,6.165805632884588,130.234,4.179999999999987,83.0508287864859,True
B0048,1A-const-4C,cold,77,1.2491717310136363,True,4801.485,3.4068285577090975,8.043229181254354,-0.0001635227867867905,393.187,10408.828,-0.0007976611983329374,6.1758141633684644,108.92200000000001,4.179999999999987,82.13090972615481,True
B0048,1A-const-4C,cold,79,1.233984347835307,True,4760.938,3.4086789774100317,8.03181115051043,-0.0001611062215914619,402.406,10405.844,-0.000791188540437583,6.214724990741327,109.594,4.179999999999987,81.13236519794673,True
B0048,1A-const-4C,cold,81,1.240031992028868,True,4740.907,3.3973450050321667,8.097013437245895,-0.0001721173515712461,403.812,10399.375,-0.0007808448906406168,6.21387387432846,116.98400000000001,4.179999999999987,81.52998748396678,True
B0048,1A-const-4C,cold,85,1.30370857198071,True,4914.532,3.3993392010348766,8.022533123805395,-0.0001616692945617383,237.594,10566.735,-0.0007896078549538291,6.148250886842844,80.234,4.179999999999987,85.71661395801554,True
B0048,1A-const-4C,cold,89,1.315055963470538,True,4998.656,3.4116534333763227,8.108172025448226,-0.0001621174579660737,318.203,10483.953000000001,-0.0008742933996383878,6.215788018866588,94.96800000000002,4.179999999999987,86.46268558527063,True
B0048,1A-const-4C,cold,91,1.2888738300982074,True,4890.015,3.417645007960136,7.8977220071348055,-0.00016417029320380712,518.547,10286.125000000005,-0.0008401173583493449,6.233387891256791,140.85899999999998,4.179999999999987,84.74125499326057,True
B0048,1A-const-4C,cold,93,1.2877137595885193,True,4842.11,3.4079105797438367,8.04149350152151,-0.00017471253189705758,521.672,10285.015,-0.0008918932622734753,6.1420270749646155,143.047,4.179999999999987,84.66498233679415,True
B0048,1A-const-4C,cold,95,1.2673379985315463,True,4798.281,3.407164499269472,7.954120438181095,-0.00017159814029491234,492.875,10311.312,-0.0008232237373095528,6.275446724240284,134.29699999999997,4.179999999999987,83.32531081651886,True
B0048,1A-const-4C,cold,97,1.250594345697306,True,4739.188,3.411264697940678,7.99745058769299,-0.00017083823760747952,407.5,10397.203,-0.0008271685862254163,6.230721669165233,143.39000000000001,4.179999999999987,82.22444421405486,True
B0048,1A-const-4C,cold,101,1.2487131179395878,True,4733.156,3.399055092260418,8.033089769228212,-0.00017266568540015464,220.735,10584.858999999999,-0.0008370504421297566,6.169239943192279,67.25,4.179999999999987,82.10075669911396,True
B0048,1A-const-4C,cold,103,1.248002326082933,True,4670.61,3.397998613644679,8.032822875095608,-0.000184457469783175,363.625,10440.172000000006,-0.0008292056517410112,6.200622472917794,113.454,4.179999999999987,82.0540233474349,True
B0048,1A-const-4C,cold,105,1.2300895244599586,True,4635.0,3.3968749308721438,7.971994643634386,-0.00018185117115292058,418.297,10388.641,-0.0008101163478770391,6.163420195663021,114.0,4.179999999999987,80.87628720714838,True
B0048,1A-const-4C,cold,107,1.2244197121500935,True,4615.86,3.3949285391136215,7.985840586212385,-0.00018216457492815815,381.765,10424.219000000001,-0.0008099730230141798,6.177416890767323,129.45299999999997,4.179999999999987,80.50350672274861,True
B0048,1A-const-4C,cold,109,1.2186682845116386,True,4580.75,3.3923053503439844,8.055923800450703,-0.00018662734634258024,353.484,10451.453,-0.0008114856943214956,6.158659545632484,122.578,4.179999999999987,80.12536016976254,True
B0048,1A-const-4C,cold,113,1.2037865236033616,True,4557.406,3.393507466288284,7.982156595851859,-0.00017722201690695592,208.906,10596.016,-0.000810999861457916,6.106804252908498,68.453,4.179999999999987,79.14690978429621,True
B0048,1A-const-4C,cold,115,1.1947642300832226,True,4524.0320000000065,3.397997936501643,7.842796481143621,-0.00017803619377848717,389.297,10418.782,-0.000818850543411846,6.212888530650942,113.375,4.179999999999987,78.5537093809985,True
B0048,1A-const-4C,cold,117,1.2052091893871497,True,4502.938,3.3882925257712975,8.079939832789865,-0.00019289402236523598,372.015,10436.406,-0.0007931459145284704,6.150962094235528,108.297,4.179999999999987,79.24044763194186,True
B0048,1A-const-4C,cold,119,1.1955746593628465,True,4483.094,3.3877256181336417,8.064765751727982,-0.0001919511111917469,349.953,10460.0,-0.0008068224047904245,6.191354250383185,101.17199999999998,4.179999999999987,78.60699372321636,True
B0048,1A-const-4C,cold,121,1.1888497102149884,True,4448.36,3.3892443793813447,8.047690080561159,-0.00019367365428518248,328.344,10474.890000000001,-0.0008036090142981554,6.157237384993867,116.96799999999999,4.179999999999987,78.16483979220519,True
B0048,1A-const-4C,cold,125,1.1915605250807406,True,4440.531,3.379247569665043,8.077528255423264,-0.00019535489296567448,174.047,10632.282,-0.0008359738018532107,6.044221254912429,65.188,4.179999999999987,78.34307124389099,True
B0048,1A-const-4C,cold,127,1.1726587153109655,True,4416.547,3.3916390352444328,7.993540199499143,-0.0001878110793639166,362.109,10442.780999999999,-0.0008050444594681264,6.209757516721622,109.953,4.179999999999987,77.10030950559688,True
B0048,1A-const-4C,cold,129,1.1841133872494156,True,4382.937,3.3795641863547807,7.973181959906697,-0.0002022625711150649,362.734,10444.608999999993,-0.0007887949051413452,6.182647800536291,102.48400000000001,4.179999999999987,77.8534346392854,True
B0048,1A-const-4C,cold,131,1.1576825122317769,True,4347.453,3.3905357196785717,7.915947250994455,-0.00019019249242937662,356.171,10453.454,-0.0007957874584723228,6.176741115724748,102.42199999999998,4.179999999999987,76.11564970854936,True
B0048,1A-const-4C,cold,137,1.259355851168598,True,4746.5,3.3909861606032004,7.938268366482139,-0.00017175954653023812,113.062,10691.469000000001,-0.0007589561934095098,5.974454974933156,31.266,4.179999999999987,82.8004982481499,True
B0048,1A-const-4C,cold,141,1.265883375278026,True,4679.156,3.3970417211274984,8.024531067354474,-0.00018786806068427314,264.5,10545.516,-0.0008892618198845251,6.197455444603273,79.0,4.179999999999987,83.2296718197706,True
B0048,1A-const-4C,cold,143,1.2472598673184119,True,4596.578,3.4053897793262036,8.026701986317695,-0.0001901513479089355,480.641,10322.641000000007,-0.0008596078941657382,6.265801264268585,127.828,4.179999999999987,82.00520795060008,True
B0048,1A-const-4C,cold,145,1.232808747256218,True,4544.641,3.4044637089502996,8.083086131954136,-0.00019191382307058054,457.703,10351.203000000001,-0.0008512457597521472,6.306161200693953,128.32899999999998,4.179999999999987,81.05507146591772,True
B0048,1A-const-4C,cold,147,1.2319592783041904,True,4526.938,3.40066115678775,8.282945581406354,-0.0001978182831690658,466.625,10342.75,-0.000842634798573215,6.42349247734769,136.453,4.179999999999987,80.99922033185665,True
B0048,1A-const-4C,cold,149,1.220785786262778,True,4487.438,3.399557901522936,8.296254318972048,-0.00019878499909981606,436.047,10367.891,-0.0008519234272283976,6.544717021926582,136.906,4.179999999999987,80.26458229659268,True
B0048,1A-const-4C,cold,153,1.2275441303266783,True,4513.312,3.3869933616946555,8.280354632475289,-0.00019111046034606108,228.61,10573.703,-0.0008580278405264463,6.380681752178513,72.40599999999999,4.179999999999987,80.7089318863485,True
B0048,1A-const-4C,cold,157,1.2386788414290355,True,4568.438,3.3947531020283486,8.346898191755683,-0.00019374317737195907,229.594,10577.922,-0.0008850251081037279,6.392989219416148,72.67200000000001,4.179999999999987,81.44102014104543,True
B0048,1A-const-4C,cold,159,1.2283577755407058,True,4499.656,3.3979955411966936,8.337878264565942,-0.00020053317438338048,456.781,10347.858999999999,-0.00085908522810572,6.489220928460208,130.328,4.179999999999987,80.76242767076575,True
B0048,1A-const-4C,cold,161,1.2095481507570451,True,4430.984,3.399587991995103,8.259622932500356,-0.00020086414213233317,452.156,10354.937999999996,-0.0008534043930927754,6.50944425784203,122.578,4.179999999999987,79.52572693800411,True
B0048,1A-const-4C,cold,163,1.2082142070681048,True,4411.141,3.3951186218431086,8.290496900072908,-0.00020541309974213482,444.61,10358.625,-0.000842989829735332,6.505367854479263,131.094,4.159999999999988,79.43802241669924,True
B0048,1A-const-4C,cold,169,1.2998734542832147,True,4883.312,3.402660754515897,8.321321846834685,-0.0001719751928287731,43.969,10762.109,-0.0005274970716102367,5.980144152375998,0.0,,85.46446151365421,True
B0048,1A-const-4C,cold,173,1.2691220651743778,True,4663.907,3.409317486730915,8.23807744072398,-0.0001862486350276149,276.219,10530.422,-0.0009391553297975675,6.3823480707327755,90.921,4.179999999999987,83.44261015395179,True
B0048,1A-const-4C,cold,175,1.2555144634690785,True,4581.328,3.4133709426845624,8.189029507624946,-0.00019196319878672977,534.407,10273.562,-0.0008966884378883597,6.561401825014008,141.50000000000003,4.179999999999987,82.54793356185462,True
B0048,1A-const-4C,cold,177,1.2519876926897657,True,4553.031,3.4068009615962724,8.234868029314756,-0.0001977280727625961,520.422,10289.171999999997,-0.0008921879595738686,6.561808915821579,142.344,4.179999999999987,82.31605440120026,True
B0048,1A-const-4C,cold,179,1.2374982003019996,True,4486.5,3.406169063274703,8.238279702155017,-0.0002018199715050029,502.796,10301.313,-0.0008844147879484533,6.545066489587461,142.078,4.179999999999987,81.36339500159012,True
B0048,1A-const-4C,cold,181,1.2231273969878986,True,4450.625,3.406745720524415,8.219372551773532,-0.00019999032625902684,463.094,10347.25,-0.000885629105818319,6.5467817468184775,150.922,4.179999999999987,80.41853920604228,True
