setting,stage,seed,test_battery,cycle,y_true,y_pred
TD-All,pre_refit,42,B0005,2,100.80760884947765,102.474556
TD-All,pre_refit,42,B0005,4,100.25590968770103,101.71868
TD-All,pre_refit,42,B0005,6,99.65979925247206,101.78968
TD-All,pre_refit,42,B0005,8,99.65509323788856,101.336205
TD-All,pre_refit,42,B0005,10,99.6215889724607,101.2327
TD-All,pre_refit,42,B0005,12,99.67676620535396,101.63587
TD-All,pre_refit,42,B0005,14,99.64877352944652,101.52153
TD-All,pre_refit,42,B0005,16,99.13892996732449,100.701355
TD-All,pre_refit,42,B0005,18,99.08555627584838,100.15499
TD-All,pre_refit,42,B0005,20,99.0768365083485,100.0521
TD-All,pre_refit,42,B0005,22,99.07717774099622,99.47556
TD-All,pre_refit,42,B0005,25,98.5114992237362,99.402855
TD-All,pre_refit,42,B0005,27,98.4870761948254,98.7254
TD-All,pre_refit,42,B0005,29,98.47015265835132,98.785225
TD-All,pre_refit,42,B0005,31,97.88140357167902,98.83134
TD-All,pre_refit,42,B0005,33,97.85473656745688,98.343544
TD-All,pre_refit,42,B0005,35,97.88039886599036,97.78212
TD-All,pre_refit,42,B0005,37,97.9069415267384,97.25223
TD-All,pre_refit,42,B0005,39,97.89115702988882,97.18936
TD-All,pre_refit,42,B0005,42,100.29385168145046,100.834045
TD-All,pre_refit,42,B0005,46,100.31510023136114,99.68824
TD-All,pre_refit,42,B0005,50,99.70477213786135,99.845375
TD-All,pre_refit,42,B0005,54,99.1402308374376,99.51777
TD-All,pre_refit,42,B0005,58,99.10400696359169,99.75732
TD-All,pre_refit,42,B0005,62,99.12941188644592,98.03403
TD-All,pre_refit,42,B0005,66,98.50222430381568,98.5422
TD-All,pre_refit,42,B0005,70,98.5423014565286,97.947266
TD-All,pre_refit,42,B0005,74,98.49887187571204,97.69099
TD-All,pre_refit,42,B0005,78,97.89050762402466,98.092575
TD-All,pre_refit,42,B0005,82,97.96171552529285,97.56501
TD-All,pre_refit,42,B0005,86,100.55321959197046,99.67677
TD-All,pre_refit,42,B0005,90,99.4075559707276,98.40256
TD-All,pre_refit,42,B0005,94,98.82112827769676,98.187996
TD-All,pre_refit,42,B0005,98,98.2457556393358,98.17047
TD-All,pre_refit,42,B0005,102,97.99065016377766,97.55526
TD-All,pre_refit,42,B0005,106,97.7065060215613,97.55831
TD-All,pre_refit,42,B0005,110,97.11279694879056,97.52739
TD-All,pre_refit,42,B0005,114,96.81304988059888,96.99679
TD-All,pre_refit,42,B0005,118,96.27605729788222,96.74268
TD-All,pre_refit,42,B0005,122,96.2762766313732,96.297935
TD-All,pre_refit,42,B0005,126,95.99578118843372,96.27813
TD-All,pre_refit,42,B0005,130,95.69403287907456,95.862755
TD-All,pre_refit,42,B0005,134,95.98194451474556,96.67067
TD-All,pre_refit,42,B0005,136,95.71321655496544,95.99662
TD-All,pre_refit,42,B0005,140,95.11928805425076,95.24455
TD-All,pre_refit,42,B0005,144,94.58275432725988,94.88264
TD-All,pre_refit,42,B0005,148,94.27008009570102,94.270195
TD-All,pre_refit,42,B0005,150,97.39411432859931,94.71545
TD-All,pre_refit,42,B0005,154,96.82749231246368,95.48376
TD-All,pre_refit,42,B0005,158,95.96820195991576,95.216965
TD-All,pre_refit,42,B0005,162,95.40638930769452,94.83423
TD-All,pre_refit,42,B0005,166,94.8553962680492,94.67458
TD-All,pre_refit,42,B0005,170,94.5755674779542,94.20847
TD-All,pre_refit,42,B0005,174,94.28806184403476,93.81051
TD-All,pre_refit,42,B0005,178,93.73958753620327,93.60336
TD-All,pre_refit,42,B0005,182,93.16861105469168,93.26379
TD-All,pre_refit,42,B0005,186,92.88227598613614,92.757805
TD-All,pre_refit,42,B0005,190,92.636901518198,92.737206
TD-All,pre_refit,42,B0005,194,92.32720191735562,92.39636
TD-All,pre_refit,42,B0005,198,92.01599848919145,91.95896
TD-All,pre_refit,42,B0005,202,91.49053823956656,91.819275
TD-All,pre_refit,42,B0005,206,90.92425521866993,91.76254
TD-All,pre_refit,42,B0005,210,90.92941856192826,90.94255
TD-All,pre_refit,42,B0005,214,90.34010561326173,90.664604
TD-All,pre_refit,42,B0005,216,90.0847586044663,90.897125
TD-All,pre_refit,42,B0005,220,89.80457989439137,90.087
TD-All,pre_refit,42,B0005,224,89.19640288815545,89.86043
TD-All,pre_refit,42,B0005,228,88.93598251136243,89.28472
TD-All,pre_refit,42,B0005,232,88.65781340235759,89.25793
TD-All,pre_refit,42,B0005,236,88.38728178562198,88.86389
TD-All,pre_refit,42,B0005,240,88.08171260170519,88.26613
TD-All,pre_refit,42,B0005,244,87.49528010741024,88.52073
TD-All,pre_refit,42,B0005,248,87.2366743602368,88.024506
TD-All,pre_refit,42,B0005,252,86.96251727221627,87.524185
TD-All,pre_refit,42,B0005,256,86.35734215456989,87.47643
TD-All,pre_refit,42,B0005,260,86.10863457357058,87.20383
TD-All,pre_refit,42,B0005,264,86.06270063126725,86.89928
TD-All,pre_refit,42,B0005,266,86.63737677555004,87.37972
TD-All,pre_refit,42,B0005,270,85.50813849993258,86.44489
TD-All,pre_refit,42,B0005,274,84.97446653296429,86.10137
TD-All,pre_refit,42,B0005,278,84.69557819389517,86.08198
TD-All,pre_refit,42,B0005,282,84.68013627936132,85.88549
TD-All,pre_refit,42,B0005,286,84.41991821853574,85.6194
TD-All,pre_refit,42,B0005,290,84.10414931140878,85.29662
TD-All,pre_refit,42,B0005,294,83.52653061113354,84.84066
TD-All,pre_refit,42,B0005,298,82.96602561057489,84.53818
TD-All,pre_refit,42,B0005,302,82.99920327964658,84.420204
TD-All,pre_refit,42,B0005,306,82.68003018050378,84.69399
TD-All,pre_refit,42,B0005,310,82.39976893302816,84.3442
TD-All,pre_refit,42,B0005,313,87.19626195760692,88.57588
TD-All,pre_refit,42,B0005,316,84.91729656129593,85.82051
TD-All,pre_refit,42,B0005,320,84.06165489885902,85.13543
TD-All,pre_refit,42,B0005,324,83.2082752902044,85.11999
TD-All,pre_refit,42,B0005,328,82.91381970838151,84.30172
TD-All,pre_refit,42,B0005,332,82.37106085271179,84.22283
TD-All,pre_refit,42,B0005,336,82.09631790141844,83.80836
TD-All,pre_refit,42,B0005,340,81.80669701206385,83.722984
TD-All,pre_refit,42,B0005,344,81.53418918115372,83.30327
TD-All,pre_refit,42,B0005,348,80.95312575426658,83.346176
TD-All,pre_refit,42,B0005,352,80.6829269258604,83.301025
TD-All,pre_refit,42,B0005,356,80.38673535372676,82.921844
TD-All,pre_refit,42,B0005,360,80.10415225005684,82.59029
TD-All,pre_refit,42,B0005,364,80.68483906716317,82.45281
TD-All,pre_refit,42,B0005,367,81.23806188586506,83.368576
TD-All,pre_refit,42,B0005,371,80.40774500270479,82.33684
TD-All,pre_refit,42,B0005,375,79.80793062432481,82.137695
TD-All,pre_refit,42,B0005,379,78.94710440938543,81.11429
TD-All,pre_refit,42,B0005,383,78.96040682717852,81.825714
TD-All,pre_refit,42,B0005,387,79.00805769223405,81.3508
TD-All,pre_refit,42,B0005,391,78.68325635434054,81.275566
TD-All,pre_refit,42,B0005,395,78.12009683923326,81.20072
TD-All,pre_refit,42,B0005,399,77.83635095586517,80.91557
TD-All,pre_refit,42,B0005,403,77.83366081216815,80.63484
TD-All,pre_refit,42,B0005,407,77.54418562704669,80.82979
TD-All,pre_refit,42,B0005,411,77.26483532824366,80.4726
TD-All,pre_refit,42,B0005,415,76.96665751739931,80.04724
TD-All,pre_refit,42,B0005,419,76.69408123915822,79.71483
TD-All,pre_refit,42,B0005,423,76.7032886034996,79.57301
TD-All,pre_refit,42,B0005,427,76.43285089151239,79.891335
TD-All,pre_refit,42,B0005,431,77.83345221466253,80.16448
TD-All,pre_refit,42,B0005,433,78.09751233548145,80.82064
TD-All,pre_refit,42,B0005,437,76.96262218385922,80.17323
TD-All,pre_refit,42,B0005,441,76.3993634537507,79.869934
TD-All,pre_refit,42,B0005,445,76.08562321685423,79.44409
TD-All,pre_refit,42,B0005,449,75.84111192639295,79.33292
TD-All,pre_refit,42,B0005,453,75.5470202599512,78.80011
TD-All,pre_refit,42,B0005,457,75.2724773855306,78.665375
TD-All,pre_refit,42,B0005,461,74.95796574493023,78.60956
TD-All,pre_refit,42,B0005,465,74.67559060559861,78.4226
TD-All,pre_refit,42,B0005,469,74.4190975749656,77.96418
TD-All,pre_refit,42,B0005,473,74.41886702385212,77.835976
TD-All,pre_refit,42,B0005,477,74.10538957595438,77.82991
TD-All,pre_refit,42,B0005,481,74.68403981580354,78.48013
TD-All,pre_refit,42,B0005,483,75.26611054535188,79.09439
TD-All,pre_refit,42,B0005,485,74.38310747232698,78.472115
TD-All,pre_refit,42,B0005,489,74.10795710900801,77.78659
TD-All,pre_refit,42,B0005,493,73.53993654981534,77.80413
TD-All,pre_refit,42,B0005,497,73.55729388669064,77.77054
TD-All,pre_refit,42,B0005,501,73.56067241598603,77.51288
TD-All,pre_refit,42,B0005,505,73.26805286034079,77.13852
TD-All,pre_refit,42,B0005,509,72.98972077509227,76.68301
TD-All,pre_refit,42,B0005,513,72.70747847813722,76.7202
TD-All,pre_refit,42,B0005,517,72.70330518052887,76.80963
TD-All,pre_refit,42,B0005,521,72.43680818215978,76.691986
TD-All,pre_refit,42,B0005,525,72.14563728793834,76.39793
TD-All,pre_refit,42,B0005,529,71.84842350914826,76.17953
TD-All,pre_refit,42,B0005,533,71.57682808520298,76.33455
TD-All,pre_refit,42,B0005,537,71.59297070565168,76.472305
TD-All,pre_refit,42,B0005,541,71.58355486033668,75.824066
TD-All,pre_refit,42,B0005,545,71.88651633814797,75.771904
TD-All,pre_refit,42,B0005,548,73.85485752850198,77.43159
TD-All,pre_refit,42,B0005,552,72.73676298693475,76.73077
TD-All,pre_refit,42,B0005,556,72.16650080848474,76.52393
TD-All,pre_refit,42,B0005,560,71.87574889700983,76.44056
TD-All,pre_refit,42,B0005,564,71.60206343923741,76.08847
TD-All,pre_refit,42,B0005,568,71.32194157026348,76.14214
TD-All,pre_refit,42,B0005,572,71.30711389020412,75.63774
TD-All,pre_refit,42,B0005,576,71.01356336148518,75.66562
TD-All,pre_refit,42,B0005,580,70.75492745457169,75.56348
TD-All,pre_refit,42,B0005,584,70.77254445771489,75.32252
TD-All,pre_refit,42,B0005,588,70.77540542374062,74.851105
TD-All,pre_refit,42,B0005,592,70.47550750397869,75.07733
TD-All,pre_refit,42,B0005,596,70.48563041810954,74.755
TD-All,pre_refit,42,B0005,600,70.23531244180377,74.76623
TD-All,pre_refit,42,B0005,604,69.93882142370093,74.92705
TD-All,pre_refit,42,B0005,608,69.90890905512207,74.7688
TD-All,pre_refit,42,B0005,612,71.07977535187085,75.42528
TD-All,pre_refit,42,B0005,614,71.95205157786506,76.370636
TD-All,refit_on_3,42,B0005,2,100.80760884947765,99.46806
TD-All,refit_on_3,42,B0005,4,100.25590968770103,97.501205
TD-All,refit_on_3,42,B0005,6,99.65979925247206,97.507614
TD-All,refit_on_3,42,B0005,8,99.65509323788856,97.384995
TD-All,refit_on_3,42,B0005,10,99.6215889724607,97.346115
TD-All,refit_on_3,42,B0005,12,99.67676620535396,97.82133
TD-All,refit_on_3,42,B0005,14,99.64877352944652,97.906845
TD-All,refit_on_3,42,B0005,16,99.13892996732449,97.33718
TD-All,refit_on_3,42,B0005,18,99.08555627584838,97.102066
TD-All,refit_on_3,42,B0005,20,99.0768365083485,97.08399
TD-All,refit_on_3,42,B0005,22,99.07717774099622,96.76405
TD-All,refit_on_3,42,B0005,25,98.5114992237362,97.02459
TD-All,refit_on_3,42,B0005,27,98.4870761948254,96.50586
TD-All,refit_on_3,42,B0005,29,98.47015265835132,96.568146
TD-All,refit_on_3,42,B0005,31,97.88140357167902,96.193115
TD-All,refit_on_3,42,B0005,33,97.85473656745688,95.93692
TD-All,refit_on_3,42,B0005,35,97.88039886599036,95.71657
TD-All,refit_on_3,42,B0005,37,97.9069415267384,95.52101
TD-All,refit_on_3,42,B0005,39,97.89115702988882,95.52979
TD-All,refit_on_3,42,B0005,42,100.29385168145046,98.03865
TD-All,refit_on_3,42,B0005,46,100.31510023136114,97.75261
TD-All,refit_on_3,42,B0005,50,99.70477213786135,97.318184
TD-All,refit_on_3,42,B0005,54,99.1402308374376,96.76613
TD-All,refit_on_3,42,B0005,58,99.10400696359169,97.00648
TD-All,refit_on_3,42,B0005,62,99.12941188644592,96.05812
TD-All,refit_on_3,42,B0005,66,98.50222430381568,96.0435
TD-All,refit_on_3,42,B0005,70,98.5423014565286,95.84887
TD-All,refit_on_3,42,B0005,74,98.49887187571204,95.69733
TD-All,refit_on_3,42,B0005,78,97.89050762402466,95.62619
TD-All,refit_on_3,42,B0005,82,97.96171552529285,95.56688
TD-All,refit_on_3,42,B0005,86,100.55321959197046,97.51893
TD-All,refit_on_3,42,B0005,90,99.4075559707276,96.46193
TD-All,refit_on_3,42,B0005,94,98.82112827769676,96.23201
TD-All,refit_on_3,42,B0005,98,98.2457556393358,96.041534
TD-All,refit_on_3,42,B0005,102,97.99065016377766,95.83312
TD-All,refit_on_3,42,B0005,106,97.7065060215613,95.41858
TD-All,refit_on_3,42,B0005,110,97.11279694879056,95.230644
TD-All,refit_on_3,42,B0005,114,96.81304988059888,95.00343
TD-All,refit_on_3,42,B0005,118,96.27605729788222,94.69647
TD-All,refit_on_3,42,B0005,122,96.2762766313732,94.2099
TD-All,refit_on_3,42,B0005,126,95.99578118843372,93.895424
TD-All,refit_on_3,42,B0005,130,95.69403287907456,93.55418
TD-All,refit_on_3,42,B0005,134,95.98194451474556,94.82898
TD-All,refit_on_3,42,B0005,136,95.71321655496544,93.70892
TD-All,refit_on_3,42,B0005,140,95.11928805425076,93.341415
TD-All,refit_on_3,42,B0005,144,94.58275432725988,93.15743
TD-All,refit_on_3,42,B0005,148,94.27008009570102,92.66625
TD-All,refit_on_3,42,B0005,150,97.39411432859931,92.76372
TD-All,refit_on_3,42,B0005,154,96.82749231246368,93.37285
TD-All,refit_on_3,42,B0005,158,95.96820195991576,93.10762
TD-All,refit_on_3,42,B0005,162,95.40638930769452,92.90506
TD-All,refit_on_3,42,B0005,166,94.8553962680492,92.61621
TD-All,refit_on_3,42,B0005,170,94.5755674779542,92.319695
TD-All,refit_on_3,42,B0005,174,94.28806184403476,91.85237
TD-All,refit_on_3,42,B0005,178,93.73958753620327,91.577614
TD-All,refit_on_3,42,B0005,182,93.16861105469168,91.25951
TD-All,refit_on_3,42,B0005,186,92.88227598613614,90.980705
TD-All,refit_on_3,42,B0005,190,92.636901518198,90.65877
TD-All,refit_on_3,42,B0005,194,92.32720191735562,90.212524
TD-All,refit_on_3,42,B0005,198,92.01599848919145,89.92001
TD-All,refit_on_3,42,B0005,202,91.49053823956656,89.801834
TD-All,refit_on_3,42,B0005,206,90.92425521866993,89.57454
TD-All,refit_on_3,42,B0005,210,90.92941856192826,89.02413
TD-All,refit_on_3,42,B0005,214,90.34010561326173,88.772804
TD-All,refit_on_3,42,B0005,216,90.0847586044663,88.62754
TD-All,refit_on_3,42,B0005,220,89.80457989439137,88.04922
TD-All,refit_on_3,42,B0005,224,89.19640288815545,87.76027
TD-All,refit_on_3,42,B0005,228,88.93598251136243,87.33654
TD-All,refit_on_3,42,B0005,232,88.65781340235759,87.12724
TD-All,refit_on_3,42,B0005,236,88.38728178562198,86.813065
TD-All,refit_on_3,42,B0005,240,88.08171260170519,86.24674
TD-All,refit_on_3,42,B0005,244,87.49528010741024,86.18111
TD-All,refit_on_3,42,B0005,248,87.2366743602368,85.72504
TD-All,refit_on_3,42,B0005,252,86.96251727221627,85.28486
TD-All,refit_on_3,42,B0005,256,86.35734215456989,85.1147
TD-All,refit_on_3,42,B0005,260,86.10863457357058,84.78092
TD-All,refit_on_3,42,B0005,264,86.06270063126725,84.538925
TD-All,refit_on_3,42,B0005,266,86.63737677555004,84.90298
TD-All,refit_on_3,42,B0005,270,85.50813849993258,84.1421
TD-All,refit_on_3,42,B0005,274,84.97446653296429,83.80142
TD-All,refit_on_3,42,B0005,278,84.69557819389517,83.52633
TD-All,refit_on_3,42,B0005,282,84.68013627936132,82.892105
TD-All,refit_on_3,42,B0005,286,84.41991821853574,82.56391
TD-All,refit_on_3,42,B0005,290,84.10414931140878,82.19305
TD-All,refit_on_3,42,B0005,294,83.52653061113354,82.01164
TD-All,refit_on_3,42,B0005,298,82.96602561057489,81.61928
TD-All,refit_on_3,42,B0005,302,82.99920327964658,81.20133
TD-All,refit_on_3,42,B0005,306,82.68003018050378,81.10193
TD-All,refit_on_3,42,B0005,310,82.39976893302816,80.756516
TD-All,refit_on_3,42,B0005,313,87.19626195760692,85.67928
TD-All,refit_on_3,42,B0005,316,84.91729656129593,82.88486
TD-All,refit_on_3,42,B0005,320,84.06165489885902,81.991905
TD-All,refit_on_3,42,B0005,324,83.2082752902044,81.74489
TD-All,refit_on_3,42,B0005,328,82.91381970838151,81.070206
TD-All,refit_on_3,42,B0005,332,82.37106085271179,80.87164
TD-All,refit_on_3,42,B0005,336,82.09631790141844,80.395096
TD-All,refit_on_3,42,B0005,340,81.80669701206385,80.11455
TD-All,refit_on_3,42,B0005,344,81.53418918115372,79.73665
TD-All,refit_on_3,42,B0005,348,80.95312575426658,79.528786
TD-All,refit_on_3,42,B0005,352,80.6829269258604,79.25689
TD-All,refit_on_3,42,B0005,356,80.38673535372676,78.8638
TD-All,refit_on_3,42,B0005,360,80.10415225005684,78.587616
TD-All,refit_on_3,42,B0005,364,80.68483906716317,78.344955
TD-All,refit_on_3,42,B0005,367,81.23806188586506,79.35481
TD-All,refit_on_3,42,B0005,371,80.40774500270479,78.14433
TD-All,refit_on_3,42,B0005,375,79.80793062432481,77.94809
TD-All,refit_on_3,42,B0005,379,78.94710440938543,76.86683
TD-All,refit_on_3,42,B0005,383,78.96040682717852,77.187325
TD-All,refit_on_3,42,B0005,387,79.00805769223405,76.79146
TD-All,refit_on_3,42,B0005,391,78.68325635434054,76.33819
TD-All,refit_on_3,42,B0005,395,78.12009683923326,76.23858
TD-All,refit_on_3,42,B0005,399,77.83635095586517,75.987885
TD-All,refit_on_3,42,B0005,403,77.83366081216815,75.63281
TD-All,refit_on_3,42,B0005,407,77.54418562704669,75.35869
TD-All,refit_on_3,42,B0005,411,77.26483532824366,75.09749
TD-All,refit_on_3,42,B0005,415,76.96665751739931,74.74234
TD-All,refit_on_3,42,B0005,419,76.69408123915822,74.44662
TD-All,refit_on_3,42,B0005,423,76.7032886034996,74.1707
TD-All,refit_on_3,42,B0005,427,76.43285089151239,74.146965
TD-All,refit_on_3,42,B0005,431,77.83345221466253,75.29803
TD-All,refit_on_3,42,B0005,433,78.09751233548145,75.876785
TD-All,refit_on_3,42,B0005,437,76.96262218385922,74.91218
TD-All,refit_on_3,42,B0005,441,76.3993634537507,74.55639
TD-All,refit_on_3,42,B0005,445,76.08562321685423,74.0662
TD-All,refit_on_3,42,B0005,449,75.84111192639295,73.76248
TD-All,refit_on_3,42,B0005,453,75.5470202599512,73.352264
TD-All,refit_on_3,42,B0005,457,75.2724773855306,73.03932
TD-All,refit_on_3,42,B0005,461,74.95796574493023,72.827225
TD-All,refit_on_3,42,B0005,465,74.67559060559861,72.75755
TD-All,refit_on_3,42,B0005,469,74.4190975749656,72.12306
TD-All,refit_on_3,42,B0005,473,74.41886702385212,72.19349
TD-All,refit_on_3,42,B0005,477,74.10538957595438,71.936104
TD-All,refit_on_3,42,B0005,481,74.68403981580354,72.156784
TD-All,refit_on_3,42,B0005,483,75.26611054535188,73.52258
TD-All,refit_on_3,42,B0005,485,74.38310747232698,72.79976
TD-All,refit_on_3,42,B0005,489,74.10795710900801,72.22461
TD-All,refit_on_3,42,B0005,493,73.53993654981534,71.58608
TD-All,refit_on_3,42,B0005,497,73.55729388669064,71.51211
TD-All,refit_on_3,42,B0005,501,73.56067241598603,71.86889
TD-All,refit_on_3,42,B0005,505,73.26805286034079,71.53581
TD-All,refit_on_3,42,B0005,509,72.98972077509227,70.96271
TD-All,refit_on_3,42,B0005,513,72.70747847813722,70.60217
TD-All,refit_on_3,42,B0005,517,72.70330518052887,70.62231
TD-All,refit_on_3,42,B0005,521,72.43680818215978,70.75101
TD-All,refit_on_3,42,B0005,525,72.14563728793834,70.14304
TD-All,refit_on_3,42,B0005,529,71.84842350914826,69.7488
TD-All,refit_on_3,42,B0005,533,71.57682808520298,69.35957
TD-All,refit_on_3,42,B0005,537,71.59297070565168,69.61751
TD-All,refit_on_3,42,B0005,541,71.58355486033668,69.59944
TD-All,refit_on_3,42,B0005,545,71.88651633814797,69.72313
TD-All,refit_on_3,42,B0005,548,73.85485752850198,72.07667
TD-All,refit_on_3,42,B0005,552,72.73676298693475,70.9528
TD-All,refit_on_3,42,B0005,556,72.16650080848474,70.362724
TD-All,refit_on_3,42,B0005,560,71.87574889700983,69.82747
TD-All,refit_on_3,42,B0005,564,71.60206343923741,69.61644
TD-All,refit_on_3,42,B0005,568,71.32194157026348,69.34381
TD-All,refit_on_3,42,B0005,572,71.30711389020412,69.25459
TD-All,refit_on_3,42,B0005,576,71.01356336148518,69.08626
TD-All,refit_on_3,42,B0005,580,70.75492745457169,68.848946
TD-All,refit_on_3,42,B0005,584,70.77254445771489,68.75731
TD-All,refit_on_3,42,B0005,588,70.77540542374062,68.78998
TD-All,refit_on_3,42,B0005,592,70.47550750397869,68.62538
TD-All,refit_on_3,42,B0005,596,70.48563041810954,68.56649
TD-All,refit_on_3,42,B0005,600,70.23531244180377,68.22439
TD-All,refit_on_3,42,B0005,604,69.93882142370093,68.0923
TD-All,refit_on_3,42,B0005,608,69.90890905512207,68.17508
TD-All,refit_on_3,42,B0005,612,71.07977535187085,69.13226
TD-All,refit_on_3,42,B0005,614,71.95205157786506,70.188774
TD-All,pre_refit,42,B0006,2,100.88297108833646,104.259094
TD-All,pre_refit,42,B0006,4,100.37753235288778,103.18706
TD-All,pre_refit,42,B0006,6,99.79196916000484,103.15112
TD-All,pre_refit,42,B0006,8,99.7899019818078,102.91227
TD-All,pre_refit,42,B0006,10,99.15762541696316,102.53565
TD-All,pre_refit,42,B0006,12,99.8203556776378,103.62601
TD-All,pre_refit,42,B0006,14,99.7808037027038,103.34833
TD-All,pre_refit,42,B0006,16,97.5844832820893,101.621956
TD-All,pre_refit,42,B0006,18,97.5535716293996,101.3253
TD-All,pre_refit,42,B0006,20,97.01155142541865,100.88503
TD-All,pre_refit,42,B0006,22,96.43502080876348,100.79742
TD-All,pre_refit,42,B0006,25,95.8972998236526,100.2523
TD-All,pre_refit,42,B0006,27,95.32875373854844,99.681114
TD-All,pre_refit,42,B0006,29,94.76419905980474,99.628006
TD-All,pre_refit,42,B0006,31,94.22773853976388,98.77363
TD-All,pre_refit,42,B0006,33,93.6395064953226,98.20796
TD-All,pre_refit,42,B0006,35,93.09821798643677,98.19029
TD-All,pre_refit,42,B0006,37,92.56743574756617,97.54506
TD-All,pre_refit,42,B0006,39,92.56840432582156,97.49671
TD-All,pre_refit,42,B0006,42,98.12161319843736,102.111115
TD-All,pre_refit,42,B0006,46,97.02736865587346,101.34098
TD-All,pre_refit,42,B0006,50,96.4457203456954,100.83082
TD-All,pre_refit,42,B0006,54,95.37664206593776,100.22189
TD-All,pre_refit,42,B0006,58,96.45395400781383,100.97281
TD-All,pre_refit,42,B0006,62,94.2446511737385,99.15934
TD-All,pre_refit,42,B0006,66,93.11783815158223,98.143936
TD-All,pre_refit,42,B0006,70,92.60393676951,98.20132
TD-All,pre_refit,42,B0006,74,91.99518419888014,97.77861
TD-All,pre_refit,42,B0006,78,91.45865458065036,97.463875
TD-All,pre_refit,42,B0006,82,92.05488530825814,97.62077
TD-All,pre_refit,42,B0006,86,95.40291074415664,100.113754
TD-All,pre_refit,42,B0006,90,93.2941701264468,98.46863
TD-All,pre_refit,42,B0006,94,91.95812296295944,97.31908
TD-All,pre_refit,42,B0006,98,91.16379285351326,96.366554
TD-All,pre_refit,42,B0006,102,90.13722315501992,95.17112
TD-All,pre_refit,42,B0006,106,89.88629167454431,94.92526
TD-All,pre_refit,42,B0006,110,89.07464504963947,94.0668
TD-All,pre_refit,42,B0006,114,88.27677498375004,93.04549
TD-All,pre_refit,42,B0006,118,87.78153478310176,92.22506
TD-All,pre_refit,42,B0006,122,87.25902301297472,91.823944
TD-All,pre_refit,42,B0006,126,86.75445063463465,91.76273
TD-All,pre_refit,42,B0006,130,86.21919662960373,90.86177
TD-All,pre_refit,42,B0006,134,86.97181002045869,91.457016
TD-All,pre_refit,42,B0006,136,87.53004089819298,91.5819
TD-All,pre_refit,42,B0006,140,85.93648557449694,90.030914
TD-All,pre_refit,42,B0006,144,84.92223069682748,89.19201
TD-All,pre_refit,42,B0006,148,84.38106569995976,88.51853
TD-All,pre_refit,42,B0006,150,90.39396636175364,93.8218
TD-All,pre_refit,42,B0006,154,89.62118442408695,93.208466
TD-All,pre_refit,42,B0006,158,88.01687540594799,91.54965
TD-All,pre_refit,42,B0006,162,86.47934133475826,90.071075
TD-All,pre_refit,42,B0006,166,85.7093899316892,89.52069
TD-All,pre_refit,42,B0006,170,84.66363361309608,88.82134
TD-All,pre_refit,42,B0006,174,84.14253773442293,88.44891
TD-All,pre_refit,42,B0006,178,83.37268440744252,87.81611
TD-All,pre_refit,42,B0006,182,82.84795096685752,87.19991
TD-All,pre_refit,42,B0006,186,82.31672078137474,86.402336
TD-All,pre_refit,42,B0006,190,81.8390002521071,86.104515
TD-All,pre_refit,42,B0006,194,81.29446683115198,85.85415
TD-All,pre_refit,42,B0006,198,80.75246648690656,85.42219
TD-All,pre_refit,42,B0006,202,79.7437886746144,84.85887
TD-All,pre_refit,42,B0006,206,79.47984426199564,84.06798
TD-All,pre_refit,42,B0006,210,79.25415788836384,83.971855
TD-All,pre_refit,42,B0006,214,78.69188922732394,83.138664
TD-All,pre_refit,42,B0006,216,78.46114405771091,83.47733
TD-All,pre_refit,42,B0006,220,77.67630372212932,82.48918
TD-All,pre_refit,42,B0006,224,77.38916838478035,82.05446
TD-All,pre_refit,42,B0006,228,76.88491527529958,81.83285
TD-All,pre_refit,42,B0006,232,76.3646225030132,81.41695
TD-All,pre_refit,42,B0006,236,75.60327887522882,80.828316
TD-All,pre_refit,42,B0006,240,75.84333345118733,80.848946
TD-All,pre_refit,42,B0006,244,75.57070473005419,80.51977
TD-All,pre_refit,42,B0006,248,75.06972493621848,80.563324
TD-All,pre_refit,42,B0006,252,74.81407516505371,80.00521
TD-All,pre_refit,42,B0006,256,74.54671414292675,79.40972
TD-All,pre_refit,42,B0006,260,74.02740213488109,79.48729
TD-All,pre_refit,42,B0006,264,73.73556466569462,79.015076
TD-All,pre_refit,42,B0006,266,75.84980622026112,80.03497
TD-All,pre_refit,42,B0006,270,74.55060879561292,78.93491
TD-All,pre_refit,42,B0006,274,73.79142812679322,78.16554
TD-All,pre_refit,42,B0006,278,73.27190839787096,78.562256
TD-All,pre_refit,42,B0006,282,73.28093201847443,78.52806
TD-All,pre_refit,42,B0006,286,73.02095301621284,78.26559
TD-All,pre_refit,42,B0006,290,72.73851013234444,77.80275
TD-All,pre_refit,42,B0006,294,71.95104826590523,76.90165
TD-All,pre_refit,42,B0006,298,71.96564568462234,76.648964
TD-All,pre_refit,42,B0006,302,71.72895437691278,77.15848
TD-All,pre_refit,42,B0006,306,71.71434939609318,76.90612
TD-All,pre_refit,42,B0006,310,71.45761792874575,76.737785
TD-All,pre_refit,42,B0006,313,78.98726854374111,82.13119
TD-All,pre_refit,42,B0006,316,76.64794397240323,79.7291
TD-All,pre_refit,42,B0006,320,75.07747171565073,78.528
TD-All,pre_refit,42,B0006,324,74.29795247472106,77.88033
TD-All,pre_refit,42,B0006,328,73.51146675367659,77.56963
TD-All,pre_refit,42,B0006,332,73.00864275760908,76.9472
TD-All,pre_refit,42,B0006,336,72.50277290138493,76.771576
TD-All,pre_refit,42,B0006,340,71.96131839956391,76.42456
TD-All,pre_refit,42,B0006,344,71.71500633205595,76.07507
TD-All,pre_refit,42,B0006,348,71.44305583769248,75.86595
TD-All,pre_refit,42,B0006,352,70.93898960214143,75.682724
TD-All,pre_refit,42,B0006,356,70.68194044477139,75.28484
TD-All,pre_refit,42,B0006,360,70.4074916889224,75.21515
TD-All,pre_refit,42,B0006,364,70.41804785222855,75.27957
TD-All,pre_refit,42,B0006,367,71.98210310103482,76.6298
TD-All,pre_refit,42,B0006,371,70.95618334594263,75.5511
TD-All,pre_refit,42,B0006,375,70.1362730902931,74.66414
TD-All,pre_refit,42,B0006,379,69.87433806657212,74.10714
TD-All,pre_refit,42,B0006,383,69.63573699649338,74.64479
TD-All,pre_refit,42,B0006,387,69.15232147064526,74.57635
TD-All,pre_refit,42,B0006,391,69.12109936452545,74.44786
TD-All,pre_refit,42,B0006,395,68.86250185726787,73.82894
TD-All,pre_refit,42,B0006,399,68.59092282212131,73.552216
TD-All,pre_refit,42,B0006,403,68.08750743669,73.29398
TD-All,pre_refit,42,B0006,407,68.33159705981836,73.626976
TD-All,pre_refit,42,B0006,411,68.09140360412486,73.2648
TD-All,pre_refit,42,B0006,415,67.81869443003508,72.88034
TD-All,pre_refit,42,B0006,419,67.5730638436144,72.58695
TD-All,pre_refit,42,B0006,423,67.31503513349786,72.93535
TD-All,pre_refit,42,B0006,427,67.07575548417674,72.70148
TD-All,pre_refit,42,B0006,431,68.60691404106846,73.34964
TD-All,pre_refit,42,B0006,433,69.64711039275872,74.37413
TD-All,pre_refit,42,B0006,437,68.33719964359061,73.1504
TD-All,pre_refit,42,B0006,441,67.81907707369999,72.98778
TD-All,pre_refit,42,B0006,445,67.27630029953899,72.385544
TD-All,pre_refit,42,B0006,449,67.03731096833596,72.62372
TD-All,pre_refit,42,B0006,453,66.78534122129697,72.00073
TD-All,pre_refit,42,B0006,457,66.26973868287087,71.89603
TD-All,pre_refit,42,B0006,461,65.98363462621751,71.82753
TD-All,pre_refit,42,B0006,465,65.72069252661954,71.684555
TD-All,pre_refit,42,B0006,469,65.50500064349335,71.21886
TD-All,pre_refit,42,B0006,473,65.48747074550045,71.4923
TD-All,pre_refit,42,B0006,477,65.2110653386093,71.56397
TD-All,pre_refit,42,B0006,481,65.47148558720653,71.99663
TD-All,pre_refit,42,B0006,483,66.78647932759047,72.63983
TD-All,pre_refit,42,B0006,485,65.72477818237311,72.21503
TD-All,pre_refit,42,B0006,489,64.93697426302657,71.57098
TD-All,pre_refit,42,B0006,493,64.69397950587184,71.4463
TD-All,pre_refit,42,B0006,497,64.45556804271465,71.22005
TD-All,pre_refit,42,B0006,501,64.44711910522597,71.513245
TD-All,pre_refit,42,B0006,505,63.9153253541329,70.84925
TD-All,pre_refit,42,B0006,509,63.40709756117343,70.66883
TD-All,pre_refit,42,B0006,513,63.40485519747241,70.96295
TD-All,pre_refit,42,B0006,517,63.14854807557744,70.96187
TD-All,pre_refit,42,B0006,521,63.15304028594434,70.758995
TD-All,pre_refit,42,B0006,525,62.63936845251047,70.722046
TD-All,pre_refit,42,B0006,529,62.36048327920517,70.67374
TD-All,pre_refit,42,B0006,533,62.11872624491582,70.30925
TD-All,pre_refit,42,B0006,537,62.11731201074328,70.48859
TD-All,pre_refit,42,B0006,541,61.86235410492132,70.44416
TD-All,pre_refit,42,B0006,545,62.12742822257309,70.633575
TD-All,pre_refit,42,B0006,548,63.93010610326108,72.163605
TD-All,pre_refit,42,B0006,552,62.62827859533666,71.139435
TD-All,pre_refit,42,B0006,556,61.85683618405182,71.07519
TD-All,pre_refit,42,B0006,560,61.07092794836815,71.0164
TD-All,pre_refit,42,B0006,564,60.82277612678393,70.55868
TD-All,pre_refit,42,B0006,568,60.55640953242813,71.00427
TD-All,pre_refit,42,B0006,572,60.02917505279337,70.55722
TD-All,pre_refit,42,B0006,576,59.75722270334661,70.54474
TD-All,pre_refit,42,B0006,580,59.52315601830062,70.31626
TD-All,pre_refit,42,B0006,584,59.01246912863032,70.659035
TD-All,pre_refit,42,B0006,588,58.74426171153606,70.50961
TD-All,pre_refit,42,B0006,592,58.47122551716232,70.58911
TD-All,pre_refit,42,B0006,596,58.2196597592319,70.459335
TD-All,pre_refit,42,B0006,600,57.18983519098029,70.621956
TD-All,pre_refit,42,B0006,604,57.71437056534329,70.717865
TD-All,pre_refit,42,B0006,608,57.43663099473362,70.28446
TD-All,pre_refit,42,B0006,612,58.23847489632371,71.10032
TD-All,pre_refit,42,B0006,614,58.76884540363096,71.81174
TD-All,refit_on_3,42,B0006,2,100.88297108833646,103.53005
TD-All,refit_on_3,42,B0006,4,100.37753235288778,102.24175
TD-All,refit_on_3,42,B0006,6,99.79196916000484,102.20464
TD-All,refit_on_3,42,B0006,8,99.7899019818078,101.99798
TD-All,refit_on_3,42,B0006,10,99.15762541696316,101.60772
TD-All,refit_on_3,42,B0006,12,99.8203556776378,102.71341
TD-All,refit_on_3,42,B0006,14,99.7808037027038,102.524
TD-All,refit_on_3,42,B0006,16,97.5844832820893,100.87337
TD-All,refit_on_3,42,B0006,18,97.5535716293996,100.53124
TD-All,refit_on_3,42,B0006,20,97.01155142541865,100.15306
TD-All,refit_on_3,42,B0006,22,96.43502080876348,99.95816
TD-All,refit_on_3,42,B0006,25,95.8972998236526,99.259
TD-All,refit_on_3,42,B0006,27,95.32875373854844,99.03171
TD-All,refit_on_3,42,B0006,29,94.76419905980474,98.65784
TD-All,refit_on_3,42,B0006,31,94.22773853976388,98.10695
TD-All,refit_on_3,42,B0006,33,93.6395064953226,97.439964
TD-All,refit_on_3,42,B0006,35,93.09821798643677,97.416824
TD-All,refit_on_3,42,B0006,37,92.56743574756617,96.79468
TD-All,refit_on_3,42,B0006,39,92.56840432582156,96.677635
TD-All,refit_on_3,42,B0006,42,98.12161319843736,101.17109
TD-All,refit_on_3,42,B0006,46,97.02736865587346,100.9353
TD-All,refit_on_3,42,B0006,50,96.4457203456954,100.15899
TD-All,refit_on_3,42,B0006,54,95.37664206593776,99.46925
TD-All,refit_on_3,42,B0006,58,96.45395400781383,100.03119
TD-All,refit_on_3,42,B0006,62,94.2446511737385,98.278915
TD-All,refit_on_3,42,B0006,66,93.11783815158223,97.2976
TD-All,refit_on_3,42,B0006,70,92.60393676951,97.059586
TD-All,refit_on_3,42,B0006,74,91.99518419888014,96.63063
TD-All,refit_on_3,42,B0006,78,91.45865458065036,96.43314
TD-All,refit_on_3,42,B0006,82,92.05488530825814,96.53845
TD-All,refit_on_3,42,B0006,86,95.40291074415664,99.7636
TD-All,refit_on_3,42,B0006,90,93.2941701264468,97.9798
TD-All,refit_on_3,42,B0006,94,91.95812296295944,97.22365
TD-All,refit_on_3,42,B0006,98,91.16379285351326,96.65055
TD-All,refit_on_3,42,B0006,102,90.13722315501992,95.41284
TD-All,refit_on_3,42,B0006,106,89.88629167454431,95.1845
TD-All,refit_on_3,42,B0006,110,89.07464504963947,94.442696
TD-All,refit_on_3,42,B0006,114,88.27677498375004,93.35852
TD-All,refit_on_3,42,B0006,118,87.78153478310176,92.72351
TD-All,refit_on_3,42,B0006,122,87.25902301297472,92.16841
TD-All,refit_on_3,42,B0006,126,86.75445063463465,91.882996
TD-All,refit_on_3,42,B0006,130,86.21919662960373,91.06806
TD-All,refit_on_3,42,B0006,134,86.97181002045869,92.00085
TD-All,refit_on_3,42,B0006,136,87.53004089819298,91.98335
TD-All,refit_on_3,42,B0006,140,85.93648557449694,90.329636
TD-All,refit_on_3,42,B0006,144,84.92223069682748,89.281136
TD-All,refit_on_3,42,B0006,148,84.38106569995976,88.529076
TD-All,refit_on_3,42,B0006,150,90.39396636175364,93.814766
TD-All,refit_on_3,42,B0006,154,89.62118442408695,93.515274
TD-All,refit_on_3,42,B0006,158,88.01687540594799,91.79426
TD-All,refit_on_3,42,B0006,162,86.47934133475826,90.16752
TD-All,refit_on_3,42,B0006,166,85.7093899316892,89.641815
TD-All,refit_on_3,42,B0006,170,84.66363361309608,88.64564
TD-All,refit_on_3,42,B0006,174,84.14253773442293,88.08628
TD-All,refit_on_3,42,B0006,178,83.37268440744252,87.39412
TD-All,refit_on_3,42,B0006,182,82.84795096685752,86.743095
TD-All,refit_on_3,42,B0006,186,82.31672078137474,85.998055
TD-All,refit_on_3,42,B0006,190,81.8390002521071,85.50099
TD-All,refit_on_3,42,B0006,194,81.29446683115198,85.16481
TD-All,refit_on_3,42,B0006,198,80.75246648690656,84.633736
TD-All,refit_on_3,42,B0006,202,79.7437886746144,83.84282
TD-All,refit_on_3,42,B0006,206,79.47984426199564,83.21416
TD-All,refit_on_3,42,B0006,210,79.25415788836384,82.75332
TD-All,refit_on_3,42,B0006,214,78.69188922732394,82.35617
TD-All,refit_on_3,42,B0006,216,78.46114405771091,82.45839
TD-All,refit_on_3,42,B0006,220,77.67630372212932,81.32162
TD-All,refit_on_3,42,B0006,224,77.38916838478035,80.78642
TD-All,refit_on_3,42,B0006,228,76.88491527529958,80.29017
TD-All,refit_on_3,42,B0006,232,76.3646225030132,79.87036
TD-All,refit_on_3,42,B0006,236,75.60327887522882,79.12647
TD-All,refit_on_3,42,B0006,240,75.84333345118733,78.946205
TD-All,refit_on_3,42,B0006,244,75.57070473005419,78.57867
TD-All,refit_on_3,42,B0006,248,75.06972493621848,78.2319
TD-All,refit_on_3,42,B0006,252,74.81407516505371,77.6981
TD-All,refit_on_3,42,B0006,256,74.54671414292675,77.13244
TD-All,refit_on_3,42,B0006,260,74.02740213488109,76.88318
TD-All,refit_on_3,42,B0006,264,73.73556466569462,76.28678
TD-All,refit_on_3,42,B0006,266,75.84980622026112,78.194595
TD-All,refit_on_3,42,B0006,270,74.55060879561292,76.526436
TD-All,refit_on_3,42,B0006,274,73.79142812679322,75.55638
TD-All,refit_on_3,42,B0006,278,73.27190839787096,75.34304
TD-All,refit_on_3,42,B0006,282,73.28093201847443,75.168045
TD-All,refit_on_3,42,B0006,286,73.02095301621284,75.002205
TD-All,refit_on_3,42,B0006,290,72.73851013234444,74.50795
TD-All,refit_on_3,42,B0006,294,71.95104826590523,73.682335
TD-All,refit_on_3,42,B0006,298,71.96564568462234,73.32386
TD-All,refit_on_3,42,B0006,302,71.72895437691278,73.28272
TD-All,refit_on_3,42,B0006,306,71.71434939609318,73.13629
TD-All,refit_on_3,42,B0006,310,71.45761792874575,72.935165
TD-All,refit_on_3,42,B0006,313,78.98726854374111,80.54792
TD-All,refit_on_3,42,B0006,316,76.64794397240323,77.729126
TD-All,refit_on_3,42,B0006,320,75.07747171565073,76.272
TD-All,refit_on_3,42,B0006,324,74.29795247472106,75.400696
TD-All,refit_on_3,42,B0006,328,73.51146675367659,74.68094
TD-All,refit_on_3,42,B0006,332,73.00864275760908,73.94173
TD-All,refit_on_3,42,B0006,336,72.50277290138493,73.49707
TD-All,refit_on_3,42,B0006,340,71.96131839956391,73.15511
TD-All,refit_on_3,42,B0006,344,71.71500633205595,72.687454
TD-All,refit_on_3,42,B0006,348,71.44305583769248,72.38427
TD-All,refit_on_3,42,B0006,352,70.93898960214143,72.12857
TD-All,refit_on_3,42,B0006,356,70.68194044477139,71.75093
TD-All,refit_on_3,42,B0006,360,70.4074916889224,71.450226
TD-All,refit_on_3,42,B0006,364,70.41804785222855,71.16658
TD-All,refit_on_3,42,B0006,367,71.98210310103482,72.99897
TD-All,refit_on_3,42,B0006,371,70.95618334594263,71.68467
TD-All,refit_on_3,42,B0006,375,70.1362730902931,70.8731
TD-All,refit_on_3,42,B0006,379,69.87433806657212,70.30504
TD-All,refit_on_3,42,B0006,383,69.63573699649338,70.44507
TD-All,refit_on_3,42,B0006,387,69.15232147064526,70.097084
TD-All,refit_on_3,42,B0006,391,69.12109936452545,70.01774
TD-All,refit_on_3,42,B0006,395,68.86250185726787,69.57172
TD-All,refit_on_3,42,B0006,399,68.59092282212131,69.252304
TD-All,refit_on_3,42,B0006,403,68.08750743669,68.78778
TD-All,refit_on_3,42,B0006,407,68.33159705981836,68.94508
TD-All,refit_on_3,42,B0006,411,68.09140360412486,68.715546
TD-All,refit_on_3,42,B0006,415,67.81869443003508,68.42347
TD-All,refit_on_3,42,B0006,419,67.5730638436144,68.13556
TD-All,refit_on_3,42,B0006,423,67.31503513349786,68.0198
TD-All,refit_on_3,42,B0006,427,67.07575548417674,67.73452
TD-All,refit_on_3,42,B0006,431,68.60691404106846,68.87157
TD-All,refit_on_3,42,B0006,433,69.64711039275872,69.95642
TD-All,refit_on_3,42,B0006,437,68.33719964359061,68.847694
TD-All,refit_on_3,42,B0006,441,67.81907707369999,68.49936
TD-All,refit_on_3,42,B0006,445,67.27630029953899,67.98437
TD-All,refit_on_3,42,B0006,449,67.03731096833596,67.90582
TD-All,refit_on_3,42,B0006,453,66.78534122129697,67.411804
TD-All,refit_on_3,42,B0006,457,66.26973868287087,67.25716
TD-All,refit_on_3,42,B0006,461,65.98363462621751,67.1394
TD-All,refit_on_3,42,B0006,465,65.72069252661954,66.773964
TD-All,refit_on_3,42,B0006,469,65.50500064349335,66.486916
TD-All,refit_on_3,42,B0006,473,65.48747074550045,66.539665
TD-All,refit_on_3,42,B0006,477,65.2110653386093,66.50409
TD-All,refit_on_3,42,B0006,481,65.47148558720653,66.42957
TD-All,refit_on_3,42,B0006,483,66.78647932759047,68.1595
TD-All,refit_on_3,42,B0006,485,65.72477818237311,67.58737
TD-All,refit_on_3,42,B0006,489,64.93697426302657,66.907104
TD-All,refit_on_3,42,B0006,493,64.69397950587184,66.74066
TD-All,refit_on_3,42,B0006,497,64.45556804271465,66.262344
TD-All,refit_on_3,42,B0006,501,64.44711910522597,66.32875
TD-All,refit_on_3,42,B0006,505,63.9153253541329,65.9484
TD-All,refit_on_3,42,B0006,509,63.40709756117343,65.6962
TD-All,refit_on_3,42,B0006,513,63.40485519747241,65.78187
TD-All,refit_on_3,42,B0006,517,63.14854807557744,65.558716
TD-All,refit_on_3,42,B0006,521,63.15304028594434,65.42757
TD-All,refit_on_3,42,B0006,525,62.63936845251047,65.306244
TD-All,refit_on_3,42,B0006,529,62.36048327920517,65.27287
TD-All,refit_on_3,42,B0006,533,62.11872624491582,64.97349
TD-All,refit_on_3,42,B0006,537,62.11731201074328,64.851
TD-All,refit_on_3,42,B0006,541,61.86235410492132,64.82165
TD-All,refit_on_3,42,B0006,545,62.12742822257309,64.95447
TD-All,refit_on_3,42,B0006,548,63.93010610326108,66.447205
TD-All,refit_on_3,42,B0006,552,62.62827859533666,65.10161
TD-All,refit_on_3,42,B0006,556,61.85683618405182,64.79487
TD-All,refit_on_3,42,B0006,560,61.07092794836815,64.49527
TD-All,refit_on_3,42,B0006,564,60.82277612678393,64.1636
TD-All,refit_on_3,42,B0006,568,60.55640953242813,64.23067
TD-All,refit_on_3,42,B0006,572,60.02917505279337,63.866627
TD-All,refit_on_3,42,B0006,576,59.75722270334661,63.81389
TD-All,refit_on_3,42,B0006,580,59.52315601830062,63.55448
TD-All,refit_on_3,42,B0006,584,59.01246912863032,63.535908
TD-All,refit_on_3,42,B0006,588,58.74426171153606,63.370228
TD-All,refit_on_3,42,B0006,592,58.47122551716232,63.286797
TD-All,refit_on_3,42,B0006,596,58.2196597592319,63.161507
TD-All,refit_on_3,42,B0006,600,57.18983519098029,62.97789
TD-All,refit_on_3,42,B0006,604,57.71437056534329,63.03872
TD-All,refit_on_3,42,B0006,608,57.43663099473362,62.684
TD-All,refit_on_3,42,B0006,612,58.23847489632371,63.364124
TD-All,refit_on_3,42,B0006,614,58.76884540363096,64.02447
TD-All,pre_refit,42,B0007,2,100.45351791563915,97.72455
TD-All,pre_refit,42,B0007,4,99.900254379013,96.1069
TD-All,pre_refit,42,B0007,6,99.90161660017114,95.98111
TD-All,pre_refit,42,B0007,8,99.9073657865712,95.71993
TD-All,pre_refit,42,B0007,10,99.83724531860553,95.69333
TD-All,pre_refit,42,B0007,12,99.90361817867274,96.52746
TD-All,pre_refit,42,B0007,14,99.86297576917136,96.50871
TD-All,pre_refit,42,B0007,16,99.94656396119812,95.86306
TD-All,pre_refit,42,B0007,18,99.31878532934633,95.67464
TD-All,pre_refit,42,B0007,20,99.33799331164263,95.53516
TD-All,pre_refit,42,B0007,22,99.33756087304828,95.29175
TD-All,pre_refit,42,B0007,25,98.78551523188162,95.86179
TD-All,pre_refit,42,B0007,27,98.75485184986668,95.43897
TD-All,pre_refit,42,B0007,29,98.75133536665352,95.51725
TD-All,pre_refit,42,B0007,31,98.77012942519043,95.48665
TD-All,pre_refit,42,B0007,33,98.73683812511632,95.334435
TD-All,pre_refit,42,B0007,35,98.15685575226132,95.12575
TD-All,pre_refit,42,B0007,37,98.19446503474695,95.42972
TD-All,pre_refit,42,B0007,39,98.186691403046,95.35932
TD-All,pre_refit,42,B0007,42,99.90787801510066,95.835106
TD-All,pre_refit,42,B0007,46,99.94461695603135,95.69196
TD-All,pre_refit,42,B0007,50,99.92460497901308,95.918625
TD-All,pre_refit,42,B0007,54,99.38880751306714,95.31223
TD-All,pre_refit,42,B0007,58,99.34580918956073,95.366806
TD-All,pre_refit,42,B0007,62,99.37088315432128,95.42857
TD-All,pre_refit,42,B0007,66,98.78342046080256,95.07448
TD-All,pre_refit,42,B0007,70,98.8058078187501,95.54021
TD-All,pre_refit,42,B0007,74,98.75966747373796,95.2863
TD-All,pre_refit,42,B0007,78,98.1739885027512,94.852646
TD-All,pre_refit,42,B0007,82,98.23039625446908,95.316216
TD-All,pre_refit,42,B0007,86,100.05062324611636,97.972885
TD-All,pre_refit,42,B0007,90,98.95386520139344,97.065506
TD-All,pre_refit,42,B0007,94,98.38356039411237,96.9136
TD-All,pre_refit,42,B0007,98,98.11080955264678,96.640945
TD-All,pre_refit,42,B0007,102,97.57312273601715,96.36105
TD-All,pre_refit,42,B0007,106,97.5908400366413,96.50885
TD-All,pre_refit,42,B0007,110,97.29922460125108,96.22868
TD-All,pre_refit,42,B0007,114,96.74012336609094,96.084885
TD-All,pre_refit,42,B0007,118,96.49359124138364,95.9651
TD-All,pre_refit,42,B0007,122,96.22137391342224,95.956856
TD-All,pre_refit,42,B0007,126,96.233276781278,95.95152
TD-All,pre_refit,42,B0007,130,95.93841918044076,95.87473
TD-All,pre_refit,42,B0007,134,96.31819241353496,95.9946
TD-All,pre_refit,42,B0007,136,95.94953719543624,95.77279
TD-All,pre_refit,42,B0007,140,95.3953227427902,95.35705
TD-All,pre_refit,42,B0007,144,94.86699939598208,95.198074
TD-All,pre_refit,42,B0007,148,94.57173479963342,95.08394
TD-All,pre_refit,42,B0007,150,96.41760769059738,95.68109
TD-All,pre_refit,42,B0007,154,96.45090493439226,96.576485
TD-All,pre_refit,42,B0007,158,95.6297003383392,96.12004
TD-All,pre_refit,42,B0007,162,95.10935396520227,95.51598
TD-All,pre_refit,42,B0007,166,94.57259385530976,95.212105
TD-All,pre_refit,42,B0007,170,94.30623404626093,94.70768
TD-All,pre_refit,42,B0007,174,94.0371367595855,94.147224
TD-All,pre_refit,42,B0007,178,93.49626919937222,93.858734
TD-All,pre_refit,42,B0007,182,92.9420388383138,93.008415
TD-All,pre_refit,42,B0007,186,92.94217065781828,92.85515
TD-All,pre_refit,42,B0007,190,92.69668329388116,92.39756
TD-All,pre_refit,42,B0007,194,92.41073633514534,92.12803
TD-All,pre_refit,42,B0007,198,91.82208130681248,91.51175
TD-All,pre_refit,42,B0007,202,91.5743327473832,91.60376
TD-All,pre_refit,42,B0007,206,91.04730118386937,90.81495
TD-All,pre_refit,42,B0007,210,91.04684020750553,90.72525
TD-All,pre_refit,42,B0007,214,90.49873919973382,90.070755
TD-All,pre_refit,42,B0007,216,90.51794914609178,90.08378
TD-All,pre_refit,42,B0007,220,89.96325858213598,89.78578
TD-All,pre_refit,42,B0007,224,89.64911074691454,89.38499
TD-All,pre_refit,42,B0007,228,89.4056438247883,89.11012
TD-All,pre_refit,42,B0007,232,89.13221056506995,88.83613
TD-All,pre_refit,42,B0007,236,88.88142970948275,88.52623
TD-All,pre_refit,42,B0007,240,88.57496163215028,88.09107
TD-All,pre_refit,42,B0007,244,88.30030467403411,87.855
TD-All,pre_refit,42,B0007,248,88.04309784572763,87.39792
TD-All,pre_refit,42,B0007,252,87.7835715053401,87.00644
TD-All,pre_refit,42,B0007,256,87.5009058762453,86.78524
TD-All,pre_refit,42,B0007,260,86.92700430940862,86.351135
TD-All,pre_refit,42,B0007,264,86.91859800690037,86.33885
TD-All,pre_refit,42,B0007,266,87.17696241036246,86.45172
TD-All,pre_refit,42,B0007,270,86.66971006432802,85.88836
TD-All,pre_refit,42,B0007,274,86.11955257111292,85.26275
TD-All,pre_refit,42,B0007,278,85.86532022039283,85.18361
TD-All,pre_refit,42,B0007,282,85.83324550155743,84.663345
TD-All,pre_refit,42,B0007,286,85.88108948972226,84.64748
TD-All,pre_refit,42,B0007,290,85.56987844007078,84.439766
TD-All,pre_refit,42,B0007,294,85.027771191142,83.90492
TD-All,pre_refit,42,B0007,298,84.77582688520748,83.16538
TD-All,pre_refit,42,B0007,302,84.79178974791847,83.50157
TD-All,pre_refit,42,B0007,306,84.76993385106519,83.54534
TD-All,pre_refit,42,B0007,310,84.49605927424464,83.50522
TD-All,pre_refit,42,B0007,313,89.71090998622898,89.21646
TD-All,pre_refit,42,B0007,316,86.37349719367897,85.10439
TD-All,pre_refit,42,B0007,320,85.82898928627563,85.05339
TD-All,pre_refit,42,B0007,324,85.2934976107533,84.48387
TD-All,pre_refit,42,B0007,328,84.72574724857897,83.9018
TD-All,pre_refit,42,B0007,332,84.48328177752624,83.533066
TD-All,pre_refit,42,B0007,336,84.21457006738538,83.31497
TD-All,pre_refit,42,B0007,340,83.9288888229777,83.18999
TD-All,pre_refit,42,B0007,344,83.67629222648154,83.07346
TD-All,pre_refit,42,B0007,348,83.38837618926404,82.79996
TD-All,pre_refit,42,B0007,352,83.41270816038221,82.706154
TD-All,pre_refit,42,B0007,356,83.14675201444969,82.48631
TD-All,pre_refit,42,B0007,360,82.8484308280049,82.39176
TD-All,pre_refit,42,B0007,364,83.13252526962864,82.29633
TD-All,pre_refit,42,B0007,367,83.66359396289195,83.4579
TD-All,pre_refit,42,B0007,371,83.14841165448959,83.15603
TD-All,pre_refit,42,B0007,375,82.85488835556158,82.85083
TD-All,pre_refit,42,B0007,379,82.33123711829187,82.07487
TD-All,pre_refit,42,B0007,383,82.01142381939957,81.88334
TD-All,pre_refit,42,B0007,387,82.07206587982726,82.07541
TD-All,pre_refit,42,B0007,391,82.0495038543302,82.19117
TD-All,pre_refit,42,B0007,395,81.5031419618624,81.7916
TD-All,pre_refit,42,B0007,399,81.20841503507037,81.24098
TD-All,pre_refit,42,B0007,403,81.21721340553746,81.45205
TD-All,pre_refit,42,B0007,407,81.22601148878292,81.50567
TD-All,pre_refit,42,B0007,411,80.95054391771832,81.40531
TD-All,pre_refit,42,B0007,415,80.67227833994721,81.00678
TD-All,pre_refit,42,B0007,419,80.40565013650571,80.48883
TD-All,pre_refit,42,B0007,423,80.40335490244634,80.5753
TD-All,pre_refit,42,B0007,427,80.42152437300291,80.98079
TD-All,pre_refit,42,B0007,431,81.48461605871495,81.75215
TD-All,pre_refit,42,B0007,433,81.75963969607048,82.23044
TD-All,pre_refit,42,B0007,437,80.93560989493338,81.511116
TD-All,pre_refit,42,B0007,441,80.40209515327608,80.76588
TD-All,pre_refit,42,B0007,445,80.09419697809993,80.2775
TD-All,pre_refit,42,B0007,449,79.85042691616567,80.06043
TD-All,pre_refit,42,B0007,453,79.56495728605914,79.810486
TD-All,pre_refit,42,B0007,457,79.30076147796538,79.63186
TD-All,pre_refit,42,B0007,461,79.2776995197187,79.32062
TD-All,pre_refit,42,B0007,465,79.01573008127421,79.09085
TD-All,pre_refit,42,B0007,469,78.7529099419952,78.88559
TD-All,pre_refit,42,B0007,473,78.76631135529045,78.77407
TD-All,pre_refit,42,B0007,477,78.45734950325969,78.58118
TD-All,pre_refit,42,B0007,481,78.71925319505982,78.708305
TD-All,pre_refit,42,B0007,483,79.58166685963718,80.006004
TD-All,pre_refit,42,B0007,485,78.72860058663869,79.76099
TD-All,pre_refit,42,B0007,489,78.46501751785956,78.9002
TD-All,pre_refit,42,B0007,493,78.19738333514631,78.33264
TD-All,pre_refit,42,B0007,497,78.20645287101384,78.45105
TD-All,pre_refit,42,B0007,501,77.92824275772597,78.70933
TD-All,pre_refit,42,B0007,505,77.6497101362114,78.47645
TD-All,pre_refit,42,B0007,509,77.38028422735451,77.878654
TD-All,pre_refit,42,B0007,513,77.09660547904922,77.33587
TD-All,pre_refit,42,B0007,517,77.11046744203753,77.446556
TD-All,pre_refit,42,B0007,521,76.85550035450103,77.633446
TD-All,pre_refit,42,B0007,525,76.85236240084764,77.28341
TD-All,pre_refit,42,B0007,529,76.56671722215358,76.61837
TD-All,pre_refit,42,B0007,533,76.29399038621672,76.27577
TD-All,pre_refit,42,B0007,537,76.32425788720361,76.47354
TD-All,pre_refit,42,B0007,541,76.29658741049414,76.64356
TD-All,pre_refit,42,B0007,545,76.59209728582513,76.40549
TD-All,pre_refit,42,B0007,548,77.93863743061358,78.02528
TD-All,pre_refit,42,B0007,552,77.12364718084329,77.61973
TD-All,pre_refit,42,B0007,556,76.8725967441492,77.248886
TD-All,pre_refit,42,B0007,560,76.58854113704766,76.88152
TD-All,pre_refit,42,B0007,564,76.04885672654179,76.50276
TD-All,pre_refit,42,B0007,568,76.05828438472663,76.19463
TD-All,pre_refit,42,B0007,572,75.76335089505734,76.155365
TD-All,pre_refit,42,B0007,576,75.75439980355237,75.93125
TD-All,pre_refit,42,B0007,580,75.49812548326929,75.628654
TD-All,pre_refit,42,B0007,584,75.23591897923467,75.706955
TD-All,pre_refit,42,B0007,588,75.24924732301496,75.531876
TD-All,pre_refit,42,B0007,592,74.94444174506414,75.460014
TD-All,pre_refit,42,B0007,596,74.95266425125988,75.25969
TD-All,pre_refit,42,B0007,600,74.69643604452878,75.15639
TD-All,pre_refit,42,B0007,604,74.7051700493532,75.030304
TD-All,pre_refit,42,B0007,608,74.39278959915883,74.97716
TD-All,pre_refit,42,B0007,612,75.52591562947222,75.79624
TD-All,pre_refit,42,B0007,614,76.09264518290325,76.86724
TD-All,refit_on_3,42,B0007,2,100.45351791563915,100.8116
TD-All,refit_on_3,42,B0007,4,99.900254379013,99.41513
TD-All,refit_on_3,42,B0007,6,99.90161660017114,99.16183
TD-All,refit_on_3,42,B0007,8,99.9073657865712,98.714355
TD-All,refit_on_3,42,B0007,10,99.83724531860553,98.594795
TD-All,refit_on_3,42,B0007,12,99.90361817867274,99.40776
TD-All,refit_on_3,42,B0007,14,99.86297576917136,99.47933
TD-All,refit_on_3,42,B0007,16,99.94656396119812,98.53375
TD-All,refit_on_3,42,B0007,18,99.31878532934633,98.19778
TD-All,refit_on_3,42,B0007,20,99.33799331164263,97.999794
TD-All,refit_on_3,42,B0007,22,99.33756087304828,97.607315
TD-All,refit_on_3,42,B0007,25,98.78551523188162,97.92586
TD-All,refit_on_3,42,B0007,27,98.75485184986668,97.18672
TD-All,refit_on_3,42,B0007,29,98.75133536665352,97.57574
TD-All,refit_on_3,42,B0007,31,98.77012942519043,96.43668
TD-All,refit_on_3,42,B0007,33,98.73683812511632,96.09741
TD-All,refit_on_3,42,B0007,35,98.15685575226132,95.754074
TD-All,refit_on_3,42,B0007,37,98.19446503474695,95.3488
TD-All,refit_on_3,42,B0007,39,98.186691403046,95.563255
TD-All,refit_on_3,42,B0007,42,99.90787801510066,98.828125
TD-All,refit_on_3,42,B0007,46,99.94461695603135,98.78657
TD-All,refit_on_3,42,B0007,50,99.92460497901308,98.36542
TD-All,refit_on_3,42,B0007,54,99.38880751306714,97.33334
TD-All,refit_on_3,42,B0007,58,99.34580918956073,97.504135
TD-All,refit_on_3,42,B0007,62,99.37088315432128,95.96205
TD-All,refit_on_3,42,B0007,66,98.78342046080256,95.98767
TD-All,refit_on_3,42,B0007,70,98.8058078187501,95.836914
TD-All,refit_on_3,42,B0007,74,98.75966747373796,95.84804
TD-All,refit_on_3,42,B0007,78,98.1739885027512,95.68527
TD-All,refit_on_3,42,B0007,82,98.23039625446908,95.73202
TD-All,refit_on_3,42,B0007,86,100.05062324611636,98.76512
TD-All,refit_on_3,42,B0007,90,98.95386520139344,98.502495
TD-All,refit_on_3,42,B0007,94,98.38356039411237,97.82772
TD-All,refit_on_3,42,B0007,98,98.11080955264678,97.40639
TD-All,refit_on_3,42,B0007,102,97.57312273601715,97.00195
TD-All,refit_on_3,42,B0007,106,97.5908400366413,97.75491
TD-All,refit_on_3,42,B0007,110,97.29922460125108,97.15068
TD-All,refit_on_3,42,B0007,114,96.74012336609094,96.60569
TD-All,refit_on_3,42,B0007,118,96.49359124138364,96.47249
TD-All,refit_on_3,42,B0007,122,96.22137391342224,96.677734
TD-All,refit_on_3,42,B0007,126,96.233276781278,97.06575
TD-All,refit_on_3,42,B0007,130,95.93841918044076,96.92103
TD-All,refit_on_3,42,B0007,134,96.31819241353496,96.90695
TD-All,refit_on_3,42,B0007,136,95.94953719543624,96.46413
TD-All,refit_on_3,42,B0007,140,95.3953227427902,95.7767
TD-All,refit_on_3,42,B0007,144,94.86699939598208,95.43628
TD-All,refit_on_3,42,B0007,148,94.57173479963342,95.35213
TD-All,refit_on_3,42,B0007,150,96.41760769059738,98.16502
TD-All,refit_on_3,42,B0007,154,96.45090493439226,97.251114
TD-All,refit_on_3,42,B0007,158,95.6297003383392,96.274994
TD-All,refit_on_3,42,B0007,162,95.10935396520227,95.89573
TD-All,refit_on_3,42,B0007,166,94.57259385530976,95.498795
TD-All,refit_on_3,42,B0007,170,94.30623404626093,95.26218
TD-All,refit_on_3,42,B0007,174,94.0371367595855,95.14261
TD-All,refit_on_3,42,B0007,178,93.49626919937222,94.63588
TD-All,refit_on_3,42,B0007,182,92.9420388383138,93.92872
TD-All,refit_on_3,42,B0007,186,92.94217065781828,93.71097
TD-All,refit_on_3,42,B0007,190,92.69668329388116,93.528275
TD-All,refit_on_3,42,B0007,194,92.41073633514534,93.4245
TD-All,refit_on_3,42,B0007,198,91.82208130681248,92.39134
TD-All,refit_on_3,42,B0007,202,91.5743327473832,92.58097
TD-All,refit_on_3,42,B0007,206,91.04730118386937,91.30824
TD-All,refit_on_3,42,B0007,210,91.04684020750553,91.85925
TD-All,refit_on_3,42,B0007,214,90.49873919973382,90.47118
TD-All,refit_on_3,42,B0007,216,90.51794914609178,91.04082
TD-All,refit_on_3,42,B0007,220,89.96325858213598,90.790825
TD-All,refit_on_3,42,B0007,224,89.64911074691454,90.09514
TD-All,refit_on_3,42,B0007,228,89.4056438247883,89.85929
TD-All,refit_on_3,42,B0007,232,89.13221056506995,89.65237
TD-All,refit_on_3,42,B0007,236,88.88142970948275,89.37453
TD-All,refit_on_3,42,B0007,240,88.57496163215028,88.69812
TD-All,refit_on_3,42,B0007,244,88.30030467403411,88.44516
TD-All,refit_on_3,42,B0007,248,88.04309784572763,87.90023
TD-All,refit_on_3,42,B0007,252,87.7835715053401,87.43652
TD-All,refit_on_3,42,B0007,256,87.5009058762453,87.24126
TD-All,refit_on_3,42,B0007,260,86.92700430940862,86.72803
TD-All,refit_on_3,42,B0007,264,86.91859800690037,86.53949
TD-All,refit_on_3,42,B0007,266,87.17696241036246,86.98839
TD-All,refit_on_3,42,B0007,270,86.66971006432802,86.22983
TD-All,refit_on_3,42,B0007,274,86.11955257111292,85.37372
TD-All,refit_on_3,42,B0007,278,85.86532022039283,85.51907
TD-All,refit_on_3,42,B0007,282,85.83324550155743,85.1915
TD-All,refit_on_3,42,B0007,286,85.88108948972226,85.47814
TD-All,refit_on_3,42,B0007,290,85.56987844007078,85.24475
TD-All,refit_on_3,42,B0007,294,85.027771191142,84.46382
TD-All,refit_on_3,42,B0007,298,84.77582688520748,83.39649
TD-All,refit_on_3,42,B0007,302,84.79178974791847,84.25294
TD-All,refit_on_3,42,B0007,306,84.76993385106519,84.18997
TD-All,refit_on_3,42,B0007,310,84.49605927424464,83.20408
TD-All,refit_on_3,42,B0007,313,89.71090998622898,89.19676
TD-All,refit_on_3,42,B0007,316,86.37349719367897,85.99073
TD-All,refit_on_3,42,B0007,320,85.82898928627563,84.97465
TD-All,refit_on_3,42,B0007,324,85.2934976107533,84.428604
TD-All,refit_on_3,42,B0007,328,84.72574724857897,84.30335
TD-All,refit_on_3,42,B0007,332,84.48328177752624,83.760864
TD-All,refit_on_3,42,B0007,336,84.21457006738538,83.58631
TD-All,refit_on_3,42,B0007,340,83.9288888229777,83.41538
TD-All,refit_on_3,42,B0007,344,83.67629222648154,83.253975
TD-All,refit_on_3,42,B0007,348,83.38837618926404,82.91466
TD-All,refit_on_3,42,B0007,352,83.41270816038221,83.02328
TD-All,refit_on_3,42,B0007,356,83.14675201444969,81.87578
TD-All,refit_on_3,42,B0007,360,82.8484308280049,82.00124
TD-All,refit_on_3,42,B0007,364,83.13252526962864,82.0053
TD-All,refit_on_3,42,B0007,367,83.66359396289195,83.162895
TD-All,refit_on_3,42,B0007,371,83.14841165448959,81.91819
TD-All,refit_on_3,42,B0007,375,82.85488835556158,82.48305
TD-All,refit_on_3,42,B0007,379,82.33123711829187,80.85005
TD-All,refit_on_3,42,B0007,383,82.01142381939957,81.52023
TD-All,refit_on_3,42,B0007,387,82.07206587982726,81.156815
TD-All,refit_on_3,42,B0007,391,82.0495038543302,81.43619
TD-All,refit_on_3,42,B0007,395,81.5031419618624,80.72119
TD-All,refit_on_3,42,B0007,399,81.20841503507037,80.46763
TD-All,refit_on_3,42,B0007,403,81.21721340553746,80.40347
TD-All,refit_on_3,42,B0007,407,81.22601148878292,79.726974
TD-All,refit_on_3,42,B0007,411,80.95054391771832,79.58474
TD-All,refit_on_3,42,B0007,415,80.67227833994721,79.45881
TD-All,refit_on_3,42,B0007,419,80.40565013650571,79.09069
TD-All,refit_on_3,42,B0007,423,80.40335490244634,79.08109
TD-All,refit_on_3,42,B0007,427,80.42152437300291,79.079544
TD-All,refit_on_3,42,B0007,431,81.48461605871495,79.72705
TD-All,refit_on_3,42,B0007,433,81.75963969607048,81.415764
TD-All,refit_on_3,42,B0007,437,80.93560989493338,79.52686
TD-All,refit_on_3,42,B0007,441,80.40209515327608,79.40758
TD-All,refit_on_3,42,B0007,445,80.09419697809993,79.08342
TD-All,refit_on_3,42,B0007,449,79.85042691616567,78.875206
TD-All,refit_on_3,42,B0007,453,79.56495728605914,78.67578
TD-All,refit_on_3,42,B0007,457,79.30076147796538,78.51711
TD-All,refit_on_3,42,B0007,461,79.2776995197187,78.34856
TD-All,refit_on_3,42,B0007,465,79.01573008127421,77.3058
TD-All,refit_on_3,42,B0007,469,78.7529099419952,77.362854
TD-All,refit_on_3,42,B0007,473,78.76631135529045,77.61997
TD-All,refit_on_3,42,B0007,477,78.45734950325969,76.80925
TD-All,refit_on_3,42,B0007,481,78.71925319505982,77.68651
TD-All,refit_on_3,42,B0007,483,79.58166685963718,78.796616
TD-All,refit_on_3,42,B0007,485,78.72860058663869,77.74562
TD-All,refit_on_3,42,B0007,489,78.46501751785956,76.60046
TD-All,refit_on_3,42,B0007,493,78.19738333514631,76.11691
TD-All,refit_on_3,42,B0007,497,78.20645287101384,77.138306
TD-All,refit_on_3,42,B0007,501,77.92824275772597,76.69904
TD-All,refit_on_3,42,B0007,505,77.6497101362114,76.44091
TD-All,refit_on_3,42,B0007,509,77.38028422735451,75.75378
TD-All,refit_on_3,42,B0007,513,77.09660547904922,75.73668
TD-All,refit_on_3,42,B0007,517,77.11046744203753,75.837326
TD-All,refit_on_3,42,B0007,521,76.85550035450103,75.95626
TD-All,refit_on_3,42,B0007,525,76.85236240084764,74.71626
TD-All,refit_on_3,42,B0007,529,76.56671722215358,74.22157
TD-All,refit_on_3,42,B0007,533,76.29399038621672,74.682556
TD-All,refit_on_3,42,B0007,537,76.32425788720361,74.501175
TD-All,refit_on_3,42,B0007,541,76.29658741049414,74.06691
TD-All,refit_on_3,42,B0007,545,76.59209728582513,73.71008
TD-All,refit_on_3,42,B0007,548,77.93863743061358,77.05312
TD-All,refit_on_3,42,B0007,552,77.12364718084329,75.161224
TD-All,refit_on_3,42,B0007,556,76.8725967441492,75.602295
TD-All,refit_on_3,42,B0007,560,76.58854113704766,75.371056
TD-All,refit_on_3,42,B0007,564,76.04885672654179,74.895386
TD-All,refit_on_3,42,B0007,568,76.05828438472663,73.67127
TD-All,refit_on_3,42,B0007,572,75.76335089505734,74.30202
TD-All,refit_on_3,42,B0007,576,75.75439980355237,74.397545
TD-All,refit_on_3,42,B0007,580,75.49812548326929,73.22931
TD-All,refit_on_3,42,B0007,584,75.23591897923467,74.01224
TD-All,refit_on_3,42,B0007,588,75.24924732301496,72.76712
TD-All,refit_on_3,42,B0007,592,74.94444174506414,73.53663
TD-All,refit_on_3,42,B0007,596,74.95266425125988,72.57655
TD-All,refit_on_3,42,B0007,600,74.69643604452878,73.102646
TD-All,refit_on_3,42,B0007,604,74.7051700493532,72.29733
TD-All,refit_on_3,42,B0007,608,74.39278959915883,73.012726
TD-All,refit_on_3,42,B0007,612,75.52591562947222,73.18715
TD-All,refit_on_3,42,B0007,614,76.09264518290325,75.42528
TD-All,pre_refit,42,B0018,3,100.8025811041783,91.07607
TD-All,pre_refit,42,B0018,7,100.16087022619236,93.75014
TD-All,pre_refit,42,B0018,11,99.96558598273582,92.88993
TD-All,pre_refit,42,B0018,15,99.48041766162956,92.79818
TD-All,pre_refit,42,B0018,18,99.59054502526398,95.28828
TD-All,pre_refit,42,B0018,20,99.36387169185286,92.788345
TD-All,pre_refit,42,B0018,22,98.96567828327716,92.275925
TD-All,pre_refit,42,B0018,24,98.63793870309058,91.932175
TD-All,pre_refit,42,B0018,27,98.04714689052696,91.761795
TD-All,pre_refit,42,B0018,30,99.06887382997856,94.746826
TD-All,pre_refit,42,B0018,32,98.47248926951052,92.792755
TD-All,pre_refit,42,B0018,34,98.068534707018,92.02212
TD-All,pre_refit,42,B0018,36,97.31606084566693,91.29693
TD-All,pre_refit,42,B0018,39,96.91537145663308,90.69131
TD-All,pre_refit,42,B0018,42,96.77777434993364,93.56095
TD-All,pre_refit,42,B0018,44,96.24906078283864,91.90797
TD-All,pre_refit,42,B0018,46,96.10893521170082,91.1706
TD-All,pre_refit,42,B0018,48,95.29382636269746,90.385
TD-All,pre_refit,42,B0018,51,94.89112029628322,89.40241
TD-All,pre_refit,42,B0018,54,94.42623362260446,90.56763
TD-All,pre_refit,42,B0018,56,94.09214261326034,88.95391
TD-All,pre_refit,42,B0018,58,92.84655809058668,89.35536
TD-All,pre_refit,42,B0018,60,93.00278636580364,88.47002
TD-All,pre_refit,42,B0018,63,92.78717154289568,88.09355
TD-All,pre_refit,42,B0018,66,95.05514633441328,91.69791
TD-All,pre_refit,42,B0018,68,94.16023397654948,90.536316
TD-All,pre_refit,42,B0018,70,93.58756901230694,90.19995
TD-All,pre_refit,42,B0018,72,93.02323711734508,89.44518
TD-All,pre_refit,42,B0018,75,92.33971230163448,88.48744
TD-All,pre_refit,42,B0018,78,92.05544475967478,89.607666
TD-All,pre_refit,42,B0018,80,91.39607597710202,88.32843
TD-All,pre_refit,42,B0018,82,91.12841202900309,88.2985
TD-All,pre_refit,42,B0018,84,90.50598444143154,87.7271
TD-All,pre_refit,42,B0018,87,90.05329919062662,86.752914
TD-All,pre_refit,42,B0018,90,89.56595375021743,87.72541
TD-All,pre_refit,42,B0018,92,89.05221474379236,85.977356
TD-All,pre_refit,42,B0018,94,88.4478648526792,85.955734
TD-All,pre_refit,42,B0018,96,88.14926233550939,85.8918
TD-All,pre_refit,42,B0018,99,87.70654438914323,85.17117
TD-All,pre_refit,42,B0018,102,91.07812245566797,88.839615
TD-All,pre_refit,42,B0018,104,89.62445100410937,86.69978
TD-All,pre_refit,42,B0018,106,88.70513095013024,85.70751
TD-All,pre_refit,42,B0018,108,87.83746900859978,84.83376
TD-All,pre_refit,42,B0018,111,87.53788044222665,84.209854
TD-All,pre_refit,42,B0018,114,86.69891328476463,84.96156
TD-All,pre_refit,42,B0018,117,93.83080462693712,90.20627
TD-All,pre_refit,42,B0018,119,93.27978546012802,89.17292
TD-All,pre_refit,42,B0018,121,92.1525471966999,88.32249
TD-All,pre_refit,42,B0018,123,91.17195305362098,87.48675
TD-All,pre_refit,42,B0018,125,90.2416573040256,86.7538
TD-All,pre_refit,42,B0018,128,90.55423897233052,89.24532
TD-All,pre_refit,42,B0018,130,89.49039068452917,86.36478
TD-All,pre_refit,42,B0018,132,88.3454487099843,86.28241
TD-All,pre_refit,42,B0018,134,87.60607299731777,85.438675
TD-All,pre_refit,42,B0018,136,87.25714700042141,84.53066
TD-All,pre_refit,42,B0018,141,90.9473619616094,90.143295
TD-All,pre_refit,42,B0018,143,89.1426764135498,86.331245
TD-All,pre_refit,42,B0018,145,87.66626044455795,84.94172
TD-All,pre_refit,42,B0018,147,86.51592379470374,83.69541
TD-All,pre_refit,42,B0018,150,86.21730704320841,83.01679
TD-All,pre_refit,42,B0018,153,85.8627581657356,84.06798
TD-All,pre_refit,42,B0018,155,84.99855590440428,82.54974
TD-All,pre_refit,42,B0018,157,84.53366840480606,81.88262
TD-All,pre_refit,42,B0018,159,83.69607194854545,81.32535
TD-All,pre_refit,42,B0018,162,83.25899594193369,80.50039
TD-All,pre_refit,42,B0018,165,83.22975722050174,81.22615
TD-All,pre_refit,42,B0018,167,82.72092847997168,80.005035
TD-All,pre_refit,42,B0018,169,81.86598978006339,79.22693
TD-All,pre_refit,42,B0018,171,81.58859278240016,78.93511
TD-All,pre_refit,42,B0018,174,81.31316363799587,78.23898
TD-All,pre_refit,42,B0018,177,83.32773163808899,81.80731
TD-All,pre_refit,42,B0018,179,82.80709531820148,80.1107
TD-All,pre_refit,42,B0018,181,81.57610219236552,78.891975
TD-All,pre_refit,42,B0018,183,81.09929204028072,78.56419
TD-All,pre_refit,42,B0018,185,80.60512587063184,77.78784
TD-All,pre_refit,42,B0018,188,80.4645909654616,78.69916
TD-All,pre_refit,42,B0018,190,80.07171192098461,77.44138
TD-All,pre_refit,42,B0018,192,79.77346222448996,77.23794
TD-All,pre_refit,42,B0018,194,79.23402412051846,76.421906
TD-All,pre_refit,42,B0018,197,78.6783203089025,75.419556
TD-All,pre_refit,42,B0018,200,78.94539372549075,76.73298
TD-All,pre_refit,42,B0018,202,78.38865828037459,75.48981
TD-All,pre_refit,42,B0018,204,78.21127069246836,75.66403
TD-All,pre_refit,42,B0018,206,77.6339684068403,75.2652
TD-All,pre_refit,42,B0018,209,77.43046760934243,74.525
TD-All,pre_refit,42,B0018,212,79.8708545166814,78.4787
TD-All,pre_refit,42,B0018,214,78.93458463676515,76.02361
TD-All,pre_refit,42,B0018,216,78.40488242765085,75.15231
TD-All,pre_refit,42,B0018,218,77.61921434771055,74.36178
TD-All,pre_refit,42,B0018,220,76.9170609064971,73.553444
TD-All,pre_refit,42,B0018,223,79.04297866359087,77.02369
TD-All,pre_refit,42,B0018,225,77.61605692618127,74.98748
TD-All,pre_refit,42,B0018,227,77.14789574863566,74.53647
TD-All,pre_refit,42,B0018,229,76.92281444261894,74.173485
TD-All,pre_refit,42,B0018,232,76.3858924270674,73.1569
TD-All,pre_refit,42,B0018,235,76.53620320177981,74.45699
TD-All,pre_refit,42,B0018,237,75.9063201738239,73.10688
TD-All,pre_refit,42,B0018,239,75.72766142150313,72.93178
TD-All,pre_refit,42,B0018,241,75.49928800503805,72.85552
TD-All,pre_refit,42,B0018,244,74.9124451895705,71.936226
TD-All,pre_refit,42,B0018,247,75.25674730493446,73.33737
TD-All,pre_refit,42,B0018,249,74.46467849076038,71.61387
TD-All,pre_refit,42,B0018,251,74.62885626516028,71.884605
TD-All,pre_refit,42,B0018,253,74.33553994642665,71.838196
TD-All,pre_refit,42,B0018,256,73.72504079935909,70.90336
TD-All,pre_refit,42,B0018,259,79.36110924975578,77.33119
TD-All,pre_refit,42,B0018,261,78.799706688891,76.51621
TD-All,pre_refit,42,B0018,263,78.14983302548104,76.20213
TD-All,pre_refit,42,B0018,265,77.61878718971624,75.33871
TD-All,pre_refit,42,B0018,267,76.88079746021991,74.26284
TD-All,pre_refit,42,B0018,270,76.8319836786595,74.98654
TD-All,pre_refit,42,B0018,272,76.01926160635412,73.85621
TD-All,pre_refit,42,B0018,274,75.82358510102308,74.126625
TD-All,pre_refit,42,B0018,276,75.53633219814198,74.18549
TD-All,pre_refit,42,B0018,279,75.31793705780649,72.77342
TD-All,pre_refit,42,B0018,282,75.43684114368729,73.26082
TD-All,pre_refit,42,B0018,284,74.7829788363973,71.62033
TD-All,pre_refit,42,B0018,286,74.15991898288928,71.27654
TD-All,pre_refit,42,B0018,288,73.84846878839457,71.25888
TD-All,pre_refit,42,B0018,291,73.15537271331122,70.916595
TD-All,pre_refit,42,B0018,294,77.53589472577204,75.57572
TD-All,pre_refit,42,B0018,296,76.42763235972666,74.35425
TD-All,pre_refit,42,B0018,298,75.72351586777258,73.563774
TD-All,pre_refit,42,B0018,300,75.4386936803776,73.14446
TD-All,pre_refit,42,B0018,302,74.45721490205536,72.1279
TD-All,pre_refit,42,B0018,305,74.97385174402893,73.27975
TD-All,pre_refit,42,B0018,307,74.3741167471391,72.41522
TD-All,pre_refit,42,B0018,309,74.05233968989694,72.666016
TD-All,pre_refit,42,B0018,311,74.08863589293038,72.60791
TD-All,pre_refit,42,B0018,314,73.46151441244959,71.01617
TD-All,pre_refit,42,B0018,317,73.62086195282473,71.941925
TD-All,pre_refit,42,B0018,319,72.87391760769836,70.9039
TD-All,refit_on_3,42,B0018,3,100.8025811041783,91.1209
TD-All,refit_on_3,42,B0018,7,100.16087022619236,93.99852
TD-All,refit_on_3,42,B0018,11,99.96558598273582,93.27036
TD-All,refit_on_3,42,B0018,15,99.48041766162956,93.1872
TD-All,refit_on_3,42,B0018,18,99.59054502526398,95.395424
TD-All,refit_on_3,42,B0018,20,99.36387169185286,93.22896
TD-All,refit_on_3,42,B0018,22,98.96567828327716,92.78988
TD-All,refit_on_3,42,B0018,24,98.63793870309058,92.43307
TD-All,refit_on_3,42,B0018,27,98.04714689052696,92.247795
TD-All,refit_on_3,42,B0018,30,99.06887382997856,94.90972
TD-All,refit_on_3,42,B0018,32,98.47248926951052,93.20706
TD-All,refit_on_3,42,B0018,34,98.068534707018,92.51604
TD-All,refit_on_3,42,B0018,36,97.31606084566693,91.83176
TD-All,refit_on_3,42,B0018,39,96.91537145663308,91.295815
TD-All,refit_on_3,42,B0018,42,96.77777434993364,93.7317
TD-All,refit_on_3,42,B0018,44,96.24906078283864,92.24708
TD-All,refit_on_3,42,B0018,46,96.10893521170082,91.58101
TD-All,refit_on_3,42,B0018,48,95.29382636269746,90.88088
TD-All,refit_on_3,42,B0018,51,94.89112029628322,89.93066
TD-All,refit_on_3,42,B0018,54,94.42623362260446,90.86792
TD-All,refit_on_3,42,B0018,56,94.09214261326034,89.55166
TD-All,refit_on_3,42,B0018,58,92.84655809058668,89.82891
TD-All,refit_on_3,42,B0018,60,93.00278636580364,88.91782
TD-All,refit_on_3,42,B0018,63,92.78717154289568,88.56455
TD-All,refit_on_3,42,B0018,66,95.05514633441328,91.96338
TD-All,refit_on_3,42,B0018,68,94.16023397654948,90.83618
TD-All,refit_on_3,42,B0018,70,93.58756901230694,90.55196
TD-All,refit_on_3,42,B0018,72,93.02323711734508,89.83889
TD-All,refit_on_3,42,B0018,75,92.33971230163448,88.89383
TD-All,refit_on_3,42,B0018,78,92.05544475967478,89.84952
TD-All,refit_on_3,42,B0018,80,91.39607597710202,88.696556
TD-All,refit_on_3,42,B0018,82,91.12841202900309,88.59474
TD-All,refit_on_3,42,B0018,84,90.50598444143154,88.051315
TD-All,refit_on_3,42,B0018,87,90.05329919062662,87.158035
TD-All,refit_on_3,42,B0018,90,89.56595375021743,87.91846
TD-All,refit_on_3,42,B0018,92,89.05221474379236,86.31532
TD-All,refit_on_3,42,B0018,94,88.4478648526792,86.32987
TD-All,refit_on_3,42,B0018,96,88.14926233550939,86.146225
TD-All,refit_on_3,42,B0018,99,87.70654438914323,85.48832
TD-All,refit_on_3,42,B0018,102,91.07812245566797,88.85088
TD-All,refit_on_3,42,B0018,104,89.62445100410937,87.059875
TD-All,refit_on_3,42,B0018,106,88.70513095013024,86.05417
TD-All,refit_on_3,42,B0018,108,87.83746900859978,85.18394
TD-All,refit_on_3,42,B0018,111,87.53788044222665,84.60875
TD-All,refit_on_3,42,B0018,114,86.69891328476463,85.136055
TD-All,refit_on_3,42,B0018,117,93.83080462693712,89.93513
TD-All,refit_on_3,42,B0018,119,93.27978546012802,89.567474
TD-All,refit_on_3,42,B0018,121,92.1525471966999,88.719635
TD-All,refit_on_3,42,B0018,123,91.17195305362098,87.86754
TD-All,refit_on_3,42,B0018,125,90.2416573040256,87.14604
TD-All,refit_on_3,42,B0018,128,90.55423897233052,89.322716
TD-All,refit_on_3,42,B0018,130,89.49039068452917,86.67713
TD-All,refit_on_3,42,B0018,132,88.3454487099843,86.685814
TD-All,refit_on_3,42,B0018,134,87.60607299731777,85.77683
TD-All,refit_on_3,42,B0018,136,87.25714700042141,84.85333
TD-All,refit_on_3,42,B0018,141,90.9473619616094,89.92651
TD-All,refit_on_3,42,B0018,143,89.1426764135498,86.630226
TD-All,refit_on_3,42,B0018,145,87.66626044455795,85.23054
TD-All,refit_on_3,42,B0018,147,86.51592379470374,83.9873
TD-All,refit_on_3,42,B0018,150,86.21730704320841,83.35594
TD-All,refit_on_3,42,B0018,153,85.8627581657356,84.18305
TD-All,refit_on_3,42,B0018,155,84.99855590440428,82.75898
TD-All,refit_on_3,42,B0018,157,84.53366840480606,82.11466
TD-All,refit_on_3,42,B0018,159,83.69607194854545,81.495674
TD-All,refit_on_3,42,B0018,162,83.25899594193369,80.652794
TD-All,refit_on_3,42,B0018,165,83.22975722050174,81.20769
TD-All,refit_on_3,42,B0018,167,82.72092847997168,80.141174
TD-All,refit_on_3,42,B0018,169,81.86598978006339,79.28207
TD-All,refit_on_3,42,B0018,171,81.58859278240016,78.95904
TD-All,refit_on_3,42,B0018,174,81.31316363799587,78.22892
TD-All,refit_on_3,42,B0018,177,83.32773163808899,81.6446
TD-All,refit_on_3,42,B0018,179,82.80709531820148,80.12981
TD-All,refit_on_3,42,B0018,181,81.57610219236552,78.835526
TD-All,refit_on_3,42,B0018,183,81.09929204028072,78.50867
TD-All,refit_on_3,42,B0018,185,80.60512587063184,77.75186
TD-All,refit_on_3,42,B0018,188,80.4645909654616,78.4461
TD-All,refit_on_3,42,B0018,190,80.07171192098461,77.31374
TD-All,refit_on_3,42,B0018,192,79.77346222448996,76.996284
TD-All,refit_on_3,42,B0018,194,79.23402412051846,76.20934
TD-All,refit_on_3,42,B0018,197,78.6783203089025,75.20237
TD-All,refit_on_3,42,B0018,200,78.94539372549075,76.38893
TD-All,refit_on_3,42,B0018,202,78.38865828037459,75.24129
TD-All,refit_on_3,42,B0018,204,78.21127069246836,75.35628
TD-All,refit_on_3,42,B0018,206,77.6339684068403,74.923874
TD-All,refit_on_3,42,B0018,209,77.43046760934243,74.24603
TD-All,refit_on_3,42,B0018,212,79.8708545166814,78.01702
TD-All,refit_on_3,42,B0018,214,78.93458463676515,75.72312
TD-All,refit_on_3,42,B0018,216,78.40488242765085,74.89929
TD-All,refit_on_3,42,B0018,218,77.61921434771055,74.01862
TD-All,refit_on_3,42,B0018,220,76.9170609064971,73.6846
TD-All,refit_on_3,42,B0018,223,79.04297866359087,76.45006
TD-All,refit_on_3,42,B0018,225,77.61605692618127,74.59697
TD-All,refit_on_3,42,B0018,227,77.14789574863566,74.09997
TD-All,refit_on_3,42,B0018,229,76.92281444261894,73.71895
TD-All,refit_on_3,42,B0018,232,76.3858924270674,72.68562
TD-All,refit_on_3,42,B0018,235,76.53620320177981,73.807106
TD-All,refit_on_3,42,B0018,237,75.9063201738239,72.58
TD-All,refit_on_3,42,B0018,239,75.72766142150313,72.518135
TD-All,refit_on_3,42,B0018,241,75.49928800503805,72.39494
TD-All,refit_on_3,42,B0018,244,74.9124451895705,71.542336
TD-All,refit_on_3,42,B0018,247,75.25674730493446,72.68519
TD-All,refit_on_3,42,B0018,249,74.46467849076038,71.19359
TD-All,refit_on_3,42,B0018,251,74.62885626516028,71.46461
TD-All,refit_on_3,42,B0018,253,74.33553994642665,71.40931
TD-All,refit_on_3,42,B0018,256,73.72504079935909,70.55367
TD-All,refit_on_3,42,B0018,259,79.36110924975578,76.86172
TD-All,refit_on_3,42,B0018,261,78.799706688891,76.18067
TD-All,refit_on_3,42,B0018,263,78.14983302548104,75.8589
TD-All,refit_on_3,42,B0018,265,77.61878718971624,75.00048
TD-All,refit_on_3,42,B0018,267,76.88079746021991,74.13783
TD-All,refit_on_3,42,B0018,270,76.8319836786595,74.47622
TD-All,refit_on_3,42,B0018,272,76.01926160635412,73.65121
TD-All,refit_on_3,42,B0018,274,75.82358510102308,73.57108
TD-All,refit_on_3,42,B0018,276,75.53633219814198,73.570786
TD-All,refit_on_3,42,B0018,279,75.31793705780649,72.39963
TD-All,refit_on_3,42,B0018,282,75.43684114368729,72.54865
TD-All,refit_on_3,42,B0018,284,74.7829788363973,71.68807
TD-All,refit_on_3,42,B0018,286,74.15991898288928,71.20573
TD-All,refit_on_3,42,B0018,288,73.84846878839457,71.21481
TD-All,refit_on_3,42,B0018,291,73.15537271331122,71.03637
TD-All,refit_on_3,42,B0018,294,77.53589472577204,74.99381
TD-All,refit_on_3,42,B0018,296,76.42763235972666,74.08647
TD-All,refit_on_3,42,B0018,298,75.72351586777258,73.29964
TD-All,refit_on_3,42,B0018,300,75.4386936803776,73.17903
TD-All,refit_on_3,42,B0018,302,74.45721490205536,72.28983
TD-All,refit_on_3,42,B0018,305,74.97385174402893,72.84377
TD-All,refit_on_3,42,B0018,307,74.3741167471391,72.06226
TD-All,refit_on_3,42,B0018,309,74.05233968989694,71.95299
TD-All,refit_on_3,42,B0018,311,74.08863589293038,71.99689
TD-All,refit_on_3,42,B0018,314,73.46151441244959,70.875114
TD-All,refit_on_3,42,B0018,317,73.62086195282473,71.20103
TD-All,refit_on_3,42,B0018,319,72.87391760769836,70.913475
TD-All,pre_refit,7,B0005,2,100.80760884947765,101.925476
TD-All,pre_refit,7,B0005,4,100.25590968770103,101.43611
TD-All,pre_refit,7,B0005,6,99.65979925247206,101.64077
TD-All,pre_refit,7,B0005,8,99.65509323788856,101.1978
TD-All,pre_refit,7,B0005,10,99.6215889724607,101.17313
TD-All,pre_refit,7,B0005,12,99.67676620535396,101.68892
TD-All,pre_refit,7,B0005,14,99.64877352944652,101.513596
TD-All,pre_refit,7,B0005,16,99.13892996732449,100.6233
TD-All,pre_refit,7,B0005,18,99.08555627584838,100.0074
TD-All,pre_refit,7,B0005,20,99.0768365083485,99.922745
TD-All,pre_refit,7,B0005,22,99.07717774099622,99.30654
TD-All,pre_refit,7,B0005,25,98.5114992237362,99.16532
TD-All,pre_refit,7,B0005,27,98.4870761948254,98.32244
TD-All,pre_refit,7,B0005,29,98.47015265835132,98.670265
TD-All,pre_refit,7,B0005,31,97.88140357167902,98.772545
TD-All,pre_refit,7,B0005,33,97.85473656745688,98.275406
TD-All,pre_refit,7,B0005,35,97.88039886599036,97.58876
TD-All,pre_refit,7,B0005,37,97.9069415267384,96.90781
TD-All,pre_refit,7,B0005,39,97.89115702988882,96.82912
TD-All,pre_refit,7,B0005,42,100.29385168145046,101.04303
TD-All,pre_refit,7,B0005,46,100.31510023136114,99.32558
TD-All,pre_refit,7,B0005,50,99.70477213786135,99.85272
TD-All,pre_refit,7,B0005,54,99.1402308374376,99.771164
TD-All,pre_refit,7,B0005,58,99.10400696359169,100.25399
TD-All,pre_refit,7,B0005,62,99.12941188644592,98.1683
TD-All,pre_refit,7,B0005,66,98.50222430381568,98.7936
TD-All,pre_refit,7,B0005,70,98.5423014565286,98.35072
TD-All,pre_refit,7,B0005,74,98.49887187571204,98.02188
TD-All,pre_refit,7,B0005,78,97.89050762402466,98.35454
TD-All,pre_refit,7,B0005,82,97.96171552529285,97.89165
TD-All,pre_refit,7,B0005,86,100.55321959197046,100.07709
TD-All,pre_refit,7,B0005,90,99.4075559707276,99.38939
TD-All,pre_refit,7,B0005,94,98.82112827769676,98.937035
TD-All,pre_refit,7,B0005,98,98.2457556393358,98.5597
TD-All,pre_refit,7,B0005,102,97.99065016377766,97.92226
TD-All,pre_refit,7,B0005,106,97.7065060215613,97.68658
TD-All,pre_refit,7,B0005,110,97.11279694879056,97.60833
TD-All,pre_refit,7,B0005,114,96.81304988059888,96.99001
TD-All,pre_refit,7,B0005,118,96.27605729788222,96.59982
TD-All,pre_refit,7,B0005,122,96.2762766313732,95.75125
TD-All,pre_refit,7,B0005,126,95.99578118843372,95.84302
TD-All,pre_refit,7,B0005,130,95.69403287907456,95.55852
TD-All,pre_refit,7,B0005,134,95.98194451474556,96.45833
TD-All,pre_refit,7,B0005,136,95.71321655496544,95.406395
TD-All,pre_refit,7,B0005,140,95.11928805425076,94.83521
TD-All,pre_refit,7,B0005,144,94.58275432725988,94.46313
TD-All,pre_refit,7,B0005,148,94.27008009570102,93.7524
TD-All,pre_refit,7,B0005,150,97.39411432859931,94.19178
TD-All,pre_refit,7,B0005,154,96.82749231246368,96.19336
TD-All,pre_refit,7,B0005,158,95.96820195991576,95.20111
TD-All,pre_refit,7,B0005,162,95.40638930769452,94.58273
TD-All,pre_refit,7,B0005,166,94.8553962680492,94.08732
TD-All,pre_refit,7,B0005,170,94.5755674779542,93.65152
TD-All,pre_refit,7,B0005,174,94.28806184403476,93.3831
TD-All,pre_refit,7,B0005,178,93.73958753620327,93.082855
TD-All,pre_refit,7,B0005,182,93.16861105469168,92.76178
TD-All,pre_refit,7,B0005,186,92.88227598613614,92.29495
TD-All,pre_refit,7,B0005,190,92.636901518198,92.16119
TD-All,pre_refit,7,B0005,194,92.32720191735562,91.903984
TD-All,pre_refit,7,B0005,198,92.01599848919145,91.685715
TD-All,pre_refit,7,B0005,202,91.49053823956656,91.391014
TD-All,pre_refit,7,B0005,206,90.92425521866993,91.42009
TD-All,pre_refit,7,B0005,210,90.92941856192826,90.619
TD-All,pre_refit,7,B0005,214,90.34010561326173,90.64119
TD-All,pre_refit,7,B0005,216,90.0847586044663,90.64299
TD-All,pre_refit,7,B0005,220,89.80457989439137,90.094185
TD-All,pre_refit,7,B0005,224,89.19640288815545,89.75811
TD-All,pre_refit,7,B0005,228,88.93598251136243,89.30154
TD-All,pre_refit,7,B0005,232,88.65781340235759,89.287964
TD-All,pre_refit,7,B0005,236,88.38728178562198,89.012245
TD-All,pre_refit,7,B0005,240,88.08171260170519,88.37022
TD-All,pre_refit,7,B0005,244,87.49528010741024,88.57861
TD-All,pre_refit,7,B0005,248,87.2366743602368,88.115074
TD-All,pre_refit,7,B0005,252,86.96251727221627,87.66069
TD-All,pre_refit,7,B0005,256,86.35734215456989,87.54532
TD-All,pre_refit,7,B0005,260,86.10863457357058,87.39387
TD-All,pre_refit,7,B0005,264,86.06270063126725,87.13571
TD-All,pre_refit,7,B0005,266,86.63737677555004,87.21362
TD-All,pre_refit,7,B0005,270,85.50813849993258,86.82689
TD-All,pre_refit,7,B0005,274,84.97446653296429,86.37548
TD-All,pre_refit,7,B0005,278,84.69557819389517,86.24643
TD-All,pre_refit,7,B0005,282,84.68013627936132,85.661476
TD-All,pre_refit,7,B0005,286,84.41991821853574,85.43556
TD-All,pre_refit,7,B0005,290,84.10414931140878,85.18095
TD-All,pre_refit,7,B0005,294,83.52653061113354,84.953224
TD-All,pre_refit,7,B0005,298,82.96602561057489,84.82534
TD-All,pre_refit,7,B0005,302,82.99920327964658,84.19612
TD-All,pre_refit,7,B0005,306,82.68003018050378,84.26314
TD-All,pre_refit,7,B0005,310,82.39976893302816,83.959335
TD-All,pre_refit,7,B0005,313,87.19626195760692,88.7238
TD-All,pre_refit,7,B0005,316,84.91729656129593,85.03785
TD-All,pre_refit,7,B0005,320,84.06165489885902,84.65205
TD-All,pre_refit,7,B0005,324,83.2082752902044,84.75338
TD-All,pre_refit,7,B0005,328,82.91381970838151,84.07263
TD-All,pre_refit,7,B0005,332,82.37106085271179,83.98188
TD-All,pre_refit,7,B0005,336,82.09631790141844,83.4493
TD-All,pre_refit,7,B0005,340,81.80669701206385,83.33666
TD-All,pre_refit,7,B0005,344,81.53418918115372,82.856285
TD-All,pre_refit,7,B0005,348,80.95312575426658,82.886
TD-All,pre_refit,7,B0005,352,80.6829269258604,82.734474
TD-All,pre_refit,7,B0005,356,80.38673535372676,82.345
TD-All,pre_refit,7,B0005,360,80.10415225005684,81.99312
TD-All,pre_refit,7,B0005,364,80.68483906716317,81.74774
TD-All,pre_refit,7,B0005,367,81.23806188586506,82.01795
TD-All,pre_refit,7,B0005,371,80.40774500270479,81.368324
TD-All,pre_refit,7,B0005,375,79.80793062432481,81.22233
TD-All,pre_refit,7,B0005,379,78.94710440938543,80.31735
TD-All,pre_refit,7,B0005,383,78.96040682717852,80.8974
TD-All,pre_refit,7,B0005,387,79.00805769223405,80.10284
TD-All,pre_refit,7,B0005,391,78.68325635434054,79.975105
TD-All,pre_refit,7,B0005,395,78.12009683923326,80.18524
TD-All,pre_refit,7,B0005,399,77.83635095586517,79.85146
TD-All,pre_refit,7,B0005,403,77.83366081216815,79.26834
TD-All,pre_refit,7,B0005,407,77.54418562704669,79.260895
TD-All,pre_refit,7,B0005,411,77.26483532824366,79.11312
TD-All,pre_refit,7,B0005,415,76.96665751739931,78.78954
TD-All,pre_refit,7,B0005,419,76.69408123915822,78.49408
TD-All,pre_refit,7,B0005,423,76.7032886034996,78.06581
TD-All,pre_refit,7,B0005,427,76.43285089151239,78.08466
TD-All,pre_refit,7,B0005,431,77.83345221466253,78.91043
TD-All,pre_refit,7,B0005,433,78.09751233548145,79.22658
TD-All,pre_refit,7,B0005,437,76.96262218385922,78.93524
TD-All,pre_refit,7,B0005,441,76.3993634537507,78.73115
TD-All,pre_refit,7,B0005,445,76.08562321685423,78.232895
TD-All,pre_refit,7,B0005,449,75.84111192639295,78.07621
TD-All,pre_refit,7,B0005,453,75.5470202599512,77.53048
TD-All,pre_refit,7,B0005,457,75.2724773855306,77.40138
TD-All,pre_refit,7,B0005,461,74.95796574493023,77.40641
TD-All,pre_refit,7,B0005,465,74.67559060559861,77.2088
TD-All,pre_refit,7,B0005,469,74.4190975749656,76.66184
TD-All,pre_refit,7,B0005,473,74.41886702385212,76.59075
TD-All,pre_refit,7,B0005,477,74.10538957595438,76.6233
TD-All,pre_refit,7,B0005,481,74.68403981580354,76.41263
TD-All,pre_refit,7,B0005,483,75.26611054535188,77.31688
TD-All,pre_refit,7,B0005,485,74.38310747232698,76.97031
TD-All,pre_refit,7,B0005,489,74.10795710900801,76.27684
TD-All,pre_refit,7,B0005,493,73.53993654981534,76.4374
TD-All,pre_refit,7,B0005,497,73.55729388669064,75.88076
TD-All,pre_refit,7,B0005,501,73.56067241598603,75.662415
TD-All,pre_refit,7,B0005,505,73.26805286034079,75.53578
TD-All,pre_refit,7,B0005,509,72.98972077509227,75.28594
TD-All,pre_refit,7,B0005,513,72.70747847813722,75.44457
TD-All,pre_refit,7,B0005,517,72.70330518052887,74.963326
TD-All,pre_refit,7,B0005,521,72.43680818215978,74.98008
TD-All,pre_refit,7,B0005,525,72.14563728793834,74.84546
TD-All,pre_refit,7,B0005,529,71.84842350914826,75.060394
TD-All,pre_refit,7,B0005,533,71.57682808520298,75.16438
TD-All,pre_refit,7,B0005,537,71.59297070565168,74.73231
TD-All,pre_refit,7,B0005,541,71.58355486033668,74.24413
TD-All,pre_refit,7,B0005,545,71.88651633814797,75.14297
TD-All,pre_refit,7,B0005,548,73.85485752850198,75.932884
TD-All,pre_refit,7,B0005,552,72.73676298693475,75.28192
TD-All,pre_refit,7,B0005,556,72.16650080848474,75.194466
TD-All,pre_refit,7,B0005,560,71.87574889700983,74.99078
TD-All,pre_refit,7,B0005,564,71.60206343923741,74.827484
TD-All,pre_refit,7,B0005,568,71.32194157026348,74.876305
TD-All,pre_refit,7,B0005,572,71.30711389020412,74.36929
TD-All,pre_refit,7,B0005,576,71.01356336148518,74.52899
TD-All,pre_refit,7,B0005,580,70.75492745457169,74.44371
TD-All,pre_refit,7,B0005,584,70.77254445771489,74.01168
TD-All,pre_refit,7,B0005,588,70.77540542374062,73.643585
TD-All,pre_refit,7,B0005,592,70.47550750397869,73.750206
TD-All,pre_refit,7,B0005,596,70.48563041810954,73.61618
TD-All,pre_refit,7,B0005,600,70.23531244180377,73.44731
TD-All,pre_refit,7,B0005,604,69.93882142370093,73.489395
TD-All,pre_refit,7,B0005,608,69.90890905512207,73.39067
TD-All,pre_refit,7,B0005,612,71.07977535187085,73.27154
TD-All,pre_refit,7,B0005,614,71.95205157786506,73.938644
TD-All,refit_on_3,7,B0005,2,100.80760884947765,101.10022
TD-All,refit_on_3,7,B0005,4,100.25590968770103,99.26842
TD-All,refit_on_3,7,B0005,6,99.65979925247206,98.86593
TD-All,refit_on_3,7,B0005,8,99.65509323788856,98.616875
TD-All,refit_on_3,7,B0005,10,99.6215889724607,98.48203
TD-All,refit_on_3,7,B0005,12,99.67676620535396,99.22246
TD-All,refit_on_3,7,B0005,14,99.64877352944652,99.35813
TD-All,refit_on_3,7,B0005,16,99.13892996732449,98.15229
TD-All,refit_on_3,7,B0005,18,99.08555627584838,97.906364
TD-All,refit_on_3,7,B0005,20,99.0768365083485,97.85791
TD-All,refit_on_3,7,B0005,22,99.07717774099622,97.50143
TD-All,refit_on_3,7,B0005,25,98.5114992237362,97.44527
TD-All,refit_on_3,7,B0005,27,98.4870761948254,97.1511
TD-All,refit_on_3,7,B0005,29,98.47015265835132,97.37842
TD-All,refit_on_3,7,B0005,31,97.88140357167902,96.381386
TD-All,refit_on_3,7,B0005,33,97.85473656745688,96.12178
TD-All,refit_on_3,7,B0005,35,97.88039886599036,96.03093
TD-All,refit_on_3,7,B0005,37,97.9069415267384,95.93154
TD-All,refit_on_3,7,B0005,39,97.89115702988882,95.992165
TD-All,refit_on_3,7,B0005,42,100.29385168145046,99.71625
TD-All,refit_on_3,7,B0005,46,100.31510023136114,99.87117
TD-All,refit_on_3,7,B0005,50,99.70477213786135,98.607376
TD-All,refit_on_3,7,B0005,54,99.1402308374376,97.57725
TD-All,refit_on_3,7,B0005,58,99.10400696359169,98.17374
TD-All,refit_on_3,7,B0005,62,99.12941188644592,96.966705
TD-All,refit_on_3,7,B0005,66,98.50222430381568,96.64059
TD-All,refit_on_3,7,B0005,70,98.5423014565286,96.72038
TD-All,refit_on_3,7,B0005,74,98.49887187571204,96.6417
TD-All,refit_on_3,7,B0005,78,97.89050762402466,96.26742
TD-All,refit_on_3,7,B0005,82,97.96171552529285,96.56286
TD-All,refit_on_3,7,B0005,86,100.55321959197046,97.069824
TD-All,refit_on_3,7,B0005,90,99.4075559707276,98.07654
TD-All,refit_on_3,7,B0005,94,98.82112827769676,97.76826
TD-All,refit_on_3,7,B0005,98,98.2457556393358,97.52173
TD-All,refit_on_3,7,B0005,102,97.99065016377766,96.91855
TD-All,refit_on_3,7,B0005,106,97.7065060215613,97.07478
TD-All,refit_on_3,7,B0005,110,97.11279694879056,96.86448
TD-All,refit_on_3,7,B0005,114,96.81304988059888,96.2888
TD-All,refit_on_3,7,B0005,118,96.27605729788222,96.10476
TD-All,refit_on_3,7,B0005,122,96.2762766313732,95.49671
TD-All,refit_on_3,7,B0005,126,95.99578118843372,95.62985
TD-All,refit_on_3,7,B0005,130,95.69403287907456,95.35009
TD-All,refit_on_3,7,B0005,134,95.98194451474556,96.384926
TD-All,refit_on_3,7,B0005,136,95.71321655496544,95.24724
TD-All,refit_on_3,7,B0005,140,95.11928805425076,94.67512
TD-All,refit_on_3,7,B0005,144,94.58275432725988,94.35199
TD-All,refit_on_3,7,B0005,148,94.27008009570102,93.9119
TD-All,refit_on_3,7,B0005,150,97.39411432859931,94.50502
TD-All,refit_on_3,7,B0005,154,96.82749231246368,95.44115
TD-All,refit_on_3,7,B0005,158,95.96820195991576,94.94691
TD-All,refit_on_3,7,B0005,162,95.40638930769452,94.31777
TD-All,refit_on_3,7,B0005,166,94.8553962680492,94.07321
TD-All,refit_on_3,7,B0005,170,94.5755674779542,93.447266
TD-All,refit_on_3,7,B0005,174,94.28806184403476,93.04807
TD-All,refit_on_3,7,B0005,178,93.73958753620327,92.73561
TD-All,refit_on_3,7,B0005,182,93.16861105469168,92.5581
TD-All,refit_on_3,7,B0005,186,92.88227598613614,92.10549
TD-All,refit_on_3,7,B0005,190,92.636901518198,91.751114
TD-All,refit_on_3,7,B0005,194,92.32720191735562,91.372185
TD-All,refit_on_3,7,B0005,198,92.01599848919145,90.91112
TD-All,refit_on_3,7,B0005,202,91.49053823956656,90.73778
TD-All,refit_on_3,7,B0005,206,90.92425521866993,90.74871
TD-All,refit_on_3,7,B0005,210,90.92941856192826,89.96054
TD-All,refit_on_3,7,B0005,214,90.34010561326173,90.06487
TD-All,refit_on_3,7,B0005,216,90.0847586044663,89.99859
TD-All,refit_on_3,7,B0005,220,89.80457989439137,89.019684
TD-All,refit_on_3,7,B0005,224,89.19640288815545,89.12402
TD-All,refit_on_3,7,B0005,228,88.93598251136243,88.55057
TD-All,refit_on_3,7,B0005,232,88.65781340235759,88.49127
TD-All,refit_on_3,7,B0005,236,88.38728178562198,87.870605
TD-All,refit_on_3,7,B0005,240,88.08171260170519,87.79897
TD-All,refit_on_3,7,B0005,244,87.49528010741024,88.0556
TD-All,refit_on_3,7,B0005,248,87.2366743602368,87.55095
TD-All,refit_on_3,7,B0005,252,86.96251727221627,87.08455
TD-All,refit_on_3,7,B0005,256,86.35734215456989,87.17563
TD-All,refit_on_3,7,B0005,260,86.10863457357058,86.57275
TD-All,refit_on_3,7,B0005,264,86.06270063126725,86.324425
TD-All,refit_on_3,7,B0005,266,86.63737677555004,87.24957
TD-All,refit_on_3,7,B0005,270,85.50813849993258,86.17308
TD-All,refit_on_3,7,B0005,274,84.97446653296429,85.62217
TD-All,refit_on_3,7,B0005,278,84.69557819389517,85.15003
TD-All,refit_on_3,7,B0005,282,84.68013627936132,85.25736
TD-All,refit_on_3,7,B0005,286,84.41991821853574,85.38992
TD-All,refit_on_3,7,B0005,290,84.10414931140878,84.79752
TD-All,refit_on_3,7,B0005,294,83.52653061113354,84.26909
TD-All,refit_on_3,7,B0005,298,82.96602561057489,84.19025
TD-All,refit_on_3,7,B0005,302,82.99920327964658,83.83791
TD-All,refit_on_3,7,B0005,306,82.68003018050378,84.399124
TD-All,refit_on_3,7,B0005,310,82.39976893302816,84.24786
TD-All,refit_on_3,7,B0005,313,87.19626195760692,88.47667
TD-All,refit_on_3,7,B0005,316,84.91729656129593,85.79005
TD-All,refit_on_3,7,B0005,320,84.06165489885902,84.94489
TD-All,refit_on_3,7,B0005,324,83.2082752902044,85.08389
TD-All,refit_on_3,7,B0005,328,82.91381970838151,84.108536
TD-All,refit_on_3,7,B0005,332,82.37106085271179,83.99053
TD-All,refit_on_3,7,B0005,336,82.09631790141844,83.57134
TD-All,refit_on_3,7,B0005,340,81.80669701206385,83.51782
TD-All,refit_on_3,7,B0005,344,81.53418918115372,82.87237
TD-All,refit_on_3,7,B0005,348,80.95312575426658,83.292435
TD-All,refit_on_3,7,B0005,352,80.6829269258604,83.17457
TD-All,refit_on_3,7,B0005,356,80.38673535372676,82.83323
TD-All,refit_on_3,7,B0005,360,80.10415225005684,82.33531
TD-All,refit_on_3,7,B0005,364,80.68483906716317,82.09679
TD-All,refit_on_3,7,B0005,367,81.23806188586506,83.2496
TD-All,refit_on_3,7,B0005,371,80.40774500270479,82.279144
TD-All,refit_on_3,7,B0005,375,79.80793062432481,81.83657
TD-All,refit_on_3,7,B0005,379,78.94710440938543,80.855606
TD-All,refit_on_3,7,B0005,383,78.96040682717852,81.67044
TD-All,refit_on_3,7,B0005,387,79.00805769223405,80.88473
TD-All,refit_on_3,7,B0005,391,78.68325635434054,81.155136
TD-All,refit_on_3,7,B0005,395,78.12009683923326,81.220764
TD-All,refit_on_3,7,B0005,399,77.83635095586517,80.80868
TD-All,refit_on_3,7,B0005,403,77.83366081216815,80.10102
TD-All,refit_on_3,7,B0005,407,77.54418562704669,80.80323
TD-All,refit_on_3,7,B0005,411,77.26483532824366,80.52488
TD-All,refit_on_3,7,B0005,415,76.96665751739931,79.94838
TD-All,refit_on_3,7,B0005,419,76.69408123915822,79.45845
TD-All,refit_on_3,7,B0005,423,76.7032886034996,79.13334
TD-All,refit_on_3,7,B0005,427,76.43285089151239,79.60987
TD-All,refit_on_3,7,B0005,431,77.83345221466253,80.11475
TD-All,refit_on_3,7,B0005,433,78.09751233548145,80.7822
TD-All,refit_on_3,7,B0005,437,76.96262218385922,80.23789
TD-All,refit_on_3,7,B0005,441,76.3993634537507,79.719604
TD-All,refit_on_3,7,B0005,445,76.08562321685423,79.23307
TD-All,refit_on_3,7,B0005,449,75.84111192639295,78.9458
TD-All,refit_on_3,7,B0005,453,75.5470202599512,78.52268
TD-All,refit_on_3,7,B0005,457,75.2724773855306,78.27044
TD-All,refit_on_3,7,B0005,461,74.95796574493023,78.14137
TD-All,refit_on_3,7,B0005,465,74.67559060559861,77.7164
TD-All,refit_on_3,7,B0005,469,74.4190975749656,77.33231
TD-All,refit_on_3,7,B0005,473,74.41886702385212,77.237114
TD-All,refit_on_3,7,B0005,477,74.10538957595438,77.19642
TD-All,refit_on_3,7,B0005,481,74.68403981580354,77.86373
TD-All,refit_on_3,7,B0005,483,75.26611054535188,79.235725
TD-All,refit_on_3,7,B0005,485,74.38310747232698,78.28517
TD-All,refit_on_3,7,B0005,489,74.10795710900801,77.26492
TD-All,refit_on_3,7,B0005,493,73.53993654981534,77.32758
TD-All,refit_on_3,7,B0005,497,73.55729388669064,77.134674
TD-All,refit_on_3,7,B0005,501,73.56067241598603,76.97987
TD-All,refit_on_3,7,B0005,505,73.26805286034079,76.48292
TD-All,refit_on_3,7,B0005,509,72.98972077509227,75.74135
TD-All,refit_on_3,7,B0005,513,72.70747847813722,75.803894
TD-All,refit_on_3,7,B0005,517,72.70330518052887,75.89618
TD-All,refit_on_3,7,B0005,521,72.43680818215978,76.082
TD-All,refit_on_3,7,B0005,525,72.14563728793834,75.15532
TD-All,refit_on_3,7,B0005,529,71.84842350914826,74.878685
TD-All,refit_on_3,7,B0005,533,71.57682808520298,74.7649
TD-All,refit_on_3,7,B0005,537,71.59297070565168,75.43277
TD-All,refit_on_3,7,B0005,541,71.58355486033668,74.645065
TD-All,refit_on_3,7,B0005,545,71.88651633814797,74.09854
TD-All,refit_on_3,7,B0005,548,73.85485752850198,77.27553
TD-All,refit_on_3,7,B0005,552,72.73676298693475,76.16169
TD-All,refit_on_3,7,B0005,556,72.16650080848474,75.66133
TD-All,refit_on_3,7,B0005,560,71.87574889700983,75.07396
TD-All,refit_on_3,7,B0005,564,71.60206343923741,74.821014
TD-All,refit_on_3,7,B0005,568,71.32194157026348,74.62918
TD-All,refit_on_3,7,B0005,572,71.30711389020412,74.32389
TD-All,refit_on_3,7,B0005,576,71.01356336148518,74.14387
TD-All,refit_on_3,7,B0005,580,70.75492745457169,74.07449
TD-All,refit_on_3,7,B0005,584,70.77254445771489,73.73867
TD-All,refit_on_3,7,B0005,588,70.77540542374062,73.613785
TD-All,refit_on_3,7,B0005,592,70.47550750397869,73.643295
TD-All,refit_on_3,7,B0005,596,70.48563041810954,73.2878
TD-All,refit_on_3,7,B0005,600,70.23531244180377,73.06618
TD-All,refit_on_3,7,B0005,604,69.93882142370093,73.0641
TD-All,refit_on_3,7,B0005,608,69.90890905512207,73.11824
TD-All,refit_on_3,7,B0005,612,71.07977535187085,74.537094
TD-All,refit_on_3,7,B0005,614,71.95205157786506,75.718124
TD-All,pre_refit,7,B0006,2,100.88297108833646,104.017075
TD-All,pre_refit,7,B0006,4,100.37753235288778,103.73833
TD-All,pre_refit,7,B0006,6,99.79196916000484,103.77873
TD-All,pre_refit,7,B0006,8,99.7899019818078,103.62754
TD-All,pre_refit,7,B0006,10,99.15762541696316,103.20588
TD-All,pre_refit,7,B0006,12,99.8203556776378,104.82234
TD-All,pre_refit,7,B0006,14,99.7808037027038,104.38737
TD-All,pre_refit,7,B0006,16,97.5844832820893,101.990234
TD-All,pre_refit,7,B0006,18,97.5535716293996,101.72348
TD-All,pre_refit,7,B0006,20,97.01155142541865,101.18001
TD-All,pre_refit,7,B0006,22,96.43502080876348,101.20631
TD-All,pre_refit,7,B0006,25,95.8972998236526,100.46605
TD-All,pre_refit,7,B0006,27,95.32875373854844,99.654305
TD-All,pre_refit,7,B0006,29,94.76419905980474,99.850494
TD-All,pre_refit,7,B0006,31,94.22773853976388,98.651474
TD-All,pre_refit,7,B0006,33,93.6395064953226,98.00605
TD-All,pre_refit,7,B0006,35,93.09821798643677,98.04899
TD-All,pre_refit,7,B0006,37,92.56743574756617,97.18447
TD-All,pre_refit,7,B0006,39,92.56840432582156,97.127144
TD-All,pre_refit,7,B0006,42,98.12161319843736,102.77739
TD-All,pre_refit,7,B0006,46,97.02736865587346,101.79585
TD-All,pre_refit,7,B0006,50,96.4457203456954,101.534164
TD-All,pre_refit,7,B0006,54,95.37664206593776,100.78693
TD-All,pre_refit,7,B0006,58,96.45395400781383,101.72072
TD-All,pre_refit,7,B0006,62,94.2446511737385,99.52047
TD-All,pre_refit,7,B0006,66,93.11783815158223,98.63084
TD-All,pre_refit,7,B0006,70,92.60393676951,98.7237
TD-All,pre_refit,7,B0006,74,91.99518419888014,98.257225
TD-All,pre_refit,7,B0006,78,91.45865458065036,97.8013
TD-All,pre_refit,7,B0006,82,92.05488530825814,97.89583
TD-All,pre_refit,7,B0006,86,95.40291074415664,100.17395
TD-All,pre_refit,7,B0006,90,93.2941701264468,99.43635
TD-All,pre_refit,7,B0006,94,91.95812296295944,98.21528
TD-All,pre_refit,7,B0006,98,91.16379285351326,96.99757
TD-All,pre_refit,7,B0006,102,90.13722315501992,95.77769
TD-All,pre_refit,7,B0006,106,89.88629167454431,95.58319
TD-All,pre_refit,7,B0006,110,89.07464504963947,94.37658
TD-All,pre_refit,7,B0006,114,88.27677498375004,93.45218
TD-All,pre_refit,7,B0006,118,87.78153478310176,92.18481
TD-All,pre_refit,7,B0006,122,87.25902301297472,92.01759
TD-All,pre_refit,7,B0006,126,86.75445063463465,92.34727
TD-All,pre_refit,7,B0006,130,86.21919662960373,91.52387
TD-All,pre_refit,7,B0006,134,86.97181002045869,91.70459
TD-All,pre_refit,7,B0006,136,87.53004089819298,91.74131
TD-All,pre_refit,7,B0006,140,85.93648557449694,89.9906
TD-All,pre_refit,7,B0006,144,84.92223069682748,89.346146
TD-All,pre_refit,7,B0006,148,84.38106569995976,88.279526
TD-All,pre_refit,7,B0006,150,90.39396636175364,93.31264
TD-All,pre_refit,7,B0006,154,89.62118442408695,94.35419
TD-All,pre_refit,7,B0006,158,88.01687540594799,92.50218
TD-All,pre_refit,7,B0006,162,86.47934133475826,91.055984
TD-All,pre_refit,7,B0006,166,85.7093899316892,89.989235
TD-All,pre_refit,7,B0006,170,84.66363361309608,89.515854
TD-All,pre_refit,7,B0006,174,84.14253773442293,88.680626
TD-All,pre_refit,7,B0006,178,83.37268440744252,87.72919
TD-All,pre_refit,7,B0006,182,82.84795096685752,86.66054
TD-All,pre_refit,7,B0006,186,82.31672078137474,85.48373
TD-All,pre_refit,7,B0006,190,81.8390002521071,84.93062
TD-All,pre_refit,7,B0006,194,81.29446683115198,84.6856
TD-All,pre_refit,7,B0006,198,80.75246648690656,83.907074
TD-All,pre_refit,7,B0006,202,79.7437886746144,83.82743
TD-All,pre_refit,7,B0006,206,79.47984426199564,82.225204
TD-All,pre_refit,7,B0006,210,79.25415788836384,81.90635
TD-All,pre_refit,7,B0006,214,78.69188922732394,80.75956
TD-All,pre_refit,7,B0006,216,78.46114405771091,81.41753
TD-All,pre_refit,7,B0006,220,77.67630372212932,80.12851
TD-All,pre_refit,7,B0006,224,77.38916838478035,79.43597
TD-All,pre_refit,7,B0006,228,76.88491527529958,79.29059
TD-All,pre_refit,7,B0006,232,76.3646225030132,78.57835
TD-All,pre_refit,7,B0006,236,75.60327887522882,77.98616
TD-All,pre_refit,7,B0006,240,75.84333345118733,77.96919
TD-All,pre_refit,7,B0006,244,75.57070473005419,77.469635
TD-All,pre_refit,7,B0006,248,75.06972493621848,77.70688
TD-All,pre_refit,7,B0006,252,74.81407516505371,77.020256
TD-All,pre_refit,7,B0006,256,74.54671414292675,76.364914
TD-All,pre_refit,7,B0006,260,74.02740213488109,76.579056
TD-All,pre_refit,7,B0006,264,73.73556466569462,75.762726
TD-All,pre_refit,7,B0006,266,75.84980622026112,76.55932
TD-All,pre_refit,7,B0006,270,74.55060879561292,75.91046
TD-All,pre_refit,7,B0006,274,73.79142812679322,75.08963
TD-All,pre_refit,7,B0006,278,73.27190839787096,75.71518
TD-All,pre_refit,7,B0006,282,73.28093201847443,75.15883
TD-All,pre_refit,7,B0006,286,73.02095301621284,74.66118
TD-All,pre_refit,7,B0006,290,72.73851013234444,74.09158
TD-All,pre_refit,7,B0006,294,71.95104826590523,73.412735
TD-All,pre_refit,7,B0006,298,71.96564568462234,73.31098
TD-All,pre_refit,7,B0006,302,71.72895437691278,73.87934
TD-All,pre_refit,7,B0006,306,71.71434939609318,73.17801
TD-All,pre_refit,7,B0006,310,71.45761792874575,73.06976
TD-All,pre_refit,7,B0006,313,78.98726854374111,78.70825
TD-All,pre_refit,7,B0006,316,76.64794397240323,76.66179
TD-All,pre_refit,7,B0006,320,75.07747171565073,75.21624
TD-All,pre_refit,7,B0006,324,74.29795247472106,74.49797
TD-All,pre_refit,7,B0006,328,73.51146675367659,74.32403
TD-All,pre_refit,7,B0006,332,73.00864275760908,73.623215
TD-All,pre_refit,7,B0006,336,72.50277290138493,73.49722
TD-All,pre_refit,7,B0006,340,71.96131839956391,72.93032
TD-All,pre_refit,7,B0006,344,71.71500633205595,72.64211
TD-All,pre_refit,7,B0006,348,71.44305583769248,72.42805
TD-All,pre_refit,7,B0006,352,70.93898960214143,72.108536
TD-All,pre_refit,7,B0006,356,70.68194044477139,71.688034
TD-All,pre_refit,7,B0006,360,70.4074916889224,71.86027
TD-All,pre_refit,7,B0006,364,70.41804785222855,71.54474
TD-All,pre_refit,7,B0006,367,71.98210310103482,73.093254
TD-All,pre_refit,7,B0006,371,70.95618334594263,71.90816
TD-All,pre_refit,7,B0006,375,70.1362730902931,70.971954
TD-All,pre_refit,7,B0006,379,69.87433806657212,70.739876
TD-All,pre_refit,7,B0006,383,69.63573699649338,71.11125
TD-All,pre_refit,7,B0006,387,69.15232147064526,71.11496
TD-All,pre_refit,7,B0006,391,69.12109936452545,70.70201
TD-All,pre_refit,7,B0006,395,68.86250185726787,70.07768
TD-All,pre_refit,7,B0006,399,68.59092282212131,69.96782
TD-All,pre_refit,7,B0006,403,68.08750743669,69.599655
TD-All,pre_refit,7,B0006,407,68.33159705981836,69.75053
TD-All,pre_refit,7,B0006,411,68.09140360412486,69.45867
TD-All,pre_refit,7,B0006,415,67.81869443003508,69.27641
TD-All,pre_refit,7,B0006,419,67.5730638436144,69.22832
TD-All,pre_refit,7,B0006,423,67.31503513349786,69.5607
TD-All,pre_refit,7,B0006,427,67.07575548417674,69.00719
TD-All,pre_refit,7,B0006,431,68.60691404106846,69.63272
TD-All,pre_refit,7,B0006,433,69.64711039275872,70.798546
TD-All,pre_refit,7,B0006,437,68.33719964359061,69.5004
TD-All,pre_refit,7,B0006,441,67.81907707369999,69.723724
TD-All,pre_refit,7,B0006,445,67.27630029953899,69.189644
TD-All,pre_refit,7,B0006,449,67.03731096833596,69.5567
TD-All,pre_refit,7,B0006,453,66.78534122129697,69.0997
TD-All,pre_refit,7,B0006,457,66.26973868287087,69.01183
TD-All,pre_refit,7,B0006,461,65.98363462621751,69.05062
TD-All,pre_refit,7,B0006,465,65.72069252661954,69.40274
TD-All,pre_refit,7,B0006,469,65.50500064349335,68.70479
TD-All,pre_refit,7,B0006,473,65.48747074550045,69.045784
TD-All,pre_refit,7,B0006,477,65.2110653386093,69.28716
TD-All,pre_refit,7,B0006,481,65.47148558720653,69.44504
TD-All,pre_refit,7,B0006,483,66.78647932759047,69.730965
TD-All,pre_refit,7,B0006,485,65.72477818237311,69.79196
TD-All,pre_refit,7,B0006,489,64.93697426302657,69.373314
TD-All,pre_refit,7,B0006,493,64.69397950587184,69.77014
TD-All,pre_refit,7,B0006,497,64.45556804271465,69.15539
TD-All,pre_refit,7,B0006,501,64.44711910522597,69.32732
TD-All,pre_refit,7,B0006,505,63.9153253541329,68.90612
TD-All,pre_refit,7,B0006,509,63.40709756117343,69.27046
TD-All,pre_refit,7,B0006,513,63.40485519747241,69.76082
TD-All,pre_refit,7,B0006,517,63.14854807557744,69.49832
TD-All,pre_refit,7,B0006,521,63.15304028594434,69.2761
TD-All,pre_refit,7,B0006,525,62.63936845251047,69.892006
TD-All,pre_refit,7,B0006,529,62.36048327920517,70.17435
TD-All,pre_refit,7,B0006,533,62.11872624491582,69.62268
TD-All,pre_refit,7,B0006,537,62.11731201074328,69.36295
TD-All,pre_refit,7,B0006,541,61.86235410492132,69.907745
TD-All,pre_refit,7,B0006,545,62.12742822257309,70.22841
TD-All,pre_refit,7,B0006,548,63.93010610326108,70.33069
TD-All,pre_refit,7,B0006,552,62.62827859533666,69.65501
TD-All,pre_refit,7,B0006,556,61.85683618405182,70.18772
TD-All,pre_refit,7,B0006,560,61.07092794836815,70.46712
TD-All,pre_refit,7,B0006,564,60.82277612678393,69.93419
TD-All,pre_refit,7,B0006,568,60.55640953242813,70.69696
TD-All,pre_refit,7,B0006,572,60.02917505279337,70.238106
TD-All,pre_refit,7,B0006,576,59.75722270334661,70.416595
TD-All,pre_refit,7,B0006,580,59.52315601830062,70.17043
TD-All,pre_refit,7,B0006,584,59.01246912863032,70.39281
TD-All,pre_refit,7,B0006,588,58.74426171153606,70.183624
TD-All,pre_refit,7,B0006,592,58.47122551716232,70.219215
TD-All,pre_refit,7,B0006,596,58.2196597592319,70.308716
TD-All,pre_refit,7,B0006,600,57.18983519098029,70.587006
TD-All,pre_refit,7,B0006,604,57.71437056534329,70.38737
TD-All,pre_refit,7,B0006,608,57.43663099473362,69.957054
TD-All,pre_refit,7,B0006,612,58.23847489632371,70.250046
TD-All,pre_refit,7,B0006,614,58.76884540363096,70.171585
TD-All,refit_on_3,7,B0006,2,100.88297108833646,101.35305
TD-All,refit_on_3,7,B0006,4,100.37753235288778,100.70539
TD-All,refit_on_3,7,B0006,6,99.79196916000484,100.57727
TD-All,refit_on_3,7,B0006,8,99.7899019818078,100.42299
TD-All,refit_on_3,7,B0006,10,99.15762541696316,100.31738
TD-All,refit_on_3,7,B0006,12,99.8203556776378,101.08042
TD-All,refit_on_3,7,B0006,14,99.7808037027038,101.01644
TD-All,refit_on_3,7,B0006,16,97.5844832820893,99.612595
TD-All,refit_on_3,7,B0006,18,97.5535716293996,99.412125
TD-All,refit_on_3,7,B0006,20,97.01155142541865,99.299355
TD-All,refit_on_3,7,B0006,22,96.43502080876348,99.10918
TD-All,refit_on_3,7,B0006,25,95.8972998236526,98.88358
TD-All,refit_on_3,7,B0006,27,95.32875373854844,98.50048
TD-All,refit_on_3,7,B0006,29,94.76419905980474,98.75944
TD-All,refit_on_3,7,B0006,31,94.22773853976388,98.03478
TD-All,refit_on_3,7,B0006,33,93.6395064953226,97.68681
TD-All,refit_on_3,7,B0006,35,93.09821798643677,97.62516
TD-All,refit_on_3,7,B0006,37,92.56743574756617,97.33922
TD-All,refit_on_3,7,B0006,39,92.56840432582156,97.407074
TD-All,refit_on_3,7,B0006,42,98.12161319843736,100.256744
TD-All,refit_on_3,7,B0006,46,97.02736865587346,99.84472
TD-All,refit_on_3,7,B0006,50,96.4457203456954,99.40459
TD-All,refit_on_3,7,B0006,54,95.37664206593776,98.90494
TD-All,refit_on_3,7,B0006,58,96.45395400781383,99.66439
TD-All,refit_on_3,7,B0006,62,94.2446511737385,98.28083
TD-All,refit_on_3,7,B0006,66,93.11783815158223,97.83698
TD-All,refit_on_3,7,B0006,70,92.60393676951,97.97786
TD-All,refit_on_3,7,B0006,74,91.99518419888014,97.78998
TD-All,refit_on_3,7,B0006,78,91.45865458065036,97.4407
TD-All,refit_on_3,7,B0006,82,92.05488530825814,97.857666
TD-All,refit_on_3,7,B0006,86,95.40291074415664,99.96576
TD-All,refit_on_3,7,B0006,90,93.2941701264468,98.814514
TD-All,refit_on_3,7,B0006,94,91.95812296295944,97.828865
TD-All,refit_on_3,7,B0006,98,91.16379285351326,97.03874
TD-All,refit_on_3,7,B0006,102,90.13722315501992,95.790405
TD-All,refit_on_3,7,B0006,106,89.88629167454431,95.77755
TD-All,refit_on_3,7,B0006,110,89.07464504963947,94.80224
TD-All,refit_on_3,7,B0006,114,88.27677498375004,93.696945
TD-All,refit_on_3,7,B0006,118,87.78153478310176,92.90375
TD-All,refit_on_3,7,B0006,122,87.25902301297472,92.5324
TD-All,refit_on_3,7,B0006,126,86.75445063463465,92.56856
TD-All,refit_on_3,7,B0006,130,86.21919662960373,91.708725
TD-All,refit_on_3,7,B0006,134,86.97181002045869,92.44469
TD-All,refit_on_3,7,B0006,136,87.53004089819298,92.36373
TD-All,refit_on_3,7,B0006,140,85.93648557449694,90.58072
TD-All,refit_on_3,7,B0006,144,84.92223069682748,89.59306
TD-All,refit_on_3,7,B0006,148,84.38106569995976,89.25536
TD-All,refit_on_3,7,B0006,150,90.39396636175364,95.74158
TD-All,refit_on_3,7,B0006,154,89.62118442408695,94.13664
TD-All,refit_on_3,7,B0006,158,88.01687540594799,92.21993
TD-All,refit_on_3,7,B0006,162,86.47934133475826,90.68436
TD-All,refit_on_3,7,B0006,166,85.7093899316892,90.004654
TD-All,refit_on_3,7,B0006,170,84.66363361309608,89.24423
TD-All,refit_on_3,7,B0006,174,84.14253773442293,89.18967
TD-All,refit_on_3,7,B0006,178,83.37268440744252,88.63309
TD-All,refit_on_3,7,B0006,182,82.84795096685752,88.23507
TD-All,refit_on_3,7,B0006,186,82.31672078137474,87.6773
TD-All,refit_on_3,7,B0006,190,81.8390002521071,87.45895
TD-All,refit_on_3,7,B0006,194,81.29446683115198,87.0761
TD-All,refit_on_3,7,B0006,198,80.75246648690656,86.754425
TD-All,refit_on_3,7,B0006,202,79.7437886746144,85.48112
TD-All,refit_on_3,7,B0006,206,79.47984426199564,85.41015
TD-All,refit_on_3,7,B0006,210,79.25415788836384,85.268135
TD-All,refit_on_3,7,B0006,214,78.69188922732394,84.61848
TD-All,refit_on_3,7,B0006,216,78.46114405771091,84.56279
TD-All,refit_on_3,7,B0006,220,77.67630372212932,83.46638
TD-All,refit_on_3,7,B0006,224,77.38916838478035,83.25144
TD-All,refit_on_3,7,B0006,228,76.88491527529958,82.58112
TD-All,refit_on_3,7,B0006,232,76.3646225030132,82.396286
TD-All,refit_on_3,7,B0006,236,75.60327887522882,81.479774
TD-All,refit_on_3,7,B0006,240,75.84333345118733,81.530304
TD-All,refit_on_3,7,B0006,244,75.57070473005419,81.350296
TD-All,refit_on_3,7,B0006,248,75.06972493621848,80.68136
TD-All,refit_on_3,7,B0006,252,74.81407516505371,80.39476
TD-All,refit_on_3,7,B0006,256,74.54671414292675,80.06184
TD-All,refit_on_3,7,B0006,260,74.02740213488109,79.45701
TD-All,refit_on_3,7,B0006,264,73.73556466569462,79.42925
TD-All,refit_on_3,7,B0006,266,75.84980622026112,81.18329
TD-All,refit_on_3,7,B0006,270,74.55060879561292,79.43121
TD-All,refit_on_3,7,B0006,274,73.79142812679322,79.06955
TD-All,refit_on_3,7,B0006,278,73.27190839787096,78.10302
TD-All,refit_on_3,7,B0006,282,73.28093201847443,78.182816
TD-All,refit_on_3,7,B0006,286,73.02095301621284,77.75335
TD-All,refit_on_3,7,B0006,290,72.73851013234444,77.45343
TD-All,refit_on_3,7,B0006,294,71.95104826590523,76.61974
TD-All,refit_on_3,7,B0006,298,71.96564568462234,76.51677
TD-All,refit_on_3,7,B0006,302,71.72895437691278,76.19779
TD-All,refit_on_3,7,B0006,306,71.71434939609318,76.09685
TD-All,refit_on_3,7,B0006,310,71.45761792874575,75.6847
TD-All,refit_on_3,7,B0006,313,78.98726854374111,83.23266
TD-All,refit_on_3,7,B0006,316,76.64794397240323,80.364655
TD-All,refit_on_3,7,B0006,320,75.07747171565073,78.72784
TD-All,refit_on_3,7,B0006,324,74.29795247472106,78.222885
TD-All,refit_on_3,7,B0006,328,73.51146675367659,77.525955
TD-All,refit_on_3,7,B0006,332,73.00864275760908,77.05199
TD-All,refit_on_3,7,B0006,336,72.50277290138493,76.46432
TD-All,refit_on_3,7,B0006,340,71.96131839956391,76.2749
TD-All,refit_on_3,7,B0006,344,71.71500633205595,75.55368
TD-All,refit_on_3,7,B0006,348,71.44305583769248,75.29466
TD-All,refit_on_3,7,B0006,352,70.93898960214143,75.083725
TD-All,refit_on_3,7,B0006,356,70.68194044477139,74.70758
TD-All,refit_on_3,7,B0006,360,70.4074916889224,73.901245
TD-All,refit_on_3,7,B0006,364,70.41804785222855,73.95462
TD-All,refit_on_3,7,B0006,367,71.98210310103482,75.3539
TD-All,refit_on_3,7,B0006,371,70.95618334594263,74.09643
TD-All,refit_on_3,7,B0006,375,70.1362730902931,73.4088
TD-All,refit_on_3,7,B0006,379,69.87433806657212,72.720184
TD-All,refit_on_3,7,B0006,383,69.63573699649338,72.81337
TD-All,refit_on_3,7,B0006,387,69.15232147064526,71.985016
TD-All,refit_on_3,7,B0006,391,69.12109936452545,72.091644
TD-All,refit_on_3,7,B0006,395,68.86250185726787,71.76989
TD-All,refit_on_3,7,B0006,399,68.59092282212131,71.447914
TD-All,refit_on_3,7,B0006,403,68.08750743669,70.952415
TD-All,refit_on_3,7,B0006,407,68.33159705981836,71.028694
TD-All,refit_on_3,7,B0006,411,68.09140360412486,70.67816
TD-All,refit_on_3,7,B0006,415,67.81869443003508,70.337494
TD-All,refit_on_3,7,B0006,419,67.5730638436144,70.00744
TD-All,refit_on_3,7,B0006,423,67.31503513349786,69.59753
TD-All,refit_on_3,7,B0006,427,67.07575548417674,69.473495
TD-All,refit_on_3,7,B0006,431,68.60691404106846,70.479965
TD-All,refit_on_3,7,B0006,433,69.64711039275872,72.06409
TD-All,refit_on_3,7,B0006,437,68.33719964359061,70.82735
TD-All,refit_on_3,7,B0006,441,67.81907707369999,70.075874
TD-All,refit_on_3,7,B0006,445,67.27630029953899,69.79229
TD-All,refit_on_3,7,B0006,449,67.03731096833596,69.30177
TD-All,refit_on_3,7,B0006,453,66.78534122129697,68.8477
TD-All,refit_on_3,7,B0006,457,66.26973868287087,68.614044
TD-All,refit_on_3,7,B0006,461,65.98363462621751,68.36981
TD-All,refit_on_3,7,B0006,465,65.72069252661954,67.53485
TD-All,refit_on_3,7,B0006,469,65.50500064349335,67.634766
TD-All,refit_on_3,7,B0006,473,65.48747074550045,67.39662
TD-All,refit_on_3,7,B0006,477,65.2110653386093,67.13376
TD-All,refit_on_3,7,B0006,481,65.47148558720653,67.2524
TD-All,refit_on_3,7,B0006,483,66.78647932759047,69.23369
TD-All,refit_on_3,7,B0006,485,65.72477818237311,67.87438
TD-All,refit_on_3,7,B0006,489,64.93697426302657,67.27792
TD-All,refit_on_3,7,B0006,493,64.69397950587184,66.693565
TD-All,refit_on_3,7,B0006,497,64.45556804271465,66.64533
TD-All,refit_on_3,7,B0006,501,64.44711910522597,66.38747
TD-All,refit_on_3,7,B0006,505,63.9153253541329,65.93322
TD-All,refit_on_3,7,B0006,509,63.40709756117343,65.24926
TD-All,refit_on_3,7,B0006,513,63.40485519747241,65.2133
TD-All,refit_on_3,7,B0006,517,63.14854807557744,65.21522
TD-All,refit_on_3,7,B0006,521,63.15304028594434,64.82716
TD-All,refit_on_3,7,B0006,525,62.63936845251047,64.09543
TD-All,refit_on_3,7,B0006,529,62.36048327920517,63.918114
TD-All,refit_on_3,7,B0006,533,62.11872624491582,63.982967
TD-All,refit_on_3,7,B0006,537,62.11731201074328,64.12182
TD-All,refit_on_3,7,B0006,541,61.86235410492132,63.198242
TD-All,refit_on_3,7,B0006,545,62.12742822257309,63.221073
TD-All,refit_on_3,7,B0006,548,63.93010610326108,66.28463
TD-All,refit_on_3,7,B0006,552,62.62827859533666,64.35054
TD-All,refit_on_3,7,B0006,556,61.85683618405182,63.48532
TD-All,refit_on_3,7,B0006,560,61.07092794836815,62.83268
TD-All,refit_on_3,7,B0006,564,60.82277612678393,62.630226
TD-All,refit_on_3,7,B0006,568,60.55640953242813,62.18695
TD-All,refit_on_3,7,B0006,572,60.02917505279337,61.734756
TD-All,refit_on_3,7,B0006,576,59.75722270334661,61.59229
TD-All,refit_on_3,7,B0006,580,59.52315601830062,61.338196
TD-All,refit_on_3,7,B0006,584,59.01246912863032,60.716995
TD-All,refit_on_3,7,B0006,588,58.74426171153606,60.400887
TD-All,refit_on_3,7,B0006,592,58.47122551716232,60.224136
TD-All,refit_on_3,7,B0006,596,58.2196597592319,59.935814
TD-All,refit_on_3,7,B0006,600,57.18983519098029,59.144722
TD-All,refit_on_3,7,B0006,604,57.71437056534329,59.406948
TD-All,refit_on_3,7,B0006,608,57.43663099473362,59.15423
TD-All,refit_on_3,7,B0006,612,58.23847489632371,60.185707
TD-All,refit_on_3,7,B0006,614,58.76884540363096,61.70972
TD-All,pre_refit,7,B0007,2,100.45351791563915,99.49591
TD-All,pre_refit,7,B0007,4,99.900254379013,99.99885
TD-All,pre_refit,7,B0007,6,99.90161660017114,99.80346
TD-All,pre_refit,7,B0007,8,99.9073657865712,99.42047
TD-All,pre_refit,7,B0007,10,99.83724531860553,99.386345
TD-All,pre_refit,7,B0007,12,99.90361817867274,99.803696
TD-All,pre_refit,7,B0007,14,99.86297576917136,99.93571
TD-All,pre_refit,7,B0007,16,99.94656396119812,98.42763
TD-All,pre_refit,7,B0007,18,99.31878532934633,98.04305
TD-All,pre_refit,7,B0007,20,99.33799331164263,98.072266
TD-All,pre_refit,7,B0007,22,99.33756087304828,97.63693
TD-All,pre_refit,7,B0007,25,98.78551523188162,97.72286
TD-All,pre_refit,7,B0007,27,98.75485184986668,96.702644
TD-All,pre_refit,7,B0007,29,98.75133536665352,97.027504
TD-All,pre_refit,7,B0007,31,98.77012942519043,95.97922
TD-All,pre_refit,7,B0007,33,98.73683812511632,95.616295
TD-All,pre_refit,7,B0007,35,98.15685575226132,95.25725
TD-All,pre_refit,7,B0007,37,98.19446503474695,94.8197
TD-All,pre_refit,7,B0007,39,98.186691403046,94.99614
TD-All,pre_refit,7,B0007,42,99.90787801510066,98.98891
TD-All,pre_refit,7,B0007,46,99.94461695603135,98.4272
TD-All,pre_refit,7,B0007,50,99.92460497901308,97.54748
TD-All,pre_refit,7,B0007,54,99.38880751306714,96.493195
TD-All,pre_refit,7,B0007,58,99.34580918956073,97.19059
TD-All,pre_refit,7,B0007,62,99.37088315432128,94.821686
TD-All,pre_refit,7,B0007,66,98.78342046080256,94.85787
TD-All,pre_refit,7,B0007,70,98.8058078187501,94.59838
TD-All,pre_refit,7,B0007,74,98.75966747373796,94.59255
TD-All,pre_refit,7,B0007,78,98.1739885027512,94.44156
TD-All,pre_refit,7,B0007,82,98.23039625446908,94.4184
TD-All,pre_refit,7,B0007,86,100.05062324611636,97.4887
TD-All,pre_refit,7,B0007,90,98.95386520139344,98.415245
TD-All,pre_refit,7,B0007,94,98.38356039411237,97.89814
TD-All,pre_refit,7,B0007,98,98.11080955264678,97.55007
TD-All,pre_refit,7,B0007,102,97.57312273601715,97.04138
TD-All,pre_refit,7,B0007,106,97.5908400366413,97.20723
TD-All,pre_refit,7,B0007,110,97.29922460125108,96.95456
TD-All,pre_refit,7,B0007,114,96.74012336609094,96.4518
TD-All,pre_refit,7,B0007,118,96.49359124138364,96.16127
TD-All,pre_refit,7,B0007,122,96.22137391342224,95.84381
TD-All,pre_refit,7,B0007,126,96.233276781278,95.80057
TD-All,pre_refit,7,B0007,130,95.93841918044076,95.53311
TD-All,pre_refit,7,B0007,134,96.31819241353496,96.64665
TD-All,pre_refit,7,B0007,136,95.94953719543624,95.61611
TD-All,pre_refit,7,B0007,140,95.3953227427902,95.02351
TD-All,pre_refit,7,B0007,144,94.86699939598208,94.67329
TD-All,pre_refit,7,B0007,148,94.57173479963342,94.20064
TD-All,pre_refit,7,B0007,150,96.41760769059738,94.93336
TD-All,pre_refit,7,B0007,154,96.45090493439226,95.81747
TD-All,pre_refit,7,B0007,158,95.6297003383392,95.12739
TD-All,pre_refit,7,B0007,162,95.10935396520227,94.89818
TD-All,pre_refit,7,B0007,166,94.57259385530976,94.25097
TD-All,pre_refit,7,B0007,170,94.30623404626093,94.10014
TD-All,pre_refit,7,B0007,174,94.0371367595855,93.723206
TD-All,pre_refit,7,B0007,178,93.49626919937222,93.38076
TD-All,pre_refit,7,B0007,182,92.9420388383138,92.481094
TD-All,pre_refit,7,B0007,186,92.94217065781828,92.3428
TD-All,pre_refit,7,B0007,190,92.69668329388116,91.879395
TD-All,pre_refit,7,B0007,194,92.41073633514534,91.55539
TD-All,pre_refit,7,B0007,198,91.82208130681248,90.92769
TD-All,pre_refit,7,B0007,202,91.5743327473832,91.50052
TD-All,pre_refit,7,B0007,206,91.04730118386937,90.52818
TD-All,pre_refit,7,B0007,210,91.04684020750553,90.13409
TD-All,pre_refit,7,B0007,214,90.49873919973382,89.43195
TD-All,pre_refit,7,B0007,216,90.51794914609178,89.55194
TD-All,pre_refit,7,B0007,220,89.96325858213598,89.48475
TD-All,pre_refit,7,B0007,224,89.64911074691454,88.85102
TD-All,pre_refit,7,B0007,228,89.4056438247883,88.635056
TD-All,pre_refit,7,B0007,232,89.13221056506995,88.36167
TD-All,pre_refit,7,B0007,236,88.88142970948275,88.308525
TD-All,pre_refit,7,B0007,240,88.57496163215028,87.443726
TD-All,pre_refit,7,B0007,244,88.30030467403411,87.23572
TD-All,pre_refit,7,B0007,248,88.04309784572763,86.78755
TD-All,pre_refit,7,B0007,252,87.7835715053401,86.40275
TD-All,pre_refit,7,B0007,256,87.5009058762453,86.21277
TD-All,pre_refit,7,B0007,260,86.92700430940862,85.95834
TD-All,pre_refit,7,B0007,264,86.91859800690037,85.761215
TD-All,pre_refit,7,B0007,266,87.17696241036246,85.95495
TD-All,pre_refit,7,B0007,270,86.66971006432802,85.49899
TD-All,pre_refit,7,B0007,274,86.11955257111292,84.80602
TD-All,pre_refit,7,B0007,278,85.86532022039283,84.9387
TD-All,pre_refit,7,B0007,282,85.83324550155743,84.40691
TD-All,pre_refit,7,B0007,286,85.88108948972226,84.59179
TD-All,pre_refit,7,B0007,290,85.56987844007078,84.451614
TD-All,pre_refit,7,B0007,294,85.027771191142,84.142685
TD-All,pre_refit,7,B0007,298,84.77582688520748,83.18093
TD-All,pre_refit,7,B0007,302,84.79178974791847,83.46349
TD-All,pre_refit,7,B0007,306,84.76993385106519,83.45305
TD-All,pre_refit,7,B0007,310,84.49605927424464,82.84212
TD-All,pre_refit,7,B0007,313,89.71090998622898,87.95482
TD-All,pre_refit,7,B0007,316,86.37349719367897,84.89903
TD-All,pre_refit,7,B0007,320,85.82898928627563,84.40094
TD-All,pre_refit,7,B0007,324,85.2934976107533,83.92346
TD-All,pre_refit,7,B0007,328,84.72574724857897,83.67304
TD-All,pre_refit,7,B0007,332,84.48328177752624,83.297745
TD-All,pre_refit,7,B0007,336,84.21457006738538,83.06831
TD-All,pre_refit,7,B0007,340,83.9288888229777,82.87125
TD-All,pre_refit,7,B0007,344,83.67629222648154,82.82842
TD-All,pre_refit,7,B0007,348,83.38837618926404,82.400894
TD-All,pre_refit,7,B0007,352,83.41270816038221,82.39421
TD-All,pre_refit,7,B0007,356,83.14675201444969,81.66633
TD-All,pre_refit,7,B0007,360,82.8484308280049,81.80397
TD-All,pre_refit,7,B0007,364,83.13252526962864,81.650215
TD-All,pre_refit,7,B0007,367,83.66359396289195,82.60847
TD-All,pre_refit,7,B0007,371,83.14841165448959,81.68923
TD-All,pre_refit,7,B0007,375,82.85488835556158,82.10822
TD-All,pre_refit,7,B0007,379,82.33123711829187,80.8871
TD-All,pre_refit,7,B0007,383,82.01142381939957,81.04993
TD-All,pre_refit,7,B0007,387,82.07206587982726,80.9787
TD-All,pre_refit,7,B0007,391,82.0495038543302,80.90336
TD-All,pre_refit,7,B0007,395,81.5031419618624,80.44896
TD-All,pre_refit,7,B0007,399,81.20841503507037,80.157104
TD-All,pre_refit,7,B0007,403,81.21721340553746,80.2966
TD-All,pre_refit,7,B0007,407,81.22601148878292,79.5871
TD-All,pre_refit,7,B0007,411,80.95054391771832,79.51081
TD-All,pre_refit,7,B0007,415,80.67227833994721,79.379135
TD-All,pre_refit,7,B0007,419,80.40565013650571,79.05528
TD-All,pre_refit,7,B0007,423,80.40335490244634,79.03221
TD-All,pre_refit,7,B0007,427,80.42152437300291,79.084145
TD-All,pre_refit,7,B0007,431,81.48461605871495,79.9366
TD-All,pre_refit,7,B0007,433,81.75963969607048,80.95232
TD-All,pre_refit,7,B0007,437,80.93560989493338,79.655106
TD-All,pre_refit,7,B0007,441,80.40209515327608,79.46583
TD-All,pre_refit,7,B0007,445,80.09419697809993,79.080536
TD-All,pre_refit,7,B0007,449,79.85042691616567,78.90406
TD-All,pre_refit,7,B0007,453,79.56495728605914,78.67187
TD-All,pre_refit,7,B0007,457,79.30076147796538,78.5298
TD-All,pre_refit,7,B0007,461,79.2776995197187,78.347786
TD-All,pre_refit,7,B0007,465,79.01573008127421,77.90507
TD-All,pre_refit,7,B0007,469,78.7529099419952,77.70096
TD-All,pre_refit,7,B0007,473,78.76631135529045,77.70764
TD-All,pre_refit,7,B0007,477,78.45734950325969,77.22321
TD-All,pre_refit,7,B0007,481,78.71925319505982,77.63818
TD-All,pre_refit,7,B0007,483,79.58166685963718,78.609184
TD-All,pre_refit,7,B0007,485,78.72860058663869,78.01162
TD-All,pre_refit,7,B0007,489,78.46501751785956,77.13748
TD-All,pre_refit,7,B0007,493,78.19738333514631,76.761795
TD-All,pre_refit,7,B0007,497,78.20645287101384,77.26787
TD-All,pre_refit,7,B0007,501,77.92824275772597,76.9569
TD-All,pre_refit,7,B0007,505,77.6497101362114,76.8909
TD-All,pre_refit,7,B0007,509,77.38028422735451,76.4908
TD-All,pre_refit,7,B0007,513,77.09660547904922,76.192665
TD-All,pre_refit,7,B0007,517,77.11046744203753,76.16377
TD-All,pre_refit,7,B0007,521,76.85550035450103,76.2564
TD-All,pre_refit,7,B0007,525,76.85236240084764,75.74933
TD-All,pre_refit,7,B0007,529,76.56671722215358,75.18491
TD-All,pre_refit,7,B0007,533,76.29399038621672,75.31398
TD-All,pre_refit,7,B0007,537,76.32425788720361,75.064514
TD-All,pre_refit,7,B0007,541,76.29658741049414,75.08015
TD-All,pre_refit,7,B0007,545,76.59209728582513,74.84437
TD-All,pre_refit,7,B0007,548,77.93863743061358,77.06708
TD-All,pre_refit,7,B0007,552,77.12364718084329,75.84428
TD-All,pre_refit,7,B0007,556,76.8725967441492,76.05696
TD-All,pre_refit,7,B0007,560,76.58854113704766,75.96226
TD-All,pre_refit,7,B0007,564,76.04885672654179,75.4766
TD-All,pre_refit,7,B0007,568,76.05828438472663,74.66533
TD-All,pre_refit,7,B0007,572,75.76335089505734,75.04229
TD-All,pre_refit,7,B0007,576,75.75439980355237,74.93837
TD-All,pre_refit,7,B0007,580,75.49812548326929,74.11207
TD-All,pre_refit,7,B0007,584,75.23591897923467,74.672775
TD-All,pre_refit,7,B0007,588,75.24924732301496,73.88973
TD-All,pre_refit,7,B0007,592,74.94444174506414,74.176796
TD-All,pre_refit,7,B0007,596,74.95266425125988,73.64468
TD-All,pre_refit,7,B0007,600,74.69643604452878,73.952385
TD-All,pre_refit,7,B0007,604,74.7051700493532,73.38069
TD-All,pre_refit,7,B0007,608,74.39278959915883,73.649506
TD-All,pre_refit,7,B0007,612,75.52591562947222,74.15849
TD-All,pre_refit,7,B0007,614,76.09264518290325,75.68203
TD-All,refit_on_3,7,B0007,2,100.45351791563915,100.452446
TD-All,refit_on_3,7,B0007,4,99.900254379013,101.552536
TD-All,refit_on_3,7,B0007,6,99.90161660017114,101.28945
TD-All,refit_on_3,7,B0007,8,99.9073657865712,100.83597
TD-All,refit_on_3,7,B0007,10,99.83724531860553,100.786194
TD-All,refit_on_3,7,B0007,12,99.90361817867274,101.150314
TD-All,refit_on_3,7,B0007,14,99.86297576917136,101.38395
TD-All,refit_on_3,7,B0007,16,99.94656396119812,99.78487
TD-All,refit_on_3,7,B0007,18,99.31878532934633,99.298134
TD-All,refit_on_3,7,B0007,20,99.33799331164263,99.30854
TD-All,refit_on_3,7,B0007,22,99.33756087304828,98.86766
TD-All,refit_on_3,7,B0007,25,98.78551523188162,98.61566
TD-All,refit_on_3,7,B0007,27,98.75485184986668,97.71575
TD-All,refit_on_3,7,B0007,29,98.75133536665352,98.016914
TD-All,refit_on_3,7,B0007,31,98.77012942519043,96.78006
TD-All,refit_on_3,7,B0007,33,98.73683812511632,96.41405
TD-All,refit_on_3,7,B0007,35,98.15685575226132,96.0679
TD-All,refit_on_3,7,B0007,37,98.19446503474695,95.396545
TD-All,refit_on_3,7,B0007,39,98.186691403046,95.70357
TD-All,refit_on_3,7,B0007,42,99.90787801510066,101.307655
TD-All,refit_on_3,7,B0007,46,99.94461695603135,100.74321
TD-All,refit_on_3,7,B0007,50,99.92460497901308,99.15069
TD-All,refit_on_3,7,B0007,54,99.38880751306714,98.0567
TD-All,refit_on_3,7,B0007,58,99.34580918956073,99.03438
TD-All,refit_on_3,7,B0007,62,99.37088315432128,96.206154
TD-All,refit_on_3,7,B0007,66,98.78342046080256,96.36809
TD-All,refit_on_3,7,B0007,70,98.8058078187501,95.93819
TD-All,refit_on_3,7,B0007,74,98.75966747373796,96.054245
TD-All,refit_on_3,7,B0007,78,98.1739885027512,96.02533
TD-All,refit_on_3,7,B0007,82,98.23039625446908,95.82894
TD-All,refit_on_3,7,B0007,86,100.05062324611636,98.759964
TD-All,refit_on_3,7,B0007,90,98.95386520139344,100.00487
TD-All,refit_on_3,7,B0007,94,98.38356039411237,99.28781
TD-All,refit_on_3,7,B0007,98,98.11080955264678,98.787766
TD-All,refit_on_3,7,B0007,102,97.57312273601715,98.435165
TD-All,refit_on_3,7,B0007,106,97.5908400366413,98.84669
TD-All,refit_on_3,7,B0007,110,97.29922460125108,98.31822
TD-All,refit_on_3,7,B0007,114,96.74012336609094,97.92876
TD-All,refit_on_3,7,B0007,118,96.49359124138364,97.68779
TD-All,refit_on_3,7,B0007,122,96.22137391342224,97.6698
TD-All,refit_on_3,7,B0007,126,96.233276781278,97.638504
TD-All,refit_on_3,7,B0007,130,95.93841918044076,97.29399
TD-All,refit_on_3,7,B0007,134,96.31819241353496,98.04477
TD-All,refit_on_3,7,B0007,136,95.94953719543624,97.15074
TD-All,refit_on_3,7,B0007,140,95.3953227427902,96.41217
TD-All,refit_on_3,7,B0007,144,94.86699939598208,96.26237
TD-All,refit_on_3,7,B0007,148,94.57173479963342,95.74703
TD-All,refit_on_3,7,B0007,150,96.41760769059738,97.97348
TD-All,refit_on_3,7,B0007,154,96.45090493439226,97.20346
TD-All,refit_on_3,7,B0007,158,95.6297003383392,96.38551
TD-All,refit_on_3,7,B0007,162,95.10935396520227,96.48062
TD-All,refit_on_3,7,B0007,166,94.57259385530976,95.75407
TD-All,refit_on_3,7,B0007,170,94.30623404626093,95.81768
TD-All,refit_on_3,7,B0007,174,94.0371367595855,95.103935
TD-All,refit_on_3,7,B0007,178,93.49626919937222,94.577774
TD-All,refit_on_3,7,B0007,182,92.9420388383138,93.35338
TD-All,refit_on_3,7,B0007,186,92.94217065781828,93.20632
TD-All,refit_on_3,7,B0007,190,92.69668329388116,92.89503
TD-All,refit_on_3,7,B0007,194,92.41073633514534,92.6885
TD-All,refit_on_3,7,B0007,198,91.82208130681248,91.77027
TD-All,refit_on_3,7,B0007,202,91.5743327473832,92.50654
TD-All,refit_on_3,7,B0007,206,91.04730118386937,91.188484
TD-All,refit_on_3,7,B0007,210,91.04684020750553,91.158104
TD-All,refit_on_3,7,B0007,214,90.49873919973382,90.03963
TD-All,refit_on_3,7,B0007,216,90.51794914609178,90.43931
TD-All,refit_on_3,7,B0007,220,89.96325858213598,90.361946
TD-All,refit_on_3,7,B0007,224,89.64911074691454,89.61066
TD-All,refit_on_3,7,B0007,228,89.4056438247883,89.44325
TD-All,refit_on_3,7,B0007,232,89.13221056506995,89.1779
TD-All,refit_on_3,7,B0007,236,88.88142970948275,89.15171
TD-All,refit_on_3,7,B0007,240,88.57496163215028,88.17778
TD-All,refit_on_3,7,B0007,244,88.30030467403411,87.937744
TD-All,refit_on_3,7,B0007,248,88.04309784572763,87.46533
TD-All,refit_on_3,7,B0007,252,87.7835715053401,86.99947
TD-All,refit_on_3,7,B0007,256,87.5009058762453,86.76443
TD-All,refit_on_3,7,B0007,260,86.92700430940862,86.48437
TD-All,refit_on_3,7,B0007,264,86.91859800690037,86.16404
TD-All,refit_on_3,7,B0007,266,87.17696241036246,86.425095
TD-All,refit_on_3,7,B0007,270,86.66971006432802,85.70874
TD-All,refit_on_3,7,B0007,274,86.11955257111292,85.06853
TD-All,refit_on_3,7,B0007,278,85.86532022039283,85.45715
TD-All,refit_on_3,7,B0007,282,85.83324550155743,84.65242
TD-All,refit_on_3,7,B0007,286,85.88108948972226,84.59098
TD-All,refit_on_3,7,B0007,290,85.56987844007078,84.45022
TD-All,refit_on_3,7,B0007,294,85.027771191142,84.0216
TD-All,refit_on_3,7,B0007,298,84.77582688520748,82.87499
TD-All,refit_on_3,7,B0007,302,84.79178974791847,83.51743
TD-All,refit_on_3,7,B0007,306,84.76993385106519,83.22631
TD-All,refit_on_3,7,B0007,310,84.49605927424464,82.558395
TD-All,refit_on_3,7,B0007,313,89.71090998622898,88.3667
TD-All,refit_on_3,7,B0007,316,86.37349719367897,85.06277
TD-All,refit_on_3,7,B0007,320,85.82898928627563,84.03118
TD-All,refit_on_3,7,B0007,324,85.2934976107533,83.57804
TD-All,refit_on_3,7,B0007,328,84.72574724857897,83.3895
TD-All,refit_on_3,7,B0007,332,84.48328177752624,83.03082
TD-All,refit_on_3,7,B0007,336,84.21457006738538,82.82407
TD-All,refit_on_3,7,B0007,340,83.9288888229777,82.61549
TD-All,refit_on_3,7,B0007,344,83.67629222648154,82.56878
TD-All,refit_on_3,7,B0007,348,83.38837618926404,82.14088
TD-All,refit_on_3,7,B0007,352,83.41270816038221,82.139206
TD-All,refit_on_3,7,B0007,356,83.14675201444969,81.38987
TD-All,refit_on_3,7,B0007,360,82.8484308280049,81.52773
TD-All,refit_on_3,7,B0007,364,83.13252526962864,81.391464
TD-All,refit_on_3,7,B0007,367,83.66359396289195,82.29238
TD-All,refit_on_3,7,B0007,371,83.14841165448959,81.27092
TD-All,refit_on_3,7,B0007,375,82.85488835556158,81.73625
TD-All,refit_on_3,7,B0007,379,82.33123711829187,80.53165
TD-All,refit_on_3,7,B0007,383,82.01142381939957,80.77368
TD-All,refit_on_3,7,B0007,387,82.07206587982726,80.65722
TD-All,refit_on_3,7,B0007,391,82.0495038543302,80.51803
TD-All,refit_on_3,7,B0007,395,81.5031419618624,80.06538
TD-All,refit_on_3,7,B0007,399,81.20841503507037,79.86733
TD-All,refit_on_3,7,B0007,403,81.21721340553746,79.97671
TD-All,refit_on_3,7,B0007,407,81.22601148878292,79.21008
TD-All,refit_on_3,7,B0007,411,80.95054391771832,79.09466
TD-All,refit_on_3,7,B0007,415,80.67227833994721,79.00729
TD-All,refit_on_3,7,B0007,419,80.40565013650571,78.7546
TD-All,refit_on_3,7,B0007,423,80.40335490244634,78.72894
TD-All,refit_on_3,7,B0007,427,80.42152437300291,78.701454
TD-All,refit_on_3,7,B0007,431,81.48461605871495,79.39407
TD-All,refit_on_3,7,B0007,433,81.75963969607048,80.53209
TD-All,refit_on_3,7,B0007,437,80.93560989493338,79.18695
TD-All,refit_on_3,7,B0007,441,80.40209515327608,79.10371
TD-All,refit_on_3,7,B0007,445,80.09419697809993,78.77606
TD-All,refit_on_3,7,B0007,449,79.85042691616567,78.61701
TD-All,refit_on_3,7,B0007,453,79.56495728605914,78.382935
TD-All,refit_on_3,7,B0007,457,79.30076147796538,78.246056
TD-All,refit_on_3,7,B0007,461,79.2776995197187,78.09355
TD-All,refit_on_3,7,B0007,465,79.01573008127421,77.65632
TD-All,refit_on_3,7,B0007,469,78.7529099419952,77.46244
TD-All,refit_on_3,7,B0007,473,78.76631135529045,77.47666
TD-All,refit_on_3,7,B0007,477,78.45734950325969,76.98755
TD-All,refit_on_3,7,B0007,481,78.71925319505982,77.465866
TD-All,refit_on_3,7,B0007,483,79.58166685963718,78.25616
TD-All,refit_on_3,7,B0007,485,78.72860058663869,77.59043
TD-All,refit_on_3,7,B0007,489,78.46501751785956,76.8165
TD-All,refit_on_3,7,B0007,493,78.19738333514631,76.50413
TD-All,refit_on_3,7,B0007,497,78.20645287101384,77.03528
TD-All,refit_on_3,7,B0007,501,77.92824275772597,76.63199
TD-All,refit_on_3,7,B0007,505,77.6497101362114,76.55253
TD-All,refit_on_3,7,B0007,509,77.38028422735451,76.21303
TD-All,refit_on_3,7,B0007,513,77.09660547904922,76.01427
TD-All,refit_on_3,7,B0007,517,77.11046744203753,75.987
TD-All,refit_on_3,7,B0007,521,76.85550035450103,75.992424
TD-All,refit_on_3,7,B0007,525,76.85236240084764,75.49798
TD-All,refit_on_3,7,B0007,529,76.56671722215358,75.01512
TD-All,refit_on_3,7,B0007,533,76.29399038621672,75.2211
TD-All,refit_on_3,7,B0007,537,76.32425788720361,74.938675
TD-All,refit_on_3,7,B0007,541,76.29658741049414,74.87452
TD-All,refit_on_3,7,B0007,545,76.59209728582513,74.60643
TD-All,refit_on_3,7,B0007,548,77.93863743061358,76.84585
TD-All,refit_on_3,7,B0007,552,77.12364718084329,75.588135
TD-All,refit_on_3,7,B0007,556,76.8725967441492,75.826584
TD-All,refit_on_3,7,B0007,560,76.58854113704766,75.77849
TD-All,refit_on_3,7,B0007,564,76.04885672654179,75.316826
TD-All,refit_on_3,7,B0007,568,76.05828438472663,74.5125
TD-All,refit_on_3,7,B0007,572,75.76335089505734,74.8947
TD-All,refit_on_3,7,B0007,576,75.75439980355237,74.802925
TD-All,refit_on_3,7,B0007,580,75.49812548326929,73.98814
TD-All,refit_on_3,7,B0007,584,75.23591897923467,74.544815
TD-All,refit_on_3,7,B0007,588,75.24924732301496,73.73756
TD-All,refit_on_3,7,B0007,592,74.94444174506414,74.04467
TD-All,refit_on_3,7,B0007,596,74.95266425125988,73.502144
TD-All,refit_on_3,7,B0007,600,74.69643604452878,73.83217
TD-All,refit_on_3,7,B0007,604,74.7051700493532,73.24988
TD-All,refit_on_3,7,B0007,608,74.39278959915883,73.52729
TD-All,refit_on_3,7,B0007,612,75.52591562947222,73.981094
TD-All,refit_on_3,7,B0007,614,76.09264518290325,75.575386
TD-All,pre_refit,7,B0018,3,100.8025811041783,90.419495
TD-All,pre_refit,7,B0018,7,100.16087022619236,92.95402
TD-All,pre_refit,7,B0018,11,99.96558598273582,92.64505
TD-All,pre_refit,7,B0018,15,99.48041766162956,92.52339
TD-All,pre_refit,7,B0018,18,99.59054502526398,94.14654
TD-All,pre_refit,7,B0018,20,99.36387169185286,93.015175
TD-All,pre_refit,7,B0018,22,98.96567828327716,92.718994
TD-All,pre_refit,7,B0018,24,98.63793870309058,92.360115
TD-All,pre_refit,7,B0018,27,98.04714689052696,92.161896
TD-All,pre_refit,7,B0018,30,99.06887382997856,93.899475
TD-All,pre_refit,7,B0018,32,98.47248926951052,92.939735
TD-All,pre_refit,7,B0018,34,98.068534707018,92.50601
TD-All,pre_refit,7,B0018,36,97.31606084566693,91.87187
TD-All,pre_refit,7,B0018,39,96.91537145663308,91.34764
TD-All,pre_refit,7,B0018,42,96.77777434993364,92.99209
TD-All,pre_refit,7,B0018,44,96.24906078283864,92.10239
TD-All,pre_refit,7,B0018,46,96.10893521170082,91.73996
TD-All,pre_refit,7,B0018,48,95.29382636269746,91.13883
TD-All,pre_refit,7,B0018,51,94.89112029628322,90.23922
TD-All,pre_refit,7,B0018,54,94.42623362260446,90.672295
TD-All,pre_refit,7,B0018,56,94.09214261326034,89.77108
TD-All,pre_refit,7,B0018,58,92.84655809058668,90.2253
TD-All,pre_refit,7,B0018,60,93.00278636580364,89.177666
TD-All,pre_refit,7,B0018,63,92.78717154289568,88.89943
TD-All,pre_refit,7,B0018,66,95.05514633441328,91.27809
TD-All,pre_refit,7,B0018,68,94.16023397654948,90.80249
TD-All,pre_refit,7,B0018,70,93.58756901230694,90.64964
TD-All,pre_refit,7,B0018,72,93.02323711734508,90.1048
TD-All,pre_refit,7,B0018,75,92.33971230163448,89.2598
TD-All,pre_refit,7,B0018,78,92.05544475967478,89.669876
TD-All,pre_refit,7,B0018,80,91.39607597710202,88.94585
TD-All,pre_refit,7,B0018,82,91.12841202900309,88.74059
TD-All,pre_refit,7,B0018,84,90.50598444143154,88.30151
TD-All,pre_refit,7,B0018,87,90.05329919062662,87.57575
TD-All,pre_refit,7,B0018,90,89.56595375021743,87.840836
TD-All,pre_refit,7,B0018,92,89.05221474379236,86.738434
TD-All,pre_refit,7,B0018,94,88.4478648526792,86.692345
TD-All,pre_refit,7,B0018,96,88.14926233550939,86.33805
TD-All,pre_refit,7,B0018,99,87.70654438914323,85.85662
TD-All,pre_refit,7,B0018,102,91.07812245566797,88.40859
TD-All,pre_refit,7,B0018,104,89.62445100410937,87.48089
TD-All,pre_refit,7,B0018,106,88.70513095013024,86.62192
TD-All,pre_refit,7,B0018,108,87.83746900859978,85.786255
TD-All,pre_refit,7,B0018,111,87.53788044222665,85.23489
TD-All,pre_refit,7,B0018,114,86.69891328476463,85.21865
TD-All,pre_refit,7,B0018,117,93.83080462693712,90.82149
TD-All,pre_refit,7,B0018,119,93.27978546012802,90.00191
TD-All,pre_refit,7,B0018,121,92.1525471966999,89.29588
TD-All,pre_refit,7,B0018,123,91.17195305362098,88.545715
TD-All,pre_refit,7,B0018,125,90.2416573040256,87.81967
TD-All,pre_refit,7,B0018,128,90.55423897233052,89.15769
TD-All,pre_refit,7,B0018,130,89.49039068452917,87.36829
TD-All,pre_refit,7,B0018,132,88.3454487099843,87.77013
TD-All,pre_refit,7,B0018,134,87.60607299731777,86.93065
TD-All,pre_refit,7,B0018,136,87.25714700042141,85.608765
TD-All,pre_refit,7,B0018,141,90.9473619616094,90.991554
TD-All,pre_refit,7,B0018,143,89.1426764135498,87.37505
TD-All,pre_refit,7,B0018,145,87.66626044455795,86.096214
TD-All,pre_refit,7,B0018,147,86.51592379470374,84.9032
TD-All,pre_refit,7,B0018,150,86.21730704320841,84.32497
TD-All,pre_refit,7,B0018,153,85.8627581657356,84.53537
TD-All,pre_refit,7,B0018,155,84.99855590440428,83.644966
TD-All,pre_refit,7,B0018,157,84.53366840480606,83.09505
TD-All,pre_refit,7,B0018,159,83.69607194854545,82.493484
TD-All,pre_refit,7,B0018,162,83.25899594193369,81.72308
TD-All,pre_refit,7,B0018,165,83.22975722050174,81.77595
TD-All,pre_refit,7,B0018,167,82.72092847997168,81.31507
TD-All,pre_refit,7,B0018,169,81.86598978006339,80.34558
TD-All,pre_refit,7,B0018,171,81.58859278240016,80.180756
TD-All,pre_refit,7,B0018,174,81.31316363799587,79.4547
TD-All,pre_refit,7,B0018,177,83.32773163808899,81.89916
TD-All,pre_refit,7,B0018,179,82.80709531820148,81.1881
TD-All,pre_refit,7,B0018,181,81.57610219236552,79.93824
TD-All,pre_refit,7,B0018,183,81.09929204028072,79.6567
TD-All,pre_refit,7,B0018,185,80.60512587063184,79.08041
TD-All,pre_refit,7,B0018,188,80.4645909654616,79.15157
TD-All,pre_refit,7,B0018,190,80.07171192098461,78.55367
TD-All,pre_refit,7,B0018,192,79.77346222448996,78.215515
TD-All,pre_refit,7,B0018,194,79.23402412051846,77.54258
TD-All,pre_refit,7,B0018,197,78.6783203089025,76.6306
TD-All,pre_refit,7,B0018,200,78.94539372549075,77.27672
TD-All,pre_refit,7,B0018,202,78.38865828037459,76.60017
TD-All,pre_refit,7,B0018,204,78.21127069246836,76.63485
TD-All,pre_refit,7,B0018,206,77.6339684068403,76.291534
TD-All,pre_refit,7,B0018,209,77.43046760934243,75.72534
TD-All,pre_refit,7,B0018,212,79.8708545166814,78.60496
TD-All,pre_refit,7,B0018,214,78.93458463676515,77.13956
TD-All,pre_refit,7,B0018,216,78.40488242765085,76.48411
TD-All,pre_refit,7,B0018,218,77.61921434771055,75.52935
TD-All,pre_refit,7,B0018,220,76.9170609064971,74.8933
TD-All,pre_refit,7,B0018,223,79.04297866359087,77.07763
TD-All,pre_refit,7,B0018,225,77.61605692618127,75.982254
TD-All,pre_refit,7,B0018,227,77.14789574863566,75.525475
TD-All,pre_refit,7,B0018,229,76.92281444261894,75.19311
TD-All,pre_refit,7,B0018,232,76.3858924270674,74.29172
TD-All,pre_refit,7,B0018,235,76.53620320177981,74.83945
TD-All,pre_refit,7,B0018,237,75.9063201738239,74.09488
TD-All,pre_refit,7,B0018,239,75.72766142150313,73.98776
TD-All,pre_refit,7,B0018,241,75.49928800503805,73.903595
TD-All,pre_refit,7,B0018,244,74.9124451895705,72.9871
TD-All,pre_refit,7,B0018,247,75.25674730493446,73.73411
TD-All,pre_refit,7,B0018,249,74.46467849076038,72.55746
TD-All,pre_refit,7,B0018,251,74.62885626516028,72.85925
TD-All,pre_refit,7,B0018,253,74.33553994642665,72.7784
TD-All,pre_refit,7,B0018,256,73.72504079935909,71.9467
TD-All,pre_refit,7,B0018,259,79.36110924975578,77.57745
TD-All,pre_refit,7,B0018,261,78.799706688891,77.51168
TD-All,pre_refit,7,B0018,263,78.14983302548104,77.33529
TD-All,pre_refit,7,B0018,265,77.61878718971624,76.63707
TD-All,pre_refit,7,B0018,267,76.88079746021991,75.66436
TD-All,pre_refit,7,B0018,270,76.8319836786595,75.644936
TD-All,pre_refit,7,B0018,272,76.01926160635412,75.0091
TD-All,pre_refit,7,B0018,274,75.82358510102308,75.10377
TD-All,pre_refit,7,B0018,276,75.53633219814198,75.08734
TD-All,pre_refit,7,B0018,279,75.31793705780649,74.06286
TD-All,pre_refit,7,B0018,282,75.43684114368729,73.779106
TD-All,pre_refit,7,B0018,284,74.7829788363973,72.866234
TD-All,pre_refit,7,B0018,286,74.15991898288928,72.26643
TD-All,pre_refit,7,B0018,288,73.84846878839457,72.07055
TD-All,pre_refit,7,B0018,291,73.15537271331122,71.37594
TD-All,pre_refit,7,B0018,294,77.53589472577204,75.80788
TD-All,pre_refit,7,B0018,296,76.42763235972666,75.46394
TD-All,pre_refit,7,B0018,298,75.72351586777258,74.77768
TD-All,pre_refit,7,B0018,300,75.4386936803776,74.52896
TD-All,pre_refit,7,B0018,302,74.45721490205536,73.50578
TD-All,pre_refit,7,B0018,305,74.97385174402893,73.79676
TD-All,pre_refit,7,B0018,307,74.3741167471391,73.43893
TD-All,pre_refit,7,B0018,309,74.05233968989694,73.53271
TD-All,pre_refit,7,B0018,311,74.08863589293038,73.606026
TD-All,pre_refit,7,B0018,314,73.46151441244959,72.29237
TD-All,pre_refit,7,B0018,317,73.62086195282473,72.42038
TD-All,pre_refit,7,B0018,319,72.87391760769836,71.883896
TD-All,refit_on_3,7,B0018,3,100.8025811041783,91.69647
TD-All,refit_on_3,7,B0018,7,100.16087022619236,93.27216
TD-All,refit_on_3,7,B0018,11,99.96558598273582,93.00394
TD-All,refit_on_3,7,B0018,15,99.48041766162956,93.07623
TD-All,refit_on_3,7,B0018,18,99.59054502526398,94.78397
TD-All,refit_on_3,7,B0018,20,99.36387169185286,93.04421
TD-All,refit_on_3,7,B0018,22,98.96567828327716,92.89795
TD-All,refit_on_3,7,B0018,24,98.63793870309058,92.62125
TD-All,refit_on_3,7,B0018,27,98.04714689052696,92.48264
TD-All,refit_on_3,7,B0018,30,99.06887382997856,94.68548
TD-All,refit_on_3,7,B0018,32,98.47248926951052,93.21653
TD-All,refit_on_3,7,B0018,34,98.068534707018,92.77153
TD-All,refit_on_3,7,B0018,36,97.31606084566693,92.251625
TD-All,refit_on_3,7,B0018,39,96.91537145663308,91.81167
TD-All,refit_on_3,7,B0018,42,96.77777434993364,93.77787
TD-All,refit_on_3,7,B0018,44,96.24906078283864,92.35605
TD-All,refit_on_3,7,B0018,46,96.10893521170082,91.89234
TD-All,refit_on_3,7,B0018,48,95.29382636269746,91.37124
TD-All,refit_on_3,7,B0018,51,94.89112029628322,90.51712
TD-All,refit_on_3,7,B0018,54,94.42623362260446,91.293365
TD-All,refit_on_3,7,B0018,56,94.09214261326034,90.26033
TD-All,refit_on_3,7,B0018,58,92.84655809058668,90.65272
TD-All,refit_on_3,7,B0018,60,93.00278636580364,89.56895
TD-All,refit_on_3,7,B0018,63,92.78717154289568,89.296455
TD-All,refit_on_3,7,B0018,66,95.05514633441328,92.21189
TD-All,refit_on_3,7,B0018,68,94.16023397654948,91.10207
TD-All,refit_on_3,7,B0018,70,93.58756901230694,90.91476
TD-All,refit_on_3,7,B0018,72,93.02323711734508,90.25831
TD-All,refit_on_3,7,B0018,75,92.33971230163448,89.2785
TD-All,refit_on_3,7,B0018,78,92.05544475967478,90.13523
TD-All,refit_on_3,7,B0018,80,91.39607597710202,89.18438
TD-All,refit_on_3,7,B0018,82,91.12841202900309,88.94398
TD-All,refit_on_3,7,B0018,84,90.50598444143154,88.41512
TD-All,refit_on_3,7,B0018,87,90.05329919062662,87.58564
TD-All,refit_on_3,7,B0018,90,89.56595375021743,88.19004
TD-All,refit_on_3,7,B0018,92,89.05221474379236,86.69548
TD-All,refit_on_3,7,B0018,94,88.4478648526792,86.87936
TD-All,refit_on_3,7,B0018,96,88.14926233550939,86.415215
TD-All,refit_on_3,7,B0018,99,87.70654438914323,85.78275
TD-All,refit_on_3,7,B0018,102,91.07812245566797,88.95369
TD-All,refit_on_3,7,B0018,104,89.62445100410937,87.58008
TD-All,refit_on_3,7,B0018,106,88.70513095013024,86.59563
TD-All,refit_on_3,7,B0018,108,87.83746900859978,85.7528
TD-All,refit_on_3,7,B0018,111,87.53788044222665,85.30659
TD-All,refit_on_3,7,B0018,114,86.69891328476463,85.585304
TD-All,refit_on_3,7,B0018,117,93.83080462693712,92.618355
TD-All,refit_on_3,7,B0018,119,93.27978546012802,90.13958
TD-All,refit_on_3,7,B0018,121,92.1525471966999,89.447845
TD-All,refit_on_3,7,B0018,123,91.17195305362098,88.634026
TD-All,refit_on_3,7,B0018,125,90.2416573040256,87.89031
TD-All,refit_on_3,7,B0018,128,90.55423897233052,89.72971
TD-All,refit_on_3,7,B0018,130,89.49039068452917,87.29765
TD-All,refit_on_3,7,B0018,132,88.3454487099843,87.839935
TD-All,refit_on_3,7,B0018,134,87.60607299731777,86.87853
TD-All,refit_on_3,7,B0018,136,87.25714700042141,85.617546
TD-All,refit_on_3,7,B0018,141,90.9473619616094,92.64923
TD-All,refit_on_3,7,B0018,143,89.1426764135498,87.43791
TD-All,refit_on_3,7,B0018,145,87.66626044455795,86.019295
TD-All,refit_on_3,7,B0018,147,86.51592379470374,84.79724
TD-All,refit_on_3,7,B0018,150,86.21730704320841,84.27839
TD-All,refit_on_3,7,B0018,153,85.8627581657356,84.88599
TD-All,refit_on_3,7,B0018,155,84.99855590440428,83.58221
TD-All,refit_on_3,7,B0018,157,84.53366840480606,83.08418
TD-All,refit_on_3,7,B0018,159,83.69607194854545,82.41648
TD-All,refit_on_3,7,B0018,162,83.25899594193369,81.58924
TD-All,refit_on_3,7,B0018,165,83.22975722050174,81.930504
TD-All,refit_on_3,7,B0018,167,82.72092847997168,81.30874
TD-All,refit_on_3,7,B0018,169,81.86598978006339,80.18904
TD-All,refit_on_3,7,B0018,171,81.58859278240016,79.9929
TD-All,refit_on_3,7,B0018,174,81.31316363799587,79.18287
TD-All,refit_on_3,7,B0018,177,83.32773163808899,82.24964
TD-All,refit_on_3,7,B0018,179,82.80709531820148,81.06002
TD-All,refit_on_3,7,B0018,181,81.57610219236552,79.61659
TD-All,refit_on_3,7,B0018,183,81.09929204028072,79.4278
TD-All,refit_on_3,7,B0018,185,80.60512587063184,78.82822
TD-All,refit_on_3,7,B0018,188,80.4645909654616,79.26916
TD-All,refit_on_3,7,B0018,190,80.07171192098461,78.43129
TD-All,refit_on_3,7,B0018,192,79.77346222448996,77.92255
TD-All,refit_on_3,7,B0018,194,79.23402412051846,77.16081
TD-All,refit_on_3,7,B0018,197,78.6783203089025,76.20946
TD-All,refit_on_3,7,B0018,200,78.94539372549075,77.297356
TD-All,refit_on_3,7,B0018,202,78.38865828037459,76.41773
TD-All,refit_on_3,7,B0018,204,78.21127069246836,76.4831
TD-All,refit_on_3,7,B0018,206,77.6339684068403,76.00017
TD-All,refit_on_3,7,B0018,209,77.43046760934243,75.45485
TD-All,refit_on_3,7,B0018,212,79.8708545166814,78.79166
TD-All,refit_on_3,7,B0018,214,78.93458463676515,76.67798
TD-All,refit_on_3,7,B0018,216,78.40488242765085,76.09995
TD-All,refit_on_3,7,B0018,218,77.61921434771055,75.02336
TD-All,refit_on_3,7,B0018,220,76.9170609064971,74.610374
TD-All,refit_on_3,7,B0018,223,79.04297866359087,77.25199
TD-All,refit_on_3,7,B0018,225,77.61605692618127,75.53749
TD-All,refit_on_3,7,B0018,227,77.14789574863566,75.05571
TD-All,refit_on_3,7,B0018,229,76.92281444261894,74.678665
TD-All,refit_on_3,7,B0018,232,76.3858924270674,73.681175
TD-All,refit_on_3,7,B0018,235,76.53620320177981,74.61627
TD-All,refit_on_3,7,B0018,237,75.9063201738239,73.5753
TD-All,refit_on_3,7,B0018,239,75.72766142150313,73.611244
TD-All,refit_on_3,7,B0018,241,75.49928800503805,73.53134
TD-All,refit_on_3,7,B0018,244,74.9124451895705,72.45218
TD-All,refit_on_3,7,B0018,247,75.25674730493446,73.67372
TD-All,refit_on_3,7,B0018,249,74.46467849076038,71.98635
TD-All,refit_on_3,7,B0018,251,74.62885626516028,72.42644
TD-All,refit_on_3,7,B0018,253,74.33553994642665,72.38847
TD-All,refit_on_3,7,B0018,256,73.72504079935909,71.34268
TD-All,refit_on_3,7,B0018,259,79.36110924975578,77.919846
TD-All,refit_on_3,7,B0018,261,78.799706688891,77.24709
TD-All,refit_on_3,7,B0018,263,78.14983302548104,77.01054
TD-All,refit_on_3,7,B0018,265,77.61878718971624,76.24616
TD-All,refit_on_3,7,B0018,267,76.88079746021991,75.29161
TD-All,refit_on_3,7,B0018,270,76.8319836786595,75.56368
TD-All,refit_on_3,7,B0018,272,76.01926160635412,74.74409
TD-All,refit_on_3,7,B0018,274,75.82358510102308,74.69092
TD-All,refit_on_3,7,B0018,276,75.53633219814198,74.64342
TD-All,refit_on_3,7,B0018,279,75.31793705780649,73.538445
TD-All,refit_on_3,7,B0018,282,75.43684114368729,73.44333
TD-All,refit_on_3,7,B0018,284,74.7829788363973,72.3855
TD-All,refit_on_3,7,B0018,286,74.15991898288928,71.68208
TD-All,refit_on_3,7,B0018,288,73.84846878839457,71.511765
TD-All,refit_on_3,7,B0018,291,73.15537271331122,70.7914
TD-All,refit_on_3,7,B0018,294,77.53589472577204,76.037834
TD-All,refit_on_3,7,B0018,296,76.42763235972666,75.14185
TD-All,refit_on_3,7,B0018,298,75.72351586777258,74.25176
TD-All,refit_on_3,7,B0018,300,75.4386936803776,74.12526
TD-All,refit_on_3,7,B0018,302,74.45721490205536,72.99924
TD-All,refit_on_3,7,B0018,305,74.97385174402893,73.74932
TD-All,refit_on_3,7,B0018,307,74.3741167471391,72.90979
TD-All,refit_on_3,7,B0018,309,74.05233968989694,73.02609
TD-All,refit_on_3,7,B0018,311,74.08863589293038,73.21393
TD-All,refit_on_3,7,B0018,314,73.46151441244959,71.66939
TD-All,refit_on_3,7,B0018,317,73.62086195282473,72.00288
TD-All,refit_on_3,7,B0018,319,72.87391760769836,71.26623
TD-All,pre_refit,123,B0005,2,100.80760884947765,102.09228
TD-All,pre_refit,123,B0005,4,100.25590968770103,101.76643
TD-All,pre_refit,123,B0005,6,99.65979925247206,101.883606
TD-All,pre_refit,123,B0005,8,99.65509323788856,101.35088
TD-All,pre_refit,123,B0005,10,99.6215889724607,101.18085
TD-All,pre_refit,123,B0005,12,99.67676620535396,101.6862
TD-All,pre_refit,123,B0005,14,99.64877352944652,101.58933
TD-All,pre_refit,123,B0005,16,99.13892996732449,100.79244
TD-All,pre_refit,123,B0005,18,99.08555627584838,100.09518
TD-All,pre_refit,123,B0005,20,99.0768365083485,99.95073
TD-All,pre_refit,123,B0005,22,99.07717774099622,99.220474
TD-All,pre_refit,123,B0005,25,98.5114992237362,99.22704
TD-All,pre_refit,123,B0005,27,98.4870761948254,98.41807
TD-All,pre_refit,123,B0005,29,98.47015265835132,98.288284
TD-All,pre_refit,123,B0005,31,97.88140357167902,98.50062
TD-All,pre_refit,123,B0005,33,97.85473656745688,97.83715
TD-All,pre_refit,123,B0005,35,97.88039886599036,97.17659
TD-All,pre_refit,123,B0005,37,97.9069415267384,96.514046
TD-All,pre_refit,123,B0005,39,97.89115702988882,96.38684
TD-All,pre_refit,123,B0005,42,100.29385168145046,101.09854
TD-All,pre_refit,123,B0005,46,100.31510023136114,99.88595
TD-All,pre_refit,123,B0005,50,99.70477213786135,99.938
TD-All,pre_refit,123,B0005,54,99.1402308374376,99.4828
TD-All,pre_refit,123,B0005,58,99.10400696359169,99.59108
TD-All,pre_refit,123,B0005,62,99.12941188644592,97.61512
TD-All,pre_refit,123,B0005,66,98.50222430381568,98.221436
TD-All,pre_refit,123,B0005,70,98.5423014565286,97.32045
TD-All,pre_refit,123,B0005,74,98.49887187571204,96.990395
TD-All,pre_refit,123,B0005,78,97.89050762402466,97.56718
TD-All,pre_refit,123,B0005,82,97.96171552529285,96.75647
TD-All,pre_refit,123,B0005,86,100.55321959197046,101.49342
TD-All,pre_refit,123,B0005,90,99.4075559707276,98.90349
TD-All,pre_refit,123,B0005,94,98.82112827769676,98.489975
TD-All,pre_refit,123,B0005,98,98.2457556393358,98.13423
TD-All,pre_refit,123,B0005,102,97.99065016377766,97.531685
TD-All,pre_refit,123,B0005,106,97.7065060215613,97.488075
TD-All,pre_refit,123,B0005,110,97.11279694879056,97.3124
TD-All,pre_refit,123,B0005,114,96.81304988059888,96.7104
TD-All,pre_refit,123,B0005,118,96.27605729788222,96.411865
TD-All,pre_refit,123,B0005,122,96.2762766313732,95.71114
TD-All,pre_refit,123,B0005,126,95.99578118843372,95.85829
TD-All,pre_refit,123,B0005,130,95.69403287907456,95.57702
TD-All,pre_refit,123,B0005,134,95.98194451474556,96.38199
TD-All,pre_refit,123,B0005,136,95.71321655496544,95.41373
TD-All,pre_refit,123,B0005,140,95.11928805425076,94.82476
TD-All,pre_refit,123,B0005,144,94.58275432725988,94.48402
TD-All,pre_refit,123,B0005,148,94.27008009570102,93.89393
TD-All,pre_refit,123,B0005,150,97.39411432859931,95.562874
TD-All,pre_refit,123,B0005,154,96.82749231246368,96.22386
TD-All,pre_refit,123,B0005,158,95.96820195991576,95.34923
TD-All,pre_refit,123,B0005,162,95.40638930769452,94.660614
TD-All,pre_refit,123,B0005,166,94.8553962680492,94.275444
TD-All,pre_refit,123,B0005,170,94.5755674779542,93.800964
TD-All,pre_refit,123,B0005,174,94.28806184403476,93.612686
TD-All,pre_refit,123,B0005,178,93.73958753620327,93.26701
TD-All,pre_refit,123,B0005,182,93.16861105469168,92.987595
TD-All,pre_refit,123,B0005,186,92.88227598613614,92.54703
TD-All,pre_refit,123,B0005,190,92.636901518198,92.412544
TD-All,pre_refit,123,B0005,194,92.32720191735562,92.11917
TD-All,pre_refit,123,B0005,198,92.01599848919145,91.8009
TD-All,pre_refit,123,B0005,202,91.49053823956656,91.55665
TD-All,pre_refit,123,B0005,206,90.92425521866993,91.55547
TD-All,pre_refit,123,B0005,210,90.92941856192826,90.79945
TD-All,pre_refit,123,B0005,214,90.34010561326173,90.7041
TD-All,pre_refit,123,B0005,216,90.0847586044663,90.74839
TD-All,pre_refit,123,B0005,220,89.80457989439137,90.03774
TD-All,pre_refit,123,B0005,224,89.19640288815545,89.84647
TD-All,pre_refit,123,B0005,228,88.93598251136243,89.31363
TD-All,pre_refit,123,B0005,232,88.65781340235759,89.264145
TD-All,pre_refit,123,B0005,236,88.38728178562198,88.87805
TD-All,pre_refit,123,B0005,240,88.08171260170519,88.22687
TD-All,pre_refit,123,B0005,244,87.49528010741024,88.54064
TD-All,pre_refit,123,B0005,248,87.2366743602368,87.98792
TD-All,pre_refit,123,B0005,252,86.96251727221627,87.44882
TD-All,pre_refit,123,B0005,256,86.35734215456989,87.446014
TD-All,pre_refit,123,B0005,260,86.10863457357058,87.186874
TD-All,pre_refit,123,B0005,264,86.06270063126725,86.83135
TD-All,pre_refit,123,B0005,266,86.63737677555004,87.13823
TD-All,pre_refit,123,B0005,270,85.50813849993258,86.50198
TD-All,pre_refit,123,B0005,274,84.97446653296429,86.09902
TD-All,pre_refit,123,B0005,278,84.69557819389517,86.03249
TD-All,pre_refit,123,B0005,282,84.68013627936132,85.74391
TD-All,pre_refit,123,B0005,286,84.41991821853574,85.48961
TD-All,pre_refit,123,B0005,290,84.10414931140878,85.23959
TD-All,pre_refit,123,B0005,294,83.52653061113354,84.87737
TD-All,pre_refit,123,B0005,298,82.96602561057489,84.62173
TD-All,pre_refit,123,B0005,302,82.99920327964658,84.43153
TD-All,pre_refit,123,B0005,306,82.68003018050378,84.5924
TD-All,pre_refit,123,B0005,310,82.39976893302816,84.2799
TD-All,pre_refit,123,B0005,313,87.19626195760692,88.46875
TD-All,pre_refit,123,B0005,316,84.91729656129593,85.553215
TD-All,pre_refit,123,B0005,320,84.06165489885902,84.992455
TD-All,pre_refit,123,B0005,324,83.2082752902044,84.9686
TD-All,pre_refit,123,B0005,328,82.91381970838151,84.305115
TD-All,pre_refit,123,B0005,332,82.37106085271179,84.21628
TD-All,pre_refit,123,B0005,336,82.09631790141844,83.82834
TD-All,pre_refit,123,B0005,340,81.80669701206385,83.74061
TD-All,pre_refit,123,B0005,344,81.53418918115372,83.374466
TD-All,pre_refit,123,B0005,348,80.95312575426658,83.35656
TD-All,pre_refit,123,B0005,352,80.6829269258604,83.29667
TD-All,pre_refit,123,B0005,356,80.38673535372676,82.93888
TD-All,pre_refit,123,B0005,360,80.10415225005684,82.64808
TD-All,pre_refit,123,B0005,364,80.68483906716317,82.503685
TD-All,pre_refit,123,B0005,367,81.23806188586506,83.22737
TD-All,pre_refit,123,B0005,371,80.40774500270479,82.313835
TD-All,pre_refit,123,B0005,375,79.80793062432481,82.17822
TD-All,pre_refit,123,B0005,379,78.94710440938543,81.18477
TD-All,pre_refit,123,B0005,383,78.96040682717852,81.830215
TD-All,pre_refit,123,B0005,387,79.00805769223405,81.38089
TD-All,pre_refit,123,B0005,391,78.68325635434054,81.242584
TD-All,pre_refit,123,B0005,395,78.12009683923326,81.198105
TD-All,pre_refit,123,B0005,399,77.83635095586517,80.923386
TD-All,pre_refit,123,B0005,403,77.83366081216815,80.68265
TD-All,pre_refit,123,B0005,407,77.54418562704669,80.75305
TD-All,pre_refit,123,B0005,411,77.26483532824366,80.43638
TD-All,pre_refit,123,B0005,415,76.96665751739931,80.05841
TD-All,pre_refit,123,B0005,419,76.69408123915822,79.757576
TD-All,pre_refit,123,B0005,423,76.7032886034996,79.59882
TD-All,pre_refit,123,B0005,427,76.43285089151239,79.852425
TD-All,pre_refit,123,B0005,431,77.83345221466253,80.19022
TD-All,pre_refit,123,B0005,433,78.09751233548145,80.73859
TD-All,pre_refit,123,B0005,437,76.96262218385922,80.16395
TD-All,pre_refit,123,B0005,441,76.3993634537507,79.917274
TD-All,pre_refit,123,B0005,445,76.08562321685423,79.49139
TD-All,pre_refit,123,B0005,449,75.84111192639295,79.40506
TD-All,pre_refit,123,B0005,453,75.5470202599512,78.86407
TD-All,pre_refit,123,B0005,457,75.2724773855306,78.75645
TD-All,pre_refit,123,B0005,461,74.95796574493023,78.72174
TD-All,pre_refit,123,B0005,465,74.67559060559861,78.58758
TD-All,pre_refit,123,B0005,469,74.4190975749656,78.10381
TD-All,pre_refit,123,B0005,473,74.41886702385212,77.96389
TD-All,pre_refit,123,B0005,477,74.10538957595438,77.97091
TD-All,pre_refit,123,B0005,481,74.68403981580354,78.462814
TD-All,pre_refit,123,B0005,483,75.26611054535188,79.00787
TD-All,pre_refit,123,B0005,485,74.38310747232698,78.50439
TD-All,pre_refit,123,B0005,489,74.10795710900801,77.87421
TD-All,pre_refit,123,B0005,493,73.53993654981534,77.90706
TD-All,pre_refit,123,B0005,497,73.55729388669064,77.823654
TD-All,pre_refit,123,B0005,501,73.56067241598603,77.55324
TD-All,pre_refit,123,B0005,505,73.26805286034079,77.26049
TD-All,pre_refit,123,B0005,509,72.98972077509227,76.89064
TD-All,pre_refit,123,B0005,513,72.70747847813722,76.895134
TD-All,pre_refit,123,B0005,517,72.70330518052887,76.91589
TD-All,pre_refit,123,B0005,521,72.43680818215978,76.79499
TD-All,pre_refit,123,B0005,525,72.14563728793834,76.6359
TD-All,pre_refit,123,B0005,529,71.84842350914826,76.40262
TD-All,pre_refit,123,B0005,533,71.57682808520298,76.538506
TD-All,pre_refit,123,B0005,537,71.59297070565168,76.570656
TD-All,pre_refit,123,B0005,541,71.58355486033668,76.043365
TD-All,pre_refit,123,B0005,545,71.88651633814797,76.08166
TD-All,pre_refit,123,B0005,548,73.85485752850198,77.45162
TD-All,pre_refit,123,B0005,552,72.73676298693475,76.83607
TD-All,pre_refit,123,B0005,556,72.16650080848474,76.67418
TD-All,pre_refit,123,B0005,560,71.87574889700983,76.65103
TD-All,pre_refit,123,B0005,564,71.60206343923741,76.286934
TD-All,pre_refit,123,B0005,568,71.32194157026348,76.32942
TD-All,pre_refit,123,B0005,572,71.30711389020412,75.86243
TD-All,pre_refit,123,B0005,576,71.01356336148518,75.87678
TD-All,pre_refit,123,B0005,580,70.75492745457169,75.73252
TD-All,pre_refit,123,B0005,584,70.77254445771489,75.554276
TD-All,pre_refit,123,B0005,588,70.77540542374062,75.08974
TD-All,pre_refit,123,B0005,592,70.47550750397869,75.265915
TD-All,pre_refit,123,B0005,596,70.48563041810954,75.00393
TD-All,pre_refit,123,B0005,600,70.23531244180377,75.01071
TD-All,pre_refit,123,B0005,604,69.93882142370093,75.12866
TD-All,pre_refit,123,B0005,608,69.90890905512207,74.95481
TD-All,pre_refit,123,B0005,612,71.07977535187085,75.52946
TD-All,pre_refit,123,B0005,614,71.95205157786506,76.344284
TD-All,refit_on_3,123,B0005,2,100.80760884947765,99.239365
TD-All,refit_on_3,123,B0005,4,100.25590968770103,97.58223
TD-All,refit_on_3,123,B0005,6,99.65979925247206,97.78845
TD-All,refit_on_3,123,B0005,8,99.65509323788856,97.66481
TD-All,refit_on_3,123,B0005,10,99.6215889724607,97.64972
TD-All,refit_on_3,123,B0005,12,99.67676620535396,98.00438
TD-All,refit_on_3,123,B0005,14,99.64877352944652,98.004166
TD-All,refit_on_3,123,B0005,16,99.13892996732449,97.768295
TD-All,refit_on_3,123,B0005,18,99.08555627584838,97.418396
TD-All,refit_on_3,123,B0005,20,99.0768365083485,97.39172
TD-All,refit_on_3,123,B0005,22,99.07717774099622,97.01797
TD-All,refit_on_3,123,B0005,25,98.5114992237362,97.2992
TD-All,refit_on_3,123,B0005,27,98.4870761948254,96.637054
TD-All,refit_on_3,123,B0005,29,98.47015265835132,96.49387
TD-All,refit_on_3,123,B0005,31,97.88140357167902,96.692085
TD-All,refit_on_3,123,B0005,33,97.85473656745688,96.3522
TD-All,refit_on_3,123,B0005,35,97.88039886599036,95.98469
TD-All,refit_on_3,123,B0005,37,97.9069415267384,95.60297
TD-All,refit_on_3,123,B0005,39,97.89115702988882,95.511856
TD-All,refit_on_3,123,B0005,42,100.29385168145046,98.25839
TD-All,refit_on_3,123,B0005,46,100.31510023136114,97.485794
TD-All,refit_on_3,123,B0005,50,99.70477213786135,97.53194
TD-All,refit_on_3,123,B0005,54,99.1402308374376,97.351814
TD-All,refit_on_3,123,B0005,58,99.10400696359169,97.34368
TD-All,refit_on_3,123,B0005,62,99.12941188644592,96.383095
TD-All,refit_on_3,123,B0005,66,98.50222430381568,96.68634
TD-All,refit_on_3,123,B0005,70,98.5423014565286,96.124985
TD-All,refit_on_3,123,B0005,74,98.49887187571204,95.91992
TD-All,refit_on_3,123,B0005,78,97.89050762402466,96.20408
TD-All,refit_on_3,123,B0005,82,97.96171552529285,95.68625
TD-All,refit_on_3,123,B0005,86,100.55321959197046,98.49731
TD-All,refit_on_3,123,B0005,90,99.4075559707276,96.85534
TD-All,refit_on_3,123,B0005,94,98.82112827769676,96.58698
TD-All,refit_on_3,123,B0005,98,98.2457556393358,96.27545
TD-All,refit_on_3,123,B0005,102,97.99065016377766,95.998825
TD-All,refit_on_3,123,B0005,106,97.7065060215613,95.742744
TD-All,refit_on_3,123,B0005,110,97.11279694879056,95.56508
TD-All,refit_on_3,123,B0005,114,96.81304988059888,95.25724
TD-All,refit_on_3,123,B0005,118,96.27605729788222,94.899994
TD-All,refit_on_3,123,B0005,122,96.2762766313732,94.42245
TD-All,refit_on_3,123,B0005,126,95.99578118843372,94.35057
TD-All,refit_on_3,123,B0005,130,95.69403287907456,94.121735
TD-All,refit_on_3,123,B0005,134,95.98194451474556,95.18293
TD-All,refit_on_3,123,B0005,136,95.71321655496544,94.052185
TD-All,refit_on_3,123,B0005,140,95.11928805425076,93.60698
TD-All,refit_on_3,123,B0005,144,94.58275432725988,93.39685
TD-All,refit_on_3,123,B0005,148,94.27008009570102,92.89388
TD-All,refit_on_3,123,B0005,150,97.39411432859931,93.783775
TD-All,refit_on_3,123,B0005,154,96.82749231246368,94.400925
TD-All,refit_on_3,123,B0005,158,95.96820195991576,93.857925
TD-All,refit_on_3,123,B0005,162,95.40638930769452,93.495544
TD-All,refit_on_3,123,B0005,166,94.8553962680492,93.100296
TD-All,refit_on_3,123,B0005,170,94.5755674779542,92.824974
TD-All,refit_on_3,123,B0005,174,94.28806184403476,92.51136
TD-All,refit_on_3,123,B0005,178,93.73958753620327,92.2003
TD-All,refit_on_3,123,B0005,182,93.16861105469168,91.86943
TD-All,refit_on_3,123,B0005,186,92.88227598613614,91.56232
TD-All,refit_on_3,123,B0005,190,92.636901518198,91.34676
TD-All,refit_on_3,123,B0005,194,92.32720191735562,91.060165
TD-All,refit_on_3,123,B0005,198,92.01599848919145,90.76411
TD-All,refit_on_3,123,B0005,202,91.49053823956656,90.657364
TD-All,refit_on_3,123,B0005,206,90.92425521866993,90.45199
TD-All,refit_on_3,123,B0005,210,90.92941856192826,89.89468
TD-All,refit_on_3,123,B0005,214,90.34010561326173,89.72398
TD-All,refit_on_3,123,B0005,216,90.0847586044663,89.67975
TD-All,refit_on_3,123,B0005,220,89.80457989439137,89.13648
TD-All,refit_on_3,123,B0005,224,89.19640288815545,88.81659
TD-All,refit_on_3,123,B0005,228,88.93598251136243,88.42025
TD-All,refit_on_3,123,B0005,232,88.65781340235759,88.28692
TD-All,refit_on_3,123,B0005,236,88.38728178562198,88.038826
TD-All,refit_on_3,123,B0005,240,88.08171260170519,87.42627
TD-All,refit_on_3,123,B0005,244,87.49528010741024,87.44702
TD-All,refit_on_3,123,B0005,248,87.2366743602368,87.01947
TD-All,refit_on_3,123,B0005,252,86.96251727221627,86.59119
TD-All,refit_on_3,123,B0005,256,86.35734215456989,86.45215
TD-All,refit_on_3,123,B0005,260,86.10863457357058,86.20736
TD-All,refit_on_3,123,B0005,264,86.06270063126725,85.913925
TD-All,refit_on_3,123,B0005,266,86.63737677555004,86.34657
TD-All,refit_on_3,123,B0005,270,85.50813849993258,85.5546
TD-All,refit_on_3,123,B0005,274,84.97446653296429,85.164856
TD-All,refit_on_3,123,B0005,278,84.69557819389517,85.028694
TD-All,refit_on_3,123,B0005,282,84.68013627936132,84.52131
TD-All,refit_on_3,123,B0005,286,84.41991821853574,84.33077
TD-All,refit_on_3,123,B0005,290,84.10414931140878,84.00775
TD-All,refit_on_3,123,B0005,294,83.52653061113354,83.80919
TD-All,refit_on_3,123,B0005,298,82.96602561057489,83.33192
TD-All,refit_on_3,123,B0005,302,82.99920327964658,82.99227
TD-All,refit_on_3,123,B0005,306,82.68003018050378,83.08187
TD-All,refit_on_3,123,B0005,310,82.39976893302816,82.78093
TD-All,refit_on_3,123,B0005,313,87.19626195760692,87.36982
TD-All,refit_on_3,123,B0005,316,84.91729656129593,84.57642
TD-All,refit_on_3,123,B0005,320,84.06165489885902,83.89785
TD-All,refit_on_3,123,B0005,324,83.2082752902044,83.68785
TD-All,refit_on_3,123,B0005,328,82.91381970838151,82.98685
TD-All,refit_on_3,123,B0005,332,82.37106085271179,82.81788
TD-All,refit_on_3,123,B0005,336,82.09631790141844,82.382195
TD-All,refit_on_3,123,B0005,340,81.80669701206385,82.17585
TD-All,refit_on_3,123,B0005,344,81.53418918115372,81.8665
TD-All,refit_on_3,123,B0005,348,80.95312575426658,81.67174
TD-All,refit_on_3,123,B0005,352,80.6829269258604,81.485535
TD-All,refit_on_3,123,B0005,356,80.38673535372676,81.12065
TD-All,refit_on_3,123,B0005,360,80.10415225005684,80.90119
TD-All,refit_on_3,123,B0005,364,80.68483906716317,80.643135
TD-All,refit_on_3,123,B0005,367,81.23806188586506,81.716736
TD-All,refit_on_3,123,B0005,371,80.40774500270479,80.58509
TD-All,refit_on_3,123,B0005,375,79.80793062432481,80.466896
TD-All,refit_on_3,123,B0005,379,78.94710440938543,79.34676
TD-All,refit_on_3,123,B0005,383,78.96040682717852,79.69215
TD-All,refit_on_3,123,B0005,387,79.00805769223405,79.426056
TD-All,refit_on_3,123,B0005,391,78.68325635434054,79.05156
TD-All,refit_on_3,123,B0005,395,78.12009683923326,78.940384
TD-All,refit_on_3,123,B0005,399,77.83635095586517,78.63113
TD-All,refit_on_3,123,B0005,403,77.83366081216815,78.45463
TD-All,refit_on_3,123,B0005,407,77.54418562704669,78.25179
TD-All,refit_on_3,123,B0005,411,77.26483532824366,77.99201
TD-All,refit_on_3,123,B0005,415,76.96665751739931,77.597626
TD-All,refit_on_3,123,B0005,419,76.69408123915822,77.25671
TD-All,refit_on_3,123,B0005,423,76.7032886034996,77.086296
TD-All,refit_on_3,123,B0005,427,76.43285089151239,77.257515
TD-All,refit_on_3,123,B0005,431,77.83345221466253,78.04174
TD-All,refit_on_3,123,B0005,433,78.09751233548145,78.67407
TD-All,refit_on_3,123,B0005,437,76.96262218385922,77.80196
TD-All,refit_on_3,123,B0005,441,76.3993634537507,77.43168
TD-All,refit_on_3,123,B0005,445,76.08562321685423,76.91689
TD-All,refit_on_3,123,B0005,449,75.84111192639295,76.69696
TD-All,refit_on_3,123,B0005,453,75.5470202599512,76.24096
TD-All,refit_on_3,123,B0005,457,75.2724773855306,76.00574
TD-All,refit_on_3,123,B0005,461,74.95796574493023,75.82943
TD-All,refit_on_3,123,B0005,465,74.67559060559861,75.81198
TD-All,refit_on_3,123,B0005,469,74.4190975749656,75.17775
TD-All,refit_on_3,123,B0005,473,74.41886702385212,74.99104
TD-All,refit_on_3,123,B0005,477,74.10538957595438,74.875114
TD-All,refit_on_3,123,B0005,481,74.68403981580354,75.30138
TD-All,refit_on_3,123,B0005,483,75.26611054535188,76.297455
TD-All,refit_on_3,123,B0005,485,74.38310747232698,75.51643
TD-All,refit_on_3,123,B0005,489,74.10795710900801,74.75
TD-All,refit_on_3,123,B0005,493,73.53993654981534,74.68222
TD-All,refit_on_3,123,B0005,497,73.55729388669064,74.5366
TD-All,refit_on_3,123,B0005,501,73.56067241598603,74.237114
TD-All,refit_on_3,123,B0005,505,73.26805286034079,74.017
TD-All,refit_on_3,123,B0005,509,72.98972077509227,73.66564
TD-All,refit_on_3,123,B0005,513,72.70747847813722,73.385345
TD-All,refit_on_3,123,B0005,517,72.70330518052887,73.34955
TD-All,refit_on_3,123,B0005,521,72.43680818215978,73.30768
TD-All,refit_on_3,123,B0005,525,72.14563728793834,73.12021
TD-All,refit_on_3,123,B0005,529,71.84842350914826,72.755264
TD-All,refit_on_3,123,B0005,533,71.57682808520298,72.72264
TD-All,refit_on_3,123,B0005,537,71.59297070565168,72.657326
TD-All,refit_on_3,123,B0005,541,71.58355486033668,72.42824
TD-All,refit_on_3,123,B0005,545,71.88651633814797,72.315125
TD-All,refit_on_3,123,B0005,548,73.85485752850198,74.553154
TD-All,refit_on_3,123,B0005,552,72.73676298693475,73.50821
TD-All,refit_on_3,123,B0005,556,72.16650080848474,73.24408
TD-All,refit_on_3,123,B0005,560,71.87574889700983,73.13516
TD-All,refit_on_3,123,B0005,564,71.60206343923741,72.6553
TD-All,refit_on_3,123,B0005,568,71.32194157026348,72.52605
TD-All,refit_on_3,123,B0005,572,71.30711389020412,72.205864
TD-All,refit_on_3,123,B0005,576,71.01356336148518,72.03063
TD-All,refit_on_3,123,B0005,580,70.75492745457169,71.81001
TD-All,refit_on_3,123,B0005,584,70.77254445771489,71.694244
TD-All,refit_on_3,123,B0005,588,70.77540542374062,71.31394
TD-All,refit_on_3,123,B0005,592,70.47550750397869,71.31851
TD-All,refit_on_3,123,B0005,596,70.48563041810954,71.05692
TD-All,refit_on_3,123,B0005,600,70.23531244180377,71.104866
TD-All,refit_on_3,123,B0005,604,69.93882142370093,71.059425
TD-All,refit_on_3,123,B0005,608,69.90890905512207,70.82071
TD-All,refit_on_3,123,B0005,612,71.07977535187085,71.979034
TD-All,refit_on_3,123,B0005,614,71.95205157786506,73.12786
TD-All,pre_refit,123,B0006,2,100.88297108833646,99.82723
TD-All,pre_refit,123,B0006,4,100.37753235288778,103.95431
TD-All,pre_refit,123,B0006,6,99.79196916000484,104.47605
TD-All,pre_refit,123,B0006,8,99.7899019818078,104.64612
TD-All,pre_refit,123,B0006,10,99.15762541696316,103.68588
TD-All,pre_refit,123,B0006,12,99.8203556776378,104.57207
TD-All,pre_refit,123,B0006,14,99.7808037027038,103.87625
TD-All,pre_refit,123,B0006,16,97.5844832820893,104.0695
TD-All,pre_refit,123,B0006,18,97.5535716293996,104.06701
TD-All,pre_refit,123,B0006,20,97.01155142541865,102.99518
TD-All,pre_refit,123,B0006,22,96.43502080876348,103.475105
TD-All,pre_refit,123,B0006,25,95.8972998236526,101.972244
TD-All,pre_refit,123,B0006,27,95.32875373854844,102.97029
TD-All,pre_refit,123,B0006,29,94.76419905980474,101.34512
TD-All,pre_refit,123,B0006,31,94.22773853976388,101.68099
TD-All,pre_refit,123,B0006,33,93.6395064953226,101.02399
TD-All,pre_refit,123,B0006,35,93.09821798643677,101.60526
TD-All,pre_refit,123,B0006,37,92.56743574756617,100.68541
TD-All,pre_refit,123,B0006,39,92.56840432582156,100.11355
TD-All,pre_refit,123,B0006,42,98.12161319843736,104.038475
TD-All,pre_refit,123,B0006,46,97.02736865587346,104.92317
TD-All,pre_refit,123,B0006,50,96.4457203456954,104.04679
TD-All,pre_refit,123,B0006,54,95.37664206593776,104.39876
TD-All,pre_refit,123,B0006,58,96.45395400781383,103.82695
TD-All,pre_refit,123,B0006,62,94.2446511737385,103.77164
TD-All,pre_refit,123,B0006,66,93.11783815158223,101.653046
TD-All,pre_refit,123,B0006,70,92.60393676951,101.22963
TD-All,pre_refit,123,B0006,74,91.99518419888014,100.393585
TD-All,pre_refit,123,B0006,78,91.45865458065036,100.44885
TD-All,pre_refit,123,B0006,82,92.05488530825814,99.92569
TD-All,pre_refit,123,B0006,86,95.40291074415664,97.280136
TD-All,pre_refit,123,B0006,90,93.2941701264468,96.53238
TD-All,pre_refit,123,B0006,94,91.95812296295944,95.07931
TD-All,pre_refit,123,B0006,98,91.16379285351326,94.003525
TD-All,pre_refit,123,B0006,102,90.13722315501992,93.172104
TD-All,pre_refit,123,B0006,106,89.88629167454431,92.180695
TD-All,pre_refit,123,B0006,110,89.07464504963947,91.63141
TD-All,pre_refit,123,B0006,114,88.27677498375004,91.16043
TD-All,pre_refit,123,B0006,118,87.78153478310176,90.32143
TD-All,pre_refit,123,B0006,122,87.25902301297472,89.8747
TD-All,pre_refit,123,B0006,126,86.75445063463465,89.30219
TD-All,pre_refit,123,B0006,130,86.21919662960373,88.36496
TD-All,pre_refit,123,B0006,134,86.97181002045869,88.74085
TD-All,pre_refit,123,B0006,136,87.53004089819298,89.26583
TD-All,pre_refit,123,B0006,140,85.93648557449694,88.4544
TD-All,pre_refit,123,B0006,144,84.92223069682748,88.049164
TD-All,pre_refit,123,B0006,148,84.38106569995976,87.08092
TD-All,pre_refit,123,B0006,150,90.39396636175364,91.4307
TD-All,pre_refit,123,B0006,154,89.62118442408695,90.4339
TD-All,pre_refit,123,B0006,158,88.01687540594799,89.10844
TD-All,pre_refit,123,B0006,162,86.47934133475826,88.30191
TD-All,pre_refit,123,B0006,166,85.7093899316892,87.75399
TD-All,pre_refit,123,B0006,170,84.66363361309608,87.29377
TD-All,pre_refit,123,B0006,174,84.14253773442293,86.19083
TD-All,pre_refit,123,B0006,178,83.37268440744252,85.69378
TD-All,pre_refit,123,B0006,182,82.84795096685752,84.87396
TD-All,pre_refit,123,B0006,186,82.31672078137474,84.00584
TD-All,pre_refit,123,B0006,190,81.8390002521071,83.36215
TD-All,pre_refit,123,B0006,194,81.29446683115198,83.07269
TD-All,pre_refit,123,B0006,198,80.75246648690656,82.57175
TD-All,pre_refit,123,B0006,202,79.7437886746144,83.13705
TD-All,pre_refit,123,B0006,206,79.47984426199564,81.74785
TD-All,pre_refit,123,B0006,210,79.25415788836384,81.22508
TD-All,pre_refit,123,B0006,214,78.69188922732394,80.77109
TD-All,pre_refit,123,B0006,216,78.46114405771091,81.1751
TD-All,pre_refit,123,B0006,220,77.67630372212932,80.50707
TD-All,pre_refit,123,B0006,224,77.38916838478035,79.9582
TD-All,pre_refit,123,B0006,228,76.88491527529958,80.10403
TD-All,pre_refit,123,B0006,232,76.3646225030132,79.559235
TD-All,pre_refit,123,B0006,236,75.60327887522882,79.64864
TD-All,pre_refit,123,B0006,240,75.84333345118733,79.257866
TD-All,pre_refit,123,B0006,244,75.57070473005419,78.924965
TD-All,pre_refit,123,B0006,248,75.06972493621848,79.37859
TD-All,pre_refit,123,B0006,252,74.81407516505371,78.85796
TD-All,pre_refit,123,B0006,256,74.54671414292675,78.41919
TD-All,pre_refit,123,B0006,260,74.02740213488109,79.050804
TD-All,pre_refit,123,B0006,264,73.73556466569462,78.163376
TD-All,pre_refit,123,B0006,266,75.84980622026112,77.463165
TD-All,pre_refit,123,B0006,270,74.55060879561292,78.18767
TD-All,pre_refit,123,B0006,274,73.79142812679322,77.615395
TD-All,pre_refit,123,B0006,278,73.27190839787096,78.76514
TD-All,pre_refit,123,B0006,282,73.28093201847443,77.75532
TD-All,pre_refit,123,B0006,286,73.02095301621284,77.44911
TD-All,pre_refit,123,B0006,290,72.73851013234444,77.21736
TD-All,pre_refit,123,B0006,294,71.95104826590523,77.27367
TD-All,pre_refit,123,B0006,298,71.96564568462234,76.940475
TD-All,pre_refit,123,B0006,302,71.72895437691278,77.36795
TD-All,pre_refit,123,B0006,306,71.71434939609318,76.758965
TD-All,pre_refit,123,B0006,310,71.45761792874575,76.78339
TD-All,pre_refit,123,B0006,313,78.98726854374111,78.314835
TD-All,pre_refit,123,B0006,316,76.64794397240323,77.493
TD-All,pre_refit,123,B0006,320,75.07747171565073,77.47394
TD-All,pre_refit,123,B0006,324,74.29795247472106,77.033775
TD-All,pre_refit,123,B0006,328,73.51146675367659,77.2087
TD-All,pre_refit,123,B0006,332,73.00864275760908,76.81758
TD-All,pre_refit,123,B0006,336,72.50277290138493,76.89306
TD-All,pre_refit,123,B0006,340,71.96131839956391,76.415
TD-All,pre_refit,123,B0006,344,71.71500633205595,76.65164
TD-All,pre_refit,123,B0006,348,71.44305583769248,76.32114
TD-All,pre_refit,123,B0006,352,70.93898960214143,76.11702
TD-All,pre_refit,123,B0006,356,70.68194044477139,75.84526
TD-All,pre_refit,123,B0006,360,70.4074916889224,76.57454
TD-All,pre_refit,123,B0006,364,70.41804785222855,75.93345
TD-All,pre_refit,123,B0006,367,71.98210310103482,76.48299
TD-All,pre_refit,123,B0006,371,70.95618334594263,76.0905
TD-All,pre_refit,123,B0006,375,70.1362730902931,75.869675
TD-All,pre_refit,123,B0006,379,69.87433806657212,75.70842
TD-All,pre_refit,123,B0006,383,69.63573699649338,75.933716
TD-All,pre_refit,123,B0006,387,69.15232147064526,76.49645
TD-All,pre_refit,123,B0006,391,69.12109936452545,75.66863
TD-All,pre_refit,123,B0006,395,68.86250185726787,75.31169
TD-All,pre_refit,123,B0006,399,68.59092282212131,75.35263
TD-All,pre_refit,123,B0006,403,68.08750743669,75.48021
TD-All,pre_refit,123,B0006,407,68.33159705981836,75.07692
TD-All,pre_refit,123,B0006,411,68.09140360412486,75.03792
TD-All,pre_refit,123,B0006,415,67.81869443003508,75.012276
TD-All,pre_refit,123,B0006,419,67.5730638436144,75.065636
TD-All,pre_refit,123,B0006,423,67.31503513349786,75.66242
TD-All,pre_refit,123,B0006,427,67.07575548417674,75.13613
TD-All,pre_refit,123,B0006,431,68.60691404106846,75.547424
TD-All,pre_refit,123,B0006,433,69.64711039275872,75.48441
TD-All,pre_refit,123,B0006,437,68.33719964359061,75.014015
TD-All,pre_refit,123,B0006,441,67.81907707369999,75.706345
TD-All,pre_refit,123,B0006,445,67.27630029953899,75.048904
TD-All,pre_refit,123,B0006,449,67.03731096833596,75.765076
TD-All,pre_refit,123,B0006,453,66.78534122129697,75.26962
TD-All,pre_refit,123,B0006,457,66.26973868287087,75.32061
TD-All,pre_refit,123,B0006,461,65.98363462621751,75.48499
TD-All,pre_refit,123,B0006,465,65.72069252661954,76.347885
TD-All,pre_refit,123,B0006,469,65.50500064349335,75.37279
TD-All,pre_refit,123,B0006,473,65.48747074550045,75.73116
TD-All,pre_refit,123,B0006,477,65.2110653386093,76.07548
TD-All,pre_refit,123,B0006,481,65.47148558720653,76.132195
TD-All,pre_refit,123,B0006,483,66.78647932759047,75.59309
TD-All,pre_refit,123,B0006,485,65.72477818237311,76.54686
TD-All,pre_refit,123,B0006,489,64.93697426302657,76.21135
TD-All,pre_refit,123,B0006,493,64.69397950587184,76.77218
TD-All,pre_refit,123,B0006,497,64.45556804271465,76.20534
TD-All,pre_refit,123,B0006,501,64.44711910522597,76.443115
TD-All,pre_refit,123,B0006,505,63.9153253541329,76.29341
TD-All,pre_refit,123,B0006,509,63.40709756117343,76.963036
TD-All,pre_refit,123,B0006,513,63.40485519747241,77.20748
TD-All,pre_refit,123,B0006,517,63.14854807557744,76.91778
TD-All,pre_refit,123,B0006,521,63.15304028594434,76.882065
TD-All,pre_refit,123,B0006,525,62.63936845251047,77.85856
TD-All,pre_refit,123,B0006,529,62.36048327920517,77.84094
TD-All,pre_refit,123,B0006,533,62.11872624491582,77.259
TD-All,pre_refit,123,B0006,537,62.11731201074328,76.96394
TD-All,pre_refit,123,B0006,541,61.86235410492132,77.95762
TD-All,pre_refit,123,B0006,545,62.12742822257309,78.03003
TD-All,pre_refit,123,B0006,548,63.93010610326108,76.98963
TD-All,pre_refit,123,B0006,552,62.62827859533666,77.34963
TD-All,pre_refit,123,B0006,556,61.85683618405182,77.98547
TD-All,pre_refit,123,B0006,560,61.07092794836815,78.46944
TD-All,pre_refit,123,B0006,564,60.82277612678393,77.881386
TD-All,pre_refit,123,B0006,568,60.55640953242813,78.6315
TD-All,pre_refit,123,B0006,572,60.02917505279337,78.43343
TD-All,pre_refit,123,B0006,576,59.75722270334661,78.380486
TD-All,pre_refit,123,B0006,580,59.52315601830062,78.12048
TD-All,pre_refit,123,B0006,584,59.01246912863032,79.06435
TD-All,pre_refit,123,B0006,588,58.74426171153606,79.02998
TD-All,pre_refit,123,B0006,592,58.47122551716232,79.05734
TD-All,pre_refit,123,B0006,596,58.2196597592319,79.14729
TD-All,pre_refit,123,B0006,600,57.18983519098029,80.18686
TD-All,pre_refit,123,B0006,604,57.71437056534329,79.885666
TD-All,pre_refit,123,B0006,608,57.43663099473362,79.13987
TD-All,pre_refit,123,B0006,612,58.23847489632371,79.97604
TD-All,pre_refit,123,B0006,614,58.76884540363096,79.51226
TD-All,refit_on_3,123,B0006,2,100.88297108833646,97.25872
TD-All,refit_on_3,123,B0006,4,100.37753235288778,103.209
TD-All,refit_on_3,123,B0006,6,99.79196916000484,103.67932
TD-All,refit_on_3,123,B0006,8,99.7899019818078,103.90003
TD-All,refit_on_3,123,B0006,10,99.15762541696316,103.18039
TD-All,refit_on_3,123,B0006,12,99.8203556776378,104.16523
TD-All,refit_on_3,123,B0006,14,99.7808037027038,103.585594
TD-All,refit_on_3,123,B0006,16,97.5844832820893,103.403
TD-All,refit_on_3,123,B0006,18,97.5535716293996,103.366196
TD-All,refit_on_3,123,B0006,20,97.01155142541865,102.58871
TD-All,refit_on_3,123,B0006,22,96.43502080876348,102.95643
TD-All,refit_on_3,123,B0006,25,95.8972998236526,100.864876
TD-All,refit_on_3,123,B0006,27,95.32875373854844,102.17816
TD-All,refit_on_3,123,B0006,29,94.76419905980474,100.74462
TD-All,refit_on_3,123,B0006,31,94.22773853976388,101.29135
TD-All,refit_on_3,123,B0006,33,93.6395064953226,100.70704
TD-All,refit_on_3,123,B0006,35,93.09821798643677,101.05668
TD-All,refit_on_3,123,B0006,37,92.56743574756617,100.17541
TD-All,refit_on_3,123,B0006,39,92.56840432582156,99.57028
TD-All,refit_on_3,123,B0006,42,98.12161319843736,103.72114
TD-All,refit_on_3,123,B0006,46,97.02736865587346,104.48892
TD-All,refit_on_3,123,B0006,50,96.4457203456954,103.90306
TD-All,refit_on_3,123,B0006,54,95.37664206593776,104.29005
TD-All,refit_on_3,123,B0006,58,96.45395400781383,103.931274
TD-All,refit_on_3,123,B0006,62,94.2446511737385,103.59003
TD-All,refit_on_3,123,B0006,66,93.11783815158223,101.85303
TD-All,refit_on_3,123,B0006,70,92.60393676951,101.31232
TD-All,refit_on_3,123,B0006,74,91.99518419888014,100.539085
TD-All,refit_on_3,123,B0006,78,91.45865458065036,100.39893
TD-All,refit_on_3,123,B0006,82,92.05488530825814,100.169395
TD-All,refit_on_3,123,B0006,86,95.40291074415664,96.6981
TD-All,refit_on_3,123,B0006,90,93.2941701264468,97.09163
TD-All,refit_on_3,123,B0006,94,91.95812296295944,95.802704
TD-All,refit_on_3,123,B0006,98,91.16379285351326,94.84163
TD-All,refit_on_3,123,B0006,102,90.13722315501992,94.2099
TD-All,refit_on_3,123,B0006,106,89.88629167454431,92.8281
TD-All,refit_on_3,123,B0006,110,89.07464504963947,92.34334
TD-All,refit_on_3,123,B0006,114,88.27677498375004,91.96904
TD-All,refit_on_3,123,B0006,118,87.78153478310176,91.079994
TD-All,refit_on_3,123,B0006,122,87.25902301297472,90.38447
TD-All,refit_on_3,123,B0006,126,86.75445063463465,89.357796
TD-All,refit_on_3,123,B0006,130,86.21919662960373,88.3828
TD-All,refit_on_3,123,B0006,134,86.97181002045869,89.19031
TD-All,refit_on_3,123,B0006,136,87.53004089819298,89.52412
TD-All,refit_on_3,123,B0006,140,85.93648557449694,88.652374
TD-All,refit_on_3,123,B0006,144,84.92223069682748,88.139626
TD-All,refit_on_3,123,B0006,148,84.38106569995976,86.98855
TD-All,refit_on_3,123,B0006,150,90.39396636175364,90.094215
TD-All,refit_on_3,123,B0006,154,89.62118442408695,90.14338
TD-All,refit_on_3,123,B0006,158,88.01687540594799,89.05927
TD-All,refit_on_3,123,B0006,162,86.47934133475826,88.353165
TD-All,refit_on_3,123,B0006,166,85.7093899316892,87.561554
TD-All,refit_on_3,123,B0006,170,84.66363361309608,86.95435
TD-All,refit_on_3,123,B0006,174,84.14253773442293,85.53927
TD-All,refit_on_3,123,B0006,178,83.37268440744252,84.903694
TD-All,refit_on_3,123,B0006,182,82.84795096685752,83.939766
TD-All,refit_on_3,123,B0006,186,82.31672078137474,83.05857
TD-All,refit_on_3,123,B0006,190,81.8390002521071,82.19133
TD-All,refit_on_3,123,B0006,194,81.29446683115198,81.53971
TD-All,refit_on_3,123,B0006,198,80.75246648690656,80.85704
TD-All,refit_on_3,123,B0006,202,79.7437886746144,81.225494
TD-All,refit_on_3,123,B0006,206,79.47984426199564,79.86426
TD-All,refit_on_3,123,B0006,210,79.25415788836384,79.0007
TD-All,refit_on_3,123,B0006,214,78.69188922732394,78.5477
TD-All,refit_on_3,123,B0006,216,78.46114405771091,78.82072
TD-All,refit_on_3,123,B0006,220,77.67630372212932,77.922455
TD-All,refit_on_3,123,B0006,224,77.38916838478035,77.23837
TD-All,refit_on_3,123,B0006,228,76.88491527529958,77.08984
TD-All,refit_on_3,123,B0006,232,76.3646225030132,76.25968
TD-All,refit_on_3,123,B0006,236,75.60327887522882,76.07506
TD-All,refit_on_3,123,B0006,240,75.84333345118733,75.45842
TD-All,refit_on_3,123,B0006,244,75.57070473005419,75.036934
TD-All,refit_on_3,123,B0006,248,75.06972493621848,75.11306
TD-All,refit_on_3,123,B0006,252,74.81407516505371,74.5566
TD-All,refit_on_3,123,B0006,256,74.54671414292675,74.15204
TD-All,refit_on_3,123,B0006,260,74.02740213488109,74.44544
TD-All,refit_on_3,123,B0006,264,73.73556466569462,73.67468
TD-All,refit_on_3,123,B0006,266,75.84980622026112,73.82049
TD-All,refit_on_3,123,B0006,270,74.55060879561292,73.847336
TD-All,refit_on_3,123,B0006,274,73.79142812679322,73.62631
TD-All,refit_on_3,123,B0006,278,73.27190839787096,73.94603
TD-All,refit_on_3,123,B0006,282,73.28093201847443,72.926315
TD-All,refit_on_3,123,B0006,286,73.02095301621284,72.34895
TD-All,refit_on_3,123,B0006,290,72.73851013234444,72.261826
TD-All,refit_on_3,123,B0006,294,71.95104826590523,72.35961
TD-All,refit_on_3,123,B0006,298,71.96564568462234,72.300804
TD-All,refit_on_3,123,B0006,302,71.72895437691278,72.2035
TD-All,refit_on_3,123,B0006,306,71.71434939609318,71.6831
TD-All,refit_on_3,123,B0006,310,71.45761792874575,71.492805
TD-All,refit_on_3,123,B0006,313,78.98726854374111,74.31391
TD-All,refit_on_3,123,B0006,316,76.64794397240323,73.7232
TD-All,refit_on_3,123,B0006,320,75.07747171565073,73.02719
TD-All,refit_on_3,123,B0006,324,74.29795247472106,72.64592
TD-All,refit_on_3,123,B0006,328,73.51146675367659,72.53972
TD-All,refit_on_3,123,B0006,332,73.00864275760908,72.403694
TD-All,refit_on_3,123,B0006,336,72.50277290138493,72.20523
TD-All,refit_on_3,123,B0006,340,71.96131839956391,71.942
TD-All,refit_on_3,123,B0006,344,71.71500633205595,71.90028
TD-All,refit_on_3,123,B0006,348,71.44305583769248,71.64172
TD-All,refit_on_3,123,B0006,352,70.93898960214143,71.47618
TD-All,refit_on_3,123,B0006,356,70.68194044477139,71.345634
TD-All,refit_on_3,123,B0006,360,70.4074916889224,71.36147
TD-All,refit_on_3,123,B0006,364,70.41804785222855,70.965416
TD-All,refit_on_3,123,B0006,367,71.98210310103482,71.57947
TD-All,refit_on_3,123,B0006,371,70.95618334594263,70.8894
TD-All,refit_on_3,123,B0006,375,70.1362730902931,70.98459
TD-All,refit_on_3,123,B0006,379,69.87433806657212,70.8965
TD-All,refit_on_3,123,B0006,383,69.63573699649338,70.640854
TD-All,refit_on_3,123,B0006,387,69.15232147064526,70.567024
TD-All,refit_on_3,123,B0006,391,69.12109936452545,70.08649
TD-All,refit_on_3,123,B0006,395,68.86250185726787,70.037285
TD-All,refit_on_3,123,B0006,399,68.59092282212131,70.166824
TD-All,refit_on_3,123,B0006,403,68.08750743669,70.12477
TD-All,refit_on_3,123,B0006,407,68.33159705981836,69.63368
TD-All,refit_on_3,123,B0006,411,68.09140360412486,69.56183
TD-All,refit_on_3,123,B0006,415,67.81869443003508,69.62587
TD-All,refit_on_3,123,B0006,419,67.5730638436144,69.72144
TD-All,refit_on_3,123,B0006,423,67.31503513349786,69.6358
TD-All,refit_on_3,123,B0006,427,67.07575548417674,69.37495
TD-All,refit_on_3,123,B0006,431,68.60691404106846,69.665596
TD-All,refit_on_3,123,B0006,433,69.64711039275872,70.284775
TD-All,refit_on_3,123,B0006,437,68.33719964359061,69.75502
TD-All,refit_on_3,123,B0006,441,67.81907707369999,69.85471
TD-All,refit_on_3,123,B0006,445,67.27630029953899,69.7695
TD-All,refit_on_3,123,B0006,449,67.03731096833596,69.67515
TD-All,refit_on_3,123,B0006,453,66.78534122129697,69.59439
TD-All,refit_on_3,123,B0006,457,66.26973868287087,69.49377
TD-All,refit_on_3,123,B0006,461,65.98363462621751,69.44683
TD-All,refit_on_3,123,B0006,465,65.72069252661954,69.62537
TD-All,refit_on_3,123,B0006,469,65.50500064349335,69.41807
TD-All,refit_on_3,123,B0006,473,65.48747074550045,69.247215
TD-All,refit_on_3,123,B0006,477,65.2110653386093,69.20318
TD-All,refit_on_3,123,B0006,481,65.47148558720653,69.156265
TD-All,refit_on_3,123,B0006,483,66.78647932759047,69.639946
TD-All,refit_on_3,123,B0006,485,65.72477818237311,69.3074
TD-All,refit_on_3,123,B0006,489,64.93697426302657,69.21996
TD-All,refit_on_3,123,B0006,493,64.69397950587184,69.30808
TD-All,refit_on_3,123,B0006,497,64.45556804271465,69.1908
TD-All,refit_on_3,123,B0006,501,64.44711910522597,68.84377
TD-All,refit_on_3,123,B0006,505,63.9153253541329,68.8884
TD-All,refit_on_3,123,B0006,509,63.40709756117343,69.08075
TD-All,refit_on_3,123,B0006,513,63.40485519747241,69.03215
TD-All,refit_on_3,123,B0006,517,63.14854807557744,68.90054
TD-All,refit_on_3,123,B0006,521,63.15304028594434,68.6748
TD-All,refit_on_3,123,B0006,525,62.63936845251047,68.90832
TD-All,refit_on_3,123,B0006,529,62.36048327920517,68.89719
TD-All,refit_on_3,123,B0006,533,62.11872624491582,68.90469
TD-All,refit_on_3,123,B0006,537,62.11731201074328,68.63496
TD-All,refit_on_3,123,B0006,541,61.86235410492132,68.716385
TD-All,refit_on_3,123,B0006,545,62.12742822257309,68.46266
TD-All,refit_on_3,123,B0006,548,63.93010610326108,69.09513
TD-All,refit_on_3,123,B0006,552,62.62827859533666,68.43225
TD-All,refit_on_3,123,B0006,556,61.85683618405182,68.39119
TD-All,refit_on_3,123,B0006,560,61.07092794836815,68.45313
TD-All,refit_on_3,123,B0006,564,60.82277612678393,68.255745
TD-All,refit_on_3,123,B0006,568,60.55640953242813,68.15285
TD-All,refit_on_3,123,B0006,572,60.02917505279337,68.125595
TD-All,refit_on_3,123,B0006,576,59.75722270334661,67.94133
TD-All,refit_on_3,123,B0006,580,59.52315601830062,67.8104
TD-All,refit_on_3,123,B0006,584,59.01246912863032,67.84279
TD-All,refit_on_3,123,B0006,588,58.74426171153606,67.74705
TD-All,refit_on_3,123,B0006,592,58.47122551716232,67.56337
TD-All,refit_on_3,123,B0006,596,58.2196597592319,67.51691
TD-All,refit_on_3,123,B0006,600,57.18983519098029,67.5107
TD-All,refit_on_3,123,B0006,604,57.71437056534329,67.40481
TD-All,refit_on_3,123,B0006,608,57.43663099473362,67.148254
TD-All,refit_on_3,123,B0006,612,58.23847489632371,67.77296
TD-All,refit_on_3,123,B0006,614,58.76884540363096,68.19406
TD-All,pre_refit,123,B0007,2,100.45351791563915,93.498
TD-All,pre_refit,123,B0007,4,99.900254379013,96.2686
TD-All,pre_refit,123,B0007,6,99.90161660017114,96.249146
TD-All,pre_refit,123,B0007,8,99.9073657865712,96.13921
TD-All,pre_refit,123,B0007,10,99.83724531860553,96.104614
TD-All,pre_refit,123,B0007,12,99.90361817867274,96.496765
TD-All,pre_refit,123,B0007,14,99.86297576917136,96.47092
TD-All,pre_refit,123,B0007,16,99.94656396119812,96.3661
TD-All,pre_refit,123,B0007,18,99.31878532934633,96.29129
TD-All,pre_refit,123,B0007,20,99.33799331164263,96.202614
TD-All,pre_refit,123,B0007,22,99.33756087304828,96.069885
TD-All,pre_refit,123,B0007,25,98.78551523188162,95.88036
TD-All,pre_refit,123,B0007,27,98.75485184986668,96.33166
TD-All,pre_refit,123,B0007,29,98.75133536665352,96.203606
TD-All,pre_refit,123,B0007,31,98.77012942519043,96.31202
TD-All,pre_refit,123,B0007,33,98.73683812511632,96.15842
TD-All,pre_refit,123,B0007,35,98.15685575226132,96.0735
TD-All,pre_refit,123,B0007,37,98.19446503474695,96.286896
TD-All,pre_refit,123,B0007,39,98.186691403046,96.177086
TD-All,pre_refit,123,B0007,42,99.90787801510066,95.88856
TD-All,pre_refit,123,B0007,46,99.94461695603135,96.23958
TD-All,pre_refit,123,B0007,50,99.92460497901308,96.36743
TD-All,pre_refit,123,B0007,54,99.38880751306714,95.93443
TD-All,pre_refit,123,B0007,58,99.34580918956073,95.762085
TD-All,pre_refit,123,B0007,62,99.37088315432128,95.98465
TD-All,pre_refit,123,B0007,66,98.78342046080256,95.721344
TD-All,pre_refit,123,B0007,70,98.8058078187501,95.8981
TD-All,pre_refit,123,B0007,74,98.75966747373796,95.70174
TD-All,pre_refit,123,B0007,78,98.1739885027512,95.51083
TD-All,pre_refit,123,B0007,82,98.23039625446908,95.70717
TD-All,pre_refit,123,B0007,86,100.05062324611636,93.18294
TD-All,pre_refit,123,B0007,90,98.95386520139344,96.46436
TD-All,pre_refit,123,B0007,94,98.38356039411237,96.3027
TD-All,pre_refit,123,B0007,98,98.11080955264678,95.91992
TD-All,pre_refit,123,B0007,102,97.57312273601715,95.76962
TD-All,pre_refit,123,B0007,106,97.5908400366413,95.94939
TD-All,pre_refit,123,B0007,110,97.29922460125108,95.75183
TD-All,pre_refit,123,B0007,114,96.74012336609094,95.62616
TD-All,pre_refit,123,B0007,118,96.49359124138364,95.3951
TD-All,pre_refit,123,B0007,122,96.22137391342224,95.41958
TD-All,pre_refit,123,B0007,126,96.233276781278,95.62895
TD-All,pre_refit,123,B0007,130,95.93841918044076,95.72506
TD-All,pre_refit,123,B0007,134,96.31819241353496,95.68031
TD-All,pre_refit,123,B0007,136,95.94953719543624,95.36207
TD-All,pre_refit,123,B0007,140,95.3953227427902,94.88357
TD-All,pre_refit,123,B0007,144,94.86699939598208,94.807816
TD-All,pre_refit,123,B0007,148,94.57173479963342,94.48384
TD-All,pre_refit,123,B0007,150,96.41760769059738,95.84254
TD-All,pre_refit,123,B0007,154,96.45090493439226,96.31041
TD-All,pre_refit,123,B0007,158,95.6297003383392,95.755714
TD-All,pre_refit,123,B0007,162,95.10935396520227,95.664764
TD-All,pre_refit,123,B0007,166,94.57259385530976,94.84875
TD-All,pre_refit,123,B0007,170,94.30623404626093,94.946045
TD-All,pre_refit,123,B0007,174,94.0371367595855,94.48822
TD-All,pre_refit,123,B0007,178,93.49626919937222,93.978035
TD-All,pre_refit,123,B0007,182,92.9420388383138,93.1143
TD-All,pre_refit,123,B0007,186,92.94217065781828,92.904686
TD-All,pre_refit,123,B0007,190,92.69668329388116,92.757126
TD-All,pre_refit,123,B0007,194,92.41073633514534,92.637726
TD-All,pre_refit,123,B0007,198,91.82208130681248,92.0811
TD-All,pre_refit,123,B0007,202,91.5743327473832,92.61523
TD-All,pre_refit,123,B0007,206,91.04730118386937,91.718124
TD-All,pre_refit,123,B0007,210,91.04684020750553,91.331566
TD-All,pre_refit,123,B0007,214,90.49873919973382,90.75613
TD-All,pre_refit,123,B0007,216,90.51794914609178,91.04732
TD-All,pre_refit,123,B0007,220,89.96325858213598,90.88567
TD-All,pre_refit,123,B0007,224,89.64911074691454,90.141556
TD-All,pre_refit,123,B0007,228,89.4056438247883,90.01888
TD-All,pre_refit,123,B0007,232,89.13221056506995,89.836716
TD-All,pre_refit,123,B0007,236,88.88142970948275,89.99859
TD-All,pre_refit,123,B0007,240,88.57496163215028,88.97044
TD-All,pre_refit,123,B0007,244,88.30030467403411,88.791885
TD-All,pre_refit,123,B0007,248,88.04309784572763,88.48041
TD-All,pre_refit,123,B0007,252,87.7835715053401,88.12225
TD-All,pre_refit,123,B0007,256,87.5009058762453,87.87666
TD-All,pre_refit,123,B0007,260,86.92700430940862,87.84532
TD-All,pre_refit,123,B0007,264,86.91859800690037,87.48214
TD-All,pre_refit,123,B0007,266,87.17696241036246,87.727776
TD-All,pre_refit,123,B0007,270,86.66971006432802,87.06844
TD-All,pre_refit,123,B0007,274,86.11955257111292,86.56207
TD-All,pre_refit,123,B0007,278,85.86532022039283,86.92557
TD-All,pre_refit,123,B0007,282,85.83324550155743,86.29018
TD-All,pre_refit,123,B0007,286,85.88108948972226,86.23101
TD-All,pre_refit,123,B0007,290,85.56987844007078,86.12202
TD-All,pre_refit,123,B0007,294,85.027771191142,86.03156
TD-All,pre_refit,123,B0007,298,84.77582688520748,84.98536
TD-All,pre_refit,123,B0007,302,84.79178974791847,85.16849
TD-All,pre_refit,123,B0007,306,84.76993385106519,85.12158
TD-All,pre_refit,123,B0007,310,84.49605927424464,84.67126
TD-All,pre_refit,123,B0007,313,89.71090998622898,89.386635
TD-All,pre_refit,123,B0007,316,86.37349719367897,86.77804
TD-All,pre_refit,123,B0007,320,85.82898928627563,86.333626
TD-All,pre_refit,123,B0007,324,85.2934976107533,85.74301
TD-All,pre_refit,123,B0007,328,84.72574724857897,85.31627
TD-All,pre_refit,123,B0007,332,84.48328177752624,85.04082
TD-All,pre_refit,123,B0007,336,84.21457006738538,84.796616
TD-All,pre_refit,123,B0007,340,83.9288888229777,84.512825
TD-All,pre_refit,123,B0007,344,83.67629222648154,84.617676
TD-All,pre_refit,123,B0007,348,83.38837618926404,83.9968
TD-All,pre_refit,123,B0007,352,83.41270816038221,83.90954
TD-All,pre_refit,123,B0007,356,83.14675201444969,83.421295
TD-All,pre_refit,123,B0007,360,82.8484308280049,83.62044
TD-All,pre_refit,123,B0007,364,83.13252526962864,83.28925
TD-All,pre_refit,123,B0007,367,83.66359396289195,84.71484
TD-All,pre_refit,123,B0007,371,83.14841165448959,83.56579
TD-All,pre_refit,123,B0007,375,82.85488835556158,83.93854
TD-All,pre_refit,123,B0007,379,82.33123711829187,82.79036
TD-All,pre_refit,123,B0007,383,82.01142381939957,82.61446
TD-All,pre_refit,123,B0007,387,82.07206587982726,82.97995
TD-All,pre_refit,123,B0007,391,82.0495038543302,82.443115
TD-All,pre_refit,123,B0007,395,81.5031419618624,81.95784
TD-All,pre_refit,123,B0007,399,81.20841503507037,81.70432
TD-All,pre_refit,123,B0007,403,81.21721340553746,82.22935
TD-All,pre_refit,123,B0007,407,81.22601148878292,81.36831
TD-All,pre_refit,123,B0007,411,80.95054391771832,81.14275
TD-All,pre_refit,123,B0007,415,80.67227833994721,80.93604
TD-All,pre_refit,123,B0007,419,80.40565013650571,80.64069
TD-All,pre_refit,123,B0007,423,80.40335490244634,80.818665
TD-All,pre_refit,123,B0007,427,80.42152437300291,81.02643
TD-All,pre_refit,123,B0007,431,81.48461605871495,81.57571
TD-All,pre_refit,123,B0007,433,81.75963969607048,82.5876
TD-All,pre_refit,123,B0007,437,80.93560989493338,81.24446
TD-All,pre_refit,123,B0007,441,80.40209515327608,80.960396
TD-All,pre_refit,123,B0007,445,80.09419697809993,80.509636
TD-All,pre_refit,123,B0007,449,79.85042691616567,80.3609
TD-All,pre_refit,123,B0007,453,79.56495728605914,80.04373
TD-All,pre_refit,123,B0007,457,79.30076147796538,79.863464
TD-All,pre_refit,123,B0007,461,79.2776995197187,79.59935
TD-All,pre_refit,123,B0007,465,79.01573008127421,79.69032
TD-All,pre_refit,123,B0007,469,78.7529099419952,79.20977
TD-All,pre_refit,123,B0007,473,78.76631135529045,78.98216
TD-All,pre_refit,123,B0007,477,78.45734950325969,78.66152
TD-All,pre_refit,123,B0007,481,78.71925319505982,79.086845
TD-All,pre_refit,123,B0007,483,79.58166685963718,79.87678
TD-All,pre_refit,123,B0007,485,78.72860058663869,79.31393
TD-All,pre_refit,123,B0007,489,78.46501751785956,78.602615
TD-All,pre_refit,123,B0007,493,78.19738333514631,78.227196
TD-All,pre_refit,123,B0007,497,78.20645287101384,78.66442
TD-All,pre_refit,123,B0007,501,77.92824275772597,78.34558
TD-All,pre_refit,123,B0007,505,77.6497101362114,78.26188
TD-All,pre_refit,123,B0007,509,77.38028422735451,77.99913
TD-All,pre_refit,123,B0007,513,77.09660547904922,77.45771
TD-All,pre_refit,123,B0007,517,77.11046744203753,77.54128
TD-All,pre_refit,123,B0007,521,76.85550035450103,77.44722
TD-All,pre_refit,123,B0007,525,76.85236240084764,77.45119
TD-All,pre_refit,123,B0007,529,76.56671722215358,76.68444
TD-All,pre_refit,123,B0007,533,76.29399038621672,76.63467
TD-All,pre_refit,123,B0007,537,76.32425788720361,76.41951
TD-All,pre_refit,123,B0007,541,76.29658741049414,76.763336
TD-All,pre_refit,123,B0007,545,76.59209728582513,76.12957
TD-All,pre_refit,123,B0007,548,77.93863743061358,78.12507
TD-All,pre_refit,123,B0007,552,77.12364718084329,77.2801
TD-All,pre_refit,123,B0007,556,76.8725967441492,77.24546
TD-All,pre_refit,123,B0007,560,76.58854113704766,77.33033
TD-All,pre_refit,123,B0007,564,76.04885672654179,76.73271
TD-All,pre_refit,123,B0007,568,76.05828438472663,76.16234
TD-All,pre_refit,123,B0007,572,75.76335089505734,76.40676
TD-All,pre_refit,123,B0007,576,75.75439980355237,76.03877
TD-All,pre_refit,123,B0007,580,75.49812548326929,75.4233
TD-All,pre_refit,123,B0007,584,75.23591897923467,75.928604
TD-All,pre_refit,123,B0007,588,75.24924732301496,75.433304
TD-All,pre_refit,123,B0007,592,74.94444174506414,75.354866
TD-All,pre_refit,123,B0007,596,74.95266425125988,75.06386
TD-All,pre_refit,123,B0007,600,74.69643604452878,75.30242
TD-All,pre_refit,123,B0007,604,74.7051700493532,74.86047
TD-All,pre_refit,123,B0007,608,74.39278959915883,74.74843
TD-All,pre_refit,123,B0007,612,75.52591562947222,75.84761
TD-All,pre_refit,123,B0007,614,76.09264518290325,77.335655
TD-All,refit_on_3,123,B0007,2,100.45351791563915,96.13809
TD-All,refit_on_3,123,B0007,4,99.900254379013,97.95256
TD-All,refit_on_3,123,B0007,6,99.90161660017114,97.8918
TD-All,refit_on_3,123,B0007,8,99.9073657865712,97.72035
TD-All,refit_on_3,123,B0007,10,99.83724531860553,97.662735
TD-All,refit_on_3,123,B0007,12,99.90361817867274,98.100975
TD-All,refit_on_3,123,B0007,14,99.86297576917136,98.108505
TD-All,refit_on_3,123,B0007,16,99.94656396119812,97.87923
TD-All,refit_on_3,123,B0007,18,99.31878532934633,97.74945
TD-All,refit_on_3,123,B0007,20,99.33799331164263,97.63754
TD-All,refit_on_3,123,B0007,22,99.33756087304828,97.46251
TD-All,refit_on_3,123,B0007,25,98.78551523188162,97.40291
TD-All,refit_on_3,123,B0007,27,98.75485184986668,97.66248
TD-All,refit_on_3,123,B0007,29,98.75133536665352,97.510544
TD-All,refit_on_3,123,B0007,31,98.77012942519043,97.57572
TD-All,refit_on_3,123,B0007,33,98.73683812511632,97.408394
TD-All,refit_on_3,123,B0007,35,98.15685575226132,97.30117
TD-All,refit_on_3,123,B0007,37,98.19446503474695,97.4837
TD-All,refit_on_3,123,B0007,39,98.186691403046,97.39035
TD-All,refit_on_3,123,B0007,42,99.90787801510066,97.694275
TD-All,refit_on_3,123,B0007,46,99.94461695603135,97.960754
TD-All,refit_on_3,123,B0007,50,99.92460497901308,97.9241
TD-All,refit_on_3,123,B0007,54,99.38880751306714,97.43391
TD-All,refit_on_3,123,B0007,58,99.34580918956073,97.29249
TD-All,refit_on_3,123,B0007,62,99.37088315432128,97.40478
TD-All,refit_on_3,123,B0007,66,98.78342046080256,97.14108
TD-All,refit_on_3,123,B0007,70,98.8058078187501,97.27919
TD-All,refit_on_3,123,B0007,74,98.75966747373796,97.09498
TD-All,refit_on_3,123,B0007,78,98.1739885027512,96.921745
TD-All,refit_on_3,123,B0007,82,98.23039625446908,97.09021
TD-All,refit_on_3,123,B0007,86,100.05062324611636,95.69745
TD-All,refit_on_3,123,B0007,90,98.95386520139344,97.85328
TD-All,refit_on_3,123,B0007,94,98.38356039411237,97.59062
TD-All,refit_on_3,123,B0007,98,98.11080955264678,97.17265
TD-All,refit_on_3,123,B0007,102,97.57312273601715,97.02735
TD-All,refit_on_3,123,B0007,106,97.5908400366413,97.35039
TD-All,refit_on_3,123,B0007,110,97.29922460125108,97.02754
TD-All,refit_on_3,123,B0007,114,96.74012336609094,96.87021
TD-All,refit_on_3,123,B0007,118,96.49359124138364,96.646126
TD-All,refit_on_3,123,B0007,122,96.22137391342224,96.72481
TD-All,refit_on_3,123,B0007,126,96.233276781278,96.99632
TD-All,refit_on_3,123,B0007,130,95.93841918044076,96.83572
TD-All,refit_on_3,123,B0007,134,96.31819241353496,96.964645
TD-All,refit_on_3,123,B0007,136,95.94953719543624,96.50154
TD-All,refit_on_3,123,B0007,140,95.3953227427902,95.844185
TD-All,refit_on_3,123,B0007,144,94.86699939598208,95.9642
TD-All,refit_on_3,123,B0007,148,94.57173479963342,95.19181
TD-All,refit_on_3,123,B0007,150,96.41760769059738,97.77465
TD-All,refit_on_3,123,B0007,154,96.45090493439226,97.1054
TD-All,refit_on_3,123,B0007,158,95.6297003383392,96.45738
TD-All,refit_on_3,123,B0007,162,95.10935396520227,96.52672
TD-All,refit_on_3,123,B0007,166,94.57259385530976,95.46482
TD-All,refit_on_3,123,B0007,170,94.30623404626093,95.64839
TD-All,refit_on_3,123,B0007,174,94.0371367595855,95.175766
TD-All,refit_on_3,123,B0007,178,93.49626919937222,94.60801
TD-All,refit_on_3,123,B0007,182,92.9420388383138,93.72603
TD-All,refit_on_3,123,B0007,186,92.94217065781828,93.51845
TD-All,refit_on_3,123,B0007,190,92.69668329388116,93.45984
TD-All,refit_on_3,123,B0007,194,92.41073633514534,93.24293
TD-All,refit_on_3,123,B0007,198,91.82208130681248,92.65497
TD-All,refit_on_3,123,B0007,202,91.5743327473832,93.16998
TD-All,refit_on_3,123,B0007,206,91.04730118386937,92.25825
TD-All,refit_on_3,123,B0007,210,91.04684020750553,91.988235
TD-All,refit_on_3,123,B0007,214,90.49873919973382,91.19414
TD-All,refit_on_3,123,B0007,216,90.51794914609178,91.55813
TD-All,refit_on_3,123,B0007,220,89.96325858213598,91.39456
TD-All,refit_on_3,123,B0007,224,89.64911074691454,90.65831
TD-All,refit_on_3,123,B0007,228,89.4056438247883,90.55261
TD-All,refit_on_3,123,B0007,232,89.13221056506995,90.37354
TD-All,refit_on_3,123,B0007,236,88.88142970948275,90.50585
TD-All,refit_on_3,123,B0007,240,88.57496163215028,89.46706
TD-All,refit_on_3,123,B0007,244,88.30030467403411,89.29376
TD-All,refit_on_3,123,B0007,248,88.04309784572763,88.9777
TD-All,refit_on_3,123,B0007,252,87.7835715053401,88.59918
TD-All,refit_on_3,123,B0007,256,87.5009058762453,88.33983
TD-All,refit_on_3,123,B0007,260,86.92700430940862,88.31738
TD-All,refit_on_3,123,B0007,264,86.91859800690037,87.96401
TD-All,refit_on_3,123,B0007,266,87.17696241036246,88.247505
TD-All,refit_on_3,123,B0007,270,86.66971006432802,87.42914
TD-All,refit_on_3,123,B0007,274,86.11955257111292,87.04231
TD-All,refit_on_3,123,B0007,278,85.86532022039283,87.46277
TD-All,refit_on_3,123,B0007,282,85.83324550155743,86.84302
TD-All,refit_on_3,123,B0007,286,85.88108948972226,86.63374
TD-All,refit_on_3,123,B0007,290,85.56987844007078,86.52247
TD-All,refit_on_3,123,B0007,294,85.027771191142,86.365036
TD-All,refit_on_3,123,B0007,298,84.77582688520748,85.37709
TD-All,refit_on_3,123,B0007,302,84.79178974791847,85.676056
TD-All,refit_on_3,123,B0007,306,84.76993385106519,85.53589
TD-All,refit_on_3,123,B0007,310,84.49605927424464,85.01996
TD-All,refit_on_3,123,B0007,313,89.71090998622898,89.96966
TD-All,refit_on_3,123,B0007,316,86.37349719367897,87.3056
TD-All,refit_on_3,123,B0007,320,85.82898928627563,86.61765
TD-All,refit_on_3,123,B0007,324,85.2934976107533,86.02357
TD-All,refit_on_3,123,B0007,328,84.72574724857897,85.62274
TD-All,refit_on_3,123,B0007,332,84.48328177752624,85.36797
TD-All,refit_on_3,123,B0007,336,84.21457006738538,85.13842
TD-All,refit_on_3,123,B0007,340,83.9288888229777,84.84071
TD-All,refit_on_3,123,B0007,344,83.67629222648154,84.93011
TD-All,refit_on_3,123,B0007,348,83.38837618926404,84.299065
TD-All,refit_on_3,123,B0007,352,83.41270816038221,84.22195
TD-All,refit_on_3,123,B0007,356,83.14675201444969,83.71404
TD-All,refit_on_3,123,B0007,360,82.8484308280049,83.88219
TD-All,refit_on_3,123,B0007,364,83.13252526962864,83.601105
TD-All,refit_on_3,123,B0007,367,83.66359396289195,85.125015
TD-All,refit_on_3,123,B0007,371,83.14841165448959,83.75116
TD-All,refit_on_3,123,B0007,375,82.85488835556158,84.12349
TD-All,refit_on_3,123,B0007,379,82.33123711829187,82.946495
TD-All,refit_on_3,123,B0007,383,82.01142381939957,82.876396
TD-All,refit_on_3,123,B0007,387,82.07206587982726,83.242485
TD-All,refit_on_3,123,B0007,391,82.0495038543302,82.64244
TD-All,refit_on_3,123,B0007,395,81.5031419618624,82.10444
TD-All,refit_on_3,123,B0007,399,81.20841503507037,81.9234
TD-All,refit_on_3,123,B0007,403,81.21721340553746,82.45582
TD-All,refit_on_3,123,B0007,407,81.22601148878292,81.58107
TD-All,refit_on_3,123,B0007,411,80.95054391771832,81.26319
TD-All,refit_on_3,123,B0007,415,80.67227833994721,81.06121
TD-All,refit_on_3,123,B0007,419,80.40565013650571,80.805305
TD-All,refit_on_3,123,B0007,423,80.40335490244634,81.03052
TD-All,refit_on_3,123,B0007,427,80.42152437300291,81.206024
TD-All,refit_on_3,123,B0007,431,81.48461605871495,81.58739
TD-All,refit_on_3,123,B0007,433,81.75963969607048,82.752525
TD-All,refit_on_3,123,B0007,437,80.93560989493338,81.25531
TD-All,refit_on_3,123,B0007,441,80.40209515327608,81.02329
TD-All,refit_on_3,123,B0007,445,80.09419697809993,80.6208
TD-All,refit_on_3,123,B0007,449,79.85042691616567,80.48841
TD-All,refit_on_3,123,B0007,453,79.56495728605914,80.14394
TD-All,refit_on_3,123,B0007,457,79.30076147796538,79.958206
TD-All,refit_on_3,123,B0007,461,79.2776995197187,79.70287
TD-All,refit_on_3,123,B0007,465,79.01573008127421,79.79238
TD-All,refit_on_3,123,B0007,469,78.7529099419952,79.30758
TD-All,refit_on_3,123,B0007,473,78.76631135529045,79.08473
TD-All,refit_on_3,123,B0007,477,78.45734950325969,78.760414
TD-All,refit_on_3,123,B0007,481,78.71925319505982,79.316895
TD-All,refit_on_3,123,B0007,483,79.58166685963718,80.02054
TD-All,refit_on_3,123,B0007,485,78.72860058663869,79.24658
TD-All,refit_on_3,123,B0007,489,78.46501751785956,78.62277
TD-All,refit_on_3,123,B0007,493,78.19738333514631,78.26472
TD-All,refit_on_3,123,B0007,497,78.20645287101384,78.77297
TD-All,refit_on_3,123,B0007,501,77.92824275772597,78.3947
TD-All,refit_on_3,123,B0007,505,77.6497101362114,78.23277
TD-All,refit_on_3,123,B0007,509,77.38028422735451,77.97318
TD-All,refit_on_3,123,B0007,513,77.09660547904922,77.516624
TD-All,refit_on_3,123,B0007,517,77.11046744203753,77.66394
TD-All,refit_on_3,123,B0007,521,76.85550035450103,77.45679
TD-All,refit_on_3,123,B0007,525,76.85236240084764,77.43698
TD-All,refit_on_3,123,B0007,529,76.56671722215358,76.70146
TD-All,refit_on_3,123,B0007,533,76.29399038621672,76.71717
TD-All,refit_on_3,123,B0007,537,76.32425788720361,76.53503
TD-All,refit_on_3,123,B0007,541,76.29658741049414,76.774086
TD-All,refit_on_3,123,B0007,545,76.59209728582513,76.03892
TD-All,refit_on_3,123,B0007,548,77.93863743061358,78.3172
TD-All,refit_on_3,123,B0007,552,77.12364718084329,77.27039
TD-All,refit_on_3,123,B0007,556,76.8725967441492,77.21211
TD-All,refit_on_3,123,B0007,560,76.58854113704766,77.335464
TD-All,refit_on_3,123,B0007,564,76.04885672654179,76.74406
TD-All,refit_on_3,123,B0007,568,76.05828438472663,76.190544
TD-All,refit_on_3,123,B0007,572,75.76335089505734,76.4135
TD-All,refit_on_3,123,B0007,576,75.75439980355237,76.041824
TD-All,refit_on_3,123,B0007,580,75.49812548326929,75.44509
TD-All,refit_on_3,123,B0007,584,75.23591897923467,75.93677
TD-All,refit_on_3,123,B0007,588,75.24924732301496,75.42385
TD-All,refit_on_3,123,B0007,592,74.94444174506414,75.348495
TD-All,refit_on_3,123,B0007,596,74.95266425125988,75.04396
TD-All,refit_on_3,123,B0007,600,74.69643604452878,75.28659
TD-All,refit_on_3,123,B0007,604,74.7051700493532,74.84953
TD-All,refit_on_3,123,B0007,608,74.39278959915883,74.726135
TD-All,refit_on_3,123,B0007,612,75.52591562947222,75.91387
TD-All,refit_on_3,123,B0007,614,76.09264518290325,77.603615
TD-All,pre_refit,123,B0018,3,100.8025811041783,91.510086
TD-All,pre_refit,123,B0018,7,100.16087022619236,93.512985
TD-All,pre_refit,123,B0018,11,99.96558598273582,92.032814
TD-All,pre_refit,123,B0018,15,99.48041766162956,91.5385
TD-All,pre_refit,123,B0018,18,99.59054502526398,95.11861
TD-All,pre_refit,123,B0018,20,99.36387169185286,92.34713
TD-All,pre_refit,123,B0018,22,98.96567828327716,91.49361
TD-All,pre_refit,123,B0018,24,98.63793870309058,90.86212
TD-All,pre_refit,123,B0018,27,98.04714689052696,90.550064
TD-All,pre_refit,123,B0018,30,99.06887382997856,93.99392
TD-All,pre_refit,123,B0018,32,98.47248926951052,91.92046
TD-All,pre_refit,123,B0018,34,98.068534707018,90.88637
TD-All,pre_refit,123,B0018,36,97.31606084566693,89.82252
TD-All,pre_refit,123,B0018,39,96.91537145663308,89.00371
TD-All,pre_refit,123,B0018,42,96.77777434993364,92.50251
TD-All,pre_refit,123,B0018,44,96.24906078283864,91.02318
TD-All,pre_refit,123,B0018,46,96.10893521170082,90.24804
TD-All,pre_refit,123,B0018,48,95.29382636269746,89.08404
TD-All,pre_refit,123,B0018,51,94.89112029628322,87.560715
TD-All,pre_refit,123,B0018,54,94.42623362260446,88.76323
TD-All,pre_refit,123,B0018,56,94.09214261326034,86.967476
TD-All,pre_refit,123,B0018,58,92.84655809058668,87.0847
TD-All,pre_refit,123,B0018,60,93.00278636580364,86.4297
TD-All,pre_refit,123,B0018,63,92.78717154289568,85.9736
TD-All,pre_refit,123,B0018,66,95.05514633441328,90.235306
TD-All,pre_refit,123,B0018,68,94.16023397654948,89.121315
TD-All,pre_refit,123,B0018,70,93.58756901230694,89.14296
TD-All,pre_refit,123,B0018,72,93.02323711734508,88.2731
TD-All,pre_refit,123,B0018,75,92.33971230163448,87.03306
TD-All,pre_refit,123,B0018,78,92.05544475967478,88.388336
TD-All,pre_refit,123,B0018,80,91.39607597710202,86.93953
TD-All,pre_refit,123,B0018,82,91.12841202900309,87.21466
TD-All,pre_refit,123,B0018,84,90.50598444143154,86.71455
TD-All,pre_refit,123,B0018,87,90.05329919062662,85.42698
TD-All,pre_refit,123,B0018,90,89.56595375021743,86.55553
TD-All,pre_refit,123,B0018,92,89.05221474379236,84.363556
TD-All,pre_refit,123,B0018,94,88.4478648526792,84.44777
TD-All,pre_refit,123,B0018,96,88.14926233550939,84.661316
TD-All,pre_refit,123,B0018,99,87.70654438914323,83.89094
TD-All,pre_refit,123,B0018,102,91.07812245566797,87.50212
TD-All,pre_refit,123,B0018,104,89.62445100410937,84.99891
TD-All,pre_refit,123,B0018,106,88.70513095013024,83.80747
TD-All,pre_refit,123,B0018,108,87.83746900859978,82.7903
TD-All,pre_refit,123,B0018,111,87.53788044222665,82.074455
TD-All,pre_refit,123,B0018,114,86.69891328476463,83.108116
TD-All,pre_refit,123,B0018,117,93.83080462693712,90.86592
TD-All,pre_refit,123,B0018,119,93.27978546012802,87.14887
TD-All,pre_refit,123,B0018,121,92.1525471966999,86.31742
TD-All,pre_refit,123,B0018,123,91.17195305362098,85.46996
TD-All,pre_refit,123,B0018,125,90.2416573040256,84.70763
TD-All,pre_refit,123,B0018,128,90.55423897233052,88.24728
TD-All,pre_refit,123,B0018,130,89.49039068452917,84.8344
TD-All,pre_refit,123,B0018,132,88.3454487099843,84.32501
TD-All,pre_refit,123,B0018,134,87.60607299731777,83.337006
TD-All,pre_refit,123,B0018,136,87.25714700042141,82.74733
TD-All,pre_refit,123,B0018,141,90.9473619616094,90.69995
TD-All,pre_refit,123,B0018,143,89.1426764135498,84.6835
TD-All,pre_refit,123,B0018,145,87.66626044455795,83.2465
TD-All,pre_refit,123,B0018,147,86.51592379470374,81.943405
TD-All,pre_refit,123,B0018,150,86.21730704320841,81.23028
TD-All,pre_refit,123,B0018,153,85.8627581657356,82.648834
TD-All,pre_refit,123,B0018,155,84.99855590440428,80.94465
TD-All,pre_refit,123,B0018,157,84.53366840480606,80.26602
TD-All,pre_refit,123,B0018,159,83.69607194854545,79.65475
TD-All,pre_refit,123,B0018,162,83.25899594193369,78.699066
TD-All,pre_refit,123,B0018,165,83.22975722050174,79.72995
TD-All,pre_refit,123,B0018,167,82.72092847997168,78.13983
TD-All,pre_refit,123,B0018,169,81.86598978006339,77.279526
TD-All,pre_refit,123,B0018,171,81.58859278240016,76.94272
TD-All,pre_refit,123,B0018,174,81.31316363799587,76.15128
TD-All,pre_refit,123,B0018,177,83.32773163808899,80.54193
TD-All,pre_refit,123,B0018,179,82.80709531820148,78.56466
TD-All,pre_refit,123,B0018,181,81.57610219236552,77.168724
TD-All,pre_refit,123,B0018,183,81.09929204028072,76.85141
TD-All,pre_refit,123,B0018,185,80.60512587063184,75.87408
TD-All,pre_refit,123,B0018,188,80.4645909654616,77.20668
TD-All,pre_refit,123,B0018,190,80.07171192098461,75.70734
TD-All,pre_refit,123,B0018,192,79.77346222448996,75.646065
TD-All,pre_refit,123,B0018,194,79.23402412051846,74.59887
TD-All,pre_refit,123,B0018,197,78.6783203089025,73.357925
TD-All,pre_refit,123,B0018,200,78.94539372549075,74.99858
TD-All,pre_refit,123,B0018,202,78.38865828037459,73.54697
TD-All,pre_refit,123,B0018,204,78.21127069246836,74.00958
TD-All,pre_refit,123,B0018,206,77.6339684068403,73.64562
TD-All,pre_refit,123,B0018,209,77.43046760934243,72.713104
TD-All,pre_refit,123,B0018,212,79.8708545166814,77.10153
TD-All,pre_refit,123,B0018,214,78.93458463676515,74.08552
TD-All,pre_refit,123,B0018,216,78.40488242765085,73.01322
TD-All,pre_refit,123,B0018,218,77.61921434771055,72.07893
TD-All,pre_refit,123,B0018,220,76.9170609064971,71.120056
TD-All,pre_refit,123,B0018,223,79.04297866359087,75.764915
TD-All,pre_refit,123,B0018,225,77.61605692618127,73.133354
TD-All,pre_refit,123,B0018,227,77.14789574863566,72.75541
TD-All,pre_refit,123,B0018,229,76.92281444261894,72.40251
TD-All,pre_refit,123,B0018,232,76.3858924270674,71.13436
TD-All,pre_refit,123,B0018,235,76.53620320177981,72.87326
TD-All,pre_refit,123,B0018,237,75.9063201738239,71.202194
TD-All,pre_refit,123,B0018,239,75.72766142150313,71.07137
TD-All,pre_refit,123,B0018,241,75.49928800503805,71.07445
TD-All,pre_refit,123,B0018,244,74.9124451895705,70.05448
TD-All,pre_refit,123,B0018,247,75.25674730493446,71.82821
TD-All,pre_refit,123,B0018,249,74.46467849076038,69.61527
TD-All,pre_refit,123,B0018,251,74.62885626516028,70.07111
TD-All,pre_refit,123,B0018,253,74.33553994642665,70.0472
TD-All,pre_refit,123,B0018,256,73.72504079935909,68.97251
TD-All,pre_refit,123,B0018,259,79.36110924975578,75.414154
TD-All,pre_refit,123,B0018,261,78.799706688891,74.42178
TD-All,pre_refit,123,B0018,263,78.14983302548104,74.26582
TD-All,pre_refit,123,B0018,265,77.61878718971624,73.2151
TD-All,pre_refit,123,B0018,267,76.88079746021991,71.94873
TD-All,pre_refit,123,B0018,270,76.8319836786595,72.90438
TD-All,pre_refit,123,B0018,272,76.01926160635412,71.6231
TD-All,pre_refit,123,B0018,274,75.82358510102308,72.200516
TD-All,pre_refit,123,B0018,276,75.53633219814198,72.60161
TD-All,pre_refit,123,B0018,279,75.31793705780649,70.89111
TD-All,pre_refit,123,B0018,282,75.43684114368729,71.43144
TD-All,pre_refit,123,B0018,284,74.7829788363973,69.350586
TD-All,pre_refit,123,B0018,286,74.15991898288928,68.60153
TD-All,pre_refit,123,B0018,288,73.84846878839457,68.291084
TD-All,pre_refit,123,B0018,291,73.15537271331122,67.05678
TD-All,pre_refit,123,B0018,294,77.53589472577204,73.509865
TD-All,pre_refit,123,B0018,296,76.42763235972666,71.94149
TD-All,pre_refit,123,B0018,298,75.72351586777258,71.14478
TD-All,pre_refit,123,B0018,300,75.4386936803776,70.67881
TD-All,pre_refit,123,B0018,302,74.45721490205536,69.4991
TD-All,pre_refit,123,B0018,305,74.97385174402893,71.204185
TD-All,pre_refit,123,B0018,307,74.3741167471391,70.15064
TD-All,pre_refit,123,B0018,309,74.05233968989694,70.83166
TD-All,pre_refit,123,B0018,311,74.08863589293038,70.99471
TD-All,pre_refit,123,B0018,314,73.46151441244959,68.86261
TD-All,pre_refit,123,B0018,317,73.62086195282473,70.04323
TD-All,pre_refit,123,B0018,319,72.87391760769836,68.0845
TD-All,refit_on_3,123,B0018,3,100.8025811041783,91.84558
TD-All,refit_on_3,123,B0018,7,100.16087022619236,94.04283
TD-All,refit_on_3,123,B0018,11,99.96558598273582,93.339806
TD-All,refit_on_3,123,B0018,15,99.48041766162956,93.271645
TD-All,refit_on_3,123,B0018,18,99.59054502526398,95.42252
TD-All,refit_on_3,123,B0018,20,99.36387169185286,93.255684
TD-All,refit_on_3,123,B0018,22,98.96567828327716,92.81467
TD-All,refit_on_3,123,B0018,24,98.63793870309058,92.47478
TD-All,refit_on_3,123,B0018,27,98.04714689052696,92.28495
TD-All,refit_on_3,123,B0018,30,99.06887382997856,94.945145
TD-All,refit_on_3,123,B0018,32,98.47248926951052,93.198456
TD-All,refit_on_3,123,B0018,34,98.068534707018,92.48158
TD-All,refit_on_3,123,B0018,36,97.31606084566693,91.83247
TD-All,refit_on_3,123,B0018,39,96.91537145663308,91.31724
TD-All,refit_on_3,123,B0018,42,96.77777434993364,93.74414
TD-All,refit_on_3,123,B0018,44,96.24906078283864,92.20818
TD-All,refit_on_3,123,B0018,46,96.10893521170082,91.51302
TD-All,refit_on_3,123,B0018,48,95.29382636269746,90.83277
TD-All,refit_on_3,123,B0018,51,94.89112029628322,89.891106
TD-All,refit_on_3,123,B0018,54,94.42623362260446,90.87102
TD-All,refit_on_3,123,B0018,56,94.09214261326034,89.55084
TD-All,refit_on_3,123,B0018,58,92.84655809058668,89.53956
TD-All,refit_on_3,123,B0018,60,93.00278636580364,88.89613
TD-All,refit_on_3,123,B0018,63,92.78717154289568,88.543526
TD-All,refit_on_3,123,B0018,66,95.05514633441328,91.96268
TD-All,refit_on_3,123,B0018,68,94.16023397654948,90.70334
TD-All,refit_on_3,123,B0018,70,93.58756901230694,90.37508
TD-All,refit_on_3,123,B0018,72,93.02323711734508,89.65503
TD-All,refit_on_3,123,B0018,75,92.33971230163448,88.72628
TD-All,refit_on_3,123,B0018,78,92.05544475967478,89.73737
TD-All,refit_on_3,123,B0018,80,91.39607597710202,88.53054
TD-All,refit_on_3,123,B0018,82,91.12841202900309,88.41977
TD-All,refit_on_3,123,B0018,84,90.50598444143154,87.833824
TD-All,refit_on_3,123,B0018,87,90.05329919062662,86.956085
TD-All,refit_on_3,123,B0018,90,89.56595375021743,87.781
TD-All,refit_on_3,123,B0018,92,89.05221474379236,86.14428
TD-All,refit_on_3,123,B0018,94,88.4478648526792,86.13296
TD-All,refit_on_3,123,B0018,96,88.14926233550939,85.96525
TD-All,refit_on_3,123,B0018,99,87.70654438914323,85.24936
TD-All,refit_on_3,123,B0018,102,91.07812245566797,88.75174
TD-All,refit_on_3,123,B0018,104,89.62445100410937,86.77075
TD-All,refit_on_3,123,B0018,106,88.70513095013024,85.78898
TD-All,refit_on_3,123,B0018,108,87.83746900859978,84.94079
TD-All,refit_on_3,123,B0018,111,87.53788044222665,84.414154
TD-All,refit_on_3,123,B0018,114,86.69891328476463,84.9774
TD-All,refit_on_3,123,B0018,117,93.83080462693712,90.76904
TD-All,refit_on_3,123,B0018,119,93.27978546012802,89.265625
TD-All,refit_on_3,123,B0018,121,92.1525471966999,88.435646
TD-All,refit_on_3,123,B0018,123,91.17195305362098,87.58322
TD-All,refit_on_3,123,B0018,125,90.2416573040256,86.896736
TD-All,refit_on_3,123,B0018,128,90.55423897233052,89.05619
TD-All,refit_on_3,123,B0018,130,89.49039068452917,86.386604
TD-All,refit_on_3,123,B0018,132,88.3454487099843,86.06904
TD-All,refit_on_3,123,B0018,134,87.60607299731777,85.184525
TD-All,refit_on_3,123,B0018,136,87.25714700042141,84.60482
TD-All,refit_on_3,123,B0018,141,90.9473619616094,90.17398
TD-All,refit_on_3,123,B0018,143,89.1426764135498,86.25288
TD-All,refit_on_3,123,B0018,145,87.66626044455795,84.86546
TD-All,refit_on_3,123,B0018,147,86.51592379470374,83.64682
TD-All,refit_on_3,123,B0018,150,86.21730704320841,83.04937
TD-All,refit_on_3,123,B0018,153,85.8627581657356,83.96551
TD-All,refit_on_3,123,B0018,155,84.99855590440428,82.46113
TD-All,refit_on_3,123,B0018,157,84.53366840480606,81.81873
TD-All,refit_on_3,123,B0018,159,83.69607194854545,81.18757
TD-All,refit_on_3,123,B0018,162,83.25899594193369,80.35322
TD-All,refit_on_3,123,B0018,165,83.22975722050174,81.02049
TD-All,refit_on_3,123,B0018,167,82.72092847997168,79.82836
TD-All,refit_on_3,123,B0018,169,81.86598978006339,78.99753
TD-All,refit_on_3,123,B0018,171,81.58859278240016,78.61667
TD-All,refit_on_3,123,B0018,174,81.31316363799587,77.90191
TD-All,refit_on_3,123,B0018,177,83.32773163808899,81.426994
TD-All,refit_on_3,123,B0018,179,82.80709531820148,79.76805
TD-All,refit_on_3,123,B0018,181,81.57610219236552,78.45156
TD-All,refit_on_3,123,B0018,183,81.09929204028072,78.14083
TD-All,refit_on_3,123,B0018,185,80.60512587063184,77.3834
TD-All,refit_on_3,123,B0018,188,80.4645909654616,78.173035
TD-All,refit_on_3,123,B0018,190,80.07171192098461,76.9348
TD-All,refit_on_3,123,B0018,192,79.77346222448996,76.629814
TD-All,refit_on_3,123,B0018,194,79.23402412051846,75.82662
TD-All,refit_on_3,123,B0018,197,78.6783203089025,74.81431
TD-All,refit_on_3,123,B0018,200,78.94539372549075,76.140945
TD-All,refit_on_3,123,B0018,202,78.38865828037459,74.86214
TD-All,refit_on_3,123,B0018,204,78.21127069246836,74.96875
TD-All,refit_on_3,123,B0018,206,77.6339684068403,74.51237
TD-All,refit_on_3,123,B0018,209,77.43046760934243,73.808846
TD-All,refit_on_3,123,B0018,212,79.8708545166814,77.64749
TD-All,refit_on_3,123,B0018,214,78.93458463676515,75.26163
TD-All,refit_on_3,123,B0018,216,78.40488242765085,74.41283
TD-All,refit_on_3,123,B0018,218,77.61921434771055,73.57503
TD-All,refit_on_3,123,B0018,220,76.9170609064971,72.86685
TD-All,refit_on_3,123,B0018,223,79.04297866359087,76.163185
TD-All,refit_on_3,123,B0018,225,77.61605692618127,74.10651
TD-All,refit_on_3,123,B0018,227,77.14789574863566,73.596146
TD-All,refit_on_3,123,B0018,229,76.92281444261894,73.227036
TD-All,refit_on_3,123,B0018,232,76.3858924270674,72.17107
TD-All,refit_on_3,123,B0018,235,76.53620320177981,73.381386
TD-All,refit_on_3,123,B0018,237,75.9063201738239,72.07517
TD-All,refit_on_3,123,B0018,239,75.72766142150313,71.90149
TD-All,refit_on_3,123,B0018,241,75.49928800503805,71.774994
TD-All,refit_on_3,123,B0018,244,74.9124451895705,70.84467
TD-All,refit_on_3,123,B0018,247,75.25674730493446,72.22573
TD-All,refit_on_3,123,B0018,249,74.46467849076038,70.45572
TD-All,refit_on_3,123,B0018,251,74.62885626516028,70.70594
TD-All,refit_on_3,123,B0018,253,74.33553994642665,70.5837
TD-All,refit_on_3,123,B0018,256,73.72504079935909,69.633804
TD-All,refit_on_3,123,B0018,259,79.36110924975578,76.54557
TD-All,refit_on_3,123,B0018,261,78.799706688891,75.63376
TD-All,refit_on_3,123,B0018,263,78.14983302548104,75.19653
TD-All,refit_on_3,123,B0018,265,77.61878718971624,74.3584
TD-All,refit_on_3,123,B0018,267,76.88079746021991,73.263916
TD-All,refit_on_3,123,B0018,270,76.8319836786595,73.957985
TD-All,refit_on_3,123,B0018,272,76.01926160635412,72.79696
TD-All,refit_on_3,123,B0018,274,75.82358510102308,72.89098
TD-All,refit_on_3,123,B0018,276,75.53633219814198,72.84366
TD-All,refit_on_3,123,B0018,279,75.31793705780649,71.5751
TD-All,refit_on_3,123,B0018,282,75.43684114368729,72.102646
TD-All,refit_on_3,123,B0018,284,74.7829788363973,70.53149
TD-All,refit_on_3,123,B0018,286,74.15991898288928,69.93658
TD-All,refit_on_3,123,B0018,288,73.84846878839457,69.66781
TD-All,refit_on_3,123,B0018,291,73.15537271331122,68.7005
TD-All,refit_on_3,123,B0018,294,77.53589472577204,74.62871
TD-All,refit_on_3,123,B0018,296,76.42763235972666,73.25478
TD-All,refit_on_3,123,B0018,298,75.72351586777258,72.36049
TD-All,refit_on_3,123,B0018,300,75.4386936803776,71.96216
TD-All,refit_on_3,123,B0018,302,74.45721490205536,70.892815
TD-All,refit_on_3,123,B0018,305,74.97385174402893,72.084145
TD-All,refit_on_3,123,B0018,307,74.3741167471391,71.02273
TD-All,refit_on_3,123,B0018,309,74.05233968989694,71.18673
TD-All,refit_on_3,123,B0018,311,74.08863589293038,71.20688
TD-All,refit_on_3,123,B0018,314,73.46151441244959,69.54711
TD-All,refit_on_3,123,B0018,317,73.62086195282473,70.44103
TD-All,refit_on_3,123,B0018,319,72.87391760769836,69.12895
