setting,stage,seed,test_battery,cycle,y_true,y_pred
TD-Clean-6,pre_refit,42,B0005,2,100.80760884947765,97.70403
TD-Clean-6,pre_refit,42,B0005,4,100.25590968770103,106.35755
TD-Clean-6,pre_refit,42,B0005,6,99.65979925247206,107.07581
TD-Clean-6,pre_refit,42,B0005,8,99.65509323788856,105.498566
TD-Clean-6,pre_refit,42,B0005,10,99.6215889724607,104.19238
TD-Clean-6,pre_refit,42,B0005,12,99.67676620535396,103.719086
TD-Clean-6,pre_refit,42,B0005,14,99.64877352944652,103.18815
TD-Clean-6,pre_refit,42,B0005,16,99.13892996732449,105.66477
TD-Clean-6,pre_refit,42,B0005,18,99.08555627584838,103.9841
TD-Clean-6,pre_refit,42,B0005,20,99.0768365083485,102.97927
TD-Clean-6,pre_refit,42,B0005,22,99.07717774099622,101.37109
TD-Clean-6,pre_refit,42,B0005,25,98.5114992237362,102.71708
TD-Clean-6,pre_refit,42,B0005,27,98.4870761948254,102.30649
TD-Clean-6,pre_refit,42,B0005,29,98.47015265835132,99.675125
TD-Clean-6,pre_refit,42,B0005,31,97.88140357167902,103.38874
TD-Clean-6,pre_refit,42,B0005,33,97.85473656745688,101.70657
TD-Clean-6,pre_refit,42,B0005,35,97.88039886599036,100.7506
TD-Clean-6,pre_refit,42,B0005,37,97.9069415267384,99.40196
TD-Clean-6,pre_refit,42,B0005,39,97.89115702988882,98.49374
TD-Clean-6,pre_refit,42,B0005,42,100.29385168145046,104.79851
TD-Clean-6,pre_refit,42,B0005,46,100.31510023136114,104.27731
TD-Clean-6,pre_refit,42,B0005,50,99.70477213786135,104.52219
TD-Clean-6,pre_refit,42,B0005,54,99.1402308374376,105.085266
TD-Clean-6,pre_refit,42,B0005,58,99.10400696359169,102.61046
TD-Clean-6,pre_refit,42,B0005,62,99.12941188644592,101.37099
TD-Clean-6,pre_refit,42,B0005,66,98.50222430381568,103.6854
TD-Clean-6,pre_refit,42,B0005,70,98.5423014565286,100.07588
TD-Clean-6,pre_refit,42,B0005,74,98.49887187571204,99.288055
TD-Clean-6,pre_refit,42,B0005,78,97.89050762402466,102.77617
TD-Clean-6,pre_refit,42,B0005,82,97.96171552529285,99.36902
TD-Clean-6,pre_refit,42,B0005,86,100.55321959197046,103.17343
TD-Clean-6,pre_refit,42,B0005,90,99.4075559707276,103.26934
TD-Clean-6,pre_refit,42,B0005,94,98.82112827769676,102.23276
TD-Clean-6,pre_refit,42,B0005,98,98.2457556393358,100.48366
TD-Clean-6,pre_refit,42,B0005,102,97.99065016377766,100.396706
TD-Clean-6,pre_refit,42,B0005,106,97.7065060215613,101.32483
TD-Clean-6,pre_refit,42,B0005,110,97.11279694879056,100.9018
TD-Clean-6,pre_refit,42,B0005,114,96.81304988059888,100.42002
TD-Clean-6,pre_refit,42,B0005,118,96.27605729788222,99.469864
TD-Clean-6,pre_refit,42,B0005,122,96.2762766313732,98.56253
TD-Clean-6,pre_refit,42,B0005,126,95.99578118843372,100.79079
TD-Clean-6,pre_refit,42,B0005,130,95.69403287907456,100.98165
TD-Clean-6,pre_refit,42,B0005,134,95.98194451474556,99.12523
TD-Clean-6,pre_refit,42,B0005,136,95.71321655496544,98.629166
TD-Clean-6,pre_refit,42,B0005,140,95.11928805425076,97.553894
TD-Clean-6,pre_refit,42,B0005,144,94.58275432725988,98.26074
TD-Clean-6,pre_refit,42,B0005,148,94.27008009570102,96.74489
TD-Clean-6,pre_refit,42,B0005,150,97.39411432859931,108.0938
TD-Clean-6,pre_refit,42,B0005,154,96.82749231246368,103.93369
TD-Clean-6,pre_refit,42,B0005,158,95.96820195991576,100.933945
TD-Clean-6,pre_refit,42,B0005,162,95.40638930769452,100.37567
TD-Clean-6,pre_refit,42,B0005,166,94.8553962680492,98.47656
TD-Clean-6,pre_refit,42,B0005,170,94.5755674779542,98.85094
TD-Clean-6,pre_refit,42,B0005,174,94.28806184403476,99.2503
TD-Clean-6,pre_refit,42,B0005,178,93.73958753620327,98.00513
TD-Clean-6,pre_refit,42,B0005,182,93.16861105469168,97.46829
TD-Clean-6,pre_refit,42,B0005,186,92.88227598613614,96.64421
TD-Clean-6,pre_refit,42,B0005,190,92.636901518198,97.6167
TD-Clean-6,pre_refit,42,B0005,194,92.32720191735562,98.05439
TD-Clean-6,pre_refit,42,B0005,198,92.01599848919145,96.82344
TD-Clean-6,pre_refit,42,B0005,202,91.49053823956656,98.35567
TD-Clean-6,pre_refit,42,B0005,206,90.92425521866993,98.069496
TD-Clean-6,pre_refit,42,B0005,210,90.92941856192826,96.49553
TD-Clean-6,pre_refit,42,B0005,214,90.34010561326173,96.11314
TD-Clean-6,pre_refit,42,B0005,216,90.0847586044663,97.92905
TD-Clean-6,pre_refit,42,B0005,220,89.80457989439137,96.93623
TD-Clean-6,pre_refit,42,B0005,224,89.19640288815545,96.79766
TD-Clean-6,pre_refit,42,B0005,228,88.93598251136243,96.24718
TD-Clean-6,pre_refit,42,B0005,232,88.65781340235759,96.70101
TD-Clean-6,pre_refit,42,B0005,236,88.38728178562198,96.95222
TD-Clean-6,pre_refit,42,B0005,240,88.08171260170519,94.771194
TD-Clean-6,pre_refit,42,B0005,244,87.49528010741024,96.56948
TD-Clean-6,pre_refit,42,B0005,248,87.2366743602368,95.735664
TD-Clean-6,pre_refit,42,B0005,252,86.96251727221627,94.761795
TD-Clean-6,pre_refit,42,B0005,256,86.35734215456989,95.86338
TD-Clean-6,pre_refit,42,B0005,260,86.10863457357058,95.99928
TD-Clean-6,pre_refit,42,B0005,264,86.06270063126725,94.335686
TD-Clean-6,pre_refit,42,B0005,266,86.63737677555004,95.24107
TD-Clean-6,pre_refit,42,B0005,270,85.50813849993258,94.68147
TD-Clean-6,pre_refit,42,B0005,274,84.97446653296429,94.42559
TD-Clean-6,pre_refit,42,B0005,278,84.69557819389517,95.97945
TD-Clean-6,pre_refit,42,B0005,282,84.68013627936132,95.19571
TD-Clean-6,pre_refit,42,B0005,286,84.41991821853574,95.294586
TD-Clean-6,pre_refit,42,B0005,290,84.10414931140878,95.09859
TD-Clean-6,pre_refit,42,B0005,294,83.52653061113354,95.73966
TD-Clean-6,pre_refit,42,B0005,298,82.96602561057489,94.763794
TD-Clean-6,pre_refit,42,B0005,302,82.99920327964658,94.760704
TD-Clean-6,pre_refit,42,B0005,306,82.68003018050378,96.727486
TD-Clean-6,pre_refit,42,B0005,310,82.39976893302816,96.35973
TD-Clean-6,pre_refit,42,B0005,313,87.19626195760692,94.37408
TD-Clean-6,pre_refit,42,B0005,316,84.91729656129593,94.55142
TD-Clean-6,pre_refit,42,B0005,320,84.06165489885902,95.51457
TD-Clean-6,pre_refit,42,B0005,324,83.2082752902044,96.75743
TD-Clean-6,pre_refit,42,B0005,328,82.91381970838151,94.63344
TD-Clean-6,pre_refit,42,B0005,332,82.37106085271179,95.7731
TD-Clean-6,pre_refit,42,B0005,336,82.09631790141844,95.330246
TD-Clean-6,pre_refit,42,B0005,340,81.80669701206385,95.563644
TD-Clean-6,pre_refit,42,B0005,344,81.53418918115372,95.77831
TD-Clean-6,pre_refit,42,B0005,348,80.95312575426658,96.658844
TD-Clean-6,pre_refit,42,B0005,352,80.6829269258604,97.13151
TD-Clean-6,pre_refit,42,B0005,356,80.38673535372676,96.71718
TD-Clean-6,pre_refit,42,B0005,360,80.10415225005684,97.2342
TD-Clean-6,pre_refit,42,B0005,364,80.68483906716317,95.09553
TD-Clean-6,pre_refit,42,B0005,367,81.23806188586506,97.335106
TD-Clean-6,pre_refit,42,B0005,371,80.40774500270479,96.17576
TD-Clean-6,pre_refit,42,B0005,375,79.80793062432481,97.972565
TD-Clean-6,pre_refit,42,B0005,379,78.94710440938543,96.40792
TD-Clean-6,pre_refit,42,B0005,383,78.96040682717852,97.40856
TD-Clean-6,pre_refit,42,B0005,387,79.00805769223405,97.46225
TD-Clean-6,pre_refit,42,B0005,391,78.68325635434054,97.048035
TD-Clean-6,pre_refit,42,B0005,395,78.12009683923326,97.84968
TD-Clean-6,pre_refit,42,B0005,399,77.83635095586517,97.49267
TD-Clean-6,pre_refit,42,B0005,403,77.83366081216815,98.395226
TD-Clean-6,pre_refit,42,B0005,407,77.54418562704669,98.70907
TD-Clean-6,pre_refit,42,B0005,411,77.26483532824366,98.0768
TD-Clean-6,pre_refit,42,B0005,415,76.96665751739931,97.32745
TD-Clean-6,pre_refit,42,B0005,419,76.69408123915822,96.94812
TD-Clean-6,pre_refit,42,B0005,423,76.7032886034996,97.323135
TD-Clean-6,pre_refit,42,B0005,427,76.43285089151239,100.09563
TD-Clean-6,pre_refit,42,B0005,431,77.83345221466253,97.11189
TD-Clean-6,pre_refit,42,B0005,433,78.09751233548145,97.25102
TD-Clean-6,pre_refit,42,B0005,437,76.96262218385922,97.95226
TD-Clean-6,pre_refit,42,B0005,441,76.3993634537507,98.19562
TD-Clean-6,pre_refit,42,B0005,445,76.08562321685423,97.375626
TD-Clean-6,pre_refit,42,B0005,449,75.84111192639295,97.90411
TD-Clean-6,pre_refit,42,B0005,453,75.5470202599512,96.99814
TD-Clean-6,pre_refit,42,B0005,457,75.2724773855306,97.352585
TD-Clean-6,pre_refit,42,B0005,461,74.95796574493023,97.85365
TD-Clean-6,pre_refit,42,B0005,465,74.67559060559861,99.23719
TD-Clean-6,pre_refit,42,B0005,469,74.4190975749656,97.893845
TD-Clean-6,pre_refit,42,B0005,473,74.41886702385212,97.02897
TD-Clean-6,pre_refit,42,B0005,477,74.10538957595438,97.84398
TD-Clean-6,pre_refit,42,B0005,481,74.68403981580354,99.39789
TD-Clean-6,pre_refit,42,B0005,483,75.26611054535188,98.10793
TD-Clean-6,pre_refit,42,B0005,485,74.38310747232698,99.606064
TD-Clean-6,pre_refit,42,B0005,489,74.10795710900801,98.09966
TD-Clean-6,pre_refit,42,B0005,493,73.53993654981534,99.56943
TD-Clean-6,pre_refit,42,B0005,497,73.55729388669064,100.403625
TD-Clean-6,pre_refit,42,B0005,501,73.56067241598603,99.42465
TD-Clean-6,pre_refit,42,B0005,505,73.26805286034079,99.3445
TD-Clean-6,pre_refit,42,B0005,509,72.98972077509227,99.00818
TD-Clean-6,pre_refit,42,B0005,513,72.70747847813722,99.02427
TD-Clean-6,pre_refit,42,B0005,517,72.70330518052887,99.79088
TD-Clean-6,pre_refit,42,B0005,521,72.43680818215978,100.12368
TD-Clean-6,pre_refit,42,B0005,525,72.14563728793834,101.15935
TD-Clean-6,pre_refit,42,B0005,529,71.84842350914826,100.3087
TD-Clean-6,pre_refit,42,B0005,533,71.57682808520298,101.49283
TD-Clean-6,pre_refit,42,B0005,537,71.59297070565168,101.74611
TD-Clean-6,pre_refit,42,B0005,541,71.58355486033668,101.05225
TD-Clean-6,pre_refit,42,B0005,545,71.88651633814797,99.73515
TD-Clean-6,pre_refit,42,B0005,548,73.85485752850198,95.5976
TD-Clean-6,pre_refit,42,B0005,552,72.73676298693475,98.910255
TD-Clean-6,pre_refit,42,B0005,556,72.16650080848474,100.13985
TD-Clean-6,pre_refit,42,B0005,560,71.87574889700983,101.65248
TD-Clean-6,pre_refit,42,B0005,564,71.60206343923741,100.74733
TD-Clean-6,pre_refit,42,B0005,568,71.32194157026348,101.69595
TD-Clean-6,pre_refit,42,B0005,572,71.30711389020412,100.58138
TD-Clean-6,pre_refit,42,B0005,576,71.01356336148518,101.07593
TD-Clean-6,pre_refit,42,B0005,580,70.75492745457169,101.198784
TD-Clean-6,pre_refit,42,B0005,584,70.77254445771489,101.42303
TD-Clean-6,pre_refit,42,B0005,588,70.77540542374062,99.94062
TD-Clean-6,pre_refit,42,B0005,592,70.47550750397869,101.272156
TD-Clean-6,pre_refit,42,B0005,596,70.48563041810954,100.40075
TD-Clean-6,pre_refit,42,B0005,600,70.23531244180377,101.72956
TD-Clean-6,pre_refit,42,B0005,604,69.93882142370093,102.90198
TD-Clean-6,pre_refit,42,B0005,608,69.90890905512207,102.07877
TD-Clean-6,pre_refit,42,B0005,612,71.07977535187085,101.315506
TD-Clean-6,pre_refit,42,B0005,614,71.95205157786506,99.42122
TD-Clean-6,refit_on_3,42,B0005,2,100.80760884947765,74.12171
TD-Clean-6,refit_on_3,42,B0005,4,100.25590968770103,94.831055
TD-Clean-6,refit_on_3,42,B0005,6,99.65979925247206,94.76692
TD-Clean-6,refit_on_3,42,B0005,8,99.65509323788856,94.86168
TD-Clean-6,refit_on_3,42,B0005,10,99.6215889724607,94.57583
TD-Clean-6,refit_on_3,42,B0005,12,99.67676620535396,93.52746
TD-Clean-6,refit_on_3,42,B0005,14,99.64877352944652,93.63792
TD-Clean-6,refit_on_3,42,B0005,16,99.13892996732449,96.125786
TD-Clean-6,refit_on_3,42,B0005,18,99.08555627584838,95.77709
TD-Clean-6,refit_on_3,42,B0005,20,99.0768365083485,95.68787
TD-Clean-6,refit_on_3,42,B0005,22,99.07717774099622,95.93937
TD-Clean-6,refit_on_3,42,B0005,25,98.5114992237362,92.85984
TD-Clean-6,refit_on_3,42,B0005,27,98.4870761948254,95.887146
TD-Clean-6,refit_on_3,42,B0005,29,98.47015265835132,93.05212
TD-Clean-6,refit_on_3,42,B0005,31,97.88140357167902,96.46151
TD-Clean-6,refit_on_3,42,B0005,33,97.85473656745688,95.730736
TD-Clean-6,refit_on_3,42,B0005,35,97.88039886599036,96.053185
TD-Clean-6,refit_on_3,42,B0005,37,97.9069415267384,95.77966
TD-Clean-6,refit_on_3,42,B0005,39,97.89115702988882,95.002884
TD-Clean-6,refit_on_3,42,B0005,42,100.29385168145046,95.08058
TD-Clean-6,refit_on_3,42,B0005,46,100.31510023136114,97.37193
TD-Clean-6,refit_on_3,42,B0005,50,99.70477213786135,97.46084
TD-Clean-6,refit_on_3,42,B0005,54,99.1402308374376,98.037056
TD-Clean-6,refit_on_3,42,B0005,58,99.10400696359169,95.08601
TD-Clean-6,refit_on_3,42,B0005,62,99.12941188644592,97.72838
TD-Clean-6,refit_on_3,42,B0005,66,98.50222430381568,97.94419
TD-Clean-6,refit_on_3,42,B0005,70,98.5423014565286,95.37431
TD-Clean-6,refit_on_3,42,B0005,74,98.49887187571204,95.68178
TD-Clean-6,refit_on_3,42,B0005,78,97.89050762402466,97.33327
TD-Clean-6,refit_on_3,42,B0005,82,97.96171552529285,94.20319
TD-Clean-6,refit_on_3,42,B0005,86,100.55321959197046,83.32382
TD-Clean-6,refit_on_3,42,B0005,90,99.4075559707276,97.95767
TD-Clean-6,refit_on_3,42,B0005,94,98.82112827769676,97.307495
TD-Clean-6,refit_on_3,42,B0005,98,98.2457556393358,95.148636
TD-Clean-6,refit_on_3,42,B0005,102,97.99065016377766,97.288376
TD-Clean-6,refit_on_3,42,B0005,106,97.7065060215613,94.59794
TD-Clean-6,refit_on_3,42,B0005,110,97.11279694879056,94.75001
TD-Clean-6,refit_on_3,42,B0005,114,96.81304988059888,96.21495
TD-Clean-6,refit_on_3,42,B0005,118,96.27605729788222,93.815216
TD-Clean-6,refit_on_3,42,B0005,122,96.2762766313732,93.06065
TD-Clean-6,refit_on_3,42,B0005,126,95.99578118843372,93.08119
TD-Clean-6,refit_on_3,42,B0005,130,95.69403287907456,93.447975
TD-Clean-6,refit_on_3,42,B0005,134,95.98194451474556,93.6324
TD-Clean-6,refit_on_3,42,B0005,136,95.71321655496544,92.02815
TD-Clean-6,refit_on_3,42,B0005,140,95.11928805425076,91.976654
TD-Clean-6,refit_on_3,42,B0005,144,94.58275432725988,93.33211
TD-Clean-6,refit_on_3,42,B0005,148,94.27008009570102,91.01115
TD-Clean-6,refit_on_3,42,B0005,150,97.39411432859931,93.420296
TD-Clean-6,refit_on_3,42,B0005,154,96.82749231246368,94.71633
TD-Clean-6,refit_on_3,42,B0005,158,95.96820195991576,93.19027
TD-Clean-6,refit_on_3,42,B0005,162,95.40638930769452,95.390114
TD-Clean-6,refit_on_3,42,B0005,166,94.8553962680492,91.92633
TD-Clean-6,refit_on_3,42,B0005,170,94.5755674779542,93.893524
TD-Clean-6,refit_on_3,42,B0005,174,94.28806184403476,92.24512
TD-Clean-6,refit_on_3,42,B0005,178,93.73958753620327,91.283554
TD-Clean-6,refit_on_3,42,B0005,182,93.16861105469168,89.423355
TD-Clean-6,refit_on_3,42,B0005,186,92.88227598613614,89.09429
TD-Clean-6,refit_on_3,42,B0005,190,92.636901518198,89.13982
TD-Clean-6,refit_on_3,42,B0005,194,92.32720191735562,88.749565
TD-Clean-6,refit_on_3,42,B0005,198,92.01599848919145,87.94723
TD-Clean-6,refit_on_3,42,B0005,202,91.49053823956656,91.34095
TD-Clean-6,refit_on_3,42,B0005,206,90.92425521866993,89.19313
TD-Clean-6,refit_on_3,42,B0005,210,90.92941856192826,86.90413
TD-Clean-6,refit_on_3,42,B0005,214,90.34010561326173,86.126205
TD-Clean-6,refit_on_3,42,B0005,216,90.0847586044663,87.10354
TD-Clean-6,refit_on_3,42,B0005,220,89.80457989439137,87.8097
TD-Clean-6,refit_on_3,42,B0005,224,89.19640288815545,85.75351
TD-Clean-6,refit_on_3,42,B0005,228,88.93598251136243,85.914406
TD-Clean-6,refit_on_3,42,B0005,232,88.65781340235759,85.67647
TD-Clean-6,refit_on_3,42,B0005,236,88.38728178562198,87.43898
TD-Clean-6,refit_on_3,42,B0005,240,88.08171260170519,83.666214
TD-Clean-6,refit_on_3,42,B0005,244,87.49528010741024,83.5081
TD-Clean-6,refit_on_3,42,B0005,248,87.2366743602368,83.08978
TD-Clean-6,refit_on_3,42,B0005,252,86.96251727221627,82.571815
TD-Clean-6,refit_on_3,42,B0005,256,86.35734215456989,82.29359
TD-Clean-6,refit_on_3,42,B0005,260,86.10863457357058,83.26619
TD-Clean-6,refit_on_3,42,B0005,264,86.06270063126725,81.64005
TD-Clean-6,refit_on_3,42,B0005,266,86.63737677555004,81.1371
TD-Clean-6,refit_on_3,42,B0005,270,85.50813849993258,81.674644
TD-Clean-6,refit_on_3,42,B0005,274,84.97446653296429,81.26429
TD-Clean-6,refit_on_3,42,B0005,278,84.69557819389517,83.044525
TD-Clean-6,refit_on_3,42,B0005,282,84.68013627936132,80.06818
TD-Clean-6,refit_on_3,42,B0005,286,84.41991821853574,79.53347
TD-Clean-6,refit_on_3,42,B0005,290,84.10414931140878,79.94531
TD-Clean-6,refit_on_3,42,B0005,294,83.52653061113354,81.85895
TD-Clean-6,refit_on_3,42,B0005,298,82.96602561057489,78.9944
TD-Clean-6,refit_on_3,42,B0005,302,82.99920327964658,78.5564
TD-Clean-6,refit_on_3,42,B0005,306,82.68003018050378,78.34269
TD-Clean-6,refit_on_3,42,B0005,310,82.39976893302816,77.676216
TD-Clean-6,refit_on_3,42,B0005,313,87.19626195760692,77.70339
TD-Clean-6,refit_on_3,42,B0005,316,84.91729656129593,78.96125
TD-Clean-6,refit_on_3,42,B0005,320,84.06165489885902,80.42713
TD-Clean-6,refit_on_3,42,B0005,324,83.2082752902044,79.24751
TD-Clean-6,refit_on_3,42,B0005,328,82.91381970838151,78.35769
TD-Clean-6,refit_on_3,42,B0005,332,82.37106085271179,78.624054
TD-Clean-6,refit_on_3,42,B0005,336,82.09631790141844,78.073524
TD-Clean-6,refit_on_3,42,B0005,340,81.80669701206385,77.32456
TD-Clean-6,refit_on_3,42,B0005,344,81.53418918115372,78.71498
TD-Clean-6,refit_on_3,42,B0005,348,80.95312575426658,76.78709
TD-Clean-6,refit_on_3,42,B0005,352,80.6829269258604,76.38897
TD-Clean-6,refit_on_3,42,B0005,356,80.38673535372676,76.001755
TD-Clean-6,refit_on_3,42,B0005,360,80.10415225005684,77.44233
TD-Clean-6,refit_on_3,42,B0005,364,80.68483906716317,75.46375
TD-Clean-6,refit_on_3,42,B0005,367,81.23806188586506,77.81662
TD-Clean-6,refit_on_3,42,B0005,371,80.40774500270479,76.5347
TD-Clean-6,refit_on_3,42,B0005,375,79.80793062432481,78.60546
TD-Clean-6,refit_on_3,42,B0005,379,78.94710440938543,76.76872
TD-Clean-6,refit_on_3,42,B0005,383,78.96040682717852,74.68155
TD-Clean-6,refit_on_3,42,B0005,387,79.00805769223405,76.99059
TD-Clean-6,refit_on_3,42,B0005,391,78.68325635434054,74.16063
TD-Clean-6,refit_on_3,42,B0005,395,78.12009683923326,73.747665
TD-Clean-6,refit_on_3,42,B0005,399,77.83635095586517,73.595764
TD-Clean-6,refit_on_3,42,B0005,403,77.83366081216815,76.04883
TD-Clean-6,refit_on_3,42,B0005,407,77.54418562704669,73.08381
TD-Clean-6,refit_on_3,42,B0005,411,77.26483532824366,72.82587
TD-Clean-6,refit_on_3,42,B0005,415,76.96665751739931,72.80106
TD-Clean-6,refit_on_3,42,B0005,419,76.69408123915822,72.84648
TD-Clean-6,refit_on_3,42,B0005,423,76.7032886034996,73.522446
TD-Clean-6,refit_on_3,42,B0005,427,76.43285089151239,73.9798
TD-Clean-6,refit_on_3,42,B0005,431,77.83345221466253,73.8069
TD-Clean-6,refit_on_3,42,B0005,433,78.09751233548145,74.59498
TD-Clean-6,refit_on_3,42,B0005,437,76.96262218385922,73.30241
TD-Clean-6,refit_on_3,42,B0005,441,76.3993634537507,73.149635
TD-Clean-6,refit_on_3,42,B0005,445,76.08562321685423,72.50059
TD-Clean-6,refit_on_3,42,B0005,449,75.84111192639295,72.54161
TD-Clean-6,refit_on_3,42,B0005,453,75.5470202599512,72.31878
TD-Clean-6,refit_on_3,42,B0005,457,75.2724773855306,72.15503
TD-Clean-6,refit_on_3,42,B0005,461,74.95796574493023,71.83612
TD-Clean-6,refit_on_3,42,B0005,465,74.67559060559861,73.71768
TD-Clean-6,refit_on_3,42,B0005,469,74.4190975749656,72.16582
TD-Clean-6,refit_on_3,42,B0005,473,74.41886702385212,71.48811
TD-Clean-6,refit_on_3,42,B0005,477,74.10538957595438,71.30567
TD-Clean-6,refit_on_3,42,B0005,481,74.68403981580354,71.64543
TD-Clean-6,refit_on_3,42,B0005,483,75.26611054535188,70.953384
TD-Clean-6,refit_on_3,42,B0005,485,74.38310747232698,71.69738
TD-Clean-6,refit_on_3,42,B0005,489,74.10795710900801,71.1366
TD-Clean-6,refit_on_3,42,B0005,493,73.53993654981534,70.950836
TD-Clean-6,refit_on_3,42,B0005,497,73.55729388669064,71.57579
TD-Clean-6,refit_on_3,42,B0005,501,73.56067241598603,70.868576
TD-Clean-6,refit_on_3,42,B0005,505,73.26805286034079,71.48362
TD-Clean-6,refit_on_3,42,B0005,509,72.98972077509227,72.122734
TD-Clean-6,refit_on_3,42,B0005,513,72.70747847813722,70.65274
TD-Clean-6,refit_on_3,42,B0005,517,72.70330518052887,70.76913
TD-Clean-6,refit_on_3,42,B0005,521,72.43680818215978,70.48073
TD-Clean-6,refit_on_3,42,B0005,525,72.14563728793834,72.162704
TD-Clean-6,refit_on_3,42,B0005,529,71.84842350914826,70.76495
TD-Clean-6,refit_on_3,42,B0005,533,71.57682808520298,70.439
TD-Clean-6,refit_on_3,42,B0005,537,71.59297070565168,69.60794
TD-Clean-6,refit_on_3,42,B0005,541,71.58355486033668,71.58148
TD-Clean-6,refit_on_3,42,B0005,545,71.88651633814797,69.893654
TD-Clean-6,refit_on_3,42,B0005,548,73.85485752850198,69.14176
TD-Clean-6,refit_on_3,42,B0005,552,72.73676298693475,70.79101
TD-Clean-6,refit_on_3,42,B0005,556,72.16650080848474,70.794914
TD-Clean-6,refit_on_3,42,B0005,560,71.87574889700983,71.897156
TD-Clean-6,refit_on_3,42,B0005,564,71.60206343923741,70.76633
TD-Clean-6,refit_on_3,42,B0005,568,71.32194157026348,70.283356
TD-Clean-6,refit_on_3,42,B0005,572,71.30711389020412,70.94861
TD-Clean-6,refit_on_3,42,B0005,576,71.01356336148518,69.99026
TD-Clean-6,refit_on_3,42,B0005,580,70.75492745457169,69.232315
TD-Clean-6,refit_on_3,42,B0005,584,70.77254445771489,70.54872
TD-Clean-6,refit_on_3,42,B0005,588,70.77540542374062,70.5311
TD-Clean-6,refit_on_3,42,B0005,592,70.47550750397869,69.71949
TD-Clean-6,refit_on_3,42,B0005,596,70.48563041810954,69.938484
TD-Clean-6,refit_on_3,42,B0005,600,70.23531244180377,70.665955
TD-Clean-6,refit_on_3,42,B0005,604,69.93882142370093,69.89308
TD-Clean-6,refit_on_3,42,B0005,608,69.90890905512207,69.0953
TD-Clean-6,refit_on_3,42,B0005,612,71.07977535187085,71.206215
TD-Clean-6,refit_on_3,42,B0005,614,71.95205157786506,71.35318
TD-Clean-6,pre_refit,42,B0006,2,100.88297108833646,94.23876
TD-Clean-6,pre_refit,42,B0006,4,100.37753235288778,99.8915
TD-Clean-6,pre_refit,42,B0006,6,99.79196916000484,100.15222
TD-Clean-6,pre_refit,42,B0006,8,99.7899019818078,100.13468
TD-Clean-6,pre_refit,42,B0006,10,99.15762541696316,99.402176
TD-Clean-6,pre_refit,42,B0006,12,99.8203556776378,99.629074
TD-Clean-6,pre_refit,42,B0006,14,99.7808037027038,99.1681
TD-Clean-6,pre_refit,42,B0006,16,97.5844832820893,99.6499
TD-Clean-6,pre_refit,42,B0006,18,97.5535716293996,99.6596
TD-Clean-6,pre_refit,42,B0006,20,97.01155142541865,98.85957
TD-Clean-6,pre_refit,42,B0006,22,96.43502080876348,99.167885
TD-Clean-6,pre_refit,42,B0006,25,95.8972998236526,98.38541
TD-Clean-6,pre_refit,42,B0006,27,95.32875373854844,99.16333
TD-Clean-6,pre_refit,42,B0006,29,94.76419905980474,98.331085
TD-Clean-6,pre_refit,42,B0006,31,94.22773853976388,98.10361
TD-Clean-6,pre_refit,42,B0006,33,93.6395064953226,97.75267
TD-Clean-6,pre_refit,42,B0006,35,93.09821798643677,98.202194
TD-Clean-6,pre_refit,42,B0006,37,92.56743574756617,97.71065
TD-Clean-6,pre_refit,42,B0006,39,92.56840432582156,97.30756
TD-Clean-6,pre_refit,42,B0006,42,98.12161319843736,98.35219
TD-Clean-6,pre_refit,42,B0006,46,97.02736865587346,99.29605
TD-Clean-6,pre_refit,42,B0006,50,96.4457203456954,98.664474
TD-Clean-6,pre_refit,42,B0006,54,95.37664206593776,98.59349
TD-Clean-6,pre_refit,42,B0006,58,96.45395400781383,98.04141
TD-Clean-6,pre_refit,42,B0006,62,94.2446511737385,98.24359
TD-Clean-6,pre_refit,42,B0006,66,93.11783815158223,96.90865
TD-Clean-6,pre_refit,42,B0006,70,92.60393676951,96.84088
TD-Clean-6,pre_refit,42,B0006,74,91.99518419888014,95.914566
TD-Clean-6,pre_refit,42,B0006,78,91.45865458065036,96.44283
TD-Clean-6,pre_refit,42,B0006,82,92.05488530825814,94.840775
TD-Clean-6,pre_refit,42,B0006,86,95.40291074415664,95.12151
TD-Clean-6,pre_refit,42,B0006,90,93.2941701264468,96.49359
TD-Clean-6,pre_refit,42,B0006,94,91.95812296295944,95.01746
TD-Clean-6,pre_refit,42,B0006,98,91.16379285351326,93.44405
TD-Clean-6,pre_refit,42,B0006,102,90.13722315501992,92.86011
TD-Clean-6,pre_refit,42,B0006,106,89.88629167454431,91.81281
TD-Clean-6,pre_refit,42,B0006,110,89.07464504963947,91.67255
TD-Clean-6,pre_refit,42,B0006,114,88.27677498375004,91.47918
TD-Clean-6,pre_refit,42,B0006,118,87.78153478310176,90.30526
TD-Clean-6,pre_refit,42,B0006,122,87.25902301297472,89.964554
TD-Clean-6,pre_refit,42,B0006,126,86.75445063463465,90.23403
TD-Clean-6,pre_refit,42,B0006,130,86.21919662960373,89.8664
TD-Clean-6,pre_refit,42,B0006,134,86.97181002045869,89.36633
TD-Clean-6,pre_refit,42,B0006,136,87.53004089819298,89.40459
TD-Clean-6,pre_refit,42,B0006,140,85.93648557449694,89.504005
TD-Clean-6,pre_refit,42,B0006,144,84.92223069682748,89.62592
TD-Clean-6,pre_refit,42,B0006,148,84.38106569995976,88.595894
TD-Clean-6,pre_refit,42,B0006,150,90.39396636175364,92.37352
TD-Clean-6,pre_refit,42,B0006,154,89.62118442408695,92.74449
TD-Clean-6,pre_refit,42,B0006,158,88.01687540594799,90.928116
TD-Clean-6,pre_refit,42,B0006,162,86.47934133475826,90.49838
TD-Clean-6,pre_refit,42,B0006,166,85.7093899316892,89.62544
TD-Clean-6,pre_refit,42,B0006,170,84.66363361309608,89.92296
TD-Clean-6,pre_refit,42,B0006,174,84.14253773442293,89.14353
TD-Clean-6,pre_refit,42,B0006,178,83.37268440744252,88.96514
TD-Clean-6,pre_refit,42,B0006,182,82.84795096685752,88.189415
TD-Clean-6,pre_refit,42,B0006,186,82.31672078137474,87.48669
TD-Clean-6,pre_refit,42,B0006,190,81.8390002521071,87.300186
TD-Clean-6,pre_refit,42,B0006,194,81.29446683115198,87.79768
TD-Clean-6,pre_refit,42,B0006,198,80.75246648690656,87.68976
TD-Clean-6,pre_refit,42,B0006,202,79.7437886746144,89.517746
TD-Clean-6,pre_refit,42,B0006,206,79.47984426199564,87.95701
TD-Clean-6,pre_refit,42,B0006,210,79.25415788836384,87.32534
TD-Clean-6,pre_refit,42,B0006,214,78.69188922732394,87.55575
TD-Clean-6,pre_refit,42,B0006,216,78.46114405771091,88.087845
TD-Clean-6,pre_refit,42,B0006,220,77.67630372212932,88.482925
TD-Clean-6,pre_refit,42,B0006,224,77.38916838478035,87.73652
TD-Clean-6,pre_refit,42,B0006,228,76.88491527529958,88.45611
TD-Clean-6,pre_refit,42,B0006,232,76.3646225030132,88.07762
TD-Clean-6,pre_refit,42,B0006,236,75.60327887522882,89.13948
TD-Clean-6,pre_refit,42,B0006,240,75.84333345118733,88.372185
TD-Clean-6,pre_refit,42,B0006,244,75.57070473005419,88.225395
TD-Clean-6,pre_refit,42,B0006,248,75.06972493621848,89.419914
TD-Clean-6,pre_refit,42,B0006,252,74.81407516505371,88.90723
TD-Clean-6,pre_refit,42,B0006,256,74.54671414292675,88.51124
TD-Clean-6,pre_refit,42,B0006,260,74.02740213488109,90.05532
TD-Clean-6,pre_refit,42,B0006,264,73.73556466569462,89.04307
TD-Clean-6,pre_refit,42,B0006,266,75.84980622026112,85.66805
TD-Clean-6,pre_refit,42,B0006,270,74.55060879561292,88.55422
TD-Clean-6,pre_refit,42,B0006,274,73.79142812679322,87.90397
TD-Clean-6,pre_refit,42,B0006,278,73.27190839787096,90.5689
TD-Clean-6,pre_refit,42,B0006,282,73.28093201847443,89.39434
TD-Clean-6,pre_refit,42,B0006,286,73.02095301621284,89.55926
TD-Clean-6,pre_refit,42,B0006,290,72.73851013234444,89.626305
TD-Clean-6,pre_refit,42,B0006,294,71.95104826590523,90.11902
TD-Clean-6,pre_refit,42,B0006,298,71.96564568462234,89.54785
TD-Clean-6,pre_refit,42,B0006,302,71.72895437691278,90.51462
TD-Clean-6,pre_refit,42,B0006,306,71.71434939609318,90.07533
TD-Clean-6,pre_refit,42,B0006,310,71.45761792874575,90.43912
TD-Clean-6,pre_refit,42,B0006,313,78.98726854374111,85.91417
TD-Clean-6,pre_refit,42,B0006,316,76.64794397240323,85.59428
TD-Clean-6,pre_refit,42,B0006,320,75.07747171565073,87.89933
TD-Clean-6,pre_refit,42,B0006,324,74.29795247472106,87.759895
TD-Clean-6,pre_refit,42,B0006,328,73.51146675367659,88.5698
TD-Clean-6,pre_refit,42,B0006,332,73.00864275760908,88.42077
TD-Clean-6,pre_refit,42,B0006,336,72.50277290138493,89.0338
TD-Clean-6,pre_refit,42,B0006,340,71.96131839956391,88.76336
TD-Clean-6,pre_refit,42,B0006,344,71.71500633205595,89.70788
TD-Clean-6,pre_refit,42,B0006,348,71.44305583769248,89.42964
TD-Clean-6,pre_refit,42,B0006,352,70.93898960214143,89.51189
TD-Clean-6,pre_refit,42,B0006,356,70.68194044477139,89.39334
TD-Clean-6,pre_refit,42,B0006,360,70.4074916889224,91.02941
TD-Clean-6,pre_refit,42,B0006,364,70.41804785222855,90.5142
TD-Clean-6,pre_refit,42,B0006,367,71.98210310103482,89.38221
TD-Clean-6,pre_refit,42,B0006,371,70.95618334594263,90.40113
TD-Clean-6,pre_refit,42,B0006,375,70.1362730902931,90.64453
TD-Clean-6,pre_refit,42,B0006,379,69.87433806657212,90.454666
TD-Clean-6,pre_refit,42,B0006,383,69.63573699649338,91.229355
TD-Clean-6,pre_refit,42,B0006,387,69.15232147064526,92.7824
TD-Clean-6,pre_refit,42,B0006,391,69.12109936452545,91.74852
TD-Clean-6,pre_refit,42,B0006,395,68.86250185726787,91.468254
TD-Clean-6,pre_refit,42,B0006,399,68.59092282212131,91.52487
TD-Clean-6,pre_refit,42,B0006,403,68.08750743669,92.371155
TD-Clean-6,pre_refit,42,B0006,407,68.33159705981836,91.876015
TD-Clean-6,pre_refit,42,B0006,411,68.09140360412486,92.0609
TD-Clean-6,pre_refit,42,B0006,415,67.81869443003508,92.14218
TD-Clean-6,pre_refit,42,B0006,419,67.5730638436144,92.29358
TD-Clean-6,pre_refit,42,B0006,423,67.31503513349786,93.570305
TD-Clean-6,pre_refit,42,B0006,427,67.07575548417674,93.19049
TD-Clean-6,pre_refit,42,B0006,431,68.60691404106846,92.9323
TD-Clean-6,pre_refit,42,B0006,433,69.64711039275872,90.806564
TD-Clean-6,pre_refit,42,B0006,437,68.33719964359061,91.544785
TD-Clean-6,pre_refit,42,B0006,441,67.81907707369999,93.049675
TD-Clean-6,pre_refit,42,B0006,445,67.27630029953899,92.19413
TD-Clean-6,pre_refit,42,B0006,449,67.03731096833596,93.82554
TD-Clean-6,pre_refit,42,B0006,453,66.78534122129697,93.166176
TD-Clean-6,pre_refit,42,B0006,457,66.26973868287087,93.60482
TD-Clean-6,pre_refit,42,B0006,461,65.98363462621751,94.1378
TD-Clean-6,pre_refit,42,B0006,465,65.72069252661954,95.922455
TD-Clean-6,pre_refit,42,B0006,469,65.50500064349335,94.35415
TD-Clean-6,pre_refit,42,B0006,473,65.48747074550045,95.181564
TD-Clean-6,pre_refit,42,B0006,477,65.2110653386093,95.970566
TD-Clean-6,pre_refit,42,B0006,481,65.47148558720653,96.07941
TD-Clean-6,pre_refit,42,B0006,483,66.78647932759047,93.017876
TD-Clean-6,pre_refit,42,B0006,485,65.72477818237311,96.011284
TD-Clean-6,pre_refit,42,B0006,489,64.93697426302657,96.034096
TD-Clean-6,pre_refit,42,B0006,493,64.69397950587184,97.12293
TD-Clean-6,pre_refit,42,B0006,497,64.45556804271465,96.49008
TD-Clean-6,pre_refit,42,B0006,501,64.44711910522597,97.29914
TD-Clean-6,pre_refit,42,B0006,505,63.9153253541329,97.39393
TD-Clean-6,pre_refit,42,B0006,509,63.40709756117343,98.697075
TD-Clean-6,pre_refit,42,B0006,513,63.40485519747241,99.05009
TD-Clean-6,pre_refit,42,B0006,517,63.14854807557744,98.698746
TD-Clean-6,pre_refit,42,B0006,521,63.15304028594434,99.03371
TD-Clean-6,pre_refit,42,B0006,525,62.63936845251047,101.0805
TD-Clean-6,pre_refit,42,B0006,529,62.36048327920517,100.95514
TD-Clean-6,pre_refit,42,B0006,533,62.11872624491582,100.097626
TD-Clean-6,pre_refit,42,B0006,537,62.11731201074328,99.69311
TD-Clean-6,pre_refit,42,B0006,541,61.86235410492132,101.795006
TD-Clean-6,pre_refit,42,B0006,545,62.12742822257309,102.281265
TD-Clean-6,pre_refit,42,B0006,548,63.93010610326108,97.43113
TD-Clean-6,pre_refit,42,B0006,552,62.62827859533666,100.27216
TD-Clean-6,pre_refit,42,B0006,556,61.85683618405182,101.895004
TD-Clean-6,pre_refit,42,B0006,560,61.07092794836815,103.000534
TD-Clean-6,pre_refit,42,B0006,564,60.82277612678393,102.59506
TD-Clean-6,pre_refit,42,B0006,568,60.55640953242813,103.46848
TD-Clean-6,pre_refit,42,B0006,572,60.02917505279337,103.44478
TD-Clean-6,pre_refit,42,B0006,576,59.75722270334661,103.54685
TD-Clean-6,pre_refit,42,B0006,580,59.52315601830062,103.465385
TD-Clean-6,pre_refit,42,B0006,584,59.01246912863032,104.28619
TD-Clean-6,pre_refit,42,B0006,588,58.74426171153606,104.36979
TD-Clean-6,pre_refit,42,B0006,592,58.47122551716232,104.5643
TD-Clean-6,pre_refit,42,B0006,596,58.2196597592319,104.72684
TD-Clean-6,pre_refit,42,B0006,600,57.18983519098029,105.78814
TD-Clean-6,pre_refit,42,B0006,604,57.71437056534329,105.47653
TD-Clean-6,pre_refit,42,B0006,608,57.43663099473362,105.18798
TD-Clean-6,pre_refit,42,B0006,612,58.23847489632371,105.244995
TD-Clean-6,pre_refit,42,B0006,614,58.76884540363096,104.19916
TD-Clean-6,refit_on_3,42,B0006,2,100.88297108833646,87.11327
TD-Clean-6,refit_on_3,42,B0006,4,100.37753235288778,101.40216
TD-Clean-6,refit_on_3,42,B0006,6,99.79196916000484,101.706474
TD-Clean-6,refit_on_3,42,B0006,8,99.7899019818078,101.7663
TD-Clean-6,refit_on_3,42,B0006,10,99.15762541696316,101.11811
TD-Clean-6,refit_on_3,42,B0006,12,99.8203556776378,101.08703
TD-Clean-6,refit_on_3,42,B0006,14,99.7808037027038,100.5939
TD-Clean-6,refit_on_3,42,B0006,16,97.5844832820893,101.49578
TD-Clean-6,refit_on_3,42,B0006,18,97.5535716293996,101.50957
TD-Clean-6,refit_on_3,42,B0006,20,97.01155142541865,100.84239
TD-Clean-6,refit_on_3,42,B0006,22,96.43502080876348,101.20668
TD-Clean-6,refit_on_3,42,B0006,25,95.8972998236526,99.14277
TD-Clean-6,refit_on_3,42,B0006,27,95.32875373854844,100.87264
TD-Clean-6,refit_on_3,42,B0006,29,94.76419905980474,99.7002
TD-Clean-6,refit_on_3,42,B0006,31,94.22773853976388,100.239365
TD-Clean-6,refit_on_3,42,B0006,33,93.6395064953226,100.03166
TD-Clean-6,refit_on_3,42,B0006,35,93.09821798643677,100.28526
TD-Clean-6,refit_on_3,42,B0006,37,92.56743574756617,99.731285
TD-Clean-6,refit_on_3,42,B0006,39,92.56840432582156,99.36709
TD-Clean-6,refit_on_3,42,B0006,42,98.12161319843736,99.98033
TD-Clean-6,refit_on_3,42,B0006,46,97.02736865587346,101.11934
TD-Clean-6,refit_on_3,42,B0006,50,96.4457203456954,100.938736
TD-Clean-6,refit_on_3,42,B0006,54,95.37664206593776,101.235916
TD-Clean-6,refit_on_3,42,B0006,58,96.45395400781383,100.16458
TD-Clean-6,refit_on_3,42,B0006,62,94.2446511737385,100.84079
TD-Clean-6,refit_on_3,42,B0006,66,93.11783815158223,99.80712
TD-Clean-6,refit_on_3,42,B0006,70,92.60393676951,99.43852
TD-Clean-6,refit_on_3,42,B0006,74,91.99518419888014,98.957214
TD-Clean-6,refit_on_3,42,B0006,78,91.45865458065036,99.283844
TD-Clean-6,refit_on_3,42,B0006,82,92.05488530825814,98.236725
TD-Clean-6,refit_on_3,42,B0006,86,95.40291074415664,88.516685
TD-Clean-6,refit_on_3,42,B0006,90,93.2941701264468,96.992485
TD-Clean-6,refit_on_3,42,B0006,94,91.95812296295944,95.97744
TD-Clean-6,refit_on_3,42,B0006,98,91.16379285351326,94.50822
TD-Clean-6,refit_on_3,42,B0006,102,90.13722315501992,94.60099
TD-Clean-6,refit_on_3,42,B0006,106,89.88629167454431,91.77565
TD-Clean-6,refit_on_3,42,B0006,110,89.07464504963947,92.32881
TD-Clean-6,refit_on_3,42,B0006,114,88.27677498375004,92.639336
TD-Clean-6,refit_on_3,42,B0006,118,87.78153478310176,91.13036
TD-Clean-6,refit_on_3,42,B0006,122,87.25902301297472,89.86493
TD-Clean-6,refit_on_3,42,B0006,126,86.75445063463465,88.850044
TD-Clean-6,refit_on_3,42,B0006,130,86.21919662960373,88.55194
TD-Clean-6,refit_on_3,42,B0006,134,86.97181002045869,88.91516
TD-Clean-6,refit_on_3,42,B0006,136,87.53004089819298,88.31394
TD-Clean-6,refit_on_3,42,B0006,140,85.93648557449694,89.11799
TD-Clean-6,refit_on_3,42,B0006,144,84.92223069682748,89.25603
TD-Clean-6,refit_on_3,42,B0006,148,84.38106569995976,87.54868
TD-Clean-6,refit_on_3,42,B0006,150,90.39396636175364,85.329735
TD-Clean-6,refit_on_3,42,B0006,154,89.62118442408695,90.667145
TD-Clean-6,refit_on_3,42,B0006,158,88.01687540594799,89.61551
TD-Clean-6,refit_on_3,42,B0006,162,86.47934133475826,89.82891
TD-Clean-6,refit_on_3,42,B0006,166,85.7093899316892,88.18932
TD-Clean-6,refit_on_3,42,B0006,170,84.66363361309608,88.40208
TD-Clean-6,refit_on_3,42,B0006,174,84.14253773442293,86.51599
TD-Clean-6,refit_on_3,42,B0006,178,83.37268440744252,86.33146
TD-Clean-6,refit_on_3,42,B0006,182,82.84795096685752,85.17149
TD-Clean-6,refit_on_3,42,B0006,186,82.31672078137474,84.49946
TD-Clean-6,refit_on_3,42,B0006,190,81.8390002521071,83.66674
TD-Clean-6,refit_on_3,42,B0006,194,81.29446683115198,83.462814
TD-Clean-6,refit_on_3,42,B0006,198,80.75246648690656,83.16878
TD-Clean-6,refit_on_3,42,B0006,202,79.7437886746144,85.50111
TD-Clean-6,refit_on_3,42,B0006,206,79.47984426199564,83.854706
TD-Clean-6,refit_on_3,42,B0006,210,79.25415788836384,81.85156
TD-Clean-6,refit_on_3,42,B0006,214,78.69188922732394,83.02525
TD-Clean-6,refit_on_3,42,B0006,216,78.46114405771091,83.065575
TD-Clean-6,refit_on_3,42,B0006,220,77.67630372212932,83.59398
TD-Clean-6,refit_on_3,42,B0006,224,77.38916838478035,82.43037
TD-Clean-6,refit_on_3,42,B0006,228,76.88491527529958,82.79837
TD-Clean-6,refit_on_3,42,B0006,232,76.3646225030132,82.143265
TD-Clean-6,refit_on_3,42,B0006,236,75.60327887522882,83.35554
TD-Clean-6,refit_on_3,42,B0006,240,75.84333345118733,81.59236
TD-Clean-6,refit_on_3,42,B0006,244,75.57070473005419,81.27308
TD-Clean-6,refit_on_3,42,B0006,248,75.06972493621848,81.94258
TD-Clean-6,refit_on_3,42,B0006,252,74.81407516505371,81.28127
TD-Clean-6,refit_on_3,42,B0006,256,74.54671414292675,80.90295
TD-Clean-6,refit_on_3,42,B0006,260,74.02740213488109,82.3502
TD-Clean-6,refit_on_3,42,B0006,264,73.73556466569462,80.68877
TD-Clean-6,refit_on_3,42,B0006,266,75.84980622026112,76.88649
TD-Clean-6,refit_on_3,42,B0006,270,74.55060879561292,80.71913
TD-Clean-6,refit_on_3,42,B0006,274,73.79142812679322,79.97182
TD-Clean-6,refit_on_3,42,B0006,278,73.27190839787096,81.994896
TD-Clean-6,refit_on_3,42,B0006,282,73.28093201847443,79.23004
TD-Clean-6,refit_on_3,42,B0006,286,73.02095301621284,79.00285
TD-Clean-6,refit_on_3,42,B0006,290,72.73851013234444,79.22459
TD-Clean-6,refit_on_3,42,B0006,294,71.95104826590523,80.56477
TD-Clean-6,refit_on_3,42,B0006,298,71.96564568462234,79.50192
TD-Clean-6,refit_on_3,42,B0006,302,71.72895437691278,79.2682
TD-Clean-6,refit_on_3,42,B0006,306,71.71434939609318,78.44181
TD-Clean-6,refit_on_3,42,B0006,310,71.45761792874575,78.588524
TD-Clean-6,refit_on_3,42,B0006,313,78.98726854374111,76.58366
TD-Clean-6,refit_on_3,42,B0006,316,76.64794397240323,76.6055
TD-Clean-6,refit_on_3,42,B0006,320,75.07747171565073,79.21296
TD-Clean-6,refit_on_3,42,B0006,324,74.29795247472106,78.770454
TD-Clean-6,refit_on_3,42,B0006,328,73.51146675367659,79.12514
TD-Clean-6,refit_on_3,42,B0006,332,73.00864275760908,78.883095
TD-Clean-6,refit_on_3,42,B0006,336,72.50277290138493,78.91812
TD-Clean-6,refit_on_3,42,B0006,340,71.96131839956391,78.30527
TD-Clean-6,refit_on_3,42,B0006,344,71.71500633205595,79.273026
TD-Clean-6,refit_on_3,42,B0006,348,71.44305583769248,78.39259
TD-Clean-6,refit_on_3,42,B0006,352,70.93898960214143,78.134636
TD-Clean-6,refit_on_3,42,B0006,356,70.68194044477139,77.92092
TD-Clean-6,refit_on_3,42,B0006,360,70.4074916889224,79.53102
TD-Clean-6,refit_on_3,42,B0006,364,70.41804785222855,77.65078
TD-Clean-6,refit_on_3,42,B0006,367,71.98210310103482,76.8609
TD-Clean-6,refit_on_3,42,B0006,371,70.95618334594263,78.07171
TD-Clean-6,refit_on_3,42,B0006,375,70.1362730902931,78.85772
TD-Clean-6,refit_on_3,42,B0006,379,69.87433806657212,78.46445
TD-Clean-6,refit_on_3,42,B0006,383,69.63573699649338,78.02284
TD-Clean-6,refit_on_3,42,B0006,387,69.15232147064526,79.312775
TD-Clean-6,refit_on_3,42,B0006,391,69.12109936452545,77.51124
TD-Clean-6,refit_on_3,42,B0006,395,68.86250185726787,77.55953
TD-Clean-6,refit_on_3,42,B0006,399,68.59092282212131,77.59368
TD-Clean-6,refit_on_3,42,B0006,403,68.08750743669,78.476654
TD-Clean-6,refit_on_3,42,B0006,407,68.33159705981836,76.712616
TD-Clean-6,refit_on_3,42,B0006,411,68.09140360412486,77.175804
TD-Clean-6,refit_on_3,42,B0006,415,67.81869443003508,77.44387
TD-Clean-6,refit_on_3,42,B0006,419,67.5730638436144,77.657616
TD-Clean-6,refit_on_3,42,B0006,423,67.31503513349786,78.28079
TD-Clean-6,refit_on_3,42,B0006,427,67.07575548417674,77.625404
TD-Clean-6,refit_on_3,42,B0006,431,68.60691404106846,78.402306
TD-Clean-6,refit_on_3,42,B0006,433,69.64711039275872,76.64824
TD-Clean-6,refit_on_3,42,B0006,437,68.33719964359061,77.494934
TD-Clean-6,refit_on_3,42,B0006,441,67.81907707369999,78.778885
TD-Clean-6,refit_on_3,42,B0006,445,67.27630029953899,77.68951
TD-Clean-6,refit_on_3,42,B0006,449,67.03731096833596,78.85961
TD-Clean-6,refit_on_3,42,B0006,453,66.78534122129697,78.188354
TD-Clean-6,refit_on_3,42,B0006,457,66.26973868287087,78.48247
TD-Clean-6,refit_on_3,42,B0006,461,65.98363462621751,78.87904
TD-Clean-6,refit_on_3,42,B0006,465,65.72069252661954,80.96187
TD-Clean-6,refit_on_3,42,B0006,469,65.50500064349335,79.07845
TD-Clean-6,refit_on_3,42,B0006,473,65.48747074550045,79.30662
TD-Clean-6,refit_on_3,42,B0006,477,65.2110653386093,79.91217
TD-Clean-6,refit_on_3,42,B0006,481,65.47148558720653,79.106674
TD-Clean-6,refit_on_3,42,B0006,483,66.78647932759047,77.63458
TD-Clean-6,refit_on_3,42,B0006,485,65.72477818237311,81.128914
TD-Clean-6,refit_on_3,42,B0006,489,64.93697426302657,80.715256
TD-Clean-6,refit_on_3,42,B0006,493,64.69397950587184,81.830795
TD-Clean-6,refit_on_3,42,B0006,497,64.45556804271465,80.71026
TD-Clean-6,refit_on_3,42,B0006,501,64.44711910522597,80.84131
TD-Clean-6,refit_on_3,42,B0006,505,63.9153253541329,81.62217
TD-Clean-6,refit_on_3,42,B0006,509,63.40709756117343,83.3102
TD-Clean-6,refit_on_3,42,B0006,513,63.40485519747241,82.9674
TD-Clean-6,refit_on_3,42,B0006,517,63.14854807557744,81.9549
TD-Clean-6,refit_on_3,42,B0006,521,63.15304028594434,82.34737
TD-Clean-6,refit_on_3,42,B0006,525,62.63936845251047,85.048225
TD-Clean-6,refit_on_3,42,B0006,529,62.36048327920517,84.63846
TD-Clean-6,refit_on_3,42,B0006,533,62.11872624491582,83.72163
TD-Clean-6,refit_on_3,42,B0006,537,62.11731201074328,82.41238
TD-Clean-6,refit_on_3,42,B0006,541,61.86235410492132,85.137535
TD-Clean-6,refit_on_3,42,B0006,545,62.12742822257309,85.10204
TD-Clean-6,refit_on_3,42,B0006,548,63.93010610326108,79.33819
TD-Clean-6,refit_on_3,42,B0006,552,62.62827859533666,82.368576
TD-Clean-6,refit_on_3,42,B0006,556,61.85683618405182,83.84592
TD-Clean-6,refit_on_3,42,B0006,560,61.07092794836815,85.230675
TD-Clean-6,refit_on_3,42,B0006,564,60.82277612678393,84.2266
TD-Clean-6,refit_on_3,42,B0006,568,60.55640953242813,85.187004
TD-Clean-6,refit_on_3,42,B0006,572,60.02917505279337,85.31067
TD-Clean-6,refit_on_3,42,B0006,576,59.75722270334661,85.12774
TD-Clean-6,refit_on_3,42,B0006,580,59.52315601830062,84.50622
TD-Clean-6,refit_on_3,42,B0006,584,59.01246912863032,86.44189
TD-Clean-6,refit_on_3,42,B0006,588,58.74426171153606,86.367775
TD-Clean-6,refit_on_3,42,B0006,592,58.47122551716232,86.15529
TD-Clean-6,refit_on_3,42,B0006,596,58.2196597592319,86.722244
TD-Clean-6,refit_on_3,42,B0006,600,57.18983519098029,88.980774
TD-Clean-6,refit_on_3,42,B0006,604,57.71437056534329,87.81584
TD-Clean-6,refit_on_3,42,B0006,608,57.43663099473362,86.64089
TD-Clean-6,refit_on_3,42,B0006,612,58.23847489632371,87.42415
TD-Clean-6,refit_on_3,42,B0006,614,58.76884540363096,84.91003
TD-Clean-6,pre_refit,42,B0007,2,100.45351791563915,76.597046
TD-Clean-6,pre_refit,42,B0007,4,99.900254379013,93.79459
TD-Clean-6,pre_refit,42,B0007,6,99.90161660017114,93.815094
TD-Clean-6,pre_refit,42,B0007,8,99.9073657865712,94.01256
TD-Clean-6,pre_refit,42,B0007,10,99.83724531860553,93.86419
TD-Clean-6,pre_refit,42,B0007,12,99.90361817867274,94.15239
TD-Clean-6,pre_refit,42,B0007,14,99.86297576917136,93.71548
TD-Clean-6,pre_refit,42,B0007,16,99.94656396119812,94.67001
TD-Clean-6,pre_refit,42,B0007,18,99.31878532934633,94.56017
TD-Clean-6,pre_refit,42,B0007,20,99.33799331164263,94.415306
TD-Clean-6,pre_refit,42,B0007,22,99.33756087304828,94.332436
TD-Clean-6,pre_refit,42,B0007,25,98.78551523188162,92.78947
TD-Clean-6,pre_refit,42,B0007,27,98.75485184986668,94.95063
TD-Clean-6,pre_refit,42,B0007,29,98.75133536665352,93.63199
TD-Clean-6,pre_refit,42,B0007,31,98.77012942519043,95.16409
TD-Clean-6,pre_refit,42,B0007,33,98.73683812511632,94.814545
TD-Clean-6,pre_refit,42,B0007,35,98.15685575226132,94.81802
TD-Clean-6,pre_refit,42,B0007,37,98.19446503474695,95.26512
TD-Clean-6,pre_refit,42,B0007,39,98.186691403046,94.68342
TD-Clean-6,pre_refit,42,B0007,42,99.90787801510066,93.24175
TD-Clean-6,pre_refit,42,B0007,46,99.94461695603135,94.23236
TD-Clean-6,pre_refit,42,B0007,50,99.92460497901308,94.85402
TD-Clean-6,pre_refit,42,B0007,54,99.38880751306714,94.35044
TD-Clean-6,pre_refit,42,B0007,58,99.34580918956073,93.00502
TD-Clean-6,pre_refit,42,B0007,62,99.37088315432128,94.99018
TD-Clean-6,pre_refit,42,B0007,66,98.78342046080256,94.336716
TD-Clean-6,pre_refit,42,B0007,70,98.8058078187501,94.3076
TD-Clean-6,pre_refit,42,B0007,74,98.75966747373796,93.86353
TD-Clean-6,pre_refit,42,B0007,78,98.1739885027512,93.86544
TD-Clean-6,pre_refit,42,B0007,82,98.23039625446908,93.63408
TD-Clean-6,pre_refit,42,B0007,86,100.05062324611636,89.16035
TD-Clean-6,pre_refit,42,B0007,90,98.95386520139344,97.97426
TD-Clean-6,pre_refit,42,B0007,94,98.38356039411237,98.31633
TD-Clean-6,pre_refit,42,B0007,98,98.11080955264678,96.649
TD-Clean-6,pre_refit,42,B0007,102,97.57312273601715,98.61615
TD-Clean-6,pre_refit,42,B0007,106,97.5908400366413,95.120476
TD-Clean-6,pre_refit,42,B0007,110,97.29922460125108,95.90565
TD-Clean-6,pre_refit,42,B0007,114,96.74012336609094,98.16455
TD-Clean-6,pre_refit,42,B0007,118,96.49359124138364,95.891785
TD-Clean-6,pre_refit,42,B0007,122,96.22137391342224,94.977234
TD-Clean-6,pre_refit,42,B0007,126,96.233276781278,93.75137
TD-Clean-6,pre_refit,42,B0007,130,95.93841918044076,94.1769
TD-Clean-6,pre_refit,42,B0007,134,96.31819241353496,94.760284
TD-Clean-6,pre_refit,42,B0007,136,95.94953719543624,93.75842
TD-Clean-6,pre_refit,42,B0007,140,95.3953227427902,94.27168
TD-Clean-6,pre_refit,42,B0007,144,94.86699939598208,95.905975
TD-Clean-6,pre_refit,42,B0007,148,94.57173479963342,93.42491
TD-Clean-6,pre_refit,42,B0007,150,96.41760769059738,89.713036
TD-Clean-6,pre_refit,42,B0007,154,96.45090493439226,93.342445
TD-Clean-6,pre_refit,42,B0007,158,95.6297003383392,93.45416
TD-Clean-6,pre_refit,42,B0007,162,95.10935396520227,95.74656
TD-Clean-6,pre_refit,42,B0007,166,94.57259385530976,92.60147
TD-Clean-6,pre_refit,42,B0007,170,94.30623404626093,93.95421
TD-Clean-6,pre_refit,42,B0007,174,94.0371367595855,91.57485
TD-Clean-6,pre_refit,42,B0007,178,93.49626919937222,91.21067
TD-Clean-6,pre_refit,42,B0007,182,92.9420388383138,89.12424
TD-Clean-6,pre_refit,42,B0007,186,92.94217065781828,89.176636
TD-Clean-6,pre_refit,42,B0007,190,92.69668329388116,88.53748
TD-Clean-6,pre_refit,42,B0007,194,92.41073633514534,87.89294
TD-Clean-6,pre_refit,42,B0007,198,91.82208130681248,87.048096
TD-Clean-6,pre_refit,42,B0007,202,91.5743327473832,90.914604
TD-Clean-6,pre_refit,42,B0007,206,91.04730118386937,88.587555
TD-Clean-6,pre_refit,42,B0007,210,91.04684020750553,86.35452
TD-Clean-6,pre_refit,42,B0007,214,90.49873919973382,85.27221
TD-Clean-6,pre_refit,42,B0007,216,90.51794914609178,86.066086
TD-Clean-6,pre_refit,42,B0007,220,89.96325858213598,87.48908
TD-Clean-6,pre_refit,42,B0007,224,89.64911074691454,85.41146
TD-Clean-6,pre_refit,42,B0007,228,89.4056438247883,85.62081
TD-Clean-6,pre_refit,42,B0007,232,89.13221056506995,85.262985
TD-Clean-6,pre_refit,42,B0007,236,88.88142970948275,86.87934
TD-Clean-6,pre_refit,42,B0007,240,88.57496163215028,83.30217
TD-Clean-6,pre_refit,42,B0007,244,88.30030467403411,83.19798
TD-Clean-6,pre_refit,42,B0007,248,88.04309784572763,82.81201
TD-Clean-6,pre_refit,42,B0007,252,87.7835715053401,82.23223
TD-Clean-6,pre_refit,42,B0007,256,87.5009058762453,82.09288
TD-Clean-6,pre_refit,42,B0007,260,86.92700430940862,83.06948
TD-Clean-6,pre_refit,42,B0007,264,86.91859800690037,81.71136
TD-Clean-6,pre_refit,42,B0007,266,87.17696241036246,80.53311
TD-Clean-6,pre_refit,42,B0007,270,86.66971006432802,82.07578
TD-Clean-6,pre_refit,42,B0007,274,86.11955257111292,81.55645
TD-Clean-6,pre_refit,42,B0007,278,85.86532022039283,83.33276
TD-Clean-6,pre_refit,42,B0007,282,85.83324550155743,79.54994
TD-Clean-6,pre_refit,42,B0007,286,85.88108948972226,79.18037
TD-Clean-6,pre_refit,42,B0007,290,85.56987844007078,79.80737
TD-Clean-6,pre_refit,42,B0007,294,85.027771191142,81.67085
TD-Clean-6,pre_refit,42,B0007,298,84.77582688520748,78.99948
TD-Clean-6,pre_refit,42,B0007,302,84.79178974791847,78.86663
TD-Clean-6,pre_refit,42,B0007,306,84.76993385106519,77.950584
TD-Clean-6,pre_refit,42,B0007,310,84.49605927424464,76.73185
TD-Clean-6,pre_refit,42,B0007,313,89.71090998622898,78.29254
TD-Clean-6,pre_refit,42,B0007,316,86.37349719367897,78.13751
TD-Clean-6,pre_refit,42,B0007,320,85.82898928627563,78.99824
TD-Clean-6,pre_refit,42,B0007,324,85.2934976107533,78.516304
TD-Clean-6,pre_refit,42,B0007,328,84.72574724857897,78.510345
TD-Clean-6,pre_refit,42,B0007,332,84.48328177752624,78.43362
TD-Clean-6,pre_refit,42,B0007,336,84.21457006738538,77.98612
TD-Clean-6,pre_refit,42,B0007,340,83.9288888229777,77.44906
TD-Clean-6,pre_refit,42,B0007,344,83.67629222648154,78.73427
TD-Clean-6,pre_refit,42,B0007,348,83.38837618926404,76.87059
TD-Clean-6,pre_refit,42,B0007,352,83.41270816038221,76.84143
TD-Clean-6,pre_refit,42,B0007,356,83.14675201444969,75.629196
TD-Clean-6,pre_refit,42,B0007,360,82.8484308280049,77.42196
TD-Clean-6,pre_refit,42,B0007,364,83.13252526962864,75.67633
TD-Clean-6,pre_refit,42,B0007,367,83.66359396289195,76.73466
TD-Clean-6,pre_refit,42,B0007,371,83.14841165448959,75.11358
TD-Clean-6,pre_refit,42,B0007,375,82.85488835556158,78.31094
TD-Clean-6,pre_refit,42,B0007,379,82.33123711829187,75.88228
TD-Clean-6,pre_refit,42,B0007,383,82.01142381939957,74.822655
TD-Clean-6,pre_refit,42,B0007,387,82.07206587982726,76.03326
TD-Clean-6,pre_refit,42,B0007,391,82.0495038543302,73.71037
TD-Clean-6,pre_refit,42,B0007,395,81.5031419618624,73.55702
TD-Clean-6,pre_refit,42,B0007,399,81.20841503507037,73.64661
TD-Clean-6,pre_refit,42,B0007,403,81.21721340553746,75.554016
TD-Clean-6,pre_refit,42,B0007,407,81.22601148878292,71.39537
TD-Clean-6,pre_refit,42,B0007,411,80.95054391771832,71.79346
TD-Clean-6,pre_refit,42,B0007,415,80.67227833994721,72.23607
TD-Clean-6,pre_refit,42,B0007,419,80.40565013650571,72.40052
TD-Clean-6,pre_refit,42,B0007,423,80.40335490244634,72.51791
TD-Clean-6,pre_refit,42,B0007,427,80.42152437300291,72.52928
TD-Clean-6,pre_refit,42,B0007,431,81.48461605871495,73.77244
TD-Clean-6,pre_refit,42,B0007,433,81.75963969607048,74.46835
TD-Clean-6,pre_refit,42,B0007,437,80.93560989493338,72.83599
TD-Clean-6,pre_refit,42,B0007,441,80.40209515327608,73.87072
TD-Clean-6,pre_refit,42,B0007,445,80.09419697809993,73.02303
TD-Clean-6,pre_refit,42,B0007,449,79.85042691616567,73.18279
TD-Clean-6,pre_refit,42,B0007,453,79.56495728605914,72.79089
TD-Clean-6,pre_refit,42,B0007,457,79.30076147796538,72.891846
TD-Clean-6,pre_refit,42,B0007,461,79.2776995197187,72.89264
TD-Clean-6,pre_refit,42,B0007,465,79.01573008127421,74.372665
TD-Clean-6,pre_refit,42,B0007,469,78.7529099419952,72.80795
TD-Clean-6,pre_refit,42,B0007,473,78.76631135529045,72.22135
TD-Clean-6,pre_refit,42,B0007,477,78.45734950325969,71.57654
TD-Clean-6,pre_refit,42,B0007,481,78.71925319505982,71.69399
TD-Clean-6,pre_refit,42,B0007,483,79.58166685963718,70.8801
TD-Clean-6,pre_refit,42,B0007,485,78.72860058663869,71.934555
TD-Clean-6,pre_refit,42,B0007,489,78.46501751785956,71.04679
TD-Clean-6,pre_refit,42,B0007,493,78.19738333514631,71.30228
TD-Clean-6,pre_refit,42,B0007,497,78.20645287101384,72.32316
TD-Clean-6,pre_refit,42,B0007,501,77.92824275772597,70.56012
TD-Clean-6,pre_refit,42,B0007,505,77.6497101362114,72.016975
TD-Clean-6,pre_refit,42,B0007,509,77.38028422735451,73.14301
TD-Clean-6,pre_refit,42,B0007,513,77.09660547904922,71.70366
TD-Clean-6,pre_refit,42,B0007,517,77.11046744203753,71.01957
TD-Clean-6,pre_refit,42,B0007,521,76.85550035450103,71.167496
TD-Clean-6,pre_refit,42,B0007,525,76.85236240084764,73.09242
TD-Clean-6,pre_refit,42,B0007,529,76.56671722215358,71.5931
TD-Clean-6,pre_refit,42,B0007,533,76.29399038621672,72.01803
TD-Clean-6,pre_refit,42,B0007,537,76.32425788720361,69.89074
TD-Clean-6,pre_refit,42,B0007,541,76.29658741049414,72.17513
TD-Clean-6,pre_refit,42,B0007,545,76.59209728582513,71.398155
TD-Clean-6,pre_refit,42,B0007,548,77.93863743061358,70.12753
TD-Clean-6,pre_refit,42,B0007,552,77.12364718084329,70.461914
TD-Clean-6,pre_refit,42,B0007,556,76.8725967441492,72.147545
TD-Clean-6,pre_refit,42,B0007,560,76.58854113704766,73.866684
TD-Clean-6,pre_refit,42,B0007,564,76.04885672654179,72.40184
TD-Clean-6,pre_refit,42,B0007,568,76.05828438472663,70.870895
TD-Clean-6,pre_refit,42,B0007,572,75.76335089505734,72.42613
TD-Clean-6,pre_refit,42,B0007,576,75.75439980355237,71.68587
TD-Clean-6,pre_refit,42,B0007,580,75.49812548326929,69.671906
TD-Clean-6,pre_refit,42,B0007,584,75.23591897923467,72.15517
TD-Clean-6,pre_refit,42,B0007,588,75.24924732301496,70.711876
TD-Clean-6,pre_refit,42,B0007,592,74.94444174506414,70.65333
TD-Clean-6,pre_refit,42,B0007,596,74.95266425125988,70.34685
TD-Clean-6,pre_refit,42,B0007,600,74.69643604452878,71.82304
TD-Clean-6,pre_refit,42,B0007,604,74.7051700493532,70.29197
TD-Clean-6,pre_refit,42,B0007,608,74.39278959915883,70.172226
TD-Clean-6,pre_refit,42,B0007,612,75.52591562947222,70.8042
TD-Clean-6,pre_refit,42,B0007,614,76.09264518290325,70.372795
TD-Clean-6,refit_on_3,42,B0007,2,100.45351791563915,82.20774
TD-Clean-6,refit_on_3,42,B0007,4,99.900254379013,96.94782
TD-Clean-6,refit_on_3,42,B0007,6,99.90161660017114,96.81456
TD-Clean-6,refit_on_3,42,B0007,8,99.9073657865712,96.66157
TD-Clean-6,refit_on_3,42,B0007,10,99.83724531860553,96.458595
TD-Clean-6,refit_on_3,42,B0007,12,99.90361817867274,96.8021
TD-Clean-6,refit_on_3,42,B0007,14,99.86297576917136,96.71268
TD-Clean-6,refit_on_3,42,B0007,16,99.94656396119812,97.17906
TD-Clean-6,refit_on_3,42,B0007,18,99.31878532934633,96.950935
TD-Clean-6,refit_on_3,42,B0007,20,99.33799331164263,96.75632
TD-Clean-6,refit_on_3,42,B0007,22,99.33756087304828,96.60878
TD-Clean-6,refit_on_3,42,B0007,25,98.78551523188162,95.683266
TD-Clean-6,refit_on_3,42,B0007,27,98.75485184986668,97.05358
TD-Clean-6,refit_on_3,42,B0007,29,98.75133536665352,95.73094
TD-Clean-6,refit_on_3,42,B0007,31,98.77012942519043,97.04435
TD-Clean-6,refit_on_3,42,B0007,33,98.73683812511632,96.73276
TD-Clean-6,refit_on_3,42,B0007,35,98.15685575226132,96.72684
TD-Clean-6,refit_on_3,42,B0007,37,98.19446503474695,96.946846
TD-Clean-6,refit_on_3,42,B0007,39,98.186691403046,96.52846
TD-Clean-6,refit_on_3,42,B0007,42,99.90787801510066,97.51702
TD-Clean-6,refit_on_3,42,B0007,46,99.94461695603135,98.24199
TD-Clean-6,refit_on_3,42,B0007,50,99.92460497901308,98.05617
TD-Clean-6,refit_on_3,42,B0007,54,99.38880751306714,97.6991
TD-Clean-6,refit_on_3,42,B0007,58,99.34580918956073,96.57302
TD-Clean-6,refit_on_3,42,B0007,62,99.37088315432128,98.14447
TD-Clean-6,refit_on_3,42,B0007,66,98.78342046080256,97.63338
TD-Clean-6,refit_on_3,42,B0007,70,98.8058078187501,97.378174
TD-Clean-6,refit_on_3,42,B0007,74,98.75966747373796,97.09536
TD-Clean-6,refit_on_3,42,B0007,78,98.1739885027512,97.26796
TD-Clean-6,refit_on_3,42,B0007,82,98.23039625446908,96.810425
TD-Clean-6,refit_on_3,42,B0007,86,100.05062324611636,95.936935
TD-Clean-6,refit_on_3,42,B0007,90,98.95386520139344,100.77374
TD-Clean-6,refit_on_3,42,B0007,94,98.38356039411237,100.280426
TD-Clean-6,refit_on_3,42,B0007,98,98.11080955264678,98.71152
TD-Clean-6,refit_on_3,42,B0007,102,97.57312273601715,100.80325
TD-Clean-6,refit_on_3,42,B0007,106,97.5908400366413,98.61777
TD-Clean-6,refit_on_3,42,B0007,110,97.29922460125108,98.27059
TD-Clean-6,refit_on_3,42,B0007,114,96.74012336609094,100.14923
TD-Clean-6,refit_on_3,42,B0007,118,96.49359124138364,97.89481
TD-Clean-6,refit_on_3,42,B0007,122,96.22137391342224,97.83273
TD-Clean-6,refit_on_3,42,B0007,126,96.233276781278,97.3922
TD-Clean-6,refit_on_3,42,B0007,130,95.93841918044076,97.5644
TD-Clean-6,refit_on_3,42,B0007,134,96.31819241353496,97.297516
TD-Clean-6,refit_on_3,42,B0007,136,95.94953719543624,96.07275
TD-Clean-6,refit_on_3,42,B0007,140,95.3953227427902,95.86131
TD-Clean-6,refit_on_3,42,B0007,144,94.86699939598208,97.71168
TD-Clean-6,refit_on_3,42,B0007,148,94.57173479963342,95.21165
TD-Clean-6,refit_on_3,42,B0007,150,96.41760769059738,97.52303
TD-Clean-6,refit_on_3,42,B0007,154,96.45090493439226,96.18536
TD-Clean-6,refit_on_3,42,B0007,158,95.6297003383392,95.853386
TD-Clean-6,refit_on_3,42,B0007,162,95.10935396520227,98.27357
TD-Clean-6,refit_on_3,42,B0007,166,94.57259385530976,95.267006
TD-Clean-6,refit_on_3,42,B0007,170,94.30623404626093,97.31598
TD-Clean-6,refit_on_3,42,B0007,174,94.0371367595855,95.30574
TD-Clean-6,refit_on_3,42,B0007,178,93.49626919937222,94.20067
TD-Clean-6,refit_on_3,42,B0007,182,92.9420388383138,91.56036
TD-Clean-6,refit_on_3,42,B0007,186,92.94217065781828,91.52844
TD-Clean-6,refit_on_3,42,B0007,190,92.69668329388116,91.64736
TD-Clean-6,refit_on_3,42,B0007,194,92.41073633514534,91.08709
TD-Clean-6,refit_on_3,42,B0007,198,91.82208130681248,89.63236
TD-Clean-6,refit_on_3,42,B0007,202,91.5743327473832,94.11163
TD-Clean-6,refit_on_3,42,B0007,206,91.04730118386937,90.96896
TD-Clean-6,refit_on_3,42,B0007,210,91.04684020750553,89.47921
TD-Clean-6,refit_on_3,42,B0007,214,90.49873919973382,87.04621
TD-Clean-6,refit_on_3,42,B0007,216,90.51794914609178,88.811295
TD-Clean-6,refit_on_3,42,B0007,220,89.96325858213598,90.377396
TD-Clean-6,refit_on_3,42,B0007,224,89.64911074691454,87.77518
TD-Clean-6,refit_on_3,42,B0007,228,89.4056438247883,88.20308
TD-Clean-6,refit_on_3,42,B0007,232,89.13221056506995,87.97034
TD-Clean-6,refit_on_3,42,B0007,236,88.88142970948275,89.89904
TD-Clean-6,refit_on_3,42,B0007,240,88.57496163215028,85.57467
TD-Clean-6,refit_on_3,42,B0007,244,88.30030467403411,85.50057
TD-Clean-6,refit_on_3,42,B0007,248,88.04309784572763,85.1222
TD-Clean-6,refit_on_3,42,B0007,252,87.7835715053401,84.38755
TD-Clean-6,refit_on_3,42,B0007,256,87.5009058762453,84.13788
TD-Clean-6,refit_on_3,42,B0007,260,86.92700430940862,85.372154
TD-Clean-6,refit_on_3,42,B0007,264,86.91859800690037,83.507095
TD-Clean-6,refit_on_3,42,B0007,266,87.17696241036246,83.1059
TD-Clean-6,refit_on_3,42,B0007,270,86.66971006432802,83.38377
TD-Clean-6,refit_on_3,42,B0007,274,86.11955257111292,83.13127
TD-Clean-6,refit_on_3,42,B0007,278,85.86532022039283,85.86362
TD-Clean-6,refit_on_3,42,B0007,282,85.83324550155743,82.25133
TD-Clean-6,refit_on_3,42,B0007,286,85.88108948972226,81.51653
TD-Clean-6,refit_on_3,42,B0007,290,85.56987844007078,82.14916
TD-Clean-6,refit_on_3,42,B0007,294,85.027771191142,83.68623
TD-Clean-6,refit_on_3,42,B0007,298,84.77582688520748,80.44353
TD-Clean-6,refit_on_3,42,B0007,302,84.79178974791847,81.40849
TD-Clean-6,refit_on_3,42,B0007,306,84.76993385106519,80.43216
TD-Clean-6,refit_on_3,42,B0007,310,84.49605927424464,78.84106
TD-Clean-6,refit_on_3,42,B0007,313,89.71090998622898,79.89931
TD-Clean-6,refit_on_3,42,B0007,316,86.37349719367897,81.33625
TD-Clean-6,refit_on_3,42,B0007,320,85.82898928627563,81.39082
TD-Clean-6,refit_on_3,42,B0007,324,85.2934976107533,80.54684
TD-Clean-6,refit_on_3,42,B0007,328,84.72574724857897,80.430016
TD-Clean-6,refit_on_3,42,B0007,332,84.48328177752624,80.36892
TD-Clean-6,refit_on_3,42,B0007,336,84.21457006738538,80.07233
TD-Clean-6,refit_on_3,42,B0007,340,83.9288888229777,79.46757
TD-Clean-6,refit_on_3,42,B0007,344,83.67629222648154,81.058716
TD-Clean-6,refit_on_3,42,B0007,348,83.38837618926404,78.82648
TD-Clean-6,refit_on_3,42,B0007,352,83.41270816038221,78.93932
TD-Clean-6,refit_on_3,42,B0007,356,83.14675201444969,77.51919
TD-Clean-6,refit_on_3,42,B0007,360,82.8484308280049,79.56931
TD-Clean-6,refit_on_3,42,B0007,364,83.13252526962864,77.70662
TD-Clean-6,refit_on_3,42,B0007,367,83.66359396289195,80.50845
TD-Clean-6,refit_on_3,42,B0007,371,83.14841165448959,77.46291
TD-Clean-6,refit_on_3,42,B0007,375,82.85488835556158,81.09065
TD-Clean-6,refit_on_3,42,B0007,379,82.33123711829187,77.86352
TD-Clean-6,refit_on_3,42,B0007,383,82.01142381939957,77.07145
TD-Clean-6,refit_on_3,42,B0007,387,82.07206587982726,79.09474
TD-Clean-6,refit_on_3,42,B0007,391,82.0495038543302,76.23252
TD-Clean-6,refit_on_3,42,B0007,395,81.5031419618624,75.437386
TD-Clean-6,refit_on_3,42,B0007,399,81.20841503507037,75.739174
TD-Clean-6,refit_on_3,42,B0007,403,81.21721340553746,78.52839
TD-Clean-6,refit_on_3,42,B0007,407,81.22601148878292,73.97815
TD-Clean-6,refit_on_3,42,B0007,411,80.95054391771832,73.84287
TD-Clean-6,refit_on_3,42,B0007,415,80.67227833994721,74.09196
TD-Clean-6,refit_on_3,42,B0007,419,80.40565013650571,74.26711
TD-Clean-6,refit_on_3,42,B0007,423,80.40335490244634,75.11868
TD-Clean-6,refit_on_3,42,B0007,427,80.42152437300291,75.61342
TD-Clean-6,refit_on_3,42,B0007,431,81.48461605871495,75.47735
TD-Clean-6,refit_on_3,42,B0007,433,81.75963969607048,77.13454
TD-Clean-6,refit_on_3,42,B0007,437,80.93560989493338,74.161026
TD-Clean-6,refit_on_3,42,B0007,441,80.40209515327608,75.195915
TD-Clean-6,refit_on_3,42,B0007,445,80.09419697809993,74.33577
TD-Clean-6,refit_on_3,42,B0007,449,79.85042691616567,74.65262
TD-Clean-6,refit_on_3,42,B0007,453,79.56495728605914,74.07516
TD-Clean-6,refit_on_3,42,B0007,457,79.30076147796538,74.16632
TD-Clean-6,refit_on_3,42,B0007,461,79.2776995197187,74.06824
TD-Clean-6,refit_on_3,42,B0007,465,79.01573008127421,75.85919
TD-Clean-6,refit_on_3,42,B0007,469,78.7529099419952,74.02873
TD-Clean-6,refit_on_3,42,B0007,473,78.76631135529045,73.41928
TD-Clean-6,refit_on_3,42,B0007,477,78.45734950325969,72.5792
TD-Clean-6,refit_on_3,42,B0007,481,78.71925319505982,73.80372
TD-Clean-6,refit_on_3,42,B0007,483,79.58166685963718,72.581795
TD-Clean-6,refit_on_3,42,B0007,485,78.72860058663869,72.74795
TD-Clean-6,refit_on_3,42,B0007,489,78.46501751785956,71.87883
TD-Clean-6,refit_on_3,42,B0007,493,78.19738333514631,71.94502
TD-Clean-6,refit_on_3,42,B0007,497,78.20645287101384,74.10127
TD-Clean-6,refit_on_3,42,B0007,501,77.92824275772597,72.09929
TD-Clean-6,refit_on_3,42,B0007,505,77.6497101362114,73.14645
TD-Clean-6,refit_on_3,42,B0007,509,77.38028422735451,74.10904
TD-Clean-6,refit_on_3,42,B0007,513,77.09660547904922,72.58077
TD-Clean-6,refit_on_3,42,B0007,517,77.11046744203753,72.59349
TD-Clean-6,refit_on_3,42,B0007,521,76.85550035450103,72.3336
TD-Clean-6,refit_on_3,42,B0007,525,76.85236240084764,74.24163
TD-Clean-6,refit_on_3,42,B0007,529,76.56671722215358,72.25534
TD-Clean-6,refit_on_3,42,B0007,533,76.29399038621672,72.98112
TD-Clean-6,refit_on_3,42,B0007,537,76.32425788720361,71.14233
TD-Clean-6,refit_on_3,42,B0007,541,76.29658741049414,73.48387
TD-Clean-6,refit_on_3,42,B0007,545,76.59209728582513,71.367485
TD-Clean-6,refit_on_3,42,B0007,548,77.93863743061358,71.409874
TD-Clean-6,refit_on_3,42,B0007,552,77.12364718084329,71.22125
TD-Clean-6,refit_on_3,42,B0007,556,76.8725967441492,72.90185
TD-Clean-6,refit_on_3,42,B0007,560,76.58854113704766,75.08943
TD-Clean-6,refit_on_3,42,B0007,564,76.04885672654179,73.3321
TD-Clean-6,refit_on_3,42,B0007,568,76.05828438472663,71.65711
TD-Clean-6,refit_on_3,42,B0007,572,75.76335089505734,73.45607
TD-Clean-6,refit_on_3,42,B0007,576,75.75439980355237,72.48594
TD-Clean-6,refit_on_3,42,B0007,580,75.49812548326929,70.27252
TD-Clean-6,refit_on_3,42,B0007,584,75.23591897923467,73.28702
TD-Clean-6,refit_on_3,42,B0007,588,75.24924732301496,71.654785
TD-Clean-6,refit_on_3,42,B0007,592,74.94444174506414,71.67046
TD-Clean-6,refit_on_3,42,B0007,596,74.95266425125988,71.1902
TD-Clean-6,refit_on_3,42,B0007,600,74.69643604452878,73.00871
TD-Clean-6,refit_on_3,42,B0007,604,74.7051700493532,71.38658
TD-Clean-6,refit_on_3,42,B0007,608,74.39278959915883,71.22611
TD-Clean-6,refit_on_3,42,B0007,612,75.52591562947222,72.693695
TD-Clean-6,refit_on_3,42,B0007,614,76.09264518290325,73.064285
TD-Clean-6,pre_refit,42,B0018,3,100.8025811041783,67.8638
TD-Clean-6,pre_refit,42,B0018,7,100.16087022619236,91.909065
TD-Clean-6,pre_refit,42,B0018,11,99.96558598273582,91.60928
TD-Clean-6,pre_refit,42,B0018,15,99.48041766162956,92.15857
TD-Clean-6,pre_refit,42,B0018,18,99.59054502526398,92.21346
TD-Clean-6,pre_refit,42,B0018,20,99.36387169185286,89.50462
TD-Clean-6,pre_refit,42,B0018,22,98.96567828327716,89.49745
TD-Clean-6,pre_refit,42,B0018,24,98.63793870309058,89.66395
TD-Clean-6,pre_refit,42,B0018,27,98.04714689052696,89.86711
TD-Clean-6,pre_refit,42,B0018,30,99.06887382997856,92.01015
TD-Clean-6,pre_refit,42,B0018,32,98.47248926951052,90.335556
TD-Clean-6,pre_refit,42,B0018,34,98.068534707018,90.543884
TD-Clean-6,pre_refit,42,B0018,36,97.31606084566693,89.90279
TD-Clean-6,pre_refit,42,B0018,39,96.91537145663308,89.772224
TD-Clean-6,pre_refit,42,B0018,42,96.77777434993364,91.74388
TD-Clean-6,pre_refit,42,B0018,44,96.24906078283864,89.60745
TD-Clean-6,pre_refit,42,B0018,46,96.10893521170082,89.110596
TD-Clean-6,pre_refit,42,B0018,48,95.29382636269746,89.02346
TD-Clean-6,pre_refit,42,B0018,51,94.89112029628322,89.09192
TD-Clean-6,pre_refit,42,B0018,54,94.42623362260446,89.82473
TD-Clean-6,pre_refit,42,B0018,56,94.09214261326034,88.75987
TD-Clean-6,pre_refit,42,B0018,58,92.84655809058668,92.06225
TD-Clean-6,pre_refit,42,B0018,60,93.00278636580364,88.31163
TD-Clean-6,pre_refit,42,B0018,63,92.78717154289568,88.05352
TD-Clean-6,pre_refit,42,B0018,66,95.05514633441328,88.88956
TD-Clean-6,pre_refit,42,B0018,68,94.16023397654948,90.19521
TD-Clean-6,pre_refit,42,B0018,70,93.58756901230694,89.33667
TD-Clean-6,pre_refit,42,B0018,72,93.02323711734508,88.90551
TD-Clean-6,pre_refit,42,B0018,75,92.33971230163448,88.44344
TD-Clean-6,pre_refit,42,B0018,78,92.05544475967478,88.35907
TD-Clean-6,pre_refit,42,B0018,80,91.39607597710202,88.23982
TD-Clean-6,pre_refit,42,B0018,82,91.12841202900309,87.75288
TD-Clean-6,pre_refit,42,B0018,84,90.50598444143154,87.483574
TD-Clean-6,pre_refit,42,B0018,87,90.05329919062662,87.012825
TD-Clean-6,pre_refit,42,B0018,90,89.56595375021743,86.71422
TD-Clean-6,pre_refit,42,B0018,92,89.05221474379236,86.63798
TD-Clean-6,pre_refit,42,B0018,94,88.4478648526792,86.62699
TD-Clean-6,pre_refit,42,B0018,96,88.14926233550939,85.644554
TD-Clean-6,pre_refit,42,B0018,99,87.70654438914323,86.21875
TD-Clean-6,pre_refit,42,B0018,102,91.07812245566797,86.02757
TD-Clean-6,pre_refit,42,B0018,104,89.62445100410937,88.39382
TD-Clean-6,pre_refit,42,B0018,106,88.70513095013024,87.75092
TD-Clean-6,pre_refit,42,B0018,108,87.83746900859978,87.05791
TD-Clean-6,pre_refit,42,B0018,111,87.53788044222665,85.79573
TD-Clean-6,pre_refit,42,B0018,114,86.69891328476463,85.06012
TD-Clean-6,pre_refit,42,B0018,117,93.83080462693712,79.16242
TD-Clean-6,pre_refit,42,B0018,119,93.27978546012802,91.83701
TD-Clean-6,pre_refit,42,B0018,121,92.1525471966999,91.136
TD-Clean-6,pre_refit,42,B0018,123,91.17195305362098,90.60357
TD-Clean-6,pre_refit,42,B0018,125,90.2416573040256,89.77172
TD-Clean-6,pre_refit,42,B0018,128,90.55423897233052,90.32509
TD-Clean-6,pre_refit,42,B0018,130,89.49039068452917,88.802
TD-Clean-6,pre_refit,42,B0018,132,88.3454487099843,92.25109
TD-Clean-6,pre_refit,42,B0018,134,87.60607299731777,91.918076
TD-Clean-6,pre_refit,42,B0018,136,87.25714700042141,87.682556
TD-Clean-6,pre_refit,42,B0018,141,90.9473619616094,92.934814
TD-Clean-6,pre_refit,42,B0018,143,89.1426764135498,89.99784
TD-Clean-6,pre_refit,42,B0018,145,87.66626044455795,88.89655
TD-Clean-6,pre_refit,42,B0018,147,86.51592379470374,87.86277
TD-Clean-6,pre_refit,42,B0018,150,86.21730704320841,87.09779
TD-Clean-6,pre_refit,42,B0018,153,85.8627581657356,85.23157
TD-Clean-6,pre_refit,42,B0018,155,84.99855590440428,86.34619
TD-Clean-6,pre_refit,42,B0018,157,84.53366840480606,85.55603
TD-Clean-6,pre_refit,42,B0018,159,83.69607194854545,85.41073
TD-Clean-6,pre_refit,42,B0018,162,83.25899594193369,84.83819
TD-Clean-6,pre_refit,42,B0018,165,83.22975722050174,82.38638
TD-Clean-6,pre_refit,42,B0018,167,82.72092847997168,84.7259
TD-Clean-6,pre_refit,42,B0018,169,81.86598978006339,83.54358
TD-Clean-6,pre_refit,42,B0018,171,81.58859278240016,84.60123
TD-Clean-6,pre_refit,42,B0018,174,81.31316363799587,83.685074
TD-Clean-6,pre_refit,42,B0018,177,83.32773163808899,81.81277
TD-Clean-6,pre_refit,42,B0018,179,82.80709531820148,84.607056
TD-Clean-6,pre_refit,42,B0018,181,81.57610219236552,84.148994
TD-Clean-6,pre_refit,42,B0018,183,81.09929204028072,83.50513
TD-Clean-6,pre_refit,42,B0018,185,80.60512587063184,83.317795
TD-Clean-6,pre_refit,42,B0018,188,80.4645909654616,80.997955
TD-Clean-6,pre_refit,42,B0018,190,80.07171192098461,82.68878
TD-Clean-6,pre_refit,42,B0018,192,79.77346222448996,82.24328
TD-Clean-6,pre_refit,42,B0018,194,79.23402412051846,82.17227
TD-Clean-6,pre_refit,42,B0018,197,78.6783203089025,81.91342
TD-Clean-6,pre_refit,42,B0018,200,78.94539372549075,79.21109
TD-Clean-6,pre_refit,42,B0018,202,78.38865828037459,81.51817
TD-Clean-6,pre_refit,42,B0018,204,78.21127069246836,81.12716
TD-Clean-6,pre_refit,42,B0018,206,77.6339684068403,81.17987
TD-Clean-6,pre_refit,42,B0018,209,77.43046760934243,81.20836
TD-Clean-6,pre_refit,42,B0018,212,79.8708545166814,80.7273
TD-Clean-6,pre_refit,42,B0018,214,78.93458463676515,82.94814
TD-Clean-6,pre_refit,42,B0018,216,78.40488242765085,82.93502
TD-Clean-6,pre_refit,42,B0018,218,77.61921434771055,81.90911
TD-Clean-6,pre_refit,42,B0018,220,76.9170609064971,81.27195
TD-Clean-6,pre_refit,42,B0018,223,79.04297866359087,77.49718
TD-Clean-6,pre_refit,42,B0018,225,77.61605692618127,82.11405
TD-Clean-6,pre_refit,42,B0018,227,77.14789574863566,81.76951
TD-Clean-6,pre_refit,42,B0018,229,76.92281444261894,81.274025
TD-Clean-6,pre_refit,42,B0018,232,76.3858924270674,81.590996
TD-Clean-6,pre_refit,42,B0018,235,76.53620320177981,79.37311
TD-Clean-6,pre_refit,42,B0018,237,75.9063201738239,80.97804
TD-Clean-6,pre_refit,42,B0018,239,75.72766142150313,80.95103
TD-Clean-6,pre_refit,42,B0018,241,75.49928800503805,81.087425
TD-Clean-6,pre_refit,42,B0018,244,74.9124451895705,79.94742
TD-Clean-6,pre_refit,42,B0018,247,75.25674730493446,78.43982
TD-Clean-6,pre_refit,42,B0018,249,74.46467849076038,80.11921
TD-Clean-6,pre_refit,42,B0018,251,74.62885626516028,80.4604
TD-Clean-6,pre_refit,42,B0018,253,74.33553994642665,80.69585
TD-Clean-6,pre_refit,42,B0018,256,73.72504079935909,80.68432
TD-Clean-6,pre_refit,42,B0018,259,79.36110924975578,78.214676
TD-Clean-6,pre_refit,42,B0018,261,78.799706688891,83.75567
TD-Clean-6,pre_refit,42,B0018,263,78.14983302548104,84.71785
TD-Clean-6,pre_refit,42,B0018,265,77.61878718971624,84.06244
TD-Clean-6,pre_refit,42,B0018,267,76.88079746021991,83.7171
TD-Clean-6,pre_refit,42,B0018,270,76.8319836786595,80.98166
TD-Clean-6,pre_refit,42,B0018,272,76.01926160635412,82.92323
TD-Clean-6,pre_refit,42,B0018,274,75.82358510102308,83.41122
TD-Clean-6,pre_refit,42,B0018,276,75.53633219814198,83.45497
TD-Clean-6,pre_refit,42,B0018,279,75.31793705780649,82.2473
TD-Clean-6,pre_refit,42,B0018,282,75.43684114368729,77.79006
TD-Clean-6,pre_refit,42,B0018,284,74.7829788363973,79.85252
TD-Clean-6,pre_refit,42,B0018,286,74.15991898288928,79.85778
TD-Clean-6,pre_refit,42,B0018,288,73.84846878839457,80.47302
TD-Clean-6,pre_refit,42,B0018,291,73.15537271331122,81.811646
TD-Clean-6,pre_refit,42,B0018,294,77.53589472577204,76.79672
TD-Clean-6,pre_refit,42,B0018,296,76.42763235972666,83.67196
TD-Clean-6,pre_refit,42,B0018,298,75.72351586777258,83.57166
TD-Clean-6,pre_refit,42,B0018,300,75.4386936803776,83.888374
TD-Clean-6,pre_refit,42,B0018,302,74.45721490205536,83.35362
TD-Clean-6,pre_refit,42,B0018,305,74.97385174402893,79.26707
TD-Clean-6,pre_refit,42,B0018,307,74.3741167471391,82.86183
TD-Clean-6,pre_refit,42,B0018,309,74.05233968989694,82.59568
TD-Clean-6,pre_refit,42,B0018,311,74.08863589293038,81.90355
TD-Clean-6,pre_refit,42,B0018,314,73.46151441244959,82.60608
TD-Clean-6,pre_refit,42,B0018,317,73.62086195282473,79.430115
TD-Clean-6,pre_refit,42,B0018,319,72.87391760769836,82.5627
TD-Clean-6,refit_on_3,42,B0018,3,100.8025811041783,67.87382
TD-Clean-6,refit_on_3,42,B0018,7,100.16087022619236,93.93822
TD-Clean-6,refit_on_3,42,B0018,11,99.96558598273582,92.84422
TD-Clean-6,refit_on_3,42,B0018,15,99.48041766162956,93.31787
TD-Clean-6,refit_on_3,42,B0018,18,99.59054502526398,94.688126
TD-Clean-6,refit_on_3,42,B0018,20,99.36387169185286,89.304474
TD-Clean-6,refit_on_3,42,B0018,22,98.96567828327716,89.280716
TD-Clean-6,refit_on_3,42,B0018,24,98.63793870309058,89.47696
TD-Clean-6,refit_on_3,42,B0018,27,98.04714689052696,89.79365
TD-Clean-6,refit_on_3,42,B0018,30,99.06887382997856,94.35027
TD-Clean-6,refit_on_3,42,B0018,32,98.47248926951052,90.33707
TD-Clean-6,refit_on_3,42,B0018,34,98.068534707018,89.8817
TD-Clean-6,refit_on_3,42,B0018,36,97.31606084566693,89.58758
TD-Clean-6,refit_on_3,42,B0018,39,96.91537145663308,89.600296
TD-Clean-6,refit_on_3,42,B0018,42,96.77777434993364,93.612595
TD-Clean-6,refit_on_3,42,B0018,44,96.24906078283864,89.8088
TD-Clean-6,refit_on_3,42,B0018,46,96.10893521170082,88.65948
TD-Clean-6,refit_on_3,42,B0018,48,95.29382636269746,88.6578
TD-Clean-6,refit_on_3,42,B0018,51,94.89112029628322,88.58661
TD-Clean-6,refit_on_3,42,B0018,54,94.42623362260446,90.74375
TD-Clean-6,refit_on_3,42,B0018,56,94.09214261326034,88.926094
TD-Clean-6,refit_on_3,42,B0018,58,92.84655809058668,91.62075
TD-Clean-6,refit_on_3,42,B0018,60,93.00278636580364,88.58477
TD-Clean-6,refit_on_3,42,B0018,63,92.78717154289568,88.337
TD-Clean-6,refit_on_3,42,B0018,66,95.05514633441328,91.24208
TD-Clean-6,refit_on_3,42,B0018,68,94.16023397654948,90.30465
TD-Clean-6,refit_on_3,42,B0018,70,93.58756901230694,89.36677
TD-Clean-6,refit_on_3,42,B0018,72,93.02323711734508,88.55404
TD-Clean-6,refit_on_3,42,B0018,75,92.33971230163448,87.772255
TD-Clean-6,refit_on_3,42,B0018,78,92.05544475967478,89.68986
TD-Clean-6,refit_on_3,42,B0018,80,91.39607597710202,88.3707
TD-Clean-6,refit_on_3,42,B0018,82,91.12841202900309,87.85744
TD-Clean-6,refit_on_3,42,B0018,84,90.50598444143154,87.32535
TD-Clean-6,refit_on_3,42,B0018,87,90.05329919062662,86.58855
TD-Clean-6,refit_on_3,42,B0018,90,89.56595375021743,87.9984
TD-Clean-6,refit_on_3,42,B0018,92,89.05221474379236,86.148445
TD-Clean-6,refit_on_3,42,B0018,94,88.4478648526792,87.21075
TD-Clean-6,refit_on_3,42,B0018,96,88.14926233550939,86.00387
TD-Clean-6,refit_on_3,42,B0018,99,87.70654438914323,85.773445
TD-Clean-6,refit_on_3,42,B0018,102,91.07812245566797,87.72023
TD-Clean-6,refit_on_3,42,B0018,104,89.62445100410937,88.03284
TD-Clean-6,refit_on_3,42,B0018,106,88.70513095013024,86.950356
TD-Clean-6,refit_on_3,42,B0018,108,87.83746900859978,86.56584
TD-Clean-6,refit_on_3,42,B0018,111,87.53788044222665,86.11119
TD-Clean-6,refit_on_3,42,B0018,114,86.69891328476463,86.472534
TD-Clean-6,refit_on_3,42,B0018,117,93.83080462693712,80.869545
TD-Clean-6,refit_on_3,42,B0018,119,93.27978546012802,90.44706
TD-Clean-6,refit_on_3,42,B0018,121,92.1525471966999,89.94359
TD-Clean-6,refit_on_3,42,B0018,123,91.17195305362098,89.48517
TD-Clean-6,refit_on_3,42,B0018,125,90.2416573040256,89.036545
TD-Clean-6,refit_on_3,42,B0018,128,90.55423897233052,91.293205
TD-Clean-6,refit_on_3,42,B0018,130,89.49039068452917,87.50571
TD-Clean-6,refit_on_3,42,B0018,132,88.3454487099843,90.81642
TD-Clean-6,refit_on_3,42,B0018,134,87.60607299731777,90.27201
TD-Clean-6,refit_on_3,42,B0018,136,87.25714700042141,86.92705
TD-Clean-6,refit_on_3,42,B0018,141,90.9473619616094,96.60317
TD-Clean-6,refit_on_3,42,B0018,143,89.1426764135498,88.834335
TD-Clean-6,refit_on_3,42,B0018,145,87.66626044455795,87.52613
TD-Clean-6,refit_on_3,42,B0018,147,86.51592379470374,86.45246
TD-Clean-6,refit_on_3,42,B0018,150,86.21730704320841,85.92674
TD-Clean-6,refit_on_3,42,B0018,153,85.8627581657356,86.16157
TD-Clean-6,refit_on_3,42,B0018,155,84.99855590440428,85.211075
TD-Clean-6,refit_on_3,42,B0018,157,84.53366840480606,84.7136
TD-Clean-6,refit_on_3,42,B0018,159,83.69607194854545,84.40983
TD-Clean-6,refit_on_3,42,B0018,162,83.25899594193369,83.86685
TD-Clean-6,refit_on_3,42,B0018,165,83.22975722050174,82.46362
TD-Clean-6,refit_on_3,42,B0018,167,82.72092847997168,84.01682
TD-Clean-6,refit_on_3,42,B0018,169,81.86598978006339,82.63609
TD-Clean-6,refit_on_3,42,B0018,171,81.58859278240016,83.37734
TD-Clean-6,refit_on_3,42,B0018,174,81.31316363799587,82.402824
TD-Clean-6,refit_on_3,42,B0018,177,83.32773163808899,82.433044
TD-Clean-6,refit_on_3,42,B0018,179,82.80709531820148,83.649376
TD-Clean-6,refit_on_3,42,B0018,181,81.57610219236552,83.01186
TD-Clean-6,refit_on_3,42,B0018,183,81.09929204028072,82.60396
TD-Clean-6,refit_on_3,42,B0018,185,80.60512587063184,82.23577
TD-Clean-6,refit_on_3,42,B0018,188,80.4645909654616,80.70945
TD-Clean-6,refit_on_3,42,B0018,190,80.07171192098461,81.95195
TD-Clean-6,refit_on_3,42,B0018,192,79.77346222448996,81.1256
TD-Clean-6,refit_on_3,42,B0018,194,79.23402412051846,80.96561
TD-Clean-6,refit_on_3,42,B0018,197,78.6783203089025,80.63383
TD-Clean-6,refit_on_3,42,B0018,200,78.94539372549075,78.62054
TD-Clean-6,refit_on_3,42,B0018,202,78.38865828037459,80.631355
TD-Clean-6,refit_on_3,42,B0018,204,78.21127069246836,80.47744
TD-Clean-6,refit_on_3,42,B0018,206,77.6339684068403,80.31246
TD-Clean-6,refit_on_3,42,B0018,209,77.43046760934243,80.54955
TD-Clean-6,refit_on_3,42,B0018,212,79.8708545166814,80.30219
TD-Clean-6,refit_on_3,42,B0018,214,78.93458463676515,81.27558
TD-Clean-6,refit_on_3,42,B0018,216,78.40488242765085,81.42163
TD-Clean-6,refit_on_3,42,B0018,218,77.61921434771055,80.15871
TD-Clean-6,refit_on_3,42,B0018,220,76.9170609064971,80.28494
TD-Clean-6,refit_on_3,42,B0018,223,79.04297866359087,77.21336
TD-Clean-6,refit_on_3,42,B0018,225,77.61605692618127,80.783005
TD-Clean-6,refit_on_3,42,B0018,227,77.14789574863566,80.46023
TD-Clean-6,refit_on_3,42,B0018,229,76.92281444261894,79.90945
TD-Clean-6,refit_on_3,42,B0018,232,76.3858924270674,79.97609
TD-Clean-6,refit_on_3,42,B0018,235,76.53620320177981,78.4491
TD-Clean-6,refit_on_3,42,B0018,237,75.9063201738239,79.57604
TD-Clean-6,refit_on_3,42,B0018,239,75.72766142150313,80.034386
TD-Clean-6,refit_on_3,42,B0018,241,75.49928800503805,80.21786
TD-Clean-6,refit_on_3,42,B0018,244,74.9124451895705,78.75003
TD-Clean-6,refit_on_3,42,B0018,247,75.25674730493446,78.33426
TD-Clean-6,refit_on_3,42,B0018,249,74.46467849076038,78.89126
TD-Clean-6,refit_on_3,42,B0018,251,74.62885626516028,79.54826
TD-Clean-6,refit_on_3,42,B0018,253,74.33553994642665,79.894066
TD-Clean-6,refit_on_3,42,B0018,256,73.72504079935909,79.509705
TD-Clean-6,refit_on_3,42,B0018,259,79.36110924975578,77.41478
TD-Clean-6,refit_on_3,42,B0018,261,78.799706688891,82.06061
TD-Clean-6,refit_on_3,42,B0018,263,78.14983302548104,82.96567
TD-Clean-6,refit_on_3,42,B0018,265,77.61878718971624,82.22835
TD-Clean-6,refit_on_3,42,B0018,267,76.88079746021991,81.94089
TD-Clean-6,refit_on_3,42,B0018,270,76.8319836786595,79.8351
TD-Clean-6,refit_on_3,42,B0018,272,76.01926160635412,81.61838
TD-Clean-6,refit_on_3,42,B0018,274,75.82358510102308,81.75942
TD-Clean-6,refit_on_3,42,B0018,276,75.53633219814198,81.94072
TD-Clean-6,refit_on_3,42,B0018,279,75.31793705780649,80.88168
TD-Clean-6,refit_on_3,42,B0018,282,75.43684114368729,76.39514
TD-Clean-6,refit_on_3,42,B0018,284,74.7829788363973,78.23323
TD-Clean-6,refit_on_3,42,B0018,286,74.15991898288928,77.90496
TD-Clean-6,refit_on_3,42,B0018,288,73.84846878839457,78.47695
TD-Clean-6,refit_on_3,42,B0018,291,73.15537271331122,79.72273
TD-Clean-6,refit_on_3,42,B0018,294,77.53589472577204,75.77911
TD-Clean-6,refit_on_3,42,B0018,296,76.42763235972666,81.92444
TD-Clean-6,refit_on_3,42,B0018,298,75.72351586777258,81.27507
TD-Clean-6,refit_on_3,42,B0018,300,75.4386936803776,81.9817
TD-Clean-6,refit_on_3,42,B0018,302,74.45721490205536,81.28092
TD-Clean-6,refit_on_3,42,B0018,305,74.97385174402893,78.39815
TD-Clean-6,refit_on_3,42,B0018,307,74.3741167471391,80.70814
TD-Clean-6,refit_on_3,42,B0018,309,74.05233968989694,81.00882
TD-Clean-6,refit_on_3,42,B0018,311,74.08863589293038,80.94035
TD-Clean-6,refit_on_3,42,B0018,314,73.46151441244959,81.013016
TD-Clean-6,refit_on_3,42,B0018,317,73.62086195282473,77.88361
TD-Clean-6,refit_on_3,42,B0018,319,72.87391760769836,80.47699
TD-Clean-6,pre_refit,7,B0005,2,100.80760884947765,97.151924
TD-Clean-6,pre_refit,7,B0005,4,100.25590968770103,100.66436
TD-Clean-6,pre_refit,7,B0005,6,99.65979925247206,100.83863
TD-Clean-6,pre_refit,7,B0005,8,99.65509323788856,100.327965
TD-Clean-6,pre_refit,7,B0005,10,99.6215889724607,99.97309
TD-Clean-6,pre_refit,7,B0005,12,99.67676620535396,100.01183
TD-Clean-6,pre_refit,7,B0005,14,99.64877352944652,99.92966
TD-Clean-6,pre_refit,7,B0005,16,99.13892996732449,100.18547
TD-Clean-6,pre_refit,7,B0005,18,99.08555627584838,99.75937
TD-Clean-6,pre_refit,7,B0005,20,99.0768365083485,99.47784
TD-Clean-6,pre_refit,7,B0005,22,99.07717774099622,99.027985
TD-Clean-6,pre_refit,7,B0005,25,98.5114992237362,99.362144
TD-Clean-6,pre_refit,7,B0005,27,98.4870761948254,99.33388
TD-Clean-6,pre_refit,7,B0005,29,98.47015265835132,98.965034
TD-Clean-6,pre_refit,7,B0005,31,97.88140357167902,99.398766
TD-Clean-6,pre_refit,7,B0005,33,97.85473656745688,98.98984
TD-Clean-6,pre_refit,7,B0005,35,97.88039886599036,98.7542
TD-Clean-6,pre_refit,7,B0005,37,97.9069415267384,98.53188
TD-Clean-6,pre_refit,7,B0005,39,97.89115702988882,98.42346
TD-Clean-6,pre_refit,7,B0005,42,100.29385168145046,99.72846
TD-Clean-6,pre_refit,7,B0005,46,100.31510023136114,99.78908
TD-Clean-6,pre_refit,7,B0005,50,99.70477213786135,99.730194
TD-Clean-6,pre_refit,7,B0005,54,99.1402308374376,99.507385
TD-Clean-6,pre_refit,7,B0005,58,99.10400696359169,99.19271
TD-Clean-6,pre_refit,7,B0005,62,99.12941188644592,98.4317
TD-Clean-6,pre_refit,7,B0005,66,98.50222430381568,98.94618
TD-Clean-6,pre_refit,7,B0005,70,98.5423014565286,98.29391
TD-Clean-6,pre_refit,7,B0005,74,98.49887187571204,98.02521
TD-Clean-6,pre_refit,7,B0005,78,97.89050762402466,98.67643
TD-Clean-6,pre_refit,7,B0005,82,97.96171552529285,98.204056
TD-Clean-6,pre_refit,7,B0005,86,100.55321959197046,95.762344
TD-Clean-6,pre_refit,7,B0005,90,99.4075559707276,99.68733
TD-Clean-6,pre_refit,7,B0005,94,98.82112827769676,99.37508
TD-Clean-6,pre_refit,7,B0005,98,98.2457556393358,98.907265
TD-Clean-6,pre_refit,7,B0005,102,97.99065016377766,98.51409
TD-Clean-6,pre_refit,7,B0005,106,97.7065060215613,99.246185
TD-Clean-6,pre_refit,7,B0005,110,97.11279694879056,99.03909
TD-Clean-6,pre_refit,7,B0005,114,96.81304988059888,98.58625
TD-Clean-6,pre_refit,7,B0005,118,96.27605729788222,98.48818
TD-Clean-6,pre_refit,7,B0005,122,96.2762766313732,98.35469
TD-Clean-6,pre_refit,7,B0005,126,95.99578118843372,99.213425
TD-Clean-6,pre_refit,7,B0005,130,95.69403287907456,99.34057
TD-Clean-6,pre_refit,7,B0005,134,95.98194451474556,98.653
TD-Clean-6,pre_refit,7,B0005,136,95.71321655496544,98.63787
TD-Clean-6,pre_refit,7,B0005,140,95.11928805425076,98.1597
TD-Clean-6,pre_refit,7,B0005,144,94.58275432725988,98.05624
TD-Clean-6,pre_refit,7,B0005,148,94.27008009570102,97.89244
TD-Clean-6,pre_refit,7,B0005,150,97.39411432859931,101.64949
TD-Clean-6,pre_refit,7,B0005,154,96.82749231246368,100.97855
TD-Clean-6,pre_refit,7,B0005,158,95.96820195991576,99.849144
TD-Clean-6,pre_refit,7,B0005,162,95.40638930769452,99.08661
TD-Clean-6,pre_refit,7,B0005,166,94.8553962680492,98.76997
TD-Clean-6,pre_refit,7,B0005,170,94.5755674779542,98.5583
TD-Clean-6,pre_refit,7,B0005,174,94.28806184403476,98.998474
TD-Clean-6,pre_refit,7,B0005,178,93.73958753620327,98.65164
TD-Clean-6,pre_refit,7,B0005,182,93.16861105469168,98.60686
TD-Clean-6,pre_refit,7,B0005,186,92.88227598613614,98.33407
TD-Clean-6,pre_refit,7,B0005,190,92.636901518198,98.60626
TD-Clean-6,pre_refit,7,B0005,194,92.32720191735562,98.96709
TD-Clean-6,pre_refit,7,B0005,198,92.01599848919145,98.445885
TD-Clean-6,pre_refit,7,B0005,202,91.49053823956656,98.54695
TD-Clean-6,pre_refit,7,B0005,206,90.92425521866993,98.589516
TD-Clean-6,pre_refit,7,B0005,210,90.92941856192826,98.42063
TD-Clean-6,pre_refit,7,B0005,214,90.34010561326173,97.907425
TD-Clean-6,pre_refit,7,B0005,216,90.0847586044663,98.92186
TD-Clean-6,pre_refit,7,B0005,220,89.80457989439137,98.195496
TD-Clean-6,pre_refit,7,B0005,224,89.19640288815545,98.559906
TD-Clean-6,pre_refit,7,B0005,228,88.93598251136243,98.08813
TD-Clean-6,pre_refit,7,B0005,232,88.65781340235759,98.46585
TD-Clean-6,pre_refit,7,B0005,236,88.38728178562198,98.14426
TD-Clean-6,pre_refit,7,B0005,240,88.08171260170519,97.155495
TD-Clean-6,pre_refit,7,B0005,244,87.49528010741024,98.62018
TD-Clean-6,pre_refit,7,B0005,248,87.2366743602368,98.03225
TD-Clean-6,pre_refit,7,B0005,252,86.96251727221627,97.25771
TD-Clean-6,pre_refit,7,B0005,256,86.35734215456989,98.2595
TD-Clean-6,pre_refit,7,B0005,260,86.10863457357058,98.08521
TD-Clean-6,pre_refit,7,B0005,264,86.06270063126725,97.07669
TD-Clean-6,pre_refit,7,B0005,266,86.63737677555004,97.706985
TD-Clean-6,pre_refit,7,B0005,270,85.50813849993258,97.21508
TD-Clean-6,pre_refit,7,B0005,274,84.97446653296429,97.287605
TD-Clean-6,pre_refit,7,B0005,278,84.69557819389517,97.9787
TD-Clean-6,pre_refit,7,B0005,282,84.68013627936132,98.01483
TD-Clean-6,pre_refit,7,B0005,286,84.41991821853574,97.83477
TD-Clean-6,pre_refit,7,B0005,290,84.10414931140878,97.57986
TD-Clean-6,pre_refit,7,B0005,294,83.52653061113354,97.67349
TD-Clean-6,pre_refit,7,B0005,298,82.96602561057489,97.68005
TD-Clean-6,pre_refit,7,B0005,302,82.99920327964658,97.814644
TD-Clean-6,pre_refit,7,B0005,306,82.68003018050378,98.950134
TD-Clean-6,pre_refit,7,B0005,310,82.39976893302816,98.93857
TD-Clean-6,pre_refit,7,B0005,313,87.19626195760692,97.16832
TD-Clean-6,pre_refit,7,B0005,316,84.91729656129593,97.337845
TD-Clean-6,pre_refit,7,B0005,320,84.06165489885902,97.574745
TD-Clean-6,pre_refit,7,B0005,324,83.2082752902044,98.93971
TD-Clean-6,pre_refit,7,B0005,328,82.91381970838151,97.35385
TD-Clean-6,pre_refit,7,B0005,332,82.37106085271179,98.322014
TD-Clean-6,pre_refit,7,B0005,336,82.09631790141844,98.02215
TD-Clean-6,pre_refit,7,B0005,340,81.80669701206385,98.31625
TD-Clean-6,pre_refit,7,B0005,344,81.53418918115372,98.10441
TD-Clean-6,pre_refit,7,B0005,348,80.95312575426658,99.01903
TD-Clean-6,pre_refit,7,B0005,352,80.6829269258604,99.168434
TD-Clean-6,pre_refit,7,B0005,356,80.38673535372676,99.08169
TD-Clean-6,pre_refit,7,B0005,360,80.10415225005684,99.026276
TD-Clean-6,pre_refit,7,B0005,364,80.68483906716317,98.1078
TD-Clean-6,pre_refit,7,B0005,367,81.23806188586506,99.23639
TD-Clean-6,pre_refit,7,B0005,371,80.40774500270479,98.4602
TD-Clean-6,pre_refit,7,B0005,375,79.80793062432481,99.32567
TD-Clean-6,pre_refit,7,B0005,379,78.94710440938543,98.64968
TD-Clean-6,pre_refit,7,B0005,383,78.96040682717852,99.378914
TD-Clean-6,pre_refit,7,B0005,387,79.00805769223405,99.2488
TD-Clean-6,pre_refit,7,B0005,391,78.68325635434054,99.579056
TD-Clean-6,pre_refit,7,B0005,395,78.12009683923326,99.678665
TD-Clean-6,pre_refit,7,B0005,399,77.83635095586517,99.431015
TD-Clean-6,pre_refit,7,B0005,403,77.83366081216815,99.4838
TD-Clean-6,pre_refit,7,B0005,407,77.54418562704669,100.07964
TD-Clean-6,pre_refit,7,B0005,411,77.26483532824366,99.89607
TD-Clean-6,pre_refit,7,B0005,415,76.96665751739931,99.57581
TD-Clean-6,pre_refit,7,B0005,419,76.69408123915822,99.33576
TD-Clean-6,pre_refit,7,B0005,423,76.7032886034996,99.439255
TD-Clean-6,pre_refit,7,B0005,427,76.43285089151239,100.242256
TD-Clean-6,pre_refit,7,B0005,431,77.83345221466253,99.13624
TD-Clean-6,pre_refit,7,B0005,433,78.09751233548145,99.467804
TD-Clean-6,pre_refit,7,B0005,437,76.96262218385922,99.83924
TD-Clean-6,pre_refit,7,B0005,441,76.3993634537507,99.628
TD-Clean-6,pre_refit,7,B0005,445,76.08562321685423,99.40994
TD-Clean-6,pre_refit,7,B0005,449,75.84111192639295,99.49974
TD-Clean-6,pre_refit,7,B0005,453,75.5470202599512,99.27652
TD-Clean-6,pre_refit,7,B0005,457,75.2724773855306,99.348274
TD-Clean-6,pre_refit,7,B0005,461,74.95796574493023,99.430595
TD-Clean-6,pre_refit,7,B0005,465,74.67559060559861,99.43191
TD-Clean-6,pre_refit,7,B0005,469,74.4190975749656,99.30925
TD-Clean-6,pre_refit,7,B0005,473,74.41886702385212,99.219215
TD-Clean-6,pre_refit,7,B0005,477,74.10538957595438,99.388176
TD-Clean-6,pre_refit,7,B0005,481,74.68403981580354,99.91083
TD-Clean-6,pre_refit,7,B0005,483,75.26611054535188,99.868484
TD-Clean-6,pre_refit,7,B0005,485,74.38310747232698,100.215096
TD-Clean-6,pre_refit,7,B0005,489,74.10795710900801,99.69653
TD-Clean-6,pre_refit,7,B0005,493,73.53993654981534,99.88153
TD-Clean-6,pre_refit,7,B0005,497,73.55729388669064,100.12537
TD-Clean-6,pre_refit,7,B0005,501,73.56067241598603,100.146225
TD-Clean-6,pre_refit,7,B0005,505,73.26805286034079,99.91942
TD-Clean-6,pre_refit,7,B0005,509,72.98972077509227,99.53953
TD-Clean-6,pre_refit,7,B0005,513,72.70747847813722,99.63871
TD-Clean-6,pre_refit,7,B0005,517,72.70330518052887,99.93758
TD-Clean-6,pre_refit,7,B0005,521,72.43680818215978,100.11937
TD-Clean-6,pre_refit,7,B0005,525,72.14563728793834,99.95562
TD-Clean-6,pre_refit,7,B0005,529,71.84842350914826,99.78247
TD-Clean-6,pre_refit,7,B0005,533,71.57682808520298,100.02132
TD-Clean-6,pre_refit,7,B0005,537,71.59297070565168,100.38727
TD-Clean-6,pre_refit,7,B0005,541,71.58355486033668,99.95325
TD-Clean-6,pre_refit,7,B0005,545,71.88651633814797,99.686005
TD-Clean-6,pre_refit,7,B0005,548,73.85485752850198,98.90496
TD-Clean-6,pre_refit,7,B0005,552,72.73676298693475,99.7997
TD-Clean-6,pre_refit,7,B0005,556,72.16650080848474,99.9198
TD-Clean-6,pre_refit,7,B0005,560,71.87574889700983,100.0131
TD-Clean-6,pre_refit,7,B0005,564,71.60206343923741,99.89491
TD-Clean-6,pre_refit,7,B0005,568,71.32194157026348,100.15414
TD-Clean-6,pre_refit,7,B0005,572,71.30711389020412,99.77485
TD-Clean-6,pre_refit,7,B0005,576,71.01356336148518,100.00579
TD-Clean-6,pre_refit,7,B0005,580,70.75492745457169,100.10366
TD-Clean-6,pre_refit,7,B0005,584,70.77254445771489,99.99376
TD-Clean-6,pre_refit,7,B0005,588,70.77540542374062,99.67285
TD-Clean-6,pre_refit,7,B0005,592,70.47550750397869,100.12338
TD-Clean-6,pre_refit,7,B0005,596,70.48563041810954,99.83509
TD-Clean-6,pre_refit,7,B0005,600,70.23531244180377,100.0239
TD-Clean-6,pre_refit,7,B0005,604,69.93882142370093,100.421486
TD-Clean-6,pre_refit,7,B0005,608,69.90890905512207,100.36054
TD-Clean-6,pre_refit,7,B0005,612,71.07977535187085,100.02704
TD-Clean-6,pre_refit,7,B0005,614,71.95205157786506,99.67894
TD-Clean-6,refit_on_3,7,B0005,2,100.80760884947765,75.71494
TD-Clean-6,refit_on_3,7,B0005,4,100.25590968770103,97.93893
TD-Clean-6,refit_on_3,7,B0005,6,99.65979925247206,97.86803
TD-Clean-6,refit_on_3,7,B0005,8,99.65509323788856,97.79933
TD-Clean-6,refit_on_3,7,B0005,10,99.6215889724607,97.57446
TD-Clean-6,refit_on_3,7,B0005,12,99.67676620535396,97.16809
TD-Clean-6,refit_on_3,7,B0005,14,99.64877352944652,97.23757
TD-Clean-6,refit_on_3,7,B0005,16,99.13892996732449,98.225586
TD-Clean-6,refit_on_3,7,B0005,18,99.08555627584838,98.02771
TD-Clean-6,refit_on_3,7,B0005,20,99.0768365083485,97.93044
TD-Clean-6,refit_on_3,7,B0005,22,99.07717774099622,97.91396
TD-Clean-6,refit_on_3,7,B0005,25,98.5114992237362,96.95602
TD-Clean-6,refit_on_3,7,B0005,27,98.4870761948254,98.080475
TD-Clean-6,refit_on_3,7,B0005,29,98.47015265835132,96.7204
TD-Clean-6,refit_on_3,7,B0005,31,97.88140357167902,98.03031
TD-Clean-6,refit_on_3,7,B0005,33,97.85473656745688,97.65155
TD-Clean-6,refit_on_3,7,B0005,35,97.88039886599036,97.76706
TD-Clean-6,refit_on_3,7,B0005,37,97.9069415267384,97.68094
TD-Clean-6,refit_on_3,7,B0005,39,97.89115702988882,97.37151
TD-Clean-6,refit_on_3,7,B0005,42,100.29385168145046,97.6929
TD-Clean-6,refit_on_3,7,B0005,46,100.31510023136114,98.86633
TD-Clean-6,refit_on_3,7,B0005,50,99.70477213786135,98.573425
TD-Clean-6,refit_on_3,7,B0005,54,99.1402308374376,98.54763
TD-Clean-6,refit_on_3,7,B0005,58,99.10400696359169,97.2127
TD-Clean-6,refit_on_3,7,B0005,62,99.12941188644592,98.21382
TD-Clean-6,refit_on_3,7,B0005,66,98.50222430381568,98.213974
TD-Clean-6,refit_on_3,7,B0005,70,98.5423014565286,97.06296
TD-Clean-6,refit_on_3,7,B0005,74,98.49887187571204,97.16154
TD-Clean-6,refit_on_3,7,B0005,78,97.89050762402466,97.87343
TD-Clean-6,refit_on_3,7,B0005,82,97.96171552529285,96.618095
TD-Clean-6,refit_on_3,7,B0005,86,100.55321959197046,86.47214
TD-Clean-6,refit_on_3,7,B0005,90,99.4075559707276,96.26582
TD-Clean-6,refit_on_3,7,B0005,94,98.82112827769676,95.82874
TD-Clean-6,refit_on_3,7,B0005,98,98.2457556393358,94.75557
TD-Clean-6,refit_on_3,7,B0005,102,97.99065016377766,95.41744
TD-Clean-6,refit_on_3,7,B0005,106,97.7065060215613,94.94172
TD-Clean-6,refit_on_3,7,B0005,110,97.11279694879056,94.76467
TD-Clean-6,refit_on_3,7,B0005,114,96.81304988059888,95.10884
TD-Clean-6,refit_on_3,7,B0005,118,96.27605729788222,94.15627
TD-Clean-6,refit_on_3,7,B0005,122,96.2762766313732,94.102646
TD-Clean-6,refit_on_3,7,B0005,126,95.99578118843372,94.58539
TD-Clean-6,refit_on_3,7,B0005,130,95.69403287907456,94.84243
TD-Clean-6,refit_on_3,7,B0005,134,95.98194451474556,94.51839
TD-Clean-6,refit_on_3,7,B0005,136,95.71321655496544,93.73718
TD-Clean-6,refit_on_3,7,B0005,140,95.11928805425076,93.34237
TD-Clean-6,refit_on_3,7,B0005,144,94.58275432725988,93.96392
TD-Clean-6,refit_on_3,7,B0005,148,94.27008009570102,92.21765
TD-Clean-6,refit_on_3,7,B0005,150,97.39411432859931,96.61897
TD-Clean-6,refit_on_3,7,B0005,154,96.82749231246368,96.31976
TD-Clean-6,refit_on_3,7,B0005,158,95.96820195991576,95.110214
TD-Clean-6,refit_on_3,7,B0005,162,95.40638930769452,95.505844
TD-Clean-6,refit_on_3,7,B0005,166,94.8553962680492,93.75763
TD-Clean-6,refit_on_3,7,B0005,170,94.5755674779542,94.787315
TD-Clean-6,refit_on_3,7,B0005,174,94.28806184403476,94.55536
TD-Clean-6,refit_on_3,7,B0005,178,93.73958753620327,93.2339
TD-Clean-6,refit_on_3,7,B0005,182,93.16861105469168,90.96286
TD-Clean-6,refit_on_3,7,B0005,186,92.88227598613614,90.50106
TD-Clean-6,refit_on_3,7,B0005,190,92.636901518198,90.896194
TD-Clean-6,refit_on_3,7,B0005,194,92.32720191735562,90.71271
TD-Clean-6,refit_on_3,7,B0005,198,92.01599848919145,89.580734
TD-Clean-6,refit_on_3,7,B0005,202,91.49053823956656,93.62636
TD-Clean-6,refit_on_3,7,B0005,206,90.92425521866993,90.93415
TD-Clean-6,refit_on_3,7,B0005,210,90.92941856192826,88.48235
TD-Clean-6,refit_on_3,7,B0005,214,90.34010561326173,87.35542
TD-Clean-6,refit_on_3,7,B0005,216,90.0847586044663,88.90133
TD-Clean-6,refit_on_3,7,B0005,220,89.80457989439137,89.65008
TD-Clean-6,refit_on_3,7,B0005,224,89.19640288815545,87.14652
TD-Clean-6,refit_on_3,7,B0005,228,88.93598251136243,87.38409
TD-Clean-6,refit_on_3,7,B0005,232,88.65781340235759,87.21635
TD-Clean-6,refit_on_3,7,B0005,236,88.38728178562198,89.35971
TD-Clean-6,refit_on_3,7,B0005,240,88.08171260170519,84.840324
TD-Clean-6,refit_on_3,7,B0005,244,87.49528010741024,84.73715
TD-Clean-6,refit_on_3,7,B0005,248,87.2366743602368,84.277954
TD-Clean-6,refit_on_3,7,B0005,252,86.96251727221627,83.64095
TD-Clean-6,refit_on_3,7,B0005,256,86.35734215456989,83.344864
TD-Clean-6,refit_on_3,7,B0005,260,86.10863457357058,84.511955
TD-Clean-6,refit_on_3,7,B0005,264,86.06270063126725,82.458435
TD-Clean-6,refit_on_3,7,B0005,266,86.63737677555004,82.39123
TD-Clean-6,refit_on_3,7,B0005,270,85.50813849993258,82.436226
TD-Clean-6,refit_on_3,7,B0005,274,84.97446653296429,81.84941
TD-Clean-6,refit_on_3,7,B0005,278,84.69557819389517,84.214714
TD-Clean-6,refit_on_3,7,B0005,282,84.68013627936132,81.14666
TD-Clean-6,refit_on_3,7,B0005,286,84.41991821853574,80.62449
TD-Clean-6,refit_on_3,7,B0005,290,84.10414931140878,81.03849
TD-Clean-6,refit_on_3,7,B0005,294,83.52653061113354,83.116646
TD-Clean-6,refit_on_3,7,B0005,298,82.96602561057489,79.590256
TD-Clean-6,refit_on_3,7,B0005,302,82.99920327964658,79.43708
TD-Clean-6,refit_on_3,7,B0005,306,82.68003018050378,79.47603
TD-Clean-6,refit_on_3,7,B0005,310,82.39976893302816,78.71152
TD-Clean-6,refit_on_3,7,B0005,313,87.19626195760692,78.440674
TD-Clean-6,refit_on_3,7,B0005,316,84.91729656129593,80.37554
TD-Clean-6,refit_on_3,7,B0005,320,84.06165489885902,81.959656
TD-Clean-6,refit_on_3,7,B0005,324,83.2082752902044,80.52883
TD-Clean-6,refit_on_3,7,B0005,328,82.91381970838151,79.33168
TD-Clean-6,refit_on_3,7,B0005,332,82.37106085271179,79.65751
TD-Clean-6,refit_on_3,7,B0005,336,82.09631790141844,79.108185
TD-Clean-6,refit_on_3,7,B0005,340,81.80669701206385,78.29191
TD-Clean-6,refit_on_3,7,B0005,344,81.53418918115372,79.969154
TD-Clean-6,refit_on_3,7,B0005,348,80.95312575426658,77.767914
TD-Clean-6,refit_on_3,7,B0005,352,80.6829269258604,77.400154
TD-Clean-6,refit_on_3,7,B0005,356,80.38673535372676,76.95934
TD-Clean-6,refit_on_3,7,B0005,360,80.10415225005684,78.66476
TD-Clean-6,refit_on_3,7,B0005,364,80.68483906716317,76.36295
TD-Clean-6,refit_on_3,7,B0005,367,81.23806188586506,79.76029
TD-Clean-6,refit_on_3,7,B0005,371,80.40774500270479,77.938324
TD-Clean-6,refit_on_3,7,B0005,375,79.80793062432481,80.3697
TD-Clean-6,refit_on_3,7,B0005,379,78.94710440938543,78.01769
TD-Clean-6,refit_on_3,7,B0005,383,78.96040682717852,75.72195
TD-Clean-6,refit_on_3,7,B0005,387,79.00805769223405,78.68216
TD-Clean-6,refit_on_3,7,B0005,391,78.68325635434054,75.38738
TD-Clean-6,refit_on_3,7,B0005,395,78.12009683923326,74.77582
TD-Clean-6,refit_on_3,7,B0005,399,77.83635095586517,74.46668
TD-Clean-6,refit_on_3,7,B0005,403,77.83366081216815,77.715996
TD-Clean-6,refit_on_3,7,B0005,407,77.54418562704669,74.031845
TD-Clean-6,refit_on_3,7,B0005,411,77.26483532824366,73.61123
TD-Clean-6,refit_on_3,7,B0005,415,76.96665751739931,73.387634
TD-Clean-6,refit_on_3,7,B0005,419,76.69408123915822,73.2975
TD-Clean-6,refit_on_3,7,B0005,423,76.7032886034996,74.420654
TD-Clean-6,refit_on_3,7,B0005,427,76.43285089151239,75.725266
TD-Clean-6,refit_on_3,7,B0005,431,77.83345221466253,75.168495
TD-Clean-6,refit_on_3,7,B0005,433,78.09751233548145,76.16866
TD-Clean-6,refit_on_3,7,B0005,437,76.96262218385922,74.36504
TD-Clean-6,refit_on_3,7,B0005,441,76.3993634537507,74.053314
TD-Clean-6,refit_on_3,7,B0005,445,76.08562321685423,72.84854
TD-Clean-6,refit_on_3,7,B0005,449,75.84111192639295,72.99676
TD-Clean-6,refit_on_3,7,B0005,453,75.5470202599512,72.50053
TD-Clean-6,refit_on_3,7,B0005,457,75.2724773855306,72.337326
TD-Clean-6,refit_on_3,7,B0005,461,74.95796574493023,71.905174
TD-Clean-6,refit_on_3,7,B0005,465,74.67559060559861,74.81006
TD-Clean-6,refit_on_3,7,B0005,469,74.4190975749656,72.40552
TD-Clean-6,refit_on_3,7,B0005,473,74.41886702385212,71.35586
TD-Clean-6,refit_on_3,7,B0005,477,74.10538957595438,71.180046
TD-Clean-6,refit_on_3,7,B0005,481,74.68403981580354,71.72333
TD-Clean-6,refit_on_3,7,B0005,483,75.26611054535188,70.76186
TD-Clean-6,refit_on_3,7,B0005,485,74.38310747232698,72.1814
TD-Clean-6,refit_on_3,7,B0005,489,74.10795710900801,70.98679
TD-Clean-6,refit_on_3,7,B0005,493,73.53993654981534,70.876564
TD-Clean-6,refit_on_3,7,B0005,497,73.55729388669064,71.96871
TD-Clean-6,refit_on_3,7,B0005,501,73.56067241598603,70.862305
TD-Clean-6,refit_on_3,7,B0005,505,73.26805286034079,71.82228
TD-Clean-6,refit_on_3,7,B0005,509,72.98972077509227,72.67706
TD-Clean-6,refit_on_3,7,B0005,513,72.70747847813722,70.691574
TD-Clean-6,refit_on_3,7,B0005,517,72.70330518052887,70.892555
TD-Clean-6,refit_on_3,7,B0005,521,72.43680818215978,70.49171
TD-Clean-6,refit_on_3,7,B0005,525,72.14563728793834,73.11435
TD-Clean-6,refit_on_3,7,B0005,529,71.84842350914826,70.990875
TD-Clean-6,refit_on_3,7,B0005,533,71.57682808520298,70.6954
TD-Clean-6,refit_on_3,7,B0005,537,71.59297070565168,69.71053
TD-Clean-6,refit_on_3,7,B0005,541,71.58355486033668,72.18087
TD-Clean-6,refit_on_3,7,B0005,545,71.88651633814797,70.01583
TD-Clean-6,refit_on_3,7,B0005,548,73.85485752850198,69.36981
TD-Clean-6,refit_on_3,7,B0005,552,72.73676298693475,70.67194
TD-Clean-6,refit_on_3,7,B0005,556,72.16650080848474,70.8594
TD-Clean-6,refit_on_3,7,B0005,560,71.87574889700983,72.69884
TD-Clean-6,refit_on_3,7,B0005,564,71.60206343923741,71.054214
TD-Clean-6,refit_on_3,7,B0005,568,71.32194157026348,70.51695
TD-Clean-6,refit_on_3,7,B0005,572,71.30711389020412,71.39043
TD-Clean-6,refit_on_3,7,B0005,576,71.01356336148518,70.22617
TD-Clean-6,refit_on_3,7,B0005,580,70.75492745457169,69.36737
TD-Clean-6,refit_on_3,7,B0005,584,70.77254445771489,71.01081
TD-Clean-6,refit_on_3,7,B0005,588,70.77540542374062,70.999954
TD-Clean-6,refit_on_3,7,B0005,592,70.47550750397869,70.007286
TD-Clean-6,refit_on_3,7,B0005,596,70.48563041810954,70.320145
TD-Clean-6,refit_on_3,7,B0005,600,70.23531244180377,71.22801
TD-Clean-6,refit_on_3,7,B0005,604,69.93882142370093,70.34424
TD-Clean-6,refit_on_3,7,B0005,608,69.90890905512207,69.39199
TD-Clean-6,refit_on_3,7,B0005,612,71.07977535187085,72.00772
TD-Clean-6,refit_on_3,7,B0005,614,71.95205157786506,72.036446
TD-Clean-6,pre_refit,7,B0006,2,100.88297108833646,92.68115
TD-Clean-6,pre_refit,7,B0006,4,100.37753235288778,97.41625
TD-Clean-6,pre_refit,7,B0006,6,99.79196916000484,97.693405
TD-Clean-6,pre_refit,7,B0006,8,99.7899019818078,97.64614
TD-Clean-6,pre_refit,7,B0006,10,99.15762541696316,97.075386
TD-Clean-6,pre_refit,7,B0006,12,99.8203556776378,97.2912
TD-Clean-6,pre_refit,7,B0006,14,99.7808037027038,96.96533
TD-Clean-6,pre_refit,7,B0006,16,97.5844832820893,97.290436
TD-Clean-6,pre_refit,7,B0006,18,97.5535716293996,97.28537
TD-Clean-6,pre_refit,7,B0006,20,97.01155142541865,96.65739
TD-Clean-6,pre_refit,7,B0006,22,96.43502080876348,96.90273
TD-Clean-6,pre_refit,7,B0006,25,95.8972998236526,96.023384
TD-Clean-6,pre_refit,7,B0006,27,95.32875373854844,96.896255
TD-Clean-6,pre_refit,7,B0006,29,94.76419905980474,96.36167
TD-Clean-6,pre_refit,7,B0006,31,94.22773853976388,96.05713
TD-Clean-6,pre_refit,7,B0006,33,93.6395064953226,95.81717
TD-Clean-6,pre_refit,7,B0006,35,93.09821798643677,96.110916
TD-Clean-6,pre_refit,7,B0006,37,92.56743574756617,95.72567
TD-Clean-6,pre_refit,7,B0006,39,92.56840432582156,95.66553
TD-Clean-6,pre_refit,7,B0006,42,98.12161319843736,95.57668
TD-Clean-6,pre_refit,7,B0006,46,97.02736865587346,96.4449
TD-Clean-6,pre_refit,7,B0006,50,96.4457203456954,96.1033
TD-Clean-6,pre_refit,7,B0006,54,95.37664206593776,95.89482
TD-Clean-6,pre_refit,7,B0006,58,96.45395400781383,95.520065
TD-Clean-6,pre_refit,7,B0006,62,94.2446511737385,95.530876
TD-Clean-6,pre_refit,7,B0006,66,93.11783815158223,94.50599
TD-Clean-6,pre_refit,7,B0006,70,92.60393676951,94.511
TD-Clean-6,pre_refit,7,B0006,74,91.99518419888014,94.00091
TD-Clean-6,pre_refit,7,B0006,78,91.45865458065036,94.19923
TD-Clean-6,pre_refit,7,B0006,82,92.05488530825814,93.58992
TD-Clean-6,pre_refit,7,B0006,86,95.40291074415664,89.89267
TD-Clean-6,pre_refit,7,B0006,90,93.2941701264468,93.9221
TD-Clean-6,pre_refit,7,B0006,94,91.95812296295944,92.912834
TD-Clean-6,pre_refit,7,B0006,98,91.16379285351326,91.643326
TD-Clean-6,pre_refit,7,B0006,102,90.13722315501992,90.94917
TD-Clean-6,pre_refit,7,B0006,106,89.88629167454431,90.26579
TD-Clean-6,pre_refit,7,B0006,110,89.07464504963947,90.2992
TD-Clean-6,pre_refit,7,B0006,114,88.27677498375004,89.95694
TD-Clean-6,pre_refit,7,B0006,118,87.78153478310176,89.06
TD-Clean-6,pre_refit,7,B0006,122,87.25902301297472,88.68778
TD-Clean-6,pre_refit,7,B0006,126,86.75445063463465,89.08952
TD-Clean-6,pre_refit,7,B0006,130,86.21919662960373,88.99487
TD-Clean-6,pre_refit,7,B0006,134,86.97181002045869,88.6216
TD-Clean-6,pre_refit,7,B0006,136,87.53004089819298,88.529205
TD-Clean-6,pre_refit,7,B0006,140,85.93648557449694,88.51385
TD-Clean-6,pre_refit,7,B0006,144,84.92223069682748,88.455185
TD-Clean-6,pre_refit,7,B0006,148,84.38106569995976,87.73059
TD-Clean-6,pre_refit,7,B0006,150,90.39396636175364,90.19705
TD-Clean-6,pre_refit,7,B0006,154,89.62118442408695,91.952896
TD-Clean-6,pre_refit,7,B0006,158,88.01687540594799,90.34773
TD-Clean-6,pre_refit,7,B0006,162,86.47934133475826,89.582504
TD-Clean-6,pre_refit,7,B0006,166,85.7093899316892,88.90532
TD-Clean-6,pre_refit,7,B0006,170,84.66363361309608,88.927444
TD-Clean-6,pre_refit,7,B0006,174,84.14253773442293,88.457375
TD-Clean-6,pre_refit,7,B0006,178,83.37268440744252,88.36252
TD-Clean-6,pre_refit,7,B0006,182,82.84795096685752,87.8144
TD-Clean-6,pre_refit,7,B0006,186,82.31672078137474,87.218
TD-Clean-6,pre_refit,7,B0006,190,81.8390002521071,86.96419
TD-Clean-6,pre_refit,7,B0006,194,81.29446683115198,87.61308
TD-Clean-6,pre_refit,7,B0006,198,80.75246648690656,87.548996
TD-Clean-6,pre_refit,7,B0006,202,79.7437886746144,88.805756
TD-Clean-6,pre_refit,7,B0006,206,79.47984426199564,87.63863
TD-Clean-6,pre_refit,7,B0006,210,79.25415788836384,87.083466
TD-Clean-6,pre_refit,7,B0006,214,78.69188922732394,87.75857
TD-Clean-6,pre_refit,7,B0006,216,78.46114405771091,88.00685
TD-Clean-6,pre_refit,7,B0006,220,77.67630372212932,88.22746
TD-Clean-6,pre_refit,7,B0006,224,77.38916838478035,87.665665
TD-Clean-6,pre_refit,7,B0006,228,76.88491527529958,88.16654
TD-Clean-6,pre_refit,7,B0006,232,76.3646225030132,87.89161
TD-Clean-6,pre_refit,7,B0006,236,75.60327887522882,88.68515
TD-Clean-6,pre_refit,7,B0006,240,75.84333345118733,88.22445
TD-Clean-6,pre_refit,7,B0006,244,75.57070473005419,88.10695
TD-Clean-6,pre_refit,7,B0006,248,75.06972493621848,89.0449
TD-Clean-6,pre_refit,7,B0006,252,74.81407516505371,88.66532
TD-Clean-6,pre_refit,7,B0006,256,74.54671414292675,88.3505
TD-Clean-6,pre_refit,7,B0006,260,74.02740213488109,89.48419
TD-Clean-6,pre_refit,7,B0006,264,73.73556466569462,88.64822
TD-Clean-6,pre_refit,7,B0006,266,75.84980622026112,86.172585
TD-Clean-6,pre_refit,7,B0006,270,74.55060879561292,88.38334
TD-Clean-6,pre_refit,7,B0006,274,73.79142812679322,87.604904
TD-Clean-6,pre_refit,7,B0006,278,73.27190839787096,89.563995
TD-Clean-6,pre_refit,7,B0006,282,73.28093201847443,88.84111
TD-Clean-6,pre_refit,7,B0006,286,73.02095301621284,89.30734
TD-Clean-6,pre_refit,7,B0006,290,72.73851013234444,89.30422
TD-Clean-6,pre_refit,7,B0006,294,71.95104826590523,89.58562
TD-Clean-6,pre_refit,7,B0006,298,71.96564568462234,89.06781
TD-Clean-6,pre_refit,7,B0006,302,71.72895437691278,89.72835
TD-Clean-6,pre_refit,7,B0006,306,71.71434939609318,89.64262
TD-Clean-6,pre_refit,7,B0006,310,71.45761792874575,90.04143
TD-Clean-6,pre_refit,7,B0006,313,78.98726854374111,86.58208
TD-Clean-6,pre_refit,7,B0006,316,76.64794397240323,86.12361
TD-Clean-6,pre_refit,7,B0006,320,75.07747171565073,88.1656
TD-Clean-6,pre_refit,7,B0006,324,74.29795247472106,88.03605
TD-Clean-6,pre_refit,7,B0006,328,73.51146675367659,88.599365
TD-Clean-6,pre_refit,7,B0006,332,73.00864275760908,88.39496
TD-Clean-6,pre_refit,7,B0006,336,72.50277290138493,88.85906
TD-Clean-6,pre_refit,7,B0006,340,71.96131839956391,88.711426
TD-Clean-6,pre_refit,7,B0006,344,71.71500633205595,89.39492
TD-Clean-6,pre_refit,7,B0006,348,71.44305583769248,89.25022
TD-Clean-6,pre_refit,7,B0006,352,70.93898960214143,89.321625
TD-Clean-6,pre_refit,7,B0006,356,70.68194044477139,89.24951
TD-Clean-6,pre_refit,7,B0006,360,70.4074916889224,90.48145
TD-Clean-6,pre_refit,7,B0006,364,70.41804785222855,90.0185
TD-Clean-6,pre_refit,7,B0006,367,71.98210310103482,89.19992
TD-Clean-6,pre_refit,7,B0006,371,70.95618334594263,90.289764
TD-Clean-6,pre_refit,7,B0006,375,70.1362730902931,90.30743
TD-Clean-6,pre_refit,7,B0006,379,69.87433806657212,90.15608
TD-Clean-6,pre_refit,7,B0006,383,69.63573699649338,90.744255
TD-Clean-6,pre_refit,7,B0006,387,69.15232147064526,91.91647
TD-Clean-6,pre_refit,7,B0006,391,69.12109936452545,91.36915
TD-Clean-6,pre_refit,7,B0006,395,68.86250185726787,91.157036
TD-Clean-6,pre_refit,7,B0006,399,68.59092282212131,91.01306
TD-Clean-6,pre_refit,7,B0006,403,68.08750743669,91.601395
TD-Clean-6,pre_refit,7,B0006,407,68.33159705981836,91.46266
TD-Clean-6,pre_refit,7,B0006,411,68.09140360412486,91.6996
TD-Clean-6,pre_refit,7,B0006,415,67.81869443003508,91.672386
TD-Clean-6,pre_refit,7,B0006,419,67.5730638436144,91.652115
TD-Clean-6,pre_refit,7,B0006,423,67.31503513349786,92.61723
TD-Clean-6,pre_refit,7,B0006,427,67.07575548417674,92.41893
TD-Clean-6,pre_refit,7,B0006,431,68.60691404106846,92.47239
TD-Clean-6,pre_refit,7,B0006,433,69.64711039275872,90.5636
TD-Clean-6,pre_refit,7,B0006,437,68.33719964359061,91.326904
TD-Clean-6,pre_refit,7,B0006,441,67.81907707369999,92.30811
TD-Clean-6,pre_refit,7,B0006,445,67.27630029953899,91.54424
TD-Clean-6,pre_refit,7,B0006,449,67.03731096833596,92.808266
TD-Clean-6,pre_refit,7,B0006,453,66.78534122129697,92.28094
TD-Clean-6,pre_refit,7,B0006,457,66.26973868287087,92.638535
TD-Clean-6,pre_refit,7,B0006,461,65.98363462621751,93.0327
TD-Clean-6,pre_refit,7,B0006,465,65.72069252661954,94.23463
TD-Clean-6,pre_refit,7,B0006,469,65.50500064349335,93.09663
TD-Clean-6,pre_refit,7,B0006,473,65.48747074550045,93.81152
TD-Clean-6,pre_refit,7,B0006,477,65.2110653386093,94.38395
TD-Clean-6,pre_refit,7,B0006,481,65.47148558720653,94.3612
TD-Clean-6,pre_refit,7,B0006,483,66.78647932759047,92.37982
TD-Clean-6,pre_refit,7,B0006,485,65.72477818237311,94.87644
TD-Clean-6,pre_refit,7,B0006,489,64.93697426302657,94.62083
TD-Clean-6,pre_refit,7,B0006,493,64.69397950587184,94.938736
TD-Clean-6,pre_refit,7,B0006,497,64.45556804271465,94.62454
TD-Clean-6,pre_refit,7,B0006,501,64.44711910522597,95.2988
TD-Clean-6,pre_refit,7,B0006,505,63.9153253541329,95.2596
TD-Clean-6,pre_refit,7,B0006,509,63.40709756117343,95.6069
TD-Clean-6,pre_refit,7,B0006,513,63.40485519747241,95.652664
TD-Clean-6,pre_refit,7,B0006,517,63.14854807557744,95.526
TD-Clean-6,pre_refit,7,B0006,521,63.15304028594434,95.915344
TD-Clean-6,pre_refit,7,B0006,525,62.63936845251047,96.61611
TD-Clean-6,pre_refit,7,B0006,529,62.36048327920517,96.4291
TD-Clean-6,pre_refit,7,B0006,533,62.11872624491582,95.87288
TD-Clean-6,pre_refit,7,B0006,537,62.11731201074328,95.88225
TD-Clean-6,pre_refit,7,B0006,541,61.86235410492132,96.882935
TD-Clean-6,pre_refit,7,B0006,545,62.12742822257309,97.209435
TD-Clean-6,pre_refit,7,B0006,548,63.93010610326108,94.92993
TD-Clean-6,pre_refit,7,B0006,552,62.62827859533666,96.499016
TD-Clean-6,pre_refit,7,B0006,556,61.85683618405182,97.13212
TD-Clean-6,pre_refit,7,B0006,560,61.07092794836815,97.55223
TD-Clean-6,pre_refit,7,B0006,564,60.82277612678393,97.23938
TD-Clean-6,pre_refit,7,B0006,568,60.55640953242813,97.949425
TD-Clean-6,pre_refit,7,B0006,572,60.02917505279337,97.88912
TD-Clean-6,pre_refit,7,B0006,576,59.75722270334661,98.03895
TD-Clean-6,pre_refit,7,B0006,580,59.52315601830062,97.9103
TD-Clean-6,pre_refit,7,B0006,584,59.01246912863032,98.7866
TD-Clean-6,pre_refit,7,B0006,588,58.74426171153606,98.87524
TD-Clean-6,pre_refit,7,B0006,592,58.47122551716232,99.07879
TD-Clean-6,pre_refit,7,B0006,596,58.2196597592319,99.278336
TD-Clean-6,pre_refit,7,B0006,600,57.18983519098029,100.42503
TD-Clean-6,pre_refit,7,B0006,604,57.71437056534329,100.04494
TD-Clean-6,pre_refit,7,B0006,608,57.43663099473362,99.72255
TD-Clean-6,pre_refit,7,B0006,612,58.23847489632371,99.725464
TD-Clean-6,pre_refit,7,B0006,614,58.76884540363096,98.37951
TD-Clean-6,refit_on_3,7,B0006,2,100.88297108833646,88.41561
TD-Clean-6,refit_on_3,7,B0006,4,100.37753235288778,100.99237
TD-Clean-6,refit_on_3,7,B0006,6,99.79196916000484,101.19168
TD-Clean-6,refit_on_3,7,B0006,8,99.7899019818078,101.11778
TD-Clean-6,refit_on_3,7,B0006,10,99.15762541696316,100.72424
TD-Clean-6,refit_on_3,7,B0006,12,99.8203556776378,100.668304
TD-Clean-6,refit_on_3,7,B0006,14,99.7808037027038,100.50983
TD-Clean-6,refit_on_3,7,B0006,16,97.5844832820893,101.00871
TD-Clean-6,refit_on_3,7,B0006,18,97.5535716293996,100.93273
TD-Clean-6,refit_on_3,7,B0006,20,97.01155142541865,100.57459
TD-Clean-6,refit_on_3,7,B0006,22,96.43502080876348,100.661736
TD-Clean-6,refit_on_3,7,B0006,25,95.8972998236526,98.86644
TD-Clean-6,refit_on_3,7,B0006,27,95.32875373854844,100.63563
TD-Clean-6,refit_on_3,7,B0006,29,94.76419905980474,99.64397
TD-Clean-6,refit_on_3,7,B0006,31,94.22773853976388,100.14096
TD-Clean-6,refit_on_3,7,B0006,33,93.6395064953226,99.98349
TD-Clean-6,refit_on_3,7,B0006,35,93.09821798643677,100.032295
TD-Clean-6,refit_on_3,7,B0006,37,92.56743574756617,99.75996
TD-Clean-6,refit_on_3,7,B0006,39,92.56840432582156,99.64442
TD-Clean-6,refit_on_3,7,B0006,42,98.12161319843736,98.76291
TD-Clean-6,refit_on_3,7,B0006,46,97.02736865587346,99.96695
TD-Clean-6,refit_on_3,7,B0006,50,96.4457203456954,99.78905
TD-Clean-6,refit_on_3,7,B0006,54,95.37664206593776,99.505165
TD-Clean-6,refit_on_3,7,B0006,58,96.45395400781383,98.829994
TD-Clean-6,refit_on_3,7,B0006,62,94.2446511737385,98.98541
TD-Clean-6,refit_on_3,7,B0006,66,93.11783815158223,98.48361
TD-Clean-6,refit_on_3,7,B0006,70,92.60393676951,98.24765
TD-Clean-6,refit_on_3,7,B0006,74,91.99518419888014,97.93911
TD-Clean-6,refit_on_3,7,B0006,78,91.45865458065036,98.086296
TD-Clean-6,refit_on_3,7,B0006,82,92.05488530825814,97.60115
TD-Clean-6,refit_on_3,7,B0006,86,95.40291074415664,87.65034
TD-Clean-6,refit_on_3,7,B0006,90,93.2941701264468,94.455414
TD-Clean-6,refit_on_3,7,B0006,94,91.95812296295944,93.596695
TD-Clean-6,refit_on_3,7,B0006,98,91.16379285351326,92.169365
TD-Clean-6,refit_on_3,7,B0006,102,90.13722315501992,92.36892
TD-Clean-6,refit_on_3,7,B0006,106,89.88629167454431,90.156204
TD-Clean-6,refit_on_3,7,B0006,110,89.07464504963947,90.54498
TD-Clean-6,refit_on_3,7,B0006,114,88.27677498375004,90.86644
TD-Clean-6,refit_on_3,7,B0006,118,87.78153478310176,89.447235
TD-Clean-6,refit_on_3,7,B0006,122,87.25902301297472,88.49435
TD-Clean-6,refit_on_3,7,B0006,126,86.75445063463465,87.942955
TD-Clean-6,refit_on_3,7,B0006,130,86.21919662960373,87.84409
TD-Clean-6,refit_on_3,7,B0006,134,86.97181002045869,88.0377
TD-Clean-6,refit_on_3,7,B0006,136,87.53004089819298,87.352325
TD-Clean-6,refit_on_3,7,B0006,140,85.93648557449694,87.907486
TD-Clean-6,refit_on_3,7,B0006,144,84.92223069682748,88.101974
TD-Clean-6,refit_on_3,7,B0006,148,84.38106569995976,86.6285
TD-Clean-6,refit_on_3,7,B0006,150,90.39396636175364,85.87734
TD-Clean-6,refit_on_3,7,B0006,154,89.62118442408695,90.02137
TD-Clean-6,refit_on_3,7,B0006,158,88.01687540594799,88.84096
TD-Clean-6,refit_on_3,7,B0006,162,86.47934133475826,89.054565
TD-Clean-6,refit_on_3,7,B0006,166,85.7093899316892,87.41988
TD-Clean-6,refit_on_3,7,B0006,170,84.66363361309608,87.77197
TD-Clean-6,refit_on_3,7,B0006,174,84.14253773442293,86.32337
TD-Clean-6,refit_on_3,7,B0006,178,83.37268440744252,86.060875
TD-Clean-6,refit_on_3,7,B0006,182,82.84795096685752,85.02266
TD-Clean-6,refit_on_3,7,B0006,186,82.31672078137474,84.463715
TD-Clean-6,refit_on_3,7,B0006,190,81.8390002521071,83.903465
TD-Clean-6,refit_on_3,7,B0006,194,81.29446683115198,83.885254
TD-Clean-6,refit_on_3,7,B0006,198,80.75246648690656,83.582634
TD-Clean-6,refit_on_3,7,B0006,202,79.7437886746144,85.63698
TD-Clean-6,refit_on_3,7,B0006,206,79.47984426199564,84.15456
TD-Clean-6,refit_on_3,7,B0006,210,79.25415788836384,82.54612
TD-Clean-6,refit_on_3,7,B0006,214,78.69188922732394,83.360565
TD-Clean-6,refit_on_3,7,B0006,216,78.46114405771091,83.53093
TD-Clean-6,refit_on_3,7,B0006,220,77.67630372212932,83.99349
TD-Clean-6,refit_on_3,7,B0006,224,77.38916838478035,82.903435
TD-Clean-6,refit_on_3,7,B0006,228,76.88491527529958,83.23799
TD-Clean-6,refit_on_3,7,B0006,232,76.3646225030132,82.761185
TD-Clean-6,refit_on_3,7,B0006,236,75.60327887522882,83.88368
TD-Clean-6,refit_on_3,7,B0006,240,75.84333345118733,82.2489
TD-Clean-6,refit_on_3,7,B0006,244,75.57070473005419,82.0026
TD-Clean-6,refit_on_3,7,B0006,248,75.06972493621848,82.53797
TD-Clean-6,refit_on_3,7,B0006,252,74.81407516505371,82.003586
TD-Clean-6,refit_on_3,7,B0006,256,74.54671414292675,81.693344
TD-Clean-6,refit_on_3,7,B0006,260,74.02740213488109,82.90921
TD-Clean-6,refit_on_3,7,B0006,264,73.73556466569462,81.53036
TD-Clean-6,refit_on_3,7,B0006,266,75.84980622026112,78.50208
TD-Clean-6,refit_on_3,7,B0006,270,74.55060879561292,81.608574
TD-Clean-6,refit_on_3,7,B0006,274,73.79142812679322,80.92233
TD-Clean-6,refit_on_3,7,B0006,278,73.27190839787096,82.69217
TD-Clean-6,refit_on_3,7,B0006,282,73.28093201847443,80.52291
TD-Clean-6,refit_on_3,7,B0006,286,73.02095301621284,80.44825
TD-Clean-6,refit_on_3,7,B0006,290,72.73851013234444,80.63185
TD-Clean-6,refit_on_3,7,B0006,294,71.95104826590523,81.74562
TD-Clean-6,refit_on_3,7,B0006,298,71.96564568462234,80.64531
TD-Clean-6,refit_on_3,7,B0006,302,71.72895437691278,80.530876
TD-Clean-6,refit_on_3,7,B0006,306,71.71434939609318,80.02569
TD-Clean-6,refit_on_3,7,B0006,310,71.45761792874575,80.1469
TD-Clean-6,refit_on_3,7,B0006,313,78.98726854374111,78.266426
TD-Clean-6,refit_on_3,7,B0006,316,76.64794397240323,78.28213
TD-Clean-6,refit_on_3,7,B0006,320,75.07747171565073,80.752815
TD-Clean-6,refit_on_3,7,B0006,324,74.29795247472106,80.2906
TD-Clean-6,refit_on_3,7,B0006,328,73.51146675367659,80.47512
TD-Clean-6,refit_on_3,7,B0006,332,73.00864275760908,80.282394
TD-Clean-6,refit_on_3,7,B0006,336,72.50277290138493,80.321686
TD-Clean-6,refit_on_3,7,B0006,340,71.96131839956391,79.833565
TD-Clean-6,refit_on_3,7,B0006,344,71.71500633205595,80.71236
TD-Clean-6,refit_on_3,7,B0006,348,71.44305583769248,79.90827
TD-Clean-6,refit_on_3,7,B0006,352,70.93898960214143,79.722755
TD-Clean-6,refit_on_3,7,B0006,356,70.68194044477139,79.558395
TD-Clean-6,refit_on_3,7,B0006,360,70.4074916889224,80.92601
TD-Clean-6,refit_on_3,7,B0006,364,70.41804785222855,79.39482
TD-Clean-6,refit_on_3,7,B0006,367,71.98210310103482,79.120834
TD-Clean-6,refit_on_3,7,B0006,371,70.95618334594263,79.96193
TD-Clean-6,refit_on_3,7,B0006,375,70.1362730902931,80.69446
TD-Clean-6,refit_on_3,7,B0006,379,69.87433806657212,80.19767
TD-Clean-6,refit_on_3,7,B0006,383,69.63573699649338,79.729256
TD-Clean-6,refit_on_3,7,B0006,387,69.15232147064526,81.02165
TD-Clean-6,refit_on_3,7,B0006,391,69.12109936452545,79.49261
TD-Clean-6,refit_on_3,7,B0006,395,68.86250185726787,79.440155
TD-Clean-6,refit_on_3,7,B0006,399,68.59092282212131,79.40324
TD-Clean-6,refit_on_3,7,B0006,403,68.08750743669,80.37889
TD-Clean-6,refit_on_3,7,B0006,407,68.33159705981836,78.880196
TD-Clean-6,refit_on_3,7,B0006,411,68.09140360412486,79.206825
TD-Clean-6,refit_on_3,7,B0006,415,67.81869443003508,79.3491
TD-Clean-6,refit_on_3,7,B0006,419,67.5730638436144,79.45403
TD-Clean-6,refit_on_3,7,B0006,423,67.31503513349786,80.08613
TD-Clean-6,refit_on_3,7,B0006,427,67.07575548417674,79.77709
TD-Clean-6,refit_on_3,7,B0006,431,68.60691404106846,80.34352
TD-Clean-6,refit_on_3,7,B0006,433,69.64711039275872,78.98417
TD-Clean-6,refit_on_3,7,B0006,437,68.33719964359061,79.49284
TD-Clean-6,refit_on_3,7,B0006,441,67.81907707369999,80.397736
TD-Clean-6,refit_on_3,7,B0006,445,67.27630029953899,79.462654
TD-Clean-6,refit_on_3,7,B0006,449,67.03731096833596,80.391685
TD-Clean-6,refit_on_3,7,B0006,453,66.78534122129697,79.83991
TD-Clean-6,refit_on_3,7,B0006,457,66.26973868287087,80.07068
TD-Clean-6,refit_on_3,7,B0006,461,65.98363462621751,80.33012
TD-Clean-6,refit_on_3,7,B0006,465,65.72069252661954,82.1117
TD-Clean-6,refit_on_3,7,B0006,469,65.50500064349335,80.521774
TD-Clean-6,refit_on_3,7,B0006,473,65.48747074550045,80.65605
TD-Clean-6,refit_on_3,7,B0006,477,65.2110653386093,81.10973
TD-Clean-6,refit_on_3,7,B0006,481,65.47148558720653,80.58451
TD-Clean-6,refit_on_3,7,B0006,483,66.78647932759047,79.385475
TD-Clean-6,refit_on_3,7,B0006,485,65.72477818237311,82.12493
TD-Clean-6,refit_on_3,7,B0006,489,64.93697426302657,81.706924
TD-Clean-6,refit_on_3,7,B0006,493,64.69397950587184,82.48585
TD-Clean-6,refit_on_3,7,B0006,497,64.45556804271465,81.78516
TD-Clean-6,refit_on_3,7,B0006,501,64.44711910522597,81.917915
TD-Clean-6,refit_on_3,7,B0006,505,63.9153253541329,82.52966
TD-Clean-6,refit_on_3,7,B0006,509,63.40709756117343,83.81039
TD-Clean-6,refit_on_3,7,B0006,513,63.40485519747241,83.343254
TD-Clean-6,refit_on_3,7,B0006,517,63.14854807557744,82.65876
TD-Clean-6,refit_on_3,7,B0006,521,63.15304028594434,83.005165
TD-Clean-6,refit_on_3,7,B0006,525,62.63936845251047,85.20226
TD-Clean-6,refit_on_3,7,B0006,529,62.36048327920517,84.656136
TD-Clean-6,refit_on_3,7,B0006,533,62.11872624491582,83.89417
TD-Clean-6,refit_on_3,7,B0006,537,62.11731201074328,82.9197
TD-Clean-6,refit_on_3,7,B0006,541,61.86235410492132,85.24176
TD-Clean-6,refit_on_3,7,B0006,545,62.12742822257309,85.04816
TD-Clean-6,refit_on_3,7,B0006,548,63.93010610326108,80.6301
TD-Clean-6,refit_on_3,7,B0006,552,62.62827859533666,83.08624
TD-Clean-6,refit_on_3,7,B0006,556,61.85683618405182,84.23014
TD-Clean-6,refit_on_3,7,B0006,560,61.07092794836815,85.40832
TD-Clean-6,refit_on_3,7,B0006,564,60.82277612678393,84.51461
TD-Clean-6,refit_on_3,7,B0006,568,60.55640953242813,85.22236
TD-Clean-6,refit_on_3,7,B0006,572,60.02917505279337,85.38541
TD-Clean-6,refit_on_3,7,B0006,576,59.75722270334661,85.15337
TD-Clean-6,refit_on_3,7,B0006,580,59.52315601830062,84.60595
TD-Clean-6,refit_on_3,7,B0006,584,59.01246912863032,86.26094
TD-Clean-6,refit_on_3,7,B0006,588,58.74426171153606,86.20606
TD-Clean-6,refit_on_3,7,B0006,592,58.47122551716232,85.988525
TD-Clean-6,refit_on_3,7,B0006,596,58.2196597592319,86.43802
TD-Clean-6,refit_on_3,7,B0006,600,57.18983519098029,87.897255
TD-Clean-6,refit_on_3,7,B0006,604,57.71437056534329,87.33325
TD-Clean-6,refit_on_3,7,B0006,608,57.43663099473362,86.36805
TD-Clean-6,refit_on_3,7,B0006,612,58.23847489632371,87.169235
TD-Clean-6,refit_on_3,7,B0006,614,58.76884540363096,85.15892
TD-Clean-6,pre_refit,7,B0007,2,100.45351791563915,74.51365
TD-Clean-6,pre_refit,7,B0007,4,99.900254379013,90.73255
TD-Clean-6,pre_refit,7,B0007,6,99.90161660017114,90.44557
TD-Clean-6,pre_refit,7,B0007,8,99.9073657865712,90.25556
TD-Clean-6,pre_refit,7,B0007,10,99.83724531860553,90.078926
TD-Clean-6,pre_refit,7,B0007,12,99.90361817867274,91.273605
TD-Clean-6,pre_refit,7,B0007,14,99.86297576917136,90.81852
TD-Clean-6,pre_refit,7,B0007,16,99.94656396119812,92.125175
TD-Clean-6,pre_refit,7,B0007,18,99.31878532934633,91.664246
TD-Clean-6,pre_refit,7,B0007,20,99.33799331164263,91.29608
TD-Clean-6,pre_refit,7,B0007,22,99.33756087304828,91.179276
TD-Clean-6,pre_refit,7,B0007,25,98.78551523188162,89.509125
TD-Clean-6,pre_refit,7,B0007,27,98.75485184986668,92.25026
TD-Clean-6,pre_refit,7,B0007,29,98.75133536665352,89.69417
TD-Clean-6,pre_refit,7,B0007,31,98.77012942519043,93.35556
TD-Clean-6,pre_refit,7,B0007,33,98.73683812511632,92.97265
TD-Clean-6,pre_refit,7,B0007,35,98.15685575226132,92.92804
TD-Clean-6,pre_refit,7,B0007,37,98.19446503474695,93.93091
TD-Clean-6,pre_refit,7,B0007,39,98.186691403046,92.78437
TD-Clean-6,pre_refit,7,B0007,42,99.90787801510066,91.67699
TD-Clean-6,pre_refit,7,B0007,46,99.94461695603135,92.47896
TD-Clean-6,pre_refit,7,B0007,50,99.92460497901308,93.91238
TD-Clean-6,pre_refit,7,B0007,54,99.38880751306714,94.032616
TD-Clean-6,pre_refit,7,B0007,58,99.34580918956073,91.58432
TD-Clean-6,pre_refit,7,B0007,62,99.37088315432128,95.88859
TD-Clean-6,pre_refit,7,B0007,66,98.78342046080256,94.89739
TD-Clean-6,pre_refit,7,B0007,70,98.8058078187501,94.82241
TD-Clean-6,pre_refit,7,B0007,74,98.75966747373796,94.21161
TD-Clean-6,pre_refit,7,B0007,78,98.1739885027512,94.35392
TD-Clean-6,pre_refit,7,B0007,82,98.23039625446908,93.64301
TD-Clean-6,pre_refit,7,B0007,86,100.05062324611636,89.05307
TD-Clean-6,pre_refit,7,B0007,90,98.95386520139344,98.8586
TD-Clean-6,pre_refit,7,B0007,94,98.38356039411237,99.13762
TD-Clean-6,pre_refit,7,B0007,98,98.11080955264678,97.2673
TD-Clean-6,pre_refit,7,B0007,102,97.57312273601715,99.29519
TD-Clean-6,pre_refit,7,B0007,106,97.5908400366413,96.891235
TD-Clean-6,pre_refit,7,B0007,110,97.29922460125108,96.687065
TD-Clean-6,pre_refit,7,B0007,114,96.74012336609094,98.71608
TD-Clean-6,pre_refit,7,B0007,118,96.49359124138364,96.59607
TD-Clean-6,pre_refit,7,B0007,122,96.22137391342224,96.44183
TD-Clean-6,pre_refit,7,B0007,126,96.233276781278,95.70327
TD-Clean-6,pre_refit,7,B0007,130,95.93841918044076,96.04996
TD-Clean-6,pre_refit,7,B0007,134,96.31819241353496,95.64497
TD-Clean-6,pre_refit,7,B0007,136,95.94953719543624,94.92517
TD-Clean-6,pre_refit,7,B0007,140,95.3953227427902,94.814735
TD-Clean-6,pre_refit,7,B0007,144,94.86699939598208,96.31899
TD-Clean-6,pre_refit,7,B0007,148,94.57173479963342,94.31729
TD-Clean-6,pre_refit,7,B0007,150,96.41760769059738,88.99194
TD-Clean-6,pre_refit,7,B0007,154,96.45090493439226,94.382744
TD-Clean-6,pre_refit,7,B0007,158,95.6297003383392,94.57851
TD-Clean-6,pre_refit,7,B0007,162,95.10935396520227,96.98837
TD-Clean-6,pre_refit,7,B0007,166,94.57259385530976,93.982544
TD-Clean-6,pre_refit,7,B0007,170,94.30623404626093,95.39967
TD-Clean-6,pre_refit,7,B0007,174,94.0371367595855,93.21857
TD-Clean-6,pre_refit,7,B0007,178,93.49626919937222,92.59002
TD-Clean-6,pre_refit,7,B0007,182,92.9420388383138,90.011055
TD-Clean-6,pre_refit,7,B0007,186,92.94217065781828,90.04561
TD-Clean-6,pre_refit,7,B0007,190,92.69668329388116,89.67733
TD-Clean-6,pre_refit,7,B0007,194,92.41073633514534,88.680824
TD-Clean-6,pre_refit,7,B0007,198,91.82208130681248,87.59423
TD-Clean-6,pre_refit,7,B0007,202,91.5743327473832,92.30805
TD-Clean-6,pre_refit,7,B0007,206,91.04730118386937,89.35515
TD-Clean-6,pre_refit,7,B0007,210,91.04684020750553,87.10901
TD-Clean-6,pre_refit,7,B0007,214,90.49873919973382,85.265274
TD-Clean-6,pre_refit,7,B0007,216,90.51794914609178,86.491684
TD-Clean-6,pre_refit,7,B0007,220,89.96325858213598,88.34772
TD-Clean-6,pre_refit,7,B0007,224,89.64911074691454,85.77692
TD-Clean-6,pre_refit,7,B0007,228,89.4056438247883,86.169624
TD-Clean-6,pre_refit,7,B0007,232,89.13221056506995,85.76081
TD-Clean-6,pre_refit,7,B0007,236,88.88142970948275,87.84691
TD-Clean-6,pre_refit,7,B0007,240,88.57496163215028,83.28801
TD-Clean-6,pre_refit,7,B0007,244,88.30030467403411,83.19689
TD-Clean-6,pre_refit,7,B0007,248,88.04309784572763,82.78652
TD-Clean-6,pre_refit,7,B0007,252,87.7835715053401,82.066864
TD-Clean-6,pre_refit,7,B0007,256,87.5009058762453,81.90785
TD-Clean-6,pre_refit,7,B0007,260,86.92700430940862,83.25926
TD-Clean-6,pre_refit,7,B0007,264,86.91859800690037,81.53968
TD-Clean-6,pre_refit,7,B0007,266,87.17696241036246,80.19421
TD-Clean-6,pre_refit,7,B0007,270,86.66971006432802,81.74702
TD-Clean-6,pre_refit,7,B0007,274,86.11955257111292,81.45234
TD-Clean-6,pre_refit,7,B0007,278,85.86532022039283,83.86508
TD-Clean-6,pre_refit,7,B0007,282,85.83324550155743,79.44861
TD-Clean-6,pre_refit,7,B0007,286,85.88108948972226,78.53433
TD-Clean-6,pre_refit,7,B0007,290,85.56987844007078,79.29936
TD-Clean-6,pre_refit,7,B0007,294,85.027771191142,81.61329
TD-Clean-6,pre_refit,7,B0007,298,84.77582688520748,78.70608
TD-Clean-6,pre_refit,7,B0007,302,84.79178974791847,78.822876
TD-Clean-6,pre_refit,7,B0007,306,84.76993385106519,77.549194
TD-Clean-6,pre_refit,7,B0007,310,84.49605927424464,76.15741
TD-Clean-6,pre_refit,7,B0007,313,89.71090998622898,77.48459
TD-Clean-6,pre_refit,7,B0007,316,86.37349719367897,77.81978
TD-Clean-6,pre_refit,7,B0007,320,85.82898928627563,78.18465
TD-Clean-6,pre_refit,7,B0007,324,85.2934976107533,77.68335
TD-Clean-6,pre_refit,7,B0007,328,84.72574724857897,77.766914
TD-Clean-6,pre_refit,7,B0007,332,84.48328177752624,77.91785
TD-Clean-6,pre_refit,7,B0007,336,84.21457006738538,77.53806
TD-Clean-6,pre_refit,7,B0007,340,83.9288888229777,76.87572
TD-Clean-6,pre_refit,7,B0007,344,83.67629222648154,78.47131
TD-Clean-6,pre_refit,7,B0007,348,83.38837618926404,76.30733
TD-Clean-6,pre_refit,7,B0007,352,83.41270816038221,76.28206
TD-Clean-6,pre_refit,7,B0007,356,83.14675201444969,75.10385
TD-Clean-6,pre_refit,7,B0007,360,82.8484308280049,77.159615
TD-Clean-6,pre_refit,7,B0007,364,83.13252526962864,75.19069
TD-Clean-6,pre_refit,7,B0007,367,83.66359396289195,76.84742
TD-Clean-6,pre_refit,7,B0007,371,83.14841165448959,74.32328
TD-Clean-6,pre_refit,7,B0007,375,82.85488835556158,78.02801
TD-Clean-6,pre_refit,7,B0007,379,82.33123711829187,75.49457
TD-Clean-6,pre_refit,7,B0007,383,82.01142381939957,74.275955
TD-Clean-6,pre_refit,7,B0007,387,82.07206587982726,76.02287
TD-Clean-6,pre_refit,7,B0007,391,82.0495038543302,72.94369
TD-Clean-6,pre_refit,7,B0007,395,81.5031419618624,72.69384
TD-Clean-6,pre_refit,7,B0007,399,81.20841503507037,73.11146
TD-Clean-6,pre_refit,7,B0007,403,81.21721340553746,75.56645
TD-Clean-6,pre_refit,7,B0007,407,81.22601148878292,70.74248
TD-Clean-6,pre_refit,7,B0007,411,80.95054391771832,70.91449
TD-Clean-6,pre_refit,7,B0007,415,80.67227833994721,71.46996
TD-Clean-6,pre_refit,7,B0007,419,80.40565013650571,71.868614
TD-Clean-6,pre_refit,7,B0007,423,80.40335490244634,72.294815
TD-Clean-6,pre_refit,7,B0007,427,80.42152437300291,72.32669
TD-Clean-6,pre_refit,7,B0007,431,81.48461605871495,72.9964
TD-Clean-6,pre_refit,7,B0007,433,81.75963969607048,73.93036
TD-Clean-6,pre_refit,7,B0007,437,80.93560989493338,71.793564
TD-Clean-6,pre_refit,7,B0007,441,80.40209515327608,73.1652
TD-Clean-6,pre_refit,7,B0007,445,80.09419697809993,72.42178
TD-Clean-6,pre_refit,7,B0007,449,79.85042691616567,72.69808
TD-Clean-6,pre_refit,7,B0007,453,79.56495728605914,72.28266
TD-Clean-6,pre_refit,7,B0007,457,79.30076147796538,72.38733
TD-Clean-6,pre_refit,7,B0007,461,79.2776995197187,72.399055
TD-Clean-6,pre_refit,7,B0007,465,79.01573008127421,74.50332
TD-Clean-6,pre_refit,7,B0007,469,78.7529099419952,72.61153
TD-Clean-6,pre_refit,7,B0007,473,78.76631135529045,71.8388
TD-Clean-6,pre_refit,7,B0007,477,78.45734950325969,71.23814
TD-Clean-6,pre_refit,7,B0007,481,78.71925319505982,71.68059
TD-Clean-6,pre_refit,7,B0007,483,79.58166685963718,70.32476
TD-Clean-6,pre_refit,7,B0007,485,78.72860058663869,70.92942
TD-Clean-6,pre_refit,7,B0007,489,78.46501751785956,70.42186
TD-Clean-6,pre_refit,7,B0007,493,78.19738333514631,70.857925
TD-Clean-6,pre_refit,7,B0007,497,78.20645287101384,72.19144
TD-Clean-6,pre_refit,7,B0007,501,77.92824275772597,70.05313
TD-Clean-6,pre_refit,7,B0007,505,77.6497101362114,71.55365
TD-Clean-6,pre_refit,7,B0007,509,77.38028422735451,73.02592
TD-Clean-6,pre_refit,7,B0007,513,77.09660547904922,71.49508
TD-Clean-6,pre_refit,7,B0007,517,77.11046744203753,70.99758
TD-Clean-6,pre_refit,7,B0007,521,76.85550035450103,70.80348
TD-Clean-6,pre_refit,7,B0007,525,76.85236240084764,73.26927
TD-Clean-6,pre_refit,7,B0007,529,76.56671722215358,71.61064
TD-Clean-6,pre_refit,7,B0007,533,76.29399038621672,72.187325
TD-Clean-6,pre_refit,7,B0007,537,76.32425788720361,69.90635
TD-Clean-6,pre_refit,7,B0007,541,76.29658741049414,72.488785
TD-Clean-6,pre_refit,7,B0007,545,76.59209728582513,71.04446
TD-Clean-6,pre_refit,7,B0007,548,77.93863743061358,70.03872
TD-Clean-6,pre_refit,7,B0007,552,77.12364718084329,70.02086
TD-Clean-6,pre_refit,7,B0007,556,76.8725967441492,71.83071
TD-Clean-6,pre_refit,7,B0007,560,76.58854113704766,74.06589
TD-Clean-6,pre_refit,7,B0007,564,76.04885672654179,72.4391
TD-Clean-6,pre_refit,7,B0007,568,76.05828438472663,70.944565
TD-Clean-6,pre_refit,7,B0007,572,75.76335089505734,72.637634
TD-Clean-6,pre_refit,7,B0007,576,75.75439980355237,71.657684
TD-Clean-6,pre_refit,7,B0007,580,75.49812548326929,69.637665
TD-Clean-6,pre_refit,7,B0007,584,75.23591897923467,72.39704
TD-Clean-6,pre_refit,7,B0007,588,75.24924732301496,70.97727
TD-Clean-6,pre_refit,7,B0007,592,74.94444174506414,70.69568
TD-Clean-6,pre_refit,7,B0007,596,74.95266425125988,70.495514
TD-Clean-6,pre_refit,7,B0007,600,74.69643604452878,72.20478
TD-Clean-6,pre_refit,7,B0007,604,74.7051700493532,70.58829
TD-Clean-6,pre_refit,7,B0007,608,74.39278959915883,70.19286
TD-Clean-6,pre_refit,7,B0007,612,75.52591562947222,71.48366
TD-Clean-6,pre_refit,7,B0007,614,76.09264518290325,71.2413
TD-Clean-6,refit_on_3,7,B0007,2,100.45351791563915,81.266495
TD-Clean-6,refit_on_3,7,B0007,4,99.900254379013,96.11193
TD-Clean-6,refit_on_3,7,B0007,6,99.90161660017114,95.62026
TD-Clean-6,refit_on_3,7,B0007,8,99.9073657865712,94.996124
TD-Clean-6,refit_on_3,7,B0007,10,99.83724531860553,94.6446
TD-Clean-6,refit_on_3,7,B0007,12,99.90361817867274,95.96301
TD-Clean-6,refit_on_3,7,B0007,14,99.86297576917136,95.84653
TD-Clean-6,refit_on_3,7,B0007,16,99.94656396119812,96.377304
TD-Clean-6,refit_on_3,7,B0007,18,99.31878532934633,95.61008
TD-Clean-6,refit_on_3,7,B0007,20,99.33799331164263,95.07947
TD-Clean-6,refit_on_3,7,B0007,22,99.33756087304828,94.65689
TD-Clean-6,refit_on_3,7,B0007,25,98.78551523188162,93.863205
TD-Clean-6,refit_on_3,7,B0007,27,98.75485184986668,95.57079
TD-Clean-6,refit_on_3,7,B0007,29,98.75133536665352,93.127106
TD-Clean-6,refit_on_3,7,B0007,31,98.77012942519043,95.85224
TD-Clean-6,refit_on_3,7,B0007,33,98.73683812511632,95.36649
TD-Clean-6,refit_on_3,7,B0007,35,98.15685575226132,95.24504
TD-Clean-6,refit_on_3,7,B0007,37,98.19446503474695,96.014946
TD-Clean-6,refit_on_3,7,B0007,39,98.186691403046,95.12341
TD-Clean-6,refit_on_3,7,B0007,42,99.90787801510066,97.67192
TD-Clean-6,refit_on_3,7,B0007,46,99.94461695603135,98.48282
TD-Clean-6,refit_on_3,7,B0007,50,99.92460497901308,98.26594
TD-Clean-6,refit_on_3,7,B0007,54,99.38880751306714,97.68041
TD-Clean-6,refit_on_3,7,B0007,58,99.34580918956073,95.6776
TD-Clean-6,refit_on_3,7,B0007,62,99.37088315432128,98.74513
TD-Clean-6,refit_on_3,7,B0007,66,98.78342046080256,97.7634
TD-Clean-6,refit_on_3,7,B0007,70,98.8058078187501,97.4936
TD-Clean-6,refit_on_3,7,B0007,74,98.75966747373796,96.97251
TD-Clean-6,refit_on_3,7,B0007,78,98.1739885027512,97.16429
TD-Clean-6,refit_on_3,7,B0007,82,98.23039625446908,96.529785
TD-Clean-6,refit_on_3,7,B0007,86,100.05062324611636,93.50603
TD-Clean-6,refit_on_3,7,B0007,90,98.95386520139344,101.28534
TD-Clean-6,refit_on_3,7,B0007,94,98.38356039411237,100.369064
TD-Clean-6,refit_on_3,7,B0007,98,98.11080955264678,98.14774
TD-Clean-6,refit_on_3,7,B0007,102,97.57312273601715,100.29863
TD-Clean-6,refit_on_3,7,B0007,106,97.5908400366413,98.89259
TD-Clean-6,refit_on_3,7,B0007,110,97.29922460125108,97.87691
TD-Clean-6,refit_on_3,7,B0007,114,96.74012336609094,99.707634
TD-Clean-6,refit_on_3,7,B0007,118,96.49359124138364,97.54831
TD-Clean-6,refit_on_3,7,B0007,122,96.22137391342224,98.037025
TD-Clean-6,refit_on_3,7,B0007,126,96.233276781278,97.93991
TD-Clean-6,refit_on_3,7,B0007,130,95.93841918044076,98.137566
TD-Clean-6,refit_on_3,7,B0007,134,96.31819241353496,97.06526
TD-Clean-6,refit_on_3,7,B0007,136,95.94953719543624,96.23625
TD-Clean-6,refit_on_3,7,B0007,140,95.3953227427902,95.64047
TD-Clean-6,refit_on_3,7,B0007,144,94.86699939598208,97.18232
TD-Clean-6,refit_on_3,7,B0007,148,94.57173479963342,95.355225
TD-Clean-6,refit_on_3,7,B0007,150,96.41760769059738,96.170685
TD-Clean-6,refit_on_3,7,B0007,154,96.45090493439226,98.12865
TD-Clean-6,refit_on_3,7,B0007,158,95.6297003383392,96.77594
TD-Clean-6,refit_on_3,7,B0007,162,95.10935396520227,98.75287
TD-Clean-6,refit_on_3,7,B0007,166,94.57259385530976,95.70315
TD-Clean-6,refit_on_3,7,B0007,170,94.30623404626093,97.49472
TD-Clean-6,refit_on_3,7,B0007,174,94.0371367595855,96.02242
TD-Clean-6,refit_on_3,7,B0007,178,93.49626919937222,94.74236
TD-Clean-6,refit_on_3,7,B0007,182,92.9420388383138,91.92518
TD-Clean-6,refit_on_3,7,B0007,186,92.94217065781828,91.89611
TD-Clean-6,refit_on_3,7,B0007,190,92.69668329388116,92.21212
TD-Clean-6,refit_on_3,7,B0007,194,92.41073633514534,91.626625
TD-Clean-6,refit_on_3,7,B0007,198,91.82208130681248,90.01982
TD-Clean-6,refit_on_3,7,B0007,202,91.5743327473832,94.693695
TD-Clean-6,refit_on_3,7,B0007,206,91.04730118386937,91.42607
TD-Clean-6,refit_on_3,7,B0007,210,91.04684020750553,90.054276
TD-Clean-6,refit_on_3,7,B0007,214,90.49873919973382,87.23674
TD-Clean-6,refit_on_3,7,B0007,216,90.51794914609178,89.27638
TD-Clean-6,refit_on_3,7,B0007,220,89.96325858213598,90.960625
TD-Clean-6,refit_on_3,7,B0007,224,89.64911074691454,88.18594
TD-Clean-6,refit_on_3,7,B0007,228,89.4056438247883,88.70409
TD-Clean-6,refit_on_3,7,B0007,232,89.13221056506995,88.501396
TD-Clean-6,refit_on_3,7,B0007,236,88.88142970948275,90.58417
TD-Clean-6,refit_on_3,7,B0007,240,88.57496163215028,85.95449
TD-Clean-6,refit_on_3,7,B0007,244,88.30030467403411,85.899765
TD-Clean-6,refit_on_3,7,B0007,248,88.04309784572763,85.53138
TD-Clean-6,refit_on_3,7,B0007,252,87.7835715053401,84.752235
TD-Clean-6,refit_on_3,7,B0007,256,87.5009058762453,84.489
TD-Clean-6,refit_on_3,7,B0007,260,86.92700430940862,85.853546
TD-Clean-6,refit_on_3,7,B0007,264,86.91859800690037,83.83354
TD-Clean-6,refit_on_3,7,B0007,266,87.17696241036246,83.582275
TD-Clean-6,refit_on_3,7,B0007,270,86.66971006432802,83.58027
TD-Clean-6,refit_on_3,7,B0007,274,86.11955257111292,83.45656
TD-Clean-6,refit_on_3,7,B0007,278,85.86532022039283,86.51448
TD-Clean-6,refit_on_3,7,B0007,282,85.83324550155743,82.79458
TD-Clean-6,refit_on_3,7,B0007,286,85.88108948972226,81.91266
TD-Clean-6,refit_on_3,7,B0007,290,85.56987844007078,82.588554
TD-Clean-6,refit_on_3,7,B0007,294,85.027771191142,84.157745
TD-Clean-6,refit_on_3,7,B0007,298,84.77582688520748,80.71988
TD-Clean-6,refit_on_3,7,B0007,302,84.79178974791847,81.95242
TD-Clean-6,refit_on_3,7,B0007,306,84.76993385106519,80.907425
TD-Clean-6,refit_on_3,7,B0007,310,84.49605927424464,79.18557
TD-Clean-6,refit_on_3,7,B0007,313,89.71090998622898,80.15263
TD-Clean-6,refit_on_3,7,B0007,316,86.37349719367897,81.91837
TD-Clean-6,refit_on_3,7,B0007,320,85.82898928627563,81.75013
TD-Clean-6,refit_on_3,7,B0007,324,85.2934976107533,80.834526
TD-Clean-6,refit_on_3,7,B0007,328,84.72574724857897,80.72498
TD-Clean-6,refit_on_3,7,B0007,332,84.48328177752624,80.71115
TD-Clean-6,refit_on_3,7,B0007,336,84.21457006738538,80.45491
TD-Clean-6,refit_on_3,7,B0007,340,83.9288888229777,79.81685
TD-Clean-6,refit_on_3,7,B0007,344,83.67629222648154,81.55296
TD-Clean-6,refit_on_3,7,B0007,348,83.38837618926404,79.16913
TD-Clean-6,refit_on_3,7,B0007,352,83.41270816038221,79.32207
TD-Clean-6,refit_on_3,7,B0007,356,83.14675201444969,77.83959
TD-Clean-6,refit_on_3,7,B0007,360,82.8484308280049,80.02539
TD-Clean-6,refit_on_3,7,B0007,364,83.13252526962864,78.07791
TD-Clean-6,refit_on_3,7,B0007,367,83.66359396289195,81.33732
TD-Clean-6,refit_on_3,7,B0007,371,83.14841165448959,77.82355
TD-Clean-6,refit_on_3,7,B0007,375,82.85488835556158,81.702
TD-Clean-6,refit_on_3,7,B0007,379,82.33123711829187,78.250015
TD-Clean-6,refit_on_3,7,B0007,383,82.01142381939957,77.47586
TD-Clean-6,refit_on_3,7,B0007,387,82.07206587982726,79.78076
TD-Clean-6,refit_on_3,7,B0007,391,82.0495038543302,76.65756
TD-Clean-6,refit_on_3,7,B0007,395,81.5031419618624,75.71813
TD-Clean-6,refit_on_3,7,B0007,399,81.20841503507037,76.11623
TD-Clean-6,refit_on_3,7,B0007,403,81.21721340553746,79.216324
TD-Clean-6,refit_on_3,7,B0007,407,81.22601148878292,74.40045
TD-Clean-6,refit_on_3,7,B0007,411,80.95054391771832,74.13689
TD-Clean-6,refit_on_3,7,B0007,415,80.67227833994721,74.37866
TD-Clean-6,refit_on_3,7,B0007,419,80.40565013650571,74.59716
TD-Clean-6,refit_on_3,7,B0007,423,80.40335490244634,75.65498
TD-Clean-6,refit_on_3,7,B0007,427,80.42152437300291,76.25902
TD-Clean-6,refit_on_3,7,B0007,431,81.48461605871495,75.79677
TD-Clean-6,refit_on_3,7,B0007,433,81.75963969607048,77.64954
TD-Clean-6,refit_on_3,7,B0007,437,80.93560989493338,74.298035
TD-Clean-6,refit_on_3,7,B0007,441,80.40209515327608,75.41823
TD-Clean-6,refit_on_3,7,B0007,445,80.09419697809993,74.563286
TD-Clean-6,refit_on_3,7,B0007,449,79.85042691616567,74.94299
TD-Clean-6,refit_on_3,7,B0007,453,79.56495728605914,74.32389
TD-Clean-6,refit_on_3,7,B0007,457,79.30076147796538,74.42517
TD-Clean-6,refit_on_3,7,B0007,461,79.2776995197187,74.31729
TD-Clean-6,refit_on_3,7,B0007,465,79.01573008127421,76.29588
TD-Clean-6,refit_on_3,7,B0007,469,78.7529099419952,74.36146
TD-Clean-6,refit_on_3,7,B0007,473,78.76631135529045,73.75091
TD-Clean-6,refit_on_3,7,B0007,477,78.45734950325969,72.96301
TD-Clean-6,refit_on_3,7,B0007,481,78.71925319505982,74.45871
TD-Clean-6,refit_on_3,7,B0007,483,79.58166685963718,73.01846
TD-Clean-6,refit_on_3,7,B0007,485,78.72860058663869,72.82952
TD-Clean-6,refit_on_3,7,B0007,489,78.46501751785956,72.14844
TD-Clean-6,refit_on_3,7,B0007,493,78.19738333514631,72.26639
TD-Clean-6,refit_on_3,7,B0007,497,78.20645287101384,74.6344
TD-Clean-6,refit_on_3,7,B0007,501,77.92824275772597,72.59953
TD-Clean-6,refit_on_3,7,B0007,505,77.6497101362114,73.499245
TD-Clean-6,refit_on_3,7,B0007,509,77.38028422735451,74.504105
TD-Clean-6,refit_on_3,7,B0007,513,77.09660547904922,73.08171
TD-Clean-6,refit_on_3,7,B0007,517,77.11046744203753,73.325775
TD-Clean-6,refit_on_3,7,B0007,521,76.85550035450103,72.871735
TD-Clean-6,refit_on_3,7,B0007,525,76.85236240084764,74.82179
TD-Clean-6,refit_on_3,7,B0007,529,76.56671722215358,72.85848
TD-Clean-6,refit_on_3,7,B0007,533,76.29399038621672,73.68283
TD-Clean-6,refit_on_3,7,B0007,537,76.32425788720361,72.00034
TD-Clean-6,refit_on_3,7,B0007,541,76.29658741049414,74.25906
TD-Clean-6,refit_on_3,7,B0007,545,76.59209728582513,71.798134
TD-Clean-6,refit_on_3,7,B0007,548,77.93863743061358,72.23425
TD-Clean-6,refit_on_3,7,B0007,552,77.12364718084329,71.67128
TD-Clean-6,refit_on_3,7,B0007,556,76.8725967441492,73.31532
TD-Clean-6,refit_on_3,7,B0007,560,76.58854113704766,75.66029
TD-Clean-6,refit_on_3,7,B0007,564,76.04885672654179,73.94466
TD-Clean-6,refit_on_3,7,B0007,568,76.05828438472663,72.39603
TD-Clean-6,refit_on_3,7,B0007,572,75.76335089505734,74.16753
TD-Clean-6,refit_on_3,7,B0007,576,75.75439980355237,73.16678
TD-Clean-6,refit_on_3,7,B0007,580,75.49812548326929,71.08701
TD-Clean-6,refit_on_3,7,B0007,584,75.23591897923467,74.09397
TD-Clean-6,refit_on_3,7,B0007,588,75.24924732301496,72.5555
TD-Clean-6,refit_on_3,7,B0007,592,74.94444174506414,72.519966
TD-Clean-6,refit_on_3,7,B0007,596,74.95266425125988,72.08671
TD-Clean-6,refit_on_3,7,B0007,600,74.69643604452878,73.93681
TD-Clean-6,refit_on_3,7,B0007,604,74.7051700493532,72.39486
TD-Clean-6,refit_on_3,7,B0007,608,74.39278959915883,72.15375
TD-Clean-6,refit_on_3,7,B0007,612,75.52591562947222,73.91927
TD-Clean-6,refit_on_3,7,B0007,614,76.09264518290325,74.43684
TD-Clean-6,pre_refit,7,B0018,3,100.8025811041783,68.41416
TD-Clean-6,pre_refit,7,B0018,7,100.16087022619236,92.4686
TD-Clean-6,pre_refit,7,B0018,11,99.96558598273582,91.25236
TD-Clean-6,pre_refit,7,B0018,15,99.48041766162956,91.6264
TD-Clean-6,pre_refit,7,B0018,18,99.59054502526398,92.82221
TD-Clean-6,pre_refit,7,B0018,20,99.36387169185286,88.639145
TD-Clean-6,pre_refit,7,B0018,22,98.96567828327716,88.19416
TD-Clean-6,pre_refit,7,B0018,24,98.63793870309058,88.29622
TD-Clean-6,pre_refit,7,B0018,27,98.04714689052696,88.50842
TD-Clean-6,pre_refit,7,B0018,30,99.06887382997856,92.18812
TD-Clean-6,pre_refit,7,B0018,32,98.47248926951052,89.35305
TD-Clean-6,pre_refit,7,B0018,34,98.068534707018,88.99865
TD-Clean-6,pre_refit,7,B0018,36,97.31606084566693,88.205246
TD-Clean-6,pre_refit,7,B0018,39,96.91537145663308,88.11814
TD-Clean-6,pre_refit,7,B0018,42,96.77777434993364,91.72686
TD-Clean-6,pre_refit,7,B0018,44,96.24906078283864,88.853645
TD-Clean-6,pre_refit,7,B0018,46,96.10893521170082,87.870926
TD-Clean-6,pre_refit,7,B0018,48,95.29382636269746,87.406235
TD-Clean-6,pre_refit,7,B0018,51,94.89112029628322,87.32054
TD-Clean-6,pre_refit,7,B0018,54,94.42623362260446,89.351944
TD-Clean-6,pre_refit,7,B0018,56,94.09214261326034,87.31161
TD-Clean-6,pre_refit,7,B0018,58,92.84655809058668,90.85425
TD-Clean-6,pre_refit,7,B0018,60,93.00278636580364,86.95728
TD-Clean-6,pre_refit,7,B0018,63,92.78717154289568,86.616585
TD-Clean-6,pre_refit,7,B0018,66,95.05514633441328,89.07408
TD-Clean-6,pre_refit,7,B0018,68,94.16023397654948,89.31667
TD-Clean-6,pre_refit,7,B0018,70,93.58756901230694,88.31543
TD-Clean-6,pre_refit,7,B0018,72,93.02323711734508,87.62215
TD-Clean-6,pre_refit,7,B0018,75,92.33971230163448,87.02357
TD-Clean-6,pre_refit,7,B0018,78,92.05544475967478,87.958626
TD-Clean-6,pre_refit,7,B0018,80,91.39607597710202,87.16034
TD-Clean-6,pre_refit,7,B0018,82,91.12841202900309,87.046005
TD-Clean-6,pre_refit,7,B0018,84,90.50598444143154,86.62717
TD-Clean-6,pre_refit,7,B0018,87,90.05329919062662,85.71825
TD-Clean-6,pre_refit,7,B0018,90,89.56595375021743,86.27661
TD-Clean-6,pre_refit,7,B0018,92,89.05221474379236,85.57358
TD-Clean-6,pre_refit,7,B0018,94,88.4478648526792,85.82275
TD-Clean-6,pre_refit,7,B0018,96,88.14926233550939,84.86077
TD-Clean-6,pre_refit,7,B0018,99,87.70654438914323,85.13104
TD-Clean-6,pre_refit,7,B0018,102,91.07812245566797,85.74829
TD-Clean-6,pre_refit,7,B0018,104,89.62445100410937,87.072044
TD-Clean-6,pre_refit,7,B0018,106,88.70513095013024,86.363335
TD-Clean-6,pre_refit,7,B0018,108,87.83746900859978,85.83926
TD-Clean-6,pre_refit,7,B0018,111,87.53788044222665,84.63427
TD-Clean-6,pre_refit,7,B0018,114,86.69891328476463,84.40927
TD-Clean-6,pre_refit,7,B0018,117,93.83080462693712,79.21134
TD-Clean-6,pre_refit,7,B0018,119,93.27978546012802,90.99771
TD-Clean-6,pre_refit,7,B0018,121,92.1525471966999,90.020805
TD-Clean-6,pre_refit,7,B0018,123,91.17195305362098,89.35729
TD-Clean-6,pre_refit,7,B0018,125,90.2416573040256,88.39061
TD-Clean-6,pre_refit,7,B0018,128,90.55423897233052,89.96169
TD-Clean-6,pre_refit,7,B0018,130,89.49039068452917,87.45271
TD-Clean-6,pre_refit,7,B0018,132,88.3454487099843,91.4935
TD-Clean-6,pre_refit,7,B0018,134,87.60607299731777,91.23529
TD-Clean-6,pre_refit,7,B0018,136,87.25714700042141,86.41139
TD-Clean-6,pre_refit,7,B0018,141,90.9473619616094,93.50502
TD-Clean-6,pre_refit,7,B0018,143,89.1426764135498,88.69418
TD-Clean-6,pre_refit,7,B0018,145,87.66626044455795,87.55268
TD-Clean-6,pre_refit,7,B0018,147,86.51592379470374,86.41462
TD-Clean-6,pre_refit,7,B0018,150,86.21730704320841,85.4797
TD-Clean-6,pre_refit,7,B0018,153,85.8627581657356,84.66478
TD-Clean-6,pre_refit,7,B0018,155,84.99855590440428,85.00605
TD-Clean-6,pre_refit,7,B0018,157,84.53366840480606,84.16475
TD-Clean-6,pre_refit,7,B0018,159,83.69607194854545,83.97646
TD-Clean-6,pre_refit,7,B0018,162,83.25899594193369,83.328735
TD-Clean-6,pre_refit,7,B0018,165,83.22975722050174,81.560104
TD-Clean-6,pre_refit,7,B0018,167,82.72092847997168,83.302345
TD-Clean-6,pre_refit,7,B0018,169,81.86598978006339,82.09024
TD-Clean-6,pre_refit,7,B0018,171,81.58859278240016,83.015915
TD-Clean-6,pre_refit,7,B0018,174,81.31316363799587,82.00042
TD-Clean-6,pre_refit,7,B0018,177,83.32773163808899,81.32402
TD-Clean-6,pre_refit,7,B0018,179,82.80709531820148,83.01054
TD-Clean-6,pre_refit,7,B0018,181,81.57610219236552,82.36537
TD-Clean-6,pre_refit,7,B0018,183,81.09929204028072,81.77874
TD-Clean-6,pre_refit,7,B0018,185,80.60512587063184,81.4545
TD-Clean-6,pre_refit,7,B0018,188,80.4645909654616,80.06003
TD-Clean-6,pre_refit,7,B0018,190,80.07171192098461,81.053635
TD-Clean-6,pre_refit,7,B0018,192,79.77346222448996,80.41411
TD-Clean-6,pre_refit,7,B0018,194,79.23402412051846,80.1948
TD-Clean-6,pre_refit,7,B0018,197,78.6783203089025,79.91365
TD-Clean-6,pre_refit,7,B0018,200,78.94539372549075,77.99593
TD-Clean-6,pre_refit,7,B0018,202,78.38865828037459,79.86236
TD-Clean-6,pre_refit,7,B0018,204,78.21127069246836,79.49778
TD-Clean-6,pre_refit,7,B0018,206,77.6339684068403,79.29075
TD-Clean-6,pre_refit,7,B0018,209,77.43046760934243,79.2991
TD-Clean-6,pre_refit,7,B0018,212,79.8708545166814,79.79613
TD-Clean-6,pre_refit,7,B0018,214,78.93458463676515,80.77028
TD-Clean-6,pre_refit,7,B0018,216,78.40488242765085,80.76304
TD-Clean-6,pre_refit,7,B0018,218,77.61921434771055,79.7665
TD-Clean-6,pre_refit,7,B0018,220,76.9170609064971,79.3361
TD-Clean-6,pre_refit,7,B0018,223,79.04297866359087,76.41959
TD-Clean-6,pre_refit,7,B0018,225,77.61605692618127,80.01012
TD-Clean-6,pre_refit,7,B0018,227,77.14789574863566,79.58725
TD-Clean-6,pre_refit,7,B0018,229,76.92281444261894,78.9907
TD-Clean-6,pre_refit,7,B0018,232,76.3858924270674,79.23368
TD-Clean-6,pre_refit,7,B0018,235,76.53620320177981,77.81034
TD-Clean-6,pre_refit,7,B0018,237,75.9063201738239,78.78429
TD-Clean-6,pre_refit,7,B0018,239,75.72766142150313,78.844055
TD-Clean-6,pre_refit,7,B0018,241,75.49928800503805,78.94672
TD-Clean-6,pre_refit,7,B0018,244,74.9124451895705,77.62117
TD-Clean-6,pre_refit,7,B0018,247,75.25674730493446,77.06979
TD-Clean-6,pre_refit,7,B0018,249,74.46467849076038,77.86579
TD-Clean-6,pre_refit,7,B0018,251,74.62885626516028,78.29482
TD-Clean-6,pre_refit,7,B0018,253,74.33553994642665,78.51454
TD-Clean-6,pre_refit,7,B0018,256,73.72504079935909,78.29431
TD-Clean-6,pre_refit,7,B0018,259,79.36110924975578,76.733795
TD-Clean-6,pre_refit,7,B0018,261,78.799706688891,81.73779
TD-Clean-6,pre_refit,7,B0018,263,78.14983302548104,82.394714
TD-Clean-6,pre_refit,7,B0018,265,77.61878718971624,81.55729
TD-Clean-6,pre_refit,7,B0018,267,76.88079746021991,81.23922
TD-Clean-6,pre_refit,7,B0018,270,76.8319836786595,79.21974
TD-Clean-6,pre_refit,7,B0018,272,76.01926160635412,80.79704
TD-Clean-6,pre_refit,7,B0018,274,75.82358510102308,81.08841
TD-Clean-6,pre_refit,7,B0018,276,75.53633219814198,81.001335
TD-Clean-6,pre_refit,7,B0018,279,75.31793705780649,79.48152
TD-Clean-6,pre_refit,7,B0018,282,75.43684114368729,75.6974
TD-Clean-6,pre_refit,7,B0018,284,74.7829788363973,77.3198
TD-Clean-6,pre_refit,7,B0018,286,74.15991898288928,77.31283
TD-Clean-6,pre_refit,7,B0018,288,73.84846878839457,77.9596
TD-Clean-6,pre_refit,7,B0018,291,73.15537271331122,79.145226
TD-Clean-6,pre_refit,7,B0018,294,77.53589472577204,74.98776
TD-Clean-6,pre_refit,7,B0018,296,76.42763235972666,81.39698
TD-Clean-6,pre_refit,7,B0018,298,75.72351586777258,80.92886
TD-Clean-6,pre_refit,7,B0018,300,75.4386936803776,81.31449
TD-Clean-6,pre_refit,7,B0018,302,74.45721490205536,80.70857
TD-Clean-6,pre_refit,7,B0018,305,74.97385174402893,77.537445
TD-Clean-6,pre_refit,7,B0018,307,74.3741167471391,80.32541
TD-Clean-6,pre_refit,7,B0018,309,74.05233968989694,80.03499
TD-Clean-6,pre_refit,7,B0018,311,74.08863589293038,79.32294
TD-Clean-6,pre_refit,7,B0018,314,73.46151441244959,79.64466
TD-Clean-6,pre_refit,7,B0018,317,73.62086195282473,77.197136
TD-Clean-6,pre_refit,7,B0018,319,72.87391760769836,79.733055
TD-Clean-6,refit_on_3,7,B0018,3,100.8025811041783,70.36986
TD-Clean-6,refit_on_3,7,B0018,7,100.16087022619236,94.099625
TD-Clean-6,refit_on_3,7,B0018,11,99.96558598273582,91.84198
TD-Clean-6,refit_on_3,7,B0018,15,99.48041766162956,92.27375
TD-Clean-6,refit_on_3,7,B0018,18,99.59054502526398,95.487404
TD-Clean-6,refit_on_3,7,B0018,20,99.36387169185286,87.95053
TD-Clean-6,refit_on_3,7,B0018,22,98.96567828327716,87.41792
TD-Clean-6,refit_on_3,7,B0018,24,98.63793870309058,87.44705
TD-Clean-6,refit_on_3,7,B0018,27,98.04714689052696,87.74655
TD-Clean-6,refit_on_3,7,B0018,30,99.06887382997856,94.40869
TD-Clean-6,refit_on_3,7,B0018,32,98.47248926951052,88.91716
TD-Clean-6,refit_on_3,7,B0018,34,98.068534707018,88.0594
TD-Clean-6,refit_on_3,7,B0018,36,97.31606084566693,87.29432
TD-Clean-6,refit_on_3,7,B0018,39,96.91537145663308,87.246826
TD-Clean-6,refit_on_3,7,B0018,42,96.77777434993364,93.42221
TD-Clean-6,refit_on_3,7,B0018,44,96.24906078283864,88.53426
TD-Clean-6,refit_on_3,7,B0018,46,96.10893521170082,86.93408
TD-Clean-6,refit_on_3,7,B0018,48,95.29382636269746,86.407074
TD-Clean-6,refit_on_3,7,B0018,51,94.89112029628322,86.05667
TD-Clean-6,refit_on_3,7,B0018,54,94.42623362260446,89.75027
TD-Clean-6,refit_on_3,7,B0018,56,94.09214261326034,86.71879
TD-Clean-6,refit_on_3,7,B0018,58,92.84655809058668,89.26446
TD-Clean-6,refit_on_3,7,B0018,60,93.00278636580364,86.45525
TD-Clean-6,refit_on_3,7,B0018,63,92.78717154289568,86.09674
TD-Clean-6,refit_on_3,7,B0018,66,95.05514633441328,91.74528
TD-Clean-6,refit_on_3,7,B0018,68,94.16023397654948,89.06334
TD-Clean-6,refit_on_3,7,B0018,70,93.58756901230694,88.01811
TD-Clean-6,refit_on_3,7,B0018,72,93.02323711734508,86.91992
TD-Clean-6,refit_on_3,7,B0018,75,92.33971230163448,85.944786
TD-Clean-6,refit_on_3,7,B0018,78,92.05544475967478,88.94505
TD-Clean-6,refit_on_3,7,B0018,80,91.39607597710202,86.84688
TD-Clean-6,refit_on_3,7,B0018,82,91.12841202900309,86.79378
TD-Clean-6,refit_on_3,7,B0018,84,90.50598444143154,86.16677
TD-Clean-6,refit_on_3,7,B0018,87,90.05329919062662,84.93964
TD-Clean-6,refit_on_3,7,B0018,90,89.56595375021743,87.49808
TD-Clean-6,refit_on_3,7,B0018,92,89.05221474379236,84.63465
TD-Clean-6,refit_on_3,7,B0018,94,88.4478648526792,85.748886
TD-Clean-6,refit_on_3,7,B0018,96,88.14926233550939,85.16721
TD-Clean-6,refit_on_3,7,B0018,99,87.70654438914323,84.666336
TD-Clean-6,refit_on_3,7,B0018,102,91.07812245566797,87.57593
TD-Clean-6,refit_on_3,7,B0018,104,89.62445100410937,86.47612
TD-Clean-6,refit_on_3,7,B0018,106,88.70513095013024,85.27457
TD-Clean-6,refit_on_3,7,B0018,108,87.83746900859978,84.8458
TD-Clean-6,refit_on_3,7,B0018,111,87.53788044222665,84.20426
TD-Clean-6,refit_on_3,7,B0018,114,86.69891328476463,86.02336
TD-Clean-6,refit_on_3,7,B0018,117,93.83080462693712,81.26577
TD-Clean-6,refit_on_3,7,B0018,119,93.27978546012802,88.84671
TD-Clean-6,refit_on_3,7,B0018,121,92.1525471966999,88.449265
TD-Clean-6,refit_on_3,7,B0018,123,91.17195305362098,88.0329
TD-Clean-6,refit_on_3,7,B0018,125,90.2416573040256,87.26697
TD-Clean-6,refit_on_3,7,B0018,128,90.55423897233052,91.38768
TD-Clean-6,refit_on_3,7,B0018,130,89.49039068452917,85.88594
TD-Clean-6,refit_on_3,7,B0018,132,88.3454487099843,89.50982
TD-Clean-6,refit_on_3,7,B0018,134,87.60607299731777,88.78208
TD-Clean-6,refit_on_3,7,B0018,136,87.25714700042141,85.260574
TD-Clean-6,refit_on_3,7,B0018,141,90.9473619616094,95.33974
TD-Clean-6,refit_on_3,7,B0018,143,89.1426764135498,87.44245
TD-Clean-6,refit_on_3,7,B0018,145,87.66626044455795,85.950645
TD-Clean-6,refit_on_3,7,B0018,147,86.51592379470374,84.84861
TD-Clean-6,refit_on_3,7,B0018,150,86.21730704320841,84.12966
TD-Clean-6,refit_on_3,7,B0018,153,85.8627581657356,85.75885
TD-Clean-6,refit_on_3,7,B0018,155,84.99855590440428,83.97213
TD-Clean-6,refit_on_3,7,B0018,157,84.53366840480606,83.254486
TD-Clean-6,refit_on_3,7,B0018,159,83.69607194854545,83.09493
TD-Clean-6,refit_on_3,7,B0018,162,83.25899594193369,82.41289
TD-Clean-6,refit_on_3,7,B0018,165,83.22975722050174,82.08289
TD-Clean-6,refit_on_3,7,B0018,167,82.72092847997168,82.645485
TD-Clean-6,refit_on_3,7,B0018,169,81.86598978006339,81.77641
TD-Clean-6,refit_on_3,7,B0018,171,81.58859278240016,82.19226
TD-Clean-6,refit_on_3,7,B0018,174,81.31316363799587,81.2483
TD-Clean-6,refit_on_3,7,B0018,177,83.32773163808899,82.44556
TD-Clean-6,refit_on_3,7,B0018,179,82.80709531820148,82.35301
TD-Clean-6,refit_on_3,7,B0018,181,81.57610219236552,81.56252
TD-Clean-6,refit_on_3,7,B0018,183,81.09929204028072,81.26648
TD-Clean-6,refit_on_3,7,B0018,185,80.60512587063184,80.61504
TD-Clean-6,refit_on_3,7,B0018,188,80.4645909654616,80.565994
TD-Clean-6,refit_on_3,7,B0018,190,80.07171192098461,80.935555
TD-Clean-6,refit_on_3,7,B0018,192,79.77346222448996,79.87693
TD-Clean-6,refit_on_3,7,B0018,194,79.23402412051846,79.52816
TD-Clean-6,refit_on_3,7,B0018,197,78.6783203089025,79.199875
TD-Clean-6,refit_on_3,7,B0018,200,78.94539372549075,78.2228
TD-Clean-6,refit_on_3,7,B0018,202,78.38865828037459,79.62217
TD-Clean-6,refit_on_3,7,B0018,204,78.21127069246836,79.402016
TD-Clean-6,refit_on_3,7,B0018,206,77.6339684068403,78.88973
TD-Clean-6,refit_on_3,7,B0018,209,77.43046760934243,79.055435
TD-Clean-6,refit_on_3,7,B0018,212,79.8708545166814,80.4641
TD-Clean-6,refit_on_3,7,B0018,214,78.93458463676515,79.808586
TD-Clean-6,refit_on_3,7,B0018,216,78.40488242765085,79.860596
TD-Clean-6,refit_on_3,7,B0018,218,77.61921434771055,78.77081
TD-Clean-6,refit_on_3,7,B0018,220,76.9170609064971,79.0408
TD-Clean-6,refit_on_3,7,B0018,223,79.04297866359087,76.88134
TD-Clean-6,refit_on_3,7,B0018,225,77.61605692618127,79.323326
TD-Clean-6,refit_on_3,7,B0018,227,77.14789574863566,78.85706
TD-Clean-6,refit_on_3,7,B0018,229,76.92281444261894,78.125046
TD-Clean-6,refit_on_3,7,B0018,232,76.3858924270674,78.199196
TD-Clean-6,refit_on_3,7,B0018,235,76.53620320177981,77.6651
TD-Clean-6,refit_on_3,7,B0018,237,75.9063201738239,77.97285
TD-Clean-6,refit_on_3,7,B0018,239,75.72766142150313,78.450806
TD-Clean-6,refit_on_3,7,B0018,241,75.49928800503805,78.58932
TD-Clean-6,refit_on_3,7,B0018,244,74.9124451895705,76.835014
TD-Clean-6,refit_on_3,7,B0018,247,75.25674730493446,77.58299
TD-Clean-6,refit_on_3,7,B0018,249,74.46467849076038,77.16824
TD-Clean-6,refit_on_3,7,B0018,251,74.62885626516028,77.88684
TD-Clean-6,refit_on_3,7,B0018,253,74.33553994642665,78.25114
TD-Clean-6,refit_on_3,7,B0018,256,73.72504079935909,77.613914
TD-Clean-6,refit_on_3,7,B0018,259,79.36110924975578,77.43622
TD-Clean-6,refit_on_3,7,B0018,261,78.799706688891,81.0831
TD-Clean-6,refit_on_3,7,B0018,263,78.14983302548104,81.44873
TD-Clean-6,refit_on_3,7,B0018,265,77.61878718971624,80.285835
TD-Clean-6,refit_on_3,7,B0018,267,76.88079746021991,80.10221
TD-Clean-6,refit_on_3,7,B0018,270,76.8319836786595,79.233345
TD-Clean-6,refit_on_3,7,B0018,272,76.01926160635412,80.40641
TD-Clean-6,refit_on_3,7,B0018,274,75.82358510102308,80.37218
TD-Clean-6,refit_on_3,7,B0018,276,75.53633219814198,80.334175
TD-Clean-6,refit_on_3,7,B0018,279,75.31793705780649,78.53565
TD-Clean-6,refit_on_3,7,B0018,282,75.43684114368729,74.94268
TD-Clean-6,refit_on_3,7,B0018,284,74.7829788363973,76.236694
TD-Clean-6,refit_on_3,7,B0018,286,74.15991898288928,76.03919
TD-Clean-6,refit_on_3,7,B0018,288,73.84846878839457,76.79524
TD-Clean-6,refit_on_3,7,B0018,291,73.15537271331122,78.13246
TD-Clean-6,refit_on_3,7,B0018,294,77.53589472577204,75.38055
TD-Clean-6,refit_on_3,7,B0018,296,76.42763235972666,80.79829
TD-Clean-6,refit_on_3,7,B0018,298,75.72351586777258,79.666756
TD-Clean-6,refit_on_3,7,B0018,300,75.4386936803776,80.29243
TD-Clean-6,refit_on_3,7,B0018,302,74.45721490205536,79.63706
TD-Clean-6,refit_on_3,7,B0018,305,74.97385174402893,77.75684
TD-Clean-6,refit_on_3,7,B0018,307,74.3741167471391,79.223564
TD-Clean-6,refit_on_3,7,B0018,309,74.05233968989694,79.275925
TD-Clean-6,refit_on_3,7,B0018,311,74.08863589293038,78.885124
TD-Clean-6,refit_on_3,7,B0018,314,73.46151441244959,78.68853
TD-Clean-6,refit_on_3,7,B0018,317,73.62086195282473,76.52819
TD-Clean-6,refit_on_3,7,B0018,319,72.87391760769836,78.53871
TD-Clean-6,pre_refit,123,B0005,2,100.80760884947765,98.72795
TD-Clean-6,pre_refit,123,B0005,4,100.25590968770103,103.244606
TD-Clean-6,pre_refit,123,B0005,6,99.65979925247206,103.655556
TD-Clean-6,pre_refit,123,B0005,8,99.65509323788856,102.80708
TD-Clean-6,pre_refit,123,B0005,10,99.6215889724607,102.186325
TD-Clean-6,pre_refit,123,B0005,12,99.67676620535396,102.051414
TD-Clean-6,pre_refit,123,B0005,14,99.64877352944652,101.72221
TD-Clean-6,pre_refit,123,B0005,16,99.13892996732449,102.799614
TD-Clean-6,pre_refit,123,B0005,18,99.08555627584838,101.91697
TD-Clean-6,pre_refit,123,B0005,20,99.0768365083485,101.39299
TD-Clean-6,pre_refit,123,B0005,22,99.07717774099622,100.49207
TD-Clean-6,pre_refit,123,B0005,25,98.5114992237362,101.11178
TD-Clean-6,pre_refit,123,B0005,27,98.4870761948254,100.89517
TD-Clean-6,pre_refit,123,B0005,29,98.47015265835132,99.86327
TD-Clean-6,pre_refit,123,B0005,31,97.88140357167902,101.61117
TD-Clean-6,pre_refit,123,B0005,33,97.85473656745688,100.7782
TD-Clean-6,pre_refit,123,B0005,35,97.88039886599036,100.17798
TD-Clean-6,pre_refit,123,B0005,37,97.9069415267384,99.40953
TD-Clean-6,pre_refit,123,B0005,39,97.89115702988882,98.974396
TD-Clean-6,pre_refit,123,B0005,42,100.29385168145046,102.48009
TD-Clean-6,pre_refit,123,B0005,46,100.31510023136114,101.88574
TD-Clean-6,pre_refit,123,B0005,50,99.70477213786135,102.22719
TD-Clean-6,pre_refit,123,B0005,54,99.1402308374376,102.62733
TD-Clean-6,pre_refit,123,B0005,58,99.10400696359169,101.63505
TD-Clean-6,pre_refit,123,B0005,62,99.12941188644592,100.60297
TD-Clean-6,pre_refit,123,B0005,66,98.50222430381568,101.98637
TD-Clean-6,pre_refit,123,B0005,70,98.5423014565286,100.24008
TD-Clean-6,pre_refit,123,B0005,74,98.49887187571204,99.763374
TD-Clean-6,pre_refit,123,B0005,78,97.89050762402466,101.560616
TD-Clean-6,pre_refit,123,B0005,82,97.96171552529285,99.93925
TD-Clean-6,pre_refit,123,B0005,86,100.55321959197046,99.707504
TD-Clean-6,pre_refit,123,B0005,90,99.4075559707276,100.74391
TD-Clean-6,pre_refit,123,B0005,94,98.82112827769676,100.081764
TD-Clean-6,pre_refit,123,B0005,98,98.2457556393358,99.208206
TD-Clean-6,pre_refit,123,B0005,102,97.99065016377766,99.02658
TD-Clean-6,pre_refit,123,B0005,106,97.7065060215613,99.71917
TD-Clean-6,pre_refit,123,B0005,110,97.11279694879056,99.422386
TD-Clean-6,pre_refit,123,B0005,114,96.81304988059888,99.03406
TD-Clean-6,pre_refit,123,B0005,118,96.27605729788222,98.66162
TD-Clean-6,pre_refit,123,B0005,122,96.2762766313732,98.02979
TD-Clean-6,pre_refit,123,B0005,126,95.99578118843372,99.31913
TD-Clean-6,pre_refit,123,B0005,130,95.69403287907456,99.2548
TD-Clean-6,pre_refit,123,B0005,134,95.98194451474556,98.04271
TD-Clean-6,pre_refit,123,B0005,136,95.71321655496544,97.99564
TD-Clean-6,pre_refit,123,B0005,140,95.11928805425076,97.361496
TD-Clean-6,pre_refit,123,B0005,144,94.58275432725988,97.79536
TD-Clean-6,pre_refit,123,B0005,148,94.27008009570102,96.91123
TD-Clean-6,pre_refit,123,B0005,150,97.39411432859931,103.43307
TD-Clean-6,pre_refit,123,B0005,154,96.82749231246368,100.53274
TD-Clean-6,pre_refit,123,B0005,158,95.96820195991576,98.89745
TD-Clean-6,pre_refit,123,B0005,162,95.40638930769452,98.56438
TD-Clean-6,pre_refit,123,B0005,166,94.8553962680492,97.67261
TD-Clean-6,pre_refit,123,B0005,170,94.5755674779542,97.77415
TD-Clean-6,pre_refit,123,B0005,174,94.28806184403476,98.02475
TD-Clean-6,pre_refit,123,B0005,178,93.73958753620327,97.29799
TD-Clean-6,pre_refit,123,B0005,182,93.16861105469168,97.12055
TD-Clean-6,pre_refit,123,B0005,186,92.88227598613614,96.60164
TD-Clean-6,pre_refit,123,B0005,190,92.636901518198,97.22153
TD-Clean-6,pre_refit,123,B0005,194,92.32720191735562,97.32292
TD-Clean-6,pre_refit,123,B0005,198,92.01599848919145,96.568924
TD-Clean-6,pre_refit,123,B0005,202,91.49053823956656,97.392624
TD-Clean-6,pre_refit,123,B0005,206,90.92425521866993,97.4375
TD-Clean-6,pre_refit,123,B0005,210,90.92941856192826,96.46385
TD-Clean-6,pre_refit,123,B0005,214,90.34010561326173,96.14315
TD-Clean-6,pre_refit,123,B0005,216,90.0847586044663,97.28178
TD-Clean-6,pre_refit,123,B0005,220,89.80457989439137,96.54124
TD-Clean-6,pre_refit,123,B0005,224,89.19640288815545,96.69208
TD-Clean-6,pre_refit,123,B0005,228,88.93598251136243,96.27614
TD-Clean-6,pre_refit,123,B0005,232,88.65781340235759,96.56902
TD-Clean-6,pre_refit,123,B0005,236,88.38728178562198,96.54178
TD-Clean-6,pre_refit,123,B0005,240,88.08171260170519,95.21597
TD-Clean-6,pre_refit,123,B0005,244,87.49528010741024,96.62109
TD-Clean-6,pre_refit,123,B0005,248,87.2366743602368,96.04237
TD-Clean-6,pre_refit,123,B0005,252,86.96251727221627,95.1883
TD-Clean-6,pre_refit,123,B0005,256,86.35734215456989,96.20053
TD-Clean-6,pre_refit,123,B0005,260,86.10863457357058,96.20003
TD-Clean-6,pre_refit,123,B0005,264,86.06270063126725,94.80268
TD-Clean-6,pre_refit,123,B0005,266,86.63737677555004,95.60835
TD-Clean-6,pre_refit,123,B0005,270,85.50813849993258,95.04969
TD-Clean-6,pre_refit,123,B0005,274,84.97446653296429,94.971855
TD-Clean-6,pre_refit,123,B0005,278,84.69557819389517,96.32824
TD-Clean-6,pre_refit,123,B0005,282,84.68013627936132,95.69344
TD-Clean-6,pre_refit,123,B0005,286,84.41991821853574,95.54246
TD-Clean-6,pre_refit,123,B0005,290,84.10414931140878,95.368385
TD-Clean-6,pre_refit,123,B0005,294,83.52653061113354,95.924965
TD-Clean-6,pre_refit,123,B0005,298,82.96602561057489,95.18313
TD-Clean-6,pre_refit,123,B0005,302,82.99920327964658,95.233315
TD-Clean-6,pre_refit,123,B0005,306,82.68003018050378,96.79139
TD-Clean-6,pre_refit,123,B0005,310,82.39976893302816,96.52041
TD-Clean-6,pre_refit,123,B0005,313,87.19626195760692,94.51169
TD-Clean-6,pre_refit,123,B0005,316,84.91729656129593,94.81158
TD-Clean-6,pre_refit,123,B0005,320,84.06165489885902,95.55265
TD-Clean-6,pre_refit,123,B0005,324,83.2082752902044,96.61777
TD-Clean-6,pre_refit,123,B0005,328,82.91381970838151,94.8086
TD-Clean-6,pre_refit,123,B0005,332,82.37106085271179,96.05555
TD-Clean-6,pre_refit,123,B0005,336,82.09631790141844,95.59638
TD-Clean-6,pre_refit,123,B0005,340,81.80669701206385,95.8052
TD-Clean-6,pre_refit,123,B0005,344,81.53418918115372,95.98708
TD-Clean-6,pre_refit,123,B0005,348,80.95312575426658,96.79085
TD-Clean-6,pre_refit,123,B0005,352,80.6829269258604,97.125496
TD-Clean-6,pre_refit,123,B0005,356,80.38673535372676,96.84081
TD-Clean-6,pre_refit,123,B0005,360,80.10415225005684,97.05926
TD-Clean-6,pre_refit,123,B0005,364,80.68483906716317,95.28604
TD-Clean-6,pre_refit,123,B0005,367,81.23806188586506,96.81283
TD-Clean-6,pre_refit,123,B0005,371,80.40774500270479,96.090324
TD-Clean-6,pre_refit,123,B0005,375,79.80793062432481,97.22821
TD-Clean-6,pre_refit,123,B0005,379,78.94710440938543,96.38261
TD-Clean-6,pre_refit,123,B0005,383,78.96040682717852,97.314995
TD-Clean-6,pre_refit,123,B0005,387,79.00805769223405,96.97984
TD-Clean-6,pre_refit,123,B0005,391,78.68325635434054,96.8394
TD-Clean-6,pre_refit,123,B0005,395,78.12009683923326,97.53487
TD-Clean-6,pre_refit,123,B0005,399,77.83635095586517,97.41456
TD-Clean-6,pre_refit,123,B0005,403,77.83366081216815,97.67765
TD-Clean-6,pre_refit,123,B0005,407,77.54418562704669,98.07501
TD-Clean-6,pre_refit,123,B0005,411,77.26483532824366,97.650375
TD-Clean-6,pre_refit,123,B0005,415,76.96665751739931,97.219505
TD-Clean-6,pre_refit,123,B0005,419,76.69408123915822,97.05705
TD-Clean-6,pre_refit,123,B0005,423,76.7032886034996,97.143265
TD-Clean-6,pre_refit,123,B0005,427,76.43285089151239,98.845825
TD-Clean-6,pre_refit,123,B0005,431,77.83345221466253,96.69487
TD-Clean-6,pre_refit,123,B0005,433,78.09751233548145,96.79884
TD-Clean-6,pre_refit,123,B0005,437,76.96262218385922,97.4879
TD-Clean-6,pre_refit,123,B0005,441,76.3993634537507,97.83534
TD-Clean-6,pre_refit,123,B0005,445,76.08562321685423,97.40516
TD-Clean-6,pre_refit,123,B0005,449,75.84111192639295,97.76797
TD-Clean-6,pre_refit,123,B0005,453,75.5470202599512,97.166626
TD-Clean-6,pre_refit,123,B0005,457,75.2724773855306,97.42611
TD-Clean-6,pre_refit,123,B0005,461,74.95796574493023,97.85986
TD-Clean-6,pre_refit,123,B0005,465,74.67559060559861,98.63573
TD-Clean-6,pre_refit,123,B0005,469,74.4190975749656,97.86171
TD-Clean-6,pre_refit,123,B0005,473,74.41886702385212,97.25264
TD-Clean-6,pre_refit,123,B0005,477,74.10538957595438,97.92405
TD-Clean-6,pre_refit,123,B0005,481,74.68403981580354,98.910355
TD-Clean-6,pre_refit,123,B0005,483,75.26611054535188,97.856705
TD-Clean-6,pre_refit,123,B0005,485,74.38310747232698,98.827034
TD-Clean-6,pre_refit,123,B0005,489,74.10795710900801,97.945114
TD-Clean-6,pre_refit,123,B0005,493,73.53993654981534,99.11991
TD-Clean-6,pre_refit,123,B0005,497,73.55729388669064,99.521095
TD-Clean-6,pre_refit,123,B0005,501,73.56067241598603,98.77194
TD-Clean-6,pre_refit,123,B0005,505,73.26805286034079,98.686745
TD-Clean-6,pre_refit,123,B0005,509,72.98972077509227,98.49997
TD-Clean-6,pre_refit,123,B0005,513,72.70747847813722,98.810486
TD-Clean-6,pre_refit,123,B0005,517,72.70330518052887,99.244446
TD-Clean-6,pre_refit,123,B0005,521,72.43680818215978,99.39688
TD-Clean-6,pre_refit,123,B0005,525,72.14563728793834,99.99935
TD-Clean-6,pre_refit,123,B0005,529,71.84842350914826,99.72072
TD-Clean-6,pre_refit,123,B0005,533,71.57682808520298,100.66066
TD-Clean-6,pre_refit,123,B0005,537,71.59297070565168,100.807175
TD-Clean-6,pre_refit,123,B0005,541,71.58355486033668,99.9874
TD-Clean-6,pre_refit,123,B0005,545,71.88651633814797,99.3446
TD-Clean-6,pre_refit,123,B0005,548,73.85485752850198,95.75792
TD-Clean-6,pre_refit,123,B0005,552,72.73676298693475,98.60821
TD-Clean-6,pre_refit,123,B0005,556,72.16650080848474,99.50116
TD-Clean-6,pre_refit,123,B0005,560,71.87574889700983,100.464226
TD-Clean-6,pre_refit,123,B0005,564,71.60206343923741,99.994545
TD-Clean-6,pre_refit,123,B0005,568,71.32194157026348,100.732605
TD-Clean-6,pre_refit,123,B0005,572,71.30711389020412,99.85106
TD-Clean-6,pre_refit,123,B0005,576,71.01356336148518,100.328316
TD-Clean-6,pre_refit,123,B0005,580,70.75492745457169,100.528244
TD-Clean-6,pre_refit,123,B0005,584,70.77254445771489,100.474655
TD-Clean-6,pre_refit,123,B0005,588,70.77540542374062,99.40759
TD-Clean-6,pre_refit,123,B0005,592,70.47550750397869,100.43364
TD-Clean-6,pre_refit,123,B0005,596,70.48563041810954,99.797844
TD-Clean-6,pre_refit,123,B0005,600,70.23531244180377,100.65754
TD-Clean-6,pre_refit,123,B0005,604,69.93882142370093,101.510735
TD-Clean-6,pre_refit,123,B0005,608,69.90890905512207,101.01836
TD-Clean-6,pre_refit,123,B0005,612,71.07977535187085,100.156494
TD-Clean-6,pre_refit,123,B0005,614,71.95205157786506,98.89845
TD-Clean-6,refit_on_3,123,B0005,2,100.80760884947765,72.6004
TD-Clean-6,refit_on_3,123,B0005,4,100.25590968770103,95.29836
TD-Clean-6,refit_on_3,123,B0005,6,99.65979925247206,95.2417
TD-Clean-6,refit_on_3,123,B0005,8,99.65509323788856,95.42369
TD-Clean-6,refit_on_3,123,B0005,10,99.6215889724607,95.25601
TD-Clean-6,refit_on_3,123,B0005,12,99.67676620535396,94.39419
TD-Clean-6,refit_on_3,123,B0005,14,99.64877352944652,94.40196
TD-Clean-6,refit_on_3,123,B0005,16,99.13892996732449,96.44556
TD-Clean-6,refit_on_3,123,B0005,18,99.08555627584838,96.21151
TD-Clean-6,refit_on_3,123,B0005,20,99.0768365083485,96.17908
TD-Clean-6,refit_on_3,123,B0005,22,99.07717774099622,96.43883
TD-Clean-6,refit_on_3,123,B0005,25,98.5114992237362,94.424286
TD-Clean-6,refit_on_3,123,B0005,27,98.4870761948254,96.36433
TD-Clean-6,refit_on_3,123,B0005,29,98.47015265835132,94.04266
TD-Clean-6,refit_on_3,123,B0005,31,97.88140357167902,96.88348
TD-Clean-6,refit_on_3,123,B0005,33,97.85473656745688,96.4422
TD-Clean-6,refit_on_3,123,B0005,35,97.88039886599036,96.69603
TD-Clean-6,refit_on_3,123,B0005,37,97.9069415267384,96.45091
TD-Clean-6,refit_on_3,123,B0005,39,97.89115702988882,95.80868
TD-Clean-6,refit_on_3,123,B0005,42,100.29385168145046,96.09706
TD-Clean-6,refit_on_3,123,B0005,46,100.31510023136114,97.40936
TD-Clean-6,refit_on_3,123,B0005,50,99.70477213786135,97.52023
TD-Clean-6,refit_on_3,123,B0005,54,99.1402308374376,98.30104
TD-Clean-6,refit_on_3,123,B0005,58,99.10400696359169,95.9894
TD-Clean-6,refit_on_3,123,B0005,62,99.12941188644592,98.24607
TD-Clean-6,refit_on_3,123,B0005,66,98.50222430381568,98.44037
TD-Clean-6,refit_on_3,123,B0005,70,98.5423014565286,96.44317
TD-Clean-6,refit_on_3,123,B0005,74,98.49887187571204,96.73309
TD-Clean-6,refit_on_3,123,B0005,78,97.89050762402466,98.07967
TD-Clean-6,refit_on_3,123,B0005,82,97.96171552529285,95.589905
TD-Clean-6,refit_on_3,123,B0005,86,100.55321959197046,87.17903
TD-Clean-6,refit_on_3,123,B0005,90,99.4075559707276,96.41056
TD-Clean-6,refit_on_3,123,B0005,94,98.82112827769676,96.00467
TD-Clean-6,refit_on_3,123,B0005,98,98.2457556393358,94.65241
TD-Clean-6,refit_on_3,123,B0005,102,97.99065016377766,96.41629
TD-Clean-6,refit_on_3,123,B0005,106,97.7065060215613,94.242165
TD-Clean-6,refit_on_3,123,B0005,110,97.11279694879056,94.383354
TD-Clean-6,refit_on_3,123,B0005,114,96.81304988059888,95.65825
TD-Clean-6,refit_on_3,123,B0005,118,96.27605729788222,93.581726
TD-Clean-6,refit_on_3,123,B0005,122,96.2762766313732,92.793495
TD-Clean-6,refit_on_3,123,B0005,126,95.99578118843372,92.8851
TD-Clean-6,refit_on_3,123,B0005,130,95.69403287907456,93.31037
TD-Clean-6,refit_on_3,123,B0005,134,95.98194451474556,93.59991
TD-Clean-6,refit_on_3,123,B0005,136,95.71321655496544,91.676
TD-Clean-6,refit_on_3,123,B0005,140,95.11928805425076,91.70392
TD-Clean-6,refit_on_3,123,B0005,144,94.58275432725988,93.360306
TD-Clean-6,refit_on_3,123,B0005,148,94.27008009570102,90.77786
TD-Clean-6,refit_on_3,123,B0005,150,97.39411432859931,93.11686
TD-Clean-6,refit_on_3,123,B0005,154,96.82749231246368,93.145424
TD-Clean-6,refit_on_3,123,B0005,158,95.96820195991576,92.540405
TD-Clean-6,refit_on_3,123,B0005,162,95.40638930769452,94.604385
TD-Clean-6,refit_on_3,123,B0005,166,94.8553962680492,91.67787
TD-Clean-6,refit_on_3,123,B0005,170,94.5755674779542,93.838974
TD-Clean-6,refit_on_3,123,B0005,174,94.28806184403476,92.23562
TD-Clean-6,refit_on_3,123,B0005,178,93.73958753620327,91.20236
TD-Clean-6,refit_on_3,123,B0005,182,93.16861105469168,89.18518
TD-Clean-6,refit_on_3,123,B0005,186,92.88227598613614,88.88421
TD-Clean-6,refit_on_3,123,B0005,190,92.636901518198,89.01123
TD-Clean-6,refit_on_3,123,B0005,194,92.32720191735562,88.66871
TD-Clean-6,refit_on_3,123,B0005,198,92.01599848919145,87.810036
TD-Clean-6,refit_on_3,123,B0005,202,91.49053823956656,91.78819
TD-Clean-6,refit_on_3,123,B0005,206,90.92425521866993,89.4041
TD-Clean-6,refit_on_3,123,B0005,210,90.92941856192826,86.87688
TD-Clean-6,refit_on_3,123,B0005,214,90.34010561326173,86.05586
TD-Clean-6,refit_on_3,123,B0005,216,90.0847586044663,87.2257
TD-Clean-6,refit_on_3,123,B0005,220,89.80457989439137,88.158104
TD-Clean-6,refit_on_3,123,B0005,224,89.19640288815545,85.849785
TD-Clean-6,refit_on_3,123,B0005,228,88.93598251136243,86.13107
TD-Clean-6,refit_on_3,123,B0005,232,88.65781340235759,85.92414
TD-Clean-6,refit_on_3,123,B0005,236,88.38728178562198,88.018936
TD-Clean-6,refit_on_3,123,B0005,240,88.08171260170519,83.751785
TD-Clean-6,refit_on_3,123,B0005,244,87.49528010741024,83.65441
TD-Clean-6,refit_on_3,123,B0005,248,87.2366743602368,83.27955
TD-Clean-6,refit_on_3,123,B0005,252,86.96251727221627,82.73546
TD-Clean-6,refit_on_3,123,B0005,256,86.35734215456989,82.500435
TD-Clean-6,refit_on_3,123,B0005,260,86.10863457357058,83.71172
TD-Clean-6,refit_on_3,123,B0005,264,86.06270063126725,81.89835
TD-Clean-6,refit_on_3,123,B0005,266,86.63737677555004,81.43532
TD-Clean-6,refit_on_3,123,B0005,270,85.50813849993258,81.926636
TD-Clean-6,refit_on_3,123,B0005,274,84.97446653296429,81.599075
TD-Clean-6,refit_on_3,123,B0005,278,84.69557819389517,83.73807
TD-Clean-6,refit_on_3,123,B0005,282,84.68013627936132,80.40474
TD-Clean-6,refit_on_3,123,B0005,286,84.41991821853574,79.85179
TD-Clean-6,refit_on_3,123,B0005,290,84.10414931140878,80.36694
TD-Clean-6,refit_on_3,123,B0005,294,83.52653061113354,82.62107
TD-Clean-6,refit_on_3,123,B0005,298,82.96602561057489,79.44451
TD-Clean-6,refit_on_3,123,B0005,302,82.99920327964658,79.00524
TD-Clean-6,refit_on_3,123,B0005,306,82.68003018050378,78.81433
TD-Clean-6,refit_on_3,123,B0005,310,82.39976893302816,78.128975
TD-Clean-6,refit_on_3,123,B0005,313,87.19626195760692,78.15111
TD-Clean-6,refit_on_3,123,B0005,316,84.91729656129593,79.27018
TD-Clean-6,refit_on_3,123,B0005,320,84.06165489885902,80.819336
TD-Clean-6,refit_on_3,123,B0005,324,83.2082752902044,79.64971
TD-Clean-6,refit_on_3,123,B0005,328,82.91381970838151,78.7413
TD-Clean-6,refit_on_3,123,B0005,332,82.37106085271179,79.11031
TD-Clean-6,refit_on_3,123,B0005,336,82.09631790141844,78.57362
TD-Clean-6,refit_on_3,123,B0005,340,81.80669701206385,77.79692
TD-Clean-6,refit_on_3,123,B0005,344,81.53418918115372,79.4382
TD-Clean-6,refit_on_3,123,B0005,348,80.95312575426658,77.309944
TD-Clean-6,refit_on_3,123,B0005,352,80.6829269258604,76.93527
TD-Clean-6,refit_on_3,123,B0005,356,80.38673535372676,76.568535
TD-Clean-6,refit_on_3,123,B0005,360,80.10415225005684,78.26127
TD-Clean-6,refit_on_3,123,B0005,364,80.68483906716317,76.042015
TD-Clean-6,refit_on_3,123,B0005,367,81.23806188586506,78.78603
TD-Clean-6,refit_on_3,123,B0005,371,80.40774500270479,77.146996
TD-Clean-6,refit_on_3,123,B0005,375,79.80793062432481,79.64183
TD-Clean-6,refit_on_3,123,B0005,379,78.94710440938543,77.63525
TD-Clean-6,refit_on_3,123,B0005,383,78.96040682717852,75.32211
TD-Clean-6,refit_on_3,123,B0005,387,79.00805769223405,78.028595
TD-Clean-6,refit_on_3,123,B0005,391,78.68325635434054,74.76572
TD-Clean-6,refit_on_3,123,B0005,395,78.12009683923326,74.41969
TD-Clean-6,refit_on_3,123,B0005,399,77.83635095586517,74.23439
TD-Clean-6,refit_on_3,123,B0005,403,77.83366081216815,77.18866
TD-Clean-6,refit_on_3,123,B0005,407,77.54418562704669,73.40974
TD-Clean-6,refit_on_3,123,B0005,411,77.26483532824366,73.2159
TD-Clean-6,refit_on_3,123,B0005,415,76.96665751739931,73.18004
TD-Clean-6,refit_on_3,123,B0005,419,76.69408123915822,73.21657
TD-Clean-6,refit_on_3,123,B0005,423,76.7032886034996,74.094215
TD-Clean-6,refit_on_3,123,B0005,427,76.43285089151239,75.04674
TD-Clean-6,refit_on_3,123,B0005,431,77.83345221466253,74.92737
TD-Clean-6,refit_on_3,123,B0005,433,78.09751233548145,75.41134
TD-Clean-6,refit_on_3,123,B0005,437,76.96262218385922,73.97403
TD-Clean-6,refit_on_3,123,B0005,441,76.3993634537507,73.95139
TD-Clean-6,refit_on_3,123,B0005,445,76.08562321685423,72.87165
TD-Clean-6,refit_on_3,123,B0005,449,75.84111192639295,73.02003
TD-Clean-6,refit_on_3,123,B0005,453,75.5470202599512,72.61551
TD-Clean-6,refit_on_3,123,B0005,457,75.2724773855306,72.50295
TD-Clean-6,refit_on_3,123,B0005,461,74.95796574493023,72.16234
TD-Clean-6,refit_on_3,123,B0005,465,74.67559060559861,75.029236
TD-Clean-6,refit_on_3,123,B0005,469,74.4190975749656,72.71046
TD-Clean-6,refit_on_3,123,B0005,473,74.41886702385212,71.56958
TD-Clean-6,refit_on_3,123,B0005,477,74.10538957595438,71.4765
TD-Clean-6,refit_on_3,123,B0005,481,74.68403981580354,71.50913
TD-Clean-6,refit_on_3,123,B0005,483,75.26611054535188,70.67188
TD-Clean-6,refit_on_3,123,B0005,485,74.38310747232698,72.0473
TD-Clean-6,refit_on_3,123,B0005,489,74.10795710900801,71.123856
TD-Clean-6,refit_on_3,123,B0005,493,73.53993654981534,71.19799
TD-Clean-6,refit_on_3,123,B0005,497,73.55729388669064,71.9359
TD-Clean-6,refit_on_3,123,B0005,501,73.56067241598603,70.79544
TD-Clean-6,refit_on_3,123,B0005,505,73.26805286034079,71.96783
TD-Clean-6,refit_on_3,123,B0005,509,72.98972077509227,73.04982
TD-Clean-6,refit_on_3,123,B0005,513,72.70747847813722,70.743774
TD-Clean-6,refit_on_3,123,B0005,517,72.70330518052887,70.75079
TD-Clean-6,refit_on_3,123,B0005,521,72.43680818215978,70.62187
TD-Clean-6,refit_on_3,123,B0005,525,72.14563728793834,73.49409
TD-Clean-6,refit_on_3,123,B0005,529,71.84842350914826,71.30853
TD-Clean-6,refit_on_3,123,B0005,533,71.57682808520298,70.91441
TD-Clean-6,refit_on_3,123,B0005,537,71.59297070565168,69.4444
TD-Clean-6,refit_on_3,123,B0005,541,71.58355486033668,72.61328
TD-Clean-6,refit_on_3,123,B0005,545,71.88651633814797,70.420425
TD-Clean-6,refit_on_3,123,B0005,548,73.85485752850198,68.30315
TD-Clean-6,refit_on_3,123,B0005,552,72.73676298693475,70.80797
TD-Clean-6,refit_on_3,123,B0005,556,72.16650080848474,71.24156
TD-Clean-6,refit_on_3,123,B0005,560,71.87574889700983,73.145996
TD-Clean-6,refit_on_3,123,B0005,564,71.60206343923741,71.37483
TD-Clean-6,refit_on_3,123,B0005,568,71.32194157026348,70.776306
TD-Clean-6,refit_on_3,123,B0005,572,71.30711389020412,71.680725
TD-Clean-6,refit_on_3,123,B0005,576,71.01356336148518,70.35058
TD-Clean-6,refit_on_3,123,B0005,580,70.75492745457169,69.20494
TD-Clean-6,refit_on_3,123,B0005,584,70.77254445771489,71.23897
TD-Clean-6,refit_on_3,123,B0005,588,70.77540542374062,71.005325
TD-Clean-6,refit_on_3,123,B0005,592,70.47550750397869,69.92996
TD-Clean-6,refit_on_3,123,B0005,596,70.48563041810954,70.25002
TD-Clean-6,refit_on_3,123,B0005,600,70.23531244180377,71.48882
TD-Clean-6,refit_on_3,123,B0005,604,69.93882142370093,70.508224
TD-Clean-6,refit_on_3,123,B0005,608,69.90890905512207,69.199455
TD-Clean-6,refit_on_3,123,B0005,612,71.07977535187085,71.936935
TD-Clean-6,refit_on_3,123,B0005,614,71.95205157786506,71.35277
TD-Clean-6,pre_refit,123,B0006,2,100.88297108833646,92.99675
TD-Clean-6,pre_refit,123,B0006,4,100.37753235288778,97.14525
TD-Clean-6,pre_refit,123,B0006,6,99.79196916000484,97.344025
TD-Clean-6,pre_refit,123,B0006,8,99.7899019818078,97.36971
TD-Clean-6,pre_refit,123,B0006,10,99.15762541696316,96.68121
TD-Clean-6,pre_refit,123,B0006,12,99.8203556776378,96.92034
TD-Clean-6,pre_refit,123,B0006,14,99.7808037027038,96.36397
TD-Clean-6,pre_refit,123,B0006,16,97.5844832820893,96.81187
TD-Clean-6,pre_refit,123,B0006,18,97.5535716293996,96.87273
TD-Clean-6,pre_refit,123,B0006,20,97.01155142541865,96.06912
TD-Clean-6,pre_refit,123,B0006,22,96.43502080876348,96.42564
TD-Clean-6,pre_refit,123,B0006,25,95.8972998236526,95.503876
TD-Clean-6,pre_refit,123,B0006,27,95.32875373854844,96.23626
TD-Clean-6,pre_refit,123,B0006,29,94.76419905980474,95.467155
TD-Clean-6,pre_refit,123,B0006,31,94.22773853976388,95.27651
TD-Clean-6,pre_refit,123,B0006,33,93.6395064953226,94.95945
TD-Clean-6,pre_refit,123,B0006,35,93.09821798643677,95.43755
TD-Clean-6,pre_refit,123,B0006,37,92.56743574756617,94.93057
TD-Clean-6,pre_refit,123,B0006,39,92.56840432582156,94.587975
TD-Clean-6,pre_refit,123,B0006,42,98.12161319843736,96.615265
TD-Clean-6,pre_refit,123,B0006,46,97.02736865587346,97.31377
TD-Clean-6,pre_refit,123,B0006,50,96.4457203456954,96.629776
TD-Clean-6,pre_refit,123,B0006,54,95.37664206593776,96.85835
TD-Clean-6,pre_refit,123,B0006,58,96.45395400781383,96.39383
TD-Clean-6,pre_refit,123,B0006,62,94.2446511737385,96.67045
TD-Clean-6,pre_refit,123,B0006,66,93.11783815158223,95.29169
TD-Clean-6,pre_refit,123,B0006,70,92.60393676951,95.381546
TD-Clean-6,pre_refit,123,B0006,74,91.99518419888014,94.89988
TD-Clean-6,pre_refit,123,B0006,78,91.45865458065036,95.08353
TD-Clean-6,pre_refit,123,B0006,82,92.05488530825814,94.08336
TD-Clean-6,pre_refit,123,B0006,86,95.40291074415664,92.60937
TD-Clean-6,pre_refit,123,B0006,90,93.2941701264468,94.24086
TD-Clean-6,pre_refit,123,B0006,94,91.95812296295944,92.93276
TD-Clean-6,pre_refit,123,B0006,98,91.16379285351326,92.057106
TD-Clean-6,pre_refit,123,B0006,102,90.13722315501992,91.563385
TD-Clean-6,pre_refit,123,B0006,106,89.88629167454431,90.77956
TD-Clean-6,pre_refit,123,B0006,110,89.07464504963947,90.4615
TD-Clean-6,pre_refit,123,B0006,114,88.27677498375004,90.32404
TD-Clean-6,pre_refit,123,B0006,118,87.78153478310176,89.72228
TD-Clean-6,pre_refit,123,B0006,122,87.25902301297472,89.622345
TD-Clean-6,pre_refit,123,B0006,126,86.75445063463465,89.43713
TD-Clean-6,pre_refit,123,B0006,130,86.21919662960373,88.70682
TD-Clean-6,pre_refit,123,B0006,134,86.97181002045869,88.28687
TD-Clean-6,pre_refit,123,B0006,136,87.53004089819298,88.89118
TD-Clean-6,pre_refit,123,B0006,140,85.93648557449694,89.07809
TD-Clean-6,pre_refit,123,B0006,144,84.92223069682748,89.180504
TD-Clean-6,pre_refit,123,B0006,148,84.38106569995976,88.53819
TD-Clean-6,pre_refit,123,B0006,150,90.39396636175364,91.54471
TD-Clean-6,pre_refit,123,B0006,154,89.62118442408695,89.717705
TD-Clean-6,pre_refit,123,B0006,158,88.01687540594799,88.81396
TD-Clean-6,pre_refit,123,B0006,162,86.47934133475826,88.77197
TD-Clean-6,pre_refit,123,B0006,166,85.7093899316892,88.629295
TD-Clean-6,pre_refit,123,B0006,170,84.66363361309608,88.815
TD-Clean-6,pre_refit,123,B0006,174,84.14253773442293,88.120094
TD-Clean-6,pre_refit,123,B0006,178,83.37268440744252,88.087524
TD-Clean-6,pre_refit,123,B0006,182,82.84795096685752,87.62992
TD-Clean-6,pre_refit,123,B0006,186,82.31672078137474,87.14435
TD-Clean-6,pre_refit,123,B0006,190,81.8390002521071,87.051155
TD-Clean-6,pre_refit,123,B0006,194,81.29446683115198,87.046875
TD-Clean-6,pre_refit,123,B0006,198,80.75246648690656,87.06329
TD-Clean-6,pre_refit,123,B0006,202,79.7437886746144,88.30637
TD-Clean-6,pre_refit,123,B0006,206,79.47984426199564,87.2651
TD-Clean-6,pre_refit,123,B0006,210,79.25415788836384,87.07272
TD-Clean-6,pre_refit,123,B0006,214,78.69188922732394,86.733734
TD-Clean-6,pre_refit,123,B0006,216,78.46114405771091,87.19741
TD-Clean-6,pre_refit,123,B0006,220,77.67630372212932,87.50223
TD-Clean-6,pre_refit,123,B0006,224,77.38916838478035,87.20159
TD-Clean-6,pre_refit,123,B0006,228,76.88491527529958,87.816536
TD-Clean-6,pre_refit,123,B0006,232,76.3646225030132,87.46332
TD-Clean-6,pre_refit,123,B0006,236,75.60327887522882,88.0873
TD-Clean-6,pre_refit,123,B0006,240,75.84333345118733,87.83075
TD-Clean-6,pre_refit,123,B0006,244,75.57070473005419,87.72012
TD-Clean-6,pre_refit,123,B0006,248,75.06972493621848,88.7336
TD-Clean-6,pre_refit,123,B0006,252,74.81407516505371,88.334984
TD-Clean-6,pre_refit,123,B0006,256,74.54671414292675,88.03346
TD-Clean-6,pre_refit,123,B0006,260,74.02740213488109,89.2335
TD-Clean-6,pre_refit,123,B0006,264,73.73556466569462,88.67737
TD-Clean-6,pre_refit,123,B0006,266,75.84980622026112,85.609184
TD-Clean-6,pre_refit,123,B0006,270,74.55060879561292,88.040276
TD-Clean-6,pre_refit,123,B0006,274,73.79142812679322,87.944916
TD-Clean-6,pre_refit,123,B0006,278,73.27190839787096,90.02081
TD-Clean-6,pre_refit,123,B0006,282,73.28093201847443,89.097015
TD-Clean-6,pre_refit,123,B0006,286,73.02095301621284,88.75919
TD-Clean-6,pre_refit,123,B0006,290,72.73851013234444,88.8232
TD-Clean-6,pre_refit,123,B0006,294,71.95104826590523,89.097664
TD-Clean-6,pre_refit,123,B0006,298,71.96564568462234,89.197945
TD-Clean-6,pre_refit,123,B0006,302,71.72895437691278,90.135574
TD-Clean-6,pre_refit,123,B0006,306,71.71434939609318,89.34503
TD-Clean-6,pre_refit,123,B0006,310,71.45761792874575,89.53405
TD-Clean-6,pre_refit,123,B0006,313,78.98726854374111,85.64362
TD-Clean-6,pre_refit,123,B0006,316,76.64794397240323,85.52465
TD-Clean-6,pre_refit,123,B0006,320,75.07747171565073,86.83254
TD-Clean-6,pre_refit,123,B0006,324,74.29795247472106,86.93481
TD-Clean-6,pre_refit,123,B0006,328,73.51146675367659,87.85662
TD-Clean-6,pre_refit,123,B0006,332,73.00864275760908,87.82965
TD-Clean-6,pre_refit,123,B0006,336,72.50277290138493,88.39597
TD-Clean-6,pre_refit,123,B0006,340,71.96131839956391,88.16289
TD-Clean-6,pre_refit,123,B0006,344,71.71500633205595,88.77988
TD-Clean-6,pre_refit,123,B0006,348,71.44305583769248,88.74051
TD-Clean-6,pre_refit,123,B0006,352,70.93898960214143,88.815216
TD-Clean-6,pre_refit,123,B0006,356,70.68194044477139,88.69987
TD-Clean-6,pre_refit,123,B0006,360,70.4074916889224,89.88622
TD-Clean-6,pre_refit,123,B0006,364,70.41804785222855,89.78009
TD-Clean-6,pre_refit,123,B0006,367,71.98210310103482,88.258156
TD-Clean-6,pre_refit,123,B0006,371,70.95618334594263,88.94619
TD-Clean-6,pre_refit,123,B0006,375,70.1362730902931,89.04155
TD-Clean-6,pre_refit,123,B0006,379,69.87433806657212,89.18593
TD-Clean-6,pre_refit,123,B0006,383,69.63573699649338,90.18121
TD-Clean-6,pre_refit,123,B0006,387,69.15232147064526,91.04679
TD-Clean-6,pre_refit,123,B0006,391,69.12109936452545,90.23253
TD-Clean-6,pre_refit,123,B0006,395,68.86250185726787,90.08816
TD-Clean-6,pre_refit,123,B0006,399,68.59092282212131,90.43101
TD-Clean-6,pre_refit,123,B0006,403,68.08750743669,90.72841
TD-Clean-6,pre_refit,123,B0006,407,68.33159705981836,90.43425
TD-Clean-6,pre_refit,123,B0006,411,68.09140360412486,90.48857
TD-Clean-6,pre_refit,123,B0006,415,67.81869443003508,90.72031
TD-Clean-6,pre_refit,123,B0006,419,67.5730638436144,91.07193
TD-Clean-6,pre_refit,123,B0006,423,67.31503513349786,91.97934
TD-Clean-6,pre_refit,123,B0006,427,67.07575548417674,91.29679
TD-Clean-6,pre_refit,123,B0006,431,68.60691404106846,90.727264
TD-Clean-6,pre_refit,123,B0006,433,69.64711039275872,89.300674
TD-Clean-6,pre_refit,123,B0006,437,68.33719964359061,89.904724
TD-Clean-6,pre_refit,123,B0006,441,67.81907707369999,91.46547
TD-Clean-6,pre_refit,123,B0006,445,67.27630029953899,91.037704
TD-Clean-6,pre_refit,123,B0006,449,67.03731096833596,92.37463
TD-Clean-6,pre_refit,123,B0006,453,66.78534122129697,91.897865
TD-Clean-6,pre_refit,123,B0006,457,66.26973868287087,92.24146
TD-Clean-6,pre_refit,123,B0006,461,65.98363462621751,92.77955
TD-Clean-6,pre_refit,123,B0006,465,65.72069252661954,94.06963
TD-Clean-6,pre_refit,123,B0006,469,65.50500064349335,92.99314
TD-Clean-6,pre_refit,123,B0006,473,65.48747074550045,93.73081
TD-Clean-6,pre_refit,123,B0006,477,65.2110653386093,94.40119
TD-Clean-6,pre_refit,123,B0006,481,65.47148558720653,94.620804
TD-Clean-6,pre_refit,123,B0006,483,66.78647932759047,91.59865
TD-Clean-6,pre_refit,123,B0006,485,65.72477818237311,93.75084
TD-Clean-6,pre_refit,123,B0006,489,64.93697426302657,94.134796
TD-Clean-6,pre_refit,123,B0006,493,64.69397950587184,95.22175
TD-Clean-6,pre_refit,123,B0006,497,64.45556804271465,94.627754
TD-Clean-6,pre_refit,123,B0006,501,64.44711910522597,95.08176
TD-Clean-6,pre_refit,123,B0006,505,63.9153253541329,95.05729
TD-Clean-6,pre_refit,123,B0006,509,63.40709756117343,96.24396
TD-Clean-6,pre_refit,123,B0006,513,63.40485519747241,97.00146
TD-Clean-6,pre_refit,123,B0006,517,63.14854807557744,96.693695
TD-Clean-6,pre_refit,123,B0006,521,63.15304028594434,96.66405
TD-Clean-6,pre_refit,123,B0006,525,62.63936845251047,98.2046
TD-Clean-6,pre_refit,123,B0006,529,62.36048327920517,98.546875
TD-Clean-6,pre_refit,123,B0006,533,62.11872624491582,98.08362
TD-Clean-6,pre_refit,123,B0006,537,62.11731201074328,97.73277
TD-Clean-6,pre_refit,123,B0006,541,61.86235410492132,98.9367
TD-Clean-6,pre_refit,123,B0006,545,62.12742822257309,99.489235
TD-Clean-6,pre_refit,123,B0006,548,63.93010610326108,95.868355
TD-Clean-6,pre_refit,123,B0006,552,62.62827859533666,97.86389
TD-Clean-6,pre_refit,123,B0006,556,61.85683618405182,99.19527
TD-Clean-6,pre_refit,123,B0006,560,61.07092794836815,99.93282
TD-Clean-6,pre_refit,123,B0006,564,60.82277612678393,99.78003
TD-Clean-6,pre_refit,123,B0006,568,60.55640953242813,100.740906
TD-Clean-6,pre_refit,123,B0006,572,60.02917505279337,100.63994
TD-Clean-6,pre_refit,123,B0006,576,59.75722270334661,100.90492
TD-Clean-6,pre_refit,123,B0006,580,59.52315601830062,100.941986
TD-Clean-6,pre_refit,123,B0006,584,59.01246912863032,101.79728
TD-Clean-6,pre_refit,123,B0006,588,58.74426171153606,101.86393
TD-Clean-6,pre_refit,123,B0006,592,58.47122551716232,102.166916
TD-Clean-6,pre_refit,123,B0006,596,58.2196597592319,102.41026
TD-Clean-6,pre_refit,123,B0006,600,57.18983519098029,103.82241
TD-Clean-6,pre_refit,123,B0006,604,57.71437056534329,103.35969
TD-Clean-6,pre_refit,123,B0006,608,57.43663099473362,102.979706
TD-Clean-6,pre_refit,123,B0006,612,58.23847489632371,102.76819
TD-Clean-6,pre_refit,123,B0006,614,58.76884540363096,101.57718
TD-Clean-6,refit_on_3,123,B0006,2,100.88297108833646,85.249
TD-Clean-6,refit_on_3,123,B0006,4,100.37753235288778,99.43334
TD-Clean-6,refit_on_3,123,B0006,6,99.79196916000484,99.59019
TD-Clean-6,refit_on_3,123,B0006,8,99.7899019818078,99.53062
TD-Clean-6,refit_on_3,123,B0006,10,99.15762541696316,99.119156
TD-Clean-6,refit_on_3,123,B0006,12,99.8203556776378,99.24094
TD-Clean-6,refit_on_3,123,B0006,14,99.7808037027038,98.99507
TD-Clean-6,refit_on_3,123,B0006,16,97.5844832820893,99.25081
TD-Clean-6,refit_on_3,123,B0006,18,97.5535716293996,99.22092
TD-Clean-6,refit_on_3,123,B0006,20,97.01155142541865,98.787735
TD-Clean-6,refit_on_3,123,B0006,22,96.43502080876348,98.91403
TD-Clean-6,refit_on_3,123,B0006,25,95.8972998236526,97.27365
TD-Clean-6,refit_on_3,123,B0006,27,95.32875373854844,98.87517
TD-Clean-6,refit_on_3,123,B0006,29,94.76419905980474,98.436264
TD-Clean-6,refit_on_3,123,B0006,31,94.22773853976388,98.27264
TD-Clean-6,refit_on_3,123,B0006,33,93.6395064953226,98.08721
TD-Clean-6,refit_on_3,123,B0006,35,93.09821798643677,98.2567
TD-Clean-6,refit_on_3,123,B0006,37,92.56743574756617,97.97947
TD-Clean-6,refit_on_3,123,B0006,39,92.56840432582156,97.91634
TD-Clean-6,refit_on_3,123,B0006,42,98.12161319843736,98.38459
TD-Clean-6,refit_on_3,123,B0006,46,97.02736865587346,99.09256
TD-Clean-6,refit_on_3,123,B0006,50,96.4457203456954,98.76199
TD-Clean-6,refit_on_3,123,B0006,54,95.37664206593776,98.783646
TD-Clean-6,refit_on_3,123,B0006,58,96.45395400781383,98.5943
TD-Clean-6,refit_on_3,123,B0006,62,94.2446511737385,98.56465
TD-Clean-6,refit_on_3,123,B0006,66,93.11783815158223,97.72424
TD-Clean-6,refit_on_3,123,B0006,70,92.60393676951,97.896614
TD-Clean-6,refit_on_3,123,B0006,74,91.99518419888014,97.5394
TD-Clean-6,refit_on_3,123,B0006,78,91.45865458065036,97.50775
TD-Clean-6,refit_on_3,123,B0006,82,92.05488530825814,97.21423
TD-Clean-6,refit_on_3,123,B0006,86,95.40291074415664,87.02904
TD-Clean-6,refit_on_3,123,B0006,90,93.2941701264468,95.79223
TD-Clean-6,refit_on_3,123,B0006,94,91.95812296295944,94.84187
TD-Clean-6,refit_on_3,123,B0006,98,91.16379285351326,93.97742
TD-Clean-6,refit_on_3,123,B0006,102,90.13722315501992,94.40086
TD-Clean-6,refit_on_3,123,B0006,106,89.88629167454431,91.71321
TD-Clean-6,refit_on_3,123,B0006,110,89.07464504963947,91.988686
TD-Clean-6,refit_on_3,123,B0006,114,88.27677498375004,92.5312
TD-Clean-6,refit_on_3,123,B0006,118,87.78153478310176,91.46563
TD-Clean-6,refit_on_3,123,B0006,122,87.25902301297472,90.50369
TD-Clean-6,refit_on_3,123,B0006,126,86.75445063463465,88.987114
TD-Clean-6,refit_on_3,123,B0006,130,86.21919662960373,88.27102
TD-Clean-6,refit_on_3,123,B0006,134,86.97181002045869,88.683426
TD-Clean-6,refit_on_3,123,B0006,136,87.53004089819298,88.60031
TD-Clean-6,refit_on_3,123,B0006,140,85.93648557449694,89.53959
TD-Clean-6,refit_on_3,123,B0006,144,84.92223069682748,89.79416
TD-Clean-6,refit_on_3,123,B0006,148,84.38106569995976,88.3418
TD-Clean-6,refit_on_3,123,B0006,150,90.39396636175364,85.9467
TD-Clean-6,refit_on_3,123,B0006,154,89.62118442408695,88.50785
TD-Clean-6,refit_on_3,123,B0006,158,88.01687540594799,88.117386
TD-Clean-6,refit_on_3,123,B0006,162,86.47934133475826,89.03579
TD-Clean-6,refit_on_3,123,B0006,166,85.7093899316892,87.93232
TD-Clean-6,refit_on_3,123,B0006,170,84.66363361309608,88.25168
TD-Clean-6,refit_on_3,123,B0006,174,84.14253773442293,86.34823
TD-Clean-6,refit_on_3,123,B0006,178,83.37268440744252,86.21702
TD-Clean-6,refit_on_3,123,B0006,182,82.84795096685752,85.26462
TD-Clean-6,refit_on_3,123,B0006,186,82.31672078137474,84.829636
TD-Clean-6,refit_on_3,123,B0006,190,81.8390002521071,84.189514
TD-Clean-6,refit_on_3,123,B0006,194,81.29446683115198,83.35207
TD-Clean-6,refit_on_3,123,B0006,198,80.75246648690656,83.12321
TD-Clean-6,refit_on_3,123,B0006,202,79.7437886746144,85.08219
TD-Clean-6,refit_on_3,123,B0006,206,79.47984426199564,83.83796
TD-Clean-6,refit_on_3,123,B0006,210,79.25415788836384,82.25991
TD-Clean-6,refit_on_3,123,B0006,214,78.69188922732394,82.50198
TD-Clean-6,refit_on_3,123,B0006,216,78.46114405771091,82.63184
TD-Clean-6,refit_on_3,123,B0006,220,77.67630372212932,83.14499
TD-Clean-6,refit_on_3,123,B0006,224,77.38916838478035,82.315315
TD-Clean-6,refit_on_3,123,B0006,228,76.88491527529958,82.61807
TD-Clean-6,refit_on_3,123,B0006,232,76.3646225030132,81.98643
TD-Clean-6,refit_on_3,123,B0006,236,75.60327887522882,82.85617
TD-Clean-6,refit_on_3,123,B0006,240,75.84333345118733,81.36186
TD-Clean-6,refit_on_3,123,B0006,244,75.57070473005419,81.075455
TD-Clean-6,refit_on_3,123,B0006,248,75.06972493621848,81.52966
TD-Clean-6,refit_on_3,123,B0006,252,74.81407516505371,80.95868
TD-Clean-6,refit_on_3,123,B0006,256,74.54671414292675,80.673805
TD-Clean-6,refit_on_3,123,B0006,260,74.02740213488109,81.83959
TD-Clean-6,refit_on_3,123,B0006,264,73.73556466569462,80.6166
TD-Clean-6,refit_on_3,123,B0006,266,75.84980622026112,77.13982
TD-Clean-6,refit_on_3,123,B0006,270,74.55060879561292,80.47747
TD-Clean-6,refit_on_3,123,B0006,274,73.79142812679322,80.40985
TD-Clean-6,refit_on_3,123,B0006,278,73.27190839787096,81.95865
TD-Clean-6,refit_on_3,123,B0006,282,73.28093201847443,79.27969
TD-Clean-6,refit_on_3,123,B0006,286,73.02095301621284,78.53273
TD-Clean-6,refit_on_3,123,B0006,290,72.73851013234444,78.75688
TD-Clean-6,refit_on_3,123,B0006,294,71.95104826590523,79.902756
TD-Clean-6,refit_on_3,123,B0006,298,71.96564568462234,79.37082
TD-Clean-6,refit_on_3,123,B0006,302,71.72895437691278,79.148926
TD-Clean-6,refit_on_3,123,B0006,306,71.71434939609318,78.00418
TD-Clean-6,refit_on_3,123,B0006,310,71.45761792874575,77.933334
TD-Clean-6,refit_on_3,123,B0006,313,78.98726854374111,76.54595
TD-Clean-6,refit_on_3,123,B0006,316,76.64794397240323,76.89137
TD-Clean-6,refit_on_3,123,B0006,320,75.07747171565073,78.84977
TD-Clean-6,refit_on_3,123,B0006,324,74.29795247472106,78.46474
TD-Clean-6,refit_on_3,123,B0006,328,73.51146675367659,78.69709
TD-Clean-6,refit_on_3,123,B0006,332,73.00864275760908,78.58552
TD-Clean-6,refit_on_3,123,B0006,336,72.50277290138493,78.533394
TD-Clean-6,refit_on_3,123,B0006,340,71.96131839956391,77.96032
TD-Clean-6,refit_on_3,123,B0006,344,71.71500633205595,78.68246
TD-Clean-6,refit_on_3,123,B0006,348,71.44305583769248,77.89038
TD-Clean-6,refit_on_3,123,B0006,352,70.93898960214143,77.63976
TD-Clean-6,refit_on_3,123,B0006,356,70.68194044477139,77.43998
TD-Clean-6,refit_on_3,123,B0006,360,70.4074916889224,78.59733
TD-Clean-6,refit_on_3,123,B0006,364,70.41804785222855,77.14534
TD-Clean-6,refit_on_3,123,B0006,367,71.98210310103482,76.559845
TD-Clean-6,refit_on_3,123,B0006,371,70.95618334594263,77.16316
TD-Clean-6,refit_on_3,123,B0006,375,70.1362730902931,77.944275
TD-Clean-6,refit_on_3,123,B0006,379,69.87433806657212,77.61584
TD-Clean-6,refit_on_3,123,B0006,383,69.63573699649338,77.16177
TD-Clean-6,refit_on_3,123,B0006,387,69.15232147064526,78.05368
TD-Clean-6,refit_on_3,123,B0006,391,69.12109936452545,76.37557
TD-Clean-6,refit_on_3,123,B0006,395,68.86250185726787,76.42649
TD-Clean-6,refit_on_3,123,B0006,399,68.59092282212131,76.66376
TD-Clean-6,refit_on_3,123,B0006,403,68.08750743669,77.354004
TD-Clean-6,refit_on_3,123,B0006,407,68.33159705981836,75.665665
TD-Clean-6,refit_on_3,123,B0006,411,68.09140360412486,75.89809
TD-Clean-6,refit_on_3,123,B0006,415,67.81869443003508,76.20571
TD-Clean-6,refit_on_3,123,B0006,419,67.5730638436144,76.52016
TD-Clean-6,refit_on_3,123,B0006,423,67.31503513349786,76.8972
TD-Clean-6,refit_on_3,123,B0006,427,67.07575548417674,76.2779
TD-Clean-6,refit_on_3,123,B0006,431,68.60691404106846,76.63074
TD-Clean-6,refit_on_3,123,B0006,433,69.64711039275872,75.86017
TD-Clean-6,refit_on_3,123,B0006,437,68.33719964359061,76.241035
TD-Clean-6,refit_on_3,123,B0006,441,67.81907707369999,77.30207
TD-Clean-6,refit_on_3,123,B0006,445,67.27630029953899,76.60017
TD-Clean-6,refit_on_3,123,B0006,449,67.03731096833596,77.35439
TD-Clean-6,refit_on_3,123,B0006,453,66.78534122129697,76.87972
TD-Clean-6,refit_on_3,123,B0006,457,66.26973868287087,77.03504
TD-Clean-6,refit_on_3,123,B0006,461,65.98363462621751,77.396355
TD-Clean-6,refit_on_3,123,B0006,465,65.72069252661954,79.165596
TD-Clean-6,refit_on_3,123,B0006,469,65.50500064349335,77.67584
TD-Clean-6,refit_on_3,123,B0006,473,65.48747074550045,77.73421
TD-Clean-6,refit_on_3,123,B0006,477,65.2110653386093,78.204865
TD-Clean-6,refit_on_3,123,B0006,481,65.47148558720653,77.63969
TD-Clean-6,refit_on_3,123,B0006,483,66.78647932759047,76.094
TD-Clean-6,refit_on_3,123,B0006,485,65.72477818237311,78.53106
TD-Clean-6,refit_on_3,123,B0006,489,64.93697426302657,78.52537
TD-Clean-6,refit_on_3,123,B0006,493,64.69397950587184,79.65028
TD-Clean-6,refit_on_3,123,B0006,497,64.45556804271465,78.712425
TD-Clean-6,refit_on_3,123,B0006,501,64.44711910522597,78.34417
TD-Clean-6,refit_on_3,123,B0006,505,63.9153253541329,79.02933
TD-Clean-6,refit_on_3,123,B0006,509,63.40709756117343,80.68677
TD-Clean-6,refit_on_3,123,B0006,513,63.40485519747241,80.68154
TD-Clean-6,refit_on_3,123,B0006,517,63.14854807557744,79.77561
TD-Clean-6,refit_on_3,123,B0006,521,63.15304028594434,79.689705
TD-Clean-6,refit_on_3,123,B0006,525,62.63936845251047,82.03759
TD-Clean-6,refit_on_3,123,B0006,529,62.36048327920517,82.01537
TD-Clean-6,refit_on_3,123,B0006,533,62.11872624491582,81.55357
TD-Clean-6,refit_on_3,123,B0006,537,62.11731201074328,80.2448
TD-Clean-6,refit_on_3,123,B0006,541,61.86235410492132,82.14497
TD-Clean-6,refit_on_3,123,B0006,545,62.12742822257309,82.02691
TD-Clean-6,refit_on_3,123,B0006,548,63.93010610326108,77.59915
TD-Clean-6,refit_on_3,123,B0006,552,62.62827859533666,79.75698
TD-Clean-6,refit_on_3,123,B0006,556,61.85683618405182,80.95844
TD-Clean-6,refit_on_3,123,B0006,560,61.07092794836815,82.21705
TD-Clean-6,refit_on_3,123,B0006,564,60.82277612678393,81.48069
TD-Clean-6,refit_on_3,123,B0006,568,60.55640953242813,82.19941
TD-Clean-6,refit_on_3,123,B0006,572,60.02917505279337,82.3083
TD-Clean-6,refit_on_3,123,B0006,576,59.75722270334661,82.10669
TD-Clean-6,refit_on_3,123,B0006,580,59.52315601830062,81.6742
TD-Clean-6,refit_on_3,123,B0006,584,59.01246912863032,83.093
TD-Clean-6,refit_on_3,123,B0006,588,58.74426171153606,82.95499
TD-Clean-6,refit_on_3,123,B0006,592,58.47122551716232,82.71117
TD-Clean-6,refit_on_3,123,B0006,596,58.2196597592319,83.16198
TD-Clean-6,refit_on_3,123,B0006,600,57.18983519098029,84.94065
TD-Clean-6,refit_on_3,123,B0006,604,57.71437056534329,83.95581
TD-Clean-6,refit_on_3,123,B0006,608,57.43663099473362,82.93568
TD-Clean-6,refit_on_3,123,B0006,612,58.23847489632371,83.56583
TD-Clean-6,refit_on_3,123,B0006,614,58.76884540363096,82.022415
TD-Clean-6,pre_refit,123,B0007,2,100.45351791563915,73.10396
TD-Clean-6,pre_refit,123,B0007,4,99.900254379013,90.92314
TD-Clean-6,pre_refit,123,B0007,6,99.90161660017114,91.07376
TD-Clean-6,pre_refit,123,B0007,8,99.9073657865712,91.327286
TD-Clean-6,pre_refit,123,B0007,10,99.83724531860553,91.16669
TD-Clean-6,pre_refit,123,B0007,12,99.90361817867274,91.16973
TD-Clean-6,pre_refit,123,B0007,14,99.86297576917136,90.69223
TD-Clean-6,pre_refit,123,B0007,16,99.94656396119812,92.279976
TD-Clean-6,pre_refit,123,B0007,18,99.31878532934633,92.42915
TD-Clean-6,pre_refit,123,B0007,20,99.33799331164263,92.30518
TD-Clean-6,pre_refit,123,B0007,22,99.33756087304828,92.351524
TD-Clean-6,pre_refit,123,B0007,25,98.78551523188162,90.313065
TD-Clean-6,pre_refit,123,B0007,27,98.75485184986668,93.308975
TD-Clean-6,pre_refit,123,B0007,29,98.75133536665352,91.49582
TD-Clean-6,pre_refit,123,B0007,31,98.77012942519043,94.038155
TD-Clean-6,pre_refit,123,B0007,33,98.73683812511632,93.74591
TD-Clean-6,pre_refit,123,B0007,35,98.15685575226132,93.809494
TD-Clean-6,pre_refit,123,B0007,37,98.19446503474695,94.4753
TD-Clean-6,pre_refit,123,B0007,39,98.186691403046,93.59081
TD-Clean-6,pre_refit,123,B0007,42,99.90787801510066,89.36676
TD-Clean-6,pre_refit,123,B0007,46,99.94461695603135,90.64577
TD-Clean-6,pre_refit,123,B0007,50,99.92460497901308,92.65088
TD-Clean-6,pre_refit,123,B0007,54,99.38880751306714,93.012566
TD-Clean-6,pre_refit,123,B0007,58,99.34580918956073,91.27488
TD-Clean-6,pre_refit,123,B0007,62,99.37088315432128,94.30512
TD-Clean-6,pre_refit,123,B0007,66,98.78342046080256,93.72719
TD-Clean-6,pre_refit,123,B0007,70,98.8058078187501,93.67925
TD-Clean-6,pre_refit,123,B0007,74,98.75966747373796,93.31107
TD-Clean-6,pre_refit,123,B0007,78,98.1739885027512,93.30867
TD-Clean-6,pre_refit,123,B0007,82,98.23039625446908,92.81485
TD-Clean-6,pre_refit,123,B0007,86,100.05062324611636,92.42763
TD-Clean-6,pre_refit,123,B0007,90,98.95386520139344,97.600784
TD-Clean-6,pre_refit,123,B0007,94,98.38356039411237,98.16033
TD-Clean-6,pre_refit,123,B0007,98,98.11080955264678,97.65522
TD-Clean-6,pre_refit,123,B0007,102,97.57312273601715,98.98737
TD-Clean-6,pre_refit,123,B0007,106,97.5908400366413,95.785736
TD-Clean-6,pre_refit,123,B0007,110,97.29922460125108,96.687996
TD-Clean-6,pre_refit,123,B0007,114,96.74012336609094,98.32455
TD-Clean-6,pre_refit,123,B0007,118,96.49359124138364,96.71513
TD-Clean-6,pre_refit,123,B0007,122,96.22137391342224,95.4312
TD-Clean-6,pre_refit,123,B0007,126,96.233276781278,94.114395
TD-Clean-6,pre_refit,123,B0007,130,95.93841918044076,94.47664
TD-Clean-6,pre_refit,123,B0007,134,96.31819241353496,95.27107
TD-Clean-6,pre_refit,123,B0007,136,95.94953719543624,94.52115
TD-Clean-6,pre_refit,123,B0007,140,95.3953227427902,95.13446
TD-Clean-6,pre_refit,123,B0007,144,94.86699939598208,96.51632
TD-Clean-6,pre_refit,123,B0007,148,94.57173479963342,93.92638
TD-Clean-6,pre_refit,123,B0007,150,96.41760769059738,87.962746
TD-Clean-6,pre_refit,123,B0007,154,96.45090493439226,92.697716
TD-Clean-6,pre_refit,123,B0007,158,95.6297003383392,93.77753
TD-Clean-6,pre_refit,123,B0007,162,95.10935396520227,95.305115
TD-Clean-6,pre_refit,123,B0007,166,94.57259385530976,93.24636
TD-Clean-6,pre_refit,123,B0007,170,94.30623404626093,94.18587
TD-Clean-6,pre_refit,123,B0007,174,94.0371367595855,91.71819
TD-Clean-6,pre_refit,123,B0007,178,93.49626919937222,91.47101
TD-Clean-6,pre_refit,123,B0007,182,92.9420388383138,89.38834
TD-Clean-6,pre_refit,123,B0007,186,92.94217065781828,89.36902
TD-Clean-6,pre_refit,123,B0007,190,92.69668329388116,88.36017
TD-Clean-6,pre_refit,123,B0007,194,92.41073633514534,87.767136
TD-Clean-6,pre_refit,123,B0007,198,91.82208130681248,87.01932
TD-Clean-6,pre_refit,123,B0007,202,91.5743327473832,90.75163
TD-Clean-6,pre_refit,123,B0007,206,91.04730118386937,88.48732
TD-Clean-6,pre_refit,123,B0007,210,91.04684020750553,85.76483
TD-Clean-6,pre_refit,123,B0007,214,90.49873919973382,85.21408
TD-Clean-6,pre_refit,123,B0007,216,90.51794914609178,85.698395
TD-Clean-6,pre_refit,123,B0007,220,89.96325858213598,86.96807
TD-Clean-6,pre_refit,123,B0007,224,89.64911074691454,84.81899
TD-Clean-6,pre_refit,123,B0007,228,89.4056438247883,84.87371
TD-Clean-6,pre_refit,123,B0007,232,89.13221056506995,84.41411
TD-Clean-6,pre_refit,123,B0007,236,88.88142970948275,85.99396
TD-Clean-6,pre_refit,123,B0007,240,88.57496163215028,82.90374
TD-Clean-6,pre_refit,123,B0007,244,88.30030467403411,82.81367
TD-Clean-6,pre_refit,123,B0007,248,88.04309784572763,82.62269
TD-Clean-6,pre_refit,123,B0007,252,87.7835715053401,82.24022
TD-Clean-6,pre_refit,123,B0007,256,87.5009058762453,82.12351
TD-Clean-6,pre_refit,123,B0007,260,86.92700430940862,82.86848
TD-Clean-6,pre_refit,123,B0007,264,86.91859800690037,81.99142
TD-Clean-6,pre_refit,123,B0007,266,87.17696241036246,81.04836
TD-Clean-6,pre_refit,123,B0007,270,86.66971006432802,82.04753
TD-Clean-6,pre_refit,123,B0007,274,86.11955257111292,82.11133
TD-Clean-6,pre_refit,123,B0007,278,85.86532022039283,83.27399
TD-Clean-6,pre_refit,123,B0007,282,85.83324550155743,80.64678
TD-Clean-6,pre_refit,123,B0007,286,85.88108948972226,79.9047
TD-Clean-6,pre_refit,123,B0007,290,85.56987844007078,80.31355
TD-Clean-6,pre_refit,123,B0007,294,85.027771191142,81.756355
TD-Clean-6,pre_refit,123,B0007,298,84.77582688520748,80.32981
TD-Clean-6,pre_refit,123,B0007,302,84.79178974791847,80.052864
TD-Clean-6,pre_refit,123,B0007,306,84.76993385106519,79.12702
TD-Clean-6,pre_refit,123,B0007,310,84.49605927424464,78.488686
TD-Clean-6,pre_refit,123,B0007,313,89.71090998622898,79.089516
TD-Clean-6,pre_refit,123,B0007,316,86.37349719367897,79.57257
TD-Clean-6,pre_refit,123,B0007,320,85.82898928627563,79.88319
TD-Clean-6,pre_refit,123,B0007,324,85.2934976107533,79.57206
TD-Clean-6,pre_refit,123,B0007,328,84.72574724857897,79.50813
TD-Clean-6,pre_refit,123,B0007,332,84.48328177752624,79.6072
TD-Clean-6,pre_refit,123,B0007,336,84.21457006738538,79.31125
TD-Clean-6,pre_refit,123,B0007,340,83.9288888229777,78.819244
TD-Clean-6,pre_refit,123,B0007,344,83.67629222648154,79.68088
TD-Clean-6,pre_refit,123,B0007,348,83.38837618926404,78.40457
TD-Clean-6,pre_refit,123,B0007,352,83.41270816038221,78.243805
TD-Clean-6,pre_refit,123,B0007,356,83.14675201444969,77.73055
TD-Clean-6,pre_refit,123,B0007,360,82.8484308280049,78.84787
TD-Clean-6,pre_refit,123,B0007,364,83.13252526962864,77.59763
TD-Clean-6,pre_refit,123,B0007,367,83.66359396289195,78.366905
TD-Clean-6,pre_refit,123,B0007,371,83.14841165448959,77.146774
TD-Clean-6,pre_refit,123,B0007,375,82.85488835556158,79.04584
TD-Clean-6,pre_refit,123,B0007,379,82.33123711829187,77.89587
TD-Clean-6,pre_refit,123,B0007,383,82.01142381939957,76.89202
TD-Clean-6,pre_refit,123,B0007,387,82.07206587982726,77.82442
TD-Clean-6,pre_refit,123,B0007,391,82.0495038543302,75.85761
TD-Clean-6,pre_refit,123,B0007,395,81.5031419618624,75.84377
TD-Clean-6,pre_refit,123,B0007,399,81.20841503507037,76.105576
TD-Clean-6,pre_refit,123,B0007,403,81.21721340553746,77.40963
TD-Clean-6,pre_refit,123,B0007,407,81.22601148878292,74.60358
TD-Clean-6,pre_refit,123,B0007,411,80.95054391771832,74.700264
TD-Clean-6,pre_refit,123,B0007,415,80.67227833994721,75.04478
TD-Clean-6,pre_refit,123,B0007,419,80.40565013650571,75.3244
TD-Clean-6,pre_refit,123,B0007,423,80.40335490244634,75.44505
TD-Clean-6,pre_refit,123,B0007,427,80.42152437300291,75.30982
TD-Clean-6,pre_refit,123,B0007,431,81.48461605871495,75.7186
TD-Clean-6,pre_refit,123,B0007,433,81.75963969607048,76.400986
TD-Clean-6,pre_refit,123,B0007,437,80.93560989493338,75.418304
TD-Clean-6,pre_refit,123,B0007,441,80.40209515327608,76.15383
TD-Clean-6,pre_refit,123,B0007,445,80.09419697809993,75.691444
TD-Clean-6,pre_refit,123,B0007,449,79.85042691616567,75.76615
TD-Clean-6,pre_refit,123,B0007,453,79.56495728605914,75.52215
TD-Clean-6,pre_refit,123,B0007,457,79.30076147796538,75.49275
TD-Clean-6,pre_refit,123,B0007,461,79.2776995197187,75.43358
TD-Clean-6,pre_refit,123,B0007,465,79.01573008127421,76.856094
TD-Clean-6,pre_refit,123,B0007,469,78.7529099419952,75.69542
TD-Clean-6,pre_refit,123,B0007,473,78.76631135529045,75.05729
TD-Clean-6,pre_refit,123,B0007,477,78.45734950325969,74.82309
TD-Clean-6,pre_refit,123,B0007,481,78.71925319505982,74.822556
TD-Clean-6,pre_refit,123,B0007,483,79.58166685963718,73.94884
TD-Clean-6,pre_refit,123,B0007,485,78.72860058663869,74.58542
TD-Clean-6,pre_refit,123,B0007,489,78.46501751785956,74.354
TD-Clean-6,pre_refit,123,B0007,493,78.19738333514631,74.6667
TD-Clean-6,pre_refit,123,B0007,497,78.20645287101384,75.035805
TD-Clean-6,pre_refit,123,B0007,501,77.92824275772597,73.75355
TD-Clean-6,pre_refit,123,B0007,505,77.6497101362114,74.67736
TD-Clean-6,pre_refit,123,B0007,509,77.38028422735451,75.65702
TD-Clean-6,pre_refit,123,B0007,513,77.09660547904922,74.71059
TD-Clean-6,pre_refit,123,B0007,517,77.11046744203753,74.383385
TD-Clean-6,pre_refit,123,B0007,521,76.85550035450103,74.049614
TD-Clean-6,pre_refit,123,B0007,525,76.85236240084764,75.75029
TD-Clean-6,pre_refit,123,B0007,529,76.56671722215358,74.87018
TD-Clean-6,pre_refit,123,B0007,533,76.29399038621672,75.03235
TD-Clean-6,pre_refit,123,B0007,537,76.32425788720361,74.12249
TD-Clean-6,pre_refit,123,B0007,541,76.29658741049414,75.19141
TD-Clean-6,pre_refit,123,B0007,545,76.59209728582513,74.36893
TD-Clean-6,pre_refit,123,B0007,548,77.93863743061358,73.92929
TD-Clean-6,pre_refit,123,B0007,552,77.12364718084329,74.116104
TD-Clean-6,pre_refit,123,B0007,556,76.8725967441492,74.82619
TD-Clean-6,pre_refit,123,B0007,560,76.58854113704766,76.00804
TD-Clean-6,pre_refit,123,B0007,564,76.04885672654179,75.08223
TD-Clean-6,pre_refit,123,B0007,568,76.05828438472663,74.570114
TD-Clean-6,pre_refit,123,B0007,572,75.76335089505734,75.17764
TD-Clean-6,pre_refit,123,B0007,576,75.75439980355237,74.53122
TD-Clean-6,pre_refit,123,B0007,580,75.49812548326929,74.110054
TD-Clean-6,pre_refit,123,B0007,584,75.23591897923467,74.837425
TD-Clean-6,pre_refit,123,B0007,588,75.24924732301496,74.481064
TD-Clean-6,pre_refit,123,B0007,592,74.94444174506414,74.138466
TD-Clean-6,pre_refit,123,B0007,596,74.95266425125988,74.22126
TD-Clean-6,pre_refit,123,B0007,600,74.69643604452878,74.723465
TD-Clean-6,pre_refit,123,B0007,604,74.7051700493532,74.23238
TD-Clean-6,pre_refit,123,B0007,608,74.39278959915883,73.830734
TD-Clean-6,pre_refit,123,B0007,612,75.52591562947222,74.44903
TD-Clean-6,pre_refit,123,B0007,614,76.09264518290325,74.66298
TD-Clean-6,refit_on_3,123,B0007,2,100.45351791563915,76.51541
TD-Clean-6,refit_on_3,123,B0007,4,99.900254379013,97.238754
TD-Clean-6,refit_on_3,123,B0007,6,99.90161660017114,97.092636
TD-Clean-6,refit_on_3,123,B0007,8,99.9073657865712,96.93699
TD-Clean-6,refit_on_3,123,B0007,10,99.83724531860553,96.93712
TD-Clean-6,refit_on_3,123,B0007,12,99.90361817867274,97.35831
TD-Clean-6,refit_on_3,123,B0007,14,99.86297576917136,97.22344
TD-Clean-6,refit_on_3,123,B0007,16,99.94656396119812,97.25906
TD-Clean-6,refit_on_3,123,B0007,18,99.31878532934633,97.04269
TD-Clean-6,refit_on_3,123,B0007,20,99.33799331164263,96.94782
TD-Clean-6,refit_on_3,123,B0007,22,99.33756087304828,96.843666
TD-Clean-6,refit_on_3,123,B0007,25,98.78551523188162,93.976746
TD-Clean-6,refit_on_3,123,B0007,27,98.75485184986668,96.909035
TD-Clean-6,refit_on_3,123,B0007,29,98.75133536665352,96.47628
TD-Clean-6,refit_on_3,123,B0007,31,98.77012942519043,96.97342
TD-Clean-6,refit_on_3,123,B0007,33,98.73683812511632,96.796875
TD-Clean-6,refit_on_3,123,B0007,35,98.15685575226132,96.77159
TD-Clean-6,refit_on_3,123,B0007,37,98.19446503474695,96.96238
TD-Clean-6,refit_on_3,123,B0007,39,98.186691403046,96.64575
TD-Clean-6,refit_on_3,123,B0007,42,99.90787801510066,97.42437
TD-Clean-6,refit_on_3,123,B0007,46,99.94461695603135,98.36714
TD-Clean-6,refit_on_3,123,B0007,50,99.92460497901308,98.29415
TD-Clean-6,refit_on_3,123,B0007,54,99.38880751306714,98.07974
TD-Clean-6,refit_on_3,123,B0007,58,99.34580918956073,97.74532
TD-Clean-6,refit_on_3,123,B0007,62,99.37088315432128,98.37349
TD-Clean-6,refit_on_3,123,B0007,66,98.78342046080256,98.04229
TD-Clean-6,refit_on_3,123,B0007,70,98.8058078187501,98.09598
TD-Clean-6,refit_on_3,123,B0007,74,98.75966747373796,97.86149
TD-Clean-6,refit_on_3,123,B0007,78,98.1739885027512,97.7839
TD-Clean-6,refit_on_3,123,B0007,82,98.23039625446908,97.73228
TD-Clean-6,refit_on_3,123,B0007,86,100.05062324611636,94.275314
TD-Clean-6,refit_on_3,123,B0007,90,98.95386520139344,98.95532
TD-Clean-6,refit_on_3,123,B0007,94,98.38356039411237,98.521965
TD-Clean-6,refit_on_3,123,B0007,98,98.11080955264678,97.5175
TD-Clean-6,refit_on_3,123,B0007,102,97.57312273601715,97.39014
TD-Clean-6,refit_on_3,123,B0007,106,97.5908400366413,97.78004
TD-Clean-6,refit_on_3,123,B0007,110,97.29922460125108,97.39974
TD-Clean-6,refit_on_3,123,B0007,114,96.74012336609094,97.14435
TD-Clean-6,refit_on_3,123,B0007,118,96.49359124138364,96.991425
TD-Clean-6,refit_on_3,123,B0007,122,96.22137391342224,97.12678
TD-Clean-6,refit_on_3,123,B0007,126,96.233276781278,97.229614
TD-Clean-6,refit_on_3,123,B0007,130,95.93841918044076,97.414375
TD-Clean-6,refit_on_3,123,B0007,134,96.31819241353496,96.94658
TD-Clean-6,refit_on_3,123,B0007,136,95.94953719543624,96.465324
TD-Clean-6,refit_on_3,123,B0007,140,95.3953227427902,95.86785
TD-Clean-6,refit_on_3,123,B0007,144,94.86699939598208,97.0934
TD-Clean-6,refit_on_3,123,B0007,148,94.57173479963342,95.4282
TD-Clean-6,refit_on_3,123,B0007,150,96.41760769059738,98.90149
TD-Clean-6,refit_on_3,123,B0007,154,96.45090493439226,97.87776
TD-Clean-6,refit_on_3,123,B0007,158,95.6297003383392,97.34955
TD-Clean-6,refit_on_3,123,B0007,162,95.10935396520227,97.35499
TD-Clean-6,refit_on_3,123,B0007,166,94.57259385530976,96.83652
TD-Clean-6,refit_on_3,123,B0007,170,94.30623404626093,96.80438
TD-Clean-6,refit_on_3,123,B0007,174,94.0371367595855,96.65055
TD-Clean-6,refit_on_3,123,B0007,178,93.49626919937222,96.316025
TD-Clean-6,refit_on_3,123,B0007,182,92.9420388383138,94.30889
TD-Clean-6,refit_on_3,123,B0007,186,92.94217065781828,93.82656
TD-Clean-6,refit_on_3,123,B0007,190,92.69668329388116,93.98324
TD-Clean-6,refit_on_3,123,B0007,194,92.41073633514534,94.55823
TD-Clean-6,refit_on_3,123,B0007,198,91.82208130681248,93.18883
TD-Clean-6,refit_on_3,123,B0007,202,91.5743327473832,95.45603
TD-Clean-6,refit_on_3,123,B0007,206,91.04730118386937,93.20323
TD-Clean-6,refit_on_3,123,B0007,210,91.04684020750553,92.0406
TD-Clean-6,refit_on_3,123,B0007,214,90.49873919973382,90.9792
TD-Clean-6,refit_on_3,123,B0007,216,90.51794914609178,92.40444
TD-Clean-6,refit_on_3,123,B0007,220,89.96325858213598,92.82614
TD-Clean-6,refit_on_3,123,B0007,224,89.64911074691454,90.39685
TD-Clean-6,refit_on_3,123,B0007,228,89.4056438247883,90.45831
TD-Clean-6,refit_on_3,123,B0007,232,89.13221056506995,90.326706
TD-Clean-6,refit_on_3,123,B0007,236,88.88142970948275,91.779
TD-Clean-6,refit_on_3,123,B0007,240,88.57496163215028,88.43734
TD-Clean-6,refit_on_3,123,B0007,244,88.30030467403411,88.21793
TD-Clean-6,refit_on_3,123,B0007,248,88.04309784572763,87.8682
TD-Clean-6,refit_on_3,123,B0007,252,87.7835715053401,87.2641
TD-Clean-6,refit_on_3,123,B0007,256,87.5009058762453,86.81348
TD-Clean-6,refit_on_3,123,B0007,260,86.92700430940862,87.5105
TD-Clean-6,refit_on_3,123,B0007,264,86.91859800690037,85.68419
TD-Clean-6,refit_on_3,123,B0007,266,87.17696241036246,86.2341
TD-Clean-6,refit_on_3,123,B0007,270,86.66971006432802,85.79338
TD-Clean-6,refit_on_3,123,B0007,274,86.11955257111292,85.75672
TD-Clean-6,refit_on_3,123,B0007,278,85.86532022039283,87.3616
TD-Clean-6,refit_on_3,123,B0007,282,85.83324550155743,84.70682
TD-Clean-6,refit_on_3,123,B0007,286,85.88108948972226,85.14915
TD-Clean-6,refit_on_3,123,B0007,290,85.56987844007078,85.24916
TD-Clean-6,refit_on_3,123,B0007,294,85.027771191142,85.840706
TD-Clean-6,refit_on_3,123,B0007,298,84.77582688520748,83.448906
TD-Clean-6,refit_on_3,123,B0007,302,84.79178974791847,83.62539
TD-Clean-6,refit_on_3,123,B0007,306,84.76993385106519,83.62088
TD-Clean-6,refit_on_3,123,B0007,310,84.49605927424464,83.075714
TD-Clean-6,refit_on_3,123,B0007,313,89.71090998622898,83.2133
TD-Clean-6,refit_on_3,123,B0007,316,86.37349719367897,85.51416
TD-Clean-6,refit_on_3,123,B0007,320,85.82898928627563,86.78721
TD-Clean-6,refit_on_3,123,B0007,324,85.2934976107533,85.421684
TD-Clean-6,refit_on_3,123,B0007,328,84.72574724857897,84.3636
TD-Clean-6,refit_on_3,123,B0007,332,84.48328177752624,83.83541
TD-Clean-6,refit_on_3,123,B0007,336,84.21457006738538,83.4784
TD-Clean-6,refit_on_3,123,B0007,340,83.9288888229777,83.02549
TD-Clean-6,refit_on_3,123,B0007,344,83.67629222648154,84.09709
TD-Clean-6,refit_on_3,123,B0007,348,83.38837618926404,82.35717
TD-Clean-6,refit_on_3,123,B0007,352,83.41270816038221,82.28298
TD-Clean-6,refit_on_3,123,B0007,356,83.14675201444969,81.502884
TD-Clean-6,refit_on_3,123,B0007,360,82.8484308280049,82.860245
TD-Clean-6,refit_on_3,123,B0007,364,83.13252526962864,81.2559
TD-Clean-6,refit_on_3,123,B0007,367,83.66359396289195,84.73295
TD-Clean-6,refit_on_3,123,B0007,371,83.14841165448959,83.38448
TD-Clean-6,refit_on_3,123,B0007,375,82.85488835556158,85.0588
TD-Clean-6,refit_on_3,123,B0007,379,82.33123711829187,82.2923
TD-Clean-6,refit_on_3,123,B0007,383,82.01142381939957,81.08821
TD-Clean-6,refit_on_3,123,B0007,387,82.07206587982726,83.11192
TD-Clean-6,refit_on_3,123,B0007,391,82.0495038543302,81.45212
TD-Clean-6,refit_on_3,123,B0007,395,81.5031419618624,80.45298
TD-Clean-6,refit_on_3,123,B0007,399,81.20841503507037,79.85133
TD-Clean-6,refit_on_3,123,B0007,403,81.21721340553746,82.30143
TD-Clean-6,refit_on_3,123,B0007,407,81.22601148878292,79.861565
TD-Clean-6,refit_on_3,123,B0007,411,80.95054391771832,79.71754
TD-Clean-6,refit_on_3,123,B0007,415,80.67227833994721,79.176285
TD-Clean-6,refit_on_3,123,B0007,419,80.40565013650571,78.578514
TD-Clean-6,refit_on_3,123,B0007,423,80.40335490244634,79.485916
TD-Clean-6,refit_on_3,123,B0007,427,80.42152437300291,80.792274
TD-Clean-6,refit_on_3,123,B0007,431,81.48461605871495,80.67428
TD-Clean-6,refit_on_3,123,B0007,433,81.75963969607048,82.13606
TD-Clean-6,refit_on_3,123,B0007,437,80.93560989493338,79.98752
TD-Clean-6,refit_on_3,123,B0007,441,80.40209515327608,79.35127
TD-Clean-6,refit_on_3,123,B0007,445,80.09419697809993,78.05107
TD-Clean-6,refit_on_3,123,B0007,449,79.85042691616567,78.04146
TD-Clean-6,refit_on_3,123,B0007,453,79.56495728605914,77.40442
TD-Clean-6,refit_on_3,123,B0007,457,79.30076147796538,77.27352
TD-Clean-6,refit_on_3,123,B0007,461,79.2776995197187,76.73256
TD-Clean-6,refit_on_3,123,B0007,465,79.01573008127421,78.613594
TD-Clean-6,refit_on_3,123,B0007,469,78.7529099419952,77.26809
TD-Clean-6,refit_on_3,123,B0007,473,78.76631135529045,76.42546
TD-Clean-6,refit_on_3,123,B0007,477,78.45734950325969,76.24124
TD-Clean-6,refit_on_3,123,B0007,481,78.71925319505982,76.81096
TD-Clean-6,refit_on_3,123,B0007,483,79.58166685963718,76.401215
TD-Clean-6,refit_on_3,123,B0007,485,78.72860058663869,77.38743
TD-Clean-6,refit_on_3,123,B0007,489,78.46501751785956,75.67999
TD-Clean-6,refit_on_3,123,B0007,493,78.19738333514631,75.8504
TD-Clean-6,refit_on_3,123,B0007,497,78.20645287101384,76.486946
TD-Clean-6,refit_on_3,123,B0007,501,77.92824275772597,75.873795
TD-Clean-6,refit_on_3,123,B0007,505,77.6497101362114,76.278336
TD-Clean-6,refit_on_3,123,B0007,509,77.38028422735451,76.583145
TD-Clean-6,refit_on_3,123,B0007,513,77.09660547904922,75.96649
TD-Clean-6,refit_on_3,123,B0007,517,77.11046744203753,75.77289
TD-Clean-6,refit_on_3,123,B0007,521,76.85550035450103,74.80196
TD-Clean-6,refit_on_3,123,B0007,525,76.85236240084764,76.84994
TD-Clean-6,refit_on_3,123,B0007,529,76.56671722215358,76.178375
TD-Clean-6,refit_on_3,123,B0007,533,76.29399038621672,76.57817
TD-Clean-6,refit_on_3,123,B0007,537,76.32425788720361,75.14198
TD-Clean-6,refit_on_3,123,B0007,541,76.29658741049414,76.48862
TD-Clean-6,refit_on_3,123,B0007,545,76.59209728582513,74.804855
TD-Clean-6,refit_on_3,123,B0007,548,77.93863743061358,74.72789
TD-Clean-6,refit_on_3,123,B0007,552,77.12364718084329,75.02647
TD-Clean-6,refit_on_3,123,B0007,556,76.8725967441492,75.63712
TD-Clean-6,refit_on_3,123,B0007,560,76.58854113704766,77.15815
TD-Clean-6,refit_on_3,123,B0007,564,76.04885672654179,76.21753
TD-Clean-6,refit_on_3,123,B0007,568,76.05828438472663,75.682304
TD-Clean-6,refit_on_3,123,B0007,572,75.76335089505734,76.4082
TD-Clean-6,refit_on_3,123,B0007,576,75.75439980355237,75.43733
TD-Clean-6,refit_on_3,123,B0007,580,75.49812548326929,74.74559
TD-Clean-6,refit_on_3,123,B0007,584,75.23591897923467,75.96478
TD-Clean-6,refit_on_3,123,B0007,588,75.24924732301496,75.46043
TD-Clean-6,refit_on_3,123,B0007,592,74.94444174506414,74.80765
TD-Clean-6,refit_on_3,123,B0007,596,74.95266425125988,74.89565
TD-Clean-6,refit_on_3,123,B0007,600,74.69643604452878,75.82529
TD-Clean-6,refit_on_3,123,B0007,604,74.7051700493532,74.989395
TD-Clean-6,refit_on_3,123,B0007,608,74.39278959915883,74.17765
TD-Clean-6,refit_on_3,123,B0007,612,75.52591562947222,75.65437
TD-Clean-6,refit_on_3,123,B0007,614,76.09264518290325,76.67964
TD-Clean-6,pre_refit,123,B0018,3,100.8025811041783,67.49769
TD-Clean-6,pre_refit,123,B0018,7,100.16087022619236,91.89039
TD-Clean-6,pre_refit,123,B0018,11,99.96558598273582,90.88801
TD-Clean-6,pre_refit,123,B0018,15,99.48041766162956,91.369156
TD-Clean-6,pre_refit,123,B0018,18,99.59054502526398,92.521996
TD-Clean-6,pre_refit,123,B0018,20,99.36387169185286,88.176575
TD-Clean-6,pre_refit,123,B0018,22,98.96567828327716,87.86222
TD-Clean-6,pre_refit,123,B0018,24,98.63793870309058,87.96675
TD-Clean-6,pre_refit,123,B0018,27,98.04714689052696,88.18348
TD-Clean-6,pre_refit,123,B0018,30,99.06887382997856,91.92096
TD-Clean-6,pre_refit,123,B0018,32,98.47248926951052,89.01509
TD-Clean-6,pre_refit,123,B0018,34,98.068534707018,88.90436
TD-Clean-6,pre_refit,123,B0018,36,97.31606084566693,88.01018
TD-Clean-6,pre_refit,123,B0018,39,96.91537145663308,87.88469
TD-Clean-6,pre_refit,123,B0018,42,96.77777434993364,91.4412
TD-Clean-6,pre_refit,123,B0018,44,96.24906078283864,88.235596
TD-Clean-6,pre_refit,123,B0018,46,96.10893521170082,87.36739
TD-Clean-6,pre_refit,123,B0018,48,95.29382636269746,86.98915
TD-Clean-6,pre_refit,123,B0018,51,94.89112029628322,86.994064
TD-Clean-6,pre_refit,123,B0018,54,94.42623362260446,88.99485
TD-Clean-6,pre_refit,123,B0018,56,94.09214261326034,87.03802
TD-Clean-6,pre_refit,123,B0018,58,92.84655809058668,92.09783
TD-Clean-6,pre_refit,123,B0018,60,93.00278636580364,86.455894
TD-Clean-6,pre_refit,123,B0018,63,92.78717154289568,86.13838
TD-Clean-6,pre_refit,123,B0018,66,95.05514633441328,89.3185
TD-Clean-6,pre_refit,123,B0018,68,94.16023397654948,88.76533
TD-Clean-6,pre_refit,123,B0018,70,93.58756901230694,87.70401
TD-Clean-6,pre_refit,123,B0018,72,93.02323711734508,87.02403
TD-Clean-6,pre_refit,123,B0018,75,92.33971230163448,86.35561
TD-Clean-6,pre_refit,123,B0018,78,92.05544475967478,87.18675
TD-Clean-6,pre_refit,123,B0018,80,91.39607597710202,86.28284
TD-Clean-6,pre_refit,123,B0018,82,91.12841202900309,85.94874
TD-Clean-6,pre_refit,123,B0018,84,90.50598444143154,85.560875
TD-Clean-6,pre_refit,123,B0018,87,90.05329919062662,84.665596
TD-Clean-6,pre_refit,123,B0018,90,89.56595375021743,85.49665
TD-Clean-6,pre_refit,123,B0018,92,89.05221474379236,84.36204
TD-Clean-6,pre_refit,123,B0018,94,88.4478648526792,84.62272
TD-Clean-6,pre_refit,123,B0018,96,88.14926233550939,83.77634
TD-Clean-6,pre_refit,123,B0018,99,87.70654438914323,83.85216
TD-Clean-6,pre_refit,123,B0018,102,91.07812245566797,85.6333
TD-Clean-6,pre_refit,123,B0018,104,89.62445100410937,86.28563
TD-Clean-6,pre_refit,123,B0018,106,88.70513095013024,85.44496
TD-Clean-6,pre_refit,123,B0018,108,87.83746900859978,84.793015
TD-Clean-6,pre_refit,123,B0018,111,87.53788044222665,83.58596
TD-Clean-6,pre_refit,123,B0018,114,86.69891328476463,84.124725
TD-Clean-6,pre_refit,123,B0018,117,93.83080462693712,79.17906
TD-Clean-6,pre_refit,123,B0018,119,93.27978546012802,91.4779
TD-Clean-6,pre_refit,123,B0018,121,92.1525471966999,90.2169
TD-Clean-6,pre_refit,123,B0018,123,91.17195305362098,89.364136
TD-Clean-6,pre_refit,123,B0018,125,90.2416573040256,88.15289
TD-Clean-6,pre_refit,123,B0018,128,90.55423897233052,89.50601
TD-Clean-6,pre_refit,123,B0018,130,89.49039068452917,86.86731
TD-Clean-6,pre_refit,123,B0018,132,88.3454487099843,92.6579
TD-Clean-6,pre_refit,123,B0018,134,87.60607299731777,92.33772
TD-Clean-6,pre_refit,123,B0018,136,87.25714700042141,85.45076
TD-Clean-6,pre_refit,123,B0018,141,90.9473619616094,94.45392
TD-Clean-6,pre_refit,123,B0018,143,89.1426764135498,88.38736
TD-Clean-6,pre_refit,123,B0018,145,87.66626044455795,86.98683
TD-Clean-6,pre_refit,123,B0018,147,86.51592379470374,85.547386
TD-Clean-6,pre_refit,123,B0018,150,86.21730704320841,84.429474
TD-Clean-6,pre_refit,123,B0018,153,85.8627581657356,84.01799
TD-Clean-6,pre_refit,123,B0018,155,84.99855590440428,83.88477
TD-Clean-6,pre_refit,123,B0018,157,84.53366840480606,82.91019
TD-Clean-6,pre_refit,123,B0018,159,83.69607194854545,82.77948
TD-Clean-6,pre_refit,123,B0018,162,83.25899594193369,82.10143
TD-Clean-6,pre_refit,123,B0018,165,83.22975722050174,80.868385
TD-Clean-6,pre_refit,123,B0018,167,82.72092847997168,82.13216
TD-Clean-6,pre_refit,123,B0018,169,81.86598978006339,80.98119
TD-Clean-6,pre_refit,123,B0018,171,81.58859278240016,81.92172
TD-Clean-6,pre_refit,123,B0018,174,81.31316363799587,80.88044
TD-Clean-6,pre_refit,123,B0018,177,83.32773163808899,81.01412
TD-Clean-6,pre_refit,123,B0018,179,82.80709531820148,81.81622
TD-Clean-6,pre_refit,123,B0018,181,81.57610219236552,81.168274
TD-Clean-6,pre_refit,123,B0018,183,81.09929204028072,80.56642
TD-Clean-6,pre_refit,123,B0018,185,80.60512587063184,80.174034
TD-Clean-6,pre_refit,123,B0018,188,80.4645909654616,79.41887
TD-Clean-6,pre_refit,123,B0018,190,80.07171192098461,79.903076
TD-Clean-6,pre_refit,123,B0018,192,79.77346222448996,79.29558
TD-Clean-6,pre_refit,123,B0018,194,79.23402412051846,78.980064
TD-Clean-6,pre_refit,123,B0018,197,78.6783203089025,78.701866
TD-Clean-6,pre_refit,123,B0018,200,78.94539372549075,77.401306
TD-Clean-6,pre_refit,123,B0018,202,78.38865828037459,78.806755
TD-Clean-6,pre_refit,123,B0018,204,78.21127069246836,78.43539
TD-Clean-6,pre_refit,123,B0018,206,77.6339684068403,78.12156
TD-Clean-6,pre_refit,123,B0018,209,77.43046760934243,78.019554
TD-Clean-6,pre_refit,123,B0018,212,79.8708545166814,79.46392
TD-Clean-6,pre_refit,123,B0018,214,78.93458463676515,79.64363
TD-Clean-6,pre_refit,123,B0018,216,78.40488242765085,79.566956
TD-Clean-6,pre_refit,123,B0018,218,77.61921434771055,78.71353
TD-Clean-6,pre_refit,123,B0018,220,76.9170609064971,78.22122
TD-Clean-6,pre_refit,123,B0018,223,79.04297866359087,75.98086
TD-Clean-6,pre_refit,123,B0018,225,77.61605692618127,78.91048
TD-Clean-6,pre_refit,123,B0018,227,77.14789574863566,78.45347
TD-Clean-6,pre_refit,123,B0018,229,76.92281444261894,77.80322
TD-Clean-6,pre_refit,123,B0018,232,76.3858924270674,78.063416
TD-Clean-6,pre_refit,123,B0018,235,76.53620320177981,77.195145
TD-Clean-6,pre_refit,123,B0018,237,75.9063201738239,77.712845
TD-Clean-6,pre_refit,123,B0018,239,75.72766142150313,77.69356
TD-Clean-6,pre_refit,123,B0018,241,75.49928800503805,77.783455
TD-Clean-6,pre_refit,123,B0018,244,74.9124451895705,76.424286
TD-Clean-6,pre_refit,123,B0018,247,75.25674730493446,76.37058
TD-Clean-6,pre_refit,123,B0018,249,74.46467849076038,76.78365
TD-Clean-6,pre_refit,123,B0018,251,74.62885626516028,77.1808
TD-Clean-6,pre_refit,123,B0018,253,74.33553994642665,77.414154
TD-Clean-6,pre_refit,123,B0018,256,73.72504079935909,77.125374
TD-Clean-6,pre_refit,123,B0018,259,79.36110924975578,76.83634
TD-Clean-6,pre_refit,123,B0018,261,78.799706688891,80.8631
TD-Clean-6,pre_refit,123,B0018,263,78.14983302548104,81.30502
TD-Clean-6,pre_refit,123,B0018,265,77.61878718971624,80.38393
TD-Clean-6,pre_refit,123,B0018,267,76.88079746021991,80.0768
TD-Clean-6,pre_refit,123,B0018,270,76.8319836786595,78.72147
TD-Clean-6,pre_refit,123,B0018,272,76.01926160635412,79.805824
TD-Clean-6,pre_refit,123,B0018,274,75.82358510102308,80.14937
TD-Clean-6,pre_refit,123,B0018,276,75.53633219814198,79.95075
TD-Clean-6,pre_refit,123,B0018,279,75.31793705780649,78.080635
TD-Clean-6,pre_refit,123,B0018,282,75.43684114368729,74.94216
TD-Clean-6,pre_refit,123,B0018,284,74.7829788363973,76.13658
TD-Clean-6,pre_refit,123,B0018,286,74.15991898288928,76.26237
TD-Clean-6,pre_refit,123,B0018,288,73.84846878839457,77.01002
TD-Clean-6,pre_refit,123,B0018,291,73.15537271331122,78.26785
TD-Clean-6,pre_refit,123,B0018,294,77.53589472577204,75.04854
TD-Clean-6,pre_refit,123,B0018,296,76.42763235972666,80.55538
TD-Clean-6,pre_refit,123,B0018,298,75.72351586777258,79.94722
TD-Clean-6,pre_refit,123,B0018,300,75.4386936803776,80.23523
TD-Clean-6,pre_refit,123,B0018,302,74.45721490205536,79.6575
TD-Clean-6,pre_refit,123,B0018,305,74.97385174402893,77.1095
TD-Clean-6,pre_refit,123,B0018,307,74.3741167471391,79.47996
TD-Clean-6,pre_refit,123,B0018,309,74.05233968989694,79.0538
TD-Clean-6,pre_refit,123,B0018,311,74.08863589293038,78.08309
TD-Clean-6,pre_refit,123,B0018,314,73.46151441244959,78.33604
TD-Clean-6,pre_refit,123,B0018,317,73.62086195282473,76.5558
TD-Clean-6,pre_refit,123,B0018,319,72.87391760769836,78.655106
TD-Clean-6,refit_on_3,123,B0018,3,100.8025811041783,66.73339
TD-Clean-6,refit_on_3,123,B0018,7,100.16087022619236,94.61716
TD-Clean-6,refit_on_3,123,B0018,11,99.96558598273582,93.02243
TD-Clean-6,refit_on_3,123,B0018,15,99.48041766162956,92.50852
TD-Clean-6,refit_on_3,123,B0018,18,99.59054502526398,95.068375
TD-Clean-6,refit_on_3,123,B0018,20,99.36387169185286,91.39356
TD-Clean-6,refit_on_3,123,B0018,22,98.96567828327716,90.932655
TD-Clean-6,refit_on_3,123,B0018,24,98.63793870309058,90.71116
TD-Clean-6,refit_on_3,123,B0018,27,98.04714689052696,90.761505
TD-Clean-6,refit_on_3,123,B0018,30,99.06887382997856,93.91451
TD-Clean-6,refit_on_3,123,B0018,32,98.47248926951052,91.86248
TD-Clean-6,refit_on_3,123,B0018,34,98.068534707018,91.44398
TD-Clean-6,refit_on_3,123,B0018,36,97.31606084566693,90.507256
TD-Clean-6,refit_on_3,123,B0018,39,96.91537145663308,90.07236
TD-Clean-6,refit_on_3,123,B0018,42,96.77777434993364,93.22699
TD-Clean-6,refit_on_3,123,B0018,44,96.24906078283864,90.80625
TD-Clean-6,refit_on_3,123,B0018,46,96.10893521170082,90.17391
TD-Clean-6,refit_on_3,123,B0018,48,95.29382636269746,89.59178
TD-Clean-6,refit_on_3,123,B0018,51,94.89112029628322,89.20946
TD-Clean-6,refit_on_3,123,B0018,54,94.42623362260446,90.43793
TD-Clean-6,refit_on_3,123,B0018,56,94.09214261326034,88.65684
TD-Clean-6,refit_on_3,123,B0018,58,92.84655809058668,91.56734
TD-Clean-6,refit_on_3,123,B0018,60,93.00278636580364,88.04485
TD-Clean-6,refit_on_3,123,B0018,63,92.78717154289568,87.67972
TD-Clean-6,refit_on_3,123,B0018,66,95.05514633441328,90.297806
TD-Clean-6,refit_on_3,123,B0018,68,94.16023397654948,90.94772
TD-Clean-6,refit_on_3,123,B0018,70,93.58756901230694,90.342636
TD-Clean-6,refit_on_3,123,B0018,72,93.02323711734508,89.688866
TD-Clean-6,refit_on_3,123,B0018,75,92.33971230163448,88.77867
TD-Clean-6,refit_on_3,123,B0018,78,92.05544475967478,89.00012
TD-Clean-6,refit_on_3,123,B0018,80,91.39607597710202,88.468666
TD-Clean-6,refit_on_3,123,B0018,82,91.12841202900309,88.195366
TD-Clean-6,refit_on_3,123,B0018,84,90.50598444143154,88.037094
TD-Clean-6,refit_on_3,123,B0018,87,90.05329919062662,87.02182
TD-Clean-6,refit_on_3,123,B0018,90,89.56595375021743,87.11449
TD-Clean-6,refit_on_3,123,B0018,92,89.05221474379236,86.210075
TD-Clean-6,refit_on_3,123,B0018,94,88.4478648526792,86.53876
TD-Clean-6,refit_on_3,123,B0018,96,88.14926233550939,85.5696
TD-Clean-6,refit_on_3,123,B0018,99,87.70654438914323,85.95596
TD-Clean-6,refit_on_3,123,B0018,102,91.07812245566797,86.48192
TD-Clean-6,refit_on_3,123,B0018,104,89.62445100410937,88.4792
TD-Clean-6,refit_on_3,123,B0018,106,88.70513095013024,87.36461
TD-Clean-6,refit_on_3,123,B0018,108,87.83746900859978,86.452354
TD-Clean-6,refit_on_3,123,B0018,111,87.53788044222665,84.99304
TD-Clean-6,refit_on_3,123,B0018,114,86.69891328476463,84.90455
TD-Clean-6,refit_on_3,123,B0018,117,93.83080462693712,78.4435
TD-Clean-6,refit_on_3,123,B0018,119,93.27978546012802,91.66059
TD-Clean-6,refit_on_3,123,B0018,121,92.1525471966999,91.25794
TD-Clean-6,refit_on_3,123,B0018,123,91.17195305362098,91.128006
TD-Clean-6,refit_on_3,123,B0018,125,90.2416573040256,90.24102
TD-Clean-6,refit_on_3,123,B0018,128,90.55423897233052,91.45995
TD-Clean-6,refit_on_3,123,B0018,130,89.49039068452917,89.264404
TD-Clean-6,refit_on_3,123,B0018,132,88.3454487099843,92.46333
TD-Clean-6,refit_on_3,123,B0018,134,87.60607299731777,92.48183
TD-Clean-6,refit_on_3,123,B0018,136,87.25714700042141,87.27972
TD-Clean-6,refit_on_3,123,B0018,141,90.9473619616094,95.41726
TD-Clean-6,refit_on_3,123,B0018,143,89.1426764135498,90.86129
TD-Clean-6,refit_on_3,123,B0018,145,87.66626044455795,89.2816
TD-Clean-6,refit_on_3,123,B0018,147,86.51592379470374,87.59231
TD-Clean-6,refit_on_3,123,B0018,150,86.21730704320841,86.329346
TD-Clean-6,refit_on_3,123,B0018,153,85.8627581657356,85.13342
TD-Clean-6,refit_on_3,123,B0018,155,84.99855590440428,85.55713
TD-Clean-6,refit_on_3,123,B0018,157,84.53366840480606,84.59307
TD-Clean-6,refit_on_3,123,B0018,159,83.69607194854545,84.373604
TD-Clean-6,refit_on_3,123,B0018,162,83.25899594193369,83.57835
TD-Clean-6,refit_on_3,123,B0018,165,83.22975722050174,81.52086
TD-Clean-6,refit_on_3,123,B0018,167,82.72092847997168,83.470245
TD-Clean-6,refit_on_3,123,B0018,169,81.86598978006339,82.07788
TD-Clean-6,refit_on_3,123,B0018,171,81.58859278240016,83.14925
TD-Clean-6,refit_on_3,123,B0018,174,81.31316363799587,81.96298
TD-Clean-6,refit_on_3,123,B0018,177,83.32773163808899,81.36942
TD-Clean-6,refit_on_3,123,B0018,179,82.80709531820148,83.39864
TD-Clean-6,refit_on_3,123,B0018,181,81.57610219236552,82.664024
TD-Clean-6,refit_on_3,123,B0018,183,81.09929204028072,81.952156
TD-Clean-6,refit_on_3,123,B0018,185,80.60512587063184,81.47757
TD-Clean-6,refit_on_3,123,B0018,188,80.4645909654616,79.86677
TD-Clean-6,refit_on_3,123,B0018,190,80.07171192098461,81.07768
TD-Clean-6,refit_on_3,123,B0018,192,79.77346222448996,80.430145
TD-Clean-6,refit_on_3,123,B0018,194,79.23402412051846,80.12526
TD-Clean-6,refit_on_3,123,B0018,197,78.6783203089025,79.70438
TD-Clean-6,refit_on_3,123,B0018,200,78.94539372549075,77.456184
TD-Clean-6,refit_on_3,123,B0018,202,78.38865828037459,79.610596
TD-Clean-6,refit_on_3,123,B0018,204,78.21127069246836,79.34396
TD-Clean-6,refit_on_3,123,B0018,206,77.6339684068403,79.190636
TD-Clean-6,refit_on_3,123,B0018,209,77.43046760934243,79.15393
TD-Clean-6,refit_on_3,123,B0018,212,79.8708545166814,79.6816
TD-Clean-6,refit_on_3,123,B0018,214,78.93458463676515,80.804344
TD-Clean-6,refit_on_3,123,B0018,216,78.40488242765085,80.70722
TD-Clean-6,refit_on_3,123,B0018,218,77.61921434771055,79.47811
TD-Clean-6,refit_on_3,123,B0018,220,76.9170609064971,78.949646
TD-Clean-6,refit_on_3,123,B0018,223,79.04297866359087,75.80351
TD-Clean-6,refit_on_3,123,B0018,225,77.61605692618127,80.02386
TD-Clean-6,refit_on_3,123,B0018,227,77.14789574863566,79.59783
TD-Clean-6,refit_on_3,123,B0018,229,76.92281444261894,78.92054
TD-Clean-6,refit_on_3,123,B0018,232,76.3858924270674,79.114006
TD-Clean-6,refit_on_3,123,B0018,235,76.53620320177981,77.48229
TD-Clean-6,refit_on_3,123,B0018,237,75.9063201738239,78.61955
TD-Clean-6,refit_on_3,123,B0018,239,75.72766142150313,78.74047
TD-Clean-6,refit_on_3,123,B0018,241,75.49928800503805,78.92349
TD-Clean-6,refit_on_3,123,B0018,244,74.9124451895705,77.34482
TD-Clean-6,refit_on_3,123,B0018,247,75.25674730493446,76.711006
TD-Clean-6,refit_on_3,123,B0018,249,74.46467849076038,77.611465
TD-Clean-6,refit_on_3,123,B0018,251,74.62885626516028,78.18772
TD-Clean-6,refit_on_3,123,B0018,253,74.33553994642665,78.50444
TD-Clean-6,refit_on_3,123,B0018,256,73.72504079935909,78.224014
TD-Clean-6,refit_on_3,123,B0018,259,79.36110924975578,76.20858
TD-Clean-6,refit_on_3,123,B0018,261,78.799706688891,81.85343
TD-Clean-6,refit_on_3,123,B0018,263,78.14983302548104,82.84897
TD-Clean-6,refit_on_3,123,B0018,265,77.61878718971624,81.78798
TD-Clean-6,refit_on_3,123,B0018,267,76.88079746021991,81.32667
TD-Clean-6,refit_on_3,123,B0018,270,76.8319836786595,79.0261
TD-Clean-6,refit_on_3,123,B0018,272,76.01926160635412,80.83798
TD-Clean-6,refit_on_3,123,B0018,274,75.82358510102308,81.38009
TD-Clean-6,refit_on_3,123,B0018,276,75.53633219814198,81.52483
TD-Clean-6,refit_on_3,123,B0018,279,75.31793705780649,79.671646
TD-Clean-6,refit_on_3,123,B0018,282,75.43684114368729,75.00041
TD-Clean-6,refit_on_3,123,B0018,284,74.7829788363973,76.799225
TD-Clean-6,refit_on_3,123,B0018,286,74.15991898288928,76.70185
TD-Clean-6,refit_on_3,123,B0018,288,73.84846878839457,77.449135
TD-Clean-6,refit_on_3,123,B0018,291,73.15537271331122,78.85326
TD-Clean-6,refit_on_3,123,B0018,294,77.53589472577204,74.225426
TD-Clean-6,refit_on_3,123,B0018,296,76.42763235972666,81.51767
TD-Clean-6,refit_on_3,123,B0018,298,75.72351586777258,80.98566
TD-Clean-6,refit_on_3,123,B0018,300,75.4386936803776,81.43281
TD-Clean-6,refit_on_3,123,B0018,302,74.45721490205536,80.686806
TD-Clean-6,refit_on_3,123,B0018,305,74.97385174402893,77.140686
TD-Clean-6,refit_on_3,123,B0018,307,74.3741167471391,80.38837
TD-Clean-6,refit_on_3,123,B0018,309,74.05233968989694,80.360466
TD-Clean-6,refit_on_3,123,B0018,311,74.08863589293038,79.66284
TD-Clean-6,refit_on_3,123,B0018,314,73.46151441244959,79.89837
TD-Clean-6,refit_on_3,123,B0018,317,73.62086195282473,76.89756
TD-Clean-6,refit_on_3,123,B0018,319,72.87391760769836,79.72272
TD-Clean-6,pre_refit,2024,B0005,2,100.80760884947765,96.415695
TD-Clean-6,pre_refit,2024,B0005,4,100.25590968770103,102.28955
TD-Clean-6,pre_refit,2024,B0005,6,99.65979925247206,102.51049
TD-Clean-6,pre_refit,2024,B0005,8,99.65509323788856,101.824425
TD-Clean-6,pre_refit,2024,B0005,10,99.6215889724607,101.27274
TD-Clean-6,pre_refit,2024,B0005,12,99.67676620535396,101.14946
TD-Clean-6,pre_refit,2024,B0005,14,99.64877352944652,100.94975
TD-Clean-6,pre_refit,2024,B0005,16,99.13892996732449,101.79455
TD-Clean-6,pre_refit,2024,B0005,18,99.08555627584838,101.1439
TD-Clean-6,pre_refit,2024,B0005,20,99.0768365083485,100.73253
TD-Clean-6,pre_refit,2024,B0005,22,99.07717774099622,99.92327
TD-Clean-6,pre_refit,2024,B0005,25,98.5114992237362,100.44072
TD-Clean-6,pre_refit,2024,B0005,27,98.4870761948254,100.461914
TD-Clean-6,pre_refit,2024,B0005,29,98.47015265835132,99.16693
TD-Clean-6,pre_refit,2024,B0005,31,97.88140357167902,100.68878
TD-Clean-6,pre_refit,2024,B0005,33,97.85473656745688,99.922104
TD-Clean-6,pre_refit,2024,B0005,35,97.88039886599036,99.48341
TD-Clean-6,pre_refit,2024,B0005,37,97.9069415267384,98.89336
TD-Clean-6,pre_refit,2024,B0005,39,97.89115702988882,98.48979
TD-Clean-6,pre_refit,2024,B0005,42,100.29385168145046,101.237854
TD-Clean-6,pre_refit,2024,B0005,46,100.31510023136114,101.44002
TD-Clean-6,pre_refit,2024,B0005,50,99.70477213786135,101.31124
TD-Clean-6,pre_refit,2024,B0005,54,99.1402308374376,101.17702
TD-Clean-6,pre_refit,2024,B0005,58,99.10400696359169,100.21125
TD-Clean-6,pre_refit,2024,B0005,62,99.12941188644592,99.56685
TD-Clean-6,pre_refit,2024,B0005,66,98.50222430381568,100.41239
TD-Clean-6,pre_refit,2024,B0005,70,98.5423014565286,98.843185
TD-Clean-6,pre_refit,2024,B0005,74,98.49887187571204,98.45697
TD-Clean-6,pre_refit,2024,B0005,78,97.89050762402466,99.98454
TD-Clean-6,pre_refit,2024,B0005,82,97.96171552529285,98.50948
TD-Clean-6,pre_refit,2024,B0005,86,100.55321959197046,95.521614
TD-Clean-6,pre_refit,2024,B0005,90,99.4075559707276,100.127464
TD-Clean-6,pre_refit,2024,B0005,94,98.82112827769676,99.52328
TD-Clean-6,pre_refit,2024,B0005,98,98.2457556393358,98.48297
TD-Clean-6,pre_refit,2024,B0005,102,97.99065016377766,98.32943
TD-Clean-6,pre_refit,2024,B0005,106,97.7065060215613,99.08165
TD-Clean-6,pre_refit,2024,B0005,110,97.11279694879056,98.754105
TD-Clean-6,pre_refit,2024,B0005,114,96.81304988059888,98.3759
TD-Clean-6,pre_refit,2024,B0005,118,96.27605729788222,97.85518
TD-Clean-6,pre_refit,2024,B0005,122,96.2762766313732,97.554115
TD-Clean-6,pre_refit,2024,B0005,126,95.99578118843372,98.92879
TD-Clean-6,pre_refit,2024,B0005,130,95.69403287907456,99.138
TD-Clean-6,pre_refit,2024,B0005,134,95.98194451474556,98.03099
TD-Clean-6,pre_refit,2024,B0005,136,95.71321655496544,97.75184
TD-Clean-6,pre_refit,2024,B0005,140,95.11928805425076,97.032555
TD-Clean-6,pre_refit,2024,B0005,144,94.58275432725988,97.24276
TD-Clean-6,pre_refit,2024,B0005,148,94.27008009570102,96.58136
TD-Clean-6,pre_refit,2024,B0005,150,97.39411432859931,102.402176
TD-Clean-6,pre_refit,2024,B0005,154,96.82749231246368,101.403275
TD-Clean-6,pre_refit,2024,B0005,158,95.96820195991576,99.50476
TD-Clean-6,pre_refit,2024,B0005,162,95.40638930769452,98.89374
TD-Clean-6,pre_refit,2024,B0005,166,94.8553962680492,97.864365
TD-Clean-6,pre_refit,2024,B0005,170,94.5755674779542,97.9916
TD-Clean-6,pre_refit,2024,B0005,174,94.28806184403476,98.42229
TD-Clean-6,pre_refit,2024,B0005,178,93.73958753620327,97.701126
TD-Clean-6,pre_refit,2024,B0005,182,93.16861105469168,97.39131
TD-Clean-6,pre_refit,2024,B0005,186,92.88227598613614,96.94347
TD-Clean-6,pre_refit,2024,B0005,190,92.636901518198,97.49785
TD-Clean-6,pre_refit,2024,B0005,194,92.32720191735562,97.94224
TD-Clean-6,pre_refit,2024,B0005,198,92.01599848919145,97.28679
TD-Clean-6,pre_refit,2024,B0005,202,91.49053823956656,97.84823
TD-Clean-6,pre_refit,2024,B0005,206,90.92425521866993,97.6312
TD-Clean-6,pre_refit,2024,B0005,210,90.92941856192826,97.05194
TD-Clean-6,pre_refit,2024,B0005,214,90.34010561326173,96.90635
TD-Clean-6,pre_refit,2024,B0005,216,90.0847586044663,97.84282
TD-Clean-6,pre_refit,2024,B0005,220,89.80457989439137,97.28515
TD-Clean-6,pre_refit,2024,B0005,224,89.19640288815545,97.16147
TD-Clean-6,pre_refit,2024,B0005,228,88.93598251136243,96.892975
TD-Clean-6,pre_refit,2024,B0005,232,88.65781340235759,97.1462
TD-Clean-6,pre_refit,2024,B0005,236,88.38728178562198,97.25227
TD-Clean-6,pre_refit,2024,B0005,240,88.08171260170519,95.864876
TD-Clean-6,pre_refit,2024,B0005,244,87.49528010741024,97.09632
TD-Clean-6,pre_refit,2024,B0005,248,87.2366743602368,96.71636
TD-Clean-6,pre_refit,2024,B0005,252,86.96251727221627,95.809135
TD-Clean-6,pre_refit,2024,B0005,256,86.35734215456989,96.73398
TD-Clean-6,pre_refit,2024,B0005,260,86.10863457357058,96.74753
TD-Clean-6,pre_refit,2024,B0005,264,86.06270063126725,95.24053
TD-Clean-6,pre_refit,2024,B0005,266,86.63737677555004,96.43733
TD-Clean-6,pre_refit,2024,B0005,270,85.50813849993258,95.55176
TD-Clean-6,pre_refit,2024,B0005,274,84.97446653296429,95.19775
TD-Clean-6,pre_refit,2024,B0005,278,84.69557819389517,96.5036
TD-Clean-6,pre_refit,2024,B0005,282,84.68013627936132,96.30211
TD-Clean-6,pre_refit,2024,B0005,286,84.41991821853574,96.41298
TD-Clean-6,pre_refit,2024,B0005,290,84.10414931140878,96.221924
TD-Clean-6,pre_refit,2024,B0005,294,83.52653061113354,96.687256
TD-Clean-6,pre_refit,2024,B0005,298,82.96602561057489,95.5851
TD-Clean-6,pre_refit,2024,B0005,302,82.99920327964658,95.7631
TD-Clean-6,pre_refit,2024,B0005,306,82.68003018050378,97.36742
TD-Clean-6,pre_refit,2024,B0005,310,82.39976893302816,97.24675
TD-Clean-6,pre_refit,2024,B0005,313,87.19626195760692,95.28855
TD-Clean-6,pre_refit,2024,B0005,316,84.91729656129593,95.8586
TD-Clean-6,pre_refit,2024,B0005,320,84.06165489885902,96.90917
TD-Clean-6,pre_refit,2024,B0005,324,83.2082752902044,97.54671
TD-Clean-6,pre_refit,2024,B0005,328,82.91381970838151,95.68698
TD-Clean-6,pre_refit,2024,B0005,332,82.37106085271179,96.89667
TD-Clean-6,pre_refit,2024,B0005,336,82.09631790141844,96.452545
TD-Clean-6,pre_refit,2024,B0005,340,81.80669701206385,96.652
TD-Clean-6,pre_refit,2024,B0005,344,81.53418918115372,96.94778
TD-Clean-6,pre_refit,2024,B0005,348,80.95312575426658,97.35646
TD-Clean-6,pre_refit,2024,B0005,352,80.6829269258604,97.59864
TD-Clean-6,pre_refit,2024,B0005,356,80.38673535372676,97.41316
TD-Clean-6,pre_refit,2024,B0005,360,80.10415225005684,97.616425
TD-Clean-6,pre_refit,2024,B0005,364,80.68483906716317,96.165054
TD-Clean-6,pre_refit,2024,B0005,367,81.23806188586506,98.04321
TD-Clean-6,pre_refit,2024,B0005,371,80.40774500270479,97.5484
TD-Clean-6,pre_refit,2024,B0005,375,79.80793062432481,98.21307
TD-Clean-6,pre_refit,2024,B0005,379,78.94710440938543,97.36696
TD-Clean-6,pre_refit,2024,B0005,383,78.96040682717852,97.83472
TD-Clean-6,pre_refit,2024,B0005,387,79.00805769223405,97.99819
TD-Clean-6,pre_refit,2024,B0005,391,78.68325635434054,97.96845
TD-Clean-6,pre_refit,2024,B0005,395,78.12009683923326,98.17001
TD-Clean-6,pre_refit,2024,B0005,399,77.83635095586517,97.87311
TD-Clean-6,pre_refit,2024,B0005,403,77.83366081216815,98.40886
TD-Clean-6,pre_refit,2024,B0005,407,77.54418562704669,98.76929
TD-Clean-6,pre_refit,2024,B0005,411,77.26483532824366,98.41604
TD-Clean-6,pre_refit,2024,B0005,415,76.96665751739931,97.94256
TD-Clean-6,pre_refit,2024,B0005,419,76.69408123915822,97.64054
TD-Clean-6,pre_refit,2024,B0005,423,76.7032886034996,97.94843
TD-Clean-6,pre_refit,2024,B0005,427,76.43285089151239,99.42236
TD-Clean-6,pre_refit,2024,B0005,431,77.83345221466253,98.001915
TD-Clean-6,pre_refit,2024,B0005,433,78.09751233548145,98.18455
TD-Clean-6,pre_refit,2024,B0005,437,76.96262218385922,98.35836
TD-Clean-6,pre_refit,2024,B0005,441,76.3993634537507,98.22686
TD-Clean-6,pre_refit,2024,B0005,445,76.08562321685423,97.7884
TD-Clean-6,pre_refit,2024,B0005,449,75.84111192639295,98.01718
TD-Clean-6,pre_refit,2024,B0005,453,75.5470202599512,97.58562
TD-Clean-6,pre_refit,2024,B0005,457,75.2724773855306,97.72874
TD-Clean-6,pre_refit,2024,B0005,461,74.95796574493023,97.88733
TD-Clean-6,pre_refit,2024,B0005,465,74.67559060559861,98.42592
TD-Clean-6,pre_refit,2024,B0005,469,74.4190975749656,97.85748
TD-Clean-6,pre_refit,2024,B0005,473,74.41886702385212,97.50704
TD-Clean-6,pre_refit,2024,B0005,477,74.10538957595438,97.83594
TD-Clean-6,pre_refit,2024,B0005,481,74.68403981580354,98.71063
TD-Clean-6,pre_refit,2024,B0005,483,75.26611054535188,98.37766
TD-Clean-6,pre_refit,2024,B0005,485,74.38310747232698,99.02811
TD-Clean-6,pre_refit,2024,B0005,489,74.10795710900801,98.19044
TD-Clean-6,pre_refit,2024,B0005,493,73.53993654981534,98.67019
TD-Clean-6,pre_refit,2024,B0005,497,73.55729388669064,99.21251
TD-Clean-6,pre_refit,2024,B0005,501,73.56067241598603,98.95651
TD-Clean-6,pre_refit,2024,B0005,505,73.26805286034079,98.776215
TD-Clean-6,pre_refit,2024,B0005,509,72.98972077509227,98.41501
TD-Clean-6,pre_refit,2024,B0005,513,72.70747847813722,98.34812
TD-Clean-6,pre_refit,2024,B0005,517,72.70330518052887,98.822266
TD-Clean-6,pre_refit,2024,B0005,521,72.43680818215978,99.06998
TD-Clean-6,pre_refit,2024,B0005,525,72.14563728793834,99.345116
TD-Clean-6,pre_refit,2024,B0005,529,71.84842350914826,98.816444
TD-Clean-6,pre_refit,2024,B0005,533,71.57682808520298,99.28375
TD-Clean-6,pre_refit,2024,B0005,537,71.59297070565168,99.57972
TD-Clean-6,pre_refit,2024,B0005,541,71.58355486033668,99.29673
TD-Clean-6,pre_refit,2024,B0005,545,71.88651633814797,98.50318
TD-Clean-6,pre_refit,2024,B0005,548,73.85485752850198,96.485016
TD-Clean-6,pre_refit,2024,B0005,552,72.73676298693475,98.46346
TD-Clean-6,pre_refit,2024,B0005,556,72.16650080848474,98.88643
TD-Clean-6,pre_refit,2024,B0005,560,71.87574889700983,99.47837
TD-Clean-6,pre_refit,2024,B0005,564,71.60206343923741,99.04482
TD-Clean-6,pre_refit,2024,B0005,568,71.32194157026348,99.45956
TD-Clean-6,pre_refit,2024,B0005,572,71.30711389020412,98.94481
TD-Clean-6,pre_refit,2024,B0005,576,71.01356336148518,99.15918
TD-Clean-6,pre_refit,2024,B0005,580,70.75492745457169,99.20175
TD-Clean-6,pre_refit,2024,B0005,584,70.77254445771489,99.30984
TD-Clean-6,pre_refit,2024,B0005,588,70.77540542374062,98.678955
TD-Clean-6,pre_refit,2024,B0005,592,70.47550750397869,99.30686
TD-Clean-6,pre_refit,2024,B0005,596,70.48563041810954,98.88216
TD-Clean-6,pre_refit,2024,B0005,600,70.23531244180377,99.42971
TD-Clean-6,pre_refit,2024,B0005,604,69.93882142370093,99.992676
TD-Clean-6,pre_refit,2024,B0005,608,69.90890905512207,99.668755
TD-Clean-6,pre_refit,2024,B0005,612,71.07977535187085,99.37305
TD-Clean-6,pre_refit,2024,B0005,614,71.95205157786506,98.54401
TD-Clean-6,refit_on_3,2024,B0005,2,100.80760884947765,75.00063
TD-Clean-6,refit_on_3,2024,B0005,4,100.25590968770103,97.49118
TD-Clean-6,refit_on_3,2024,B0005,6,99.65979925247206,97.51834
TD-Clean-6,refit_on_3,2024,B0005,8,99.65509323788856,97.47533
TD-Clean-6,refit_on_3,2024,B0005,10,99.6215889724607,97.43411
TD-Clean-6,refit_on_3,2024,B0005,12,99.67676620535396,97.39488
TD-Clean-6,refit_on_3,2024,B0005,14,99.64877352944652,97.4156
TD-Clean-6,refit_on_3,2024,B0005,16,99.13892996732449,97.50691
TD-Clean-6,refit_on_3,2024,B0005,18,99.08555627584838,97.47275
TD-Clean-6,refit_on_3,2024,B0005,20,99.0768365083485,97.44774
TD-Clean-6,refit_on_3,2024,B0005,22,99.07717774099622,97.41129
TD-Clean-6,refit_on_3,2024,B0005,25,98.5114992237362,97.34424
TD-Clean-6,refit_on_3,2024,B0005,27,98.4870761948254,97.46532
TD-Clean-6,refit_on_3,2024,B0005,29,98.47015265835132,97.35577
TD-Clean-6,refit_on_3,2024,B0005,31,97.88140357167902,97.44842
TD-Clean-6,refit_on_3,2024,B0005,33,97.85473656745688,97.37524
TD-Clean-6,refit_on_3,2024,B0005,35,97.88039886599036,97.36464
TD-Clean-6,refit_on_3,2024,B0005,37,97.9069415267384,97.35736
TD-Clean-6,refit_on_3,2024,B0005,39,97.89115702988882,97.34105
TD-Clean-6,refit_on_3,2024,B0005,42,100.29385168145046,97.25119
TD-Clean-6,refit_on_3,2024,B0005,46,100.31510023136114,97.42686
TD-Clean-6,refit_on_3,2024,B0005,50,99.70477213786135,97.42931
TD-Clean-6,refit_on_3,2024,B0005,54,99.1402308374376,97.34908
TD-Clean-6,refit_on_3,2024,B0005,58,99.10400696359169,97.2111
TD-Clean-6,refit_on_3,2024,B0005,62,99.12941188644592,97.229065
TD-Clean-6,refit_on_3,2024,B0005,66,98.50222430381568,97.24612
TD-Clean-6,refit_on_3,2024,B0005,70,98.5423014565286,97.12312
TD-Clean-6,refit_on_3,2024,B0005,74,98.49887187571204,97.10376
TD-Clean-6,refit_on_3,2024,B0005,78,97.89050762402466,97.17895
TD-Clean-6,refit_on_3,2024,B0005,82,97.96171552529285,97.072914
TD-Clean-6,refit_on_3,2024,B0005,86,100.55321959197046,84.899445
TD-Clean-6,refit_on_3,2024,B0005,90,99.4075559707276,97.233
TD-Clean-6,refit_on_3,2024,B0005,94,98.82112827769676,97.19481
TD-Clean-6,refit_on_3,2024,B0005,98,98.2457556393358,96.05938
TD-Clean-6,refit_on_3,2024,B0005,102,97.99065016377766,97.02181
TD-Clean-6,refit_on_3,2024,B0005,106,97.7065060215613,95.50258
TD-Clean-6,refit_on_3,2024,B0005,110,97.11279694879056,95.82748
TD-Clean-6,refit_on_3,2024,B0005,114,96.81304988059888,97.00635
TD-Clean-6,refit_on_3,2024,B0005,118,96.27605729788222,94.36382
TD-Clean-6,refit_on_3,2024,B0005,122,96.2762766313732,93.39153
TD-Clean-6,refit_on_3,2024,B0005,126,95.99578118843372,93.972626
TD-Clean-6,refit_on_3,2024,B0005,130,95.69403287907456,94.827255
TD-Clean-6,refit_on_3,2024,B0005,134,95.98194451474556,94.94883
TD-Clean-6,refit_on_3,2024,B0005,136,95.71321655496544,92.51119
TD-Clean-6,refit_on_3,2024,B0005,140,95.11928805425076,92.303764
TD-Clean-6,refit_on_3,2024,B0005,144,94.58275432725988,93.915085
TD-Clean-6,refit_on_3,2024,B0005,148,94.27008009570102,91.04155
TD-Clean-6,refit_on_3,2024,B0005,150,97.39411432859931,94.87363
TD-Clean-6,refit_on_3,2024,B0005,154,96.82749231246368,97.550674
TD-Clean-6,refit_on_3,2024,B0005,158,95.96820195991576,95.18848
TD-Clean-6,refit_on_3,2024,B0005,162,95.40638930769452,97.18265
TD-Clean-6,refit_on_3,2024,B0005,166,94.8553962680492,92.84998
TD-Clean-6,refit_on_3,2024,B0005,170,94.5755674779542,95.222244
TD-Clean-6,refit_on_3,2024,B0005,174,94.28806184403476,93.474304
TD-Clean-6,refit_on_3,2024,B0005,178,93.73958753620327,92.24452
TD-Clean-6,refit_on_3,2024,B0005,182,93.16861105469168,89.94834
TD-Clean-6,refit_on_3,2024,B0005,186,92.88227598613614,89.46644
TD-Clean-6,refit_on_3,2024,B0005,190,92.636901518198,89.57995
TD-Clean-6,refit_on_3,2024,B0005,194,92.32720191735562,89.60464
TD-Clean-6,refit_on_3,2024,B0005,198,92.01599848919145,88.560745
TD-Clean-6,refit_on_3,2024,B0005,202,91.49053823956656,92.76301
TD-Clean-6,refit_on_3,2024,B0005,206,90.92425521866993,90.058945
TD-Clean-6,refit_on_3,2024,B0005,210,90.92941856192826,87.207664
TD-Clean-6,refit_on_3,2024,B0005,214,90.34010561326173,86.67102
TD-Clean-6,refit_on_3,2024,B0005,216,90.0847586044663,87.92684
TD-Clean-6,refit_on_3,2024,B0005,220,89.80457989439137,88.75361
TD-Clean-6,refit_on_3,2024,B0005,224,89.19640288815545,86.14715
TD-Clean-6,refit_on_3,2024,B0005,228,88.93598251136243,86.33861
TD-Clean-6,refit_on_3,2024,B0005,232,88.65781340235759,86.157646
TD-Clean-6,refit_on_3,2024,B0005,236,88.38728178562198,88.42691
TD-Clean-6,refit_on_3,2024,B0005,240,88.08171260170519,83.75694
TD-Clean-6,refit_on_3,2024,B0005,244,87.49528010741024,83.67419
TD-Clean-6,refit_on_3,2024,B0005,248,87.2366743602368,83.18593
TD-Clean-6,refit_on_3,2024,B0005,252,86.96251727221627,82.56605
TD-Clean-6,refit_on_3,2024,B0005,256,86.35734215456989,82.28643
TD-Clean-6,refit_on_3,2024,B0005,260,86.10863457357058,83.49578
TD-Clean-6,refit_on_3,2024,B0005,264,86.06270063126725,81.37929
TD-Clean-6,refit_on_3,2024,B0005,266,86.63737677555004,81.20086
TD-Clean-6,refit_on_3,2024,B0005,270,85.50813849993258,81.63478
TD-Clean-6,refit_on_3,2024,B0005,274,84.97446653296429,80.81683
TD-Clean-6,refit_on_3,2024,B0005,278,84.69557819389517,83.05361
TD-Clean-6,refit_on_3,2024,B0005,282,84.68013627936132,79.732834
TD-Clean-6,refit_on_3,2024,B0005,286,84.41991821853574,79.58684
TD-Clean-6,refit_on_3,2024,B0005,290,84.10414931140878,80.02508
TD-Clean-6,refit_on_3,2024,B0005,294,83.52653061113354,82.30745
TD-Clean-6,refit_on_3,2024,B0005,298,82.96602561057489,78.56974
TD-Clean-6,refit_on_3,2024,B0005,302,82.99920327964658,78.02652
TD-Clean-6,refit_on_3,2024,B0005,306,82.68003018050378,78.28316
TD-Clean-6,refit_on_3,2024,B0005,310,82.39976893302816,77.63733
TD-Clean-6,refit_on_3,2024,B0005,313,87.19626195760692,77.59134
TD-Clean-6,refit_on_3,2024,B0005,316,84.91729656129593,78.87935
TD-Clean-6,refit_on_3,2024,B0005,320,84.06165489885902,81.01517
TD-Clean-6,refit_on_3,2024,B0005,324,83.2082752902044,79.59135
TD-Clean-6,refit_on_3,2024,B0005,328,82.91381970838151,78.30948
TD-Clean-6,refit_on_3,2024,B0005,332,82.37106085271179,78.604614
TD-Clean-6,refit_on_3,2024,B0005,336,82.09631790141844,77.96334
TD-Clean-6,refit_on_3,2024,B0005,340,81.80669701206385,77.17259
TD-Clean-6,refit_on_3,2024,B0005,344,81.53418918115372,78.90905
TD-Clean-6,refit_on_3,2024,B0005,348,80.95312575426658,76.64175
TD-Clean-6,refit_on_3,2024,B0005,352,80.6829269258604,76.23785
TD-Clean-6,refit_on_3,2024,B0005,356,80.38673535372676,75.82612
TD-Clean-6,refit_on_3,2024,B0005,360,80.10415225005684,77.62423
TD-Clean-6,refit_on_3,2024,B0005,364,80.68483906716317,75.28217
TD-Clean-6,refit_on_3,2024,B0005,367,81.23806188586506,78.44196
TD-Clean-6,refit_on_3,2024,B0005,371,80.40774500270479,76.96065
TD-Clean-6,refit_on_3,2024,B0005,375,79.80793062432481,79.492546
TD-Clean-6,refit_on_3,2024,B0005,379,78.94710440938543,77.09751
TD-Clean-6,refit_on_3,2024,B0005,383,78.96040682717852,74.50856
TD-Clean-6,refit_on_3,2024,B0005,387,79.00805769223405,77.52294
TD-Clean-6,refit_on_3,2024,B0005,391,78.68325635434054,74.25063
TD-Clean-6,refit_on_3,2024,B0005,395,78.12009683923326,73.79284
TD-Clean-6,refit_on_3,2024,B0005,399,77.83635095586517,73.60594
TD-Clean-6,refit_on_3,2024,B0005,403,77.83366081216815,76.56409
TD-Clean-6,refit_on_3,2024,B0005,407,77.54418562704669,73.004654
TD-Clean-6,refit_on_3,2024,B0005,411,77.26483532824366,72.68394
TD-Clean-6,refit_on_3,2024,B0005,415,76.96665751739931,72.716255
TD-Clean-6,refit_on_3,2024,B0005,419,76.69408123915822,72.84987
TD-Clean-6,refit_on_3,2024,B0005,423,76.7032886034996,73.71977
TD-Clean-6,refit_on_3,2024,B0005,427,76.43285089151239,74.50125
TD-Clean-6,refit_on_3,2024,B0005,431,77.83345221466253,74.45335
TD-Clean-6,refit_on_3,2024,B0005,433,78.09751233548145,74.965546
TD-Clean-6,refit_on_3,2024,B0005,437,76.96262218385922,73.482216
TD-Clean-6,refit_on_3,2024,B0005,441,76.3993634537507,73.175514
TD-Clean-6,refit_on_3,2024,B0005,445,76.08562321685423,72.50316
TD-Clean-6,refit_on_3,2024,B0005,449,75.84111192639295,72.60659
TD-Clean-6,refit_on_3,2024,B0005,453,75.5470202599512,72.3682
TD-Clean-6,refit_on_3,2024,B0005,457,75.2724773855306,72.209274
TD-Clean-6,refit_on_3,2024,B0005,461,74.95796574493023,71.87064
TD-Clean-6,refit_on_3,2024,B0005,465,74.67559060559861,74.04777
TD-Clean-6,refit_on_3,2024,B0005,469,74.4190975749656,72.37755
TD-Clean-6,refit_on_3,2024,B0005,473,74.41886702385212,71.56606
TD-Clean-6,refit_on_3,2024,B0005,477,74.10538957595438,71.38031
TD-Clean-6,refit_on_3,2024,B0005,481,74.68403981580354,71.91459
TD-Clean-6,refit_on_3,2024,B0005,483,75.26611054535188,70.93823
TD-Clean-6,refit_on_3,2024,B0005,485,74.38310747232698,71.58837
TD-Clean-6,refit_on_3,2024,B0005,489,74.10795710900801,71.12732
TD-Clean-6,refit_on_3,2024,B0005,493,73.53993654981534,70.979485
TD-Clean-6,refit_on_3,2024,B0005,497,73.55729388669064,71.83995
TD-Clean-6,refit_on_3,2024,B0005,501,73.56067241598603,70.91375
TD-Clean-6,refit_on_3,2024,B0005,505,73.26805286034079,71.64984
TD-Clean-6,refit_on_3,2024,B0005,509,72.98972077509227,72.50474
TD-Clean-6,refit_on_3,2024,B0005,513,72.70747847813722,70.8161
TD-Clean-6,refit_on_3,2024,B0005,517,72.70330518052887,71.01361
TD-Clean-6,refit_on_3,2024,B0005,521,72.43680818215978,70.59253
TD-Clean-6,refit_on_3,2024,B0005,525,72.14563728793834,72.68705
TD-Clean-6,refit_on_3,2024,B0005,529,71.84842350914826,71.06345
TD-Clean-6,refit_on_3,2024,B0005,533,71.57682808520298,70.76733
TD-Clean-6,refit_on_3,2024,B0005,537,71.59297070565168,69.787094
TD-Clean-6,refit_on_3,2024,B0005,541,71.58355486033668,72.10893
TD-Clean-6,refit_on_3,2024,B0005,545,71.88651633814797,70.01907
TD-Clean-6,refit_on_3,2024,B0005,548,73.85485752850198,69.304794
TD-Clean-6,refit_on_3,2024,B0005,552,72.73676298693475,70.83806
TD-Clean-6,refit_on_3,2024,B0005,556,72.16650080848474,70.9677
TD-Clean-6,refit_on_3,2024,B0005,560,71.87574889700983,72.4174
TD-Clean-6,refit_on_3,2024,B0005,564,71.60206343923741,71.10648
TD-Clean-6,refit_on_3,2024,B0005,568,71.32194157026348,70.56941
TD-Clean-6,refit_on_3,2024,B0005,572,71.30711389020412,71.40468
TD-Clean-6,refit_on_3,2024,B0005,576,71.01356336148518,70.25214
TD-Clean-6,refit_on_3,2024,B0005,580,70.75492745457169,69.39024
TD-Clean-6,refit_on_3,2024,B0005,584,70.77254445771489,70.999954
TD-Clean-6,refit_on_3,2024,B0005,588,70.77540542374062,70.97376
TD-Clean-6,refit_on_3,2024,B0005,592,70.47550750397869,70.00113
TD-Clean-6,refit_on_3,2024,B0005,596,70.48563041810954,70.28683
TD-Clean-6,refit_on_3,2024,B0005,600,70.23531244180377,71.195656
TD-Clean-6,refit_on_3,2024,B0005,604,69.93882142370093,70.302536
TD-Clean-6,refit_on_3,2024,B0005,608,69.90890905512207,69.34624
TD-Clean-6,refit_on_3,2024,B0005,612,71.07977535187085,71.934586
TD-Clean-6,refit_on_3,2024,B0005,614,71.95205157786506,72.0476
TD-Clean-6,pre_refit,2024,B0006,2,100.88297108833646,92.20335
TD-Clean-6,pre_refit,2024,B0006,4,100.37753235288778,101.82821
TD-Clean-6,pre_refit,2024,B0006,6,99.79196916000484,102.23406
TD-Clean-6,pre_refit,2024,B0006,8,99.7899019818078,102.190414
TD-Clean-6,pre_refit,2024,B0006,10,99.15762541696316,101.22036
TD-Clean-6,pre_refit,2024,B0006,12,99.8203556776378,101.17313
TD-Clean-6,pre_refit,2024,B0006,14,99.7808037027038,100.599106
TD-Clean-6,pre_refit,2024,B0006,16,97.5844832820893,101.81145
TD-Clean-6,pre_refit,2024,B0006,18,97.5535716293996,101.7585
TD-Clean-6,pre_refit,2024,B0006,20,97.01155142541865,100.77922
TD-Clean-6,pre_refit,2024,B0006,22,96.43502080876348,101.14122
TD-Clean-6,pre_refit,2024,B0006,25,95.8972998236526,99.17377
TD-Clean-6,pre_refit,2024,B0006,27,95.32875373854844,101.07445
TD-Clean-6,pre_refit,2024,B0006,29,94.76419905980474,99.41873
TD-Clean-6,pre_refit,2024,B0006,31,94.22773853976388,99.85064
TD-Clean-6,pre_refit,2024,B0006,33,93.6395064953226,99.42705
TD-Clean-6,pre_refit,2024,B0006,35,93.09821798643677,99.8406
TD-Clean-6,pre_refit,2024,B0006,37,92.56743574756617,99.18207
TD-Clean-6,pre_refit,2024,B0006,39,92.56840432582156,98.822754
TD-Clean-6,pre_refit,2024,B0006,42,98.12161319843736,99.13636
TD-Clean-6,pre_refit,2024,B0006,46,97.02736865587346,100.9099
TD-Clean-6,pre_refit,2024,B0006,50,96.4457203456954,100.212456
TD-Clean-6,pre_refit,2024,B0006,54,95.37664206593776,100.091354
TD-Clean-6,pre_refit,2024,B0006,58,96.45395400781383,98.76248
TD-Clean-6,pre_refit,2024,B0006,62,94.2446511737385,99.37145
TD-Clean-6,pre_refit,2024,B0006,66,93.11783815158223,97.89026
TD-Clean-6,pre_refit,2024,B0006,70,92.60393676951,97.47016
TD-Clean-6,pre_refit,2024,B0006,74,91.99518419888014,96.84136
TD-Clean-6,pre_refit,2024,B0006,78,91.45865458065036,97.30638
TD-Clean-6,pre_refit,2024,B0006,82,92.05488530825814,95.928604
TD-Clean-6,pre_refit,2024,B0006,86,95.40291074415664,89.356186
TD-Clean-6,pre_refit,2024,B0006,90,93.2941701264468,93.95948
TD-Clean-6,pre_refit,2024,B0006,94,91.95812296295944,92.91091
TD-Clean-6,pre_refit,2024,B0006,98,91.16379285351326,91.46736
TD-Clean-6,pre_refit,2024,B0006,102,90.13722315501992,91.09171
TD-Clean-6,pre_refit,2024,B0006,106,89.88629167454431,90.12722
TD-Clean-6,pre_refit,2024,B0006,110,89.07464504963947,90.1602
TD-Clean-6,pre_refit,2024,B0006,114,88.27677498375004,90.0252
TD-Clean-6,pre_refit,2024,B0006,118,87.78153478310176,88.891426
TD-Clean-6,pre_refit,2024,B0006,122,87.25902301297472,88.44465
TD-Clean-6,pre_refit,2024,B0006,126,86.75445063463465,88.77653
TD-Clean-6,pre_refit,2024,B0006,130,86.21919662960373,88.75952
TD-Clean-6,pre_refit,2024,B0006,134,86.97181002045869,88.43574
TD-Clean-6,pre_refit,2024,B0006,136,87.53004089819298,88.083405
TD-Clean-6,pre_refit,2024,B0006,140,85.93648557449694,88.151306
TD-Clean-6,pre_refit,2024,B0006,144,84.92223069682748,88.18132
TD-Clean-6,pre_refit,2024,B0006,148,84.38106569995976,87.2234
TD-Clean-6,pre_refit,2024,B0006,150,90.39396636175364,89.65246
TD-Clean-6,pre_refit,2024,B0006,154,89.62118442408695,91.82875
TD-Clean-6,pre_refit,2024,B0006,158,88.01687540594799,90.10239
TD-Clean-6,pre_refit,2024,B0006,162,86.47934133475826,89.60585
TD-Clean-6,pre_refit,2024,B0006,166,85.7093899316892,88.482635
TD-Clean-6,pre_refit,2024,B0006,170,84.66363361309608,88.688805
TD-Clean-6,pre_refit,2024,B0006,174,84.14253773442293,88.04572
TD-Clean-6,pre_refit,2024,B0006,178,83.37268440744252,87.80309
TD-Clean-6,pre_refit,2024,B0006,182,82.84795096685752,87.06619
TD-Clean-6,pre_refit,2024,B0006,186,82.31672078137474,86.47682
TD-Clean-6,pre_refit,2024,B0006,190,81.8390002521071,86.243324
TD-Clean-6,pre_refit,2024,B0006,194,81.29446683115198,86.774185
TD-Clean-6,pre_refit,2024,B0006,198,80.75246648690656,86.58663
TD-Clean-6,pre_refit,2024,B0006,202,79.7437886746144,88.06352
TD-Clean-6,pre_refit,2024,B0006,206,79.47984426199564,86.74896
TD-Clean-6,pre_refit,2024,B0006,210,79.25415788836384,85.98277
TD-Clean-6,pre_refit,2024,B0006,214,78.69188922732394,86.4901
TD-Clean-6,pre_refit,2024,B0006,216,78.46114405771091,86.81121
TD-Clean-6,pre_refit,2024,B0006,220,77.67630372212932,87.07555
TD-Clean-6,pre_refit,2024,B0006,224,77.38916838478035,86.29259
TD-Clean-6,pre_refit,2024,B0006,228,76.88491527529958,86.737366
TD-Clean-6,pre_refit,2024,B0006,232,76.3646225030132,86.45154
TD-Clean-6,pre_refit,2024,B0006,236,75.60327887522882,87.36378
TD-Clean-6,pre_refit,2024,B0006,240,75.84333345118733,86.483116
TD-Clean-6,pre_refit,2024,B0006,244,75.57070473005419,86.33077
TD-Clean-6,pre_refit,2024,B0006,248,75.06972493621848,87.10003
TD-Clean-6,pre_refit,2024,B0006,252,74.81407516505371,86.68571
TD-Clean-6,pre_refit,2024,B0006,256,74.54671414292675,86.37074
TD-Clean-6,pre_refit,2024,B0006,260,74.02740213488109,87.48086
TD-Clean-6,pre_refit,2024,B0006,264,73.73556466569462,86.534225
TD-Clean-6,pre_refit,2024,B0006,266,75.84980622026112,84.17187
TD-Clean-6,pre_refit,2024,B0006,270,74.55060879561292,86.43463
TD-Clean-6,pre_refit,2024,B0006,274,73.79142812679322,85.63352
TD-Clean-6,pre_refit,2024,B0006,278,73.27190839787096,87.520226
TD-Clean-6,pre_refit,2024,B0006,282,73.28093201847443,86.53041
TD-Clean-6,pre_refit,2024,B0006,286,73.02095301621284,86.89435
TD-Clean-6,pre_refit,2024,B0006,290,72.73851013234444,86.928055
TD-Clean-6,pre_refit,2024,B0006,294,71.95104826590523,87.39404
TD-Clean-6,pre_refit,2024,B0006,298,71.96564568462234,86.581375
TD-Clean-6,pre_refit,2024,B0006,302,71.72895437691278,87.079735
TD-Clean-6,pre_refit,2024,B0006,306,71.71434939609318,86.993416
TD-Clean-6,pre_refit,2024,B0006,310,71.45761792874575,87.295364
TD-Clean-6,pre_refit,2024,B0006,313,78.98726854374111,84.33774
TD-Clean-6,pre_refit,2024,B0006,316,76.64794397240323,84.1624
TD-Clean-6,pre_refit,2024,B0006,320,75.07747171565073,86.333206
TD-Clean-6,pre_refit,2024,B0006,324,74.29795247472106,86.00768
TD-Clean-6,pre_refit,2024,B0006,328,73.51146675367659,86.34368
TD-Clean-6,pre_refit,2024,B0006,332,73.00864275760908,86.1307
TD-Clean-6,pre_refit,2024,B0006,336,72.50277290138493,86.46285
TD-Clean-6,pre_refit,2024,B0006,340,71.96131839956391,86.22652
TD-Clean-6,pre_refit,2024,B0006,344,71.71500633205595,86.9742
TD-Clean-6,pre_refit,2024,B0006,348,71.44305583769248,86.60103
TD-Clean-6,pre_refit,2024,B0006,352,70.93898960214143,86.61067
TD-Clean-6,pre_refit,2024,B0006,356,70.68194044477139,86.51609
TD-Clean-6,pre_refit,2024,B0006,360,70.4074916889224,87.74665
TD-Clean-6,pre_refit,2024,B0006,364,70.41804785222855,87.09409
TD-Clean-6,pre_refit,2024,B0006,367,71.98210310103482,86.674774
TD-Clean-6,pre_refit,2024,B0006,371,70.95618334594263,87.58201
TD-Clean-6,pre_refit,2024,B0006,375,70.1362730902931,87.8159
TD-Clean-6,pre_refit,2024,B0006,379,69.87433806657212,87.43511
TD-Clean-6,pre_refit,2024,B0006,383,69.63573699649338,87.6607
TD-Clean-6,pre_refit,2024,B0006,387,69.15232147064526,88.99697
TD-Clean-6,pre_refit,2024,B0006,391,69.12109936452545,88.18228
TD-Clean-6,pre_refit,2024,B0006,395,68.86250185726787,87.92569
TD-Clean-6,pre_refit,2024,B0006,399,68.59092282212131,87.76295
TD-Clean-6,pre_refit,2024,B0006,403,68.08750743669,88.618744
TD-Clean-6,pre_refit,2024,B0006,407,68.33159705981836,88.117455
TD-Clean-6,pre_refit,2024,B0006,411,68.09140360412486,88.30582
TD-Clean-6,pre_refit,2024,B0006,415,67.81869443003508,88.2518
TD-Clean-6,pre_refit,2024,B0006,419,67.5730638436144,88.20453
TD-Clean-6,pre_refit,2024,B0006,423,67.31503513349786,89.15263
TD-Clean-6,pre_refit,2024,B0006,427,67.07575548417674,89.11361
TD-Clean-6,pre_refit,2024,B0006,431,68.60691404106846,89.1971
TD-Clean-6,pre_refit,2024,B0006,433,69.64711039275872,87.63459
TD-Clean-6,pre_refit,2024,B0006,437,68.33719964359061,88.14541
TD-Clean-6,pre_refit,2024,B0006,441,67.81907707369999,88.93644
TD-Clean-6,pre_refit,2024,B0006,445,67.27630029953899,88.115814
TD-Clean-6,pre_refit,2024,B0006,449,67.03731096833596,89.22182
TD-Clean-6,pre_refit,2024,B0006,453,66.78534122129697,88.69587
TD-Clean-6,pre_refit,2024,B0006,457,66.26973868287087,88.99255
TD-Clean-6,pre_refit,2024,B0006,461,65.98363462621751,89.28047
TD-Clean-6,pre_refit,2024,B0006,465,65.72069252661954,90.65864
TD-Clean-6,pre_refit,2024,B0006,469,65.50500064349335,89.38771
TD-Clean-6,pre_refit,2024,B0006,473,65.48747074550045,89.88978
TD-Clean-6,pre_refit,2024,B0006,477,65.2110653386093,90.40505
TD-Clean-6,pre_refit,2024,B0006,481,65.47148558720653,90.35994
TD-Clean-6,pre_refit,2024,B0006,483,66.78647932759047,88.58867
TD-Clean-6,pre_refit,2024,B0006,485,65.72477818237311,90.99014
TD-Clean-6,pre_refit,2024,B0006,489,64.93697426302657,90.687164
TD-Clean-6,pre_refit,2024,B0006,493,64.69397950587184,91.30365
TD-Clean-6,pre_refit,2024,B0006,497,64.45556804271465,90.881256
TD-Clean-6,pre_refit,2024,B0006,501,64.44711910522597,91.54545
TD-Clean-6,pre_refit,2024,B0006,505,63.9153253541329,91.69769
TD-Clean-6,pre_refit,2024,B0006,509,63.40709756117343,92.54484
TD-Clean-6,pre_refit,2024,B0006,513,63.40485519747241,92.43478
TD-Clean-6,pre_refit,2024,B0006,517,63.14854807557744,92.161865
TD-Clean-6,pre_refit,2024,B0006,521,63.15304028594434,92.5878
TD-Clean-6,pre_refit,2024,B0006,525,62.63936845251047,94.141624
TD-Clean-6,pre_refit,2024,B0006,529,62.36048327920517,93.729965
TD-Clean-6,pre_refit,2024,B0006,533,62.11872624491582,92.95858
TD-Clean-6,pre_refit,2024,B0006,537,62.11731201074328,92.64553
TD-Clean-6,pre_refit,2024,B0006,541,61.86235410492132,94.48264
TD-Clean-6,pre_refit,2024,B0006,545,62.12742822257309,94.65876
TD-Clean-6,pre_refit,2024,B0006,548,63.93010610326108,90.9809
TD-Clean-6,pre_refit,2024,B0006,552,62.62827859533666,93.32662
TD-Clean-6,pre_refit,2024,B0006,556,61.85683618405182,94.40923
TD-Clean-6,pre_refit,2024,B0006,560,61.07092794836815,95.37227
TD-Clean-6,pre_refit,2024,B0006,564,60.82277612678393,94.72297
TD-Clean-6,pre_refit,2024,B0006,568,60.55640953242813,95.700775
TD-Clean-6,pre_refit,2024,B0006,572,60.02917505279337,95.7453
TD-Clean-6,pre_refit,2024,B0006,576,59.75722270334661,95.77638
TD-Clean-6,pre_refit,2024,B0006,580,59.52315601830062,95.464874
TD-Clean-6,pre_refit,2024,B0006,584,59.01246912863032,97.00281
TD-Clean-6,pre_refit,2024,B0006,588,58.74426171153606,97.07321
TD-Clean-6,pre_refit,2024,B0006,592,58.47122551716232,97.1912
TD-Clean-6,pre_refit,2024,B0006,596,58.2196597592319,97.554535
TD-Clean-6,pre_refit,2024,B0006,600,57.18983519098029,99.33071
TD-Clean-6,pre_refit,2024,B0006,604,57.71437056534329,98.63505
TD-Clean-6,pre_refit,2024,B0006,608,57.43663099473362,97.96633
TD-Clean-6,pre_refit,2024,B0006,612,58.23847489632371,98.345856
TD-Clean-6,pre_refit,2024,B0006,614,58.76884540363096,96.38144
TD-Clean-6,refit_on_3,2024,B0006,2,100.88297108833646,85.28638
TD-Clean-6,refit_on_3,2024,B0006,4,100.37753235288778,104.20129
TD-Clean-6,refit_on_3,2024,B0006,6,99.79196916000484,104.63341
TD-Clean-6,refit_on_3,2024,B0006,8,99.7899019818078,104.67865
TD-Clean-6,refit_on_3,2024,B0006,10,99.15762541696316,103.824196
TD-Clean-6,refit_on_3,2024,B0006,12,99.8203556776378,103.5262
TD-Clean-6,refit_on_3,2024,B0006,14,99.7808037027038,102.883026
TD-Clean-6,refit_on_3,2024,B0006,16,97.5844832820893,104.48411
TD-Clean-6,refit_on_3,2024,B0006,18,97.5535716293996,104.450226
TD-Clean-6,refit_on_3,2024,B0006,20,97.01155142541865,103.61208
TD-Clean-6,refit_on_3,2024,B0006,22,96.43502080876348,104.0513
TD-Clean-6,refit_on_3,2024,B0006,25,95.8972998236526,99.81432
TD-Clean-6,refit_on_3,2024,B0006,27,95.32875373854844,103.47207
TD-Clean-6,refit_on_3,2024,B0006,29,94.76419905980474,101.51141
TD-Clean-6,refit_on_3,2024,B0006,31,94.22773853976388,102.72591
TD-Clean-6,refit_on_3,2024,B0006,33,93.6395064953226,102.47452
TD-Clean-6,refit_on_3,2024,B0006,35,93.09821798643677,102.634476
TD-Clean-6,refit_on_3,2024,B0006,37,92.56743574756617,101.86293
TD-Clean-6,refit_on_3,2024,B0006,39,92.56840432582156,101.25131
TD-Clean-6,refit_on_3,2024,B0006,42,98.12161319843736,101.47637
TD-Clean-6,refit_on_3,2024,B0006,46,97.02736865587346,103.708405
TD-Clean-6,refit_on_3,2024,B0006,50,96.4457203456954,103.5066
TD-Clean-6,refit_on_3,2024,B0006,54,95.37664206593776,103.75956
TD-Clean-6,refit_on_3,2024,B0006,58,96.45395400781383,101.92273
TD-Clean-6,refit_on_3,2024,B0006,62,94.2446511737385,102.911736
TD-Clean-6,refit_on_3,2024,B0006,66,93.11783815158223,101.75188
TD-Clean-6,refit_on_3,2024,B0006,70,92.60393676951,100.9328
TD-Clean-6,refit_on_3,2024,B0006,74,91.99518419888014,100.26715
TD-Clean-6,refit_on_3,2024,B0006,78,91.45865458065036,100.79536
TD-Clean-6,refit_on_3,2024,B0006,82,92.05488530825814,99.10075
TD-Clean-6,refit_on_3,2024,B0006,86,95.40291074415664,84.781494
TD-Clean-6,refit_on_3,2024,B0006,90,93.2941701264468,94.95729
TD-Clean-6,refit_on_3,2024,B0006,94,91.95812296295944,94.176315
TD-Clean-6,refit_on_3,2024,B0006,98,91.16379285351326,92.868286
TD-Clean-6,refit_on_3,2024,B0006,102,90.13722315501992,92.95493
TD-Clean-6,refit_on_3,2024,B0006,106,89.88629167454431,90.621666
TD-Clean-6,refit_on_3,2024,B0006,110,89.07464504963947,91.121666
TD-Clean-6,refit_on_3,2024,B0006,114,88.27677498375004,91.341934
TD-Clean-6,refit_on_3,2024,B0006,118,87.78153478310176,90.01434
TD-Clean-6,refit_on_3,2024,B0006,122,87.25902301297472,88.87587
TD-Clean-6,refit_on_3,2024,B0006,126,86.75445063463465,88.11609
TD-Clean-6,refit_on_3,2024,B0006,130,86.21919662960373,88.02629
TD-Clean-6,refit_on_3,2024,B0006,134,86.97181002045869,88.33679
TD-Clean-6,refit_on_3,2024,B0006,136,87.53004089819298,87.648865
TD-Clean-6,refit_on_3,2024,B0006,140,85.93648557449694,88.29543
TD-Clean-6,refit_on_3,2024,B0006,144,84.92223069682748,88.30151
TD-Clean-6,refit_on_3,2024,B0006,148,84.38106569995976,86.84252
TD-Clean-6,refit_on_3,2024,B0006,150,90.39396636175364,84.70064
TD-Clean-6,refit_on_3,2024,B0006,154,89.62118442408695,90.35173
TD-Clean-6,refit_on_3,2024,B0006,158,88.01687540594799,89.27284
TD-Clean-6,refit_on_3,2024,B0006,162,86.47934133475826,89.27655
TD-Clean-6,refit_on_3,2024,B0006,166,85.7093899316892,87.68276
TD-Clean-6,refit_on_3,2024,B0006,170,84.66363361309608,87.773895
TD-Clean-6,refit_on_3,2024,B0006,174,84.14253773442293,86.24163
TD-Clean-6,refit_on_3,2024,B0006,178,83.37268440744252,86.007095
TD-Clean-6,refit_on_3,2024,B0006,182,82.84795096685752,84.99136
TD-Clean-6,refit_on_3,2024,B0006,186,82.31672078137474,84.41353
TD-Clean-6,refit_on_3,2024,B0006,190,81.8390002521071,83.677605
TD-Clean-6,refit_on_3,2024,B0006,194,81.29446683115198,83.57115
TD-Clean-6,refit_on_3,2024,B0006,198,80.75246648690656,83.25326
TD-Clean-6,refit_on_3,2024,B0006,202,79.7437886746144,85.05793
TD-Clean-6,refit_on_3,2024,B0006,206,79.47984426199564,83.69566
TD-Clean-6,refit_on_3,2024,B0006,210,79.25415788836384,81.93605
TD-Clean-6,refit_on_3,2024,B0006,214,78.69188922732394,83.045
TD-Clean-6,refit_on_3,2024,B0006,216,78.46114405771091,82.98983
TD-Clean-6,refit_on_3,2024,B0006,220,77.67630372212932,83.33372
TD-Clean-6,refit_on_3,2024,B0006,224,77.38916838478035,82.28703
TD-Clean-6,refit_on_3,2024,B0006,228,76.88491527529958,82.46639
TD-Clean-6,refit_on_3,2024,B0006,232,76.3646225030132,81.93667
TD-Clean-6,refit_on_3,2024,B0006,236,75.60327887522882,82.90372
TD-Clean-6,refit_on_3,2024,B0006,240,75.84333345118733,81.344345
TD-Clean-6,refit_on_3,2024,B0006,244,75.57070473005419,81.04477
TD-Clean-6,refit_on_3,2024,B0006,248,75.06972493621848,81.43453
TD-Clean-6,refit_on_3,2024,B0006,252,74.81407516505371,80.88856
TD-Clean-6,refit_on_3,2024,B0006,256,74.54671414292675,80.573364
TD-Clean-6,refit_on_3,2024,B0006,260,74.02740213488109,81.61013
TD-Clean-6,refit_on_3,2024,B0006,264,73.73556466569462,80.20599
TD-Clean-6,refit_on_3,2024,B0006,266,75.84980622026112,77.31671
TD-Clean-6,refit_on_3,2024,B0006,270,74.55060879561292,80.462425
TD-Clean-6,refit_on_3,2024,B0006,274,73.79142812679322,79.644516
TD-Clean-6,refit_on_3,2024,B0006,278,73.27190839787096,81.04275
TD-Clean-6,refit_on_3,2024,B0006,282,73.28093201847443,78.81771
TD-Clean-6,refit_on_3,2024,B0006,286,73.02095301621284,78.76976
TD-Clean-6,refit_on_3,2024,B0006,290,72.73851013234444,78.91445
TD-Clean-6,refit_on_3,2024,B0006,294,71.95104826590523,79.988434
TD-Clean-6,refit_on_3,2024,B0006,298,71.96564568462234,78.92473
TD-Clean-6,refit_on_3,2024,B0006,302,71.72895437691278,78.53888
TD-Clean-6,refit_on_3,2024,B0006,306,71.71434939609318,78.04477
TD-Clean-6,refit_on_3,2024,B0006,310,71.45761792874575,78.16329
TD-Clean-6,refit_on_3,2024,B0006,313,78.98726854374111,76.94238
TD-Clean-6,refit_on_3,2024,B0006,316,76.64794397240323,77.1092
TD-Clean-6,refit_on_3,2024,B0006,320,75.07747171565073,79.52584
TD-Clean-6,refit_on_3,2024,B0006,324,74.29795247472106,78.988914
TD-Clean-6,refit_on_3,2024,B0006,328,73.51146675367659,79.0347
TD-Clean-6,refit_on_3,2024,B0006,332,73.00864275760908,78.74676
TD-Clean-6,refit_on_3,2024,B0006,336,72.50277290138493,78.6532
TD-Clean-6,refit_on_3,2024,B0006,340,71.96131839956391,78.13492
TD-Clean-6,refit_on_3,2024,B0006,344,71.71500633205595,78.86407
TD-Clean-6,refit_on_3,2024,B0006,348,71.44305583769248,78.06975
TD-Clean-6,refit_on_3,2024,B0006,352,70.93898960214143,77.81172
TD-Clean-6,refit_on_3,2024,B0006,356,70.68194044477139,77.63089
TD-Clean-6,refit_on_3,2024,B0006,360,70.4074916889224,78.82666
TD-Clean-6,refit_on_3,2024,B0006,364,70.41804785222855,77.2999
TD-Clean-6,refit_on_3,2024,B0006,367,71.98210310103482,77.09031
TD-Clean-6,refit_on_3,2024,B0006,371,70.95618334594263,78.05682
TD-Clean-6,refit_on_3,2024,B0006,375,70.1362730902931,78.65384
TD-Clean-6,refit_on_3,2024,B0006,379,69.87433806657212,78.16276
TD-Clean-6,refit_on_3,2024,B0006,383,69.63573699649338,77.63941
TD-Clean-6,refit_on_3,2024,B0006,387,69.15232147064526,78.78639
TD-Clean-6,refit_on_3,2024,B0006,391,69.12109936452545,77.454575
TD-Clean-6,refit_on_3,2024,B0006,395,68.86250185726787,77.41047
TD-Clean-6,refit_on_3,2024,B0006,399,68.59092282212131,77.27866
TD-Clean-6,refit_on_3,2024,B0006,403,68.08750743669,78.14343
TD-Clean-6,refit_on_3,2024,B0006,407,68.33159705981836,76.81196
TD-Clean-6,refit_on_3,2024,B0006,411,68.09140360412486,77.155464
TD-Clean-6,refit_on_3,2024,B0006,415,67.81869443003508,77.24201
TD-Clean-6,refit_on_3,2024,B0006,419,67.5730638436144,77.267204
TD-Clean-6,refit_on_3,2024,B0006,423,67.31503513349786,77.79417
TD-Clean-6,refit_on_3,2024,B0006,427,67.07575548417674,77.54826
TD-Clean-6,refit_on_3,2024,B0006,431,68.60691404106846,78.227135
TD-Clean-6,refit_on_3,2024,B0006,433,69.64711039275872,76.96405
TD-Clean-6,refit_on_3,2024,B0006,437,68.33719964359061,77.51021
TD-Clean-6,refit_on_3,2024,B0006,441,67.81907707369999,78.20246
TD-Clean-6,refit_on_3,2024,B0006,445,67.27630029953899,77.26898
TD-Clean-6,refit_on_3,2024,B0006,449,67.03731096833596,78.07728
TD-Clean-6,refit_on_3,2024,B0006,453,66.78534122129697,77.553024
TD-Clean-6,refit_on_3,2024,B0006,457,66.26973868287087,77.75328
TD-Clean-6,refit_on_3,2024,B0006,461,65.98363462621751,77.961426
TD-Clean-6,refit_on_3,2024,B0006,465,65.72069252661954,79.53293
TD-Clean-6,refit_on_3,2024,B0006,469,65.50500064349335,78.0756
TD-Clean-6,refit_on_3,2024,B0006,473,65.48747074550045,78.187935
TD-Clean-6,refit_on_3,2024,B0006,477,65.2110653386093,78.584236
TD-Clean-6,refit_on_3,2024,B0006,481,65.47148558720653,77.99315
TD-Clean-6,refit_on_3,2024,B0006,483,66.78647932759047,77.14948
TD-Clean-6,refit_on_3,2024,B0006,485,65.72477818237311,79.80847
TD-Clean-6,refit_on_3,2024,B0006,489,64.93697426302657,79.27763
TD-Clean-6,refit_on_3,2024,B0006,493,64.69397950587184,79.92958
TD-Clean-6,refit_on_3,2024,B0006,497,64.45556804271465,79.21685
TD-Clean-6,refit_on_3,2024,B0006,501,64.44711910522597,79.40323
TD-Clean-6,refit_on_3,2024,B0006,505,63.9153253541329,79.984276
TD-Clean-6,refit_on_3,2024,B0006,509,63.40709756117343,81.09689
TD-Clean-6,refit_on_3,2024,B0006,513,63.40485519747241,80.58308
TD-Clean-6,refit_on_3,2024,B0006,517,63.14854807557744,79.901115
TD-Clean-6,refit_on_3,2024,B0006,521,63.15304028594434,80.31284
TD-Clean-6,refit_on_3,2024,B0006,525,62.63936845251047,82.28464
TD-Clean-6,refit_on_3,2024,B0006,529,62.36048327920517,81.727394
TD-Clean-6,refit_on_3,2024,B0006,533,62.11872624491582,80.957085
TD-Clean-6,refit_on_3,2024,B0006,537,62.11731201074328,80.06117
TD-Clean-6,refit_on_3,2024,B0006,541,61.86235410492132,82.24412
TD-Clean-6,refit_on_3,2024,B0006,545,62.12742822257309,82.079384
TD-Clean-6,refit_on_3,2024,B0006,548,63.93010610326108,77.8972
TD-Clean-6,refit_on_3,2024,B0006,552,62.62827859533666,80.305016
TD-Clean-6,refit_on_3,2024,B0006,556,61.85683618405182,81.29511
TD-Clean-6,refit_on_3,2024,B0006,560,61.07092794836815,82.2841
TD-Clean-6,refit_on_3,2024,B0006,564,60.82277612678393,81.43926
TD-Clean-6,refit_on_3,2024,B0006,568,60.55640953242813,82.052574
TD-Clean-6,refit_on_3,2024,B0006,572,60.02917505279337,82.17678
TD-Clean-6,refit_on_3,2024,B0006,576,59.75722270334661,81.962944
TD-Clean-6,refit_on_3,2024,B0006,580,59.52315601830062,81.42576
TD-Clean-6,refit_on_3,2024,B0006,584,59.01246912863032,82.92015
TD-Clean-6,refit_on_3,2024,B0006,588,58.74426171153606,82.86673
TD-Clean-6,refit_on_3,2024,B0006,592,58.47122551716232,82.65442
TD-Clean-6,refit_on_3,2024,B0006,596,58.2196597592319,83.05713
TD-Clean-6,refit_on_3,2024,B0006,600,57.18983519098029,84.68304
TD-Clean-6,refit_on_3,2024,B0006,604,57.71437056534329,83.82502
TD-Clean-6,refit_on_3,2024,B0006,608,57.43663099473362,82.94447
TD-Clean-6,refit_on_3,2024,B0006,612,58.23847489632371,83.666824
TD-Clean-6,refit_on_3,2024,B0006,614,58.76884540363096,81.77609
TD-Clean-6,pre_refit,2024,B0007,2,100.45351791563915,69.27082
TD-Clean-6,pre_refit,2024,B0007,4,99.900254379013,92.373764
TD-Clean-6,pre_refit,2024,B0007,6,99.90161660017114,92.47594
TD-Clean-6,pre_refit,2024,B0007,8,99.9073657865712,92.98037
TD-Clean-6,pre_refit,2024,B0007,10,99.83724531860553,93.07708
TD-Clean-6,pre_refit,2024,B0007,12,99.90361817867274,92.55887
TD-Clean-6,pre_refit,2024,B0007,14,99.86297576917136,92.0028
TD-Clean-6,pre_refit,2024,B0007,16,99.94656396119812,94.185356
TD-Clean-6,pre_refit,2024,B0007,18,99.31878532934633,94.195076
TD-Clean-6,pre_refit,2024,B0007,20,99.33799331164263,94.36372
TD-Clean-6,pre_refit,2024,B0007,22,99.33756087304828,94.67557
TD-Clean-6,pre_refit,2024,B0007,25,98.78551523188162,88.51137
TD-Clean-6,pre_refit,2024,B0007,27,98.75485184986668,94.92227
TD-Clean-6,pre_refit,2024,B0007,29,98.75133536665352,92.92586
TD-Clean-6,pre_refit,2024,B0007,31,98.77012942519043,95.60912
TD-Clean-6,pre_refit,2024,B0007,33,98.73683812511632,95.279594
TD-Clean-6,pre_refit,2024,B0007,35,98.15685575226132,95.524
TD-Clean-6,pre_refit,2024,B0007,37,98.19446503474695,95.623055
TD-Clean-6,pre_refit,2024,B0007,39,98.186691403046,94.644035
TD-Clean-6,pre_refit,2024,B0007,42,99.90787801510066,92.10618
TD-Clean-6,pre_refit,2024,B0007,46,99.94461695603135,94.13467
TD-Clean-6,pre_refit,2024,B0007,50,99.92460497901308,95.280846
TD-Clean-6,pre_refit,2024,B0007,54,99.38880751306714,96.0777
TD-Clean-6,pre_refit,2024,B0007,58,99.34580918956073,94.09864
TD-Clean-6,pre_refit,2024,B0007,62,99.37088315432128,96.797554
TD-Clean-6,pre_refit,2024,B0007,66,98.78342046080256,96.524445
TD-Clean-6,pre_refit,2024,B0007,70,98.8058078187501,95.57002
TD-Clean-6,pre_refit,2024,B0007,74,98.75966747373796,95.32509
TD-Clean-6,pre_refit,2024,B0007,78,98.1739885027512,96.03485
TD-Clean-6,pre_refit,2024,B0007,82,98.23039625446908,94.50459
TD-Clean-6,pre_refit,2024,B0007,86,100.05062324611636,80.657
TD-Clean-6,pre_refit,2024,B0007,90,98.95386520139344,98.55408
TD-Clean-6,pre_refit,2024,B0007,94,98.38356039411237,98.78483
TD-Clean-6,pre_refit,2024,B0007,98,98.11080955264678,97.44247
TD-Clean-6,pre_refit,2024,B0007,102,97.57312273601715,99.11241
TD-Clean-6,pre_refit,2024,B0007,106,97.5908400366413,95.90737
TD-Clean-6,pre_refit,2024,B0007,110,97.29922460125108,96.828575
TD-Clean-6,pre_refit,2024,B0007,114,96.74012336609094,98.425674
TD-Clean-6,pre_refit,2024,B0007,118,96.49359124138364,96.3916
TD-Clean-6,pre_refit,2024,B0007,122,96.22137391342224,95.40649
TD-Clean-6,pre_refit,2024,B0007,126,96.233276781278,94.56511
TD-Clean-6,pre_refit,2024,B0007,130,95.93841918044076,95.01652
TD-Clean-6,pre_refit,2024,B0007,134,96.31819241353496,95.779236
TD-Clean-6,pre_refit,2024,B0007,136,95.94953719543624,94.79731
TD-Clean-6,pre_refit,2024,B0007,140,95.3953227427902,95.245995
TD-Clean-6,pre_refit,2024,B0007,144,94.86699939598208,96.26292
TD-Clean-6,pre_refit,2024,B0007,148,94.57173479963342,94.18902
TD-Clean-6,pre_refit,2024,B0007,150,96.41760769059738,89.9488
TD-Clean-6,pre_refit,2024,B0007,154,96.45090493439226,95.0148
TD-Clean-6,pre_refit,2024,B0007,158,95.6297003383392,94.89211
TD-Clean-6,pre_refit,2024,B0007,162,95.10935396520227,96.51034
TD-Clean-6,pre_refit,2024,B0007,166,94.57259385530976,93.84886
TD-Clean-6,pre_refit,2024,B0007,170,94.30623404626093,94.92834
TD-Clean-6,pre_refit,2024,B0007,174,94.0371367595855,93.00403
TD-Clean-6,pre_refit,2024,B0007,178,93.49626919937222,92.65332
TD-Clean-6,pre_refit,2024,B0007,182,92.9420388383138,91.13168
TD-Clean-6,pre_refit,2024,B0007,186,92.94217065781828,91.06585
TD-Clean-6,pre_refit,2024,B0007,190,92.69668329388116,90.436806
TD-Clean-6,pre_refit,2024,B0007,194,92.41073633514534,89.92632
TD-Clean-6,pre_refit,2024,B0007,198,91.82208130681248,89.42963
TD-Clean-6,pre_refit,2024,B0007,202,91.5743327473832,92.322495
TD-Clean-6,pre_refit,2024,B0007,206,91.04730118386937,90.63595
TD-Clean-6,pre_refit,2024,B0007,210,91.04684020750553,88.35365
TD-Clean-6,pre_refit,2024,B0007,214,90.49873919973382,87.96228
TD-Clean-6,pre_refit,2024,B0007,216,90.51794914609178,88.3932
TD-Clean-6,pre_refit,2024,B0007,220,89.96325858213598,89.25421
TD-Clean-6,pre_refit,2024,B0007,224,89.64911074691454,87.473976
TD-Clean-6,pre_refit,2024,B0007,228,89.4056438247883,87.5713
TD-Clean-6,pre_refit,2024,B0007,232,89.13221056506995,87.20026
TD-Clean-6,pre_refit,2024,B0007,236,88.88142970948275,88.595695
TD-Clean-6,pre_refit,2024,B0007,240,88.57496163215028,85.569595
TD-Clean-6,pre_refit,2024,B0007,244,88.30030467403411,85.40221
TD-Clean-6,pre_refit,2024,B0007,248,88.04309784572763,85.13008
TD-Clean-6,pre_refit,2024,B0007,252,87.7835715053401,84.73024
TD-Clean-6,pre_refit,2024,B0007,256,87.5009058762453,84.548
TD-Clean-6,pre_refit,2024,B0007,260,86.92700430940862,85.3627
TD-Clean-6,pre_refit,2024,B0007,264,86.91859800690037,84.24818
TD-Clean-6,pre_refit,2024,B0007,266,87.17696241036246,83.44938
TD-Clean-6,pre_refit,2024,B0007,270,86.66971006432802,84.51914
TD-Clean-6,pre_refit,2024,B0007,274,86.11955257111292,84.085884
TD-Clean-6,pre_refit,2024,B0007,278,85.86532022039283,85.26048
TD-Clean-6,pre_refit,2024,B0007,282,85.83324550155743,82.63302
TD-Clean-6,pre_refit,2024,B0007,286,85.88108948972226,82.362366
TD-Clean-6,pre_refit,2024,B0007,290,85.56987844007078,82.719696
TD-Clean-6,pre_refit,2024,B0007,294,85.027771191142,84.37979
TD-Clean-6,pre_refit,2024,B0007,298,84.77582688520748,82.43986
TD-Clean-6,pre_refit,2024,B0007,302,84.79178974791847,81.783226
TD-Clean-6,pre_refit,2024,B0007,306,84.76993385106519,81.31818
TD-Clean-6,pre_refit,2024,B0007,310,84.49605927424464,81.00348
TD-Clean-6,pre_refit,2024,B0007,313,89.71090998622898,81.49268
TD-Clean-6,pre_refit,2024,B0007,316,86.37349719367897,81.97547
TD-Clean-6,pre_refit,2024,B0007,320,85.82898928627563,83.13581
TD-Clean-6,pre_refit,2024,B0007,324,85.2934976107533,82.56318
TD-Clean-6,pre_refit,2024,B0007,328,84.72574724857897,82.103584
TD-Clean-6,pre_refit,2024,B0007,332,84.48328177752624,82.09064
TD-Clean-6,pre_refit,2024,B0007,336,84.21457006738538,81.69235
TD-Clean-6,pre_refit,2024,B0007,340,83.9288888229777,81.16015
TD-Clean-6,pre_refit,2024,B0007,344,83.67629222648154,82.154076
TD-Clean-6,pre_refit,2024,B0007,348,83.38837618926404,80.6958
TD-Clean-6,pre_refit,2024,B0007,352,83.41270816038221,80.43066
TD-Clean-6,pre_refit,2024,B0007,356,83.14675201444969,80.09545
TD-Clean-6,pre_refit,2024,B0007,360,82.8484308280049,81.33212
TD-Clean-6,pre_refit,2024,B0007,364,83.13252526962864,79.77287
TD-Clean-6,pre_refit,2024,B0007,367,83.66359396289195,81.010315
TD-Clean-6,pre_refit,2024,B0007,371,83.14841165448959,80.2384
TD-Clean-6,pre_refit,2024,B0007,375,82.85488835556158,82.00586
TD-Clean-6,pre_refit,2024,B0007,379,82.33123711829187,80.73371
TD-Clean-6,pre_refit,2024,B0007,383,82.01142381939957,79.11898
TD-Clean-6,pre_refit,2024,B0007,387,82.07206587982726,80.47081
TD-Clean-6,pre_refit,2024,B0007,391,82.0495038543302,78.42693
TD-Clean-6,pre_refit,2024,B0007,395,81.5031419618624,78.419334
TD-Clean-6,pre_refit,2024,B0007,399,81.20841503507037,78.437454
TD-Clean-6,pre_refit,2024,B0007,403,81.21721340553746,79.95637
TD-Clean-6,pre_refit,2024,B0007,407,81.22601148878292,77.78916
TD-Clean-6,pre_refit,2024,B0007,411,80.95054391771832,77.93413
TD-Clean-6,pre_refit,2024,B0007,415,80.67227833994721,78.06793
TD-Clean-6,pre_refit,2024,B0007,419,80.40565013650571,78.174995
TD-Clean-6,pre_refit,2024,B0007,423,80.40335490244634,78.28561
TD-Clean-6,pre_refit,2024,B0007,427,80.42152437300291,78.39604
TD-Clean-6,pre_refit,2024,B0007,431,81.48461605871495,78.92464
TD-Clean-6,pre_refit,2024,B0007,433,81.75963969607048,79.162544
TD-Clean-6,pre_refit,2024,B0007,437,80.93560989493338,78.68551
TD-Clean-6,pre_refit,2024,B0007,441,80.40209515327608,78.8594
TD-Clean-6,pre_refit,2024,B0007,445,80.09419697809993,78.42902
TD-Clean-6,pre_refit,2024,B0007,449,79.85042691616567,78.40848
TD-Clean-6,pre_refit,2024,B0007,453,79.56495728605914,78.29833
TD-Clean-6,pre_refit,2024,B0007,457,79.30076147796538,78.211586
TD-Clean-6,pre_refit,2024,B0007,461,79.2776995197187,78.038475
TD-Clean-6,pre_refit,2024,B0007,465,79.01573008127421,79.51967
TD-Clean-6,pre_refit,2024,B0007,469,78.7529099419952,78.54419
TD-Clean-6,pre_refit,2024,B0007,473,78.76631135529045,77.846405
TD-Clean-6,pre_refit,2024,B0007,477,78.45734950325969,77.9574
TD-Clean-6,pre_refit,2024,B0007,481,78.71925319505982,77.492485
TD-Clean-6,pre_refit,2024,B0007,483,79.58166685963718,77.188995
TD-Clean-6,pre_refit,2024,B0007,485,78.72860058663869,78.01152
TD-Clean-6,pre_refit,2024,B0007,489,78.46501751785956,77.90194
TD-Clean-6,pre_refit,2024,B0007,493,78.19738333514631,78.07239
TD-Clean-6,pre_refit,2024,B0007,497,78.20645287101384,77.831474
TD-Clean-6,pre_refit,2024,B0007,501,77.92824275772597,77.25371
TD-Clean-6,pre_refit,2024,B0007,505,77.6497101362114,77.98728
TD-Clean-6,pre_refit,2024,B0007,509,77.38028422735451,78.73721
TD-Clean-6,pre_refit,2024,B0007,513,77.09660547904922,77.67631
TD-Clean-6,pre_refit,2024,B0007,517,77.11046744203753,77.331116
TD-Clean-6,pre_refit,2024,B0007,521,76.85550035450103,77.28335
TD-Clean-6,pre_refit,2024,B0007,525,76.85236240084764,78.9306
TD-Clean-6,pre_refit,2024,B0007,529,76.56671722215358,78.16427
TD-Clean-6,pre_refit,2024,B0007,533,76.29399038621672,77.80318
TD-Clean-6,pre_refit,2024,B0007,537,76.32425788720361,76.9314
TD-Clean-6,pre_refit,2024,B0007,541,76.29658741049414,78.49737
TD-Clean-6,pre_refit,2024,B0007,545,76.59209728582513,77.890205
TD-Clean-6,pre_refit,2024,B0007,548,77.93863743061358,76.62248
TD-Clean-6,pre_refit,2024,B0007,552,77.12364718084329,77.67775
TD-Clean-6,pre_refit,2024,B0007,556,76.8725967441492,77.85334
TD-Clean-6,pre_refit,2024,B0007,560,76.58854113704766,78.57166
TD-Clean-6,pre_refit,2024,B0007,564,76.04885672654179,77.9238
TD-Clean-6,pre_refit,2024,B0007,568,76.05828438472663,77.7884
TD-Clean-6,pre_refit,2024,B0007,572,75.76335089505734,78.10125
TD-Clean-6,pre_refit,2024,B0007,576,75.75439980355237,77.36336
TD-Clean-6,pre_refit,2024,B0007,580,75.49812548326929,77.09805
TD-Clean-6,pre_refit,2024,B0007,584,75.23591897923467,77.701935
TD-Clean-6,pre_refit,2024,B0007,588,75.24924732301496,77.80809
TD-Clean-6,pre_refit,2024,B0007,592,74.94444174506414,77.04026
TD-Clean-6,pre_refit,2024,B0007,596,74.95266425125988,77.406265
TD-Clean-6,pre_refit,2024,B0007,600,74.69643604452878,77.74772
TD-Clean-6,pre_refit,2024,B0007,604,74.7051700493532,77.40492
TD-Clean-6,pre_refit,2024,B0007,608,74.39278959915883,76.63693
TD-Clean-6,pre_refit,2024,B0007,612,75.52591562947222,77.755775
TD-Clean-6,pre_refit,2024,B0007,614,76.09264518290325,77.33989
TD-Clean-6,refit_on_3,2024,B0007,2,100.45351791563915,72.62289
TD-Clean-6,refit_on_3,2024,B0007,4,99.900254379013,98.52993
TD-Clean-6,refit_on_3,2024,B0007,6,99.90161660017114,98.43494
TD-Clean-6,refit_on_3,2024,B0007,8,99.9073657865712,98.602005
TD-Clean-6,refit_on_3,2024,B0007,10,99.83724531860553,98.45659
TD-Clean-6,refit_on_3,2024,B0007,12,99.90361817867274,97.58477
TD-Clean-6,refit_on_3,2024,B0007,14,99.86297576917136,97.39461
TD-Clean-6,refit_on_3,2024,B0007,16,99.94656396119812,99.55264
TD-Clean-6,refit_on_3,2024,B0007,18,99.31878532934633,99.14425
TD-Clean-6,refit_on_3,2024,B0007,20,99.33799331164263,99.170074
TD-Clean-6,refit_on_3,2024,B0007,22,99.33756087304828,99.26083
TD-Clean-6,refit_on_3,2024,B0007,25,98.78551523188162,92.2641
TD-Clean-6,refit_on_3,2024,B0007,27,98.75485184986668,99.13884
TD-Clean-6,refit_on_3,2024,B0007,29,98.75133536665352,96.314735
TD-Clean-6,refit_on_3,2024,B0007,31,98.77012942519043,98.917854
TD-Clean-6,refit_on_3,2024,B0007,33,98.73683812511632,98.444565
TD-Clean-6,refit_on_3,2024,B0007,35,98.15685575226132,98.732796
TD-Clean-6,refit_on_3,2024,B0007,37,98.19446503474695,98.28179
TD-Clean-6,refit_on_3,2024,B0007,39,98.186691403046,97.3318
TD-Clean-6,refit_on_3,2024,B0007,42,99.90787801510066,100.15461
TD-Clean-6,refit_on_3,2024,B0007,46,99.94461695603135,102.5878
TD-Clean-6,refit_on_3,2024,B0007,50,99.92460497901308,101.55832
TD-Clean-6,refit_on_3,2024,B0007,54,99.38880751306714,102.14836
TD-Clean-6,refit_on_3,2024,B0007,58,99.34580918956073,99.93148
TD-Clean-6,refit_on_3,2024,B0007,62,99.37088315432128,101.93698
TD-Clean-6,refit_on_3,2024,B0007,66,98.78342046080256,101.798485
TD-Clean-6,refit_on_3,2024,B0007,70,98.8058078187501,99.78144
TD-Clean-6,refit_on_3,2024,B0007,74,98.75966747373796,99.76472
TD-Clean-6,refit_on_3,2024,B0007,78,98.1739885027512,101.17291
TD-Clean-6,refit_on_3,2024,B0007,82,98.23039625446908,98.66747
TD-Clean-6,refit_on_3,2024,B0007,86,100.05062324611636,86.54187
TD-Clean-6,refit_on_3,2024,B0007,90,98.95386520139344,103.00708
TD-Clean-6,refit_on_3,2024,B0007,94,98.38356039411237,102.033485
TD-Clean-6,refit_on_3,2024,B0007,98,98.11080955264678,99.820145
TD-Clean-6,refit_on_3,2024,B0007,102,97.57312273601715,102.01551
TD-Clean-6,refit_on_3,2024,B0007,106,97.5908400366413,100.032455
TD-Clean-6,refit_on_3,2024,B0007,110,97.29922460125108,99.74245
TD-Clean-6,refit_on_3,2024,B0007,114,96.74012336609094,101.218605
TD-Clean-6,refit_on_3,2024,B0007,118,96.49359124138364,98.72744
TD-Clean-6,refit_on_3,2024,B0007,122,96.22137391342224,98.68344
TD-Clean-6,refit_on_3,2024,B0007,126,96.233276781278,98.834595
TD-Clean-6,refit_on_3,2024,B0007,130,95.93841918044076,99.264206
TD-Clean-6,refit_on_3,2024,B0007,134,96.31819241353496,99.057945
TD-Clean-6,refit_on_3,2024,B0007,136,95.94953719543624,97.56219
TD-Clean-6,refit_on_3,2024,B0007,140,95.3953227427902,97.24975
TD-Clean-6,refit_on_3,2024,B0007,144,94.86699939598208,98.50534
TD-Clean-6,refit_on_3,2024,B0007,148,94.57173479963342,96.36418
TD-Clean-6,refit_on_3,2024,B0007,150,96.41760769059738,102.74704
TD-Clean-6,refit_on_3,2024,B0007,154,96.45090493439226,100.177185
TD-Clean-6,refit_on_3,2024,B0007,158,95.6297003383392,98.42091
TD-Clean-6,refit_on_3,2024,B0007,162,95.10935396520227,100.54559
TD-Clean-6,refit_on_3,2024,B0007,166,94.57259385530976,97.20425
TD-Clean-6,refit_on_3,2024,B0007,170,94.30623404626093,99.32348
TD-Clean-6,refit_on_3,2024,B0007,174,94.0371367595855,98.05195
TD-Clean-6,refit_on_3,2024,B0007,178,93.49626919937222,96.79537
TD-Clean-6,refit_on_3,2024,B0007,182,92.9420388383138,95.05998
TD-Clean-6,refit_on_3,2024,B0007,186,92.94217065781828,94.84903
TD-Clean-6,refit_on_3,2024,B0007,190,92.69668329388116,95.30782
TD-Clean-6,refit_on_3,2024,B0007,194,92.41073633514534,94.9941
TD-Clean-6,refit_on_3,2024,B0007,198,91.82208130681248,94.02628
TD-Clean-6,refit_on_3,2024,B0007,202,91.5743327473832,97.04539
TD-Clean-6,refit_on_3,2024,B0007,206,91.04730118386937,94.86176
TD-Clean-6,refit_on_3,2024,B0007,210,91.04684020750553,93.58098
TD-Clean-6,refit_on_3,2024,B0007,214,90.49873919973382,91.936935
TD-Clean-6,refit_on_3,2024,B0007,216,90.51794914609178,93.3841
TD-Clean-6,refit_on_3,2024,B0007,220,89.96325858213598,94.09621
TD-Clean-6,refit_on_3,2024,B0007,224,89.64911074691454,91.93818
TD-Clean-6,refit_on_3,2024,B0007,228,89.4056438247883,92.30815
TD-Clean-6,refit_on_3,2024,B0007,232,89.13221056506995,92.13312
TD-Clean-6,refit_on_3,2024,B0007,236,88.88142970948275,93.81246
TD-Clean-6,refit_on_3,2024,B0007,240,88.57496163215028,90.274475
TD-Clean-6,refit_on_3,2024,B0007,244,88.30030467403411,90.14265
TD-Clean-6,refit_on_3,2024,B0007,248,88.04309784572763,90.02085
TD-Clean-6,refit_on_3,2024,B0007,252,87.7835715053401,89.50353
TD-Clean-6,refit_on_3,2024,B0007,256,87.5009058762453,89.17824
TD-Clean-6,refit_on_3,2024,B0007,260,86.92700430940862,90.30442
TD-Clean-6,refit_on_3,2024,B0007,264,86.91859800690037,88.644684
TD-Clean-6,refit_on_3,2024,B0007,266,87.17696241036246,88.735634
TD-Clean-6,refit_on_3,2024,B0007,270,86.66971006432802,88.35844
TD-Clean-6,refit_on_3,2024,B0007,274,86.11955257111292,88.27303
TD-Clean-6,refit_on_3,2024,B0007,278,85.86532022039283,90.37528
TD-Clean-6,refit_on_3,2024,B0007,282,85.83324550155743,88.09442
TD-Clean-6,refit_on_3,2024,B0007,286,85.88108948972226,87.38497
TD-Clean-6,refit_on_3,2024,B0007,290,85.56987844007078,87.6903
TD-Clean-6,refit_on_3,2024,B0007,294,85.027771191142,89.11165
TD-Clean-6,refit_on_3,2024,B0007,298,84.77582688520748,86.691475
TD-Clean-6,refit_on_3,2024,B0007,302,84.79178974791847,86.95663
TD-Clean-6,refit_on_3,2024,B0007,306,84.76993385106519,86.5127
TD-Clean-6,refit_on_3,2024,B0007,310,84.49605927424464,86.106865
TD-Clean-6,refit_on_3,2024,B0007,313,89.71090998622898,85.6753
TD-Clean-6,refit_on_3,2024,B0007,316,86.37349719367897,88.155396
TD-Clean-6,refit_on_3,2024,B0007,320,85.82898928627563,88.61139
TD-Clean-6,refit_on_3,2024,B0007,324,85.2934976107533,87.58265
TD-Clean-6,refit_on_3,2024,B0007,328,84.72574724857897,86.814835
TD-Clean-6,refit_on_3,2024,B0007,332,84.48328177752624,86.87053
TD-Clean-6,refit_on_3,2024,B0007,336,84.21457006738538,86.62551
TD-Clean-6,refit_on_3,2024,B0007,340,83.9288888229777,85.96745
TD-Clean-6,refit_on_3,2024,B0007,344,83.67629222648154,87.282845
TD-Clean-6,refit_on_3,2024,B0007,348,83.38837618926404,85.44594
TD-Clean-6,refit_on_3,2024,B0007,352,83.41270816038221,85.21781
TD-Clean-6,refit_on_3,2024,B0007,356,83.14675201444969,84.97836
TD-Clean-6,refit_on_3,2024,B0007,360,82.8484308280049,86.39783
TD-Clean-6,refit_on_3,2024,B0007,364,83.13252526962864,84.64181
TD-Clean-6,refit_on_3,2024,B0007,367,83.66359396289195,87.92719
TD-Clean-6,refit_on_3,2024,B0007,371,83.14841165448959,85.817184
TD-Clean-6,refit_on_3,2024,B0007,375,82.85488835556158,87.691925
TD-Clean-6,refit_on_3,2024,B0007,379,82.33123711829187,85.91566
TD-Clean-6,refit_on_3,2024,B0007,383,82.01142381939957,84.22974
TD-Clean-6,refit_on_3,2024,B0007,387,82.07206587982726,86.64777
TD-Clean-6,refit_on_3,2024,B0007,391,82.0495038543302,83.892624
TD-Clean-6,refit_on_3,2024,B0007,395,81.5031419618624,83.237076
TD-Clean-6,refit_on_3,2024,B0007,399,81.20841503507037,83.314285
TD-Clean-6,refit_on_3,2024,B0007,403,81.21721340553746,85.98975
TD-Clean-6,refit_on_3,2024,B0007,407,81.22601148878292,82.99476
TD-Clean-6,refit_on_3,2024,B0007,411,80.95054391771832,82.602554
TD-Clean-6,refit_on_3,2024,B0007,415,80.67227833994721,82.43582
TD-Clean-6,refit_on_3,2024,B0007,419,80.40565013650571,82.52125
TD-Clean-6,refit_on_3,2024,B0007,423,80.40335490244634,83.4603
TD-Clean-6,refit_on_3,2024,B0007,427,80.42152437300291,84.3259
TD-Clean-6,refit_on_3,2024,B0007,431,81.48461605871495,83.56286
TD-Clean-6,refit_on_3,2024,B0007,433,81.75963969607048,84.8533
TD-Clean-6,refit_on_3,2024,B0007,437,80.93560989493338,82.89454
TD-Clean-6,refit_on_3,2024,B0007,441,80.40209515327608,82.91158
TD-Clean-6,refit_on_3,2024,B0007,445,80.09419697809993,82.20641
TD-Clean-6,refit_on_3,2024,B0007,449,79.85042691616567,82.30491
TD-Clean-6,refit_on_3,2024,B0007,453,79.56495728605914,81.89785
TD-Clean-6,refit_on_3,2024,B0007,457,79.30076147796538,81.72532
TD-Clean-6,refit_on_3,2024,B0007,461,79.2776995197187,81.32529
TD-Clean-6,refit_on_3,2024,B0007,465,79.01573008127421,83.63984
TD-Clean-6,refit_on_3,2024,B0007,469,78.7529099419952,82.00587
TD-Clean-6,refit_on_3,2024,B0007,473,78.76631135529045,80.991844
TD-Clean-6,refit_on_3,2024,B0007,477,78.45734950325969,80.88638
TD-Clean-6,refit_on_3,2024,B0007,481,78.71925319505982,81.48657
TD-Clean-6,refit_on_3,2024,B0007,483,79.58166685963718,80.66114
TD-Clean-6,refit_on_3,2024,B0007,485,78.72860058663869,80.95501
TD-Clean-6,refit_on_3,2024,B0007,489,78.46501751785956,80.67033
TD-Clean-6,refit_on_3,2024,B0007,493,78.19738333514631,80.61943
TD-Clean-6,refit_on_3,2024,B0007,497,78.20645287101384,81.5276
TD-Clean-6,refit_on_3,2024,B0007,501,77.92824275772597,80.471634
TD-Clean-6,refit_on_3,2024,B0007,505,77.6497101362114,80.98735
TD-Clean-6,refit_on_3,2024,B0007,509,77.38028422735451,81.75478
TD-Clean-6,refit_on_3,2024,B0007,513,77.09660547904922,80.161545
TD-Clean-6,refit_on_3,2024,B0007,517,77.11046744203753,80.438156
TD-Clean-6,refit_on_3,2024,B0007,521,76.85550035450103,79.91599
TD-Clean-6,refit_on_3,2024,B0007,525,76.85236240084764,82.1086
TD-Clean-6,refit_on_3,2024,B0007,529,76.56671722215358,80.47336
TD-Clean-6,refit_on_3,2024,B0007,533,76.29399038621672,80.26575
TD-Clean-6,refit_on_3,2024,B0007,537,76.32425788720361,79.38439
TD-Clean-6,refit_on_3,2024,B0007,541,76.29658741049414,81.58607
TD-Clean-6,refit_on_3,2024,B0007,545,76.59209728582513,79.228874
TD-Clean-6,refit_on_3,2024,B0007,548,77.93863743061358,78.95211
TD-Clean-6,refit_on_3,2024,B0007,552,77.12364718084329,80.11737
TD-Clean-6,refit_on_3,2024,B0007,556,76.8725967441492,80.25522
TD-Clean-6,refit_on_3,2024,B0007,560,76.58854113704766,81.6575
TD-Clean-6,refit_on_3,2024,B0007,564,76.04885672654179,80.40467
TD-Clean-6,refit_on_3,2024,B0007,568,76.05828438472663,80.01433
TD-Clean-6,refit_on_3,2024,B0007,572,75.76335089505734,80.69302
TD-Clean-6,refit_on_3,2024,B0007,576,75.75439980355237,79.38663
TD-Clean-6,refit_on_3,2024,B0007,580,75.49812548326929,78.84161
TD-Clean-6,refit_on_3,2024,B0007,584,75.23591897923467,80.16519
TD-Clean-6,refit_on_3,2024,B0007,588,75.24924732301496,80.0756
TD-Clean-6,refit_on_3,2024,B0007,592,74.94444174506414,79.10767
TD-Clean-6,refit_on_3,2024,B0007,596,74.95266425125988,79.37925
TD-Clean-6,refit_on_3,2024,B0007,600,74.69643604452878,80.201965
TD-Clean-6,refit_on_3,2024,B0007,604,74.7051700493532,79.61308
TD-Clean-6,refit_on_3,2024,B0007,608,74.39278959915883,78.51035
TD-Clean-6,refit_on_3,2024,B0007,612,75.52591562947222,80.94502
TD-Clean-6,refit_on_3,2024,B0007,614,76.09264518290325,81.44195
TD-Clean-6,pre_refit,2024,B0018,3,100.8025811041783,72.95276
TD-Clean-6,pre_refit,2024,B0018,7,100.16087022619236,90.7266
TD-Clean-6,pre_refit,2024,B0018,11,99.96558598273582,90.76677
TD-Clean-6,pre_refit,2024,B0018,15,99.48041766162956,91.24499
TD-Clean-6,pre_refit,2024,B0018,18,99.59054502526398,90.658356
TD-Clean-6,pre_refit,2024,B0018,20,99.36387169185286,89.01965
TD-Clean-6,pre_refit,2024,B0018,22,98.96567828327716,88.9843
TD-Clean-6,pre_refit,2024,B0018,24,98.63793870309058,89.149925
TD-Clean-6,pre_refit,2024,B0018,27,98.04714689052696,89.26496
TD-Clean-6,pre_refit,2024,B0018,30,99.06887382997856,90.48187
TD-Clean-6,pre_refit,2024,B0018,32,98.47248926951052,89.51149
TD-Clean-6,pre_refit,2024,B0018,34,98.068534707018,89.7858
TD-Clean-6,pre_refit,2024,B0018,36,97.31606084566693,89.206795
TD-Clean-6,pre_refit,2024,B0018,39,96.91537145663308,89.15869
TD-Clean-6,pre_refit,2024,B0018,42,96.77777434993364,90.33339
TD-Clean-6,pre_refit,2024,B0018,44,96.24906078283864,88.54696
TD-Clean-6,pre_refit,2024,B0018,46,96.10893521170082,88.18878
TD-Clean-6,pre_refit,2024,B0018,48,95.29382636269746,88.133354
TD-Clean-6,pre_refit,2024,B0018,51,94.89112029628322,88.37288
TD-Clean-6,pre_refit,2024,B0018,54,94.42623362260446,89.109665
TD-Clean-6,pre_refit,2024,B0018,56,94.09214261326034,88.24113
TD-Clean-6,pre_refit,2024,B0018,58,92.84655809058668,92.45005
TD-Clean-6,pre_refit,2024,B0018,60,93.00278636580364,87.53873
TD-Clean-6,pre_refit,2024,B0018,63,92.78717154289568,87.33548
TD-Clean-6,pre_refit,2024,B0018,66,95.05514633441328,88.1661
TD-Clean-6,pre_refit,2024,B0018,68,94.16023397654948,88.64343
TD-Clean-6,pre_refit,2024,B0018,70,93.58756901230694,87.71059
TD-Clean-6,pre_refit,2024,B0018,72,93.02323711734508,87.37193
TD-Clean-6,pre_refit,2024,B0018,75,92.33971230163448,87.04131
TD-Clean-6,pre_refit,2024,B0018,78,92.05544475967478,86.751785
TD-Clean-6,pre_refit,2024,B0018,80,91.39607597710202,86.540504
TD-Clean-6,pre_refit,2024,B0018,82,91.12841202900309,86.021645
TD-Clean-6,pre_refit,2024,B0018,84,90.50598444143154,85.71996
TD-Clean-6,pre_refit,2024,B0018,87,90.05329919062662,85.29764
TD-Clean-6,pre_refit,2024,B0018,90,89.56595375021743,85.16571
TD-Clean-6,pre_refit,2024,B0018,92,89.05221474379236,85.0897
TD-Clean-6,pre_refit,2024,B0018,94,88.4478648526792,84.906654
TD-Clean-6,pre_refit,2024,B0018,96,88.14926233550939,83.99425
TD-Clean-6,pre_refit,2024,B0018,99,87.70654438914323,84.18913
TD-Clean-6,pre_refit,2024,B0018,102,91.07812245566797,84.655815
TD-Clean-6,pre_refit,2024,B0018,104,89.62445100410937,86.33896
TD-Clean-6,pre_refit,2024,B0018,106,88.70513095013024,85.87639
TD-Clean-6,pre_refit,2024,B0018,108,87.83746900859978,85.35245
TD-Clean-6,pre_refit,2024,B0018,111,87.53788044222665,84.37342
TD-Clean-6,pre_refit,2024,B0018,114,86.69891328476463,83.80725
TD-Clean-6,pre_refit,2024,B0018,117,93.83080462693712,84.27652
TD-Clean-6,pre_refit,2024,B0018,119,93.27978546012802,91.476
TD-Clean-6,pre_refit,2024,B0018,121,92.1525471966999,90.37124
TD-Clean-6,pre_refit,2024,B0018,123,91.17195305362098,89.57699
TD-Clean-6,pre_refit,2024,B0018,125,90.2416573040256,88.53795
TD-Clean-6,pre_refit,2024,B0018,128,90.55423897233052,87.90782
TD-Clean-6,pre_refit,2024,B0018,130,89.49039068452917,87.32771
TD-Clean-6,pre_refit,2024,B0018,132,88.3454487099843,91.50903
TD-Clean-6,pre_refit,2024,B0018,134,87.60607299731777,91.389854
TD-Clean-6,pre_refit,2024,B0018,136,87.25714700042141,86.02945
TD-Clean-6,pre_refit,2024,B0018,141,90.9473619616094,94.824265
TD-Clean-6,pre_refit,2024,B0018,143,89.1426764135498,88.269554
TD-Clean-6,pre_refit,2024,B0018,145,87.66626044455795,87.22602
TD-Clean-6,pre_refit,2024,B0018,147,86.51592379470374,86.046555
TD-Clean-6,pre_refit,2024,B0018,150,86.21730704320841,85.15606
TD-Clean-6,pre_refit,2024,B0018,153,85.8627581657356,83.780014
TD-Clean-6,pre_refit,2024,B0018,155,84.99855590440428,84.44555
TD-Clean-6,pre_refit,2024,B0018,157,84.53366840480606,83.656624
TD-Clean-6,pre_refit,2024,B0018,159,83.69607194854545,83.492294
TD-Clean-6,pre_refit,2024,B0018,162,83.25899594193369,83.02223
TD-Clean-6,pre_refit,2024,B0018,165,83.22975722050174,81.295555
TD-Clean-6,pre_refit,2024,B0018,167,82.72092847997168,82.95338
TD-Clean-6,pre_refit,2024,B0018,169,81.86598978006339,81.93622
TD-Clean-6,pre_refit,2024,B0018,171,81.58859278240016,82.73487
TD-Clean-6,pre_refit,2024,B0018,174,81.31316363799587,81.91297
TD-Clean-6,pre_refit,2024,B0018,177,83.32773163808899,80.55861
TD-Clean-6,pre_refit,2024,B0018,179,82.80709531820148,82.42272
TD-Clean-6,pre_refit,2024,B0018,181,81.57610219236552,81.878845
TD-Clean-6,pre_refit,2024,B0018,183,81.09929204028072,81.35402
TD-Clean-6,pre_refit,2024,B0018,185,80.60512587063184,81.224915
TD-Clean-6,pre_refit,2024,B0018,188,80.4645909654616,79.56981
TD-Clean-6,pre_refit,2024,B0018,190,80.07171192098461,80.61079
TD-Clean-6,pre_refit,2024,B0018,192,79.77346222448996,80.166664
TD-Clean-6,pre_refit,2024,B0018,194,79.23402412051846,80.04247
TD-Clean-6,pre_refit,2024,B0018,197,78.6783203089025,79.876305
TD-Clean-6,pre_refit,2024,B0018,200,78.94539372549075,78.24038
TD-Clean-6,pre_refit,2024,B0018,202,78.38865828037459,79.6382
TD-Clean-6,pre_refit,2024,B0018,204,78.21127069246836,79.09985
TD-Clean-6,pre_refit,2024,B0018,206,77.6339684068403,78.94712
TD-Clean-6,pre_refit,2024,B0018,209,77.43046760934243,78.881454
TD-Clean-6,pre_refit,2024,B0018,212,79.8708545166814,79.27285
TD-Clean-6,pre_refit,2024,B0018,214,78.93458463676515,80.49215
TD-Clean-6,pre_refit,2024,B0018,216,78.40488242765085,80.42529
TD-Clean-6,pre_refit,2024,B0018,218,77.61921434771055,79.72616
TD-Clean-6,pre_refit,2024,B0018,220,76.9170609064971,79.15764
TD-Clean-6,pre_refit,2024,B0018,223,79.04297866359087,76.89952
TD-Clean-6,pre_refit,2024,B0018,225,77.61605692618127,79.522575
TD-Clean-6,pre_refit,2024,B0018,227,77.14789574863566,79.08262
TD-Clean-6,pre_refit,2024,B0018,229,76.92281444261894,78.621666
TD-Clean-6,pre_refit,2024,B0018,232,76.3858924270674,78.94109
TD-Clean-6,pre_refit,2024,B0018,235,76.53620320177981,77.52237
TD-Clean-6,pre_refit,2024,B0018,237,75.9063201738239,78.419716
TD-Clean-6,pre_refit,2024,B0018,239,75.72766142150313,78.15401
TD-Clean-6,pre_refit,2024,B0018,241,75.49928800503805,78.11181
TD-Clean-6,pre_refit,2024,B0018,244,74.9124451895705,77.274925
TD-Clean-6,pre_refit,2024,B0018,247,75.25674730493446,76.43962
TD-Clean-6,pre_refit,2024,B0018,249,74.46467849076038,77.37599
TD-Clean-6,pre_refit,2024,B0018,251,74.62885626516028,77.50959
TD-Clean-6,pre_refit,2024,B0018,253,74.33553994642665,77.45346
TD-Clean-6,pre_refit,2024,B0018,256,73.72504079935909,77.51499
TD-Clean-6,pre_refit,2024,B0018,259,79.36110924975578,78.75183
TD-Clean-6,pre_refit,2024,B0018,261,78.799706688891,80.996284
TD-Clean-6,pre_refit,2024,B0018,263,78.14983302548104,81.15407
TD-Clean-6,pre_refit,2024,B0018,265,77.61878718971624,80.6489
TD-Clean-6,pre_refit,2024,B0018,267,76.88079746021991,80.410934
TD-Clean-6,pre_refit,2024,B0018,270,76.8319836786595,78.806274
TD-Clean-6,pre_refit,2024,B0018,272,76.01926160635412,79.75248
TD-Clean-6,pre_refit,2024,B0018,274,75.82358510102308,79.89028
TD-Clean-6,pre_refit,2024,B0018,276,75.53633219814198,79.52815
TD-Clean-6,pre_refit,2024,B0018,279,75.31793705780649,78.46335
TD-Clean-6,pre_refit,2024,B0018,282,75.43684114368729,76.30419
TD-Clean-6,pre_refit,2024,B0018,284,74.7829788363973,77.19292
TD-Clean-6,pre_refit,2024,B0018,286,74.15991898288928,77.2959
TD-Clean-6,pre_refit,2024,B0018,288,73.84846878839457,77.83455
TD-Clean-6,pre_refit,2024,B0018,291,73.15537271331122,78.763954
TD-Clean-6,pre_refit,2024,B0018,294,77.53589472577204,77.86985
TD-Clean-6,pre_refit,2024,B0018,296,76.42763235972666,80.3882
TD-Clean-6,pre_refit,2024,B0018,298,75.72351586777258,80.12163
TD-Clean-6,pre_refit,2024,B0018,300,75.4386936803776,80.23226
TD-Clean-6,pre_refit,2024,B0018,302,74.45721490205536,79.786606
TD-Clean-6,pre_refit,2024,B0018,305,74.97385174402893,77.55577
TD-Clean-6,pre_refit,2024,B0018,307,74.3741167471391,79.34026
TD-Clean-6,pre_refit,2024,B0018,309,74.05233968989694,78.60729
TD-Clean-6,pre_refit,2024,B0018,311,74.08863589293038,77.784966
TD-Clean-6,pre_refit,2024,B0018,314,73.46151441244959,78.24846
TD-Clean-6,pre_refit,2024,B0018,317,73.62086195282473,76.993004
TD-Clean-6,pre_refit,2024,B0018,319,72.87391760769836,78.72484
TD-Clean-6,refit_on_3,2024,B0018,3,100.8025811041783,72.05618
TD-Clean-6,refit_on_3,2024,B0018,7,100.16087022619236,92.98392
TD-Clean-6,refit_on_3,2024,B0018,11,99.96558598273582,91.991196
TD-Clean-6,refit_on_3,2024,B0018,15,99.48041766162956,91.965294
TD-Clean-6,refit_on_3,2024,B0018,18,99.59054502526398,93.07176
TD-Clean-6,refit_on_3,2024,B0018,20,99.36387169185286,90.33542
TD-Clean-6,refit_on_3,2024,B0018,22,98.96567828327716,89.782616
TD-Clean-6,refit_on_3,2024,B0018,24,98.63793870309058,89.52337
TD-Clean-6,refit_on_3,2024,B0018,27,98.04714689052696,89.45632
TD-Clean-6,refit_on_3,2024,B0018,30,99.06887382997856,91.68567
TD-Clean-6,refit_on_3,2024,B0018,32,98.47248926951052,90.3211
TD-Clean-6,refit_on_3,2024,B0018,34,98.068534707018,90.23614
TD-Clean-6,refit_on_3,2024,B0018,36,97.31606084566693,89.03944
TD-Clean-6,refit_on_3,2024,B0018,39,96.91537145663308,88.55468
TD-Clean-6,refit_on_3,2024,B0018,42,96.77777434993364,90.95964
TD-Clean-6,refit_on_3,2024,B0018,44,96.24906078283864,89.0604
TD-Clean-6,refit_on_3,2024,B0018,46,96.10893521170082,88.5116
TD-Clean-6,refit_on_3,2024,B0018,48,95.29382636269746,87.93581
TD-Clean-6,refit_on_3,2024,B0018,51,94.89112029628322,87.47677
TD-Clean-6,refit_on_3,2024,B0018,54,94.42623362260446,88.35448
TD-Clean-6,refit_on_3,2024,B0018,56,94.09214261326034,86.854576
TD-Clean-6,refit_on_3,2024,B0018,58,92.84655809058668,91.93517
TD-Clean-6,refit_on_3,2024,B0018,60,93.00278636580364,86.15978
TD-Clean-6,refit_on_3,2024,B0018,63,92.78717154289568,85.78904
TD-Clean-6,refit_on_3,2024,B0018,66,95.05514633441328,87.59389
TD-Clean-6,refit_on_3,2024,B0018,68,94.16023397654948,88.49869
TD-Clean-6,refit_on_3,2024,B0018,70,93.58756901230694,87.89449
TD-Clean-6,refit_on_3,2024,B0018,72,93.02323711734508,87.312225
TD-Clean-6,refit_on_3,2024,B0018,75,92.33971230163448,86.52385
TD-Clean-6,refit_on_3,2024,B0018,78,92.05544475967478,86.49825
TD-Clean-6,refit_on_3,2024,B0018,80,91.39607597710202,86.00879
TD-Clean-6,refit_on_3,2024,B0018,82,91.12841202900309,85.78171
TD-Clean-6,refit_on_3,2024,B0018,84,90.50598444143154,85.564354
TD-Clean-6,refit_on_3,2024,B0018,87,90.05329919062662,84.66292
TD-Clean-6,refit_on_3,2024,B0018,90,89.56595375021743,84.62196
TD-Clean-6,refit_on_3,2024,B0018,92,89.05221474379236,83.93333
TD-Clean-6,refit_on_3,2024,B0018,94,88.4478648526792,83.947014
TD-Clean-6,refit_on_3,2024,B0018,96,88.14926233550939,83.18057
TD-Clean-6,refit_on_3,2024,B0018,99,87.70654438914323,83.43076
TD-Clean-6,refit_on_3,2024,B0018,102,91.07812245566797,83.67981
TD-Clean-6,refit_on_3,2024,B0018,104,89.62445100410937,85.47582
TD-Clean-6,refit_on_3,2024,B0018,106,88.70513095013024,84.53683
TD-Clean-6,refit_on_3,2024,B0018,108,87.83746900859978,83.70186
TD-Clean-6,refit_on_3,2024,B0018,111,87.53788044222665,82.572914
TD-Clean-6,refit_on_3,2024,B0018,114,86.69891328476463,82.071266
TD-Clean-6,refit_on_3,2024,B0018,117,93.83080462693712,82.753876
TD-Clean-6,refit_on_3,2024,B0018,119,93.27978546012802,91.10905
TD-Clean-6,refit_on_3,2024,B0018,121,92.1525471966999,89.731346
TD-Clean-6,refit_on_3,2024,B0018,123,91.17195305362098,88.726295
TD-Clean-6,refit_on_3,2024,B0018,125,90.2416573040256,87.45254
TD-Clean-6,refit_on_3,2024,B0018,128,90.55423897233052,88.12453
TD-Clean-6,refit_on_3,2024,B0018,130,89.49039068452917,86.63297
TD-Clean-6,refit_on_3,2024,B0018,132,88.3454487099843,91.32245
TD-Clean-6,refit_on_3,2024,B0018,134,87.60607299731777,90.856094
TD-Clean-6,refit_on_3,2024,B0018,136,87.25714700042141,84.69589
TD-Clean-6,refit_on_3,2024,B0018,141,90.9473619616094,96.051384
TD-Clean-6,refit_on_3,2024,B0018,143,89.1426764135498,87.64566
TD-Clean-6,refit_on_3,2024,B0018,145,87.66626044455795,86.27225
TD-Clean-6,refit_on_3,2024,B0018,147,86.51592379470374,84.76542
TD-Clean-6,refit_on_3,2024,B0018,150,86.21730704320841,83.63799
TD-Clean-6,refit_on_3,2024,B0018,153,85.8627581657356,82.4074
TD-Clean-6,refit_on_3,2024,B0018,155,84.99855590440428,82.94707
TD-Clean-6,refit_on_3,2024,B0018,157,84.53366840480606,82.193
TD-Clean-6,refit_on_3,2024,B0018,159,83.69607194854545,81.972984
TD-Clean-6,refit_on_3,2024,B0018,162,83.25899594193369,81.627914
TD-Clean-6,refit_on_3,2024,B0018,165,83.22975722050174,79.257385
TD-Clean-6,refit_on_3,2024,B0018,167,82.72092847997168,81.45382
TD-Clean-6,refit_on_3,2024,B0018,169,81.86598978006339,80.51065
TD-Clean-6,refit_on_3,2024,B0018,171,81.58859278240016,81.18488
TD-Clean-6,refit_on_3,2024,B0018,174,81.31316363799587,80.55354
TD-Clean-6,refit_on_3,2024,B0018,177,83.32773163808899,78.60867
TD-Clean-6,refit_on_3,2024,B0018,179,82.80709531820148,81.140335
TD-Clean-6,refit_on_3,2024,B0018,181,81.57610219236552,80.728386
TD-Clean-6,refit_on_3,2024,B0018,183,81.09929204028072,80.28859
TD-Clean-6,refit_on_3,2024,B0018,185,80.60512587063184,80.28631
TD-Clean-6,refit_on_3,2024,B0018,188,80.4645909654616,77.74258
TD-Clean-6,refit_on_3,2024,B0018,190,80.07171192098461,79.544495
TD-Clean-6,refit_on_3,2024,B0018,192,79.77346222448996,79.15427
TD-Clean-6,refit_on_3,2024,B0018,194,79.23402412051846,79.22413
TD-Clean-6,refit_on_3,2024,B0018,197,78.6783203089025,79.071594
TD-Clean-6,refit_on_3,2024,B0018,200,78.94539372549075,76.501045
TD-Clean-6,refit_on_3,2024,B0018,202,78.38865828037459,78.562645
TD-Clean-6,refit_on_3,2024,B0018,204,78.21127069246836,78.13608
TD-Clean-6,refit_on_3,2024,B0018,206,77.6339684068403,78.22973
TD-Clean-6,refit_on_3,2024,B0018,209,77.43046760934243,78.35074
TD-Clean-6,refit_on_3,2024,B0018,212,79.8708545166814,76.90067
TD-Clean-6,refit_on_3,2024,B0018,214,78.93458463676515,79.54631
TD-Clean-6,refit_on_3,2024,B0018,216,78.40488242765085,79.58237
TD-Clean-6,refit_on_3,2024,B0018,218,77.61921434771055,78.74498
TD-Clean-6,refit_on_3,2024,B0018,220,76.9170609064971,78.382164
TD-Clean-6,refit_on_3,2024,B0018,223,79.04297866359087,74.96349
TD-Clean-6,refit_on_3,2024,B0018,225,77.61605692618127,78.69649
TD-Clean-6,refit_on_3,2024,B0018,227,77.14789574863566,78.400314
TD-Clean-6,refit_on_3,2024,B0018,229,76.92281444261894,78.10504
TD-Clean-6,refit_on_3,2024,B0018,232,76.3858924270674,78.34303
TD-Clean-6,refit_on_3,2024,B0018,235,76.53620320177981,76.048294
TD-Clean-6,refit_on_3,2024,B0018,237,75.9063201738239,77.73061
TD-Clean-6,refit_on_3,2024,B0018,239,75.72766142150313,77.6377
TD-Clean-6,refit_on_3,2024,B0018,241,75.49928800503805,77.638725
TD-Clean-6,refit_on_3,2024,B0018,244,74.9124451895705,76.99825
TD-Clean-6,refit_on_3,2024,B0018,247,75.25674730493446,75.256836
TD-Clean-6,refit_on_3,2024,B0018,249,74.46467849076038,76.90685
TD-Clean-6,refit_on_3,2024,B0018,251,74.62885626516028,77.06743
TD-Clean-6,refit_on_3,2024,B0018,253,74.33553994642665,77.041046
TD-Clean-6,refit_on_3,2024,B0018,256,73.72504079935909,77.202774
TD-Clean-6,refit_on_3,2024,B0018,259,79.36110924975578,76.26682
TD-Clean-6,refit_on_3,2024,B0018,261,78.799706688891,79.618774
TD-Clean-6,refit_on_3,2024,B0018,263,78.14983302548104,80.19408
TD-Clean-6,refit_on_3,2024,B0018,265,77.61878718971624,79.90472
TD-Clean-6,refit_on_3,2024,B0018,267,76.88079746021991,79.6678
TD-Clean-6,refit_on_3,2024,B0018,270,76.8319836786595,77.09773
TD-Clean-6,refit_on_3,2024,B0018,272,76.01926160635412,78.79254
TD-Clean-6,refit_on_3,2024,B0018,274,75.82358510102308,78.88632
TD-Clean-6,refit_on_3,2024,B0018,276,75.53633219814198,78.823074
TD-Clean-6,refit_on_3,2024,B0018,279,75.31793705780649,78.49961
TD-Clean-6,refit_on_3,2024,B0018,282,75.43684114368729,75.120674
TD-Clean-6,refit_on_3,2024,B0018,284,74.7829788363973,76.96721
TD-Clean-6,refit_on_3,2024,B0018,286,74.15991898288928,76.83489
TD-Clean-6,refit_on_3,2024,B0018,288,73.84846878839457,77.1456
TD-Clean-6,refit_on_3,2024,B0018,291,73.15537271331122,77.99783
TD-Clean-6,refit_on_3,2024,B0018,294,77.53589472577204,75.76602
TD-Clean-6,refit_on_3,2024,B0018,296,76.42763235972666,79.21058
TD-Clean-6,refit_on_3,2024,B0018,298,75.72351586777258,79.20959
TD-Clean-6,refit_on_3,2024,B0018,300,75.4386936803776,79.44659
TD-Clean-6,refit_on_3,2024,B0018,302,74.45721490205536,79.03265
TD-Clean-6,refit_on_3,2024,B0018,305,74.97385174402893,75.921684
TD-Clean-6,refit_on_3,2024,B0018,307,74.3741167471391,78.328835
TD-Clean-6,refit_on_3,2024,B0018,309,74.05233968989694,77.98818
TD-Clean-6,refit_on_3,2024,B0018,311,74.08863589293038,77.7115
TD-Clean-6,refit_on_3,2024,B0018,314,73.46151441244959,78.27687
TD-Clean-6,refit_on_3,2024,B0018,317,73.62086195282473,75.76234
TD-Clean-6,refit_on_3,2024,B0018,319,72.87391760769836,78.23959
TD-Clean-6,pre_refit,11,B0005,2,100.80760884947765,98.056114
TD-Clean-6,pre_refit,11,B0005,4,100.25590968770103,105.8922
TD-Clean-6,pre_refit,11,B0005,6,99.65979925247206,106.46135
TD-Clean-6,pre_refit,11,B0005,8,99.65509323788856,105.03988
TD-Clean-6,pre_refit,11,B0005,10,99.6215889724607,103.840706
TD-Clean-6,pre_refit,11,B0005,12,99.67676620535396,103.37832
TD-Clean-6,pre_refit,11,B0005,14,99.64877352944652,102.92387
TD-Clean-6,pre_refit,11,B0005,16,99.13892996732449,105.06951
TD-Clean-6,pre_refit,11,B0005,18,99.08555627584838,103.65543
TD-Clean-6,pre_refit,11,B0005,20,99.0768365083485,102.73131
TD-Clean-6,pre_refit,11,B0005,22,99.07717774099622,101.20321
TD-Clean-6,pre_refit,11,B0005,25,98.5114992237362,102.53473
TD-Clean-6,pre_refit,11,B0005,27,98.4870761948254,102.21695
TD-Clean-6,pre_refit,11,B0005,29,98.47015265835132,99.44641
TD-Clean-6,pre_refit,11,B0005,31,97.88140357167902,102.86517
TD-Clean-6,pre_refit,11,B0005,33,97.85473656745688,101.304474
TD-Clean-6,pre_refit,11,B0005,35,97.88039886599036,100.46585
TD-Clean-6,pre_refit,11,B0005,37,97.9069415267384,99.27105
TD-Clean-6,pre_refit,11,B0005,39,97.89115702988882,98.41031
TD-Clean-6,pre_refit,11,B0005,42,100.29385168145046,103.95235
TD-Clean-6,pre_refit,11,B0005,46,100.31510023136114,103.89057
TD-Clean-6,pre_refit,11,B0005,50,99.70477213786135,103.77616
TD-Clean-6,pre_refit,11,B0005,54,99.1402308374376,103.80119
TD-Clean-6,pre_refit,11,B0005,58,99.10400696359169,101.86207
TD-Clean-6,pre_refit,11,B0005,62,99.12941188644592,100.49925
TD-Clean-6,pre_refit,11,B0005,66,98.50222430381568,102.346924
TD-Clean-6,pre_refit,11,B0005,70,98.5423014565286,99.38054
TD-Clean-6,pre_refit,11,B0005,74,98.49887187571204,98.562515
TD-Clean-6,pre_refit,11,B0005,78,97.89050762402466,101.621025
TD-Clean-6,pre_refit,11,B0005,82,97.96171552529285,98.87335
TD-Clean-6,pre_refit,11,B0005,86,100.55321959197046,103.56935
TD-Clean-6,pre_refit,11,B0005,90,99.4075559707276,103.335335
TD-Clean-6,pre_refit,11,B0005,94,98.82112827769676,102.30666
TD-Clean-6,pre_refit,11,B0005,98,98.2457556393358,101.06729
TD-Clean-6,pre_refit,11,B0005,102,97.99065016377766,100.84885
TD-Clean-6,pre_refit,11,B0005,106,97.7065060215613,101.8354
TD-Clean-6,pre_refit,11,B0005,110,97.11279694879056,101.34171
TD-Clean-6,pre_refit,11,B0005,114,96.81304988059888,100.79238
TD-Clean-6,pre_refit,11,B0005,118,96.27605729788222,100.28747
TD-Clean-6,pre_refit,11,B0005,122,96.2762766313732,99.345024
TD-Clean-6,pre_refit,11,B0005,126,95.99578118843372,101.158264
TD-Clean-6,pre_refit,11,B0005,130,95.69403287907456,100.94311
TD-Clean-6,pre_refit,11,B0005,134,95.98194451474556,99.119835
TD-Clean-6,pre_refit,11,B0005,136,95.71321655496544,99.17733
TD-Clean-6,pre_refit,11,B0005,140,95.11928805425076,98.25713
TD-Clean-6,pre_refit,11,B0005,144,94.58275432725988,98.95192
TD-Clean-6,pre_refit,11,B0005,148,94.27008009570102,97.611244
TD-Clean-6,pre_refit,11,B0005,150,97.39411432859931,108.00578
TD-Clean-6,pre_refit,11,B0005,154,96.82749231246368,102.471725
TD-Clean-6,pre_refit,11,B0005,158,95.96820195991576,100.16651
TD-Clean-6,pre_refit,11,B0005,162,95.40638930769452,99.81124
TD-Clean-6,pre_refit,11,B0005,166,94.8553962680492,98.55312
TD-Clean-6,pre_refit,11,B0005,170,94.5755674779542,98.73773
TD-Clean-6,pre_refit,11,B0005,174,94.28806184403476,99.04674
TD-Clean-6,pre_refit,11,B0005,178,93.73958753620327,97.9521
TD-Clean-6,pre_refit,11,B0005,182,93.16861105469168,97.69198
TD-Clean-6,pre_refit,11,B0005,186,92.88227598613614,96.92986
TD-Clean-6,pre_refit,11,B0005,190,92.636901518198,97.87458
TD-Clean-6,pre_refit,11,B0005,194,92.32720191735562,97.884415
TD-Clean-6,pre_refit,11,B0005,198,92.01599848919145,96.75074
TD-Clean-6,pre_refit,11,B0005,202,91.49053823956656,98.0146
TD-Clean-6,pre_refit,11,B0005,206,90.92425521866993,98.11245
TD-Clean-6,pre_refit,11,B0005,210,90.92941856192826,96.64331
TD-Clean-6,pre_refit,11,B0005,214,90.34010561326173,96.02225
TD-Clean-6,pre_refit,11,B0005,216,90.0847586044663,97.762184
TD-Clean-6,pre_refit,11,B0005,220,89.80457989439137,96.65483
TD-Clean-6,pre_refit,11,B0005,224,89.19640288815545,96.91222
TD-Clean-6,pre_refit,11,B0005,228,88.93598251136243,96.289505
TD-Clean-6,pre_refit,11,B0005,232,88.65781340235759,96.711876
TD-Clean-6,pre_refit,11,B0005,236,88.38728178562198,96.650055
TD-Clean-6,pre_refit,11,B0005,240,88.08171260170519,94.80471
TD-Clean-6,pre_refit,11,B0005,244,87.49528010741024,96.75524
TD-Clean-6,pre_refit,11,B0005,248,87.2366743602368,95.87245
TD-Clean-6,pre_refit,11,B0005,252,86.96251727221627,94.857025
TD-Clean-6,pre_refit,11,B0005,256,86.35734215456989,96.103455
TD-Clean-6,pre_refit,11,B0005,260,86.10863457357058,96.11472
TD-Clean-6,pre_refit,11,B0005,264,86.06270063126725,94.658485
TD-Clean-6,pre_refit,11,B0005,266,86.63737677555004,95.1908
TD-Clean-6,pre_refit,11,B0005,270,85.50813849993258,94.86778
TD-Clean-6,pre_refit,11,B0005,274,84.97446653296429,95.02248
TD-Clean-6,pre_refit,11,B0005,278,84.69557819389517,96.39761
TD-Clean-6,pre_refit,11,B0005,282,84.68013627936132,95.50314
TD-Clean-6,pre_refit,11,B0005,286,84.41991821853574,95.18324
TD-Clean-6,pre_refit,11,B0005,290,84.10414931140878,94.9996
TD-Clean-6,pre_refit,11,B0005,294,83.52653061113354,95.58573
TD-Clean-6,pre_refit,11,B0005,298,82.96602561057489,95.21963
TD-Clean-6,pre_refit,11,B0005,302,82.99920327964658,95.17498
TD-Clean-6,pre_refit,11,B0005,306,82.68003018050378,96.84165
TD-Clean-6,pre_refit,11,B0005,310,82.39976893302816,96.37908
TD-Clean-6,pre_refit,11,B0005,313,87.19626195760692,94.30777
TD-Clean-6,pre_refit,11,B0005,316,84.91729656129593,94.30189
TD-Clean-6,pre_refit,11,B0005,320,84.06165489885902,94.85078
TD-Clean-6,pre_refit,11,B0005,324,83.2082752902044,96.49102
TD-Clean-6,pre_refit,11,B0005,328,82.91381970838151,94.4889
TD-Clean-6,pre_refit,11,B0005,332,82.37106085271179,95.784134
TD-Clean-6,pre_refit,11,B0005,336,82.09631790141844,95.32624
TD-Clean-6,pre_refit,11,B0005,340,81.80669701206385,95.5868
TD-Clean-6,pre_refit,11,B0005,344,81.53418918115372,95.58424
TD-Clean-6,pre_refit,11,B0005,348,80.95312575426658,96.78583
TD-Clean-6,pre_refit,11,B0005,352,80.6829269258604,97.28267
TD-Clean-6,pre_refit,11,B0005,356,80.38673535372676,96.833984
TD-Clean-6,pre_refit,11,B0005,360,80.10415225005684,97.17221
TD-Clean-6,pre_refit,11,B0005,364,80.68483906716317,95.12411
TD-Clean-6,pre_refit,11,B0005,367,81.23806188586506,96.74681
TD-Clean-6,pre_refit,11,B0005,371,80.40774500270479,95.56014
TD-Clean-6,pre_refit,11,B0005,375,79.80793062432481,97.30608
TD-Clean-6,pre_refit,11,B0005,379,78.94710440938543,96.05593
TD-Clean-6,pre_refit,11,B0005,383,78.96040682717852,97.49643
TD-Clean-6,pre_refit,11,B0005,387,79.00805769223405,96.95929
TD-Clean-6,pre_refit,11,B0005,391,78.68325635434054,96.640236
TD-Clean-6,pre_refit,11,B0005,395,78.12009683923326,97.71663
TD-Clean-6,pre_refit,11,B0005,399,77.83635095586517,97.616135
TD-Clean-6,pre_refit,11,B0005,403,77.83366081216815,97.98371
TD-Clean-6,pre_refit,11,B0005,407,77.54418562704669,98.48943
TD-Clean-6,pre_refit,11,B0005,411,77.26483532824366,97.821976
TD-Clean-6,pre_refit,11,B0005,415,76.96665751739931,97.22161
TD-Clean-6,pre_refit,11,B0005,419,76.69408123915822,97.04333
TD-Clean-6,pre_refit,11,B0005,423,76.7032886034996,97.153915
TD-Clean-6,pre_refit,11,B0005,427,76.43285089151239,99.6534
TD-Clean-6,pre_refit,11,B0005,431,77.83345221466253,96.492615
TD-Clean-6,pre_refit,11,B0005,433,78.09751233548145,96.83839
TD-Clean-6,pre_refit,11,B0005,437,76.96262218385922,97.55984
TD-Clean-6,pre_refit,11,B0005,441,76.3993634537507,98.18605
TD-Clean-6,pre_refit,11,B0005,445,76.08562321685423,97.573746
TD-Clean-6,pre_refit,11,B0005,449,75.84111192639295,98.1301
TD-Clean-6,pre_refit,11,B0005,453,75.5470202599512,97.22381
TD-Clean-6,pre_refit,11,B0005,457,75.2724773855306,97.60845
TD-Clean-6,pre_refit,11,B0005,461,74.95796574493023,98.28589
TD-Clean-6,pre_refit,11,B0005,465,74.67559060559861,99.50482
TD-Clean-6,pre_refit,11,B0005,469,74.4190975749656,98.314545
TD-Clean-6,pre_refit,11,B0005,473,74.41886702385212,97.46641
TD-Clean-6,pre_refit,11,B0005,477,74.10538957595438,98.394455
TD-Clean-6,pre_refit,11,B0005,481,74.68403981580354,99.913246
TD-Clean-6,pre_refit,11,B0005,483,75.26611054535188,98.14417
TD-Clean-6,pre_refit,11,B0005,485,74.38310747232698,99.59953
TD-Clean-6,pre_refit,11,B0005,489,74.10795710900801,98.3323
TD-Clean-6,pre_refit,11,B0005,493,73.53993654981534,100.17348
TD-Clean-6,pre_refit,11,B0005,497,73.55729388669064,100.766846
TD-Clean-6,pre_refit,11,B0005,501,73.56067241598603,99.531746
TD-Clean-6,pre_refit,11,B0005,505,73.26805286034079,99.424965
TD-Clean-6,pre_refit,11,B0005,509,72.98972077509227,99.22223
TD-Clean-6,pre_refit,11,B0005,513,72.70747847813722,99.74772
TD-Clean-6,pre_refit,11,B0005,517,72.70330518052887,100.38167
TD-Clean-6,pre_refit,11,B0005,521,72.43680818215978,100.52505
TD-Clean-6,pre_refit,11,B0005,525,72.14563728793834,101.50233
TD-Clean-6,pre_refit,11,B0005,529,71.84842350914826,101.14573
TD-Clean-6,pre_refit,11,B0005,533,71.57682808520298,102.616394
TD-Clean-6,pre_refit,11,B0005,537,71.59297070565168,102.77055
TD-Clean-6,pre_refit,11,B0005,541,71.58355486033668,101.493
TD-Clean-6,pre_refit,11,B0005,545,71.88651633814797,100.49887
TD-Clean-6,pre_refit,11,B0005,548,73.85485752850198,96.13302
TD-Clean-6,pre_refit,11,B0005,552,72.73676298693475,99.37181
TD-Clean-6,pre_refit,11,B0005,556,72.16650080848474,100.74722
TD-Clean-6,pre_refit,11,B0005,560,71.87574889700983,102.257095
TD-Clean-6,pre_refit,11,B0005,564,71.60206343923741,101.546875
TD-Clean-6,pre_refit,11,B0005,568,71.32194157026348,102.67586
TD-Clean-6,pre_refit,11,B0005,572,71.30711389020412,101.34067
TD-Clean-6,pre_refit,11,B0005,576,71.01356336148518,102.05302
TD-Clean-6,pre_refit,11,B0005,580,70.75492745457169,102.37173
TD-Clean-6,pre_refit,11,B0005,584,70.77254445771489,102.27955
TD-Clean-6,pre_refit,11,B0005,588,70.77540542374062,100.64812
TD-Clean-6,pre_refit,11,B0005,592,70.47550750397869,102.18666
TD-Clean-6,pre_refit,11,B0005,596,70.48563041810954,101.22988
TD-Clean-6,pre_refit,11,B0005,600,70.23531244180377,102.56194
TD-Clean-6,pre_refit,11,B0005,604,69.93882142370093,103.870346
TD-Clean-6,pre_refit,11,B0005,608,69.90890905512207,103.07791
TD-Clean-6,pre_refit,11,B0005,612,71.07977535187085,101.758255
TD-Clean-6,pre_refit,11,B0005,614,71.95205157786506,99.91495
TD-Clean-6,refit_on_3,11,B0005,2,100.80760884947765,73.52468
TD-Clean-6,refit_on_3,11,B0005,4,100.25590968770103,95.9035
TD-Clean-6,refit_on_3,11,B0005,6,99.65979925247206,95.814606
TD-Clean-6,refit_on_3,11,B0005,8,99.65509323788856,95.888596
TD-Clean-6,refit_on_3,11,B0005,10,99.6215889724607,95.564
TD-Clean-6,refit_on_3,11,B0005,12,99.67676620535396,94.5238
TD-Clean-6,refit_on_3,11,B0005,14,99.64877352944652,94.716705
TD-Clean-6,refit_on_3,11,B0005,16,99.13892996732449,96.990364
TD-Clean-6,refit_on_3,11,B0005,18,99.08555627584838,96.73517
TD-Clean-6,refit_on_3,11,B0005,20,99.0768365083485,96.64192
TD-Clean-6,refit_on_3,11,B0005,22,99.07717774099622,96.80092
TD-Clean-6,refit_on_3,11,B0005,25,98.5114992237362,94.54181
TD-Clean-6,refit_on_3,11,B0005,27,98.4870761948254,97.14761
TD-Clean-6,refit_on_3,11,B0005,29,98.47015265835132,94.11989
TD-Clean-6,refit_on_3,11,B0005,31,97.88140357167902,96.995255
TD-Clean-6,refit_on_3,11,B0005,33,97.85473656745688,96.326256
TD-Clean-6,refit_on_3,11,B0005,35,97.88039886599036,96.640045
TD-Clean-6,refit_on_3,11,B0005,37,97.9069415267384,96.580696
TD-Clean-6,refit_on_3,11,B0005,39,97.89115702988882,95.95511
TD-Clean-6,refit_on_3,11,B0005,42,100.29385168145046,95.35772
TD-Clean-6,refit_on_3,11,B0005,46,100.31510023136114,98.0145
TD-Clean-6,refit_on_3,11,B0005,50,99.70477213786135,97.599655
TD-Clean-6,refit_on_3,11,B0005,54,99.1402308374376,97.66168
TD-Clean-6,refit_on_3,11,B0005,58,99.10400696359169,94.61543
TD-Clean-6,refit_on_3,11,B0005,62,99.12941188644592,97.25598
TD-Clean-6,refit_on_3,11,B0005,66,98.50222430381568,97.062035
TD-Clean-6,refit_on_3,11,B0005,70,98.5423014565286,94.74783
TD-Clean-6,refit_on_3,11,B0005,74,98.49887187571204,95.05325
TD-Clean-6,refit_on_3,11,B0005,78,97.89050762402466,96.36739
TD-Clean-6,refit_on_3,11,B0005,82,97.96171552529285,93.7442
TD-Clean-6,refit_on_3,11,B0005,86,100.55321959197046,97.53044
TD-Clean-6,refit_on_3,11,B0005,90,99.4075559707276,97.21388
TD-Clean-6,refit_on_3,11,B0005,94,98.82112827769676,96.68684
TD-Clean-6,refit_on_3,11,B0005,98,98.2457556393358,95.32788
TD-Clean-6,refit_on_3,11,B0005,102,97.99065016377766,97.11034
TD-Clean-6,refit_on_3,11,B0005,106,97.7065060215613,94.50347
TD-Clean-6,refit_on_3,11,B0005,110,97.11279694879056,94.64438
TD-Clean-6,refit_on_3,11,B0005,114,96.81304988059888,95.91433
TD-Clean-6,refit_on_3,11,B0005,118,96.27605729788222,94.20736
TD-Clean-6,refit_on_3,11,B0005,122,96.2762766313732,93.41165
TD-Clean-6,refit_on_3,11,B0005,126,95.99578118843372,92.77755
TD-Clean-6,refit_on_3,11,B0005,130,95.69403287907456,92.65805
TD-Clean-6,refit_on_3,11,B0005,134,95.98194451474556,93.04068
TD-Clean-6,refit_on_3,11,B0005,136,95.71321655496544,92.195206
TD-Clean-6,refit_on_3,11,B0005,140,95.11928805425076,92.38637
TD-Clean-6,refit_on_3,11,B0005,144,94.58275432725988,93.52765
TD-Clean-6,refit_on_3,11,B0005,148,94.27008009570102,91.60348
TD-Clean-6,refit_on_3,11,B0005,150,97.39411432859931,91.80759
TD-Clean-6,refit_on_3,11,B0005,154,96.82749231246368,92.368164
TD-Clean-6,refit_on_3,11,B0005,158,95.96820195991576,91.796776
TD-Clean-6,refit_on_3,11,B0005,162,95.40638930769452,94.01129
TD-Clean-6,refit_on_3,11,B0005,166,94.8553962680492,91.57037
TD-Clean-6,refit_on_3,11,B0005,170,94.5755674779542,93.07259
TD-Clean-6,refit_on_3,11,B0005,174,94.28806184403476,91.33397
TD-Clean-6,refit_on_3,11,B0005,178,93.73958753620327,90.701996
TD-Clean-6,refit_on_3,11,B0005,182,93.16861105469168,89.262886
TD-Clean-6,refit_on_3,11,B0005,186,92.88227598613614,89.03457
TD-Clean-6,refit_on_3,11,B0005,190,92.636901518198,88.88364
TD-Clean-6,refit_on_3,11,B0005,194,92.32720191735562,87.99423
TD-Clean-6,refit_on_3,11,B0005,198,92.01599848919145,87.42677
TD-Clean-6,refit_on_3,11,B0005,202,91.49053823956656,90.16291
TD-Clean-6,refit_on_3,11,B0005,206,90.92425521866993,88.574
TD-Clean-6,refit_on_3,11,B0005,210,90.92941856192826,86.53812
TD-Clean-6,refit_on_3,11,B0005,214,90.34010561326173,85.65659
TD-Clean-6,refit_on_3,11,B0005,216,90.0847586044663,86.27138
TD-Clean-6,refit_on_3,11,B0005,220,89.80457989439137,86.80992
TD-Clean-6,refit_on_3,11,B0005,224,89.19640288815545,85.31771
TD-Clean-6,refit_on_3,11,B0005,228,88.93598251136243,85.35749
TD-Clean-6,refit_on_3,11,B0005,232,88.65781340235759,85.03337
TD-Clean-6,refit_on_3,11,B0005,236,88.38728178562198,86.27964
TD-Clean-6,refit_on_3,11,B0005,240,88.08171260170519,83.24653
TD-Clean-6,refit_on_3,11,B0005,244,87.49528010741024,83.11818
TD-Clean-6,refit_on_3,11,B0005,248,87.2366743602368,82.665726
TD-Clean-6,refit_on_3,11,B0005,252,86.96251727221627,82.17805
TD-Clean-6,refit_on_3,11,B0005,256,86.35734215456989,81.97418
TD-Clean-6,refit_on_3,11,B0005,260,86.10863457357058,82.67497
TD-Clean-6,refit_on_3,11,B0005,264,86.06270063126725,81.47619
TD-Clean-6,refit_on_3,11,B0005,266,86.63737677555004,80.443405
TD-Clean-6,refit_on_3,11,B0005,270,85.50813849993258,81.3981
TD-Clean-6,refit_on_3,11,B0005,274,84.97446653296429,81.37666
TD-Clean-6,refit_on_3,11,B0005,278,84.69557819389517,82.63453
TD-Clean-6,refit_on_3,11,B0005,282,84.68013627936132,79.712395
TD-Clean-6,refit_on_3,11,B0005,286,84.41991821853574,78.8445
TD-Clean-6,refit_on_3,11,B0005,290,84.10414931140878,79.21256
TD-Clean-6,refit_on_3,11,B0005,294,83.52653061113354,80.86173
TD-Clean-6,refit_on_3,11,B0005,298,82.96602561057489,78.85269
TD-Clean-6,refit_on_3,11,B0005,302,82.99920327964658,78.28312
TD-Clean-6,refit_on_3,11,B0005,306,82.68003018050378,77.73497
TD-Clean-6,refit_on_3,11,B0005,310,82.39976893302816,77.12356
TD-Clean-6,refit_on_3,11,B0005,313,87.19626195760692,77.15514
TD-Clean-6,refit_on_3,11,B0005,316,84.91729656129593,78.51542
TD-Clean-6,refit_on_3,11,B0005,320,84.06165489885902,79.70682
TD-Clean-6,refit_on_3,11,B0005,324,83.2082752902044,78.53477
TD-Clean-6,refit_on_3,11,B0005,328,82.91381970838151,77.80485
TD-Clean-6,refit_on_3,11,B0005,332,82.37106085271179,77.99298
TD-Clean-6,refit_on_3,11,B0005,336,82.09631790141844,77.54055
TD-Clean-6,refit_on_3,11,B0005,340,81.80669701206385,76.84406
TD-Clean-6,refit_on_3,11,B0005,344,81.53418918115372,78.10874
TD-Clean-6,refit_on_3,11,B0005,348,80.95312575426658,76.3092
TD-Clean-6,refit_on_3,11,B0005,352,80.6829269258604,75.94339
TD-Clean-6,refit_on_3,11,B0005,356,80.38673535372676,75.60221
TD-Clean-6,refit_on_3,11,B0005,360,80.10415225005684,76.886826
TD-Clean-6,refit_on_3,11,B0005,364,80.68483906716317,75.213066
TD-Clean-6,refit_on_3,11,B0005,367,81.23806188586506,77.7715
TD-Clean-6,refit_on_3,11,B0005,371,80.40774500270479,76.73378
TD-Clean-6,refit_on_3,11,B0005,375,79.80793062432481,77.95897
TD-Clean-6,refit_on_3,11,B0005,379,78.94710440938543,76.311295
TD-Clean-6,refit_on_3,11,B0005,383,78.96040682717852,74.41698
TD-Clean-6,refit_on_3,11,B0005,387,79.00805769223405,76.80972
TD-Clean-6,refit_on_3,11,B0005,391,78.68325635434054,75.07634
TD-Clean-6,refit_on_3,11,B0005,395,78.12009683923326,73.98004
TD-Clean-6,refit_on_3,11,B0005,399,77.83635095586517,73.3503
TD-Clean-6,refit_on_3,11,B0005,403,77.83366081216815,76.07808
TD-Clean-6,refit_on_3,11,B0005,407,77.54418562704669,74.08824
TD-Clean-6,refit_on_3,11,B0005,411,77.26483532824366,73.77658
TD-Clean-6,refit_on_3,11,B0005,415,76.96665751739931,73.30026
TD-Clean-6,refit_on_3,11,B0005,419,76.69408123915822,72.830444
TD-Clean-6,refit_on_3,11,B0005,423,76.7032886034996,74.08679
TD-Clean-6,refit_on_3,11,B0005,427,76.43285089151239,75.35113
TD-Clean-6,refit_on_3,11,B0005,431,77.83345221466253,75.48912
TD-Clean-6,refit_on_3,11,B0005,433,78.09751233548145,76.19561
TD-Clean-6,refit_on_3,11,B0005,437,76.96262218385922,74.33584
TD-Clean-6,refit_on_3,11,B0005,441,76.3993634537507,73.28439
TD-Clean-6,refit_on_3,11,B0005,445,76.08562321685423,72.33956
TD-Clean-6,refit_on_3,11,B0005,449,75.84111192639295,72.34893
TD-Clean-6,refit_on_3,11,B0005,453,75.5470202599512,72.11579
TD-Clean-6,refit_on_3,11,B0005,457,75.2724773855306,71.92617
TD-Clean-6,refit_on_3,11,B0005,461,74.95796574493023,71.298515
TD-Clean-6,refit_on_3,11,B0005,465,74.67559060559861,73.42557
TD-Clean-6,refit_on_3,11,B0005,469,74.4190975749656,71.61173
TD-Clean-6,refit_on_3,11,B0005,473,74.41886702385212,71.02045
TD-Clean-6,refit_on_3,11,B0005,477,74.10538957595438,70.65656
TD-Clean-6,refit_on_3,11,B0005,481,74.68403981580354,71.57095
TD-Clean-6,refit_on_3,11,B0005,483,75.26611054535188,71.90383
TD-Clean-6,refit_on_3,11,B0005,485,74.38310747232698,72.44885
TD-Clean-6,refit_on_3,11,B0005,489,74.10795710900801,71.407295
TD-Clean-6,refit_on_3,11,B0005,493,73.53993654981534,70.418846
TD-Clean-6,refit_on_3,11,B0005,497,73.55729388669064,71.72088
TD-Clean-6,refit_on_3,11,B0005,501,73.56067241598603,71.75233
TD-Clean-6,refit_on_3,11,B0005,505,73.26805286034079,72.038155
TD-Clean-6,refit_on_3,11,B0005,509,72.98972077509227,72.0281
TD-Clean-6,refit_on_3,11,B0005,513,72.70747847813722,69.93073
TD-Clean-6,refit_on_3,11,B0005,517,72.70330518052887,70.58646
TD-Clean-6,refit_on_3,11,B0005,521,72.43680818215978,70.68975
TD-Clean-6,refit_on_3,11,B0005,525,72.14563728793834,71.89683
TD-Clean-6,refit_on_3,11,B0005,529,71.84842350914826,70.00577
TD-Clean-6,refit_on_3,11,B0005,533,71.57682808520298,69.612915
TD-Clean-6,refit_on_3,11,B0005,537,71.59297070565168,68.88017
TD-Clean-6,refit_on_3,11,B0005,541,71.58355486033668,71.31664
TD-Clean-6,refit_on_3,11,B0005,545,71.88651633814797,69.09364
TD-Clean-6,refit_on_3,11,B0005,548,73.85485752850198,69.2331
TD-Clean-6,refit_on_3,11,B0005,552,72.73676298693475,70.67667
TD-Clean-6,refit_on_3,11,B0005,556,72.16650080848474,70.295265
TD-Clean-6,refit_on_3,11,B0005,560,71.87574889700983,71.435646
TD-Clean-6,refit_on_3,11,B0005,564,71.60206343923741,70.00637
TD-Clean-6,refit_on_3,11,B0005,568,71.32194157026348,69.45101
TD-Clean-6,refit_on_3,11,B0005,572,71.30711389020412,70.20203
TD-Clean-6,refit_on_3,11,B0005,576,71.01356336148518,69.080284
TD-Clean-6,refit_on_3,11,B0005,580,70.75492745457169,68.131836
TD-Clean-6,refit_on_3,11,B0005,584,70.77254445771489,69.74954
TD-Clean-6,refit_on_3,11,B0005,588,70.77540542374062,69.93257
TD-Clean-6,refit_on_3,11,B0005,592,70.47550750397869,68.97447
TD-Clean-6,refit_on_3,11,B0005,596,70.48563041810954,69.213684
TD-Clean-6,refit_on_3,11,B0005,600,70.23531244180377,69.96183
TD-Clean-6,refit_on_3,11,B0005,604,69.93882142370093,69.06056
TD-Clean-6,refit_on_3,11,B0005,608,69.90890905512207,68.39827
TD-Clean-6,refit_on_3,11,B0005,612,71.07977535187085,71.56197
TD-Clean-6,refit_on_3,11,B0005,614,71.95205157786506,71.877304
TD-Clean-6,pre_refit,11,B0006,2,100.88297108833646,91.649994
TD-Clean-6,pre_refit,11,B0006,4,100.37753235288778,94.814064
TD-Clean-6,pre_refit,11,B0006,6,99.79196916000484,94.99596
TD-Clean-6,pre_refit,11,B0006,8,99.7899019818078,95.030014
TD-Clean-6,pre_refit,11,B0006,10,99.15762541696316,94.677536
TD-Clean-6,pre_refit,11,B0006,12,99.8203556776378,94.72415
TD-Clean-6,pre_refit,11,B0006,14,99.7808037027038,94.42387
TD-Clean-6,pre_refit,11,B0006,16,97.5844832820893,94.85114
TD-Clean-6,pre_refit,11,B0006,18,97.5535716293996,94.88887
TD-Clean-6,pre_refit,11,B0006,20,97.01155142541865,94.47884
TD-Clean-6,pre_refit,11,B0006,22,96.43502080876348,94.71812
TD-Clean-6,pre_refit,11,B0006,25,95.8972998236526,93.82036
TD-Clean-6,pre_refit,11,B0006,27,95.32875373854844,94.52845
TD-Clean-6,pre_refit,11,B0006,29,94.76419905980474,93.9972
TD-Clean-6,pre_refit,11,B0006,31,94.22773853976388,94.1317
TD-Clean-6,pre_refit,11,B0006,33,93.6395064953226,94.01633
TD-Clean-6,pre_refit,11,B0006,35,93.09821798643677,94.208176
TD-Clean-6,pre_refit,11,B0006,37,92.56743574756617,93.90735
TD-Clean-6,pre_refit,11,B0006,39,92.56840432582156,93.727615
TD-Clean-6,pre_refit,11,B0006,42,98.12161319843736,93.82582
TD-Clean-6,pre_refit,11,B0006,46,97.02736865587346,94.41721
TD-Clean-6,pre_refit,11,B0006,50,96.4457203456954,94.30553
TD-Clean-6,pre_refit,11,B0006,54,95.37664206593776,94.160706
TD-Clean-6,pre_refit,11,B0006,58,96.45395400781383,93.73576
TD-Clean-6,pre_refit,11,B0006,62,94.2446511737385,93.88349
TD-Clean-6,pre_refit,11,B0006,66,93.11783815158223,93.591125
TD-Clean-6,pre_refit,11,B0006,70,92.60393676951,93.41266
TD-Clean-6,pre_refit,11,B0006,74,91.99518419888014,93.25347
TD-Clean-6,pre_refit,11,B0006,78,91.45865458065036,93.3917
TD-Clean-6,pre_refit,11,B0006,82,92.05488530825814,93.089066
TD-Clean-6,pre_refit,11,B0006,86,95.40291074415664,88.39916
TD-Clean-6,pre_refit,11,B0006,90,93.2941701264468,91.60019
TD-Clean-6,pre_refit,11,B0006,94,91.95812296295944,91.0905
TD-Clean-6,pre_refit,11,B0006,98,91.16379285351326,90.40092
TD-Clean-6,pre_refit,11,B0006,102,90.13722315501992,90.014084
TD-Clean-6,pre_refit,11,B0006,106,89.88629167454431,89.052536
TD-Clean-6,pre_refit,11,B0006,110,89.07464504963947,89.26311
TD-Clean-6,pre_refit,11,B0006,114,88.27677498375004,89.139595
TD-Clean-6,pre_refit,11,B0006,118,87.78153478310176,88.665955
TD-Clean-6,pre_refit,11,B0006,122,87.25902301297472,88.1675
TD-Clean-6,pre_refit,11,B0006,126,86.75445063463465,87.71104
TD-Clean-6,pre_refit,11,B0006,130,86.21919662960373,87.31969
TD-Clean-6,pre_refit,11,B0006,134,86.97181002045869,87.378624
TD-Clean-6,pre_refit,11,B0006,136,87.53004089819298,87.598206
TD-Clean-6,pre_refit,11,B0006,140,85.93648557449694,87.892
TD-Clean-6,pre_refit,11,B0006,144,84.92223069682748,87.86923
TD-Clean-6,pre_refit,11,B0006,148,84.38106569995976,87.291534
TD-Clean-6,pre_refit,11,B0006,150,90.39396636175364,86.69835
TD-Clean-6,pre_refit,11,B0006,154,89.62118442408695,88.172646
TD-Clean-6,pre_refit,11,B0006,158,88.01687540594799,87.76714
TD-Clean-6,pre_refit,11,B0006,162,86.47934133475826,87.58079
TD-Clean-6,pre_refit,11,B0006,166,85.7093899316892,87.40628
TD-Clean-6,pre_refit,11,B0006,170,84.66363361309608,87.30275
TD-Clean-6,pre_refit,11,B0006,174,84.14253773442293,86.51617
TD-Clean-6,pre_refit,11,B0006,178,83.37268440744252,86.643776
TD-Clean-6,pre_refit,11,B0006,182,82.84795096685752,86.301
TD-Clean-6,pre_refit,11,B0006,186,82.31672078137474,85.91637
TD-Clean-6,pre_refit,11,B0006,190,81.8390002521071,85.48166
TD-Clean-6,pre_refit,11,B0006,194,81.29446683115198,85.51285
TD-Clean-6,pre_refit,11,B0006,198,80.75246648690656,85.56379
TD-Clean-6,pre_refit,11,B0006,202,79.7437886746144,86.57229
TD-Clean-6,pre_refit,11,B0006,206,79.47984426199564,85.84745
TD-Clean-6,pre_refit,11,B0006,210,79.25415788836384,85.17904
TD-Clean-6,pre_refit,11,B0006,214,78.69188922732394,85.888306
TD-Clean-6,pre_refit,11,B0006,216,78.46114405771091,85.88156
TD-Clean-6,pre_refit,11,B0006,220,77.67630372212932,86.13491
TD-Clean-6,pre_refit,11,B0006,224,77.38916838478035,85.873924
TD-Clean-6,pre_refit,11,B0006,228,76.88491527529958,86.22759
TD-Clean-6,pre_refit,11,B0006,232,76.3646225030132,85.87599
TD-Clean-6,pre_refit,11,B0006,236,75.60327887522882,86.395775
TD-Clean-6,pre_refit,11,B0006,240,75.84333345118733,86.10057
TD-Clean-6,pre_refit,11,B0006,244,75.57070473005419,85.98407
TD-Clean-6,pre_refit,11,B0006,248,75.06972493621848,86.69352
TD-Clean-6,pre_refit,11,B0006,252,74.81407516505371,86.37473
TD-Clean-6,pre_refit,11,B0006,256,74.54671414292675,86.160126
TD-Clean-6,pre_refit,11,B0006,260,74.02740213488109,87.06172
TD-Clean-6,pre_refit,11,B0006,264,73.73556466569462,86.35666
TD-Clean-6,pre_refit,11,B0006,266,75.84980622026112,83.81119
TD-Clean-6,pre_refit,11,B0006,270,74.55060879561292,86.03585
TD-Clean-6,pre_refit,11,B0006,274,73.79142812679322,85.746765
TD-Clean-6,pre_refit,11,B0006,278,73.27190839787096,87.11278
TD-Clean-6,pre_refit,11,B0006,282,73.28093201847443,86.00407
TD-Clean-6,pre_refit,11,B0006,286,73.02095301621284,85.94219
TD-Clean-6,pre_refit,11,B0006,290,72.73851013234444,86.0125
TD-Clean-6,pre_refit,11,B0006,294,71.95104826590523,86.45074
TD-Clean-6,pre_refit,11,B0006,298,71.96564568462234,86.41916
TD-Clean-6,pre_refit,11,B0006,302,71.72895437691278,86.66724
TD-Clean-6,pre_refit,11,B0006,306,71.71434939609318,86.116234
TD-Clean-6,pre_refit,11,B0006,310,71.45761792874575,86.339615
TD-Clean-6,pre_refit,11,B0006,313,78.98726854374111,84.01241
TD-Clean-6,pre_refit,11,B0006,316,76.64794397240323,83.56665
TD-Clean-6,pre_refit,11,B0006,320,75.07747171565073,84.90977
TD-Clean-6,pre_refit,11,B0006,324,74.29795247472106,85.018036
TD-Clean-6,pre_refit,11,B0006,328,73.51146675367659,85.67214
TD-Clean-6,pre_refit,11,B0006,332,73.00864275760908,85.58216
TD-Clean-6,pre_refit,11,B0006,336,72.50277290138493,85.86754
TD-Clean-6,pre_refit,11,B0006,340,71.96131839956391,85.665634
TD-Clean-6,pre_refit,11,B0006,344,71.71500633205595,86.12204
TD-Clean-6,pre_refit,11,B0006,348,71.44305583769248,86.02591
TD-Clean-6,pre_refit,11,B0006,352,70.93898960214143,86.00047
TD-Clean-6,pre_refit,11,B0006,356,70.68194044477139,85.912384
TD-Clean-6,pre_refit,11,B0006,360,70.4074916889224,86.85221
TD-Clean-6,pre_refit,11,B0006,364,70.41804785222855,86.20569
TD-Clean-6,pre_refit,11,B0006,367,71.98210310103482,85.057755
TD-Clean-6,pre_refit,11,B0006,371,70.95618334594263,85.92402
TD-Clean-6,pre_refit,11,B0006,375,70.1362730902931,86.03397
TD-Clean-6,pre_refit,11,B0006,379,69.87433806657212,86.19572
TD-Clean-6,pre_refit,11,B0006,383,69.63573699649338,86.69772
TD-Clean-6,pre_refit,11,B0006,387,69.15232147064526,87.22227
TD-Clean-6,pre_refit,11,B0006,391,69.12109936452545,86.60359
TD-Clean-6,pre_refit,11,B0006,395,68.86250185726787,86.6749
TD-Clean-6,pre_refit,11,B0006,399,68.59092282212131,86.79978
TD-Clean-6,pre_refit,11,B0006,403,68.08750743669,86.89062
TD-Clean-6,pre_refit,11,B0006,407,68.33159705981836,86.51576
TD-Clean-6,pre_refit,11,B0006,411,68.09140360412486,86.80694
TD-Clean-6,pre_refit,11,B0006,415,67.81869443003508,87.02327
TD-Clean-6,pre_refit,11,B0006,419,67.5730638436144,87.24082
TD-Clean-6,pre_refit,11,B0006,423,67.31503513349786,87.712234
TD-Clean-6,pre_refit,11,B0006,427,67.07575548417674,87.057655
TD-Clean-6,pre_refit,11,B0006,431,68.60691404106846,87.26049
TD-Clean-6,pre_refit,11,B0006,433,69.64711039275872,85.69797
TD-Clean-6,pre_refit,11,B0006,437,68.33719964359061,86.53708
TD-Clean-6,pre_refit,11,B0006,441,67.81907707369999,87.70388
TD-Clean-6,pre_refit,11,B0006,445,67.27630029953899,87.228584
TD-Clean-6,pre_refit,11,B0006,449,67.03731096833596,88.229324
TD-Clean-6,pre_refit,11,B0006,453,66.78534122129697,87.843575
TD-Clean-6,pre_refit,11,B0006,457,66.26973868287087,88.12957
TD-Clean-6,pre_refit,11,B0006,461,65.98363462621751,88.56509
TD-Clean-6,pre_refit,11,B0006,465,65.72069252661954,89.573715
TD-Clean-6,pre_refit,11,B0006,469,65.50500064349335,88.64476
TD-Clean-6,pre_refit,11,B0006,473,65.48747074550045,89.18271
TD-Clean-6,pre_refit,11,B0006,477,65.2110653386093,89.73129
TD-Clean-6,pre_refit,11,B0006,481,65.47148558720653,89.365814
TD-Clean-6,pre_refit,11,B0006,483,66.78647932759047,87.85354
TD-Clean-6,pre_refit,11,B0006,485,65.72477818237311,89.91916
TD-Clean-6,pre_refit,11,B0006,489,64.93697426302657,90.050514
TD-Clean-6,pre_refit,11,B0006,493,64.69397950587184,90.98289
TD-Clean-6,pre_refit,11,B0006,497,64.45556804271465,90.10218
TD-Clean-6,pre_refit,11,B0006,501,64.44711910522597,90.49263
TD-Clean-6,pre_refit,11,B0006,505,63.9153253541329,90.72589
TD-Clean-6,pre_refit,11,B0006,509,63.40709756117343,91.54993
TD-Clean-6,pre_refit,11,B0006,513,63.40485519747241,91.54661
TD-Clean-6,pre_refit,11,B0006,517,63.14854807557744,91.33679
TD-Clean-6,pre_refit,11,B0006,521,63.15304028594434,91.60314
TD-Clean-6,pre_refit,11,B0006,525,62.63936845251047,91.82224
TD-Clean-6,pre_refit,11,B0006,529,62.36048327920517,91.665665
TD-Clean-6,pre_refit,11,B0006,533,62.11872624491582,91.46389
TD-Clean-6,pre_refit,11,B0006,537,62.11731201074328,91.527084
TD-Clean-6,pre_refit,11,B0006,541,61.86235410492132,91.82417
TD-Clean-6,pre_refit,11,B0006,545,62.12742822257309,91.8772
TD-Clean-6,pre_refit,11,B0006,548,63.93010610326108,90.48706
TD-Clean-6,pre_refit,11,B0006,552,62.62827859533666,91.76651
TD-Clean-6,pre_refit,11,B0006,556,61.85683618405182,91.93124
TD-Clean-6,pre_refit,11,B0006,560,61.07092794836815,91.96089
TD-Clean-6,pre_refit,11,B0006,564,60.82277612678393,91.849045
TD-Clean-6,pre_refit,11,B0006,568,60.55640953242813,91.98004
TD-Clean-6,pre_refit,11,B0006,572,60.02917505279337,91.95695
TD-Clean-6,pre_refit,11,B0006,576,59.75722270334661,91.97718
TD-Clean-6,pre_refit,11,B0006,580,59.52315601830062,91.91381
TD-Clean-6,pre_refit,11,B0006,584,59.01246912863032,92.126724
TD-Clean-6,pre_refit,11,B0006,588,58.74426171153606,92.15248
TD-Clean-6,pre_refit,11,B0006,592,58.47122551716232,92.192566
TD-Clean-6,pre_refit,11,B0006,596,58.2196597592319,92.22395
TD-Clean-6,pre_refit,11,B0006,600,57.18983519098029,92.45855
TD-Clean-6,pre_refit,11,B0006,604,57.71437056534329,92.37912
TD-Clean-6,pre_refit,11,B0006,608,57.43663099473362,92.313614
TD-Clean-6,pre_refit,11,B0006,612,58.23847489632371,92.3358
TD-Clean-6,pre_refit,11,B0006,614,58.76884540363096,91.98686
TD-Clean-6,refit_on_3,11,B0006,2,100.88297108833646,89.249504
TD-Clean-6,refit_on_3,11,B0006,4,100.37753235288778,100.6344
TD-Clean-6,refit_on_3,11,B0006,6,99.79196916000484,100.940475
TD-Clean-6,refit_on_3,11,B0006,8,99.7899019818078,100.96154
TD-Clean-6,refit_on_3,11,B0006,10,99.15762541696316,100.48958
TD-Clean-6,refit_on_3,11,B0006,12,99.8203556776378,100.30975
TD-Clean-6,refit_on_3,11,B0006,14,99.7808037027038,99.93095
TD-Clean-6,refit_on_3,11,B0006,16,97.5844832820893,100.90838
TD-Clean-6,refit_on_3,11,B0006,18,97.5535716293996,100.90696
TD-Clean-6,refit_on_3,11,B0006,20,97.01155142541865,100.4086
TD-Clean-6,refit_on_3,11,B0006,22,96.43502080876348,100.71113
TD-Clean-6,refit_on_3,11,B0006,25,95.8972998236526,98.311554
TD-Clean-6,refit_on_3,11,B0006,27,95.32875373854844,100.32478
TD-Clean-6,refit_on_3,11,B0006,29,94.76419905980474,99.24298
TD-Clean-6,refit_on_3,11,B0006,31,94.22773853976388,99.94701
TD-Clean-6,refit_on_3,11,B0006,33,93.6395064953226,99.852486
TD-Clean-6,refit_on_3,11,B0006,35,93.09821798643677,99.92099
TD-Clean-6,refit_on_3,11,B0006,37,92.56743574756617,99.47675
TD-Clean-6,refit_on_3,11,B0006,39,92.56840432582156,99.08615
TD-Clean-6,refit_on_3,11,B0006,42,98.12161319843736,98.9315
TD-Clean-6,refit_on_3,11,B0006,46,97.02736865587346,100.23393
TD-Clean-6,refit_on_3,11,B0006,50,96.4457203456954,100.17007
TD-Clean-6,refit_on_3,11,B0006,54,95.37664206593776,99.9791
TD-Clean-6,refit_on_3,11,B0006,58,96.45395400781383,98.94146
TD-Clean-6,refit_on_3,11,B0006,62,94.2446511737385,99.38022
TD-Clean-6,refit_on_3,11,B0006,66,93.11783815158223,98.9723
TD-Clean-6,refit_on_3,11,B0006,70,92.60393676951,98.43422
TD-Clean-6,refit_on_3,11,B0006,74,91.99518419888014,98.1384
TD-Clean-6,refit_on_3,11,B0006,78,91.45865458065036,98.45203
TD-Clean-6,refit_on_3,11,B0006,82,92.05488530825814,97.72921
TD-Clean-6,refit_on_3,11,B0006,86,95.40291074415664,84.73637
TD-Clean-6,refit_on_3,11,B0006,90,93.2941701264468,92.486275
TD-Clean-6,refit_on_3,11,B0006,94,91.95812296295944,91.991776
TD-Clean-6,refit_on_3,11,B0006,98,91.16379285351326,91.273445
TD-Clean-6,refit_on_3,11,B0006,102,90.13722315501992,90.96604
TD-Clean-6,refit_on_3,11,B0006,106,89.88629167454431,89.17974
TD-Clean-6,refit_on_3,11,B0006,110,89.07464504963947,89.72681
TD-Clean-6,refit_on_3,11,B0006,114,88.27677498375004,89.71725
TD-Clean-6,refit_on_3,11,B0006,118,87.78153478310176,89.01713
TD-Clean-6,refit_on_3,11,B0006,122,87.25902301297472,88.01581
TD-Clean-6,refit_on_3,11,B0006,126,86.75445063463465,87.081375
TD-Clean-6,refit_on_3,11,B0006,130,86.21919662960373,86.807396
TD-Clean-6,refit_on_3,11,B0006,134,86.97181002045869,87.21426
TD-Clean-6,refit_on_3,11,B0006,136,87.53004089819298,87.06397
TD-Clean-6,refit_on_3,11,B0006,140,85.93648557449694,87.644035
TD-Clean-6,refit_on_3,11,B0006,144,84.92223069682748,87.50272
TD-Clean-6,refit_on_3,11,B0006,148,84.38106569995976,86.57864
TD-Clean-6,refit_on_3,11,B0006,150,90.39396636175364,83.285576
TD-Clean-6,refit_on_3,11,B0006,154,89.62118442408695,88.00312
TD-Clean-6,refit_on_3,11,B0006,158,88.01687540594799,87.66673
TD-Clean-6,refit_on_3,11,B0006,162,86.47934133475826,87.49839
TD-Clean-6,refit_on_3,11,B0006,166,85.7093899316892,86.84146
TD-Clean-6,refit_on_3,11,B0006,170,84.66363361309608,86.57742
TD-Clean-6,refit_on_3,11,B0006,174,84.14253773442293,85.31271
TD-Clean-6,refit_on_3,11,B0006,178,83.37268440744252,85.39399
TD-Clean-6,refit_on_3,11,B0006,182,82.84795096685752,84.83149
TD-Clean-6,refit_on_3,11,B0006,186,82.31672078137474,84.38953
TD-Clean-6,refit_on_3,11,B0006,190,81.8390002521071,83.59872
TD-Clean-6,refit_on_3,11,B0006,194,81.29446683115198,83.429306
TD-Clean-6,refit_on_3,11,B0006,198,80.75246648690656,83.35694
TD-Clean-6,refit_on_3,11,B0006,202,79.7437886746144,84.52335
TD-Clean-6,refit_on_3,11,B0006,206,79.47984426199564,83.70188
TD-Clean-6,refit_on_3,11,B0006,210,79.25415788836384,82.34531
TD-Clean-6,refit_on_3,11,B0006,214,78.69188922732394,83.66347
TD-Clean-6,refit_on_3,11,B0006,216,78.46114405771091,83.36399
TD-Clean-6,refit_on_3,11,B0006,220,77.67630372212932,83.599434
TD-Clean-6,refit_on_3,11,B0006,224,77.38916838478035,83.09406
TD-Clean-6,refit_on_3,11,B0006,228,76.88491527529958,83.23837
TD-Clean-6,refit_on_3,11,B0006,232,76.3646225030132,82.74967
TD-Clean-6,refit_on_3,11,B0006,236,75.60327887522882,83.32967
TD-Clean-6,refit_on_3,11,B0006,240,75.84333345118733,82.590034
TD-Clean-6,refit_on_3,11,B0006,244,75.57070473005419,82.36274
TD-Clean-6,refit_on_3,11,B0006,248,75.06972493621848,82.82297
TD-Clean-6,refit_on_3,11,B0006,252,74.81407516505371,82.41327
TD-Clean-6,refit_on_3,11,B0006,256,74.54671414292675,82.17569
TD-Clean-6,refit_on_3,11,B0006,260,74.02740213488109,82.99543
TD-Clean-6,refit_on_3,11,B0006,264,73.73556466569462,81.948494
TD-Clean-6,refit_on_3,11,B0006,266,75.84980622026112,79.05157
TD-Clean-6,refit_on_3,11,B0006,270,74.55060879561292,81.9846
TD-Clean-6,refit_on_3,11,B0006,274,73.79142812679322,81.43637
TD-Clean-6,refit_on_3,11,B0006,278,73.27190839787096,82.46399
TD-Clean-6,refit_on_3,11,B0006,282,73.28093201847443,80.71437
TD-Clean-6,refit_on_3,11,B0006,286,73.02095301621284,80.63759
TD-Clean-6,refit_on_3,11,B0006,290,72.73851013234444,80.73146
TD-Clean-6,refit_on_3,11,B0006,294,71.95104826590523,81.48042
TD-Clean-6,refit_on_3,11,B0006,298,71.96564568462234,81.12973
TD-Clean-6,refit_on_3,11,B0006,302,71.72895437691278,80.79321
TD-Clean-6,refit_on_3,11,B0006,306,71.71434939609318,80.20026
TD-Clean-6,refit_on_3,11,B0006,310,71.45761792874575,80.377266
TD-Clean-6,refit_on_3,11,B0006,313,78.98726854374111,79.04228
TD-Clean-6,refit_on_3,11,B0006,316,76.64794397240323,78.74294
TD-Clean-6,refit_on_3,11,B0006,320,75.07747171565073,80.66875
TD-Clean-6,refit_on_3,11,B0006,324,74.29795247472106,80.53661
TD-Clean-6,refit_on_3,11,B0006,328,73.51146675367659,80.89079
TD-Clean-6,refit_on_3,11,B0006,332,73.00864275760908,80.66937
TD-Clean-6,refit_on_3,11,B0006,336,72.50277290138493,80.66967
TD-Clean-6,refit_on_3,11,B0006,340,71.96131839956391,80.31264
TD-Clean-6,refit_on_3,11,B0006,344,71.71500633205595,80.75074
TD-Clean-6,refit_on_3,11,B0006,348,71.44305583769248,80.385025
TD-Clean-6,refit_on_3,11,B0006,352,70.93898960214143,80.191475
TD-Clean-6,refit_on_3,11,B0006,356,70.68194044477139,80.05457
TD-Clean-6,refit_on_3,11,B0006,360,70.4074916889224,80.96353
TD-Clean-6,refit_on_3,11,B0006,364,70.41804785222855,79.64748
TD-Clean-6,refit_on_3,11,B0006,367,71.98210310103482,78.70231
TD-Clean-6,refit_on_3,11,B0006,371,70.95618334594263,79.89882
TD-Clean-6,refit_on_3,11,B0006,375,70.1362730902931,80.13121
TD-Clean-6,refit_on_3,11,B0006,379,69.87433806657212,80.137665
TD-Clean-6,refit_on_3,11,B0006,383,69.63573699649338,80.050674
TD-Clean-6,refit_on_3,11,B0006,387,69.15232147064526,80.4637
TD-Clean-6,refit_on_3,11,B0006,391,69.12109936452545,79.59752
TD-Clean-6,refit_on_3,11,B0006,395,68.86250185726787,79.78121
TD-Clean-6,refit_on_3,11,B0006,399,68.59092282212131,79.777565
TD-Clean-6,refit_on_3,11,B0006,403,68.08750743669,79.87921
TD-Clean-6,refit_on_3,11,B0006,407,68.33159705981836,79.042175
TD-Clean-6,refit_on_3,11,B0006,411,68.09140360412486,79.48138
TD-Clean-6,refit_on_3,11,B0006,415,67.81869443003508,79.70936
TD-Clean-6,refit_on_3,11,B0006,419,67.5730638436144,79.86264
TD-Clean-6,refit_on_3,11,B0006,423,67.31503513349786,80.04213
TD-Clean-6,refit_on_3,11,B0006,427,67.07575548417674,79.336334
TD-Clean-6,refit_on_3,11,B0006,431,68.60691404106846,80.105606
TD-Clean-6,refit_on_3,11,B0006,433,69.64711039275872,78.70156
TD-Clean-6,refit_on_3,11,B0006,437,68.33719964359061,79.661964
TD-Clean-6,refit_on_3,11,B0006,441,67.81907707369999,80.57413
TD-Clean-6,refit_on_3,11,B0006,445,67.27630029953899,79.89424
TD-Clean-6,refit_on_3,11,B0006,449,67.03731096833596,80.675835
TD-Clean-6,refit_on_3,11,B0006,453,66.78534122129697,80.24722
TD-Clean-6,refit_on_3,11,B0006,457,66.26973868287087,80.4621
TD-Clean-6,refit_on_3,11,B0006,461,65.98363462621751,80.80586
TD-Clean-6,refit_on_3,11,B0006,465,65.72069252661954,81.88571
TD-Clean-6,refit_on_3,11,B0006,469,65.50500064349335,80.804596
TD-Clean-6,refit_on_3,11,B0006,473,65.48747074550045,81.09855
TD-Clean-6,refit_on_3,11,B0006,477,65.2110653386093,81.553185
TD-Clean-6,refit_on_3,11,B0006,481,65.47148558720653,80.72361
TD-Clean-6,refit_on_3,11,B0006,483,66.78647932759047,80.06866
TD-Clean-6,refit_on_3,11,B0006,485,65.72477818237311,82.55781
TD-Clean-6,refit_on_3,11,B0006,489,64.93697426302657,82.31886
TD-Clean-6,refit_on_3,11,B0006,493,64.69397950587184,83.182846
TD-Clean-6,refit_on_3,11,B0006,497,64.45556804271465,82.04095
TD-Clean-6,refit_on_3,11,B0006,501,64.44711910522597,82.25053
TD-Clean-6,refit_on_3,11,B0006,505,63.9153253541329,82.76548
TD-Clean-6,refit_on_3,11,B0006,509,63.40709756117343,83.889366
TD-Clean-6,refit_on_3,11,B0006,513,63.40485519747241,83.93776
TD-Clean-6,refit_on_3,11,B0006,517,63.14854807557744,83.03727
TD-Clean-6,refit_on_3,11,B0006,521,63.15304028594434,83.38936
TD-Clean-6,refit_on_3,11,B0006,525,62.63936845251047,85.00886
TD-Clean-6,refit_on_3,11,B0006,529,62.36048327920517,85.05393
TD-Clean-6,refit_on_3,11,B0006,533,62.11872624491582,84.39768
TD-Clean-6,refit_on_3,11,B0006,537,62.11731201074328,83.48751
TD-Clean-6,refit_on_3,11,B0006,541,61.86235410492132,85.08777
TD-Clean-6,refit_on_3,11,B0006,545,62.12742822257309,85.42667
TD-Clean-6,refit_on_3,11,B0006,548,63.93010610326108,81.176956
TD-Clean-6,refit_on_3,11,B0006,552,62.62827859533666,83.23193
TD-Clean-6,refit_on_3,11,B0006,556,61.85683618405182,84.23669
TD-Clean-6,refit_on_3,11,B0006,560,61.07092794836815,84.919876
TD-Clean-6,refit_on_3,11,B0006,564,60.82277612678393,84.408775
TD-Clean-6,refit_on_3,11,B0006,568,60.55640953242813,85.162384
TD-Clean-6,refit_on_3,11,B0006,572,60.02917505279337,85.09836
TD-Clean-6,refit_on_3,11,B0006,576,59.75722270334661,85.17129
TD-Clean-6,refit_on_3,11,B0006,580,59.52315601830062,84.8362
TD-Clean-6,refit_on_3,11,B0006,584,59.01246912863032,85.915306
TD-Clean-6,refit_on_3,11,B0006,588,58.74426171153606,85.87714
TD-Clean-6,refit_on_3,11,B0006,592,58.47122551716232,85.85355
TD-Clean-6,refit_on_3,11,B0006,596,58.2196597592319,86.22269
TD-Clean-6,refit_on_3,11,B0006,600,57.18983519098029,87.68739
TD-Clean-6,refit_on_3,11,B0006,604,57.71437056534329,86.906784
TD-Clean-6,refit_on_3,11,B0006,608,57.43663099473362,86.21554
TD-Clean-6,refit_on_3,11,B0006,612,58.23847489632371,86.35989
TD-Clean-6,refit_on_3,11,B0006,614,58.76884540363096,84.54851
TD-Clean-6,pre_refit,11,B0007,2,100.45351791563915,70.5865
TD-Clean-6,pre_refit,11,B0007,4,99.900254379013,94.92076
TD-Clean-6,pre_refit,11,B0007,6,99.90161660017114,95.10239
TD-Clean-6,pre_refit,11,B0007,8,99.9073657865712,95.51702
TD-Clean-6,pre_refit,11,B0007,10,99.83724531860553,95.36637
TD-Clean-6,pre_refit,11,B0007,12,99.90361817867274,94.34788
TD-Clean-6,pre_refit,11,B0007,14,99.86297576917136,94.02481
TD-Clean-6,pre_refit,11,B0007,16,99.94656396119812,96.28235
TD-Clean-6,pre_refit,11,B0007,18,99.31878532934633,96.34357
TD-Clean-6,pre_refit,11,B0007,20,99.33799331164263,96.401955
TD-Clean-6,pre_refit,11,B0007,22,99.33756087304828,96.558235
TD-Clean-6,pre_refit,11,B0007,25,98.78551523188162,91.45406
TD-Clean-6,pre_refit,11,B0007,27,98.75485184986668,96.95677
TD-Clean-6,pre_refit,11,B0007,29,98.75133536665352,94.5999
TD-Clean-6,pre_refit,11,B0007,31,98.77012942519043,97.024826
TD-Clean-6,pre_refit,11,B0007,33,98.73683812511632,96.4592
TD-Clean-6,pre_refit,11,B0007,35,98.15685575226132,96.68967
TD-Clean-6,pre_refit,11,B0007,37,98.19446503474695,96.59587
TD-Clean-6,pre_refit,11,B0007,39,98.186691403046,95.74308
TD-Clean-6,pre_refit,11,B0007,42,99.90787801510066,93.50905
TD-Clean-6,pre_refit,11,B0007,46,99.94461695603135,95.85976
TD-Clean-6,pre_refit,11,B0007,50,99.92460497901308,96.24018
TD-Clean-6,pre_refit,11,B0007,54,99.38880751306714,96.47709
TD-Clean-6,pre_refit,11,B0007,58,99.34580918956073,94.22303
TD-Clean-6,pre_refit,11,B0007,62,99.37088315432128,96.27971
TD-Clean-6,pre_refit,11,B0007,66,98.78342046080256,96.07569
TD-Clean-6,pre_refit,11,B0007,70,98.8058078187501,95.20503
TD-Clean-6,pre_refit,11,B0007,74,98.75966747373796,94.98836
TD-Clean-6,pre_refit,11,B0007,78,98.1739885027512,95.45526
TD-Clean-6,pre_refit,11,B0007,82,98.23039625446908,94.250854
TD-Clean-6,pre_refit,11,B0007,86,100.05062324611636,97.022385
TD-Clean-6,pre_refit,11,B0007,90,98.95386520139344,97.87102
TD-Clean-6,pre_refit,11,B0007,94,98.38356039411237,98.20935
TD-Clean-6,pre_refit,11,B0007,98,98.11080955264678,97.41609
TD-Clean-6,pre_refit,11,B0007,102,97.57312273601715,98.86156
TD-Clean-6,pre_refit,11,B0007,106,97.5908400366413,95.64439
TD-Clean-6,pre_refit,11,B0007,110,97.29922460125108,96.58517
TD-Clean-6,pre_refit,11,B0007,114,96.74012336609094,98.09024
TD-Clean-6,pre_refit,11,B0007,118,96.49359124138364,96.52152
TD-Clean-6,pre_refit,11,B0007,122,96.22137391342224,95.50858
TD-Clean-6,pre_refit,11,B0007,126,96.233276781278,94.20618
TD-Clean-6,pre_refit,11,B0007,130,95.93841918044076,94.3253
TD-Clean-6,pre_refit,11,B0007,134,96.31819241353496,95.23192
TD-Clean-6,pre_refit,11,B0007,136,95.94953719543624,94.84704
TD-Clean-6,pre_refit,11,B0007,140,95.3953227427902,95.45231
TD-Clean-6,pre_refit,11,B0007,144,94.86699939598208,96.30699
TD-Clean-6,pre_refit,11,B0007,148,94.57173479963342,94.49314
TD-Clean-6,pre_refit,11,B0007,150,96.41760769059738,89.56003
TD-Clean-6,pre_refit,11,B0007,154,96.45090493439226,93.2372
TD-Clean-6,pre_refit,11,B0007,158,95.6297003383392,93.80427
TD-Clean-6,pre_refit,11,B0007,162,95.10935396520227,95.446266
TD-Clean-6,pre_refit,11,B0007,166,94.57259385530976,93.4553
TD-Clean-6,pre_refit,11,B0007,170,94.30623404626093,94.21103
TD-Clean-6,pre_refit,11,B0007,174,94.0371367595855,92.20864
TD-Clean-6,pre_refit,11,B0007,178,93.49626919937222,92.084984
TD-Clean-6,pre_refit,11,B0007,182,92.9420388383138,90.81722
TD-Clean-6,pre_refit,11,B0007,186,92.94217065781828,90.82787
TD-Clean-6,pre_refit,11,B0007,190,92.69668329388116,90.064186
TD-Clean-6,pre_refit,11,B0007,194,92.41073633514534,89.20324
TD-Clean-6,pre_refit,11,B0007,198,91.82208130681248,88.88163
TD-Clean-6,pre_refit,11,B0007,202,91.5743327473832,91.33614
TD-Clean-6,pre_refit,11,B0007,206,91.04730118386937,90.01847
TD-Clean-6,pre_refit,11,B0007,210,91.04684020750553,87.88437
TD-Clean-6,pre_refit,11,B0007,214,90.49873919973382,87.40816
TD-Clean-6,pre_refit,11,B0007,216,90.51794914609178,87.573006
TD-Clean-6,pre_refit,11,B0007,220,89.96325858213598,88.353325
TD-Clean-6,pre_refit,11,B0007,224,89.64911074691454,86.94559
TD-Clean-6,pre_refit,11,B0007,228,89.4056438247883,86.97245
TD-Clean-6,pre_refit,11,B0007,232,89.13221056506995,86.544556
TD-Clean-6,pre_refit,11,B0007,236,88.88142970948275,87.750145
TD-Clean-6,pre_refit,11,B0007,240,88.57496163215028,85.100334
TD-Clean-6,pre_refit,11,B0007,244,88.30030467403411,84.952156
TD-Clean-6,pre_refit,11,B0007,248,88.04309784572763,84.73468
TD-Clean-6,pre_refit,11,B0007,252,87.7835715053401,84.334404
TD-Clean-6,pre_refit,11,B0007,256,87.5009058762453,84.18409
TD-Clean-6,pre_refit,11,B0007,260,86.92700430940862,85.06139
TD-Clean-6,pre_refit,11,B0007,264,86.91859800690037,84.037025
TD-Clean-6,pre_refit,11,B0007,266,87.17696241036246,83.27858
TD-Clean-6,pre_refit,11,B0007,270,86.66971006432802,84.229416
TD-Clean-6,pre_refit,11,B0007,274,86.11955257111292,84.1614
TD-Clean-6,pre_refit,11,B0007,278,85.86532022039283,85.1643
TD-Clean-6,pre_refit,11,B0007,282,85.83324550155743,82.612976
TD-Clean-6,pre_refit,11,B0007,286,85.88108948972226,82.22933
TD-Clean-6,pre_refit,11,B0007,290,85.56987844007078,82.589066
TD-Clean-6,pre_refit,11,B0007,294,85.027771191142,84.30243
TD-Clean-6,pre_refit,11,B0007,298,84.77582688520748,82.41958
TD-Clean-6,pre_refit,11,B0007,302,84.79178974791847,81.8174
TD-Clean-6,pre_refit,11,B0007,306,84.76993385106519,81.37445
TD-Clean-6,pre_refit,11,B0007,310,84.49605927424464,81.15449
TD-Clean-6,pre_refit,11,B0007,313,89.71090998622898,81.376915
TD-Clean-6,pre_refit,11,B0007,316,86.37349719367897,82.07021
TD-Clean-6,pre_refit,11,B0007,320,85.82898928627563,83.10096
TD-Clean-6,pre_refit,11,B0007,324,85.2934976107533,82.513374
TD-Clean-6,pre_refit,11,B0007,328,84.72574724857897,82.02019
TD-Clean-6,pre_refit,11,B0007,332,84.48328177752624,82.103455
TD-Clean-6,pre_refit,11,B0007,336,84.21457006738538,81.76011
TD-Clean-6,pre_refit,11,B0007,340,83.9288888229777,81.214035
TD-Clean-6,pre_refit,11,B0007,344,83.67629222648154,82.273605
TD-Clean-6,pre_refit,11,B0007,348,83.38837618926404,80.80456
TD-Clean-6,pre_refit,11,B0007,352,83.41270816038221,80.527756
TD-Clean-6,pre_refit,11,B0007,356,83.14675201444969,80.35517
TD-Clean-6,pre_refit,11,B0007,360,82.8484308280049,81.58524
TD-Clean-6,pre_refit,11,B0007,364,83.13252526962864,80.01507
TD-Clean-6,pre_refit,11,B0007,367,83.66359396289195,82.243744
TD-Clean-6,pre_refit,11,B0007,371,83.14841165448959,81.51029
TD-Clean-6,pre_refit,11,B0007,375,82.85488835556158,82.46574
TD-Clean-6,pre_refit,11,B0007,379,82.33123711829187,81.30338
TD-Clean-6,pre_refit,11,B0007,383,82.01142381939957,79.472404
TD-Clean-6,pre_refit,11,B0007,387,82.07206587982726,81.74815
TD-Clean-6,pre_refit,11,B0007,391,82.0495038543302,80.099
TD-Clean-6,pre_refit,11,B0007,395,81.5031419618624,79.662834
TD-Clean-6,pre_refit,11,B0007,399,81.20841503507037,79.173004
TD-Clean-6,pre_refit,11,B0007,403,81.21721340553746,81.440315
TD-Clean-6,pre_refit,11,B0007,407,81.22601148878292,79.85896
TD-Clean-6,pre_refit,11,B0007,411,80.95054391771832,79.80357
TD-Clean-6,pre_refit,11,B0007,415,80.67227833994721,79.35787
TD-Clean-6,pre_refit,11,B0007,419,80.40565013650571,78.94349
TD-Clean-6,pre_refit,11,B0007,423,80.40335490244634,79.821075
TD-Clean-6,pre_refit,11,B0007,427,80.42152437300291,81.10505
TD-Clean-6,pre_refit,11,B0007,431,81.48461605871495,81.19786
TD-Clean-6,pre_refit,11,B0007,433,81.75963969607048,81.064644
TD-Clean-6,pre_refit,11,B0007,437,80.93560989493338,80.21802
TD-Clean-6,pre_refit,11,B0007,441,80.40209515327608,79.5041
TD-Clean-6,pre_refit,11,B0007,445,80.09419697809993,78.58604
TD-Clean-6,pre_refit,11,B0007,449,79.85042691616567,78.597855
TD-Clean-6,pre_refit,11,B0007,453,79.56495728605914,78.30685
TD-Clean-6,pre_refit,11,B0007,457,79.30076147796538,78.18676
TD-Clean-6,pre_refit,11,B0007,461,79.2776995197187,77.68301
TD-Clean-6,pre_refit,11,B0007,465,79.01573008127421,79.61922
TD-Clean-6,pre_refit,11,B0007,469,78.7529099419952,78.237495
TD-Clean-6,pre_refit,11,B0007,473,78.76631135529045,77.41617
TD-Clean-6,pre_refit,11,B0007,477,78.45734950325969,77.45399
TD-Clean-6,pre_refit,11,B0007,481,78.71925319505982,77.499535
TD-Clean-6,pre_refit,11,B0007,483,79.58166685963718,77.93202
TD-Clean-6,pre_refit,11,B0007,485,78.72860058663869,78.788315
TD-Clean-6,pre_refit,11,B0007,489,78.46501751785956,77.99009
TD-Clean-6,pre_refit,11,B0007,493,78.19738333514631,77.510216
TD-Clean-6,pre_refit,11,B0007,497,78.20645287101384,78.089455
TD-Clean-6,pre_refit,11,B0007,501,77.92824275772597,78.05684
TD-Clean-6,pre_refit,11,B0007,505,77.6497101362114,78.509384
TD-Clean-6,pre_refit,11,B0007,509,77.38028422735451,78.68868
TD-Clean-6,pre_refit,11,B0007,513,77.09660547904922,76.72459
TD-Clean-6,pre_refit,11,B0007,517,77.11046744203753,77.049416
TD-Clean-6,pre_refit,11,B0007,521,76.85550035450103,77.26846
TD-Clean-6,pre_refit,11,B0007,525,76.85236240084764,78.974724
TD-Clean-6,pre_refit,11,B0007,529,76.56671722215358,77.23369
TD-Clean-6,pre_refit,11,B0007,533,76.29399038621672,77.10214
TD-Clean-6,pre_refit,11,B0007,537,76.32425788720361,76.12722
TD-Clean-6,pre_refit,11,B0007,541,76.29658741049414,78.44893
TD-Clean-6,pre_refit,11,B0007,545,76.59209728582513,76.721375
TD-Clean-6,pre_refit,11,B0007,548,77.93863743061358,75.87563
TD-Clean-6,pre_refit,11,B0007,552,77.12364718084329,77.40439
TD-Clean-6,pre_refit,11,B0007,556,76.8725967441492,77.23485
TD-Clean-6,pre_refit,11,B0007,560,76.58854113704766,78.20581
TD-Clean-6,pre_refit,11,B0007,564,76.04885672654179,77.10739
TD-Clean-6,pre_refit,11,B0007,568,76.05828438472663,76.96219
TD-Clean-6,pre_refit,11,B0007,572,75.76335089505734,77.4364
TD-Clean-6,pre_refit,11,B0007,576,75.75439980355237,76.32289
TD-Clean-6,pre_refit,11,B0007,580,75.49812548326929,75.98866
TD-Clean-6,pre_refit,11,B0007,584,75.23591897923467,77.04676
TD-Clean-6,pre_refit,11,B0007,588,75.24924732301496,77.379845
TD-Clean-6,pre_refit,11,B0007,592,74.94444174506414,76.261536
TD-Clean-6,pre_refit,11,B0007,596,74.95266425125988,76.79093
TD-Clean-6,pre_refit,11,B0007,600,74.69643604452878,77.33735
TD-Clean-6,pre_refit,11,B0007,604,74.7051700493532,77.05206
TD-Clean-6,pre_refit,11,B0007,608,74.39278959915883,75.88949
TD-Clean-6,pre_refit,11,B0007,612,75.52591562947222,78.271545
TD-Clean-6,pre_refit,11,B0007,614,76.09264518290325,77.78728
TD-Clean-6,refit_on_3,11,B0007,2,100.45351791563915,77.35486
TD-Clean-6,refit_on_3,11,B0007,4,99.900254379013,98.78931
TD-Clean-6,refit_on_3,11,B0007,6,99.90161660017114,98.85894
TD-Clean-6,refit_on_3,11,B0007,8,99.9073657865712,99.06476
TD-Clean-6,refit_on_3,11,B0007,10,99.83724531860553,98.71321
TD-Clean-6,refit_on_3,11,B0007,12,99.90361817867274,97.49745
TD-Clean-6,refit_on_3,11,B0007,14,99.86297576917136,97.414
TD-Clean-6,refit_on_3,11,B0007,16,99.94656396119812,99.80643
TD-Clean-6,refit_on_3,11,B0007,18,99.31878532934633,99.59262
TD-Clean-6,refit_on_3,11,B0007,20,99.33799331164263,99.50398
TD-Clean-6,refit_on_3,11,B0007,22,99.33756087304828,99.53715
TD-Clean-6,refit_on_3,11,B0007,25,98.78551523188162,94.42961
TD-Clean-6,refit_on_3,11,B0007,27,98.75485184986668,99.72808
TD-Clean-6,refit_on_3,11,B0007,29,98.75133536665352,96.56281
TD-Clean-6,refit_on_3,11,B0007,31,98.77012942519043,99.366554
TD-Clean-6,refit_on_3,11,B0007,33,98.73683812511632,98.73457
TD-Clean-6,refit_on_3,11,B0007,35,98.15685575226132,98.992096
TD-Clean-6,refit_on_3,11,B0007,37,98.19446503474695,98.58153
TD-Clean-6,refit_on_3,11,B0007,39,98.186691403046,97.6722
TD-Clean-6,refit_on_3,11,B0007,42,99.90787801510066,99.04242
TD-Clean-6,refit_on_3,11,B0007,46,99.94461695603135,101.49869
TD-Clean-6,refit_on_3,11,B0007,50,99.92460497901308,100.61785
TD-Clean-6,refit_on_3,11,B0007,54,99.38880751306714,101.01343
TD-Clean-6,refit_on_3,11,B0007,58,99.34580918956073,99.385574
TD-Clean-6,refit_on_3,11,B0007,62,99.37088315432128,101.0112
TD-Clean-6,refit_on_3,11,B0007,66,98.78342046080256,100.91173
TD-Clean-6,refit_on_3,11,B0007,70,98.8058078187501,99.36706
TD-Clean-6,refit_on_3,11,B0007,74,98.75966747373796,99.34655
TD-Clean-6,refit_on_3,11,B0007,78,98.1739885027512,100.417984
TD-Clean-6,refit_on_3,11,B0007,82,98.23039625446908,98.38248
TD-Clean-6,refit_on_3,11,B0007,86,100.05062324611636,99.46211
TD-Clean-6,refit_on_3,11,B0007,90,98.95386520139344,102.299835
TD-Clean-6,refit_on_3,11,B0007,94,98.38356039411237,101.48186
TD-Clean-6,refit_on_3,11,B0007,98,98.11080955264678,99.87579
TD-Clean-6,refit_on_3,11,B0007,102,97.57312273601715,101.71189
TD-Clean-6,refit_on_3,11,B0007,106,97.5908400366413,99.76993
TD-Clean-6,refit_on_3,11,B0007,110,97.29922460125108,99.54094
TD-Clean-6,refit_on_3,11,B0007,114,96.74012336609094,100.83414
TD-Clean-6,refit_on_3,11,B0007,118,96.49359124138364,98.879974
TD-Clean-6,refit_on_3,11,B0007,122,96.22137391342224,98.76983
TD-Clean-6,refit_on_3,11,B0007,126,96.233276781278,98.45343
TD-Clean-6,refit_on_3,11,B0007,130,95.93841918044076,98.55632
TD-Clean-6,refit_on_3,11,B0007,134,96.31819241353496,98.50489
TD-Clean-6,refit_on_3,11,B0007,136,95.94953719543624,97.67007
TD-Clean-6,refit_on_3,11,B0007,140,95.3953227427902,97.514084
TD-Clean-6,refit_on_3,11,B0007,144,94.86699939598208,98.51487
TD-Clean-6,refit_on_3,11,B0007,148,94.57173479963342,96.69441
TD-Clean-6,refit_on_3,11,B0007,150,96.41760769059738,100.82654
TD-Clean-6,refit_on_3,11,B0007,154,96.45090493439226,98.50817
TD-Clean-6,refit_on_3,11,B0007,158,95.6297003383392,97.47449
TD-Clean-6,refit_on_3,11,B0007,162,95.10935396520227,99.43814
TD-Clean-6,refit_on_3,11,B0007,166,94.57259385530976,96.867584
TD-Clean-6,refit_on_3,11,B0007,170,94.30623404626093,98.516235
TD-Clean-6,refit_on_3,11,B0007,174,94.0371367595855,97.20274
TD-Clean-6,refit_on_3,11,B0007,178,93.49626919937222,96.22033
TD-Clean-6,refit_on_3,11,B0007,182,92.9420388383138,94.78523
TD-Clean-6,refit_on_3,11,B0007,186,92.94217065781828,94.64028
TD-Clean-6,refit_on_3,11,B0007,190,92.69668329388116,94.896286
TD-Clean-6,refit_on_3,11,B0007,194,92.41073633514534,94.26251
TD-Clean-6,refit_on_3,11,B0007,198,91.82208130681248,93.49623
TD-Clean-6,refit_on_3,11,B0007,202,91.5743327473832,95.93036
TD-Clean-6,refit_on_3,11,B0007,206,91.04730118386937,94.182846
TD-Clean-6,refit_on_3,11,B0007,210,91.04684020750553,93.05637
TD-Clean-6,refit_on_3,11,B0007,214,90.49873919973382,91.43857
TD-Clean-6,refit_on_3,11,B0007,216,90.51794914609178,92.53527
TD-Clean-6,refit_on_3,11,B0007,220,89.96325858213598,93.10668
TD-Clean-6,refit_on_3,11,B0007,224,89.64911074691454,91.38275
TD-Clean-6,refit_on_3,11,B0007,228,89.4056438247883,91.63752
TD-Clean-6,refit_on_3,11,B0007,232,89.13221056506995,91.386665
TD-Clean-6,refit_on_3,11,B0007,236,88.88142970948275,92.649574
TD-Clean-6,refit_on_3,11,B0007,240,88.57496163215028,89.75064
TD-Clean-6,refit_on_3,11,B0007,244,88.30030467403411,89.59834
TD-Clean-6,refit_on_3,11,B0007,248,88.04309784572763,89.44669
TD-Clean-6,refit_on_3,11,B0007,252,87.7835715053401,88.972084
TD-Clean-6,refit_on_3,11,B0007,256,87.5009058762453,88.6752
TD-Clean-6,refit_on_3,11,B0007,260,86.92700430940862,89.552536
TD-Clean-6,refit_on_3,11,B0007,264,86.91859800690037,88.24497
TD-Clean-6,refit_on_3,11,B0007,266,87.17696241036246,87.977066
TD-Clean-6,refit_on_3,11,B0007,270,86.66971006432802,87.97433
TD-Clean-6,refit_on_3,11,B0007,274,86.11955257111292,88.03995
TD-Clean-6,refit_on_3,11,B0007,278,85.86532022039283,89.646866
TD-Clean-6,refit_on_3,11,B0007,282,85.83324550155743,87.48774
TD-Clean-6,refit_on_3,11,B0007,286,85.88108948972226,86.64621
TD-Clean-6,refit_on_3,11,B0007,290,85.56987844007078,86.85453
TD-Clean-6,refit_on_3,11,B0007,294,85.027771191142,88.059875
TD-Clean-6,refit_on_3,11,B0007,298,84.77582688520748,86.27643
TD-Clean-6,refit_on_3,11,B0007,302,84.79178974791847,86.38707
TD-Clean-6,refit_on_3,11,B0007,306,84.76993385106519,85.92359
TD-Clean-6,refit_on_3,11,B0007,310,84.49605927424464,85.77209
TD-Clean-6,refit_on_3,11,B0007,313,89.71090998622898,85.07001
TD-Clean-6,refit_on_3,11,B0007,316,86.37349719367897,87.57721
TD-Clean-6,refit_on_3,11,B0007,320,85.82898928627563,88.165085
TD-Clean-6,refit_on_3,11,B0007,324,85.2934976107533,87.10174
TD-Clean-6,refit_on_3,11,B0007,328,84.72574724857897,86.206764
TD-Clean-6,refit_on_3,11,B0007,332,84.48328177752624,86.24434
TD-Clean-6,refit_on_3,11,B0007,336,84.21457006738538,86.052376
TD-Clean-6,refit_on_3,11,B0007,340,83.9288888229777,85.47409
TD-Clean-6,refit_on_3,11,B0007,344,83.67629222648154,86.69094
TD-Clean-6,refit_on_3,11,B0007,348,83.38837618926404,85.0401
TD-Clean-6,refit_on_3,11,B0007,352,83.41270816038221,84.812355
TD-Clean-6,refit_on_3,11,B0007,356,83.14675201444969,84.78635
TD-Clean-6,refit_on_3,11,B0007,360,82.8484308280049,86.02343
TD-Clean-6,refit_on_3,11,B0007,364,83.13252526962864,84.415
TD-Clean-6,refit_on_3,11,B0007,367,83.66359396289195,87.86884
TD-Clean-6,refit_on_3,11,B0007,371,83.14841165448959,86.01463
TD-Clean-6,refit_on_3,11,B0007,375,82.85488835556158,87.452614
TD-Clean-6,refit_on_3,11,B0007,379,82.33123711829187,85.902695
TD-Clean-6,refit_on_3,11,B0007,383,82.01142381939957,84.19447
TD-Clean-6,refit_on_3,11,B0007,387,82.07206587982726,86.71902
TD-Clean-6,refit_on_3,11,B0007,391,82.0495038543302,84.2144
TD-Clean-6,refit_on_3,11,B0007,395,81.5031419618624,83.52647
TD-Clean-6,refit_on_3,11,B0007,399,81.20841503507037,83.46582
TD-Clean-6,refit_on_3,11,B0007,403,81.21721340553746,86.1934
TD-Clean-6,refit_on_3,11,B0007,407,81.22601148878292,83.74549
TD-Clean-6,refit_on_3,11,B0007,411,80.95054391771832,83.23829
TD-Clean-6,refit_on_3,11,B0007,415,80.67227833994721,82.91727
TD-Clean-6,refit_on_3,11,B0007,419,80.40565013650571,82.84448
TD-Clean-6,refit_on_3,11,B0007,423,80.40335490244634,84.10052
TD-Clean-6,refit_on_3,11,B0007,427,80.42152437300291,85.2225
TD-Clean-6,refit_on_3,11,B0007,431,81.48461605871495,84.10237
TD-Clean-6,refit_on_3,11,B0007,433,81.75963969607048,85.16283
TD-Clean-6,refit_on_3,11,B0007,437,80.93560989493338,83.412926
TD-Clean-6,refit_on_3,11,B0007,441,80.40209515327608,83.11657
TD-Clean-6,refit_on_3,11,B0007,445,80.09419697809993,82.27001
TD-Clean-6,refit_on_3,11,B0007,449,79.85042691616567,82.37553
TD-Clean-6,refit_on_3,11,B0007,453,79.56495728605914,81.95628
TD-Clean-6,refit_on_3,11,B0007,457,79.30076147796538,81.764824
TD-Clean-6,refit_on_3,11,B0007,461,79.2776995197187,81.2498
TD-Clean-6,refit_on_3,11,B0007,465,79.01573008127421,83.755486
TD-Clean-6,refit_on_3,11,B0007,469,78.7529099419952,82.06013
TD-Clean-6,refit_on_3,11,B0007,473,78.76631135529045,81.00249
TD-Clean-6,refit_on_3,11,B0007,477,78.45734950325969,80.98293
TD-Clean-6,refit_on_3,11,B0007,481,78.71925319505982,81.75014
TD-Clean-6,refit_on_3,11,B0007,483,79.58166685963718,81.17807
TD-Clean-6,refit_on_3,11,B0007,485,78.72860058663869,81.37345
TD-Clean-6,refit_on_3,11,B0007,489,78.46501751785956,80.98398
TD-Clean-6,refit_on_3,11,B0007,493,78.19738333514631,80.7392
TD-Clean-6,refit_on_3,11,B0007,497,78.20645287101384,81.82812
TD-Clean-6,refit_on_3,11,B0007,501,77.92824275772597,81.090004
TD-Clean-6,refit_on_3,11,B0007,505,77.6497101362114,81.39754
TD-Clean-6,refit_on_3,11,B0007,509,77.38028422735451,81.952866
TD-Clean-6,refit_on_3,11,B0007,513,77.09660547904922,80.15258
TD-Clean-6,refit_on_3,11,B0007,517,77.11046744203753,80.747665
TD-Clean-6,refit_on_3,11,B0007,521,76.85550035450103,80.24147
TD-Clean-6,refit_on_3,11,B0007,525,76.85236240084764,82.435616
TD-Clean-6,refit_on_3,11,B0007,529,76.56671722215358,80.666016
TD-Clean-6,refit_on_3,11,B0007,533,76.29399038621672,80.39161
TD-Clean-6,refit_on_3,11,B0007,537,76.32425788720361,79.78477
TD-Clean-6,refit_on_3,11,B0007,541,76.29658741049414,82.15341
TD-Clean-6,refit_on_3,11,B0007,545,76.59209728582513,79.3777
TD-Clean-6,refit_on_3,11,B0007,548,77.93863743061358,79.28321
TD-Clean-6,refit_on_3,11,B0007,552,77.12364718084329,80.44441
TD-Clean-6,refit_on_3,11,B0007,556,76.8725967441492,80.2933
TD-Clean-6,refit_on_3,11,B0007,560,76.58854113704766,81.6848
TD-Clean-6,refit_on_3,11,B0007,564,76.04885672654179,80.45223
TD-Clean-6,refit_on_3,11,B0007,568,76.05828438472663,80.41993
TD-Clean-6,refit_on_3,11,B0007,572,75.76335089505734,80.99193
TD-Clean-6,refit_on_3,11,B0007,576,75.75439980355237,79.48182
TD-Clean-6,refit_on_3,11,B0007,580,75.49812548326929,79.25261
TD-Clean-6,refit_on_3,11,B0007,584,75.23591897923467,80.5628
TD-Clean-6,refit_on_3,11,B0007,588,75.24924732301496,80.894646
TD-Clean-6,refit_on_3,11,B0007,592,74.94444174506414,79.53148
TD-Clean-6,refit_on_3,11,B0007,596,74.95266425125988,80.115326
TD-Clean-6,refit_on_3,11,B0007,600,74.69643604452878,80.928055
TD-Clean-6,refit_on_3,11,B0007,604,74.7051700493532,80.549675
TD-Clean-6,refit_on_3,11,B0007,608,74.39278959915883,79.03624
TD-Clean-6,refit_on_3,11,B0007,612,75.52591562947222,82.27804
TD-Clean-6,refit_on_3,11,B0007,614,76.09264518290325,82.58875
TD-Clean-6,pre_refit,11,B0018,3,100.8025811041783,68.58552
TD-Clean-6,pre_refit,11,B0018,7,100.16087022619236,92.43976
TD-Clean-6,pre_refit,11,B0018,11,99.96558598273582,92.397385
TD-Clean-6,pre_refit,11,B0018,15,99.48041766162956,91.861565
TD-Clean-6,pre_refit,11,B0018,18,99.59054502526398,91.82983
TD-Clean-6,pre_refit,11,B0018,20,99.36387169185286,91.80723
TD-Clean-6,pre_refit,11,B0018,22,98.96567828327716,90.80059
TD-Clean-6,pre_refit,11,B0018,24,98.63793870309058,90.33643
TD-Clean-6,pre_refit,11,B0018,27,98.04714689052696,90.17615
TD-Clean-6,pre_refit,11,B0018,30,99.06887382997856,91.763214
TD-Clean-6,pre_refit,11,B0018,32,98.47248926951052,91.41792
TD-Clean-6,pre_refit,11,B0018,34,98.068534707018,90.819565
TD-Clean-6,pre_refit,11,B0018,36,97.31606084566693,89.5442
TD-Clean-6,pre_refit,11,B0018,39,96.91537145663308,88.88227
TD-Clean-6,pre_refit,11,B0018,42,96.77777434993364,91.77989
TD-Clean-6,pre_refit,11,B0018,44,96.24906078283864,90.77096
TD-Clean-6,pre_refit,11,B0018,46,96.10893521170082,90.18353
TD-Clean-6,pre_refit,11,B0018,48,95.29382636269746,89.11768
TD-Clean-6,pre_refit,11,B0018,51,94.89112029628322,88.24625
TD-Clean-6,pre_refit,11,B0018,54,94.42623362260446,89.05348
TD-Clean-6,pre_refit,11,B0018,56,94.09214261326034,87.58954
TD-Clean-6,pre_refit,11,B0018,58,92.84655809058668,90.107635
TD-Clean-6,pre_refit,11,B0018,60,93.00278636580364,87.34802
TD-Clean-6,pre_refit,11,B0018,63,92.78717154289568,86.91571
TD-Clean-6,pre_refit,11,B0018,66,95.05514633441328,88.411446
TD-Clean-6,pre_refit,11,B0018,68,94.16023397654948,90.120735
TD-Clean-6,pre_refit,11,B0018,70,93.58756901230694,89.90983
TD-Clean-6,pre_refit,11,B0018,72,93.02323711734508,89.34505
TD-Clean-6,pre_refit,11,B0018,75,92.33971230163448,88.65578
TD-Clean-6,pre_refit,11,B0018,78,92.05544475967478,89.028595
TD-Clean-6,pre_refit,11,B0018,80,91.39607597710202,88.2948
TD-Clean-6,pre_refit,11,B0018,82,91.12841202900309,88.68737
TD-Clean-6,pre_refit,11,B0018,84,90.50598444143154,88.63883
TD-Clean-6,pre_refit,11,B0018,87,90.05329919062662,87.59821
TD-Clean-6,pre_refit,11,B0018,90,89.56595375021743,87.74219
TD-Clean-6,pre_refit,11,B0018,92,89.05221474379236,87.09343
TD-Clean-6,pre_refit,11,B0018,94,88.4478648526792,86.87881
TD-Clean-6,pre_refit,11,B0018,96,88.14926233550939,87.17144
TD-Clean-6,pre_refit,11,B0018,99,87.70654438914323,87.222664
TD-Clean-6,pre_refit,11,B0018,102,91.07812245566797,86.12225
TD-Clean-6,pre_refit,11,B0018,104,89.62445100410937,88.0363
TD-Clean-6,pre_refit,11,B0018,106,88.70513095013024,87.27409
TD-Clean-6,pre_refit,11,B0018,108,87.83746900859978,86.56301
TD-Clean-6,pre_refit,11,B0018,111,87.53788044222665,85.33366
TD-Clean-6,pre_refit,11,B0018,114,86.69891328476463,85.901054
TD-Clean-6,pre_refit,11,B0018,117,93.83080462693712,78.746765
TD-Clean-6,pre_refit,11,B0018,119,93.27978546012802,91.172104
TD-Clean-6,pre_refit,11,B0018,121,92.1525471966999,90.14669
TD-Clean-6,pre_refit,11,B0018,123,91.17195305362098,89.50411
TD-Clean-6,pre_refit,11,B0018,125,90.2416573040256,88.609604
TD-Clean-6,pre_refit,11,B0018,128,90.55423897233052,89.83263
TD-Clean-6,pre_refit,11,B0018,130,89.49039068452917,88.97695
TD-Clean-6,pre_refit,11,B0018,132,88.3454487099843,90.83931
TD-Clean-6,pre_refit,11,B0018,134,87.60607299731777,90.89584
TD-Clean-6,pre_refit,11,B0018,136,87.25714700042141,87.25975
TD-Clean-6,pre_refit,11,B0018,141,90.9473619616094,85.067345
TD-Clean-6,pre_refit,11,B0018,143,89.1426764135498,89.48293
TD-Clean-6,pre_refit,11,B0018,145,87.66626044455795,88.6421
TD-Clean-6,pre_refit,11,B0018,147,86.51592379470374,87.63203
TD-Clean-6,pre_refit,11,B0018,150,86.21730704320841,86.600006
TD-Clean-6,pre_refit,11,B0018,153,85.8627581657356,86.13751
TD-Clean-6,pre_refit,11,B0018,155,84.99855590440428,86.644714
TD-Clean-6,pre_refit,11,B0018,157,84.53366840480606,85.84631
TD-Clean-6,pre_refit,11,B0018,159,83.69607194854545,85.82195
TD-Clean-6,pre_refit,11,B0018,162,83.25899594193369,85.27767
TD-Clean-6,pre_refit,11,B0018,165,83.22975722050174,83.611244
TD-Clean-6,pre_refit,11,B0018,167,82.72092847997168,84.87905
TD-Clean-6,pre_refit,11,B0018,169,81.86598978006339,84.409485
TD-Clean-6,pre_refit,11,B0018,171,81.58859278240016,84.92977
TD-Clean-6,pre_refit,11,B0018,174,81.31316363799587,84.33458
TD-Clean-6,pre_refit,11,B0018,177,83.32773163808899,81.972595
TD-Clean-6,pre_refit,11,B0018,179,82.80709531820148,85.66969
TD-Clean-6,pre_refit,11,B0018,181,81.57610219236552,85.33942
TD-Clean-6,pre_refit,11,B0018,183,81.09929204028072,84.77496
TD-Clean-6,pre_refit,11,B0018,185,80.60512587063184,84.1222
TD-Clean-6,pre_refit,11,B0018,188,80.4645909654616,81.66759
TD-Clean-6,pre_refit,11,B0018,190,80.07171192098461,83.85484
TD-Clean-6,pre_refit,11,B0018,192,79.77346222448996,83.2449
TD-Clean-6,pre_refit,11,B0018,194,79.23402412051846,83.376175
TD-Clean-6,pre_refit,11,B0018,197,78.6783203089025,83.21974
TD-Clean-6,pre_refit,11,B0018,200,78.94539372549075,80.11778
TD-Clean-6,pre_refit,11,B0018,202,78.38865828037459,82.59607
TD-Clean-6,pre_refit,11,B0018,204,78.21127069246836,82.00566
TD-Clean-6,pre_refit,11,B0018,206,77.6339684068403,82.05582
TD-Clean-6,pre_refit,11,B0018,209,77.43046760934243,82.264496
TD-Clean-6,pre_refit,11,B0018,212,79.8708545166814,79.888885
TD-Clean-6,pre_refit,11,B0018,214,78.93458463676515,83.863014
TD-Clean-6,pre_refit,11,B0018,216,78.40488242765085,83.74755
TD-Clean-6,pre_refit,11,B0018,218,77.61921434771055,82.833084
TD-Clean-6,pre_refit,11,B0018,220,76.9170609064971,82.10757
TD-Clean-6,pre_refit,11,B0018,223,79.04297866359087,77.49267
TD-Clean-6,pre_refit,11,B0018,225,77.61605692618127,82.77956
TD-Clean-6,pre_refit,11,B0018,227,77.14789574863566,82.366295
TD-Clean-6,pre_refit,11,B0018,229,76.92281444261894,81.957535
TD-Clean-6,pre_refit,11,B0018,232,76.3858924270674,82.196434
TD-Clean-6,pre_refit,11,B0018,235,76.53620320177981,79.27533
TD-Clean-6,pre_refit,11,B0018,237,75.9063201738239,81.47077
TD-Clean-6,pre_refit,11,B0018,239,75.72766142150313,81.403175
TD-Clean-6,pre_refit,11,B0018,241,75.49928800503805,81.3417
TD-Clean-6,pre_refit,11,B0018,244,74.9124451895705,80.57101
TD-Clean-6,pre_refit,11,B0018,247,75.25674730493446,78.287415
TD-Clean-6,pre_refit,11,B0018,249,74.46467849076038,80.48334
TD-Clean-6,pre_refit,11,B0018,251,74.62885626516028,80.64126
TD-Clean-6,pre_refit,11,B0018,253,74.33553994642665,80.67763
TD-Clean-6,pre_refit,11,B0018,256,73.72504079935909,80.72282
TD-Clean-6,pre_refit,11,B0018,259,79.36110924975578,78.03396
TD-Clean-6,pre_refit,11,B0018,261,78.799706688891,84.219925
TD-Clean-6,pre_refit,11,B0018,263,78.14983302548104,84.82053
TD-Clean-6,pre_refit,11,B0018,265,77.61878718971624,84.44691
TD-Clean-6,pre_refit,11,B0018,267,76.88079746021991,83.920235
TD-Clean-6,pre_refit,11,B0018,270,76.8319836786595,80.89958
TD-Clean-6,pre_refit,11,B0018,272,76.01926160635412,83.10267
TD-Clean-6,pre_refit,11,B0018,274,75.82358510102308,83.00338
TD-Clean-6,pre_refit,11,B0018,276,75.53633219814198,82.881584
TD-Clean-6,pre_refit,11,B0018,279,75.31793705780649,82.58704
TD-Clean-6,pre_refit,11,B0018,282,75.43684114368729,78.216545
TD-Clean-6,pre_refit,11,B0018,284,74.7829788363973,80.83219
TD-Clean-6,pre_refit,11,B0018,286,74.15991898288928,80.61264
TD-Clean-6,pre_refit,11,B0018,288,73.84846878839457,80.95457
TD-Clean-6,pre_refit,11,B0018,291,73.15537271331122,82.00297
TD-Clean-6,pre_refit,11,B0018,294,77.53589472577204,76.78015
TD-Clean-6,pre_refit,11,B0018,296,76.42763235972666,83.77662
TD-Clean-6,pre_refit,11,B0018,298,75.72351586777258,83.653564
TD-Clean-6,pre_refit,11,B0018,300,75.4386936803776,83.89555
TD-Clean-6,pre_refit,11,B0018,302,74.45721490205536,83.42063
TD-Clean-6,pre_refit,11,B0018,305,74.97385174402893,79.12584
TD-Clean-6,pre_refit,11,B0018,307,74.3741167471391,82.41
TD-Clean-6,pre_refit,11,B0018,309,74.05233968989694,81.98891
TD-Clean-6,pre_refit,11,B0018,311,74.08863589293038,81.67242
TD-Clean-6,pre_refit,11,B0018,314,73.46151441244959,82.39079
TD-Clean-6,pre_refit,11,B0018,317,73.62086195282473,78.81079
TD-Clean-6,pre_refit,11,B0018,319,72.87391760769836,82.32707
TD-Clean-6,refit_on_3,11,B0018,3,100.8025811041783,69.37761
TD-Clean-6,refit_on_3,11,B0018,7,100.16087022619236,93.90884
TD-Clean-6,refit_on_3,11,B0018,11,99.96558598273582,91.4944
TD-Clean-6,refit_on_3,11,B0018,15,99.48041766162956,91.52623
TD-Clean-6,refit_on_3,11,B0018,18,99.59054502526398,95.08838
TD-Clean-6,refit_on_3,11,B0018,20,99.36387169185286,88.47613
TD-Clean-6,refit_on_3,11,B0018,22,98.96567828327716,87.67682
TD-Clean-6,refit_on_3,11,B0018,24,98.63793870309058,87.45531
TD-Clean-6,refit_on_3,11,B0018,27,98.04714689052696,87.578735
TD-Clean-6,refit_on_3,11,B0018,30,99.06887382997856,93.44606
TD-Clean-6,refit_on_3,11,B0018,32,98.47248926951052,88.9195
TD-Clean-6,refit_on_3,11,B0018,34,98.068534707018,87.98133
TD-Clean-6,refit_on_3,11,B0018,36,97.31606084566693,86.956085
TD-Clean-6,refit_on_3,11,B0018,39,96.91537145663308,86.63717
TD-Clean-6,refit_on_3,11,B0018,42,96.77777434993364,92.32948
TD-Clean-6,refit_on_3,11,B0018,44,96.24906078283864,88.380745
TD-Clean-6,refit_on_3,11,B0018,46,96.10893521170082,86.96299
TD-Clean-6,refit_on_3,11,B0018,48,95.29382636269746,86.15877
TD-Clean-6,refit_on_3,11,B0018,51,94.89112029628322,85.46347
TD-Clean-6,refit_on_3,11,B0018,54,94.42623362260446,88.160614
TD-Clean-6,refit_on_3,11,B0018,56,94.09214261326034,85.69025
TD-Clean-6,refit_on_3,11,B0018,58,92.84655809058668,88.51726
TD-Clean-6,refit_on_3,11,B0018,60,93.00278636580364,85.43993
TD-Clean-6,refit_on_3,11,B0018,63,92.78717154289568,85.01285
TD-Clean-6,refit_on_3,11,B0018,66,95.05514633441328,89.51685
TD-Clean-6,refit_on_3,11,B0018,68,94.16023397654948,88.343254
TD-Clean-6,refit_on_3,11,B0018,70,93.58756901230694,87.60092
TD-Clean-6,refit_on_3,11,B0018,72,93.02323711734508,86.55687
TD-Clean-6,refit_on_3,11,B0018,75,92.33971230163448,85.535675
TD-Clean-6,refit_on_3,11,B0018,78,92.05544475967478,88.0195
TD-Clean-6,refit_on_3,11,B0018,80,91.39607597710202,86.1364
TD-Clean-6,refit_on_3,11,B0018,82,91.12841202900309,86.28315
TD-Clean-6,refit_on_3,11,B0018,84,90.50598444143154,85.80722
TD-Clean-6,refit_on_3,11,B0018,87,90.05329919062662,84.50769
TD-Clean-6,refit_on_3,11,B0018,90,89.56595375021743,86.62474
TD-Clean-6,refit_on_3,11,B0018,92,89.05221474379236,84.02001
TD-Clean-6,refit_on_3,11,B0018,94,88.4478648526792,84.85389
TD-Clean-6,refit_on_3,11,B0018,96,88.14926233550939,84.56847
TD-Clean-6,refit_on_3,11,B0018,99,87.70654438914323,84.16663
TD-Clean-6,refit_on_3,11,B0018,102,91.07812245566797,87.13571
TD-Clean-6,refit_on_3,11,B0018,104,89.62445100410937,85.63257
TD-Clean-6,refit_on_3,11,B0018,106,88.70513095013024,84.403694
TD-Clean-6,refit_on_3,11,B0018,108,87.83746900859978,83.842964
TD-Clean-6,refit_on_3,11,B0018,111,87.53788044222665,83.023735
TD-Clean-6,refit_on_3,11,B0018,114,86.69891328476463,85.10784
TD-Clean-6,refit_on_3,11,B0018,117,93.83080462693712,81.21884
TD-Clean-6,refit_on_3,11,B0018,119,93.27978546012802,88.663506
TD-Clean-6,refit_on_3,11,B0018,121,92.1525471966999,87.7458
TD-Clean-6,refit_on_3,11,B0018,123,91.17195305362098,87.06238
TD-Clean-6,refit_on_3,11,B0018,125,90.2416573040256,86.25011
TD-Clean-6,refit_on_3,11,B0018,128,90.55423897233052,90.22719
TD-Clean-6,refit_on_3,11,B0018,130,89.49039068452917,85.43009
TD-Clean-6,refit_on_3,11,B0018,132,88.3454487099843,88.76503
TD-Clean-6,refit_on_3,11,B0018,134,87.60607299731777,88.56587
TD-Clean-6,refit_on_3,11,B0018,136,87.25714700042141,84.3976
TD-Clean-6,refit_on_3,11,B0018,141,90.9473619616094,89.676476
TD-Clean-6,refit_on_3,11,B0018,143,89.1426764135498,86.65876
TD-Clean-6,refit_on_3,11,B0018,145,87.66626044455795,85.25964
TD-Clean-6,refit_on_3,11,B0018,147,86.51592379470374,84.14619
TD-Clean-6,refit_on_3,11,B0018,150,86.21730704320841,83.32695
TD-Clean-6,refit_on_3,11,B0018,153,85.8627581657356,84.93129
TD-Clean-6,refit_on_3,11,B0018,155,84.99855590440428,83.23778
TD-Clean-6,refit_on_3,11,B0018,157,84.53366840480606,82.49798
TD-Clean-6,refit_on_3,11,B0018,159,83.69607194854545,82.34056
TD-Clean-6,refit_on_3,11,B0018,162,83.25899594193369,81.65192
TD-Clean-6,refit_on_3,11,B0018,165,83.22975722050174,82.12961
TD-Clean-6,refit_on_3,11,B0018,167,82.72092847997168,81.66137
TD-Clean-6,refit_on_3,11,B0018,169,81.86598978006339,80.89378
TD-Clean-6,refit_on_3,11,B0018,171,81.58859278240016,81.27093
TD-Clean-6,refit_on_3,11,B0018,174,81.31316363799587,80.39269
TD-Clean-6,refit_on_3,11,B0018,177,83.32773163808899,81.836815
TD-Clean-6,refit_on_3,11,B0018,179,82.80709531820148,81.75997
TD-Clean-6,refit_on_3,11,B0018,181,81.57610219236552,81.03329
TD-Clean-6,refit_on_3,11,B0018,183,81.09929204028072,80.65221
TD-Clean-6,refit_on_3,11,B0018,185,80.60512587063184,79.901024
TD-Clean-6,refit_on_3,11,B0018,188,80.4645909654616,81.212204
TD-Clean-6,refit_on_3,11,B0018,190,80.07171192098461,80.305786
TD-Clean-6,refit_on_3,11,B0018,192,79.77346222448996,79.73933
TD-Clean-6,refit_on_3,11,B0018,194,79.23402412051846,79.147545
TD-Clean-6,refit_on_3,11,B0018,197,78.6783203089025,78.722984
TD-Clean-6,refit_on_3,11,B0018,200,78.94539372549075,79.169136
TD-Clean-6,refit_on_3,11,B0018,202,78.38865828037459,79.360756
TD-Clean-6,refit_on_3,11,B0018,204,78.21127069246836,79.48759
TD-Clean-6,refit_on_3,11,B0018,206,77.6339684068403,78.97297
TD-Clean-6,refit_on_3,11,B0018,209,77.43046760934243,78.75737
TD-Clean-6,refit_on_3,11,B0018,212,79.8708545166814,79.295074
TD-Clean-6,refit_on_3,11,B0018,214,78.93458463676515,79.35031
TD-Clean-6,refit_on_3,11,B0018,216,78.40488242765085,79.090996
TD-Clean-6,refit_on_3,11,B0018,218,77.61921434771055,78.435036
TD-Clean-6,refit_on_3,11,B0018,220,76.9170609064971,78.37256
TD-Clean-6,refit_on_3,11,B0018,223,79.04297866359087,76.12144
TD-Clean-6,refit_on_3,11,B0018,225,77.61605692618127,79.221245
TD-Clean-6,refit_on_3,11,B0018,227,77.14789574863566,78.90162
TD-Clean-6,refit_on_3,11,B0018,229,76.92281444261894,78.29027
TD-Clean-6,refit_on_3,11,B0018,232,76.3858924270674,78.13036
TD-Clean-6,refit_on_3,11,B0018,235,76.53620320177981,78.48169
TD-Clean-6,refit_on_3,11,B0018,237,75.9063201738239,78.278305
TD-Clean-6,refit_on_3,11,B0018,239,75.72766142150313,78.534386
TD-Clean-6,refit_on_3,11,B0018,241,75.49928800503805,78.6629
TD-Clean-6,refit_on_3,11,B0018,244,74.9124451895705,77.32077
TD-Clean-6,refit_on_3,11,B0018,247,75.25674730493446,77.65786
TD-Clean-6,refit_on_3,11,B0018,249,74.46467849076038,77.703125
TD-Clean-6,refit_on_3,11,B0018,251,74.62885626516028,78.2814
TD-Clean-6,refit_on_3,11,B0018,253,74.33553994642665,78.59329
TD-Clean-6,refit_on_3,11,B0018,256,73.72504079935909,77.90406
TD-Clean-6,refit_on_3,11,B0018,259,79.36110924975578,76.88684
TD-Clean-6,refit_on_3,11,B0018,261,78.799706688891,80.47932
TD-Clean-6,refit_on_3,11,B0018,263,78.14983302548104,80.69901
TD-Clean-6,refit_on_3,11,B0018,265,77.61878718971624,79.53054
TD-Clean-6,refit_on_3,11,B0018,267,76.88079746021991,79.17453
TD-Clean-6,refit_on_3,11,B0018,270,76.8319836786595,79.671135
TD-Clean-6,refit_on_3,11,B0018,272,76.01926160635412,79.71323
TD-Clean-6,refit_on_3,11,B0018,274,75.82358510102308,80.0174
TD-Clean-6,refit_on_3,11,B0018,276,75.53633219814198,80.1692
TD-Clean-6,refit_on_3,11,B0018,279,75.31793705780649,78.08948
TD-Clean-6,refit_on_3,11,B0018,282,75.43684114368729,76.70985
TD-Clean-6,refit_on_3,11,B0018,284,74.7829788363973,76.44796
TD-Clean-6,refit_on_3,11,B0018,286,74.15991898288928,76.33745
TD-Clean-6,refit_on_3,11,B0018,288,73.84846878839457,76.87816
TD-Clean-6,refit_on_3,11,B0018,291,73.15537271331122,77.4655
TD-Clean-6,refit_on_3,11,B0018,294,77.53589472577204,75.42139
TD-Clean-6,refit_on_3,11,B0018,296,76.42763235972666,79.98203
TD-Clean-6,refit_on_3,11,B0018,298,75.72351586777258,78.93465
TD-Clean-6,refit_on_3,11,B0018,300,75.4386936803776,79.22391
TD-Clean-6,refit_on_3,11,B0018,302,74.45721490205536,78.624405
TD-Clean-6,refit_on_3,11,B0018,305,74.97385174402893,77.937454
TD-Clean-6,refit_on_3,11,B0018,307,74.3741167471391,79.035126
TD-Clean-6,refit_on_3,11,B0018,309,74.05233968989694,79.368774
TD-Clean-6,refit_on_3,11,B0018,311,74.08863589293038,78.89545
TD-Clean-6,refit_on_3,11,B0018,314,73.46151441244959,78.10358
TD-Clean-6,refit_on_3,11,B0018,317,73.62086195282473,77.81973
TD-Clean-6,refit_on_3,11,B0018,319,72.87391760769836,77.97613
TD-Clean-4,pre_refit,42,B0005,2,100.80760884947765,94.97561
TD-Clean-4,pre_refit,42,B0005,4,100.25590968770103,94.97561
TD-Clean-4,pre_refit,42,B0005,6,99.65979925247206,94.97561
TD-Clean-4,pre_refit,42,B0005,8,99.65509323788856,94.97561
TD-Clean-4,pre_refit,42,B0005,10,99.6215889724607,94.97561
TD-Clean-4,pre_refit,42,B0005,12,99.67676620535396,94.97561
TD-Clean-4,pre_refit,42,B0005,14,99.64877352944652,94.97561
TD-Clean-4,pre_refit,42,B0005,16,99.13892996732449,94.97561
TD-Clean-4,pre_refit,42,B0005,18,99.08555627584838,94.97561
TD-Clean-4,pre_refit,42,B0005,20,99.0768365083485,94.97561
TD-Clean-4,pre_refit,42,B0005,22,99.07717774099622,94.97561
TD-Clean-4,pre_refit,42,B0005,25,98.5114992237362,94.97561
TD-Clean-4,pre_refit,42,B0005,27,98.4870761948254,94.97561
TD-Clean-4,pre_refit,42,B0005,29,98.47015265835132,94.97561
TD-Clean-4,pre_refit,42,B0005,31,97.88140357167902,94.97561
TD-Clean-4,pre_refit,42,B0005,33,97.85473656745688,94.97561
TD-Clean-4,pre_refit,42,B0005,35,97.88039886599036,94.97561
TD-Clean-4,pre_refit,42,B0005,37,97.9069415267384,94.97561
TD-Clean-4,pre_refit,42,B0005,39,97.89115702988882,94.97561
TD-Clean-4,pre_refit,42,B0005,42,100.29385168145046,94.97561
TD-Clean-4,pre_refit,42,B0005,46,100.31510023136114,94.97561
TD-Clean-4,pre_refit,42,B0005,50,99.70477213786135,94.97561
TD-Clean-4,pre_refit,42,B0005,54,99.1402308374376,94.97561
TD-Clean-4,pre_refit,42,B0005,58,99.10400696359169,94.97561
TD-Clean-4,pre_refit,42,B0005,62,99.12941188644592,94.97561
TD-Clean-4,pre_refit,42,B0005,66,98.50222430381568,94.97561
TD-Clean-4,pre_refit,42,B0005,70,98.5423014565286,94.97561
TD-Clean-4,pre_refit,42,B0005,74,98.49887187571204,94.97561
TD-Clean-4,pre_refit,42,B0005,78,97.89050762402466,94.97561
TD-Clean-4,pre_refit,42,B0005,82,97.96171552529285,94.97561
TD-Clean-4,pre_refit,42,B0005,86,100.55321959197046,94.97561
TD-Clean-4,pre_refit,42,B0005,90,99.4075559707276,94.97561
TD-Clean-4,pre_refit,42,B0005,94,98.82112827769676,94.97561
TD-Clean-4,pre_refit,42,B0005,98,98.2457556393358,94.97561
TD-Clean-4,pre_refit,42,B0005,102,97.99065016377766,94.97561
TD-Clean-4,pre_refit,42,B0005,106,97.7065060215613,94.97561
TD-Clean-4,pre_refit,42,B0005,110,97.11279694879056,94.97561
TD-Clean-4,pre_refit,42,B0005,114,96.81304988059888,94.97561
TD-Clean-4,pre_refit,42,B0005,118,96.27605729788222,94.97561
TD-Clean-4,pre_refit,42,B0005,122,96.2762766313732,94.97561
TD-Clean-4,pre_refit,42,B0005,126,95.99578118843372,94.97561
TD-Clean-4,pre_refit,42,B0005,130,95.69403287907456,94.97561
TD-Clean-4,pre_refit,42,B0005,134,95.98194451474556,94.97561
TD-Clean-4,pre_refit,42,B0005,136,95.71321655496544,94.97561
TD-Clean-4,pre_refit,42,B0005,140,95.11928805425076,94.97561
TD-Clean-4,pre_refit,42,B0005,144,94.58275432725988,94.97561
TD-Clean-4,pre_refit,42,B0005,148,94.27008009570102,94.97561
TD-Clean-4,pre_refit,42,B0005,150,97.39411432859931,94.97561
TD-Clean-4,pre_refit,42,B0005,154,96.82749231246368,94.97561
TD-Clean-4,pre_refit,42,B0005,158,95.96820195991576,94.97561
TD-Clean-4,pre_refit,42,B0005,162,95.40638930769452,94.97561
TD-Clean-4,pre_refit,42,B0005,166,94.8553962680492,94.97561
TD-Clean-4,pre_refit,42,B0005,170,94.5755674779542,94.97561
TD-Clean-4,pre_refit,42,B0005,174,94.28806184403476,94.97561
TD-Clean-4,pre_refit,42,B0005,178,93.73958753620327,94.97561
TD-Clean-4,pre_refit,42,B0005,182,93.16861105469168,94.97561
TD-Clean-4,pre_refit,42,B0005,186,92.88227598613614,94.97561
TD-Clean-4,pre_refit,42,B0005,190,92.636901518198,94.97561
TD-Clean-4,pre_refit,42,B0005,194,92.32720191735562,94.97561
TD-Clean-4,pre_refit,42,B0005,198,92.01599848919145,94.97561
TD-Clean-4,pre_refit,42,B0005,202,91.49053823956656,94.97561
TD-Clean-4,pre_refit,42,B0005,206,90.92425521866993,94.97561
TD-Clean-4,pre_refit,42,B0005,210,90.92941856192826,94.97561
TD-Clean-4,pre_refit,42,B0005,214,90.34010561326173,94.97561
TD-Clean-4,pre_refit,42,B0005,216,90.0847586044663,94.97561
TD-Clean-4,pre_refit,42,B0005,220,89.80457989439137,94.97561
TD-Clean-4,pre_refit,42,B0005,224,89.19640288815545,94.97561
TD-Clean-4,pre_refit,42,B0005,228,88.93598251136243,94.97561
TD-Clean-4,pre_refit,42,B0005,232,88.65781340235759,94.97561
TD-Clean-4,pre_refit,42,B0005,236,88.38728178562198,94.97561
TD-Clean-4,pre_refit,42,B0005,240,88.08171260170519,94.97561
TD-Clean-4,pre_refit,42,B0005,244,87.49528010741024,94.97561
TD-Clean-4,pre_refit,42,B0005,248,87.2366743602368,94.97561
TD-Clean-4,pre_refit,42,B0005,252,86.96251727221627,94.97561
TD-Clean-4,pre_refit,42,B0005,256,86.35734215456989,94.97561
TD-Clean-4,pre_refit,42,B0005,260,86.10863457357058,94.97561
TD-Clean-4,pre_refit,42,B0005,264,86.06270063126725,94.97561
TD-Clean-4,pre_refit,42,B0005,266,86.63737677555004,94.97561
TD-Clean-4,pre_refit,42,B0005,270,85.50813849993258,94.97561
TD-Clean-4,pre_refit,42,B0005,274,84.97446653296429,94.97561
TD-Clean-4,pre_refit,42,B0005,278,84.69557819389517,94.97561
TD-Clean-4,pre_refit,42,B0005,282,84.68013627936132,94.97561
TD-Clean-4,pre_refit,42,B0005,286,84.41991821853574,94.97561
TD-Clean-4,pre_refit,42,B0005,290,84.10414931140878,94.97561
TD-Clean-4,pre_refit,42,B0005,294,83.52653061113354,94.97561
TD-Clean-4,pre_refit,42,B0005,298,82.96602561057489,94.97561
TD-Clean-4,pre_refit,42,B0005,302,82.99920327964658,94.97561
TD-Clean-4,pre_refit,42,B0005,306,82.68003018050378,94.97561
TD-Clean-4,pre_refit,42,B0005,310,82.39976893302816,94.97561
TD-Clean-4,pre_refit,42,B0005,313,87.19626195760692,94.97561
TD-Clean-4,pre_refit,42,B0005,316,84.91729656129593,94.97561
TD-Clean-4,pre_refit,42,B0005,320,84.06165489885902,94.97561
TD-Clean-4,pre_refit,42,B0005,324,83.2082752902044,94.97561
TD-Clean-4,pre_refit,42,B0005,328,82.91381970838151,94.97561
TD-Clean-4,pre_refit,42,B0005,332,82.37106085271179,94.97561
TD-Clean-4,pre_refit,42,B0005,336,82.09631790141844,94.97561
TD-Clean-4,pre_refit,42,B0005,340,81.80669701206385,94.97561
TD-Clean-4,pre_refit,42,B0005,344,81.53418918115372,94.97561
TD-Clean-4,pre_refit,42,B0005,348,80.95312575426658,94.97561
TD-Clean-4,pre_refit,42,B0005,352,80.6829269258604,94.97561
TD-Clean-4,pre_refit,42,B0005,356,80.38673535372676,94.97561
TD-Clean-4,pre_refit,42,B0005,360,80.10415225005684,94.97561
TD-Clean-4,pre_refit,42,B0005,364,80.68483906716317,94.97561
TD-Clean-4,pre_refit,42,B0005,367,81.23806188586506,94.97561
TD-Clean-4,pre_refit,42,B0005,371,80.40774500270479,94.97561
TD-Clean-4,pre_refit,42,B0005,375,79.80793062432481,94.97561
TD-Clean-4,pre_refit,42,B0005,379,78.94710440938543,94.97561
TD-Clean-4,pre_refit,42,B0005,383,78.96040682717852,94.97561
TD-Clean-4,pre_refit,42,B0005,387,79.00805769223405,94.97561
TD-Clean-4,pre_refit,42,B0005,391,78.68325635434054,94.97561
TD-Clean-4,pre_refit,42,B0005,395,78.12009683923326,94.97561
TD-Clean-4,pre_refit,42,B0005,399,77.83635095586517,94.97561
TD-Clean-4,pre_refit,42,B0005,403,77.83366081216815,94.97561
TD-Clean-4,pre_refit,42,B0005,407,77.54418562704669,94.97561
TD-Clean-4,pre_refit,42,B0005,411,77.26483532824366,94.97561
TD-Clean-4,pre_refit,42,B0005,415,76.96665751739931,94.97561
TD-Clean-4,pre_refit,42,B0005,419,76.69408123915822,94.97561
TD-Clean-4,pre_refit,42,B0005,423,76.7032886034996,94.97561
TD-Clean-4,pre_refit,42,B0005,427,76.43285089151239,94.97561
TD-Clean-4,pre_refit,42,B0005,431,77.83345221466253,94.97561
TD-Clean-4,pre_refit,42,B0005,433,78.09751233548145,94.97561
TD-Clean-4,pre_refit,42,B0005,437,76.96262218385922,94.97561
TD-Clean-4,pre_refit,42,B0005,441,76.3993634537507,94.97561
TD-Clean-4,pre_refit,42,B0005,445,76.08562321685423,94.97561
TD-Clean-4,pre_refit,42,B0005,449,75.84111192639295,94.97561
TD-Clean-4,pre_refit,42,B0005,453,75.5470202599512,94.97561
TD-Clean-4,pre_refit,42,B0005,457,75.2724773855306,94.97561
TD-Clean-4,pre_refit,42,B0005,461,74.95796574493023,94.97561
TD-Clean-4,pre_refit,42,B0005,465,74.67559060559861,94.97561
TD-Clean-4,pre_refit,42,B0005,469,74.4190975749656,94.97561
TD-Clean-4,pre_refit,42,B0005,473,74.41886702385212,94.97561
TD-Clean-4,pre_refit,42,B0005,477,74.10538957595438,94.97561
TD-Clean-4,pre_refit,42,B0005,481,74.68403981580354,94.97561
TD-Clean-4,pre_refit,42,B0005,483,75.26611054535188,94.97561
TD-Clean-4,pre_refit,42,B0005,485,74.38310747232698,94.97561
TD-Clean-4,pre_refit,42,B0005,489,74.10795710900801,94.97561
TD-Clean-4,pre_refit,42,B0005,493,73.53993654981534,94.97561
TD-Clean-4,pre_refit,42,B0005,497,73.55729388669064,94.97561
TD-Clean-4,pre_refit,42,B0005,501,73.56067241598603,94.97561
TD-Clean-4,pre_refit,42,B0005,505,73.26805286034079,94.97561
TD-Clean-4,pre_refit,42,B0005,509,72.98972077509227,94.97561
TD-Clean-4,pre_refit,42,B0005,513,72.70747847813722,94.97561
TD-Clean-4,pre_refit,42,B0005,517,72.70330518052887,94.97561
TD-Clean-4,pre_refit,42,B0005,521,72.43680818215978,94.97561
TD-Clean-4,pre_refit,42,B0005,525,72.14563728793834,94.97561
TD-Clean-4,pre_refit,42,B0005,529,71.84842350914826,94.97561
TD-Clean-4,pre_refit,42,B0005,533,71.57682808520298,94.97561
TD-Clean-4,pre_refit,42,B0005,537,71.59297070565168,94.97561
TD-Clean-4,pre_refit,42,B0005,541,71.58355486033668,94.97561
TD-Clean-4,pre_refit,42,B0005,545,71.88651633814797,94.97561
TD-Clean-4,pre_refit,42,B0005,548,73.85485752850198,94.97561
TD-Clean-4,pre_refit,42,B0005,552,72.73676298693475,94.97561
TD-Clean-4,pre_refit,42,B0005,556,72.16650080848474,94.97561
TD-Clean-4,pre_refit,42,B0005,560,71.87574889700983,94.97561
TD-Clean-4,pre_refit,42,B0005,564,71.60206343923741,94.97561
TD-Clean-4,pre_refit,42,B0005,568,71.32194157026348,94.97561
TD-Clean-4,pre_refit,42,B0005,572,71.30711389020412,94.97561
TD-Clean-4,pre_refit,42,B0005,576,71.01356336148518,94.97561
TD-Clean-4,pre_refit,42,B0005,580,70.75492745457169,94.97561
TD-Clean-4,pre_refit,42,B0005,584,70.77254445771489,94.97561
TD-Clean-4,pre_refit,42,B0005,588,70.77540542374062,94.97561
TD-Clean-4,pre_refit,42,B0005,592,70.47550750397869,94.97561
TD-Clean-4,pre_refit,42,B0005,596,70.48563041810954,94.97561
TD-Clean-4,pre_refit,42,B0005,600,70.23531244180377,94.97561
TD-Clean-4,pre_refit,42,B0005,604,69.93882142370093,94.97561
TD-Clean-4,pre_refit,42,B0005,608,69.90890905512207,94.97561
TD-Clean-4,pre_refit,42,B0005,612,71.07977535187085,94.97561
TD-Clean-4,pre_refit,42,B0005,614,71.95205157786506,94.97561
TD-Clean-4,refit_on_3,42,B0005,2,100.80760884947765,86.3792
TD-Clean-4,refit_on_3,42,B0005,4,100.25590968770103,89.01584
TD-Clean-4,refit_on_3,42,B0005,6,99.65979925247206,89.01584
TD-Clean-4,refit_on_3,42,B0005,8,99.65509323788856,89.01584
TD-Clean-4,refit_on_3,42,B0005,10,99.6215889724607,89.01584
TD-Clean-4,refit_on_3,42,B0005,12,99.67676620535396,89.01584
TD-Clean-4,refit_on_3,42,B0005,14,99.64877352944652,89.01584
TD-Clean-4,refit_on_3,42,B0005,16,99.13892996732449,89.01584
TD-Clean-4,refit_on_3,42,B0005,18,99.08555627584838,89.01584
TD-Clean-4,refit_on_3,42,B0005,20,99.0768365083485,89.01584
TD-Clean-4,refit_on_3,42,B0005,22,99.07717774099622,89.01584
TD-Clean-4,refit_on_3,42,B0005,25,98.5114992237362,89.01584
TD-Clean-4,refit_on_3,42,B0005,27,98.4870761948254,89.01584
TD-Clean-4,refit_on_3,42,B0005,29,98.47015265835132,89.01584
TD-Clean-4,refit_on_3,42,B0005,31,97.88140357167902,89.01584
TD-Clean-4,refit_on_3,42,B0005,33,97.85473656745688,89.00104
TD-Clean-4,refit_on_3,42,B0005,35,97.88039886599036,88.97432
TD-Clean-4,refit_on_3,42,B0005,37,97.9069415267384,88.94779
TD-Clean-4,refit_on_3,42,B0005,39,97.89115702988882,88.93313
TD-Clean-4,refit_on_3,42,B0005,42,100.29385168145046,89.01584
TD-Clean-4,refit_on_3,42,B0005,46,100.31510023136114,89.01584
TD-Clean-4,refit_on_3,42,B0005,50,99.70477213786135,89.01584
TD-Clean-4,refit_on_3,42,B0005,54,99.1402308374376,89.01584
TD-Clean-4,refit_on_3,42,B0005,58,99.10400696359169,89.01584
TD-Clean-4,refit_on_3,42,B0005,62,99.12941188644592,88.9371
TD-Clean-4,refit_on_3,42,B0005,66,98.50222430381568,88.96581
TD-Clean-4,refit_on_3,42,B0005,70,98.5423014565286,88.86896
TD-Clean-4,refit_on_3,42,B0005,74,98.49887187571204,88.831894
TD-Clean-4,refit_on_3,42,B0005,78,97.89050762402466,88.913765
TD-Clean-4,refit_on_3,42,B0005,82,97.96171552529285,88.86813
TD-Clean-4,refit_on_3,42,B0005,86,100.55321959197046,80.22433
TD-Clean-4,refit_on_3,42,B0005,90,99.4075559707276,84.932335
TD-Clean-4,refit_on_3,42,B0005,94,98.82112827769676,87.180786
TD-Clean-4,refit_on_3,42,B0005,98,98.2457556393358,88.876595
TD-Clean-4,refit_on_3,42,B0005,102,97.99065016377766,88.824524
TD-Clean-4,refit_on_3,42,B0005,106,97.7065060215613,85.37745
TD-Clean-4,refit_on_3,42,B0005,110,97.11279694879056,87.93172
TD-Clean-4,refit_on_3,42,B0005,114,96.81304988059888,88.8628
TD-Clean-4,refit_on_3,42,B0005,118,96.27605729788222,88.81504
TD-Clean-4,refit_on_3,42,B0005,122,96.2762766313732,87.646706
TD-Clean-4,refit_on_3,42,B0005,126,95.99578118843372,84.048386
TD-Clean-4,refit_on_3,42,B0005,130,95.69403287907456,83.982216
TD-Clean-4,refit_on_3,42,B0005,134,95.98194451474556,87.94686
TD-Clean-4,refit_on_3,42,B0005,136,95.71321655496544,86.97455
TD-Clean-4,refit_on_3,42,B0005,140,95.11928805425076,88.814095
TD-Clean-4,refit_on_3,42,B0005,144,94.58275432725988,88.78225
TD-Clean-4,refit_on_3,42,B0005,148,94.27008009570102,88.783195
TD-Clean-4,refit_on_3,42,B0005,150,97.39411432859931,64.30886
TD-Clean-4,refit_on_3,42,B0005,154,96.82749231246368,78.2977
TD-Clean-4,refit_on_3,42,B0005,158,95.96820195991576,83.23218
TD-Clean-4,refit_on_3,42,B0005,162,95.40638930769452,85.66241
TD-Clean-4,refit_on_3,42,B0005,166,94.8553962680492,86.465454
TD-Clean-4,refit_on_3,42,B0005,170,94.5755674779542,86.24411
TD-Clean-4,refit_on_3,42,B0005,174,94.28806184403476,83.27355
TD-Clean-4,refit_on_3,42,B0005,178,93.73958753620327,85.4457
TD-Clean-4,refit_on_3,42,B0005,182,93.16861105469168,85.70798
TD-Clean-4,refit_on_3,42,B0005,186,92.88227598613614,86.31057
TD-Clean-4,refit_on_3,42,B0005,190,92.636901518198,84.010765
TD-Clean-4,refit_on_3,42,B0005,194,92.32720191735562,82.44557
TD-Clean-4,refit_on_3,42,B0005,198,92.01599848919145,83.74237
TD-Clean-4,refit_on_3,42,B0005,202,91.49053823956656,85.022835
TD-Clean-4,refit_on_3,42,B0005,206,90.92425521866993,85.33253
TD-Clean-4,refit_on_3,42,B0005,210,90.92941856192826,83.088646
TD-Clean-4,refit_on_3,42,B0005,214,90.34010561326173,84.83147
TD-Clean-4,refit_on_3,42,B0005,216,90.0847586044663,82.3421
TD-Clean-4,refit_on_3,42,B0005,220,89.80457989439137,83.62192
TD-Clean-4,refit_on_3,42,B0005,224,89.19640288815545,83.53346
TD-Clean-4,refit_on_3,42,B0005,228,88.93598251136243,83.54049
TD-Clean-4,refit_on_3,42,B0005,232,88.65781340235759,82.829216
TD-Clean-4,refit_on_3,42,B0005,236,88.38728178562198,83.24598
TD-Clean-4,refit_on_3,42,B0005,240,88.08171260170519,82.75669
TD-Clean-4,refit_on_3,42,B0005,244,87.49528010741024,82.23791
TD-Clean-4,refit_on_3,42,B0005,248,87.2366743602368,82.20702
TD-Clean-4,refit_on_3,42,B0005,252,86.96251727221627,82.44538
TD-Clean-4,refit_on_3,42,B0005,256,86.35734215456989,82.29556
TD-Clean-4,refit_on_3,42,B0005,260,86.10863457357058,82.610405
TD-Clean-4,refit_on_3,42,B0005,264,86.06270063126725,83.32729
TD-Clean-4,refit_on_3,42,B0005,266,86.63737677555004,79.86433
TD-Clean-4,refit_on_3,42,B0005,270,85.50813849993258,83.94357
TD-Clean-4,refit_on_3,42,B0005,274,84.97446653296429,84.727
TD-Clean-4,refit_on_3,42,B0005,278,84.69557819389517,83.41794
TD-Clean-4,refit_on_3,42,B0005,282,84.68013627936132,79.78234
TD-Clean-4,refit_on_3,42,B0005,286,84.41991821853574,79.26317
TD-Clean-4,refit_on_3,42,B0005,290,84.10414931140878,79.94566
TD-Clean-4,refit_on_3,42,B0005,294,83.52653061113354,81.85085
TD-Clean-4,refit_on_3,42,B0005,298,82.96602561057489,82.37081
TD-Clean-4,refit_on_3,42,B0005,302,82.99920327964658,79.7274
TD-Clean-4,refit_on_3,42,B0005,306,82.68003018050378,77.78222
TD-Clean-4,refit_on_3,42,B0005,310,82.39976893302816,77.76658
TD-Clean-4,refit_on_3,42,B0005,313,87.19626195760692,80.054184
TD-Clean-4,refit_on_3,42,B0005,316,84.91729656129593,76.21244
TD-Clean-4,refit_on_3,42,B0005,320,84.06165489885902,77.43853
TD-Clean-4,refit_on_3,42,B0005,324,83.2082752902044,77.79201
TD-Clean-4,refit_on_3,42,B0005,328,82.91381970838151,78.908775
TD-Clean-4,refit_on_3,42,B0005,332,82.37106085271179,78.92789
TD-Clean-4,refit_on_3,42,B0005,336,82.09631790141844,78.316376
TD-Clean-4,refit_on_3,42,B0005,340,81.80669701206385,77.9095
TD-Clean-4,refit_on_3,42,B0005,344,81.53418918115372,78.06579
TD-Clean-4,refit_on_3,42,B0005,348,80.95312575426658,77.25542
TD-Clean-4,refit_on_3,42,B0005,352,80.6829269258604,76.55522
TD-Clean-4,refit_on_3,42,B0005,356,80.38673535372676,76.61684
TD-Clean-4,refit_on_3,42,B0005,360,80.10415225005684,76.9499
TD-Clean-4,refit_on_3,42,B0005,364,80.68483906716317,76.46692
TD-Clean-4,refit_on_3,42,B0005,367,81.23806188586506,72.88131
TD-Clean-4,refit_on_3,42,B0005,371,80.40774500270479,74.41271
TD-Clean-4,refit_on_3,42,B0005,375,79.80793062432481,75.18009
TD-Clean-4,refit_on_3,42,B0005,379,78.94710440938543,76.37679
TD-Clean-4,refit_on_3,42,B0005,383,78.96040682717852,74.68403
TD-Clean-4,refit_on_3,42,B0005,387,79.00805769223405,73.68167
TD-Clean-4,refit_on_3,42,B0005,391,78.68325635434054,72.47259
TD-Clean-4,refit_on_3,42,B0005,395,78.12009683923326,73.87537
TD-Clean-4,refit_on_3,42,B0005,399,77.83635095586517,74.15814
TD-Clean-4,refit_on_3,42,B0005,403,77.83366081216815,72.98023
TD-Clean-4,refit_on_3,42,B0005,407,77.54418562704669,70.56518
TD-Clean-4,refit_on_3,42,B0005,411,77.26483532824366,71.942535
TD-Clean-4,refit_on_3,42,B0005,415,76.96665751739931,73.05047
TD-Clean-4,refit_on_3,42,B0005,419,76.69408123915822,73.742195
TD-Clean-4,refit_on_3,42,B0005,423,76.7032886034996,72.04995
TD-Clean-4,refit_on_3,42,B0005,427,76.43285089151239,69.651184
TD-Clean-4,refit_on_3,42,B0005,431,77.83345221466253,72.778435
TD-Clean-4,refit_on_3,42,B0005,433,78.09751233548145,70.83466
TD-Clean-4,refit_on_3,42,B0005,437,76.96262218385922,72.71895
TD-Clean-4,refit_on_3,42,B0005,441,76.3993634537507,73.82531
TD-Clean-4,refit_on_3,42,B0005,445,76.08562321685423,73.81194
TD-Clean-4,refit_on_3,42,B0005,449,75.84111192639295,73.51759
TD-Clean-4,refit_on_3,42,B0005,453,75.5470202599512,73.83936
TD-Clean-4,refit_on_3,42,B0005,457,75.2724773855306,73.86343
TD-Clean-4,refit_on_3,42,B0005,461,74.95796574493023,74.08342
TD-Clean-4,refit_on_3,42,B0005,465,74.67559060559861,74.565346
TD-Clean-4,refit_on_3,42,B0005,469,74.4190975749656,74.07258
TD-Clean-4,refit_on_3,42,B0005,473,74.41886702385212,73.78639
TD-Clean-4,refit_on_3,42,B0005,477,74.10538957595438,73.82214
TD-Clean-4,refit_on_3,42,B0005,481,74.68403981580354,69.17479
TD-Clean-4,refit_on_3,42,B0005,483,75.26611054535188,69.91954
TD-Clean-4,refit_on_3,42,B0005,485,74.38310747232698,71.28644
TD-Clean-4,refit_on_3,42,B0005,489,74.10795710900801,71.90001
TD-Clean-4,refit_on_3,42,B0005,493,73.53993654981534,72.79778
TD-Clean-4,refit_on_3,42,B0005,497,73.55729388669064,70.02599
TD-Clean-4,refit_on_3,42,B0005,501,73.56067241598603,69.44682
TD-Clean-4,refit_on_3,42,B0005,505,73.26805286034079,71.373085
TD-Clean-4,refit_on_3,42,B0005,509,72.98972077509227,73.13813
TD-Clean-4,refit_on_3,42,B0005,513,72.70747847813722,72.57723
TD-Clean-4,refit_on_3,42,B0005,517,72.70330518052887,70.17154
TD-Clean-4,refit_on_3,42,B0005,521,72.43680818215978,70.69015
TD-Clean-4,refit_on_3,42,B0005,525,72.14563728793834,72.45106
TD-Clean-4,refit_on_3,42,B0005,529,71.84842350914826,73.08659
TD-Clean-4,refit_on_3,42,B0005,533,71.57682808520298,72.44092
TD-Clean-4,refit_on_3,42,B0005,537,71.59297070565168,69.67779
TD-Clean-4,refit_on_3,42,B0005,541,71.58355486033668,71.69237
TD-Clean-4,refit_on_3,42,B0005,545,71.88651633814797,74.69958
TD-Clean-4,refit_on_3,42,B0005,548,73.85485752850198,71.95414
TD-Clean-4,refit_on_3,42,B0005,552,72.73676298693475,71.85833
TD-Clean-4,refit_on_3,42,B0005,556,72.16650080848474,72.535835
TD-Clean-4,refit_on_3,42,B0005,560,71.87574889700983,72.57888
TD-Clean-4,refit_on_3,42,B0005,564,71.60206343923741,72.564064
TD-Clean-4,refit_on_3,42,B0005,568,71.32194157026348,72.04901
TD-Clean-4,refit_on_3,42,B0005,572,71.30711389020412,72.576965
TD-Clean-4,refit_on_3,42,B0005,576,71.01356336148518,72.35669
TD-Clean-4,refit_on_3,42,B0005,580,70.75492745457169,71.86818
TD-Clean-4,refit_on_3,42,B0005,584,70.77254445771489,71.97111
TD-Clean-4,refit_on_3,42,B0005,588,70.77540542374062,72.10251
TD-Clean-4,refit_on_3,42,B0005,592,70.47550750397869,71.175674
TD-Clean-4,refit_on_3,42,B0005,596,70.48563041810954,71.95109
TD-Clean-4,refit_on_3,42,B0005,600,70.23531244180377,71.7461
TD-Clean-4,refit_on_3,42,B0005,604,69.93882142370093,70.81726
TD-Clean-4,refit_on_3,42,B0005,608,69.90890905512207,70.474724
TD-Clean-4,refit_on_3,42,B0005,612,71.07977535187085,69.071945
TD-Clean-4,refit_on_3,42,B0005,614,71.95205157786506,67.840836
TD-Clean-4,pre_refit,42,B0006,2,100.88297108833646,86.191666
TD-Clean-4,pre_refit,42,B0006,4,100.37753235288778,86.191666
TD-Clean-4,pre_refit,42,B0006,6,99.79196916000484,86.191666
TD-Clean-4,pre_refit,42,B0006,8,99.7899019818078,86.191666
TD-Clean-4,pre_refit,42,B0006,10,99.15762541696316,86.191666
TD-Clean-4,pre_refit,42,B0006,12,99.8203556776378,86.191666
TD-Clean-4,pre_refit,42,B0006,14,99.7808037027038,86.191666
TD-Clean-4,pre_refit,42,B0006,16,97.5844832820893,86.191666
TD-Clean-4,pre_refit,42,B0006,18,97.5535716293996,86.191666
TD-Clean-4,pre_refit,42,B0006,20,97.01155142541865,86.191666
TD-Clean-4,pre_refit,42,B0006,22,96.43502080876348,86.191666
TD-Clean-4,pre_refit,42,B0006,25,95.8972998236526,86.191666
TD-Clean-4,pre_refit,42,B0006,27,95.32875373854844,86.191666
TD-Clean-4,pre_refit,42,B0006,29,94.76419905980474,86.191666
TD-Clean-4,pre_refit,42,B0006,31,94.22773853976388,86.191666
TD-Clean-4,pre_refit,42,B0006,33,93.6395064953226,86.191666
TD-Clean-4,pre_refit,42,B0006,35,93.09821798643677,86.191666
TD-Clean-4,pre_refit,42,B0006,37,92.56743574756617,86.191666
TD-Clean-4,pre_refit,42,B0006,39,92.56840432582156,86.191666
TD-Clean-4,pre_refit,42,B0006,42,98.12161319843736,86.191666
TD-Clean-4,pre_refit,42,B0006,46,97.02736865587346,86.191666
TD-Clean-4,pre_refit,42,B0006,50,96.4457203456954,86.191666
TD-Clean-4,pre_refit,42,B0006,54,95.37664206593776,86.191666
TD-Clean-4,pre_refit,42,B0006,58,96.45395400781383,86.191666
TD-Clean-4,pre_refit,42,B0006,62,94.2446511737385,86.191666
TD-Clean-4,pre_refit,42,B0006,66,93.11783815158223,86.191666
TD-Clean-4,pre_refit,42,B0006,70,92.60393676951,86.191666
TD-Clean-4,pre_refit,42,B0006,74,91.99518419888014,86.191666
TD-Clean-4,pre_refit,42,B0006,78,91.45865458065036,86.191666
TD-Clean-4,pre_refit,42,B0006,82,92.05488530825814,86.191666
TD-Clean-4,pre_refit,42,B0006,86,95.40291074415664,86.191666
TD-Clean-4,pre_refit,42,B0006,90,93.2941701264468,86.191666
TD-Clean-4,pre_refit,42,B0006,94,91.95812296295944,86.191666
TD-Clean-4,pre_refit,42,B0006,98,91.16379285351326,86.191666
TD-Clean-4,pre_refit,42,B0006,102,90.13722315501992,86.191666
TD-Clean-4,pre_refit,42,B0006,106,89.88629167454431,85.746506
TD-Clean-4,pre_refit,42,B0006,110,89.07464504963947,85.88991
TD-Clean-4,pre_refit,42,B0006,114,88.27677498375004,85.793976
TD-Clean-4,pre_refit,42,B0006,118,87.78153478310176,85.683304
TD-Clean-4,pre_refit,42,B0006,122,87.25902301297472,85.43982
TD-Clean-4,pre_refit,42,B0006,126,86.75445063463465,85.12979
TD-Clean-4,pre_refit,42,B0006,130,86.21919662960373,84.87639
TD-Clean-4,pre_refit,42,B0006,134,86.97181002045869,84.95428
TD-Clean-4,pre_refit,42,B0006,136,87.53004089819298,85.18584
TD-Clean-4,pre_refit,42,B0006,140,85.93648557449694,85.34024
TD-Clean-4,pre_refit,42,B0006,144,84.92223069682748,85.31698
TD-Clean-4,pre_refit,42,B0006,148,84.38106569995976,85.123146
TD-Clean-4,pre_refit,42,B0006,150,90.39396636175364,84.45302
TD-Clean-4,pre_refit,42,B0006,154,89.62118442408695,84.98107
TD-Clean-4,pre_refit,42,B0006,158,88.01687540594799,84.981255
TD-Clean-4,pre_refit,42,B0006,162,86.47934133475826,84.88432
TD-Clean-4,pre_refit,42,B0006,166,85.7093899316892,85.01006
TD-Clean-4,pre_refit,42,B0006,170,84.66363361309608,84.89155
TD-Clean-4,pre_refit,42,B0006,174,84.14253773442293,84.51157
TD-Clean-4,pre_refit,42,B0006,178,83.37268440744252,84.66366
TD-Clean-4,pre_refit,42,B0006,182,82.84795096685752,84.5845
TD-Clean-4,pre_refit,42,B0006,186,82.31672078137474,84.41835
TD-Clean-4,pre_refit,42,B0006,190,81.8390002521071,84.167564
TD-Clean-4,pre_refit,42,B0006,194,81.29446683115198,84.158195
TD-Clean-4,pre_refit,42,B0006,198,80.75246648690656,84.247734
TD-Clean-4,pre_refit,42,B0006,202,79.7437886746144,84.675156
TD-Clean-4,pre_refit,42,B0006,206,79.47984426199564,84.41198
TD-Clean-4,pre_refit,42,B0006,210,79.25415788836384,84.12462
TD-Clean-4,pre_refit,42,B0006,214,78.69188922732394,84.570564
TD-Clean-4,pre_refit,42,B0006,216,78.46114405771091,84.51165
TD-Clean-4,pre_refit,42,B0006,220,77.67630372212932,84.64231
TD-Clean-4,pre_refit,42,B0006,224,77.38916838478035,84.62425
TD-Clean-4,pre_refit,42,B0006,228,76.88491527529958,84.815506
TD-Clean-4,pre_refit,42,B0006,232,76.3646225030132,84.63599
TD-Clean-4,pre_refit,42,B0006,236,75.60327887522882,84.83937
TD-Clean-4,pre_refit,42,B0006,240,75.84333345118733,84.860016
TD-Clean-4,pre_refit,42,B0006,244,75.57070473005419,84.81982
TD-Clean-4,pre_refit,42,B0006,248,75.06972493621848,85.22717
TD-Clean-4,pre_refit,42,B0006,252,74.81407516505371,85.08939
TD-Clean-4,pre_refit,42,B0006,256,74.54671414292675,84.99621
TD-Clean-4,pre_refit,42,B0006,260,74.02740213488109,85.44871
TD-Clean-4,pre_refit,42,B0006,264,73.73556466569462,85.145
TD-Clean-4,pre_refit,42,B0006,266,75.84980622026112,83.81662
TD-Clean-4,pre_refit,42,B0006,270,74.55060879561292,84.90116
TD-Clean-4,pre_refit,42,B0006,274,73.79142812679322,84.83286
TD-Clean-4,pre_refit,42,B0006,278,73.27190839787096,85.50477
TD-Clean-4,pre_refit,42,B0006,282,73.28093201847443,84.99059
TD-Clean-4,pre_refit,42,B0006,286,73.02095301621284,84.93733
TD-Clean-4,pre_refit,42,B0006,290,72.73851013234444,84.97293
TD-Clean-4,pre_refit,42,B0006,294,71.95104826590523,85.15666
TD-Clean-4,pre_refit,42,B0006,298,71.96564568462234,85.30944
TD-Clean-4,pre_refit,42,B0006,302,71.72895437691278,85.45515
TD-Clean-4,pre_refit,42,B0006,306,71.71434939609318,85.11993
TD-Clean-4,pre_refit,42,B0006,310,71.45761792874575,85.25133
TD-Clean-4,pre_refit,42,B0006,313,78.98726854374111,84.00037
TD-Clean-4,pre_refit,42,B0006,316,76.64794397240323,83.64558
TD-Clean-4,pre_refit,42,B0006,320,75.07747171565073,84.17545
TD-Clean-4,pre_refit,42,B0006,324,74.29795247472106,84.34679
TD-Clean-4,pre_refit,42,B0006,328,73.51146675367659,84.78994
TD-Clean-4,pre_refit,42,B0006,332,73.00864275760908,84.77076
TD-Clean-4,pre_refit,42,B0006,336,72.50277290138493,84.95133
TD-Clean-4,pre_refit,42,B0006,340,71.96131839956391,84.88028
TD-Clean-4,pre_refit,42,B0006,344,71.71500633205595,85.07202
TD-Clean-4,pre_refit,42,B0006,348,71.44305583769248,85.11519
TD-Clean-4,pre_refit,42,B0006,352,70.93898960214143,85.118904
TD-Clean-4,pre_refit,42,B0006,356,70.68194044477139,85.08323
TD-Clean-4,pre_refit,42,B0006,360,70.4074916889224,85.53931
TD-Clean-4,pre_refit,42,B0006,364,70.41804785222855,85.26254
TD-Clean-4,pre_refit,42,B0006,367,71.98210310103482,84.50447
TD-Clean-4,pre_refit,42,B0006,371,70.95618334594263,84.95559
TD-Clean-4,pre_refit,42,B0006,375,70.1362730902931,84.95944
TD-Clean-4,pre_refit,42,B0006,379,69.87433806657212,85.16432
TD-Clean-4,pre_refit,42,B0006,383,69.63573699649338,85.55997
TD-Clean-4,pre_refit,42,B0006,387,69.15232147064526,85.64323
TD-Clean-4,pre_refit,42,B0006,391,69.12109936452545,85.48426
TD-Clean-4,pre_refit,42,B0006,395,68.86250185726787,85.56959
TD-Clean-4,pre_refit,42,B0006,399,68.59092282212131,85.64308
TD-Clean-4,pre_refit,42,B0006,403,68.08750743669,85.5569
TD-Clean-4,pre_refit,42,B0006,407,68.33159705981836,85.48388
TD-Clean-4,pre_refit,42,B0006,411,68.09140360412486,85.60279
TD-Clean-4,pre_refit,42,B0006,415,67.81869443003508,85.70909
TD-Clean-4,pre_refit,42,B0006,419,67.5730638436144,85.81252
TD-Clean-4,pre_refit,42,B0006,423,67.31503513349786,85.90631
TD-Clean-4,pre_refit,42,B0006,427,67.07575548417674,85.60846
TD-Clean-4,pre_refit,42,B0006,431,68.60691404106846,85.70293
TD-Clean-4,pre_refit,42,B0006,433,69.64711039275872,84.920746
TD-Clean-4,pre_refit,42,B0006,437,68.33719964359061,85.44748
TD-Clean-4,pre_refit,42,B0006,441,67.81907707369999,85.920334
TD-Clean-4,pre_refit,42,B0006,445,67.27630029953899,85.815445
TD-Clean-4,pre_refit,42,B0006,449,67.03731096833596,86.14106
TD-Clean-4,pre_refit,42,B0006,453,66.78534122129697,86.03694
TD-Clean-4,pre_refit,42,B0006,457,66.26973868287087,86.13632
TD-Clean-4,pre_refit,42,B0006,461,65.98363462621751,86.191666
TD-Clean-4,pre_refit,42,B0006,465,65.72069252661954,86.191666
TD-Clean-4,pre_refit,42,B0006,469,65.50500064349335,86.191666
TD-Clean-4,pre_refit,42,B0006,473,65.48747074550045,86.191666
TD-Clean-4,pre_refit,42,B0006,477,65.2110653386093,86.191666
TD-Clean-4,pre_refit,42,B0006,481,65.47148558720653,86.191666
TD-Clean-4,pre_refit,42,B0006,483,66.78647932759047,86.09786
TD-Clean-4,pre_refit,42,B0006,485,65.72477818237311,86.191666
TD-Clean-4,pre_refit,42,B0006,489,64.93697426302657,86.191666
TD-Clean-4,pre_refit,42,B0006,493,64.69397950587184,86.191666
TD-Clean-4,pre_refit,42,B0006,497,64.45556804271465,86.191666
TD-Clean-4,pre_refit,42,B0006,501,64.44711910522597,86.191666
TD-Clean-4,pre_refit,42,B0006,505,63.9153253541329,86.191666
TD-Clean-4,pre_refit,42,B0006,509,63.40709756117343,86.191666
TD-Clean-4,pre_refit,42,B0006,513,63.40485519747241,86.191666
TD-Clean-4,pre_refit,42,B0006,517,63.14854807557744,86.191666
TD-Clean-4,pre_refit,42,B0006,521,63.15304028594434,86.191666
TD-Clean-4,pre_refit,42,B0006,525,62.63936845251047,86.191666
TD-Clean-4,pre_refit,42,B0006,529,62.36048327920517,86.191666
TD-Clean-4,pre_refit,42,B0006,533,62.11872624491582,86.191666
TD-Clean-4,pre_refit,42,B0006,537,62.11731201074328,86.191666
TD-Clean-4,pre_refit,42,B0006,541,61.86235410492132,86.191666
TD-Clean-4,pre_refit,42,B0006,545,62.12742822257309,86.191666
TD-Clean-4,pre_refit,42,B0006,548,63.93010610326108,86.191666
TD-Clean-4,pre_refit,42,B0006,552,62.62827859533666,86.191666
TD-Clean-4,pre_refit,42,B0006,556,61.85683618405182,86.191666
TD-Clean-4,pre_refit,42,B0006,560,61.07092794836815,86.191666
TD-Clean-4,pre_refit,42,B0006,564,60.82277612678393,86.191666
TD-Clean-4,pre_refit,42,B0006,568,60.55640953242813,86.191666
TD-Clean-4,pre_refit,42,B0006,572,60.02917505279337,86.191666
TD-Clean-4,pre_refit,42,B0006,576,59.75722270334661,86.191666
TD-Clean-4,pre_refit,42,B0006,580,59.52315601830062,86.191666
TD-Clean-4,pre_refit,42,B0006,584,59.01246912863032,86.191666
TD-Clean-4,pre_refit,42,B0006,588,58.74426171153606,86.191666
TD-Clean-4,pre_refit,42,B0006,592,58.47122551716232,86.191666
TD-Clean-4,pre_refit,42,B0006,596,58.2196597592319,86.191666
TD-Clean-4,pre_refit,42,B0006,600,57.18983519098029,86.191666
TD-Clean-4,pre_refit,42,B0006,604,57.71437056534329,86.191666
TD-Clean-4,pre_refit,42,B0006,608,57.43663099473362,86.191666
TD-Clean-4,pre_refit,42,B0006,612,58.23847489632371,86.191666
TD-Clean-4,pre_refit,42,B0006,614,58.76884540363096,86.191666
TD-Clean-4,refit_on_3,42,B0006,2,100.88297108833646,87.07999
TD-Clean-4,refit_on_3,42,B0006,4,100.37753235288778,87.07999
TD-Clean-4,refit_on_3,42,B0006,6,99.79196916000484,87.07999
TD-Clean-4,refit_on_3,42,B0006,8,99.7899019818078,87.07999
TD-Clean-4,refit_on_3,42,B0006,10,99.15762541696316,87.07999
TD-Clean-4,refit_on_3,42,B0006,12,99.8203556776378,87.07999
TD-Clean-4,refit_on_3,42,B0006,14,99.7808037027038,87.07999
TD-Clean-4,refit_on_3,42,B0006,16,97.5844832820893,87.07999
TD-Clean-4,refit_on_3,42,B0006,18,97.5535716293996,87.07999
TD-Clean-4,refit_on_3,42,B0006,20,97.01155142541865,87.07999
TD-Clean-4,refit_on_3,42,B0006,22,96.43502080876348,87.07999
TD-Clean-4,refit_on_3,42,B0006,25,95.8972998236526,87.07999
TD-Clean-4,refit_on_3,42,B0006,27,95.32875373854844,87.07999
TD-Clean-4,refit_on_3,42,B0006,29,94.76419905980474,87.07999
TD-Clean-4,refit_on_3,42,B0006,31,94.22773853976388,87.07999
TD-Clean-4,refit_on_3,42,B0006,33,93.6395064953226,87.07999
TD-Clean-4,refit_on_3,42,B0006,35,93.09821798643677,87.07999
TD-Clean-4,refit_on_3,42,B0006,37,92.56743574756617,87.07999
TD-Clean-4,refit_on_3,42,B0006,39,92.56840432582156,87.07999
TD-Clean-4,refit_on_3,42,B0006,42,98.12161319843736,87.07999
TD-Clean-4,refit_on_3,42,B0006,46,97.02736865587346,87.07999
TD-Clean-4,refit_on_3,42,B0006,50,96.4457203456954,87.07999
TD-Clean-4,refit_on_3,42,B0006,54,95.37664206593776,87.07999
TD-Clean-4,refit_on_3,42,B0006,58,96.45395400781383,87.07999
TD-Clean-4,refit_on_3,42,B0006,62,94.2446511737385,87.07999
TD-Clean-4,refit_on_3,42,B0006,66,93.11783815158223,87.07999
TD-Clean-4,refit_on_3,42,B0006,70,92.60393676951,87.07999
TD-Clean-4,refit_on_3,42,B0006,74,91.99518419888014,87.07999
TD-Clean-4,refit_on_3,42,B0006,78,91.45865458065036,87.07999
TD-Clean-4,refit_on_3,42,B0006,82,92.05488530825814,87.07999
TD-Clean-4,refit_on_3,42,B0006,86,95.40291074415664,87.07999
TD-Clean-4,refit_on_3,42,B0006,90,93.2941701264468,87.07999
TD-Clean-4,refit_on_3,42,B0006,94,91.95812296295944,87.07999
TD-Clean-4,refit_on_3,42,B0006,98,91.16379285351326,87.07999
TD-Clean-4,refit_on_3,42,B0006,102,90.13722315501992,87.07999
TD-Clean-4,refit_on_3,42,B0006,106,89.88629167454431,86.22157
TD-Clean-4,refit_on_3,42,B0006,110,89.07464504963947,86.668625
TD-Clean-4,refit_on_3,42,B0006,114,88.27677498375004,86.659065
TD-Clean-4,refit_on_3,42,B0006,118,87.78153478310176,86.65712
TD-Clean-4,refit_on_3,42,B0006,122,87.25902301297472,86.07506
TD-Clean-4,refit_on_3,42,B0006,126,86.75445063463465,85.04276
TD-Clean-4,refit_on_3,42,B0006,130,86.21919662960373,84.55692
TD-Clean-4,refit_on_3,42,B0006,134,86.97181002045869,85.01821
TD-Clean-4,refit_on_3,42,B0006,136,87.53004089819298,85.406685
TD-Clean-4,refit_on_3,42,B0006,140,85.93648557449694,85.87739
TD-Clean-4,refit_on_3,42,B0006,144,84.92223069682748,85.84966
TD-Clean-4,refit_on_3,42,B0006,148,84.38106569995976,85.54907
TD-Clean-4,refit_on_3,42,B0006,150,90.39396636175364,82.09001
TD-Clean-4,refit_on_3,42,B0006,154,89.62118442408695,83.67478
TD-Clean-4,refit_on_3,42,B0006,158,88.01687540594799,84.3552
TD-Clean-4,refit_on_3,42,B0006,162,86.47934133475826,84.493385
TD-Clean-4,refit_on_3,42,B0006,166,85.7093899316892,84.85766
TD-Clean-4,refit_on_3,42,B0006,170,84.66363361309608,84.570694
TD-Clean-4,refit_on_3,42,B0006,174,84.14253773442293,83.70807
TD-Clean-4,refit_on_3,42,B0006,178,83.37268440744252,84.07383
TD-Clean-4,refit_on_3,42,B0006,182,82.84795096685752,84.016205
TD-Clean-4,refit_on_3,42,B0006,186,82.31672078137474,83.859764
TD-Clean-4,refit_on_3,42,B0006,190,81.8390002521071,83.27428
TD-Clean-4,refit_on_3,42,B0006,194,81.29446683115198,82.926216
TD-Clean-4,refit_on_3,42,B0006,198,80.75246648690656,83.10803
TD-Clean-4,refit_on_3,42,B0006,202,79.7437886746144,83.70873
TD-Clean-4,refit_on_3,42,B0006,206,79.47984426199564,83.51645
TD-Clean-4,refit_on_3,42,B0006,210,79.25415788836384,82.80912
TD-Clean-4,refit_on_3,42,B0006,214,78.69188922732394,83.767235
TD-Clean-4,refit_on_3,42,B0006,216,78.46114405771091,83.45659
TD-Clean-4,refit_on_3,42,B0006,220,77.67630372212932,83.69219
TD-Clean-4,refit_on_3,42,B0006,224,77.38916838478035,83.75716
TD-Clean-4,refit_on_3,42,B0006,228,76.88491527529958,83.9382
TD-Clean-4,refit_on_3,42,B0006,232,76.3646225030132,83.59159
TD-Clean-4,refit_on_3,42,B0006,236,75.60327887522882,83.79562
TD-Clean-4,refit_on_3,42,B0006,240,75.84333345118733,83.80818
TD-Clean-4,refit_on_3,42,B0006,244,75.57070473005419,83.73053
TD-Clean-4,refit_on_3,42,B0006,248,75.06972493621848,84.20247
TD-Clean-4,refit_on_3,42,B0006,252,74.81407516505371,84.00399
TD-Clean-4,refit_on_3,42,B0006,256,74.54671414292675,83.91066
TD-Clean-4,refit_on_3,42,B0006,260,74.02740213488109,84.49817
TD-Clean-4,refit_on_3,42,B0006,264,73.73556466569462,83.98599
TD-Clean-4,refit_on_3,42,B0006,266,75.84980622026112,81.812706
TD-Clean-4,refit_on_3,42,B0006,270,74.55060879561292,83.64227
TD-Clean-4,refit_on_3,42,B0006,274,73.79142812679322,83.721985
TD-Clean-4,refit_on_3,42,B0006,278,73.27190839787096,84.406746
TD-Clean-4,refit_on_3,42,B0006,282,73.28093201847443,83.23625
TD-Clean-4,refit_on_3,42,B0006,286,73.02095301621284,82.916245
TD-Clean-4,refit_on_3,42,B0006,290,72.73851013234444,83.02476
TD-Clean-4,refit_on_3,42,B0006,294,71.95104826590523,83.49307
TD-Clean-4,refit_on_3,42,B0006,298,71.96564568462234,83.88708
TD-Clean-4,refit_on_3,42,B0006,302,71.72895437691278,83.74652
TD-Clean-4,refit_on_3,42,B0006,306,71.71434939609318,82.99722
TD-Clean-4,refit_on_3,42,B0006,310,71.45761792874575,83.11502
TD-Clean-4,refit_on_3,42,B0006,313,78.98726854374111,81.99596
TD-Clean-4,refit_on_3,42,B0006,316,76.64794397240323,81.39796
TD-Clean-4,refit_on_3,42,B0006,320,75.07747171565073,82.00091
TD-Clean-4,refit_on_3,42,B0006,324,74.29795247472106,82.3596
TD-Clean-4,refit_on_3,42,B0006,328,73.51146675367659,83.04206
TD-Clean-4,refit_on_3,42,B0006,332,73.00864275760908,83.05004
TD-Clean-4,refit_on_3,42,B0006,336,72.50277290138493,83.17774
TD-Clean-4,refit_on_3,42,B0006,340,71.96131839956391,83.01218
TD-Clean-4,refit_on_3,42,B0006,344,71.71500633205595,83.21026
TD-Clean-4,refit_on_3,42,B0006,348,71.44305583769248,83.2358
TD-Clean-4,refit_on_3,42,B0006,352,70.93898960214143,83.15729
TD-Clean-4,refit_on_3,42,B0006,356,70.68194044477139,83.088684
TD-Clean-4,refit_on_3,42,B0006,360,70.4074916889224,83.66806
TD-Clean-4,refit_on_3,42,B0006,364,70.41804785222855,82.94206
TD-Clean-4,refit_on_3,42,B0006,367,71.98210310103482,81.66327
TD-Clean-4,refit_on_3,42,B0006,371,70.95618334594263,82.3199
TD-Clean-4,refit_on_3,42,B0006,375,70.1362730902931,82.42859
TD-Clean-4,refit_on_3,42,B0006,379,69.87433806657212,82.88466
TD-Clean-4,refit_on_3,42,B0006,383,69.63573699649338,83.30201
TD-Clean-4,refit_on_3,42,B0006,387,69.15232147064526,83.20715
TD-Clean-4,refit_on_3,42,B0006,391,69.12109936452545,82.75482
TD-Clean-4,refit_on_3,42,B0006,395,68.86250185726787,83.07548
TD-Clean-4,refit_on_3,42,B0006,399,68.59092282212131,83.33889
TD-Clean-4,refit_on_3,42,B0006,403,68.08750743669,82.95527
TD-Clean-4,refit_on_3,42,B0006,407,68.33159705981836,82.576866
TD-Clean-4,refit_on_3,42,B0006,411,68.09140360412486,82.93699
TD-Clean-4,refit_on_3,42,B0006,415,67.81869443003508,83.30491
TD-Clean-4,refit_on_3,42,B0006,419,67.5730638436144,83.64605
TD-Clean-4,refit_on_3,42,B0006,423,67.31503513349786,83.64983
TD-Clean-4,refit_on_3,42,B0006,427,67.07575548417674,82.72193
TD-Clean-4,refit_on_3,42,B0006,431,68.60691404106846,83.143326
TD-Clean-4,refit_on_3,42,B0006,433,69.64711039275872,81.816284
TD-Clean-4,refit_on_3,42,B0006,437,68.33719964359061,82.73078
TD-Clean-4,refit_on_3,42,B0006,441,67.81907707369999,83.88737
TD-Clean-4,refit_on_3,42,B0006,445,67.27630029953899,83.69571
TD-Clean-4,refit_on_3,42,B0006,449,67.03731096833596,84.387405
TD-Clean-4,refit_on_3,42,B0006,453,66.78534122129697,84.175186
TD-Clean-4,refit_on_3,42,B0006,457,66.26973868287087,84.3928
TD-Clean-4,refit_on_3,42,B0006,461,65.98363462621751,84.82369
TD-Clean-4,refit_on_3,42,B0006,465,65.72069252661954,85.45174
TD-Clean-4,refit_on_3,42,B0006,469,65.50500064349335,84.877
TD-Clean-4,refit_on_3,42,B0006,473,65.48747074550045,85.262596
TD-Clean-4,refit_on_3,42,B0006,477,65.2110653386093,85.711464
TD-Clean-4,refit_on_3,42,B0006,481,65.47148558720653,85.071266
TD-Clean-4,refit_on_3,42,B0006,483,66.78647932759047,84.29998
TD-Clean-4,refit_on_3,42,B0006,485,65.72477818237311,85.77846
TD-Clean-4,refit_on_3,42,B0006,489,64.93697426302657,86.1226
TD-Clean-4,refit_on_3,42,B0006,493,64.69397950587184,87.05542
TD-Clean-4,refit_on_3,42,B0006,497,64.45556804271465,86.01814
TD-Clean-4,refit_on_3,42,B0006,501,64.44711910522597,86.094284
TD-Clean-4,refit_on_3,42,B0006,505,63.9153253541329,86.44137
TD-Clean-4,refit_on_3,42,B0006,509,63.40709756117343,87.07999
TD-Clean-4,refit_on_3,42,B0006,513,63.40485519747241,87.07999
TD-Clean-4,refit_on_3,42,B0006,517,63.14854807557744,87.07999
TD-Clean-4,refit_on_3,42,B0006,521,63.15304028594434,87.07999
TD-Clean-4,refit_on_3,42,B0006,525,62.63936845251047,87.07999
TD-Clean-4,refit_on_3,42,B0006,529,62.36048327920517,87.07999
TD-Clean-4,refit_on_3,42,B0006,533,62.11872624491582,87.07999
TD-Clean-4,refit_on_3,42,B0006,537,62.11731201074328,87.07999
TD-Clean-4,refit_on_3,42,B0006,541,61.86235410492132,87.07999
TD-Clean-4,refit_on_3,42,B0006,545,62.12742822257309,87.07999
TD-Clean-4,refit_on_3,42,B0006,548,63.93010610326108,86.276924
TD-Clean-4,refit_on_3,42,B0006,552,62.62827859533666,86.962906
TD-Clean-4,refit_on_3,42,B0006,556,61.85683618405182,87.07999
TD-Clean-4,refit_on_3,42,B0006,560,61.07092794836815,87.07999
TD-Clean-4,refit_on_3,42,B0006,564,60.82277612678393,87.07999
TD-Clean-4,refit_on_3,42,B0006,568,60.55640953242813,87.07999
TD-Clean-4,refit_on_3,42,B0006,572,60.02917505279337,87.07999
TD-Clean-4,refit_on_3,42,B0006,576,59.75722270334661,87.07999
TD-Clean-4,refit_on_3,42,B0006,580,59.52315601830062,87.07999
TD-Clean-4,refit_on_3,42,B0006,584,59.01246912863032,87.07999
TD-Clean-4,refit_on_3,42,B0006,588,58.74426171153606,87.07999
TD-Clean-4,refit_on_3,42,B0006,592,58.47122551716232,87.07999
TD-Clean-4,refit_on_3,42,B0006,596,58.2196597592319,87.07999
TD-Clean-4,refit_on_3,42,B0006,600,57.18983519098029,87.07999
TD-Clean-4,refit_on_3,42,B0006,604,57.71437056534329,87.07999
TD-Clean-4,refit_on_3,42,B0006,608,57.43663099473362,87.07999
TD-Clean-4,refit_on_3,42,B0006,612,58.23847489632371,87.07999
TD-Clean-4,refit_on_3,42,B0006,614,58.76884540363096,87.07999
TD-Clean-4,pre_refit,42,B0007,2,100.45351791563915,82.536736
TD-Clean-4,pre_refit,42,B0007,4,99.900254379013,86.465
TD-Clean-4,pre_refit,42,B0007,6,99.90161660017114,86.465
TD-Clean-4,pre_refit,42,B0007,8,99.9073657865712,86.465
TD-Clean-4,pre_refit,42,B0007,10,99.83724531860553,86.465
TD-Clean-4,pre_refit,42,B0007,12,99.90361817867274,86.465
TD-Clean-4,pre_refit,42,B0007,14,99.86297576917136,86.465
TD-Clean-4,pre_refit,42,B0007,16,99.94656396119812,86.465
TD-Clean-4,pre_refit,42,B0007,18,99.31878532934633,86.465
TD-Clean-4,pre_refit,42,B0007,20,99.33799331164263,86.465
TD-Clean-4,pre_refit,42,B0007,22,99.33756087304828,86.465
TD-Clean-4,pre_refit,42,B0007,25,98.78551523188162,86.465
TD-Clean-4,pre_refit,42,B0007,27,98.75485184986668,86.465
TD-Clean-4,pre_refit,42,B0007,29,98.75133536665352,86.465
TD-Clean-4,pre_refit,42,B0007,31,98.77012942519043,86.465
TD-Clean-4,pre_refit,42,B0007,33,98.73683812511632,86.465
TD-Clean-4,pre_refit,42,B0007,35,98.15685575226132,86.465
TD-Clean-4,pre_refit,42,B0007,37,98.19446503474695,86.465
TD-Clean-4,pre_refit,42,B0007,39,98.186691403046,86.465
TD-Clean-4,pre_refit,42,B0007,42,99.90787801510066,86.465
TD-Clean-4,pre_refit,42,B0007,46,99.94461695603135,86.24529
TD-Clean-4,pre_refit,42,B0007,50,99.92460497901308,86.465
TD-Clean-4,pre_refit,42,B0007,54,99.38880751306714,86.465
TD-Clean-4,pre_refit,42,B0007,58,99.34580918956073,86.465
TD-Clean-4,pre_refit,42,B0007,62,99.37088315432128,86.465
TD-Clean-4,pre_refit,42,B0007,66,98.78342046080256,86.465
TD-Clean-4,pre_refit,42,B0007,70,98.8058078187501,86.465
TD-Clean-4,pre_refit,42,B0007,74,98.75966747373796,86.465
TD-Clean-4,pre_refit,42,B0007,78,98.1739885027512,86.465
TD-Clean-4,pre_refit,42,B0007,82,98.23039625446908,86.465
TD-Clean-4,pre_refit,42,B0007,86,100.05062324611636,80.84391
TD-Clean-4,pre_refit,42,B0007,90,98.95386520139344,83.58632
TD-Clean-4,pre_refit,42,B0007,94,98.38356039411237,85.61676
TD-Clean-4,pre_refit,42,B0007,98,98.11080955264678,86.465
TD-Clean-4,pre_refit,42,B0007,102,97.57312273601715,86.465
TD-Clean-4,pre_refit,42,B0007,106,97.5908400366413,84.41506
TD-Clean-4,pre_refit,42,B0007,110,97.29922460125108,86.465
TD-Clean-4,pre_refit,42,B0007,114,96.74012336609094,86.465
TD-Clean-4,pre_refit,42,B0007,118,96.49359124138364,86.465
TD-Clean-4,pre_refit,42,B0007,122,96.22137391342224,86.465
TD-Clean-4,pre_refit,42,B0007,126,96.233276781278,84.25683
TD-Clean-4,pre_refit,42,B0007,130,95.93841918044076,83.934105
TD-Clean-4,pre_refit,42,B0007,134,96.31819241353496,86.465
TD-Clean-4,pre_refit,42,B0007,136,95.94953719543624,86.465
TD-Clean-4,pre_refit,42,B0007,140,95.3953227427902,86.465
TD-Clean-4,pre_refit,42,B0007,144,94.86699939598208,86.465
TD-Clean-4,pre_refit,42,B0007,148,94.57173479963342,86.465
TD-Clean-4,pre_refit,42,B0007,150,96.41760769059738,67.88886
TD-Clean-4,pre_refit,42,B0007,154,96.45090493439226,79.03079
TD-Clean-4,pre_refit,42,B0007,158,95.6297003383392,83.14678
TD-Clean-4,pre_refit,42,B0007,162,95.10935396520227,84.66744
TD-Clean-4,pre_refit,42,B0007,166,94.57259385530976,85.66981
TD-Clean-4,pre_refit,42,B0007,170,94.30623404626093,85.31233
TD-Clean-4,pre_refit,42,B0007,174,94.0371367595855,83.41932
TD-Clean-4,pre_refit,42,B0007,178,93.49626919937222,85.01586
TD-Clean-4,pre_refit,42,B0007,182,92.9420388383138,85.86575
TD-Clean-4,pre_refit,42,B0007,186,92.94217065781828,86.29813
TD-Clean-4,pre_refit,42,B0007,190,92.69668329388116,84.68314
TD-Clean-4,pre_refit,42,B0007,194,92.41073633514534,83.3056
TD-Clean-4,pre_refit,42,B0007,198,91.82208130681248,84.85296
TD-Clean-4,pre_refit,42,B0007,202,91.5743327473832,85.510574
TD-Clean-4,pre_refit,42,B0007,206,91.04730118386937,86.465
TD-Clean-4,pre_refit,42,B0007,210,91.04684020750553,83.88072
TD-Clean-4,pre_refit,42,B0007,214,90.49873919973382,86.09558
TD-Clean-4,pre_refit,42,B0007,216,90.51794914609178,84.20827
TD-Clean-4,pre_refit,42,B0007,220,89.96325858213598,84.71777
TD-Clean-4,pre_refit,42,B0007,224,89.64911074691454,85.199135
TD-Clean-4,pre_refit,42,B0007,228,89.4056438247883,85.13032
TD-Clean-4,pre_refit,42,B0007,232,89.13221056506995,84.62927
TD-Clean-4,pre_refit,42,B0007,236,88.88142970948275,84.99214
TD-Clean-4,pre_refit,42,B0007,240,88.57496163215028,84.81344
TD-Clean-4,pre_refit,42,B0007,244,88.30030467403411,84.760704
TD-Clean-4,pre_refit,42,B0007,248,88.04309784572763,84.871796
TD-Clean-4,pre_refit,42,B0007,252,87.7835715053401,85.103134
TD-Clean-4,pre_refit,42,B0007,256,87.5009058762453,85.39753
TD-Clean-4,pre_refit,42,B0007,260,86.92700430940862,85.736824
TD-Clean-4,pre_refit,42,B0007,264,86.91859800690037,86.4402
TD-Clean-4,pre_refit,42,B0007,266,87.17696241036246,83.72408
TD-Clean-4,pre_refit,42,B0007,270,86.66971006432802,86.465
TD-Clean-4,pre_refit,42,B0007,274,86.11955257111292,86.465
TD-Clean-4,pre_refit,42,B0007,278,85.86532022039283,86.465
TD-Clean-4,pre_refit,42,B0007,282,85.83324550155743,83.91991
TD-Clean-4,pre_refit,42,B0007,286,85.88108948972226,83.349365
TD-Clean-4,pre_refit,42,B0007,290,85.56987844007078,83.7668
TD-Clean-4,pre_refit,42,B0007,294,85.027771191142,86.37112
TD-Clean-4,pre_refit,42,B0007,298,84.77582688520748,86.465
TD-Clean-4,pre_refit,42,B0007,302,84.79178974791847,84.16102
TD-Clean-4,pre_refit,42,B0007,306,84.76993385106519,83.143845
TD-Clean-4,pre_refit,42,B0007,310,84.49605927424464,83.902245
TD-Clean-4,pre_refit,42,B0007,313,89.71090998622898,84.78893
TD-Clean-4,pre_refit,42,B0007,316,86.37349719367897,81.54755
TD-Clean-4,pre_refit,42,B0007,320,85.82898928627563,83.104675
TD-Clean-4,pre_refit,42,B0007,324,85.2934976107533,83.97992
TD-Clean-4,pre_refit,42,B0007,328,84.72574724857897,84.34221
TD-Clean-4,pre_refit,42,B0007,332,84.48328177752624,84.91732
TD-Clean-4,pre_refit,42,B0007,336,84.21457006738538,84.47255
TD-Clean-4,pre_refit,42,B0007,340,83.9288888229777,84.120125
TD-Clean-4,pre_refit,42,B0007,344,83.67629222648154,84.24839
TD-Clean-4,pre_refit,42,B0007,348,83.38837618926404,84.15681
TD-Clean-4,pre_refit,42,B0007,352,83.41270816038221,83.53712
TD-Clean-4,pre_refit,42,B0007,356,83.14675201444969,84.34803
TD-Clean-4,pre_refit,42,B0007,360,82.8484308280049,84.53877
TD-Clean-4,pre_refit,42,B0007,364,83.13252526962864,83.792694
TD-Clean-4,pre_refit,42,B0007,367,83.66359396289195,80.30358
TD-Clean-4,pre_refit,42,B0007,371,83.14841165448959,82.19096
TD-Clean-4,pre_refit,42,B0007,375,82.85488835556158,82.536804
TD-Clean-4,pre_refit,42,B0007,379,82.33123711829187,84.57712
TD-Clean-4,pre_refit,42,B0007,383,82.01142381939957,82.65462
TD-Clean-4,pre_refit,42,B0007,387,82.07206587982726,81.9571
TD-Clean-4,pre_refit,42,B0007,391,82.0495038543302,80.85068
TD-Clean-4,pre_refit,42,B0007,395,81.5031419618624,82.66373
TD-Clean-4,pre_refit,42,B0007,399,81.20841503507037,82.88701
TD-Clean-4,pre_refit,42,B0007,403,81.21721340553746,82.02108
TD-Clean-4,pre_refit,42,B0007,407,81.22601148878292,80.694534
TD-Clean-4,pre_refit,42,B0007,411,80.95054391771832,81.800255
TD-Clean-4,pre_refit,42,B0007,415,80.67227833994721,82.73548
TD-Clean-4,pre_refit,42,B0007,419,80.40565013650571,83.36924
TD-Clean-4,pre_refit,42,B0007,423,80.40335490244634,81.89101
TD-Clean-4,pre_refit,42,B0007,427,80.42152437300291,80.43976
TD-Clean-4,pre_refit,42,B0007,431,81.48461605871495,83.38303
TD-Clean-4,pre_refit,42,B0007,433,81.75963969607048,81.22519
TD-Clean-4,pre_refit,42,B0007,437,80.93560989493338,83.99252
TD-Clean-4,pre_refit,42,B0007,441,80.40209515327608,84.90468
TD-Clean-4,pre_refit,42,B0007,445,80.09419697809993,84.98722
TD-Clean-4,pre_refit,42,B0007,449,79.85042691616567,84.735855
TD-Clean-4,pre_refit,42,B0007,453,79.56495728605914,85.167206
TD-Clean-4,pre_refit,42,B0007,457,79.30076147796538,85.12066
TD-Clean-4,pre_refit,42,B0007,461,79.2776995197187,85.34039
TD-Clean-4,pre_refit,42,B0007,465,79.01573008127421,86.465
TD-Clean-4,pre_refit,42,B0007,469,78.7529099419952,86.20354
TD-Clean-4,pre_refit,42,B0007,473,78.76631135529045,85.41258
TD-Clean-4,pre_refit,42,B0007,477,78.45734950325969,86.19393
TD-Clean-4,pre_refit,42,B0007,481,78.71925319505982,83.350266
TD-Clean-4,pre_refit,42,B0007,483,79.58166685963718,83.036995
TD-Clean-4,pre_refit,42,B0007,485,78.72860058663869,85.06184
TD-Clean-4,pre_refit,42,B0007,489,78.46501751785956,85.94437
TD-Clean-4,pre_refit,42,B0007,493,78.19738333514631,86.465
TD-Clean-4,pre_refit,42,B0007,497,78.20645287101384,84.13176
TD-Clean-4,pre_refit,42,B0007,501,77.92824275772597,83.584526
TD-Clean-4,pre_refit,42,B0007,505,77.6497101362114,85.27687
TD-Clean-4,pre_refit,42,B0007,509,77.38028422735451,86.465
TD-Clean-4,pre_refit,42,B0007,513,77.09660547904922,86.465
TD-Clean-4,pre_refit,42,B0007,517,77.11046744203753,84.71256
TD-Clean-4,pre_refit,42,B0007,521,76.85550035450103,84.99337
TD-Clean-4,pre_refit,42,B0007,525,76.85236240084764,86.465
TD-Clean-4,pre_refit,42,B0007,529,76.56671722215358,86.465
TD-Clean-4,pre_refit,42,B0007,533,76.29399038621672,86.465
TD-Clean-4,pre_refit,42,B0007,537,76.32425788720361,85.56074
TD-Clean-4,pre_refit,42,B0007,541,76.29658741049414,86.465
TD-Clean-4,pre_refit,42,B0007,545,76.59209728582513,86.465
TD-Clean-4,pre_refit,42,B0007,548,77.93863743061358,85.001015
TD-Clean-4,pre_refit,42,B0007,552,77.12364718084329,86.42546
TD-Clean-4,pre_refit,42,B0007,556,76.8725967441492,86.465
TD-Clean-4,pre_refit,42,B0007,560,76.58854113704766,86.465
TD-Clean-4,pre_refit,42,B0007,564,76.04885672654179,86.465
TD-Clean-4,pre_refit,42,B0007,568,76.05828438472663,86.465
TD-Clean-4,pre_refit,42,B0007,572,75.76335089505734,86.465
TD-Clean-4,pre_refit,42,B0007,576,75.75439980355237,86.465
TD-Clean-4,pre_refit,42,B0007,580,75.49812548326929,86.465
TD-Clean-4,pre_refit,42,B0007,584,75.23591897923467,86.465
TD-Clean-4,pre_refit,42,B0007,588,75.24924732301496,86.465
TD-Clean-4,pre_refit,42,B0007,592,74.94444174506414,86.19885
TD-Clean-4,pre_refit,42,B0007,596,74.95266425125988,86.465
TD-Clean-4,pre_refit,42,B0007,600,74.69643604452878,86.465
TD-Clean-4,pre_refit,42,B0007,604,74.7051700493532,86.465
TD-Clean-4,pre_refit,42,B0007,608,74.39278959915883,85.73908
TD-Clean-4,pre_refit,42,B0007,612,75.52591562947222,85.37825
TD-Clean-4,pre_refit,42,B0007,614,76.09264518290325,83.40334
TD-Clean-4,refit_on_3,42,B0007,2,100.45351791563915,88.560326
TD-Clean-4,refit_on_3,42,B0007,4,99.900254379013,88.560326
TD-Clean-4,refit_on_3,42,B0007,6,99.90161660017114,88.560326
TD-Clean-4,refit_on_3,42,B0007,8,99.9073657865712,88.560326
TD-Clean-4,refit_on_3,42,B0007,10,99.83724531860553,88.560326
TD-Clean-4,refit_on_3,42,B0007,12,99.90361817867274,88.560326
TD-Clean-4,refit_on_3,42,B0007,14,99.86297576917136,88.560326
TD-Clean-4,refit_on_3,42,B0007,16,99.94656396119812,88.560326
TD-Clean-4,refit_on_3,42,B0007,18,99.31878532934633,88.560326
TD-Clean-4,refit_on_3,42,B0007,20,99.33799331164263,88.560326
TD-Clean-4,refit_on_3,42,B0007,22,99.33756087304828,88.560326
TD-Clean-4,refit_on_3,42,B0007,25,98.78551523188162,88.560326
TD-Clean-4,refit_on_3,42,B0007,27,98.75485184986668,88.560326
TD-Clean-4,refit_on_3,42,B0007,29,98.75133536665352,88.560326
TD-Clean-4,refit_on_3,42,B0007,31,98.77012942519043,88.560326
TD-Clean-4,refit_on_3,42,B0007,33,98.73683812511632,88.560326
TD-Clean-4,refit_on_3,42,B0007,35,98.15685575226132,88.560326
TD-Clean-4,refit_on_3,42,B0007,37,98.19446503474695,88.560326
TD-Clean-4,refit_on_3,42,B0007,39,98.186691403046,88.560326
TD-Clean-4,refit_on_3,42,B0007,42,99.90787801510066,88.560326
TD-Clean-4,refit_on_3,42,B0007,46,99.94461695603135,88.560326
TD-Clean-4,refit_on_3,42,B0007,50,99.92460497901308,88.560326
TD-Clean-4,refit_on_3,42,B0007,54,99.38880751306714,88.560326
TD-Clean-4,refit_on_3,42,B0007,58,99.34580918956073,88.560326
TD-Clean-4,refit_on_3,42,B0007,62,99.37088315432128,88.560326
TD-Clean-4,refit_on_3,42,B0007,66,98.78342046080256,88.560326
TD-Clean-4,refit_on_3,42,B0007,70,98.8058078187501,88.560326
TD-Clean-4,refit_on_3,42,B0007,74,98.75966747373796,88.560326
TD-Clean-4,refit_on_3,42,B0007,78,98.1739885027512,88.560326
TD-Clean-4,refit_on_3,42,B0007,82,98.23039625446908,88.560326
TD-Clean-4,refit_on_3,42,B0007,86,100.05062324611636,85.12922
TD-Clean-4,refit_on_3,42,B0007,90,98.95386520139344,88.560326
TD-Clean-4,refit_on_3,42,B0007,94,98.38356039411237,88.560326
TD-Clean-4,refit_on_3,42,B0007,98,98.11080955264678,88.560326
TD-Clean-4,refit_on_3,42,B0007,102,97.57312273601715,88.560326
TD-Clean-4,refit_on_3,42,B0007,106,97.5908400366413,88.560326
TD-Clean-4,refit_on_3,42,B0007,110,97.29922460125108,88.560326
TD-Clean-4,refit_on_3,42,B0007,114,96.74012336609094,88.560326
TD-Clean-4,refit_on_3,42,B0007,118,96.49359124138364,88.560326
TD-Clean-4,refit_on_3,42,B0007,122,96.22137391342224,88.560326
TD-Clean-4,refit_on_3,42,B0007,126,96.233276781278,88.560326
TD-Clean-4,refit_on_3,42,B0007,130,95.93841918044076,88.560326
TD-Clean-4,refit_on_3,42,B0007,134,96.31819241353496,88.560326
TD-Clean-4,refit_on_3,42,B0007,136,95.94953719543624,88.560326
TD-Clean-4,refit_on_3,42,B0007,140,95.3953227427902,88.560326
TD-Clean-4,refit_on_3,42,B0007,144,94.86699939598208,88.560326
TD-Clean-4,refit_on_3,42,B0007,148,94.57173479963342,88.560326
TD-Clean-4,refit_on_3,42,B0007,150,96.41760769059738,70.54654
TD-Clean-4,refit_on_3,42,B0007,154,96.45090493439226,84.95123
TD-Clean-4,refit_on_3,42,B0007,158,95.6297003383392,88.560326
TD-Clean-4,refit_on_3,42,B0007,162,95.10935396520227,88.560326
TD-Clean-4,refit_on_3,42,B0007,166,94.57259385530976,88.560326
TD-Clean-4,refit_on_3,42,B0007,170,94.30623404626093,88.560326
TD-Clean-4,refit_on_3,42,B0007,174,94.0371367595855,88.560326
TD-Clean-4,refit_on_3,42,B0007,178,93.49626919937222,88.560326
TD-Clean-4,refit_on_3,42,B0007,182,92.9420388383138,88.560326
TD-Clean-4,refit_on_3,42,B0007,186,92.94217065781828,88.560326
TD-Clean-4,refit_on_3,42,B0007,190,92.69668329388116,88.560326
TD-Clean-4,refit_on_3,42,B0007,194,92.41073633514534,88.560326
TD-Clean-4,refit_on_3,42,B0007,198,91.82208130681248,88.560326
TD-Clean-4,refit_on_3,42,B0007,202,91.5743327473832,88.560326
TD-Clean-4,refit_on_3,42,B0007,206,91.04730118386937,88.560326
TD-Clean-4,refit_on_3,42,B0007,210,91.04684020750553,88.560326
TD-Clean-4,refit_on_3,42,B0007,214,90.49873919973382,88.560326
TD-Clean-4,refit_on_3,42,B0007,216,90.51794914609178,88.560326
TD-Clean-4,refit_on_3,42,B0007,220,89.96325858213598,88.560326
TD-Clean-4,refit_on_3,42,B0007,224,89.64911074691454,88.560326
TD-Clean-4,refit_on_3,42,B0007,228,89.4056438247883,88.560326
TD-Clean-4,refit_on_3,42,B0007,232,89.13221056506995,88.560326
TD-Clean-4,refit_on_3,42,B0007,236,88.88142970948275,88.560326
TD-Clean-4,refit_on_3,42,B0007,240,88.57496163215028,88.560326
TD-Clean-4,refit_on_3,42,B0007,244,88.30030467403411,88.560326
TD-Clean-4,refit_on_3,42,B0007,248,88.04309784572763,88.560326
TD-Clean-4,refit_on_3,42,B0007,252,87.7835715053401,88.560326
TD-Clean-4,refit_on_3,42,B0007,256,87.5009058762453,88.560326
TD-Clean-4,refit_on_3,42,B0007,260,86.92700430940862,88.560326
TD-Clean-4,refit_on_3,42,B0007,264,86.91859800690037,88.560326
TD-Clean-4,refit_on_3,42,B0007,266,87.17696241036246,88.560326
TD-Clean-4,refit_on_3,42,B0007,270,86.66971006432802,88.560326
TD-Clean-4,refit_on_3,42,B0007,274,86.11955257111292,88.560326
TD-Clean-4,refit_on_3,42,B0007,278,85.86532022039283,88.560326
TD-Clean-4,refit_on_3,42,B0007,282,85.83324550155743,88.560326
TD-Clean-4,refit_on_3,42,B0007,286,85.88108948972226,88.560326
TD-Clean-4,refit_on_3,42,B0007,290,85.56987844007078,88.560326
TD-Clean-4,refit_on_3,42,B0007,294,85.027771191142,88.560326
TD-Clean-4,refit_on_3,42,B0007,298,84.77582688520748,88.560326
TD-Clean-4,refit_on_3,42,B0007,302,84.79178974791847,88.560326
TD-Clean-4,refit_on_3,42,B0007,306,84.76993385106519,88.560326
TD-Clean-4,refit_on_3,42,B0007,310,84.49605927424464,88.560326
TD-Clean-4,refit_on_3,42,B0007,313,89.71090998622898,88.560326
TD-Clean-4,refit_on_3,42,B0007,316,86.37349719367897,88.560326
TD-Clean-4,refit_on_3,42,B0007,320,85.82898928627563,88.560326
TD-Clean-4,refit_on_3,42,B0007,324,85.2934976107533,88.560326
TD-Clean-4,refit_on_3,42,B0007,328,84.72574724857897,88.560326
TD-Clean-4,refit_on_3,42,B0007,332,84.48328177752624,88.560326
TD-Clean-4,refit_on_3,42,B0007,336,84.21457006738538,88.560326
TD-Clean-4,refit_on_3,42,B0007,340,83.9288888229777,88.560326
TD-Clean-4,refit_on_3,42,B0007,344,83.67629222648154,88.560326
TD-Clean-4,refit_on_3,42,B0007,348,83.38837618926404,88.560326
TD-Clean-4,refit_on_3,42,B0007,352,83.41270816038221,88.560326
TD-Clean-4,refit_on_3,42,B0007,356,83.14675201444969,88.560326
TD-Clean-4,refit_on_3,42,B0007,360,82.8484308280049,88.560326
TD-Clean-4,refit_on_3,42,B0007,364,83.13252526962864,88.560326
TD-Clean-4,refit_on_3,42,B0007,367,83.66359396289195,88.40414
TD-Clean-4,refit_on_3,42,B0007,371,83.14841165448959,88.560326
TD-Clean-4,refit_on_3,42,B0007,375,82.85488835556158,88.560326
TD-Clean-4,refit_on_3,42,B0007,379,82.33123711829187,88.560326
TD-Clean-4,refit_on_3,42,B0007,383,82.01142381939957,88.560326
TD-Clean-4,refit_on_3,42,B0007,387,82.07206587982726,88.560326
TD-Clean-4,refit_on_3,42,B0007,391,82.0495038543302,88.560326
TD-Clean-4,refit_on_3,42,B0007,395,81.5031419618624,88.560326
TD-Clean-4,refit_on_3,42,B0007,399,81.20841503507037,88.560326
TD-Clean-4,refit_on_3,42,B0007,403,81.21721340553746,88.560326
TD-Clean-4,refit_on_3,42,B0007,407,81.22601148878292,88.560326
TD-Clean-4,refit_on_3,42,B0007,411,80.95054391771832,88.560326
TD-Clean-4,refit_on_3,42,B0007,415,80.67227833994721,88.560326
TD-Clean-4,refit_on_3,42,B0007,419,80.40565013650571,88.560326
TD-Clean-4,refit_on_3,42,B0007,423,80.40335490244634,88.560326
TD-Clean-4,refit_on_3,42,B0007,427,80.42152437300291,88.560326
TD-Clean-4,refit_on_3,42,B0007,431,81.48461605871495,88.560326
TD-Clean-4,refit_on_3,42,B0007,433,81.75963969607048,88.560326
TD-Clean-4,refit_on_3,42,B0007,437,80.93560989493338,88.560326
TD-Clean-4,refit_on_3,42,B0007,441,80.40209515327608,88.560326
TD-Clean-4,refit_on_3,42,B0007,445,80.09419697809993,88.560326
TD-Clean-4,refit_on_3,42,B0007,449,79.85042691616567,88.560326
TD-Clean-4,refit_on_3,42,B0007,453,79.56495728605914,88.560326
TD-Clean-4,refit_on_3,42,B0007,457,79.30076147796538,88.560326
TD-Clean-4,refit_on_3,42,B0007,461,79.2776995197187,88.560326
TD-Clean-4,refit_on_3,42,B0007,465,79.01573008127421,88.560326
TD-Clean-4,refit_on_3,42,B0007,469,78.7529099419952,88.560326
TD-Clean-4,refit_on_3,42,B0007,473,78.76631135529045,88.560326
TD-Clean-4,refit_on_3,42,B0007,477,78.45734950325969,88.560326
TD-Clean-4,refit_on_3,42,B0007,481,78.71925319505982,88.560326
TD-Clean-4,refit_on_3,42,B0007,483,79.58166685963718,88.560326
TD-Clean-4,refit_on_3,42,B0007,485,78.72860058663869,88.560326
TD-Clean-4,refit_on_3,42,B0007,489,78.46501751785956,88.560326
TD-Clean-4,refit_on_3,42,B0007,493,78.19738333514631,88.560326
TD-Clean-4,refit_on_3,42,B0007,497,78.20645287101384,88.560326
TD-Clean-4,refit_on_3,42,B0007,501,77.92824275772597,88.560326
TD-Clean-4,refit_on_3,42,B0007,505,77.6497101362114,88.560326
TD-Clean-4,refit_on_3,42,B0007,509,77.38028422735451,88.560326
TD-Clean-4,refit_on_3,42,B0007,513,77.09660547904922,88.560326
TD-Clean-4,refit_on_3,42,B0007,517,77.11046744203753,88.560326
TD-Clean-4,refit_on_3,42,B0007,521,76.85550035450103,88.560326
TD-Clean-4,refit_on_3,42,B0007,525,76.85236240084764,88.560326
TD-Clean-4,refit_on_3,42,B0007,529,76.56671722215358,88.560326
TD-Clean-4,refit_on_3,42,B0007,533,76.29399038621672,88.560326
TD-Clean-4,refit_on_3,42,B0007,537,76.32425788720361,88.560326
TD-Clean-4,refit_on_3,42,B0007,541,76.29658741049414,88.560326
TD-Clean-4,refit_on_3,42,B0007,545,76.59209728582513,88.560326
TD-Clean-4,refit_on_3,42,B0007,548,77.93863743061358,88.560326
TD-Clean-4,refit_on_3,42,B0007,552,77.12364718084329,88.560326
TD-Clean-4,refit_on_3,42,B0007,556,76.8725967441492,88.560326
TD-Clean-4,refit_on_3,42,B0007,560,76.58854113704766,88.560326
TD-Clean-4,refit_on_3,42,B0007,564,76.04885672654179,88.560326
TD-Clean-4,refit_on_3,42,B0007,568,76.05828438472663,88.560326
TD-Clean-4,refit_on_3,42,B0007,572,75.76335089505734,88.560326
TD-Clean-4,refit_on_3,42,B0007,576,75.75439980355237,88.560326
TD-Clean-4,refit_on_3,42,B0007,580,75.49812548326929,88.560326
TD-Clean-4,refit_on_3,42,B0007,584,75.23591897923467,88.560326
TD-Clean-4,refit_on_3,42,B0007,588,75.24924732301496,88.560326
TD-Clean-4,refit_on_3,42,B0007,592,74.94444174506414,88.560326
TD-Clean-4,refit_on_3,42,B0007,596,74.95266425125988,88.560326
TD-Clean-4,refit_on_3,42,B0007,600,74.69643604452878,88.560326
TD-Clean-4,refit_on_3,42,B0007,604,74.7051700493532,88.560326
TD-Clean-4,refit_on_3,42,B0007,608,74.39278959915883,88.560326
TD-Clean-4,refit_on_3,42,B0007,612,75.52591562947222,88.560326
TD-Clean-4,refit_on_3,42,B0007,614,76.09264518290325,88.560326
TD-Clean-4,pre_refit,42,B0018,3,100.8025811041783,85.15543
TD-Clean-4,pre_refit,42,B0018,7,100.16087022619236,85.81798
TD-Clean-4,pre_refit,42,B0018,11,99.96558598273582,91.985176
TD-Clean-4,pre_refit,42,B0018,15,99.48041766162956,94.79601
TD-Clean-4,pre_refit,42,B0018,18,99.59054502526398,84.91077
TD-Clean-4,pre_refit,42,B0018,20,99.36387169185286,89.48264
TD-Clean-4,pre_refit,42,B0018,22,98.96567828327716,91.76803
TD-Clean-4,pre_refit,42,B0018,24,98.63793870309058,93.58106
TD-Clean-4,pre_refit,42,B0018,27,98.04714689052696,94.519226
TD-Clean-4,pre_refit,42,B0018,30,99.06887382997856,91.986824
TD-Clean-4,pre_refit,42,B0018,32,98.47248926951052,91.75048
TD-Clean-4,pre_refit,42,B0018,34,98.068534707018,93.65077
TD-Clean-4,pre_refit,42,B0018,36,97.31606084566693,96.05871
TD-Clean-4,pre_refit,42,B0018,39,96.91537145663308,98.02676
TD-Clean-4,pre_refit,42,B0018,42,96.77777434993364,94.144905
TD-Clean-4,pre_refit,42,B0018,44,96.24906078283864,92.15059
TD-Clean-4,pre_refit,42,B0018,46,96.10893521170082,92.359146
TD-Clean-4,pre_refit,42,B0018,48,95.29382636269746,94.91112
TD-Clean-4,pre_refit,42,B0018,51,94.89112029628322,98.14815
TD-Clean-4,pre_refit,42,B0018,54,94.42623362260446,98.63123
TD-Clean-4,pre_refit,42,B0018,56,94.09214261326034,100.449905
TD-Clean-4,pre_refit,42,B0018,58,92.84655809058668,100.06504
TD-Clean-4,pre_refit,42,B0018,60,93.00278636580364,99.7145
TD-Clean-4,pre_refit,42,B0018,63,92.78717154289568,100.30006
TD-Clean-4,pre_refit,42,B0018,66,95.05514633441328,97.440674
TD-Clean-4,pre_refit,42,B0018,68,94.16023397654948,94.93936
TD-Clean-4,pre_refit,42,B0018,70,93.58756901230694,92.651764
TD-Clean-4,pre_refit,42,B0018,72,93.02323711734508,93.2144
TD-Clean-4,pre_refit,42,B0018,75,92.33971230163448,94.69119
TD-Clean-4,pre_refit,42,B0018,78,92.05544475967478,94.08806
TD-Clean-4,pre_refit,42,B0018,80,91.39607597710202,94.73965
TD-Clean-4,pre_refit,42,B0018,82,91.12841202900309,92.74415
TD-Clean-4,pre_refit,42,B0018,84,90.50598444143154,91.87145
TD-Clean-4,pre_refit,42,B0018,87,90.05329919062662,93.67058
TD-Clean-4,pre_refit,42,B0018,90,89.56595375021743,93.52232
TD-Clean-4,pre_refit,42,B0018,92,89.05221474379236,95.493996
TD-Clean-4,pre_refit,42,B0018,94,88.4478648526792,95.14542
TD-Clean-4,pre_refit,42,B0018,96,88.14926233550939,93.15707
TD-Clean-4,pre_refit,42,B0018,99,87.70654438914323,92.895676
TD-Clean-4,pre_refit,42,B0018,102,91.07812245566797,94.806816
TD-Clean-4,pre_refit,42,B0018,104,89.62445100410937,95.57876
TD-Clean-4,pre_refit,42,B0018,106,88.70513095013024,96.87208
TD-Clean-4,pre_refit,42,B0018,108,87.83746900859978,97.83567
TD-Clean-4,pre_refit,42,B0018,111,87.53788044222665,98.85119
TD-Clean-4,pre_refit,42,B0018,114,86.69891328476463,97.532074
TD-Clean-4,pre_refit,42,B0018,117,93.83080462693712,94.32253
TD-Clean-4,pre_refit,42,B0018,119,93.27978546012802,97.80825
TD-Clean-4,pre_refit,42,B0018,121,92.1525471966999,98.14757
TD-Clean-4,pre_refit,42,B0018,123,91.17195305362098,98.27559
TD-Clean-4,pre_refit,42,B0018,125,90.2416573040256,98.50518
TD-Clean-4,pre_refit,42,B0018,128,90.55423897233052,92.64554
TD-Clean-4,pre_refit,42,B0018,130,89.49039068452917,95.02964
TD-Clean-4,pre_refit,42,B0018,132,88.3454487099843,96.75191
TD-Clean-4,pre_refit,42,B0018,134,87.60607299731777,97.70786
TD-Clean-4,pre_refit,42,B0018,136,87.25714700042141,97.004776
TD-Clean-4,pre_refit,42,B0018,141,90.9473619616094,92.696594
TD-Clean-4,pre_refit,42,B0018,143,89.1426764135498,95.7135
TD-Clean-4,pre_refit,42,B0018,145,87.66626044455795,95.89004
TD-Clean-4,pre_refit,42,B0018,147,86.51592379470374,96.28602
TD-Clean-4,pre_refit,42,B0018,150,86.21730704320841,96.83608
TD-Clean-4,pre_refit,42,B0018,153,85.8627581657356,95.45951
TD-Clean-4,pre_refit,42,B0018,155,84.99855590440428,95.76649
TD-Clean-4,pre_refit,42,B0018,157,84.53366840480606,95.85934
TD-Clean-4,pre_refit,42,B0018,159,83.69607194854545,95.82885
TD-Clean-4,pre_refit,42,B0018,162,83.25899594193369,96.3524
TD-Clean-4,pre_refit,42,B0018,165,83.22975722050174,95.54041
TD-Clean-4,pre_refit,42,B0018,167,82.72092847997168,97.23149
TD-Clean-4,pre_refit,42,B0018,169,81.86598978006339,96.87855
TD-Clean-4,pre_refit,42,B0018,171,81.58859278240016,97.10671
TD-Clean-4,pre_refit,42,B0018,174,81.31316363799587,97.222084
TD-Clean-4,pre_refit,42,B0018,177,83.32773163808899,94.23603
TD-Clean-4,pre_refit,42,B0018,179,82.80709531820148,94.3833
TD-Clean-4,pre_refit,42,B0018,181,81.57610219236552,94.3604
TD-Clean-4,pre_refit,42,B0018,183,81.09929204028072,94.684265
TD-Clean-4,pre_refit,42,B0018,185,80.60512587063184,95.96525
TD-Clean-4,pre_refit,42,B0018,188,80.4645909654616,94.460175
TD-Clean-4,pre_refit,42,B0018,190,80.07171192098461,95.01212
TD-Clean-4,pre_refit,42,B0018,192,79.77346222448996,93.7477
TD-Clean-4,pre_refit,42,B0018,194,79.23402412051846,94.60852
TD-Clean-4,pre_refit,42,B0018,197,78.6783203089025,95.74117
TD-Clean-4,pre_refit,42,B0018,200,78.94539372549075,95.57239
TD-Clean-4,pre_refit,42,B0018,202,78.38865828037459,95.82843
TD-Clean-4,pre_refit,42,B0018,204,78.21127069246836,94.028366
TD-Clean-4,pre_refit,42,B0018,206,77.6339684068403,93.28038
TD-Clean-4,pre_refit,42,B0018,209,77.43046760934243,94.15671
TD-Clean-4,pre_refit,42,B0018,212,79.8708545166814,93.29048
TD-Clean-4,pre_refit,42,B0018,214,78.93458463676515,94.760345
TD-Clean-4,pre_refit,42,B0018,216,78.40488242765085,96.05917
TD-Clean-4,pre_refit,42,B0018,218,77.61921434771055,96.48148
TD-Clean-4,pre_refit,42,B0018,220,76.9170609064971,97.65542
TD-Clean-4,pre_refit,42,B0018,223,79.04297866359087,92.62708
TD-Clean-4,pre_refit,42,B0018,225,77.61605692618127,93.66911
TD-Clean-4,pre_refit,42,B0018,227,77.14789574863566,93.01959
TD-Clean-4,pre_refit,42,B0018,229,76.92281444261894,92.875465
TD-Clean-4,pre_refit,42,B0018,232,76.3858924270674,93.947586
TD-Clean-4,pre_refit,42,B0018,235,76.53620320177981,92.53893
TD-Clean-4,pre_refit,42,B0018,237,75.9063201738239,93.4285
TD-Clean-4,pre_refit,42,B0018,239,75.72766142150313,93.198494
TD-Clean-4,pre_refit,42,B0018,241,75.49928800503805,92.594635
TD-Clean-4,pre_refit,42,B0018,244,74.9124451895705,92.86444
TD-Clean-4,pre_refit,42,B0018,247,75.25674730493446,91.82627
TD-Clean-4,pre_refit,42,B0018,249,74.46467849076038,93.042206
TD-Clean-4,pre_refit,42,B0018,251,74.62885626516028,92.2995
TD-Clean-4,pre_refit,42,B0018,253,74.33553994642665,91.88344
TD-Clean-4,pre_refit,42,B0018,256,73.72504079935909,92.13287
TD-Clean-4,pre_refit,42,B0018,259,79.36110924975578,97.16788
TD-Clean-4,pre_refit,42,B0018,261,78.799706688891,95.848625
TD-Clean-4,pre_refit,42,B0018,263,78.14983302548104,94.04509
TD-Clean-4,pre_refit,42,B0018,265,77.61878718971624,95.152794
TD-Clean-4,pre_refit,42,B0018,267,76.88079746021991,96.22745
TD-Clean-4,pre_refit,42,B0018,270,76.8319836786595,95.74141
TD-Clean-4,pre_refit,42,B0018,272,76.01926160635412,95.60963
TD-Clean-4,pre_refit,42,B0018,274,75.82358510102308,93.26194
TD-Clean-4,pre_refit,42,B0018,276,75.53633219814198,90.87059
TD-Clean-4,pre_refit,42,B0018,279,75.31793705780649,92.505
TD-Clean-4,pre_refit,42,B0018,282,75.43684114368729,93.490425
TD-Clean-4,pre_refit,42,B0018,284,74.7829788363973,95.48315
TD-Clean-4,pre_refit,42,B0018,286,74.15991898288928,96.33106
TD-Clean-4,pre_refit,42,B0018,288,73.84846878839457,96.80026
TD-Clean-4,pre_refit,42,B0018,291,73.15537271331122,98.1394
TD-Clean-4,pre_refit,42,B0018,294,77.53589472577204,97.12807
TD-Clean-4,pre_refit,42,B0018,296,76.42763235972666,96.473335
TD-Clean-4,pre_refit,42,B0018,298,75.72351586777258,95.99806
TD-Clean-4,pre_refit,42,B0018,300,75.4386936803776,96.363754
TD-Clean-4,pre_refit,42,B0018,302,74.45721490205536,96.815674
TD-Clean-4,pre_refit,42,B0018,305,74.97385174402893,95.10326
TD-Clean-4,pre_refit,42,B0018,307,74.3741167471391,94.61961
TD-Clean-4,pre_refit,42,B0018,309,74.05233968989694,91.40226
TD-Clean-4,pre_refit,42,B0018,311,74.08863589293038,90.72298
TD-Clean-4,pre_refit,42,B0018,314,73.46151441244959,92.7217
TD-Clean-4,pre_refit,42,B0018,317,73.62086195282473,92.38686
TD-Clean-4,pre_refit,42,B0018,319,72.87391760769836,95.08183
TD-Clean-4,refit_on_3,42,B0018,3,100.8025811041783,88.36968
TD-Clean-4,refit_on_3,42,B0018,7,100.16087022619236,89.71572
TD-Clean-4,refit_on_3,42,B0018,11,99.96558598273582,94.68353
TD-Clean-4,refit_on_3,42,B0018,15,99.48041766162956,97.3007
TD-Clean-4,refit_on_3,42,B0018,18,99.59054502526398,88.52916
TD-Clean-4,refit_on_3,42,B0018,20,99.36387169185286,93.71983
TD-Clean-4,refit_on_3,42,B0018,22,98.96567828327716,96.15332
TD-Clean-4,refit_on_3,42,B0018,24,98.63793870309058,96.95488
TD-Clean-4,refit_on_3,42,B0018,27,98.04714689052696,97.37621
TD-Clean-4,refit_on_3,42,B0018,30,99.06887382997856,94.12184
TD-Clean-4,refit_on_3,42,B0018,32,98.47248926951052,95.20889
TD-Clean-4,refit_on_3,42,B0018,34,98.068534707018,97.133514
TD-Clean-4,refit_on_3,42,B0018,36,97.31606084566693,98.96218
TD-Clean-4,refit_on_3,42,B0018,39,96.91537145663308,100.785965
TD-Clean-4,refit_on_3,42,B0018,42,96.77777434993364,96.130554
TD-Clean-4,refit_on_3,42,B0018,44,96.24906078283864,94.798325
TD-Clean-4,refit_on_3,42,B0018,46,96.10893521170082,96.01829
TD-Clean-4,refit_on_3,42,B0018,48,95.29382636269746,97.872856
TD-Clean-4,refit_on_3,42,B0018,51,94.89112029628322,100.757385
TD-Clean-4,refit_on_3,42,B0018,54,94.42623362260446,100.582504
TD-Clean-4,refit_on_3,42,B0018,56,94.09214261326034,102.827934
TD-Clean-4,refit_on_3,42,B0018,58,92.84655809058668,102.46601
TD-Clean-4,refit_on_3,42,B0018,60,93.00278636580364,102.06959
TD-Clean-4,refit_on_3,42,B0018,63,92.78717154289568,102.69419
TD-Clean-4,refit_on_3,42,B0018,66,95.05514633441328,99.064644
TD-Clean-4,refit_on_3,42,B0018,68,94.16023397654948,97.21921
TD-Clean-4,refit_on_3,42,B0018,70,93.58756901230694,95.408066
TD-Clean-4,refit_on_3,42,B0018,72,93.02323711734508,96.1209
TD-Clean-4,refit_on_3,42,B0018,75,92.33971230163448,97.26037
TD-Clean-4,refit_on_3,42,B0018,78,92.05544475967478,96.325775
TD-Clean-4,refit_on_3,42,B0018,80,91.39607597710202,97.32751
TD-Clean-4,refit_on_3,42,B0018,82,91.12841202900309,95.215996
TD-Clean-4,refit_on_3,42,B0018,84,90.50598444143154,94.6919
TD-Clean-4,refit_on_3,42,B0018,87,90.05329919062662,96.35211
TD-Clean-4,refit_on_3,42,B0018,90,89.56595375021743,95.557144
TD-Clean-4,refit_on_3,42,B0018,92,89.05221474379236,97.69763
TD-Clean-4,refit_on_3,42,B0018,94,88.4478648526792,97.698296
TD-Clean-4,refit_on_3,42,B0018,96,88.14926233550939,95.33452
TD-Clean-4,refit_on_3,42,B0018,99,87.70654438914323,95.283394
TD-Clean-4,refit_on_3,42,B0018,102,91.07812245566797,96.05471
TD-Clean-4,refit_on_3,42,B0018,104,89.62445100410937,98.040665
TD-Clean-4,refit_on_3,42,B0018,106,88.70513095013024,99.04711
TD-Clean-4,refit_on_3,42,B0018,108,87.83746900859978,99.90842
TD-Clean-4,refit_on_3,42,B0018,111,87.53788044222665,101.06964
TD-Clean-4,refit_on_3,42,B0018,114,86.69891328476463,99.11526
TD-Clean-4,refit_on_3,42,B0018,117,93.83080462693712,95.19766
TD-Clean-4,refit_on_3,42,B0018,119,93.27978546012802,100.04382
TD-Clean-4,refit_on_3,42,B0018,121,92.1525471966999,100.44728
TD-Clean-4,refit_on_3,42,B0018,123,91.17195305362098,100.51963
TD-Clean-4,refit_on_3,42,B0018,125,90.2416573040256,100.75606
TD-Clean-4,refit_on_3,42,B0018,128,90.55423897233052,94.50861
TD-Clean-4,refit_on_3,42,B0018,130,89.49039068452917,97.256615
TD-Clean-4,refit_on_3,42,B0018,132,88.3454487099843,98.98613
TD-Clean-4,refit_on_3,42,B0018,134,87.60607299731777,99.62077
TD-Clean-4,refit_on_3,42,B0018,136,87.25714700042141,99.09546
TD-Clean-4,refit_on_3,42,B0018,141,90.9473619616094,93.62488
TD-Clean-4,refit_on_3,42,B0018,143,89.1426764135498,97.95889
TD-Clean-4,refit_on_3,42,B0018,145,87.66626044455795,97.97773
TD-Clean-4,refit_on_3,42,B0018,147,86.51592379470374,98.32303
TD-Clean-4,refit_on_3,42,B0018,150,86.21730704320841,99.03485
TD-Clean-4,refit_on_3,42,B0018,153,85.8627581657356,97.07563
TD-Clean-4,refit_on_3,42,B0018,155,84.99855590440428,97.586174
TD-Clean-4,refit_on_3,42,B0018,157,84.53366840480606,97.932304
TD-Clean-4,refit_on_3,42,B0018,159,83.69607194854545,97.728355
TD-Clean-4,refit_on_3,42,B0018,162,83.25899594193369,98.22514
TD-Clean-4,refit_on_3,42,B0018,165,83.22975722050174,96.78819
TD-Clean-4,refit_on_3,42,B0018,167,82.72092847997168,99.08526
TD-Clean-4,refit_on_3,42,B0018,169,81.86598978006339,98.49911
TD-Clean-4,refit_on_3,42,B0018,171,81.58859278240016,98.63544
TD-Clean-4,refit_on_3,42,B0018,174,81.31316363799587,98.67897
TD-Clean-4,refit_on_3,42,B0018,177,83.32773163808899,95.10005
TD-Clean-4,refit_on_3,42,B0018,179,82.80709531820148,96.14108
TD-Clean-4,refit_on_3,42,B0018,181,81.57610219236552,95.94858
TD-Clean-4,refit_on_3,42,B0018,183,81.09929204028072,96.34339
TD-Clean-4,refit_on_3,42,B0018,185,80.60512587063184,97.653496
TD-Clean-4,refit_on_3,42,B0018,188,80.4645909654616,95.451004
TD-Clean-4,refit_on_3,42,B0018,190,80.07171192098461,96.62055
TD-Clean-4,refit_on_3,42,B0018,192,79.77346222448996,95.020874
TD-Clean-4,refit_on_3,42,B0018,194,79.23402412051846,95.98783
TD-Clean-4,refit_on_3,42,B0018,197,78.6783203089025,97.10124
TD-Clean-4,refit_on_3,42,B0018,200,78.94539372549075,96.35075
TD-Clean-4,refit_on_3,42,B0018,202,78.38865828037459,97.16433
TD-Clean-4,refit_on_3,42,B0018,204,78.21127069246836,95.392204
TD-Clean-4,refit_on_3,42,B0018,206,77.6339684068403,94.64011
TD-Clean-4,refit_on_3,42,B0018,209,77.43046760934243,95.80956
TD-Clean-4,refit_on_3,42,B0018,212,79.8708545166814,93.74345
TD-Clean-4,refit_on_3,42,B0018,214,78.93458463676515,95.839195
TD-Clean-4,refit_on_3,42,B0018,216,78.40488242765085,97.36505
TD-Clean-4,refit_on_3,42,B0018,218,77.61921434771055,97.40382
TD-Clean-4,refit_on_3,42,B0018,220,76.9170609064971,99.11864
TD-Clean-4,refit_on_3,42,B0018,223,79.04297866359087,92.994644
TD-Clean-4,refit_on_3,42,B0018,225,77.61605692618127,94.77626
TD-Clean-4,refit_on_3,42,B0018,227,77.14789574863566,94.126
TD-Clean-4,refit_on_3,42,B0018,229,76.92281444261894,93.97516
TD-Clean-4,refit_on_3,42,B0018,232,76.3858924270674,94.96104
TD-Clean-4,refit_on_3,42,B0018,235,76.53620320177981,92.94722
TD-Clean-4,refit_on_3,42,B0018,237,75.9063201738239,94.35233
TD-Clean-4,refit_on_3,42,B0018,239,75.72766142150313,94.47088
TD-Clean-4,refit_on_3,42,B0018,241,75.49928800503805,93.89408
TD-Clean-4,refit_on_3,42,B0018,244,74.9124451895705,93.948906
TD-Clean-4,refit_on_3,42,B0018,247,75.25674730493446,92.67139
TD-Clean-4,refit_on_3,42,B0018,249,74.46467849076038,93.97855
TD-Clean-4,refit_on_3,42,B0018,251,74.62885626516028,93.44431
TD-Clean-4,refit_on_3,42,B0018,253,74.33553994642665,93.06683
TD-Clean-4,refit_on_3,42,B0018,256,73.72504079935909,93.21878
TD-Clean-4,refit_on_3,42,B0018,259,79.36110924975578,97.33915
TD-Clean-4,refit_on_3,42,B0018,261,78.799706688891,96.686676
TD-Clean-4,refit_on_3,42,B0018,263,78.14983302548104,95.2328
TD-Clean-4,refit_on_3,42,B0018,265,77.61878718971624,96.320496
TD-Clean-4,refit_on_3,42,B0018,267,76.88079746021991,97.40455
TD-Clean-4,refit_on_3,42,B0018,270,76.8319836786595,96.26983
TD-Clean-4,refit_on_3,42,B0018,272,76.01926160635412,96.72121
TD-Clean-4,refit_on_3,42,B0018,274,75.82358510102308,94.06234
TD-Clean-4,refit_on_3,42,B0018,276,75.53633219814198,91.75352
TD-Clean-4,refit_on_3,42,B0018,279,75.31793705780649,93.94778
TD-Clean-4,refit_on_3,42,B0018,282,75.43684114368729,93.72503
TD-Clean-4,refit_on_3,42,B0018,284,74.7829788363973,96.41592
TD-Clean-4,refit_on_3,42,B0018,286,74.15991898288928,96.945366
TD-Clean-4,refit_on_3,42,B0018,288,73.84846878839457,97.36801
TD-Clean-4,refit_on_3,42,B0018,291,73.15537271331122,98.83909
TD-Clean-4,refit_on_3,42,B0018,294,77.53589472577204,97.13772
TD-Clean-4,refit_on_3,42,B0018,296,76.42763235972666,97.30148
TD-Clean-4,refit_on_3,42,B0018,298,75.72351586777258,96.63048
TD-Clean-4,refit_on_3,42,B0018,300,75.4386936803776,97.373215
TD-Clean-4,refit_on_3,42,B0018,302,74.45721490205536,97.67134
TD-Clean-4,refit_on_3,42,B0018,305,74.97385174402893,95.51847
TD-Clean-4,refit_on_3,42,B0018,307,74.3741167471391,95.03091
TD-Clean-4,refit_on_3,42,B0018,309,74.05233968989694,92.17507
TD-Clean-4,refit_on_3,42,B0018,311,74.08863589293038,92.20928
TD-Clean-4,refit_on_3,42,B0018,314,73.46151441244959,93.66019
TD-Clean-4,refit_on_3,42,B0018,317,73.62086195282473,92.47096
TD-Clean-4,refit_on_3,42,B0018,319,72.87391760769836,95.823006
TD-Clean-4,pre_refit,7,B0005,2,100.80760884947765,106.11123
TD-Clean-4,pre_refit,7,B0005,4,100.25590968770103,106.384674
TD-Clean-4,pre_refit,7,B0005,6,99.65979925247206,106.91145
TD-Clean-4,pre_refit,7,B0005,8,99.65509323788856,105.390366
TD-Clean-4,pre_refit,7,B0005,10,99.6215889724607,104.258804
TD-Clean-4,pre_refit,7,B0005,12,99.67676620535396,104.29732
TD-Clean-4,pre_refit,7,B0005,14,99.64877352944652,103.885284
TD-Clean-4,pre_refit,7,B0005,16,99.13892996732449,104.97128
TD-Clean-4,pre_refit,7,B0005,18,99.08555627584838,103.60391
TD-Clean-4,pre_refit,7,B0005,20,99.0768365083485,102.71454
TD-Clean-4,pre_refit,7,B0005,22,99.07717774099622,101.14218
TD-Clean-4,pre_refit,7,B0005,25,98.5114992237362,103.207085
TD-Clean-4,pre_refit,7,B0005,27,98.4870761948254,102.107544
TD-Clean-4,pre_refit,7,B0005,29,98.47015265835132,100.74577
TD-Clean-4,pre_refit,7,B0005,31,97.88140357167902,102.471054
TD-Clean-4,pre_refit,7,B0005,33,97.85473656745688,101.163284
TD-Clean-4,pre_refit,7,B0005,35,97.88039886599036,100.25958
TD-Clean-4,pre_refit,7,B0005,37,97.9069415267384,99.27329
TD-Clean-4,pre_refit,7,B0005,39,97.89115702988882,98.80045
TD-Clean-4,pre_refit,7,B0005,42,100.29385168145046,104.40726
TD-Clean-4,pre_refit,7,B0005,46,100.31510023136114,103.776596
TD-Clean-4,pre_refit,7,B0005,50,99.70477213786135,103.5085
TD-Clean-4,pre_refit,7,B0005,54,99.1402308374376,103.324295
TD-Clean-4,pre_refit,7,B0005,58,99.10400696359169,102.16631
TD-Clean-4,pre_refit,7,B0005,62,99.12941188644592,100.05091
TD-Clean-4,pre_refit,7,B0005,66,98.50222430381568,101.78098
TD-Clean-4,pre_refit,7,B0005,70,98.5423014565286,99.54531
TD-Clean-4,pre_refit,7,B0005,74,98.49887187571204,98.7475
TD-Clean-4,pre_refit,7,B0005,78,97.89050762402466,101.07877
TD-Clean-4,pre_refit,7,B0005,82,97.96171552529285,99.351265
TD-Clean-4,pre_refit,7,B0005,86,100.55321959197046,102.82112
TD-Clean-4,pre_refit,7,B0005,90,99.4075559707276,101.56389
TD-Clean-4,pre_refit,7,B0005,94,98.82112827769676,100.89895
TD-Clean-4,pre_refit,7,B0005,98,98.2457556393358,100.60129
TD-Clean-4,pre_refit,7,B0005,102,97.99065016377766,99.31213
TD-Clean-4,pre_refit,7,B0005,106,97.7065060215613,101.235405
TD-Clean-4,pre_refit,7,B0005,110,97.11279694879056,100.89334
TD-Clean-4,pre_refit,7,B0005,114,96.81304988059888,99.6404
TD-Clean-4,pre_refit,7,B0005,118,96.27605729788222,100.14853
TD-Clean-4,pre_refit,7,B0005,122,96.2762766313732,99.13621
TD-Clean-4,pre_refit,7,B0005,126,95.99578118843372,100.902626
TD-Clean-4,pre_refit,7,B0005,130,95.69403287907456,100.535805
TD-Clean-4,pre_refit,7,B0005,134,95.98194451474556,98.75124
TD-Clean-4,pre_refit,7,B0005,136,95.71321655496544,99.42519
TD-Clean-4,pre_refit,7,B0005,140,95.11928805425076,98.60102
TD-Clean-4,pre_refit,7,B0005,144,94.58275432725988,98.73055
TD-Clean-4,pre_refit,7,B0005,148,94.27008009570102,98.18478
TD-Clean-4,pre_refit,7,B0005,150,97.39411432859931,107.288765
TD-Clean-4,pre_refit,7,B0005,154,96.82749231246368,102.64049
TD-Clean-4,pre_refit,7,B0005,158,95.96820195991576,99.99536
TD-Clean-4,pre_refit,7,B0005,162,95.40638930769452,98.603714
TD-Clean-4,pre_refit,7,B0005,166,94.8553962680492,98.759705
TD-Clean-4,pre_refit,7,B0005,170,94.5755674779542,97.92607
TD-Clean-4,pre_refit,7,B0005,174,94.28806184403476,98.75246
TD-Clean-4,pre_refit,7,B0005,178,93.73958753620327,98.146706
TD-Clean-4,pre_refit,7,B0005,182,93.16861105469168,98.6864
TD-Clean-4,pre_refit,7,B0005,186,92.88227598613614,97.96517
TD-Clean-4,pre_refit,7,B0005,190,92.636901518198,98.7294
TD-Clean-4,pre_refit,7,B0005,194,92.32720191735562,98.833534
TD-Clean-4,pre_refit,7,B0005,198,92.01599848919145,98.00826
TD-Clean-4,pre_refit,7,B0005,202,91.49053823956656,97.94818
TD-Clean-4,pre_refit,7,B0005,206,90.92425521866993,99.0452
TD-Clean-4,pre_refit,7,B0005,210,90.92941856192826,98.1136
TD-Clean-4,pre_refit,7,B0005,214,90.34010561326173,98.05874
TD-Clean-4,pre_refit,7,B0005,216,90.0847586044663,99.28526
TD-Clean-4,pre_refit,7,B0005,220,89.80457989439137,97.73623
TD-Clean-4,pre_refit,7,B0005,224,89.19640288815545,98.94296
TD-Clean-4,pre_refit,7,B0005,228,88.93598251136243,98.08847
TD-Clean-4,pre_refit,7,B0005,232,88.65781340235759,98.59545
TD-Clean-4,pre_refit,7,B0005,236,88.38728178562198,97.71886
TD-Clean-4,pre_refit,7,B0005,240,88.08171260170519,97.29253
TD-Clean-4,pre_refit,7,B0005,244,87.49528010741024,99.52537
TD-Clean-4,pre_refit,7,B0005,248,87.2366743602368,98.648636
TD-Clean-4,pre_refit,7,B0005,252,86.96251727221627,97.731186
TD-Clean-4,pre_refit,7,B0005,256,86.35734215456989,99.241196
TD-Clean-4,pre_refit,7,B0005,260,86.10863457357058,98.76897
TD-Clean-4,pre_refit,7,B0005,264,86.06270063126725,97.887085
TD-Clean-4,pre_refit,7,B0005,266,86.63737677555004,98.39785
TD-Clean-4,pre_refit,7,B0005,270,85.50813849993258,98.25657
TD-Clean-4,pre_refit,7,B0005,274,84.97446653296429,98.53052
TD-Clean-4,pre_refit,7,B0005,278,84.69557819389517,99.059
TD-Clean-4,pre_refit,7,B0005,282,84.68013627936132,99.08136
TD-Clean-4,pre_refit,7,B0005,286,84.41991821853574,99.028336
TD-Clean-4,pre_refit,7,B0005,290,84.10414931140878,98.65159
TD-Clean-4,pre_refit,7,B0005,294,83.52653061113354,98.57335
TD-Clean-4,pre_refit,7,B0005,298,82.96602561057489,99.442055
TD-Clean-4,pre_refit,7,B0005,302,82.99920327964658,99.24956
TD-Clean-4,pre_refit,7,B0005,306,82.68003018050378,101.16267
TD-Clean-4,pre_refit,7,B0005,310,82.39976893302816,100.95062
TD-Clean-4,pre_refit,7,B0005,313,87.19626195760692,98.80881
TD-Clean-4,pre_refit,7,B0005,316,84.91729656129593,98.61967
TD-Clean-4,pre_refit,7,B0005,320,84.06165489885902,99.04964
TD-Clean-4,pre_refit,7,B0005,324,83.2082752902044,100.615074
TD-Clean-4,pre_refit,7,B0005,328,82.91381970838151,98.648445
TD-Clean-4,pre_refit,7,B0005,332,82.37106085271179,99.95819
TD-Clean-4,pre_refit,7,B0005,336,82.09631790141844,99.57378
TD-Clean-4,pre_refit,7,B0005,340,81.80669701206385,100.169716
TD-Clean-4,pre_refit,7,B0005,344,81.53418918115372,99.499756
TD-Clean-4,pre_refit,7,B0005,348,80.95312575426658,101.68168
TD-Clean-4,pre_refit,7,B0005,352,80.6829269258604,102.33287
TD-Clean-4,pre_refit,7,B0005,356,80.38673535372676,101.980034
TD-Clean-4,pre_refit,7,B0005,360,80.10415225005684,101.701355
TD-Clean-4,pre_refit,7,B0005,364,80.68483906716317,100.187775
TD-Clean-4,pre_refit,7,B0005,367,81.23806188586506,101.89337
TD-Clean-4,pre_refit,7,B0005,371,80.40774500270479,101.38395
TD-Clean-4,pre_refit,7,B0005,375,79.80793062432481,101.91979
TD-Clean-4,pre_refit,7,B0005,379,78.94710440938543,100.992714
TD-Clean-4,pre_refit,7,B0005,383,78.96040682717852,103.06573
TD-Clean-4,pre_refit,7,B0005,387,79.00805769223405,102.11922
TD-Clean-4,pre_refit,7,B0005,391,78.68325635434054,103.214714
TD-Clean-4,pre_refit,7,B0005,395,78.12009683923326,104.018906
TD-Clean-4,pre_refit,7,B0005,399,77.83635095586517,103.60139
TD-Clean-4,pre_refit,7,B0005,403,77.83366081216815,103.332184
TD-Clean-4,pre_refit,7,B0005,407,77.54418562704669,105.42942
TD-Clean-4,pre_refit,7,B0005,411,77.26483532824366,104.81023
TD-Clean-4,pre_refit,7,B0005,415,76.96665751739931,103.93792
TD-Clean-4,pre_refit,7,B0005,419,76.69408123915822,103.426445
TD-Clean-4,pre_refit,7,B0005,423,76.7032886034996,103.540115
TD-Clean-4,pre_refit,7,B0005,427,76.43285089151239,106.2272
TD-Clean-4,pre_refit,7,B0005,431,77.83345221466253,103.277115
TD-Clean-4,pre_refit,7,B0005,433,78.09751233548145,103.43655
TD-Clean-4,pre_refit,7,B0005,437,76.96262218385922,104.37642
TD-Clean-4,pre_refit,7,B0005,441,76.3993634537507,104.514145
TD-Clean-4,pre_refit,7,B0005,445,76.08562321685423,104.06251
TD-Clean-4,pre_refit,7,B0005,449,75.84111192639295,104.59929
TD-Clean-4,pre_refit,7,B0005,453,75.5470202599512,103.74509
TD-Clean-4,pre_refit,7,B0005,457,75.2724773855306,104.24048
TD-Clean-4,pre_refit,7,B0005,461,74.95796574493023,105.16455
TD-Clean-4,pre_refit,7,B0005,465,74.67559060559861,105.40393
TD-Clean-4,pre_refit,7,B0005,469,74.4190975749656,104.934746
TD-Clean-4,pre_refit,7,B0005,473,74.41886702385212,104.40557
TD-Clean-4,pre_refit,7,B0005,477,74.10538957595438,105.51242
TD-Clean-4,pre_refit,7,B0005,481,74.68403981580354,106.70013
TD-Clean-4,pre_refit,7,B0005,483,75.26611054535188,105.80141
TD-Clean-4,pre_refit,7,B0005,485,74.38310747232698,106.9229
TD-Clean-4,pre_refit,7,B0005,489,74.10795710900801,105.552124
TD-Clean-4,pre_refit,7,B0005,493,73.53993654981534,107.59425
TD-Clean-4,pre_refit,7,B0005,497,73.55729388669064,107.66702
TD-Clean-4,pre_refit,7,B0005,501,73.56067241598603,107.168915
TD-Clean-4,pre_refit,7,B0005,505,73.26805286034079,106.54179
TD-Clean-4,pre_refit,7,B0005,509,72.98972077509227,105.76801
TD-Clean-4,pre_refit,7,B0005,513,72.70747847813722,107.2007
TD-Clean-4,pre_refit,7,B0005,517,72.70330518052887,107.675316
TD-Clean-4,pre_refit,7,B0005,521,72.43680818215978,108.03647
TD-Clean-4,pre_refit,7,B0005,525,72.14563728793834,108.12019
TD-Clean-4,pre_refit,7,B0005,529,71.84842350914826,108.611145
TD-Clean-4,pre_refit,7,B0005,533,71.57682808520298,110.127106
TD-Clean-4,pre_refit,7,B0005,537,71.59297070565168,110.87544
TD-Clean-4,pre_refit,7,B0005,541,71.58355486033668,108.362564
TD-Clean-4,pre_refit,7,B0005,545,71.88651633814797,108.47199
TD-Clean-4,pre_refit,7,B0005,548,73.85485752850198,103.96402
TD-Clean-4,pre_refit,7,B0005,552,72.73676298693475,106.73822
TD-Clean-4,pre_refit,7,B0005,556,72.16650080848474,108.190384
TD-Clean-4,pre_refit,7,B0005,560,71.87574889700983,109.10038
TD-Clean-4,pre_refit,7,B0005,564,71.60206343923741,108.99552
TD-Clean-4,pre_refit,7,B0005,568,71.32194157026348,110.32098
TD-Clean-4,pre_refit,7,B0005,572,71.30711389020412,108.61307
TD-Clean-4,pre_refit,7,B0005,576,71.01356336148518,109.91033
TD-Clean-4,pre_refit,7,B0005,580,70.75492745457169,110.503876
TD-Clean-4,pre_refit,7,B0005,584,70.77254445771489,109.80704
TD-Clean-4,pre_refit,7,B0005,588,70.77540542374062,108.04419
TD-Clean-4,pre_refit,7,B0005,592,70.47550750397869,110.17392
TD-Clean-4,pre_refit,7,B0005,596,70.48563041810954,109.01449
TD-Clean-4,pre_refit,7,B0005,600,70.23531244180377,109.98583
TD-Clean-4,pre_refit,7,B0005,604,69.93882142370093,111.449905
TD-Clean-4,pre_refit,7,B0005,608,69.90890905512207,111.198074
TD-Clean-4,pre_refit,7,B0005,612,71.07977535187085,108.60933
TD-Clean-4,pre_refit,7,B0005,614,71.95205157786506,106.61378
TD-Clean-4,refit_on_3,7,B0005,2,100.80760884947765,86.88763
TD-Clean-4,refit_on_3,7,B0005,4,100.25590968770103,94.62893
TD-Clean-4,refit_on_3,7,B0005,6,99.65979925247206,95.22369
TD-Clean-4,refit_on_3,7,B0005,8,99.65509323788856,95.6341
TD-Clean-4,refit_on_3,7,B0005,10,99.6215889724607,95.55171
TD-Clean-4,refit_on_3,7,B0005,12,99.67676620535396,94.16537
TD-Clean-4,refit_on_3,7,B0005,14,99.64877352944652,94.4098
TD-Clean-4,refit_on_3,7,B0005,16,99.13892996732449,96.85073
TD-Clean-4,refit_on_3,7,B0005,18,99.08555627584838,97.00815
TD-Clean-4,refit_on_3,7,B0005,20,99.0768365083485,97.08191
TD-Clean-4,refit_on_3,7,B0005,22,99.07717774099622,97.307434
TD-Clean-4,refit_on_3,7,B0005,25,98.5114992237362,97.95169
TD-Clean-4,refit_on_3,7,B0005,27,98.4870761948254,98.26438
TD-Clean-4,refit_on_3,7,B0005,29,98.47015265835132,95.39329
TD-Clean-4,refit_on_3,7,B0005,31,97.88140357167902,97.815254
TD-Clean-4,refit_on_3,7,B0005,33,97.85473656745688,97.537
TD-Clean-4,refit_on_3,7,B0005,35,97.88039886599036,97.6503
TD-Clean-4,refit_on_3,7,B0005,37,97.9069415267384,97.8693
TD-Clean-4,refit_on_3,7,B0005,39,97.89115702988882,97.579094
TD-Clean-4,refit_on_3,7,B0005,42,100.29385168145046,92.53744
TD-Clean-4,refit_on_3,7,B0005,46,100.31510023136114,94.06246
TD-Clean-4,refit_on_3,7,B0005,50,99.70477213786135,94.97267
TD-Clean-4,refit_on_3,7,B0005,54,99.1402308374376,95.032364
TD-Clean-4,refit_on_3,7,B0005,58,99.10400696359169,91.889725
TD-Clean-4,refit_on_3,7,B0005,62,99.12941188644592,94.74227
TD-Clean-4,refit_on_3,7,B0005,66,98.50222430381568,94.33287
TD-Clean-4,refit_on_3,7,B0005,70,98.5423014565286,92.509254
TD-Clean-4,refit_on_3,7,B0005,74,98.49887187571204,92.70328
TD-Clean-4,refit_on_3,7,B0005,78,97.89050762402466,93.688995
TD-Clean-4,refit_on_3,7,B0005,82,97.96171552529285,91.86494
TD-Clean-4,refit_on_3,7,B0005,86,100.55321959197046,79.75362
TD-Clean-4,refit_on_3,7,B0005,90,99.4075559707276,80.1525
TD-Clean-4,refit_on_3,7,B0005,94,98.82112827769676,81.929825
TD-Clean-4,refit_on_3,7,B0005,98,98.2457556393358,84.07951
TD-Clean-4,refit_on_3,7,B0005,102,97.99065016377766,84.14634
TD-Clean-4,refit_on_3,7,B0005,106,97.7065060215613,80.95884
TD-Clean-4,refit_on_3,7,B0005,110,97.11279694879056,82.93833
TD-Clean-4,refit_on_3,7,B0005,114,96.81304988059888,83.7816
TD-Clean-4,refit_on_3,7,B0005,118,96.27605729788222,84.529465
TD-Clean-4,refit_on_3,7,B0005,122,96.2762766313732,82.861786
TD-Clean-4,refit_on_3,7,B0005,126,95.99578118843372,79.75684
TD-Clean-4,refit_on_3,7,B0005,130,95.69403287907456,79.32669
TD-Clean-4,refit_on_3,7,B0005,134,95.98194451474556,82.3408
TD-Clean-4,refit_on_3,7,B0005,136,95.71321655496544,82.20465
TD-Clean-4,refit_on_3,7,B0005,140,95.11928805425076,84.317665
TD-Clean-4,refit_on_3,7,B0005,144,94.58275432725988,84.573746
TD-Clean-4,refit_on_3,7,B0005,148,94.27008009570102,84.429985
TD-Clean-4,refit_on_3,7,B0005,150,97.39411432859931,67.03686
TD-Clean-4,refit_on_3,7,B0005,154,96.82749231246368,77.74865
TD-Clean-4,refit_on_3,7,B0005,158,95.96820195991576,79.73249
TD-Clean-4,refit_on_3,7,B0005,162,95.40638930769452,80.25535
TD-Clean-4,refit_on_3,7,B0005,166,94.8553962680492,81.3743
TD-Clean-4,refit_on_3,7,B0005,170,94.5755674779542,80.75452
TD-Clean-4,refit_on_3,7,B0005,174,94.28806184403476,78.512505
TD-Clean-4,refit_on_3,7,B0005,178,93.73958753620327,80.35577
TD-Clean-4,refit_on_3,7,B0005,182,93.16861105469168,80.9033
TD-Clean-4,refit_on_3,7,B0005,186,92.88227598613614,81.35667
TD-Clean-4,refit_on_3,7,B0005,190,92.636901518198,79.53804
TD-Clean-4,refit_on_3,7,B0005,194,92.32720191735562,78.00956
TD-Clean-4,refit_on_3,7,B0005,198,92.01599848919145,79.06652
TD-Clean-4,refit_on_3,7,B0005,202,91.49053823956656,79.5805
TD-Clean-4,refit_on_3,7,B0005,206,90.92425521866993,80.37713
TD-Clean-4,refit_on_3,7,B0005,210,90.92941856192826,78.683586
TD-Clean-4,refit_on_3,7,B0005,214,90.34010561326173,79.96317
TD-Clean-4,refit_on_3,7,B0005,216,90.0847586044663,78.02731
TD-Clean-4,refit_on_3,7,B0005,220,89.80457989439137,78.63585
TD-Clean-4,refit_on_3,7,B0005,224,89.19640288815545,79.0924
TD-Clean-4,refit_on_3,7,B0005,228,88.93598251136243,78.91537
TD-Clean-4,refit_on_3,7,B0005,232,88.65781340235759,78.37503
TD-Clean-4,refit_on_3,7,B0005,236,88.38728178562198,78.25112
TD-Clean-4,refit_on_3,7,B0005,240,88.08171260170519,78.29633
TD-Clean-4,refit_on_3,7,B0005,244,87.49528010741024,78.19677
TD-Clean-4,refit_on_3,7,B0005,248,87.2366743602368,78.04369
TD-Clean-4,refit_on_3,7,B0005,252,86.96251727221627,78.13342
TD-Clean-4,refit_on_3,7,B0005,256,86.35734215456989,78.25658
TD-Clean-4,refit_on_3,7,B0005,260,86.10863457357058,78.29369
TD-Clean-4,refit_on_3,7,B0005,264,86.06270063126725,79.00058
TD-Clean-4,refit_on_3,7,B0005,266,86.63737677555004,76.1908
TD-Clean-4,refit_on_3,7,B0005,270,85.50813849993258,79.43874
TD-Clean-4,refit_on_3,7,B0005,274,84.97446653296429,80.34575
TD-Clean-4,refit_on_3,7,B0005,278,84.69557819389517,79.08964
TD-Clean-4,refit_on_3,7,B0005,282,84.68013627936132,76.2772
TD-Clean-4,refit_on_3,7,B0005,286,84.41991821853574,76.142296
TD-Clean-4,refit_on_3,7,B0005,290,84.10414931140878,76.430084
TD-Clean-4,refit_on_3,7,B0005,294,83.52653061113354,77.50585
TD-Clean-4,refit_on_3,7,B0005,298,82.96602561057489,78.48248
TD-Clean-4,refit_on_3,7,B0005,302,82.99920327964658,76.3224
TD-Clean-4,refit_on_3,7,B0005,306,82.68003018050378,75.063034
TD-Clean-4,refit_on_3,7,B0005,310,82.39976893302816,75.268555
TD-Clean-4,refit_on_3,7,B0005,313,87.19626195760692,76.67369
TD-Clean-4,refit_on_3,7,B0005,316,84.91729656129593,73.95545
TD-Clean-4,refit_on_3,7,B0005,320,84.06165489885902,75.54845
TD-Clean-4,refit_on_3,7,B0005,324,83.2082752902044,75.647545
TD-Clean-4,refit_on_3,7,B0005,328,82.91381970838151,75.92683
TD-Clean-4,refit_on_3,7,B0005,332,82.37106085271179,75.82025
TD-Clean-4,refit_on_3,7,B0005,336,82.09631790141844,75.35253
TD-Clean-4,refit_on_3,7,B0005,340,81.80669701206385,75.21517
TD-Clean-4,refit_on_3,7,B0005,344,81.53418918115372,75.301636
TD-Clean-4,refit_on_3,7,B0005,348,80.95312575426658,74.867615
TD-Clean-4,refit_on_3,7,B0005,352,80.6829269258604,74.465096
TD-Clean-4,refit_on_3,7,B0005,356,80.38673535372676,74.52062
TD-Clean-4,refit_on_3,7,B0005,360,80.10415225005684,74.744545
TD-Clean-4,refit_on_3,7,B0005,364,80.68483906716317,74.235374
TD-Clean-4,refit_on_3,7,B0005,367,81.23806188586506,72.439
TD-Clean-4,refit_on_3,7,B0005,371,80.40774500270479,73.89311
TD-Clean-4,refit_on_3,7,B0005,375,79.80793062432481,74.23982
TD-Clean-4,refit_on_3,7,B0005,379,78.94710440938543,74.68745
TD-Clean-4,refit_on_3,7,B0005,383,78.96040682717852,73.44602
TD-Clean-4,refit_on_3,7,B0005,387,79.00805769223405,72.984375
TD-Clean-4,refit_on_3,7,B0005,391,78.68325635434054,72.621315
TD-Clean-4,refit_on_3,7,B0005,395,78.12009683923326,73.4856
TD-Clean-4,refit_on_3,7,B0005,399,77.83635095586517,73.15397
TD-Clean-4,refit_on_3,7,B0005,403,77.83366081216815,72.59496
TD-Clean-4,refit_on_3,7,B0005,407,77.54418562704669,71.47438
TD-Clean-4,refit_on_3,7,B0005,411,77.26483532824366,72.461784
TD-Clean-4,refit_on_3,7,B0005,415,76.96665751739931,72.84606
TD-Clean-4,refit_on_3,7,B0005,419,76.69408123915822,72.89451
TD-Clean-4,refit_on_3,7,B0005,423,76.7032886034996,71.89656
TD-Clean-4,refit_on_3,7,B0005,427,76.43285089151239,71.36542
TD-Clean-4,refit_on_3,7,B0005,431,77.83345221466253,73.278275
TD-Clean-4,refit_on_3,7,B0005,433,78.09751233548145,72.04581
TD-Clean-4,refit_on_3,7,B0005,437,76.96262218385922,73.11716
TD-Clean-4,refit_on_3,7,B0005,441,76.3993634537507,73.269226
TD-Clean-4,refit_on_3,7,B0005,445,76.08562321685423,72.91382
TD-Clean-4,refit_on_3,7,B0005,449,75.84111192639295,72.70114
TD-Clean-4,refit_on_3,7,B0005,453,75.5470202599512,72.80701
TD-Clean-4,refit_on_3,7,B0005,457,75.2724773855306,72.85414
TD-Clean-4,refit_on_3,7,B0005,461,74.95796574493023,72.90226
TD-Clean-4,refit_on_3,7,B0005,465,74.67559060559861,73.12225
TD-Clean-4,refit_on_3,7,B0005,469,74.4190975749656,72.717834
TD-Clean-4,refit_on_3,7,B0005,473,74.41886702385212,72.54032
TD-Clean-4,refit_on_3,7,B0005,477,74.10538957595438,72.57145
TD-Clean-4,refit_on_3,7,B0005,481,74.68403981580354,69.42973
TD-Clean-4,refit_on_3,7,B0005,483,75.26611054535188,70.72575
TD-Clean-4,refit_on_3,7,B0005,485,74.38310747232698,72.025604
TD-Clean-4,refit_on_3,7,B0005,489,74.10795710900801,71.815346
TD-Clean-4,refit_on_3,7,B0005,493,73.53993654981534,72.16737
TD-Clean-4,refit_on_3,7,B0005,497,73.55729388669064,70.42941
TD-Clean-4,refit_on_3,7,B0005,501,73.56067241598603,70.48853
TD-Clean-4,refit_on_3,7,B0005,505,73.26805286034079,71.683525
TD-Clean-4,refit_on_3,7,B0005,509,72.98972077509227,72.40306
TD-Clean-4,refit_on_3,7,B0005,513,72.70747847813722,71.65972
TD-Clean-4,refit_on_3,7,B0005,517,72.70330518052887,70.21069
TD-Clean-4,refit_on_3,7,B0005,521,72.43680818215978,71.05183
TD-Clean-4,refit_on_3,7,B0005,525,72.14563728793834,71.98237
TD-Clean-4,refit_on_3,7,B0005,529,71.84842350914826,72.21876
TD-Clean-4,refit_on_3,7,B0005,533,71.57682808520298,72.0653
TD-Clean-4,refit_on_3,7,B0005,537,71.59297070565168,69.89227
TD-Clean-4,refit_on_3,7,B0005,541,71.58355486033668,71.36024
TD-Clean-4,refit_on_3,7,B0005,545,71.88651633814797,73.46517
TD-Clean-4,refit_on_3,7,B0005,548,73.85485752850198,71.02731
TD-Clean-4,refit_on_3,7,B0005,552,72.73676298693475,71.593605
TD-Clean-4,refit_on_3,7,B0005,556,72.16650080848474,71.96612
TD-Clean-4,refit_on_3,7,B0005,560,71.87574889700983,71.82796
TD-Clean-4,refit_on_3,7,B0005,564,71.60206343923741,71.795364
TD-Clean-4,refit_on_3,7,B0005,568,71.32194157026348,71.66613
TD-Clean-4,refit_on_3,7,B0005,572,71.30711389020412,71.714935
TD-Clean-4,refit_on_3,7,B0005,576,71.01356336148518,71.87001
TD-Clean-4,refit_on_3,7,B0005,580,70.75492745457169,71.71387
TD-Clean-4,refit_on_3,7,B0005,584,70.77254445771489,71.41335
TD-Clean-4,refit_on_3,7,B0005,588,70.77540542374062,71.26598
TD-Clean-4,refit_on_3,7,B0005,592,70.47550750397869,70.90059
TD-Clean-4,refit_on_3,7,B0005,596,70.48563041810954,71.33732
TD-Clean-4,refit_on_3,7,B0005,600,70.23531244180377,71.2321
TD-Clean-4,refit_on_3,7,B0005,604,69.93882142370093,70.77188
TD-Clean-4,refit_on_3,7,B0005,608,69.90890905512207,70.53285
TD-Clean-4,refit_on_3,7,B0005,612,71.07977535187085,69.423004
TD-Clean-4,refit_on_3,7,B0005,614,71.95205157786506,68.469894
TD-Clean-4,pre_refit,7,B0006,2,100.88297108833646,96.0418
TD-Clean-4,pre_refit,7,B0006,4,100.37753235288778,98.56407
TD-Clean-4,pre_refit,7,B0006,6,99.79196916000484,98.88542
TD-Clean-4,pre_refit,7,B0006,8,99.7899019818078,98.79718
TD-Clean-4,pre_refit,7,B0006,10,99.15762541696316,98.127144
TD-Clean-4,pre_refit,7,B0006,12,99.8203556776378,98.15922
TD-Clean-4,pre_refit,7,B0006,14,99.7808037027038,97.87709
TD-Clean-4,pre_refit,7,B0006,16,97.5844832820893,98.62468
TD-Clean-4,pre_refit,7,B0006,18,97.5535716293996,98.57812
TD-Clean-4,pre_refit,7,B0006,20,97.01155142541865,97.86476
TD-Clean-4,pre_refit,7,B0006,22,96.43502080876348,98.1092
TD-Clean-4,pre_refit,7,B0006,25,95.8972998236526,97.88865
TD-Clean-4,pre_refit,7,B0006,27,95.32875373854844,98.343636
TD-Clean-4,pre_refit,7,B0006,29,94.76419905980474,97.32314
TD-Clean-4,pre_refit,7,B0006,31,94.22773853976388,97.36833
TD-Clean-4,pre_refit,7,B0006,33,93.6395064953226,97.04919
TD-Clean-4,pre_refit,7,B0006,35,93.09821798643677,97.40139
TD-Clean-4,pre_refit,7,B0006,37,92.56743574756617,97.02682
TD-Clean-4,pre_refit,7,B0006,39,92.56840432582156,96.87352
TD-Clean-4,pre_refit,7,B0006,42,98.12161319843736,96.21341
TD-Clean-4,pre_refit,7,B0006,46,97.02736865587346,97.3277
TD-Clean-4,pre_refit,7,B0006,50,96.4457203456954,96.88454
TD-Clean-4,pre_refit,7,B0006,54,95.37664206593776,96.31387
TD-Clean-4,pre_refit,7,B0006,58,96.45395400781383,95.44361
TD-Clean-4,pre_refit,7,B0006,62,94.2446511737385,95.70814
TD-Clean-4,pre_refit,7,B0006,66,93.11783815158223,94.96448
TD-Clean-4,pre_refit,7,B0006,70,92.60393676951,94.627945
TD-Clean-4,pre_refit,7,B0006,74,91.99518419888014,94.30793
TD-Clean-4,pre_refit,7,B0006,78,91.45865458065036,94.680115
TD-Clean-4,pre_refit,7,B0006,82,92.05488530825814,94.061714
TD-Clean-4,pre_refit,7,B0006,86,95.40291074415664,90.92911
TD-Clean-4,pre_refit,7,B0006,90,93.2941701264468,91.60689
TD-Clean-4,pre_refit,7,B0006,94,91.95812296295944,90.70309
TD-Clean-4,pre_refit,7,B0006,98,91.16379285351326,90.0213
TD-Clean-4,pre_refit,7,B0006,102,90.13722315501992,89.22586
TD-Clean-4,pre_refit,7,B0006,106,89.88629167454431,88.810974
TD-Clean-4,pre_refit,7,B0006,110,89.07464504963947,88.7519
TD-Clean-4,pre_refit,7,B0006,114,88.27677498375004,88.36634
TD-Clean-4,pre_refit,7,B0006,118,87.78153478310176,87.99441
TD-Clean-4,pre_refit,7,B0006,122,87.25902301297472,87.837135
TD-Clean-4,pre_refit,7,B0006,126,86.75445063463465,87.930626
TD-Clean-4,pre_refit,7,B0006,130,86.21919662960373,87.5046
TD-Clean-4,pre_refit,7,B0006,134,86.97181002045869,87.18882
TD-Clean-4,pre_refit,7,B0006,136,87.53004089819298,87.68378
TD-Clean-4,pre_refit,7,B0006,140,85.93648557449694,87.68365
TD-Clean-4,pre_refit,7,B0006,144,84.92223069682748,87.620415
TD-Clean-4,pre_refit,7,B0006,148,84.38106569995976,87.29333
TD-Clean-4,pre_refit,7,B0006,150,90.39396636175364,89.2417
TD-Clean-4,pre_refit,7,B0006,154,89.62118442408695,89.69924
TD-Clean-4,pre_refit,7,B0006,158,88.01687540594799,88.30391
TD-Clean-4,pre_refit,7,B0006,162,86.47934133475826,87.530464
TD-Clean-4,pre_refit,7,B0006,166,85.7093899316892,87.660385
TD-Clean-4,pre_refit,7,B0006,170,84.66363361309608,87.54867
TD-Clean-4,pre_refit,7,B0006,174,84.14253773442293,87.19519
TD-Clean-4,pre_refit,7,B0006,178,83.37268440744252,87.33379
TD-Clean-4,pre_refit,7,B0006,182,82.84795096685752,87.12994
TD-Clean-4,pre_refit,7,B0006,186,82.31672078137474,86.68749
TD-Clean-4,pre_refit,7,B0006,190,81.8390002521071,86.480446
TD-Clean-4,pre_refit,7,B0006,194,81.29446683115198,86.85519
TD-Clean-4,pre_refit,7,B0006,198,80.75246648690656,86.98741
TD-Clean-4,pre_refit,7,B0006,202,79.7437886746144,87.82982
TD-Clean-4,pre_refit,7,B0006,206,79.47984426199564,87.082664
TD-Clean-4,pre_refit,7,B0006,210,79.25415788836384,86.94282
TD-Clean-4,pre_refit,7,B0006,214,78.69188922732394,87.36503
TD-Clean-4,pre_refit,7,B0006,216,78.46114405771091,87.54653
TD-Clean-4,pre_refit,7,B0006,220,77.67630372212932,87.742836
TD-Clean-4,pre_refit,7,B0006,224,77.38916838478035,87.63751
TD-Clean-4,pre_refit,7,B0006,228,76.88491527529958,88.16176
TD-Clean-4,pre_refit,7,B0006,232,76.3646225030132,87.903824
TD-Clean-4,pre_refit,7,B0006,236,75.60327887522882,88.39116
TD-Clean-4,pre_refit,7,B0006,240,75.84333345118733,88.534134
TD-Clean-4,pre_refit,7,B0006,244,75.57070473005419,88.48001
TD-Clean-4,pre_refit,7,B0006,248,75.06972493621848,89.48151
TD-Clean-4,pre_refit,7,B0006,252,74.81407516505371,89.2011
TD-Clean-4,pre_refit,7,B0006,256,74.54671414292675,88.95601
TD-Clean-4,pre_refit,7,B0006,260,74.02740213488109,89.96279
TD-Clean-4,pre_refit,7,B0006,264,73.73556466569462,89.481995
TD-Clean-4,pre_refit,7,B0006,266,75.84980622026112,87.0588
TD-Clean-4,pre_refit,7,B0006,270,74.55060879561292,88.92711
TD-Clean-4,pre_refit,7,B0006,274,73.79142812679322,88.60904
TD-Clean-4,pre_refit,7,B0006,278,73.27190839787096,90.35565
TD-Clean-4,pre_refit,7,B0006,282,73.28093201847443,89.89345
TD-Clean-4,pre_refit,7,B0006,286,73.02095301621284,90.08753
TD-Clean-4,pre_refit,7,B0006,290,72.73851013234444,90.04279
TD-Clean-4,pre_refit,7,B0006,294,71.95104826590523,90.117676
TD-Clean-4,pre_refit,7,B0006,298,71.96564568462234,90.29039
TD-Clean-4,pre_refit,7,B0006,302,71.72895437691278,91.08716
TD-Clean-4,pre_refit,7,B0006,306,71.71434939609318,90.69417
TD-Clean-4,pre_refit,7,B0006,310,71.45761792874575,91.090485
TD-Clean-4,pre_refit,7,B0006,313,78.98726854374111,87.627525
TD-Clean-4,pre_refit,7,B0006,316,76.64794397240323,87.03716
TD-Clean-4,pre_refit,7,B0006,320,75.07747171565073,88.56222
TD-Clean-4,pre_refit,7,B0006,324,74.29795247472106,88.6143
TD-Clean-4,pre_refit,7,B0006,328,73.51146675367659,89.27863
TD-Clean-4,pre_refit,7,B0006,332,73.00864275760908,89.189896
TD-Clean-4,pre_refit,7,B0006,336,72.50277290138493,89.75303
TD-Clean-4,pre_refit,7,B0006,340,71.96131839956391,89.69225
TD-Clean-4,pre_refit,7,B0006,344,71.71500633205595,90.186966
TD-Clean-4,pre_refit,7,B0006,348,71.44305583769248,90.33877
TD-Clean-4,pre_refit,7,B0006,352,70.93898960214143,90.46162
TD-Clean-4,pre_refit,7,B0006,356,70.68194044477139,90.40931
TD-Clean-4,pre_refit,7,B0006,360,70.4074916889224,91.429825
TD-Clean-4,pre_refit,7,B0006,364,70.41804785222855,91.353836
TD-Clean-4,pre_refit,7,B0006,367,71.98210310103482,90.425545
TD-Clean-4,pre_refit,7,B0006,371,70.95618334594263,91.38489
TD-Clean-4,pre_refit,7,B0006,375,70.1362730902931,91.21117
TD-Clean-4,pre_refit,7,B0006,379,69.87433806657212,91.22371
TD-Clean-4,pre_refit,7,B0006,383,69.63573699649338,92.10665
TD-Clean-4,pre_refit,7,B0006,387,69.15232147064526,93.04674
TD-Clean-4,pre_refit,7,B0006,391,69.12109936452545,92.857506
TD-Clean-4,pre_refit,7,B0006,395,68.86250185726787,92.66219
TD-Clean-4,pre_refit,7,B0006,399,68.59092282212131,92.54968
TD-Clean-4,pre_refit,7,B0006,403,68.08750743669,92.89707
TD-Clean-4,pre_refit,7,B0006,407,68.33159705981836,93.17733
TD-Clean-4,pre_refit,7,B0006,411,68.09140360412486,93.36804
TD-Clean-4,pre_refit,7,B0006,415,67.81869443003508,93.32994
TD-Clean-4,pre_refit,7,B0006,419,67.5730638436144,93.315765
TD-Clean-4,pre_refit,7,B0006,423,67.31503513349786,94.229355
TD-Clean-4,pre_refit,7,B0006,427,67.07575548417674,94.03022
TD-Clean-4,pre_refit,7,B0006,431,68.60691404106846,93.91953
TD-Clean-4,pre_refit,7,B0006,433,69.64711039275872,92.048584
TD-Clean-4,pre_refit,7,B0006,437,68.33719964359061,92.81223
TD-Clean-4,pre_refit,7,B0006,441,67.81907707369999,93.76611
TD-Clean-4,pre_refit,7,B0006,445,67.27630029953899,93.19763
TD-Clean-4,pre_refit,7,B0006,449,67.03731096833596,94.469345
TD-Clean-4,pre_refit,7,B0006,453,66.78534122129697,94.0511
TD-Clean-4,pre_refit,7,B0006,457,66.26973868287087,94.42554
TD-Clean-4,pre_refit,7,B0006,461,65.98363462621751,94.95315
TD-Clean-4,pre_refit,7,B0006,465,65.72069252661954,95.88801
TD-Clean-4,pre_refit,7,B0006,469,65.50500064349335,95.028015
TD-Clean-4,pre_refit,7,B0006,473,65.48747074550045,95.88856
TD-Clean-4,pre_refit,7,B0006,477,65.2110653386093,96.563614
TD-Clean-4,pre_refit,7,B0006,481,65.47148558720653,96.49899
TD-Clean-4,pre_refit,7,B0006,483,66.78647932759047,94.273125
TD-Clean-4,pre_refit,7,B0006,485,65.72477818237311,96.3096
TD-Clean-4,pre_refit,7,B0006,489,64.93697426302657,96.61144
TD-Clean-4,pre_refit,7,B0006,493,64.69397950587184,97.17973
TD-Clean-4,pre_refit,7,B0006,497,64.45556804271465,96.83077
TD-Clean-4,pre_refit,7,B0006,501,64.44711910522597,97.5807
TD-Clean-4,pre_refit,7,B0006,505,63.9153253541329,97.54003
TD-Clean-4,pre_refit,7,B0006,509,63.40709756117343,97.70928
TD-Clean-4,pre_refit,7,B0006,513,63.40485519747241,97.771835
TD-Clean-4,pre_refit,7,B0006,517,63.14854807557744,97.82965
TD-Clean-4,pre_refit,7,B0006,521,63.15304028594434,98.15381
TD-Clean-4,pre_refit,7,B0006,525,62.63936845251047,98.49053
TD-Clean-4,pre_refit,7,B0006,529,62.36048327920517,98.28952
TD-Clean-4,pre_refit,7,B0006,533,62.11872624491582,97.90122
TD-Clean-4,pre_refit,7,B0006,537,62.11731201074328,98.117905
TD-Clean-4,pre_refit,7,B0006,541,61.86235410492132,98.73533
TD-Clean-4,pre_refit,7,B0006,545,62.12742822257309,98.96645
TD-Clean-4,pre_refit,7,B0006,548,63.93010610326108,97.67641
TD-Clean-4,pre_refit,7,B0006,552,62.62827859533666,98.73205
TD-Clean-4,pre_refit,7,B0006,556,61.85683618405182,99.168045
TD-Clean-4,pre_refit,7,B0006,560,61.07092794836815,99.384895
TD-Clean-4,pre_refit,7,B0006,564,60.82277612678393,99.21074
TD-Clean-4,pre_refit,7,B0006,568,60.55640953242813,99.69173
TD-Clean-4,pre_refit,7,B0006,572,60.02917505279337,99.65268
TD-Clean-4,pre_refit,7,B0006,576,59.75722270334661,99.78109
TD-Clean-4,pre_refit,7,B0006,580,59.52315601830062,99.73504
TD-Clean-4,pre_refit,7,B0006,584,59.01246912863032,100.30212
TD-Clean-4,pre_refit,7,B0006,588,58.74426171153606,100.403046
TD-Clean-4,pre_refit,7,B0006,592,58.47122551716232,100.60505
TD-Clean-4,pre_refit,7,B0006,596,58.2196597592319,100.702194
TD-Clean-4,pre_refit,7,B0006,600,57.18983519098029,101.41904
TD-Clean-4,pre_refit,7,B0006,604,57.71437056534329,101.25646
TD-Clean-4,pre_refit,7,B0006,608,57.43663099473362,101.13514
TD-Clean-4,pre_refit,7,B0006,612,58.23847489632371,101.103775
TD-Clean-4,pre_refit,7,B0006,614,58.76884540363096,100.22961
TD-Clean-4,refit_on_3,7,B0006,2,100.88297108833646,94.56382
TD-Clean-4,refit_on_3,7,B0006,4,100.37753235288778,99.23358
TD-Clean-4,refit_on_3,7,B0006,6,99.79196916000484,99.57219
TD-Clean-4,refit_on_3,7,B0006,8,99.7899019818078,99.417694
TD-Clean-4,refit_on_3,7,B0006,10,99.15762541696316,98.91359
TD-Clean-4,refit_on_3,7,B0006,12,99.8203556776378,98.47269
TD-Clean-4,refit_on_3,7,B0006,14,99.7808037027038,98.462585
TD-Clean-4,refit_on_3,7,B0006,16,97.5844832820893,99.77676
TD-Clean-4,refit_on_3,7,B0006,18,97.5535716293996,99.612946
TD-Clean-4,refit_on_3,7,B0006,20,97.01155142541865,99.18716
TD-Clean-4,refit_on_3,7,B0006,22,96.43502080876348,99.26355
TD-Clean-4,refit_on_3,7,B0006,25,95.8972998236526,98.750885
TD-Clean-4,refit_on_3,7,B0006,27,95.32875373854844,99.66386
TD-Clean-4,refit_on_3,7,B0006,29,94.76419905980474,98.0617
TD-Clean-4,refit_on_3,7,B0006,31,94.22773853976388,99.06407
TD-Clean-4,refit_on_3,7,B0006,33,93.6395064953226,98.83379
TD-Clean-4,refit_on_3,7,B0006,35,93.09821798643677,98.88181
TD-Clean-4,refit_on_3,7,B0006,37,92.56743574756617,98.65468
TD-Clean-4,refit_on_3,7,B0006,39,92.56840432582156,98.30998
TD-Clean-4,refit_on_3,7,B0006,42,98.12161319843736,96.30219
TD-Clean-4,refit_on_3,7,B0006,46,97.02736865587346,97.57143
TD-Clean-4,refit_on_3,7,B0006,50,96.4457203456954,97.375496
TD-Clean-4,refit_on_3,7,B0006,54,95.37664206593776,96.95187
TD-Clean-4,refit_on_3,7,B0006,58,96.45395400781383,95.50795
TD-Clean-4,refit_on_3,7,B0006,62,94.2446511737385,96.23802
TD-Clean-4,refit_on_3,7,B0006,66,93.11783815158223,95.84863
TD-Clean-4,refit_on_3,7,B0006,70,92.60393676951,94.960464
TD-Clean-4,refit_on_3,7,B0006,74,91.99518419888014,94.72785
TD-Clean-4,refit_on_3,7,B0006,78,91.45865458065036,95.37903
TD-Clean-4,refit_on_3,7,B0006,82,92.05488530825814,94.3701
TD-Clean-4,refit_on_3,7,B0006,86,95.40291074415664,87.88945
TD-Clean-4,refit_on_3,7,B0006,90,93.2941701264468,88.33687
TD-Clean-4,refit_on_3,7,B0006,94,91.95812296295944,88.10681
TD-Clean-4,refit_on_3,7,B0006,98,91.16379285351326,87.97891
TD-Clean-4,refit_on_3,7,B0006,102,90.13722315501992,87.54138
TD-Clean-4,refit_on_3,7,B0006,106,89.88629167454431,86.49457
TD-Clean-4,refit_on_3,7,B0006,110,89.07464504963947,86.91218
TD-Clean-4,refit_on_3,7,B0006,114,88.27677498375004,86.76427
TD-Clean-4,refit_on_3,7,B0006,118,87.78153478310176,86.62014
TD-Clean-4,refit_on_3,7,B0006,122,87.25902301297472,86.05468
TD-Clean-4,refit_on_3,7,B0006,126,86.75445063463465,85.390945
TD-Clean-4,refit_on_3,7,B0006,130,86.21919662960373,85.06297
TD-Clean-4,refit_on_3,7,B0006,134,86.97181002045869,85.3666
TD-Clean-4,refit_on_3,7,B0006,136,87.53004089819298,85.615295
TD-Clean-4,refit_on_3,7,B0006,140,85.93648557449694,85.94535
TD-Clean-4,refit_on_3,7,B0006,144,84.92223069682748,85.85797
TD-Clean-4,refit_on_3,7,B0006,148,84.38106569995976,85.52974
TD-Clean-4,refit_on_3,7,B0006,150,90.39396636175364,83.06367
TD-Clean-4,refit_on_3,7,B0006,154,89.62118442408695,86.36563
TD-Clean-4,refit_on_3,7,B0006,158,88.01687540594799,85.6246
TD-Clean-4,refit_on_3,7,B0006,162,86.47934133475826,85.14009
TD-Clean-4,refit_on_3,7,B0006,166,85.7093899316892,85.32918
TD-Clean-4,refit_on_3,7,B0006,170,84.66363361309608,85.02535
TD-Clean-4,refit_on_3,7,B0006,174,84.14253773442293,84.320404
TD-Clean-4,refit_on_3,7,B0006,178,83.37268440744252,84.617836
TD-Clean-4,refit_on_3,7,B0006,182,82.84795096685752,84.50364
TD-Clean-4,refit_on_3,7,B0006,186,82.31672078137474,84.2553
TD-Clean-4,refit_on_3,7,B0006,190,81.8390002521071,83.70679
TD-Clean-4,refit_on_3,7,B0006,194,81.29446683115198,83.657265
TD-Clean-4,refit_on_3,7,B0006,198,80.75246648690656,83.8038
TD-Clean-4,refit_on_3,7,B0006,202,79.7437886746144,84.440956
TD-Clean-4,refit_on_3,7,B0006,206,79.47984426199564,84.10292
TD-Clean-4,refit_on_3,7,B0006,210,79.25415788836384,83.42688
TD-Clean-4,refit_on_3,7,B0006,214,78.69188922732394,84.50557
TD-Clean-4,refit_on_3,7,B0006,216,78.46114405771091,84.24167
TD-Clean-4,refit_on_3,7,B0006,220,77.67630372212932,84.43802
TD-Clean-4,refit_on_3,7,B0006,224,77.38916838478035,84.40308
TD-Clean-4,refit_on_3,7,B0006,228,76.88491527529958,84.62036
TD-Clean-4,refit_on_3,7,B0006,232,76.3646225030132,84.30651
TD-Clean-4,refit_on_3,7,B0006,236,75.60327887522882,84.59749
TD-Clean-4,refit_on_3,7,B0006,240,75.84333345118733,84.59116
TD-Clean-4,refit_on_3,7,B0006,244,75.57070473005419,84.51137
TD-Clean-4,refit_on_3,7,B0006,248,75.06972493621848,85.067
TD-Clean-4,refit_on_3,7,B0006,252,74.81407516505371,84.85164
TD-Clean-4,refit_on_3,7,B0006,256,74.54671414292675,84.71965
TD-Clean-4,refit_on_3,7,B0006,260,74.02740213488109,85.369415
TD-Clean-4,refit_on_3,7,B0006,264,73.73556466569462,84.797554
TD-Clean-4,refit_on_3,7,B0006,266,75.84980622026112,82.71205
TD-Clean-4,refit_on_3,7,B0006,270,74.55060879561292,84.50866
TD-Clean-4,refit_on_3,7,B0006,274,73.79142812679322,84.33258
TD-Clean-4,refit_on_3,7,B0006,278,73.27190839787096,85.19566
TD-Clean-4,refit_on_3,7,B0006,282,73.28093201847443,84.22116
TD-Clean-4,refit_on_3,7,B0006,286,73.02095301621284,84.18746
TD-Clean-4,refit_on_3,7,B0006,290,72.73851013234444,84.25269
TD-Clean-4,refit_on_3,7,B0006,294,71.95104826590523,84.63254
TD-Clean-4,refit_on_3,7,B0006,298,71.96564568462234,84.83128
TD-Clean-4,refit_on_3,7,B0006,302,71.72895437691278,84.8134
TD-Clean-4,refit_on_3,7,B0006,306,71.71434939609318,84.30487
TD-Clean-4,refit_on_3,7,B0006,310,71.45761792874575,84.54547
TD-Clean-4,refit_on_3,7,B0006,313,78.98726854374111,83.03873
TD-Clean-4,refit_on_3,7,B0006,316,76.64794397240323,82.44201
TD-Clean-4,refit_on_3,7,B0006,320,75.07747171565073,83.81939
TD-Clean-4,refit_on_3,7,B0006,324,74.29795247472106,83.78514
TD-Clean-4,refit_on_3,7,B0006,328,73.51146675367659,84.172745
TD-Clean-4,refit_on_3,7,B0006,332,73.00864275760908,84.112755
TD-Clean-4,refit_on_3,7,B0006,336,72.50277290138493,84.30062
TD-Clean-4,refit_on_3,7,B0006,340,71.96131839956391,84.1721
TD-Clean-4,refit_on_3,7,B0006,344,71.71500633205595,84.43539
TD-Clean-4,refit_on_3,7,B0006,348,71.44305583769248,84.464615
TD-Clean-4,refit_on_3,7,B0006,352,70.93898960214143,84.42265
TD-Clean-4,refit_on_3,7,B0006,356,70.68194044477139,84.36517
TD-Clean-4,refit_on_3,7,B0006,360,70.4074916889224,85.03594
TD-Clean-4,refit_on_3,7,B0006,364,70.41804785222855,84.40753
TD-Clean-4,refit_on_3,7,B0006,367,71.98210310103482,84.20503
TD-Clean-4,refit_on_3,7,B0006,371,70.95618334594263,85.07853
TD-Clean-4,refit_on_3,7,B0006,375,70.1362730902931,85.07956
TD-Clean-4,refit_on_3,7,B0006,379,69.87433806657212,84.90374
TD-Clean-4,refit_on_3,7,B0006,383,69.63573699649338,85.051796
TD-Clean-4,refit_on_3,7,B0006,387,69.15232147064526,85.82556
TD-Clean-4,refit_on_3,7,B0006,391,69.12109936452545,85.62487
TD-Clean-4,refit_on_3,7,B0006,395,68.86250185726787,85.56886
TD-Clean-4,refit_on_3,7,B0006,399,68.59092282212131,85.23672
TD-Clean-4,refit_on_3,7,B0006,403,68.08750743669,85.62958
TD-Clean-4,refit_on_3,7,B0006,407,68.33159705981836,85.57772
TD-Clean-4,refit_on_3,7,B0006,411,68.09140360412486,85.92208
TD-Clean-4,refit_on_3,7,B0006,415,67.81869443003508,85.831505
TD-Clean-4,refit_on_3,7,B0006,419,67.5730638436144,85.66135
TD-Clean-4,refit_on_3,7,B0006,423,67.31503513349786,86.179985
TD-Clean-4,refit_on_3,7,B0006,427,67.07575548417674,86.17521
TD-Clean-4,refit_on_3,7,B0006,431,68.60691404106846,86.746826
TD-Clean-4,refit_on_3,7,B0006,433,69.64711039275872,85.16153
TD-Clean-4,refit_on_3,7,B0006,437,68.33719964359061,85.81414
TD-Clean-4,refit_on_3,7,B0006,441,67.81907707369999,86.21898
TD-Clean-4,refit_on_3,7,B0006,445,67.27630029953899,85.574165
TD-Clean-4,refit_on_3,7,B0006,449,67.03731096833596,86.362625
TD-Clean-4,refit_on_3,7,B0006,453,66.78534122129697,86.05918
TD-Clean-4,refit_on_3,7,B0006,457,66.26973868287087,86.318665
TD-Clean-4,refit_on_3,7,B0006,461,65.98363462621751,86.68137
TD-Clean-4,refit_on_3,7,B0006,465,65.72069252661954,87.409
TD-Clean-4,refit_on_3,7,B0006,469,65.50500064349335,86.68714
TD-Clean-4,refit_on_3,7,B0006,473,65.48747074550045,87.18297
TD-Clean-4,refit_on_3,7,B0006,477,65.2110653386093,87.652176
TD-Clean-4,refit_on_3,7,B0006,481,65.47148558720653,87.1828
TD-Clean-4,refit_on_3,7,B0006,483,66.78647932759047,86.40047
TD-Clean-4,refit_on_3,7,B0006,485,65.72477818237311,88.21118
TD-Clean-4,refit_on_3,7,B0006,489,64.93697426302657,88.12429
TD-Clean-4,refit_on_3,7,B0006,493,64.69397950587184,88.875465
TD-Clean-4,refit_on_3,7,B0006,497,64.45556804271465,88.02597
TD-Clean-4,refit_on_3,7,B0006,501,64.44711910522597,88.48911
TD-Clean-4,refit_on_3,7,B0006,505,63.9153253541329,88.71167
TD-Clean-4,refit_on_3,7,B0006,509,63.40709756117343,89.502426
TD-Clean-4,refit_on_3,7,B0006,513,63.40485519747241,89.830345
TD-Clean-4,refit_on_3,7,B0006,517,63.14854807557744,89.282616
TD-Clean-4,refit_on_3,7,B0006,521,63.15304028594434,89.62202
TD-Clean-4,refit_on_3,7,B0006,525,62.63936845251047,90.695404
TD-Clean-4,refit_on_3,7,B0006,529,62.36048327920517,90.89352
TD-Clean-4,refit_on_3,7,B0006,533,62.11872624491582,90.43678
TD-Clean-4,refit_on_3,7,B0006,537,62.11731201074328,89.92316
TD-Clean-4,refit_on_3,7,B0006,541,61.86235410492132,91.022766
TD-Clean-4,refit_on_3,7,B0006,545,62.12742822257309,91.5868
TD-Clean-4,refit_on_3,7,B0006,548,63.93010610326108,88.35138
TD-Clean-4,refit_on_3,7,B0006,552,62.62827859533666,89.737236
TD-Clean-4,refit_on_3,7,B0006,556,61.85683618405182,90.695335
TD-Clean-4,refit_on_3,7,B0006,560,61.07092794836815,91.23091
TD-Clean-4,refit_on_3,7,B0006,564,60.82277612678393,90.98343
TD-Clean-4,refit_on_3,7,B0006,568,60.55640953242813,91.83663
TD-Clean-4,refit_on_3,7,B0006,572,60.02917505279337,91.74679
TD-Clean-4,refit_on_3,7,B0006,576,59.75722270334661,92.00154
TD-Clean-4,refit_on_3,7,B0006,580,59.52315601830062,91.87976
TD-Clean-4,refit_on_3,7,B0006,584,59.01246912863032,92.75804
TD-Clean-4,refit_on_3,7,B0006,588,58.74426171153606,92.81819
TD-Clean-4,refit_on_3,7,B0006,592,58.47122551716232,93.01411
TD-Clean-4,refit_on_3,7,B0006,596,58.2196597592319,93.31804
TD-Clean-4,refit_on_3,7,B0006,600,57.18983519098029,94.50131
TD-Clean-4,refit_on_3,7,B0006,604,57.71437056534329,94.09573
TD-Clean-4,refit_on_3,7,B0006,608,57.43663099473362,93.683846
TD-Clean-4,refit_on_3,7,B0006,612,58.23847489632371,93.54242
TD-Clean-4,refit_on_3,7,B0006,614,58.76884540363096,91.8493
TD-Clean-4,pre_refit,7,B0007,2,100.45351791563915,81.93847
TD-Clean-4,pre_refit,7,B0007,4,99.900254379013,89.75727
TD-Clean-4,pre_refit,7,B0007,6,99.90161660017114,90.23781
TD-Clean-4,pre_refit,7,B0007,8,99.9073657865712,91.06246
TD-Clean-4,pre_refit,7,B0007,10,99.83724531860553,91.10574
TD-Clean-4,pre_refit,7,B0007,12,99.90361817867274,90.80235
TD-Clean-4,pre_refit,7,B0007,14,99.86297576917136,90.08943
TD-Clean-4,pre_refit,7,B0007,16,99.94656396119812,92.38345
TD-Clean-4,pre_refit,7,B0007,18,99.31878532934633,92.95486
TD-Clean-4,pre_refit,7,B0007,20,99.33799331164263,93.00244
TD-Clean-4,pre_refit,7,B0007,22,99.33756087304828,93.30894
TD-Clean-4,pre_refit,7,B0007,25,98.78551523188162,92.62337
TD-Clean-4,pre_refit,7,B0007,27,98.75485184986668,94.32942
TD-Clean-4,pre_refit,7,B0007,29,98.75133536665352,93.13323
TD-Clean-4,pre_refit,7,B0007,31,98.77012942519043,95.13869
TD-Clean-4,pre_refit,7,B0007,33,98.73683812511632,94.811005
TD-Clean-4,pre_refit,7,B0007,35,98.15685575226132,94.75545
TD-Clean-4,pre_refit,7,B0007,37,98.19446503474695,95.52338
TD-Clean-4,pre_refit,7,B0007,39,98.186691403046,95.0656
TD-Clean-4,pre_refit,7,B0007,42,99.90787801510066,86.81236
TD-Clean-4,pre_refit,7,B0007,46,99.94461695603135,87.423004
TD-Clean-4,pre_refit,7,B0007,50,99.92460497901308,91.18967
TD-Clean-4,pre_refit,7,B0007,54,99.38880751306714,91.756195
TD-Clean-4,pre_refit,7,B0007,58,99.34580918956073,89.818016
TD-Clean-4,pre_refit,7,B0007,62,99.37088315432128,92.49491
TD-Clean-4,pre_refit,7,B0007,66,98.78342046080256,91.96151
TD-Clean-4,pre_refit,7,B0007,70,98.8058078187501,92.252235
TD-Clean-4,pre_refit,7,B0007,74,98.75966747373796,91.804
TD-Clean-4,pre_refit,7,B0007,78,98.1739885027512,91.62673
TD-Clean-4,pre_refit,7,B0007,82,98.23039625446908,91.77397
TD-Clean-4,pre_refit,7,B0007,86,100.05062324611636,78.40617
TD-Clean-4,pre_refit,7,B0007,90,98.95386520139344,81.052475
TD-Clean-4,pre_refit,7,B0007,94,98.38356039411237,83.3607
TD-Clean-4,pre_refit,7,B0007,98,98.11080955264678,85.49816
TD-Clean-4,pre_refit,7,B0007,102,97.57312273601715,85.78789
TD-Clean-4,pre_refit,7,B0007,106,97.5908400366413,81.57806
TD-Clean-4,pre_refit,7,B0007,110,97.29922460125108,84.299225
TD-Clean-4,pre_refit,7,B0007,114,96.74012336609094,85.56482
TD-Clean-4,pre_refit,7,B0007,118,96.49359124138364,86.16654
TD-Clean-4,pre_refit,7,B0007,122,96.22137391342224,84.05644
TD-Clean-4,pre_refit,7,B0007,126,96.233276781278,80.93502
TD-Clean-4,pre_refit,7,B0007,130,95.93841918044076,80.40271
TD-Clean-4,pre_refit,7,B0007,134,96.31819241353496,82.931625
TD-Clean-4,pre_refit,7,B0007,136,95.94953719543624,84.37021
TD-Clean-4,pre_refit,7,B0007,140,95.3953227427902,86.22899
TD-Clean-4,pre_refit,7,B0007,144,94.86699939598208,86.63643
TD-Clean-4,pre_refit,7,B0007,148,94.57173479963342,85.98189
TD-Clean-4,pre_refit,7,B0007,150,96.41760769059738,63.688164
TD-Clean-4,pre_refit,7,B0007,154,96.45090493439226,78.24615
TD-Clean-4,pre_refit,7,B0007,158,95.6297003383392,80.65366
TD-Clean-4,pre_refit,7,B0007,162,95.10935396520227,81.01293
TD-Clean-4,pre_refit,7,B0007,166,94.57259385530976,81.85008
TD-Clean-4,pre_refit,7,B0007,170,94.30623404626093,80.85862
TD-Clean-4,pre_refit,7,B0007,174,94.0371367595855,78.40269
TD-Clean-4,pre_refit,7,B0007,178,93.49626919937222,79.987724
TD-Clean-4,pre_refit,7,B0007,182,92.9420388383138,79.869606
TD-Clean-4,pre_refit,7,B0007,186,92.94217065781828,80.364525
TD-Clean-4,pre_refit,7,B0007,190,92.69668329388116,78.410904
TD-Clean-4,pre_refit,7,B0007,194,92.41073633514534,76.83024
TD-Clean-4,pre_refit,7,B0007,198,91.82208130681248,77.51784
TD-Clean-4,pre_refit,7,B0007,202,91.5743327473832,78.70006
TD-Clean-4,pre_refit,7,B0007,206,91.04730118386937,79.095795
TD-Clean-4,pre_refit,7,B0007,210,91.04684020750553,76.76366
TD-Clean-4,pre_refit,7,B0007,214,90.49873919973382,77.57975
TD-Clean-4,pre_refit,7,B0007,216,90.51794914609178,76.461655
TD-Clean-4,pre_refit,7,B0007,220,89.96325858213598,77.16194
TD-Clean-4,pre_refit,7,B0007,224,89.64911074691454,77.3031
TD-Clean-4,pre_refit,7,B0007,228,89.4056438247883,77.04508
TD-Clean-4,pre_refit,7,B0007,232,89.13221056506995,76.451004
TD-Clean-4,pre_refit,7,B0007,236,88.88142970948275,76.504974
TD-Clean-4,pre_refit,7,B0007,240,88.57496163215028,76.127495
TD-Clean-4,pre_refit,7,B0007,244,88.30030467403411,76.051025
TD-Clean-4,pre_refit,7,B0007,248,88.04309784572763,75.72393
TD-Clean-4,pre_refit,7,B0007,252,87.7835715053401,75.6328
TD-Clean-4,pre_refit,7,B0007,256,87.5009058762453,75.87341
TD-Clean-4,pre_refit,7,B0007,260,86.92700430940862,75.82246
TD-Clean-4,pre_refit,7,B0007,264,86.91859800690037,76.4464
TD-Clean-4,pre_refit,7,B0007,266,87.17696241036246,73.58576
TD-Clean-4,pre_refit,7,B0007,270,86.66971006432802,77.34741
TD-Clean-4,pre_refit,7,B0007,274,86.11955257111292,77.401184
TD-Clean-4,pre_refit,7,B0007,278,85.86532022039283,76.47237
TD-Clean-4,pre_refit,7,B0007,282,85.83324550155743,73.22455
TD-Clean-4,pre_refit,7,B0007,286,85.88108948972226,73.331696
TD-Clean-4,pre_refit,7,B0007,290,85.56987844007078,73.695
TD-Clean-4,pre_refit,7,B0007,294,85.027771191142,75.05642
TD-Clean-4,pre_refit,7,B0007,298,84.77582688520748,75.26318
TD-Clean-4,pre_refit,7,B0007,302,84.79178974791847,73.43908
TD-Clean-4,pre_refit,7,B0007,306,84.76993385106519,72.34957
TD-Clean-4,pre_refit,7,B0007,310,84.49605927424464,71.997925
TD-Clean-4,pre_refit,7,B0007,313,89.71090998622898,74.13957
TD-Clean-4,pre_refit,7,B0007,316,86.37349719367897,71.02975
TD-Clean-4,pre_refit,7,B0007,320,85.82898928627563,72.84009
TD-Clean-4,pre_refit,7,B0007,324,85.2934976107533,73.189384
TD-Clean-4,pre_refit,7,B0007,328,84.72574724857897,73.50999
TD-Clean-4,pre_refit,7,B0007,332,84.48328177752624,73.3125
TD-Clean-4,pre_refit,7,B0007,336,84.21457006738538,72.81823
TD-Clean-4,pre_refit,7,B0007,340,83.9288888229777,72.73336
TD-Clean-4,pre_refit,7,B0007,344,83.67629222648154,72.9218
TD-Clean-4,pre_refit,7,B0007,348,83.38837618926404,72.50995
TD-Clean-4,pre_refit,7,B0007,352,83.41270816038221,72.40215
TD-Clean-4,pre_refit,7,B0007,356,83.14675201444969,71.71127
TD-Clean-4,pre_refit,7,B0007,360,82.8484308280049,72.35893
TD-Clean-4,pre_refit,7,B0007,364,83.13252526962864,71.6908
TD-Clean-4,pre_refit,7,B0007,367,83.66359396289195,69.28819
TD-Clean-4,pre_refit,7,B0007,371,83.14841165448959,70.673904
TD-Clean-4,pre_refit,7,B0007,375,82.85488835556158,72.053154
TD-Clean-4,pre_refit,7,B0007,379,82.33123711829187,71.52991
TD-Clean-4,pre_refit,7,B0007,383,82.01142381939957,70.92023
TD-Clean-4,pre_refit,7,B0007,387,82.07206587982726,70.04201
TD-Clean-4,pre_refit,7,B0007,391,82.0495038543302,69.95737
TD-Clean-4,pre_refit,7,B0007,395,81.5031419618624,70.82883
TD-Clean-4,pre_refit,7,B0007,399,81.20841503507037,70.455505
TD-Clean-4,pre_refit,7,B0007,403,81.21721340553746,69.97276
TD-Clean-4,pre_refit,7,B0007,407,81.22601148878292,68.22243
TD-Clean-4,pre_refit,7,B0007,411,80.95054391771832,69.42975
TD-Clean-4,pre_refit,7,B0007,415,80.67227833994721,70.00962
TD-Clean-4,pre_refit,7,B0007,419,80.40565013650571,70.00668
TD-Clean-4,pre_refit,7,B0007,423,80.40335490244634,68.80216
TD-Clean-4,pre_refit,7,B0007,427,80.42152437300291,68.02276
TD-Clean-4,pre_refit,7,B0007,431,81.48461605871495,71.23011
TD-Clean-4,pre_refit,7,B0007,433,81.75963969607048,70.05286
TD-Clean-4,pre_refit,7,B0007,437,80.93560989493338,71.11926
TD-Clean-4,pre_refit,7,B0007,441,80.40209515327608,71.799644
TD-Clean-4,pre_refit,7,B0007,445,80.09419697809993,71.317726
TD-Clean-4,pre_refit,7,B0007,449,79.85042691616567,71.19012
TD-Clean-4,pre_refit,7,B0007,453,79.56495728605914,71.24965
TD-Clean-4,pre_refit,7,B0007,457,79.30076147796538,71.414406
TD-Clean-4,pre_refit,7,B0007,461,79.2776995197187,71.67148
TD-Clean-4,pre_refit,7,B0007,465,79.01573008127421,71.528275
TD-Clean-4,pre_refit,7,B0007,469,78.7529099419952,71.222115
TD-Clean-4,pre_refit,7,B0007,473,78.76631135529045,71.18876
TD-Clean-4,pre_refit,7,B0007,477,78.45734950325969,70.928535
TD-Clean-4,pre_refit,7,B0007,481,78.71925319505982,69.350784
TD-Clean-4,pre_refit,7,B0007,483,79.58166685963718,69.69382
TD-Clean-4,pre_refit,7,B0007,485,78.72860058663869,71.665375
TD-Clean-4,pre_refit,7,B0007,489,78.46501751785956,70.89351
TD-Clean-4,pre_refit,7,B0007,493,78.19738333514631,71.28592
TD-Clean-4,pre_refit,7,B0007,497,78.20645287101384,70.33347
TD-Clean-4,pre_refit,7,B0007,501,77.92824275772597,69.697754
TD-Clean-4,pre_refit,7,B0007,505,77.6497101362114,71.2065
TD-Clean-4,pre_refit,7,B0007,509,77.38028422735451,71.94663
TD-Clean-4,pre_refit,7,B0007,513,77.09660547904922,71.53333
TD-Clean-4,pre_refit,7,B0007,517,77.11046744203753,69.86894
TD-Clean-4,pre_refit,7,B0007,521,76.85550035450103,70.81074
TD-Clean-4,pre_refit,7,B0007,525,76.85236240084764,71.481606
TD-Clean-4,pre_refit,7,B0007,529,76.56671722215358,71.667
TD-Clean-4,pre_refit,7,B0007,533,76.29399038621672,72.19609
TD-Clean-4,pre_refit,7,B0007,537,76.32425788720361,69.865036
TD-Clean-4,pre_refit,7,B0007,541,76.29658741049414,70.68549
TD-Clean-4,pre_refit,7,B0007,545,76.59209728582513,72.723076
TD-Clean-4,pre_refit,7,B0007,548,77.93863743061358,70.07874
TD-Clean-4,pre_refit,7,B0007,552,77.12364718084329,70.650444
TD-Clean-4,pre_refit,7,B0007,556,76.8725967441492,71.95516
TD-Clean-4,pre_refit,7,B0007,560,76.58854113704766,72.15697
TD-Clean-4,pre_refit,7,B0007,564,76.04885672654179,71.94584
TD-Clean-4,pre_refit,7,B0007,568,76.05828438472663,71.05747
TD-Clean-4,pre_refit,7,B0007,572,75.76335089505734,71.67914
TD-Clean-4,pre_refit,7,B0007,576,75.75439980355237,72.126724
TD-Clean-4,pre_refit,7,B0007,580,75.49812548326929,71.094284
TD-Clean-4,pre_refit,7,B0007,584,75.23591897923467,71.55444
TD-Clean-4,pre_refit,7,B0007,588,75.24924732301496,70.48494
TD-Clean-4,pre_refit,7,B0007,592,74.94444174506414,70.79007
TD-Clean-4,pre_refit,7,B0007,596,74.95266425125988,70.62659
TD-Clean-4,pre_refit,7,B0007,600,74.69643604452878,71.08849
TD-Clean-4,pre_refit,7,B0007,604,74.7051700493532,70.11804
TD-Clean-4,pre_refit,7,B0007,608,74.39278959915883,70.54147
TD-Clean-4,pre_refit,7,B0007,612,75.52591562947222,69.00796
TD-Clean-4,pre_refit,7,B0007,614,76.09264518290325,67.37239
TD-Clean-4,refit_on_3,7,B0007,2,100.45351791563915,87.60732
TD-Clean-4,refit_on_3,7,B0007,4,99.900254379013,96.362976
TD-Clean-4,refit_on_3,7,B0007,6,99.90161660017114,96.94719
TD-Clean-4,refit_on_3,7,B0007,8,99.9073657865712,97.7825
TD-Clean-4,refit_on_3,7,B0007,10,99.83724531860553,97.71276
TD-Clean-4,refit_on_3,7,B0007,12,99.90361817867274,96.41548
TD-Clean-4,refit_on_3,7,B0007,14,99.86297576917136,95.96306
TD-Clean-4,refit_on_3,7,B0007,16,99.94656396119812,97.79671
TD-Clean-4,refit_on_3,7,B0007,18,99.31878532934633,97.82438
TD-Clean-4,refit_on_3,7,B0007,20,99.33799331164263,97.8014
TD-Clean-4,refit_on_3,7,B0007,22,99.33756087304828,97.61259
TD-Clean-4,refit_on_3,7,B0007,25,98.78551523188162,97.95959
TD-Clean-4,refit_on_3,7,B0007,27,98.75485184986668,97.9654
TD-Clean-4,refit_on_3,7,B0007,29,98.75133536665352,97.92914
TD-Clean-4,refit_on_3,7,B0007,31,98.77012942519043,97.40237
TD-Clean-4,refit_on_3,7,B0007,33,98.73683812511632,97.06791
TD-Clean-4,refit_on_3,7,B0007,35,98.15685575226132,97.0327
TD-Clean-4,refit_on_3,7,B0007,37,98.19446503474695,97.08693
TD-Clean-4,refit_on_3,7,B0007,39,98.186691403046,97.14854
TD-Clean-4,refit_on_3,7,B0007,42,99.90787801510066,92.976204
TD-Clean-4,refit_on_3,7,B0007,46,99.94461695603135,94.065094
TD-Clean-4,refit_on_3,7,B0007,50,99.92460497901308,96.25955
TD-Clean-4,refit_on_3,7,B0007,54,99.38880751306714,95.38281
TD-Clean-4,refit_on_3,7,B0007,58,99.34580918956073,95.06067
TD-Clean-4,refit_on_3,7,B0007,62,99.37088315432128,94.649284
TD-Clean-4,refit_on_3,7,B0007,66,98.78342046080256,94.52402
TD-Clean-4,refit_on_3,7,B0007,70,98.8058078187501,94.42714
TD-Clean-4,refit_on_3,7,B0007,74,98.75966747373796,94.30275
TD-Clean-4,refit_on_3,7,B0007,78,98.1739885027512,94.25773
TD-Clean-4,refit_on_3,7,B0007,82,98.23039625446908,94.46982
TD-Clean-4,refit_on_3,7,B0007,86,100.05062324611636,80.61386
TD-Clean-4,refit_on_3,7,B0007,90,98.95386520139344,82.26464
TD-Clean-4,refit_on_3,7,B0007,94,98.38356039411237,83.70379
TD-Clean-4,refit_on_3,7,B0007,98,98.11080955264678,85.19471
TD-Clean-4,refit_on_3,7,B0007,102,97.57312273601715,85.33109
TD-Clean-4,refit_on_3,7,B0007,106,97.5908400366413,82.78906
TD-Clean-4,refit_on_3,7,B0007,110,97.29922460125108,84.619255
TD-Clean-4,refit_on_3,7,B0007,114,96.74012336609094,85.25274
TD-Clean-4,refit_on_3,7,B0007,118,96.49359124138364,85.72974
TD-Clean-4,refit_on_3,7,B0007,122,96.22137391342224,84.37162
TD-Clean-4,refit_on_3,7,B0007,126,96.233276781278,82.55416
TD-Clean-4,refit_on_3,7,B0007,130,95.93841918044076,82.24083
TD-Clean-4,refit_on_3,7,B0007,134,96.31819241353496,84.228065
TD-Clean-4,refit_on_3,7,B0007,136,95.94953719543624,84.80698
TD-Clean-4,refit_on_3,7,B0007,140,95.3953227427902,86.27776
TD-Clean-4,refit_on_3,7,B0007,144,94.86699939598208,86.35464
TD-Clean-4,refit_on_3,7,B0007,148,94.57173479963342,86.11939
TD-Clean-4,refit_on_3,7,B0007,150,96.41760769059738,71.03888
TD-Clean-4,refit_on_3,7,B0007,154,96.45090493439226,81.08951
TD-Clean-4,refit_on_3,7,B0007,158,95.6297003383392,82.28034
TD-Clean-4,refit_on_3,7,B0007,162,95.10935396520227,82.6595
TD-Clean-4,refit_on_3,7,B0007,166,94.57259385530976,83.3799
TD-Clean-4,refit_on_3,7,B0007,170,94.30623404626093,83.04126
TD-Clean-4,refit_on_3,7,B0007,174,94.0371367595855,81.590385
TD-Clean-4,refit_on_3,7,B0007,178,93.49626919937222,82.72901
TD-Clean-4,refit_on_3,7,B0007,182,92.9420388383138,83.19374
TD-Clean-4,refit_on_3,7,B0007,186,92.94217065781828,83.52148
TD-Clean-4,refit_on_3,7,B0007,190,92.69668329388116,82.33147
TD-Clean-4,refit_on_3,7,B0007,194,92.41073633514534,81.26422
TD-Clean-4,refit_on_3,7,B0007,198,91.82208130681248,82.24729
TD-Clean-4,refit_on_3,7,B0007,202,91.5743327473832,82.7947
TD-Clean-4,refit_on_3,7,B0007,206,91.04730118386937,83.638435
TD-Clean-4,refit_on_3,7,B0007,210,91.04684020750553,81.62303
TD-Clean-4,refit_on_3,7,B0007,214,90.49873919973382,82.92904
TD-Clean-4,refit_on_3,7,B0007,216,90.51794914609178,81.6481
TD-Clean-4,refit_on_3,7,B0007,220,89.96325858213598,82.08773
TD-Clean-4,refit_on_3,7,B0007,224,89.64911074691454,82.41808
TD-Clean-4,refit_on_3,7,B0007,228,89.4056438247883,82.34652
TD-Clean-4,refit_on_3,7,B0007,232,89.13221056506995,81.97152
TD-Clean-4,refit_on_3,7,B0007,236,88.88142970948275,82.15176
TD-Clean-4,refit_on_3,7,B0007,240,88.57496163215028,82.024345
TD-Clean-4,refit_on_3,7,B0007,244,88.30030467403411,81.98496
TD-Clean-4,refit_on_3,7,B0007,248,88.04309784572763,81.9988
TD-Clean-4,refit_on_3,7,B0007,252,87.7835715053401,82.11337
TD-Clean-4,refit_on_3,7,B0007,256,87.5009058762453,82.31744
TD-Clean-4,refit_on_3,7,B0007,260,86.92700430940862,82.5009
TD-Clean-4,refit_on_3,7,B0007,264,86.91859800690037,83.00299
TD-Clean-4,refit_on_3,7,B0007,266,87.17696241036246,81.00092
TD-Clean-4,refit_on_3,7,B0007,270,86.66971006432802,83.592674
TD-Clean-4,refit_on_3,7,B0007,274,86.11955257111292,83.937706
TD-Clean-4,refit_on_3,7,B0007,278,85.86532022039283,83.11823
TD-Clean-4,refit_on_3,7,B0007,282,85.83324550155743,81.11523
TD-Clean-4,refit_on_3,7,B0007,286,85.88108948972226,80.65574
TD-Clean-4,refit_on_3,7,B0007,290,85.56987844007078,80.972885
TD-Clean-4,refit_on_3,7,B0007,294,85.027771191142,82.67896
TD-Clean-4,refit_on_3,7,B0007,298,84.77582688520748,83.3288
TD-Clean-4,refit_on_3,7,B0007,302,84.79178974791847,81.29027
TD-Clean-4,refit_on_3,7,B0007,306,84.76993385106519,80.4235
TD-Clean-4,refit_on_3,7,B0007,310,84.49605927424464,80.71652
TD-Clean-4,refit_on_3,7,B0007,313,89.71090998622898,81.584206
TD-Clean-4,refit_on_3,7,B0007,316,86.37349719367897,79.2769
TD-Clean-4,refit_on_3,7,B0007,320,85.82898928627563,80.17799
TD-Clean-4,refit_on_3,7,B0007,324,85.2934976107533,80.83023
TD-Clean-4,refit_on_3,7,B0007,328,84.72574724857897,81.214035
TD-Clean-4,refit_on_3,7,B0007,332,84.48328177752624,81.56249
TD-Clean-4,refit_on_3,7,B0007,336,84.21457006738538,81.24277
TD-Clean-4,refit_on_3,7,B0007,340,83.9288888229777,81.0088
TD-Clean-4,refit_on_3,7,B0007,344,83.67629222648154,81.062004
TD-Clean-4,refit_on_3,7,B0007,348,83.38837618926404,80.98841
TD-Clean-4,refit_on_3,7,B0007,352,83.41270816038221,80.61506
TD-Clean-4,refit_on_3,7,B0007,356,83.14675201444969,80.94148
TD-Clean-4,refit_on_3,7,B0007,360,82.8484308280049,81.10938
TD-Clean-4,refit_on_3,7,B0007,364,83.13252526962864,80.64406
TD-Clean-4,refit_on_3,7,B0007,367,83.66359396289195,78.03097
TD-Clean-4,refit_on_3,7,B0007,371,83.14841165448959,79.21407
TD-Clean-4,refit_on_3,7,B0007,375,82.85488835556158,79.65663
TD-Clean-4,refit_on_3,7,B0007,379,82.33123711829187,80.856094
TD-Clean-4,refit_on_3,7,B0007,383,82.01142381939957,79.79196
TD-Clean-4,refit_on_3,7,B0007,387,82.07206587982726,79.086754
TD-Clean-4,refit_on_3,7,B0007,391,82.0495038543302,78.389435
TD-Clean-4,refit_on_3,7,B0007,395,81.5031419618624,79.61473
TD-Clean-4,refit_on_3,7,B0007,399,81.20841503507037,79.832115
TD-Clean-4,refit_on_3,7,B0007,403,81.21721340553746,79.10972
TD-Clean-4,refit_on_3,7,B0007,407,81.22601148878292,78.018936
TD-Clean-4,refit_on_3,7,B0007,411,80.95054391771832,78.803406
TD-Clean-4,refit_on_3,7,B0007,415,80.67227833994721,79.52936
TD-Clean-4,refit_on_3,7,B0007,419,80.40565013650571,80.01367
TD-Clean-4,refit_on_3,7,B0007,423,80.40335490244634,78.91093
TD-Clean-4,refit_on_3,7,B0007,427,80.42152437300291,77.76076
TD-Clean-4,refit_on_3,7,B0007,431,81.48461605871495,79.90615
TD-Clean-4,refit_on_3,7,B0007,433,81.75963969607048,78.552155
TD-Clean-4,refit_on_3,7,B0007,437,80.93560989493338,80.29279
TD-Clean-4,refit_on_3,7,B0007,441,80.40209515327608,81.11027
TD-Clean-4,refit_on_3,7,B0007,445,80.09419697809993,81.198166
TD-Clean-4,refit_on_3,7,B0007,449,79.85042691616567,81.04586
TD-Clean-4,refit_on_3,7,B0007,453,79.56495728605914,81.32094
TD-Clean-4,refit_on_3,7,B0007,457,79.30076147796538,81.3214
TD-Clean-4,refit_on_3,7,B0007,461,79.2776995197187,81.544044
TD-Clean-4,refit_on_3,7,B0007,465,79.01573008127421,82.26585
TD-Clean-4,refit_on_3,7,B0007,469,78.7529099419952,81.97898
TD-Clean-4,refit_on_3,7,B0007,473,78.76631135529045,81.5382
TD-Clean-4,refit_on_3,7,B0007,477,78.45734950325969,81.948875
TD-Clean-4,refit_on_3,7,B0007,481,78.71925319505982,80.105225
TD-Clean-4,refit_on_3,7,B0007,483,79.58166685963718,79.75622
TD-Clean-4,refit_on_3,7,B0007,485,78.72860058663869,81.08588
TD-Clean-4,refit_on_3,7,B0007,489,78.46501751785956,81.64737
TD-Clean-4,refit_on_3,7,B0007,493,78.19738333514631,82.4855
TD-Clean-4,refit_on_3,7,B0007,497,78.20645287101384,80.59455
TD-Clean-4,refit_on_3,7,B0007,501,77.92824275772597,80.03946
TD-Clean-4,refit_on_3,7,B0007,505,77.6497101362114,81.23878
TD-Clean-4,refit_on_3,7,B0007,509,77.38028422735451,82.47076
TD-Clean-4,refit_on_3,7,B0007,513,77.09660547904922,82.32949
TD-Clean-4,refit_on_3,7,B0007,517,77.11046744203753,80.96047
TD-Clean-4,refit_on_3,7,B0007,521,76.85550035450103,81.141045
TD-Clean-4,refit_on_3,7,B0007,525,76.85236240084764,82.52119
TD-Clean-4,refit_on_3,7,B0007,529,76.56671722215358,83.1555
TD-Clean-4,refit_on_3,7,B0007,533,76.29399038621672,82.83407
TD-Clean-4,refit_on_3,7,B0007,537,76.32425788720361,81.5135
TD-Clean-4,refit_on_3,7,B0007,541,76.29658741049414,82.22393
TD-Clean-4,refit_on_3,7,B0007,545,76.59209728582513,83.808624
TD-Clean-4,refit_on_3,7,B0007,548,77.93863743061358,81.22658
TD-Clean-4,refit_on_3,7,B0007,552,77.12364718084329,81.96213
TD-Clean-4,refit_on_3,7,B0007,556,76.8725967441492,82.36931
TD-Clean-4,refit_on_3,7,B0007,560,76.58854113704766,82.51086
TD-Clean-4,refit_on_3,7,B0007,564,76.04885672654179,82.627106
TD-Clean-4,refit_on_3,7,B0007,568,76.05828438472663,82.78963
TD-Clean-4,refit_on_3,7,B0007,572,75.76335089505734,82.697876
TD-Clean-4,refit_on_3,7,B0007,576,75.75439980355237,82.59551
TD-Clean-4,refit_on_3,7,B0007,580,75.49812548326929,82.76071
TD-Clean-4,refit_on_3,7,B0007,584,75.23591897923467,82.38369
TD-Clean-4,refit_on_3,7,B0007,588,75.24924732301496,82.63336
TD-Clean-4,refit_on_3,7,B0007,592,74.94444174506414,81.99932
TD-Clean-4,refit_on_3,7,B0007,596,74.95266425125988,82.5267
TD-Clean-4,refit_on_3,7,B0007,600,74.69643604452878,82.39138
TD-Clean-4,refit_on_3,7,B0007,604,74.7051700493532,82.19131
TD-Clean-4,refit_on_3,7,B0007,608,74.39278959915883,81.6981
TD-Clean-4,refit_on_3,7,B0007,612,75.52591562947222,81.14362
TD-Clean-4,refit_on_3,7,B0007,614,76.09264518290325,79.90399
TD-Clean-4,pre_refit,7,B0018,3,100.8025811041783,87.00621
TD-Clean-4,pre_refit,7,B0018,7,100.16087022619236,87.22598
TD-Clean-4,pre_refit,7,B0018,11,99.96558598273582,92.59937
TD-Clean-4,pre_refit,7,B0018,15,99.48041766162956,92.82179
TD-Clean-4,pre_refit,7,B0018,18,99.59054502526398,86.89478
TD-Clean-4,pre_refit,7,B0018,20,99.36387169185286,88.523094
TD-Clean-4,pre_refit,7,B0018,22,98.96567828327716,91.03034
TD-Clean-4,pre_refit,7,B0018,24,98.63793870309058,91.868454
TD-Clean-4,pre_refit,7,B0018,27,98.04714689052696,91.79652
TD-Clean-4,pre_refit,7,B0018,30,99.06887382997856,93.54022
TD-Clean-4,pre_refit,7,B0018,32,98.47248926951052,92.39859
TD-Clean-4,pre_refit,7,B0018,34,98.068534707018,91.92668
TD-Clean-4,pre_refit,7,B0018,36,97.31606084566693,91.00009
TD-Clean-4,pre_refit,7,B0018,39,96.91537145663308,89.62802
TD-Clean-4,pre_refit,7,B0018,42,96.77777434993364,91.68472
TD-Clean-4,pre_refit,7,B0018,44,96.24906078283864,93.35901
TD-Clean-4,pre_refit,7,B0018,46,96.10893521170082,92.85229
TD-Clean-4,pre_refit,7,B0018,48,95.29382636269746,91.58714
TD-Clean-4,pre_refit,7,B0018,51,94.89112029628322,89.17782
TD-Clean-4,pre_refit,7,B0018,54,94.42623362260446,83.220276
TD-Clean-4,pre_refit,7,B0018,56,94.09214261326034,82.533585
TD-Clean-4,pre_refit,7,B0018,58,92.84655809058668,84.961044
TD-Clean-4,pre_refit,7,B0018,60,93.00278636580364,83.876015
TD-Clean-4,pre_refit,7,B0018,63,92.78717154289568,83.06311
TD-Clean-4,pre_refit,7,B0018,66,95.05514633441328,83.75478
TD-Clean-4,pre_refit,7,B0018,68,94.16023397654948,92.39251
TD-Clean-4,pre_refit,7,B0018,70,93.58756901230694,93.44423
TD-Clean-4,pre_refit,7,B0018,72,93.02323711734508,93.02334
TD-Clean-4,pre_refit,7,B0018,75,92.33971230163448,92.73117
TD-Clean-4,pre_refit,7,B0018,78,92.05544475967478,93.7693
TD-Clean-4,pre_refit,7,B0018,80,91.39607597710202,92.96578
TD-Clean-4,pre_refit,7,B0018,82,91.12841202900309,94.06335
TD-Clean-4,pre_refit,7,B0018,84,90.50598444143154,93.741714
TD-Clean-4,pre_refit,7,B0018,87,90.05329919062662,93.055824
TD-Clean-4,pre_refit,7,B0018,90,89.56595375021743,93.52584
TD-Clean-4,pre_refit,7,B0018,92,89.05221474379236,91.1593
TD-Clean-4,pre_refit,7,B0018,94,88.4478648526792,93.002396
TD-Clean-4,pre_refit,7,B0018,96,88.14926233550939,94.57746
TD-Clean-4,pre_refit,7,B0018,99,87.70654438914323,94.21443
TD-Clean-4,pre_refit,7,B0018,102,91.07812245566797,86.76012
TD-Clean-4,pre_refit,7,B0018,104,89.62445100410937,93.03679
TD-Clean-4,pre_refit,7,B0018,106,88.70513095013024,89.16203
TD-Clean-4,pre_refit,7,B0018,108,87.83746900859978,86.65945
TD-Clean-4,pre_refit,7,B0018,111,87.53788044222665,85.57514
TD-Clean-4,pre_refit,7,B0018,114,86.69891328476463,83.99311
TD-Clean-4,pre_refit,7,B0018,117,93.83080462693712,83.240974
TD-Clean-4,pre_refit,7,B0018,119,93.27978546012802,88.024536
TD-Clean-4,pre_refit,7,B0018,121,92.1525471966999,87.59593
TD-Clean-4,pre_refit,7,B0018,123,91.17195305362098,86.86902
TD-Clean-4,pre_refit,7,B0018,125,90.2416573040256,86.34896
TD-Clean-4,pre_refit,7,B0018,128,90.55423897233052,93.60355
TD-Clean-4,pre_refit,7,B0018,130,89.49039068452917,92.03596
TD-Clean-4,pre_refit,7,B0018,132,88.3454487099843,92.39767
TD-Clean-4,pre_refit,7,B0018,134,87.60607299731777,88.95131
TD-Clean-4,pre_refit,7,B0018,136,87.25714700042141,88.125885
TD-Clean-4,pre_refit,7,B0018,141,90.9473619616094,85.39569
TD-Clean-4,pre_refit,7,B0018,143,89.1426764135498,91.72545
TD-Clean-4,pre_refit,7,B0018,145,87.66626044455795,90.37225
TD-Clean-4,pre_refit,7,B0018,147,86.51592379470374,89.424416
TD-Clean-4,pre_refit,7,B0018,150,86.21730704320841,89.35153
TD-Clean-4,pre_refit,7,B0018,153,85.8627581657356,88.04858
TD-Clean-4,pre_refit,7,B0018,155,84.99855590440428,88.8818
TD-Clean-4,pre_refit,7,B0018,157,84.53366840480606,90.260956
TD-Clean-4,pre_refit,7,B0018,159,83.69607194854545,89.31944
TD-Clean-4,pre_refit,7,B0018,162,83.25899594193369,88.130455
TD-Clean-4,pre_refit,7,B0018,165,83.22975722050174,85.3744
TD-Clean-4,pre_refit,7,B0018,167,82.72092847997168,86.47308
TD-Clean-4,pre_refit,7,B0018,169,81.86598978006339,85.537735
TD-Clean-4,pre_refit,7,B0018,171,81.58859278240016,84.723366
TD-Clean-4,pre_refit,7,B0018,174,81.31316363799587,83.99559
TD-Clean-4,pre_refit,7,B0018,177,83.32773163808899,85.36331
TD-Clean-4,pre_refit,7,B0018,179,82.80709531820148,90.7732
TD-Clean-4,pre_refit,7,B0018,181,81.57610219236552,89.82292
TD-Clean-4,pre_refit,7,B0018,183,81.09929204028072,89.78662
TD-Clean-4,pre_refit,7,B0018,185,80.60512587063184,87.95626
TD-Clean-4,pre_refit,7,B0018,188,80.4645909654616,86.12977
TD-Clean-4,pre_refit,7,B0018,190,80.07171192098461,89.199905
TD-Clean-4,pre_refit,7,B0018,192,79.77346222448996,88.79268
TD-Clean-4,pre_refit,7,B0018,194,79.23402412051846,88.17339
TD-Clean-4,pre_refit,7,B0018,197,78.6783203089025,86.30467
TD-Clean-4,pre_refit,7,B0018,200,78.94539372549075,82.61497
TD-Clean-4,pre_refit,7,B0018,202,78.38865828037459,86.015434
TD-Clean-4,pre_refit,7,B0018,204,78.21127069246836,89.29113
TD-Clean-4,pre_refit,7,B0018,206,77.6339684068403,90.2413
TD-Clean-4,pre_refit,7,B0018,209,77.43046760934243,90.8662
TD-Clean-4,pre_refit,7,B0018,212,79.8708545166814,83.64573
TD-Clean-4,pre_refit,7,B0018,214,78.93458463676515,86.421585
TD-Clean-4,pre_refit,7,B0018,216,78.40488242765085,85.809586
TD-Clean-4,pre_refit,7,B0018,218,77.61921434771055,82.407455
TD-Clean-4,pre_refit,7,B0018,220,76.9170609064971,83.79598
TD-Clean-4,pre_refit,7,B0018,223,79.04297866359087,82.99157
TD-Clean-4,pre_refit,7,B0018,225,77.61605692618127,88.459114
TD-Clean-4,pre_refit,7,B0018,227,77.14789574863566,88.905685
TD-Clean-4,pre_refit,7,B0018,229,76.92281444261894,88.82731
TD-Clean-4,pre_refit,7,B0018,232,76.3858924270674,87.41831
TD-Clean-4,pre_refit,7,B0018,235,76.53620320177981,83.80521
TD-Clean-4,pre_refit,7,B0018,237,75.9063201738239,87.46163
TD-Clean-4,pre_refit,7,B0018,239,75.72766142150313,90.30257
TD-Clean-4,pre_refit,7,B0018,241,75.49928800503805,90.77882
TD-Clean-4,pre_refit,7,B0018,244,74.9124451895705,88.84569
TD-Clean-4,pre_refit,7,B0018,247,75.25674730493446,87.37016
TD-Clean-4,pre_refit,7,B0018,249,74.46467849076038,87.893555
TD-Clean-4,pre_refit,7,B0018,251,74.62885626516028,89.742065
TD-Clean-4,pre_refit,7,B0018,253,74.33553994642665,90.42612
TD-Clean-4,pre_refit,7,B0018,256,73.72504079935909,89.50967
TD-Clean-4,pre_refit,7,B0018,259,79.36110924975578,75.83297
TD-Clean-4,pre_refit,7,B0018,261,78.799706688891,83.59526
TD-Clean-4,pre_refit,7,B0018,263,78.14983302548104,89.26796
TD-Clean-4,pre_refit,7,B0018,265,77.61878718971624,87.34026
TD-Clean-4,pre_refit,7,B0018,267,76.88079746021991,85.46269
TD-Clean-4,pre_refit,7,B0018,270,76.8319836786595,81.96438
TD-Clean-4,pre_refit,7,B0018,272,76.01926160635412,86.216095
TD-Clean-4,pre_refit,7,B0018,274,75.82358510102308,87.60902
TD-Clean-4,pre_refit,7,B0018,276,75.53633219814198,89.489334
TD-Clean-4,pre_refit,7,B0018,279,75.31793705780649,92.32972
TD-Clean-4,pre_refit,7,B0018,282,75.43684114368729,82.39646
TD-Clean-4,pre_refit,7,B0018,284,74.7829788363973,84.7831
TD-Clean-4,pre_refit,7,B0018,286,74.15991898288928,81.203896
TD-Clean-4,pre_refit,7,B0018,288,73.84846878839457,80.193184
TD-Clean-4,pre_refit,7,B0018,291,73.15537271331122,78.97857
TD-Clean-4,pre_refit,7,B0018,294,77.53589472577204,74.8524
TD-Clean-4,pre_refit,7,B0018,296,76.42763235972666,82.97436
TD-Clean-4,pre_refit,7,B0018,298,75.72351586777258,82.600945
TD-Clean-4,pre_refit,7,B0018,300,75.4386936803776,84.54678
TD-Clean-4,pre_refit,7,B0018,302,74.45721490205536,82.708664
TD-Clean-4,pre_refit,7,B0018,305,74.97385174402893,82.551
TD-Clean-4,pre_refit,7,B0018,307,74.3741167471391,83.84105
TD-Clean-4,pre_refit,7,B0018,309,74.05233968989694,87.97718
TD-Clean-4,pre_refit,7,B0018,311,74.08863589293038,92.357414
TD-Clean-4,pre_refit,7,B0018,314,73.46151441244959,91.40221
TD-Clean-4,pre_refit,7,B0018,317,73.62086195282473,82.5743
TD-Clean-4,pre_refit,7,B0018,319,72.87391760769836,85.33581
TD-Clean-4,refit_on_3,7,B0018,3,100.8025811041783,90.08101
TD-Clean-4,refit_on_3,7,B0018,7,100.16087022619236,92.59639
TD-Clean-4,refit_on_3,7,B0018,11,99.96558598273582,93.012314
TD-Clean-4,refit_on_3,7,B0018,15,99.48041766162956,92.13539
TD-Clean-4,refit_on_3,7,B0018,18,99.59054502526398,91.16894
TD-Clean-4,refit_on_3,7,B0018,20,99.36387169185286,90.716606
TD-Clean-4,refit_on_3,7,B0018,22,98.96567828327716,91.30498
TD-Clean-4,refit_on_3,7,B0018,24,98.63793870309058,91.15395
TD-Clean-4,refit_on_3,7,B0018,27,98.04714689052696,90.883415
TD-Clean-4,refit_on_3,7,B0018,30,99.06887382997856,94.412056
TD-Clean-4,refit_on_3,7,B0018,32,98.47248926951052,91.80267
TD-Clean-4,refit_on_3,7,B0018,34,98.068534707018,91.26794
TD-Clean-4,refit_on_3,7,B0018,36,97.31606084566693,90.53806
TD-Clean-4,refit_on_3,7,B0018,39,96.91537145663308,89.77404
TD-Clean-4,refit_on_3,7,B0018,42,96.77777434993364,92.989914
TD-Clean-4,refit_on_3,7,B0018,44,96.24906078283864,92.00978
TD-Clean-4,refit_on_3,7,B0018,46,96.10893521170082,91.312096
TD-Clean-4,refit_on_3,7,B0018,48,95.29382636269746,90.88477
TD-Clean-4,refit_on_3,7,B0018,51,94.89112029628322,89.26826
TD-Clean-4,refit_on_3,7,B0018,54,94.42623362260446,89.96852
TD-Clean-4,refit_on_3,7,B0018,56,94.09214261326034,88.692665
TD-Clean-4,refit_on_3,7,B0018,58,92.84655809058668,89.734436
TD-Clean-4,refit_on_3,7,B0018,60,93.00278636580364,89.15485
TD-Clean-4,refit_on_3,7,B0018,63,92.78717154289568,88.99539
TD-Clean-4,refit_on_3,7,B0018,66,95.05514633441328,92.329384
TD-Clean-4,refit_on_3,7,B0018,68,94.16023397654948,91.325066
TD-Clean-4,refit_on_3,7,B0018,70,93.58756901230694,92.70544
TD-Clean-4,refit_on_3,7,B0018,72,93.02323711734508,92.045364
TD-Clean-4,refit_on_3,7,B0018,75,92.33971230163448,90.75402
TD-Clean-4,refit_on_3,7,B0018,78,92.05544475967478,92.8311
TD-Clean-4,refit_on_3,7,B0018,80,91.39607597710202,91.90791
TD-Clean-4,refit_on_3,7,B0018,82,91.12841202900309,92.39444
TD-Clean-4,refit_on_3,7,B0018,84,90.50598444143154,92.50785
TD-Clean-4,refit_on_3,7,B0018,87,90.05329919062662,91.80619
TD-Clean-4,refit_on_3,7,B0018,90,89.56595375021743,92.57002
TD-Clean-4,refit_on_3,7,B0018,92,89.05221474379236,90.21166
TD-Clean-4,refit_on_3,7,B0018,94,88.4478648526792,92.19551
TD-Clean-4,refit_on_3,7,B0018,96,88.14926233550939,91.95259
TD-Clean-4,refit_on_3,7,B0018,99,87.70654438914323,91.931984
TD-Clean-4,refit_on_3,7,B0018,102,91.07812245566797,91.988655
TD-Clean-4,refit_on_3,7,B0018,104,89.62445100410937,91.488464
TD-Clean-4,refit_on_3,7,B0018,106,88.70513095013024,89.934074
TD-Clean-4,refit_on_3,7,B0018,108,87.83746900859978,89.56842
TD-Clean-4,refit_on_3,7,B0018,111,87.53788044222665,89.91159
TD-Clean-4,refit_on_3,7,B0018,114,86.69891328476463,91.28569
TD-Clean-4,refit_on_3,7,B0018,117,93.83080462693712,92.60979
TD-Clean-4,refit_on_3,7,B0018,119,93.27978546012802,89.055214
TD-Clean-4,refit_on_3,7,B0018,121,92.1525471966999,89.24587
TD-Clean-4,refit_on_3,7,B0018,123,91.17195305362098,89.14874
TD-Clean-4,refit_on_3,7,B0018,125,90.2416573040256,89.267654
TD-Clean-4,refit_on_3,7,B0018,128,90.55423897233052,93.57916
TD-Clean-4,refit_on_3,7,B0018,130,89.49039068452917,89.68193
TD-Clean-4,refit_on_3,7,B0018,132,88.3454487099843,91.299126
TD-Clean-4,refit_on_3,7,B0018,134,87.60607299731777,89.63348
TD-Clean-4,refit_on_3,7,B0018,136,87.25714700042141,89.50732
TD-Clean-4,refit_on_3,7,B0018,141,90.9473619616094,93.27434
TD-Clean-4,refit_on_3,7,B0018,143,89.1426764135498,90.27442
TD-Clean-4,refit_on_3,7,B0018,145,87.66626044455795,89.44376
TD-Clean-4,refit_on_3,7,B0018,147,86.51592379470374,89.24977
TD-Clean-4,refit_on_3,7,B0018,150,86.21730704320841,89.584015
TD-Clean-4,refit_on_3,7,B0018,153,85.8627581657356,91.29415
TD-Clean-4,refit_on_3,7,B0018,155,84.99855590440428,89.36738
TD-Clean-4,refit_on_3,7,B0018,157,84.53366840480606,89.939606
TD-Clean-4,refit_on_3,7,B0018,159,83.69607194854545,89.56765
TD-Clean-4,refit_on_3,7,B0018,162,83.25899594193369,89.1976
TD-Clean-4,refit_on_3,7,B0018,165,83.22975722050174,89.86543
TD-Clean-4,refit_on_3,7,B0018,167,82.72092847997168,89.26644
TD-Clean-4,refit_on_3,7,B0018,169,81.86598978006339,88.873764
TD-Clean-4,refit_on_3,7,B0018,171,81.58859278240016,88.38245
TD-Clean-4,refit_on_3,7,B0018,174,81.31316363799587,88.052124
TD-Clean-4,refit_on_3,7,B0018,177,83.32773163808899,91.1182
TD-Clean-4,refit_on_3,7,B0018,179,82.80709531820148,89.80835
TD-Clean-4,refit_on_3,7,B0018,181,81.57610219236552,89.22558
TD-Clean-4,refit_on_3,7,B0018,183,81.09929204028072,89.48208
TD-Clean-4,refit_on_3,7,B0018,185,80.60512587063184,88.85636
TD-Clean-4,refit_on_3,7,B0018,188,80.4645909654616,90.25163
TD-Clean-4,refit_on_3,7,B0018,190,80.07171192098461,89.774155
TD-Clean-4,refit_on_3,7,B0018,192,79.77346222448996,88.83669
TD-Clean-4,refit_on_3,7,B0018,194,79.23402412051846,88.57247
TD-Clean-4,refit_on_3,7,B0018,197,78.6783203089025,88.215065
TD-Clean-4,refit_on_3,7,B0018,200,78.94539372549075,89.143394
TD-Clean-4,refit_on_3,7,B0018,202,78.38865828037459,89.09404
TD-Clean-4,refit_on_3,7,B0018,204,78.21127069246836,89.90933
TD-Clean-4,refit_on_3,7,B0018,206,77.6339684068403,89.5531
TD-Clean-4,refit_on_3,7,B0018,209,77.43046760934243,90.09768
TD-Clean-4,refit_on_3,7,B0018,212,79.8708545166814,90.747215
TD-Clean-4,refit_on_3,7,B0018,214,78.93458463676515,87.75393
TD-Clean-4,refit_on_3,7,B0018,216,78.40488242765085,88.12295
TD-Clean-4,refit_on_3,7,B0018,218,77.61921434771055,87.14499
TD-Clean-4,refit_on_3,7,B0018,220,76.9170609064971,88.89757
TD-Clean-4,refit_on_3,7,B0018,223,79.04297866359087,90.386925
TD-Clean-4,refit_on_3,7,B0018,225,77.61605692618127,88.762764
TD-Clean-4,refit_on_3,7,B0018,227,77.14789574863566,88.906204
TD-Clean-4,refit_on_3,7,B0018,229,76.92281444261894,88.6834
TD-Clean-4,refit_on_3,7,B0018,232,76.3858924270674,88.01063
TD-Clean-4,refit_on_3,7,B0018,235,76.53620320177981,89.35647
TD-Clean-4,refit_on_3,7,B0018,237,75.9063201738239,88.48238
TD-Clean-4,refit_on_3,7,B0018,239,75.72766142150313,89.94194
TD-Clean-4,refit_on_3,7,B0018,241,75.49928800503805,90.27259
TD-Clean-4,refit_on_3,7,B0018,244,74.9124451895705,89.02397
TD-Clean-4,refit_on_3,7,B0018,247,75.25674730493446,91.56296
TD-Clean-4,refit_on_3,7,B0018,249,74.46467849076038,89.05068
TD-Clean-4,refit_on_3,7,B0018,251,74.62885626516028,90.11949
TD-Clean-4,refit_on_3,7,B0018,253,74.33553994642665,90.72009
TD-Clean-4,refit_on_3,7,B0018,256,73.72504079935909,89.65964
TD-Clean-4,refit_on_3,7,B0018,259,79.36110924975578,88.89278
TD-Clean-4,refit_on_3,7,B0018,261,78.799706688891,88.055145
TD-Clean-4,refit_on_3,7,B0018,263,78.14983302548104,89.24379
TD-Clean-4,refit_on_3,7,B0018,265,77.61878718971624,88.38512
TD-Clean-4,refit_on_3,7,B0018,267,76.88079746021991,88.247284
TD-Clean-4,refit_on_3,7,B0018,270,76.8319836786595,89.09529
TD-Clean-4,refit_on_3,7,B0018,272,76.01926160635412,89.359245
TD-Clean-4,refit_on_3,7,B0018,274,75.82358510102308,88.98236
TD-Clean-4,refit_on_3,7,B0018,276,75.53633219814198,89.99512
TD-Clean-4,refit_on_3,7,B0018,279,75.31793705780649,89.77758
TD-Clean-4,refit_on_3,7,B0018,282,75.43684114368729,88.007286
TD-Clean-4,refit_on_3,7,B0018,284,74.7829788363973,87.76614
TD-Clean-4,refit_on_3,7,B0018,286,74.15991898288928,86.81253
TD-Clean-4,refit_on_3,7,B0018,288,73.84846878839457,86.84529
TD-Clean-4,refit_on_3,7,B0018,291,73.15537271331122,86.99721
TD-Clean-4,refit_on_3,7,B0018,294,77.53589472577204,88.31775
TD-Clean-4,refit_on_3,7,B0018,296,76.42763235972666,88.36402
TD-Clean-4,refit_on_3,7,B0018,298,75.72351586777258,87.0937
TD-Clean-4,refit_on_3,7,B0018,300,75.4386936803776,88.26875
TD-Clean-4,refit_on_3,7,B0018,302,74.45721490205536,87.69799
TD-Clean-4,refit_on_3,7,B0018,305,74.97385174402893,89.72357
TD-Clean-4,refit_on_3,7,B0018,307,74.3741167471391,87.59489
TD-Clean-4,refit_on_3,7,B0018,309,74.05233968989694,89.60153
TD-Clean-4,refit_on_3,7,B0018,311,74.08863589293038,90.99326
TD-Clean-4,refit_on_3,7,B0018,314,73.46151441244959,89.77184
TD-Clean-4,refit_on_3,7,B0018,317,73.62086195282473,88.701805
TD-Clean-4,refit_on_3,7,B0018,319,72.87391760769836,87.94258
TD-Clean-4,pre_refit,123,B0005,2,100.80760884947765,101.67436
TD-Clean-4,pre_refit,123,B0005,4,100.25590968770103,103.358536
TD-Clean-4,pre_refit,123,B0005,6,99.65979925247206,103.7961
TD-Clean-4,pre_refit,123,B0005,8,99.65509323788856,103.12449
TD-Clean-4,pre_refit,123,B0005,10,99.6215889724607,102.581924
TD-Clean-4,pre_refit,123,B0005,12,99.67676620535396,102.37892
TD-Clean-4,pre_refit,123,B0005,14,99.64877352944652,102.273224
TD-Clean-4,pre_refit,123,B0005,16,99.13892996732449,103.10816
TD-Clean-4,pre_refit,123,B0005,18,99.08555627584838,102.52172
TD-Clean-4,pre_refit,123,B0005,20,99.0768365083485,102.11588
TD-Clean-4,pre_refit,123,B0005,22,99.07717774099622,101.38597
TD-Clean-4,pre_refit,123,B0005,25,98.5114992237362,102.64682
TD-Clean-4,pre_refit,123,B0005,27,98.4870761948254,102.0572
TD-Clean-4,pre_refit,123,B0005,29,98.47015265835132,101.14023
TD-Clean-4,pre_refit,123,B0005,31,97.88140357167902,102.15469
TD-Clean-4,pre_refit,123,B0005,33,97.85473656745688,101.47181
TD-Clean-4,pre_refit,123,B0005,35,97.88039886599036,101.032074
TD-Clean-4,pre_refit,123,B0005,37,97.9069415267384,100.64019
TD-Clean-4,pre_refit,123,B0005,39,97.89115702988882,100.43918
TD-Clean-4,pre_refit,123,B0005,42,100.29385168145046,101.65972
TD-Clean-4,pre_refit,123,B0005,46,100.31510023136114,101.65344
TD-Clean-4,pre_refit,123,B0005,50,99.70477213786135,101.79248
TD-Clean-4,pre_refit,123,B0005,54,99.1402308374376,101.544525
TD-Clean-4,pre_refit,123,B0005,58,99.10400696359169,100.59472
TD-Clean-4,pre_refit,123,B0005,62,99.12941188644592,99.87329
TD-Clean-4,pre_refit,123,B0005,66,98.50222430381568,100.625916
TD-Clean-4,pre_refit,123,B0005,70,98.5423014565286,99.39769
TD-Clean-4,pre_refit,123,B0005,74,98.49887187571204,98.992165
TD-Clean-4,pre_refit,123,B0005,78,97.89050762402466,100.15699
TD-Clean-4,pre_refit,123,B0005,82,97.96171552529285,99.20905
TD-Clean-4,pre_refit,123,B0005,86,100.55321959197046,96.80617
TD-Clean-4,pre_refit,123,B0005,90,99.4075559707276,98.32721
TD-Clean-4,pre_refit,123,B0005,94,98.82112827769676,98.063225
TD-Clean-4,pre_refit,123,B0005,98,98.2457556393358,97.28442
TD-Clean-4,pre_refit,123,B0005,102,97.99065016377766,96.70129
TD-Clean-4,pre_refit,123,B0005,106,97.7065060215613,97.66761
TD-Clean-4,pre_refit,123,B0005,110,97.11279694879056,97.60673
TD-Clean-4,pre_refit,123,B0005,114,96.81304988059888,96.99874
TD-Clean-4,pre_refit,123,B0005,118,96.27605729788222,96.708984
TD-Clean-4,pre_refit,123,B0005,122,96.2762766313732,96.39109
TD-Clean-4,pre_refit,123,B0005,126,95.99578118843372,97.802055
TD-Clean-4,pre_refit,123,B0005,130,95.69403287907456,98.26253
TD-Clean-4,pre_refit,123,B0005,134,95.98194451474556,97.33042
TD-Clean-4,pre_refit,123,B0005,136,95.71321655496544,97.00072
TD-Clean-4,pre_refit,123,B0005,140,95.11928805425076,96.37061
TD-Clean-4,pre_refit,123,B0005,144,94.58275432725988,96.25597
TD-Clean-4,pre_refit,123,B0005,148,94.27008009570102,95.955696
TD-Clean-4,pre_refit,123,B0005,150,97.39411432859931,100.65958
TD-Clean-4,pre_refit,123,B0005,154,96.82749231246368,100.18281
TD-Clean-4,pre_refit,123,B0005,158,95.96820195991576,98.613075
TD-Clean-4,pre_refit,123,B0005,162,95.40638930769452,97.45282
TD-Clean-4,pre_refit,123,B0005,166,94.8553962680492,97.192276
TD-Clean-4,pre_refit,123,B0005,170,94.5755674779542,96.59239
TD-Clean-4,pre_refit,123,B0005,174,94.28806184403476,97.17431
TD-Clean-4,pre_refit,123,B0005,178,93.73958753620327,96.68568
TD-Clean-4,pre_refit,123,B0005,182,93.16861105469168,96.997055
TD-Clean-4,pre_refit,123,B0005,186,92.88227598613614,96.364876
TD-Clean-4,pre_refit,123,B0005,190,92.636901518198,96.902596
TD-Clean-4,pre_refit,123,B0005,194,92.32720191735562,97.176926
TD-Clean-4,pre_refit,123,B0005,198,92.01599848919145,96.4787
TD-Clean-4,pre_refit,123,B0005,202,91.49053823956656,96.70665
TD-Clean-4,pre_refit,123,B0005,206,90.92425521866993,97.41755
TD-Clean-4,pre_refit,123,B0005,210,90.92941856192826,96.38933
TD-Clean-4,pre_refit,123,B0005,214,90.34010561326173,96.616325
TD-Clean-4,pre_refit,123,B0005,216,90.0847586044663,97.57645
TD-Clean-4,pre_refit,123,B0005,220,89.80457989439137,96.387314
TD-Clean-4,pre_refit,123,B0005,224,89.19640288815545,97.17601
TD-Clean-4,pre_refit,123,B0005,228,88.93598251136243,96.47939
TD-Clean-4,pre_refit,123,B0005,232,88.65781340235759,96.89744
TD-Clean-4,pre_refit,123,B0005,236,88.38728178562198,96.36772
TD-Clean-4,pre_refit,123,B0005,240,88.08171260170519,95.74549
TD-Clean-4,pre_refit,123,B0005,244,87.49528010741024,97.56559
TD-Clean-4,pre_refit,123,B0005,248,87.2366743602368,96.832245
TD-Clean-4,pre_refit,123,B0005,252,86.96251727221627,96.07513
TD-Clean-4,pre_refit,123,B0005,256,86.35734215456989,97.293205
TD-Clean-4,pre_refit,123,B0005,260,86.10863457357058,96.9765
TD-Clean-4,pre_refit,123,B0005,264,86.06270063126725,96.12481
TD-Clean-4,pre_refit,123,B0005,266,86.63737677555004,96.59443
TD-Clean-4,pre_refit,123,B0005,270,85.50813849993258,96.582794
TD-Clean-4,pre_refit,123,B0005,274,84.97446653296429,96.60593
TD-Clean-4,pre_refit,123,B0005,278,84.69557819389517,97.03728
TD-Clean-4,pre_refit,123,B0005,282,84.68013627936132,96.95577
TD-Clean-4,pre_refit,123,B0005,286,84.41991821853574,97.15186
TD-Clean-4,pre_refit,123,B0005,290,84.10414931140878,96.85559
TD-Clean-4,pre_refit,123,B0005,294,83.52653061113354,96.9413
TD-Clean-4,pre_refit,123,B0005,298,82.96602561057489,97.35198
TD-Clean-4,pre_refit,123,B0005,302,82.99920327964658,97.037865
TD-Clean-4,pre_refit,123,B0005,306,82.68003018050378,98.738464
TD-Clean-4,pre_refit,123,B0005,310,82.39976893302816,98.65777
TD-Clean-4,pre_refit,123,B0005,313,87.19626195760692,96.99098
TD-Clean-4,pre_refit,123,B0005,316,84.91729656129593,96.04393
TD-Clean-4,pre_refit,123,B0005,320,84.06165489885902,96.61483
TD-Clean-4,pre_refit,123,B0005,324,83.2082752902044,98.46356
TD-Clean-4,pre_refit,123,B0005,328,82.91381970838151,96.821754
TD-Clean-4,pre_refit,123,B0005,332,82.37106085271179,97.86449
TD-Clean-4,pre_refit,123,B0005,336,82.09631790141844,97.50062
TD-Clean-4,pre_refit,123,B0005,340,81.80669701206385,97.98369
TD-Clean-4,pre_refit,123,B0005,344,81.53418918115372,97.53982
TD-Clean-4,pre_refit,123,B0005,348,80.95312575426658,99.10623
TD-Clean-4,pre_refit,123,B0005,352,80.6829269258604,99.393616
TD-Clean-4,pre_refit,123,B0005,356,80.38673535372676,99.3076
TD-Clean-4,pre_refit,123,B0005,360,80.10415225005684,99.24221
TD-Clean-4,pre_refit,123,B0005,364,80.68483906716317,97.908066
TD-Clean-4,pre_refit,123,B0005,367,81.23806188586506,98.427704
TD-Clean-4,pre_refit,123,B0005,371,80.40774500270479,98.17195
TD-Clean-4,pre_refit,123,B0005,375,79.80793062432481,99.14776
TD-Clean-4,pre_refit,123,B0005,379,78.94710440938543,98.575134
TD-Clean-4,pre_refit,123,B0005,383,78.96040682717852,99.86402
TD-Clean-4,pre_refit,123,B0005,387,79.00805769223405,98.98343
TD-Clean-4,pre_refit,123,B0005,391,78.68325635434054,99.67682
TD-Clean-4,pre_refit,123,B0005,395,78.12009683923326,100.54259
TD-Clean-4,pre_refit,123,B0005,399,77.83635095586517,100.05942
TD-Clean-4,pre_refit,123,B0005,403,77.83366081216815,100.0916
TD-Clean-4,pre_refit,123,B0005,407,77.54418562704669,101.12692
TD-Clean-4,pre_refit,123,B0005,411,77.26483532824366,100.97883
TD-Clean-4,pre_refit,123,B0005,415,76.96665751739931,100.46515
TD-Clean-4,pre_refit,123,B0005,419,76.69408123915822,100.0229
TD-Clean-4,pre_refit,123,B0005,423,76.7032886034996,100.01738
TD-Clean-4,pre_refit,123,B0005,427,76.43285089151239,101.52353
TD-Clean-4,pre_refit,123,B0005,431,77.83345221466253,99.63656
TD-Clean-4,pre_refit,123,B0005,433,78.09751233548145,99.27908
TD-Clean-4,pre_refit,123,B0005,437,76.96262218385922,100.90684
TD-Clean-4,pre_refit,123,B0005,441,76.3993634537507,100.57359
TD-Clean-4,pre_refit,123,B0005,445,76.08562321685423,100.16936
TD-Clean-4,pre_refit,123,B0005,449,75.84111192639295,100.31403
TD-Clean-4,pre_refit,123,B0005,453,75.5470202599512,99.985664
TD-Clean-4,pre_refit,123,B0005,457,75.2724773855306,100.136
TD-Clean-4,pre_refit,123,B0005,461,74.95796574493023,100.24533
TD-Clean-4,pre_refit,123,B0005,465,74.67559060559861,100.32284
TD-Clean-4,pre_refit,123,B0005,469,74.4190975749656,100.08202
TD-Clean-4,pre_refit,123,B0005,473,74.41886702385212,99.93713
TD-Clean-4,pre_refit,123,B0005,477,74.10538957595438,100.206245
TD-Clean-4,pre_refit,123,B0005,481,74.68403981580354,100.738556
TD-Clean-4,pre_refit,123,B0005,483,75.26611054535188,101.019104
TD-Clean-4,pre_refit,123,B0005,485,74.38310747232698,101.58409
TD-Clean-4,pre_refit,123,B0005,489,74.10795710900801,100.75
TD-Clean-4,pre_refit,123,B0005,493,73.53993654981534,100.99403
TD-Clean-4,pre_refit,123,B0005,497,73.55729388669064,101.32455
TD-Clean-4,pre_refit,123,B0005,501,73.56067241598603,101.47871
TD-Clean-4,pre_refit,123,B0005,505,73.26805286034079,101.23784
TD-Clean-4,pre_refit,123,B0005,509,72.98972077509227,100.65821
TD-Clean-4,pre_refit,123,B0005,513,72.70747847813722,100.61195
TD-Clean-4,pre_refit,123,B0005,517,72.70330518052887,101.01431
TD-Clean-4,pre_refit,123,B0005,521,72.43680818215978,101.49356
TD-Clean-4,pre_refit,123,B0005,525,72.14563728793834,101.334
TD-Clean-4,pre_refit,123,B0005,529,71.84842350914826,100.91352
TD-Clean-4,pre_refit,123,B0005,533,71.57682808520298,101.17478
TD-Clean-4,pre_refit,123,B0005,537,71.59297070565168,101.68955
TD-Clean-4,pre_refit,123,B0005,541,71.58355486033668,101.31392
TD-Clean-4,pre_refit,123,B0005,545,71.88651633814797,101.030945
TD-Clean-4,pre_refit,123,B0005,548,73.85485752850198,99.6888
TD-Clean-4,pre_refit,123,B0005,552,72.73676298693475,100.891556
TD-Clean-4,pre_refit,123,B0005,556,72.16650080848474,101.16391
TD-Clean-4,pre_refit,123,B0005,560,71.87574889700983,101.33101
TD-Clean-4,pre_refit,123,B0005,564,71.60206343923741,101.11353
TD-Clean-4,pre_refit,123,B0005,568,71.32194157026348,101.47325
TD-Clean-4,pre_refit,123,B0005,572,71.30711389020412,100.964645
TD-Clean-4,pre_refit,123,B0005,576,71.01356336148518,101.28883
TD-Clean-4,pre_refit,123,B0005,580,70.75492745457169,101.37877
TD-Clean-4,pre_refit,123,B0005,584,70.77254445771489,101.313034
TD-Clean-4,pre_refit,123,B0005,588,70.77540542374062,100.849045
TD-Clean-4,pre_refit,123,B0005,592,70.47550750397869,101.490654
TD-Clean-4,pre_refit,123,B0005,596,70.48563041810954,101.10841
TD-Clean-4,pre_refit,123,B0005,600,70.23531244180377,101.38597
TD-Clean-4,pre_refit,123,B0005,604,69.93882142370093,101.999664
TD-Clean-4,pre_refit,123,B0005,608,69.90890905512207,101.901344
TD-Clean-4,pre_refit,123,B0005,612,71.07977535187085,101.38927
TD-Clean-4,pre_refit,123,B0005,614,71.95205157786506,100.54902
TD-Clean-4,refit_on_3,123,B0005,2,100.80760884947765,86.26283
TD-Clean-4,refit_on_3,123,B0005,4,100.25590968770103,91.08164
TD-Clean-4,refit_on_3,123,B0005,6,99.65979925247206,91.96657
TD-Clean-4,refit_on_3,123,B0005,8,99.65509323788856,92.8705
TD-Clean-4,refit_on_3,123,B0005,10,99.6215889724607,93.4537
TD-Clean-4,refit_on_3,123,B0005,12,99.67676620535396,92.21079
TD-Clean-4,refit_on_3,123,B0005,14,99.64877352944652,92.25984
TD-Clean-4,refit_on_3,123,B0005,16,99.13892996732449,94.22385
TD-Clean-4,refit_on_3,123,B0005,18,99.08555627584838,94.72066
TD-Clean-4,refit_on_3,123,B0005,20,99.0768365083485,95.121
TD-Clean-4,refit_on_3,123,B0005,22,99.07717774099622,95.68491
TD-Clean-4,refit_on_3,123,B0005,25,98.5114992237362,95.547615
TD-Clean-4,refit_on_3,123,B0005,27,98.4870761948254,95.741135
TD-Clean-4,refit_on_3,123,B0005,29,98.47015265835132,94.79271
TD-Clean-4,refit_on_3,123,B0005,31,97.88140357167902,96.30471
TD-Clean-4,refit_on_3,123,B0005,33,97.85473656745688,96.538445
TD-Clean-4,refit_on_3,123,B0005,35,97.88039886599036,96.57386
TD-Clean-4,refit_on_3,123,B0005,37,97.9069415267384,96.7286
TD-Clean-4,refit_on_3,123,B0005,39,97.89115702988882,96.694664
TD-Clean-4,refit_on_3,123,B0005,42,100.29385168145046,90.80264
TD-Clean-4,refit_on_3,123,B0005,46,100.31510023136114,90.5418
TD-Clean-4,refit_on_3,123,B0005,50,99.70477213786135,92.88125
TD-Clean-4,refit_on_3,123,B0005,54,99.1402308374376,94.15284
TD-Clean-4,refit_on_3,123,B0005,58,99.10400696359169,92.56381
TD-Clean-4,refit_on_3,123,B0005,62,99.12941188644592,94.692116
TD-Clean-4,refit_on_3,123,B0005,66,98.50222430381568,94.657646
TD-Clean-4,refit_on_3,123,B0005,70,98.5423014565286,94.26215
TD-Clean-4,refit_on_3,123,B0005,74,98.49887187571204,94.41776
TD-Clean-4,refit_on_3,123,B0005,78,97.89050762402466,94.60067
TD-Clean-4,refit_on_3,123,B0005,82,97.96171552529285,93.84441
TD-Clean-4,refit_on_3,123,B0005,86,100.55321959197046,75.07239
TD-Clean-4,refit_on_3,123,B0005,90,99.4075559707276,80.427155
TD-Clean-4,refit_on_3,123,B0005,94,98.82112827769676,81.93636
TD-Clean-4,refit_on_3,123,B0005,98,98.2457556393358,82.84437
TD-Clean-4,refit_on_3,123,B0005,102,97.99065016377766,83.096535
TD-Clean-4,refit_on_3,123,B0005,106,97.7065060215613,80.22187
TD-Clean-4,refit_on_3,123,B0005,110,97.11279694879056,82.13831
TD-Clean-4,refit_on_3,123,B0005,114,96.81304988059888,82.98586
TD-Clean-4,refit_on_3,123,B0005,118,96.27605729788222,82.79005
TD-Clean-4,refit_on_3,123,B0005,122,96.2762766313732,81.22736
TD-Clean-4,refit_on_3,123,B0005,126,95.99578118843372,79.3899
TD-Clean-4,refit_on_3,123,B0005,130,95.69403287907456,79.759926
TD-Clean-4,refit_on_3,123,B0005,134,95.98194451474556,82.26202
TD-Clean-4,refit_on_3,123,B0005,136,95.71321655496544,81.087746
TD-Clean-4,refit_on_3,123,B0005,140,95.11928805425076,82.6436
TD-Clean-4,refit_on_3,123,B0005,144,94.58275432725988,82.966354
TD-Clean-4,refit_on_3,123,B0005,148,94.27008009570102,82.40329
TD-Clean-4,refit_on_3,123,B0005,150,97.39411432859931,67.40528
TD-Clean-4,refit_on_3,123,B0005,154,96.82749231246368,77.65206
TD-Clean-4,refit_on_3,123,B0005,158,95.96820195991576,80.08069
TD-Clean-4,refit_on_3,123,B0005,162,95.40638930769452,81.17889
TD-Clean-4,refit_on_3,123,B0005,166,94.8553962680492,81.136475
TD-Clean-4,refit_on_3,123,B0005,170,94.5755674779542,80.92369
TD-Clean-4,refit_on_3,123,B0005,174,94.28806184403476,79.110085
TD-Clean-4,refit_on_3,123,B0005,178,93.73958753620327,80.42313
TD-Clean-4,refit_on_3,123,B0005,182,93.16861105469168,80.456474
TD-Clean-4,refit_on_3,123,B0005,186,92.88227598613614,80.67221
TD-Clean-4,refit_on_3,123,B0005,190,92.636901518198,79.16225
TD-Clean-4,refit_on_3,123,B0005,194,92.32720191735562,78.59816
TD-Clean-4,refit_on_3,123,B0005,198,92.01599848919145,79.28927
TD-Clean-4,refit_on_3,123,B0005,202,91.49053823956656,80.361
TD-Clean-4,refit_on_3,123,B0005,206,90.92425521866993,80.41264
TD-Clean-4,refit_on_3,123,B0005,210,90.92941856192826,78.556175
TD-Clean-4,refit_on_3,123,B0005,214,90.34010561326173,80.168915
TD-Clean-4,refit_on_3,123,B0005,216,90.0847586044663,78.6269
TD-Clean-4,refit_on_3,123,B0005,220,89.80457989439137,79.332184
TD-Clean-4,refit_on_3,123,B0005,224,89.19640288815545,79.112526
TD-Clean-4,refit_on_3,123,B0005,228,88.93598251136243,79.00755
TD-Clean-4,refit_on_3,123,B0005,232,88.65781340235759,78.6323
TD-Clean-4,refit_on_3,123,B0005,236,88.38728178562198,79.04706
TD-Clean-4,refit_on_3,123,B0005,240,88.08171260170519,78.37867
TD-Clean-4,refit_on_3,123,B0005,244,87.49528010741024,78.25363
TD-Clean-4,refit_on_3,123,B0005,248,87.2366743602368,78.119316
TD-Clean-4,refit_on_3,123,B0005,252,86.96251727221627,78.18123
TD-Clean-4,refit_on_3,123,B0005,256,86.35734215456989,78.1953
TD-Clean-4,refit_on_3,123,B0005,260,86.10863457357058,78.40753
TD-Clean-4,refit_on_3,123,B0005,264,86.06270063126725,78.57481
TD-Clean-4,refit_on_3,123,B0005,266,86.63737677555004,76.63621
TD-Clean-4,refit_on_3,123,B0005,270,85.50813849993258,79.28521
TD-Clean-4,refit_on_3,123,B0005,274,84.97446653296429,79.37742
TD-Clean-4,refit_on_3,123,B0005,278,84.69557819389517,78.62453
TD-Clean-4,refit_on_3,123,B0005,282,84.68013627936132,76.2771
TD-Clean-4,refit_on_3,123,B0005,286,84.41991821853574,76.45132
TD-Clean-4,refit_on_3,123,B0005,290,84.10414931140878,76.82156
TD-Clean-4,refit_on_3,123,B0005,294,83.52653061113354,78.14174
TD-Clean-4,refit_on_3,123,B0005,298,82.96602561057489,78.07088
TD-Clean-4,refit_on_3,123,B0005,302,82.99920327964658,76.15938
TD-Clean-4,refit_on_3,123,B0005,306,82.68003018050378,75.51742
TD-Clean-4,refit_on_3,123,B0005,310,82.39976893302816,75.61243
TD-Clean-4,refit_on_3,123,B0005,313,87.19626195760692,76.96018
TD-Clean-4,refit_on_3,123,B0005,316,84.91729656129593,74.17685
TD-Clean-4,refit_on_3,123,B0005,320,84.06165489885902,75.60119
TD-Clean-4,refit_on_3,123,B0005,324,83.2082752902044,75.87292
TD-Clean-4,refit_on_3,123,B0005,328,82.91381970838151,76.179184
TD-Clean-4,refit_on_3,123,B0005,332,82.37106085271179,76.23012
TD-Clean-4,refit_on_3,123,B0005,336,82.09631790141844,75.73682
TD-Clean-4,refit_on_3,123,B0005,340,81.80669701206385,75.558716
TD-Clean-4,refit_on_3,123,B0005,344,81.53418918115372,75.71602
TD-Clean-4,refit_on_3,123,B0005,348,80.95312575426658,75.263084
TD-Clean-4,refit_on_3,123,B0005,352,80.6829269258604,74.85774
TD-Clean-4,refit_on_3,123,B0005,356,80.38673535372676,74.88542
TD-Clean-4,refit_on_3,123,B0005,360,80.10415225005684,75.19981
TD-Clean-4,refit_on_3,123,B0005,364,80.68483906716317,74.53397
TD-Clean-4,refit_on_3,123,B0005,367,81.23806188586506,72.68962
TD-Clean-4,refit_on_3,123,B0005,371,80.40774500270479,73.84566
TD-Clean-4,refit_on_3,123,B0005,375,79.80793062432481,74.50227
TD-Clean-4,refit_on_3,123,B0005,379,78.94710440938543,74.963295
TD-Clean-4,refit_on_3,123,B0005,383,78.96040682717852,73.7582
TD-Clean-4,refit_on_3,123,B0005,387,79.00805769223405,73.259544
TD-Clean-4,refit_on_3,123,B0005,391,78.68325635434054,72.60962
TD-Clean-4,refit_on_3,123,B0005,395,78.12009683923326,73.60501
TD-Clean-4,refit_on_3,123,B0005,399,77.83635095586517,73.45708
TD-Clean-4,refit_on_3,123,B0005,403,77.83366081216815,72.9249
TD-Clean-4,refit_on_3,123,B0005,407,77.54418562704669,71.51444
TD-Clean-4,refit_on_3,123,B0005,411,77.26483532824366,72.46742
TD-Clean-4,refit_on_3,123,B0005,415,76.96665751739931,72.95706
TD-Clean-4,refit_on_3,123,B0005,419,76.69408123915822,73.1528
TD-Clean-4,refit_on_3,123,B0005,423,76.7032886034996,72.10938
TD-Clean-4,refit_on_3,123,B0005,427,76.43285089151239,71.13193
TD-Clean-4,refit_on_3,123,B0005,431,77.83345221466253,73.1819
TD-Clean-4,refit_on_3,123,B0005,433,78.09751233548145,71.61978
TD-Clean-4,refit_on_3,123,B0005,437,76.96262218385922,73.08002
TD-Clean-4,refit_on_3,123,B0005,441,76.3993634537507,73.5247
TD-Clean-4,refit_on_3,123,B0005,445,76.08562321685423,73.229294
TD-Clean-4,refit_on_3,123,B0005,449,75.84111192639295,73.069275
TD-Clean-4,refit_on_3,123,B0005,453,75.5470202599512,73.14558
TD-Clean-4,refit_on_3,123,B0005,457,75.2724773855306,73.22507
TD-Clean-4,refit_on_3,123,B0005,461,74.95796574493023,73.36055
TD-Clean-4,refit_on_3,123,B0005,465,74.67559060559861,73.80229
TD-Clean-4,refit_on_3,123,B0005,469,74.4190975749656,73.27198
TD-Clean-4,refit_on_3,123,B0005,473,74.41886702385212,72.99171
TD-Clean-4,refit_on_3,123,B0005,477,74.10538957595438,73.099304
TD-Clean-4,refit_on_3,123,B0005,481,74.68403981580354,69.971756
TD-Clean-4,refit_on_3,123,B0005,483,75.26611054535188,70.88664
TD-Clean-4,refit_on_3,123,B0005,485,74.38310747232698,72.169495
TD-Clean-4,refit_on_3,123,B0005,489,74.10795710900801,72.10743
TD-Clean-4,refit_on_3,123,B0005,493,73.53993654981534,72.71181
TD-Clean-4,refit_on_3,123,B0005,497,73.55729388669064,70.94732
TD-Clean-4,refit_on_3,123,B0005,501,73.56067241598603,70.72721
TD-Clean-4,refit_on_3,123,B0005,505,73.26805286034079,72.02021
TD-Clean-4,refit_on_3,123,B0005,509,72.98972077509227,72.95645
TD-Clean-4,refit_on_3,123,B0005,513,72.70747847813722,72.30713
TD-Clean-4,refit_on_3,123,B0005,517,72.70330518052887,70.80359
TD-Clean-4,refit_on_3,123,B0005,521,72.43680818215978,71.50696
TD-Clean-4,refit_on_3,123,B0005,525,72.14563728793834,72.72178
TD-Clean-4,refit_on_3,123,B0005,529,71.84842350914826,72.768486
TD-Clean-4,refit_on_3,123,B0005,533,71.57682808520298,72.294075
TD-Clean-4,refit_on_3,123,B0005,537,71.59297070565168,70.58258
TD-Clean-4,refit_on_3,123,B0005,541,71.58355486033668,72.11414
TD-Clean-4,refit_on_3,123,B0005,545,71.88651633814797,74.0472
TD-Clean-4,refit_on_3,123,B0005,548,73.85485752850198,71.50949
TD-Clean-4,refit_on_3,123,B0005,552,72.73676298693475,72.04171
TD-Clean-4,refit_on_3,123,B0005,556,72.16650080848474,72.597084
TD-Clean-4,refit_on_3,123,B0005,560,71.87574889700983,72.69389
TD-Clean-4,refit_on_3,123,B0005,564,71.60206343923741,72.50144
TD-Clean-4,refit_on_3,123,B0005,568,71.32194157026348,72.222046
TD-Clean-4,refit_on_3,123,B0005,572,71.30711389020412,72.45154
TD-Clean-4,refit_on_3,123,B0005,576,71.01356336148518,72.36017
TD-Clean-4,refit_on_3,123,B0005,580,70.75492745457169,71.96755
TD-Clean-4,refit_on_3,123,B0005,584,70.77254445771489,72.13653
TD-Clean-4,refit_on_3,123,B0005,588,70.77540542374062,72.07627
TD-Clean-4,refit_on_3,123,B0005,592,70.47550750397869,71.62642
TD-Clean-4,refit_on_3,123,B0005,596,70.48563041810954,72.04076
TD-Clean-4,refit_on_3,123,B0005,600,70.23531244180377,72.01108
TD-Clean-4,refit_on_3,123,B0005,604,69.93882142370093,71.58163
TD-Clean-4,refit_on_3,123,B0005,608,69.90890905512207,71.27843
TD-Clean-4,refit_on_3,123,B0005,612,71.07977535187085,70.234604
TD-Clean-4,refit_on_3,123,B0005,614,71.95205157786506,68.90717
TD-Clean-4,pre_refit,123,B0006,2,100.88297108833646,92.14832
TD-Clean-4,pre_refit,123,B0006,4,100.37753235288778,92.89381
TD-Clean-4,pre_refit,123,B0006,6,99.79196916000484,93.05972
TD-Clean-4,pre_refit,123,B0006,8,99.7899019818078,93.094444
TD-Clean-4,pre_refit,123,B0006,10,99.15762541696316,92.790344
TD-Clean-4,pre_refit,123,B0006,12,99.8203556776378,92.78194
TD-Clean-4,pre_refit,123,B0006,14,99.7808037027038,92.53877
TD-Clean-4,pre_refit,123,B0006,16,97.5844832820893,93.017586
TD-Clean-4,pre_refit,123,B0006,18,97.5535716293996,93.054955
TD-Clean-4,pre_refit,123,B0006,20,97.01155142541865,92.6933
TD-Clean-4,pre_refit,123,B0006,22,96.43502080876348,92.915085
TD-Clean-4,pre_refit,123,B0006,25,95.8972998236526,92.58097
TD-Clean-4,pre_refit,123,B0006,27,95.32875373854844,92.82679
TD-Clean-4,pre_refit,123,B0006,29,94.76419905980474,92.262856
TD-Clean-4,pre_refit,123,B0006,31,94.22773853976388,92.49054
TD-Clean-4,pre_refit,123,B0006,33,93.6395064953226,92.38851
TD-Clean-4,pre_refit,123,B0006,35,93.09821798643677,92.57899
TD-Clean-4,pre_refit,123,B0006,37,92.56743574756617,92.341675
TD-Clean-4,pre_refit,123,B0006,39,92.56840432582156,92.15714
TD-Clean-4,pre_refit,123,B0006,42,98.12161319843736,92.52248
TD-Clean-4,pre_refit,123,B0006,46,97.02736865587346,92.825195
TD-Clean-4,pre_refit,123,B0006,50,96.4457203456954,92.71804
TD-Clean-4,pre_refit,123,B0006,54,95.37664206593776,92.68483
TD-Clean-4,pre_refit,123,B0006,58,96.45395400781383,92.33031
TD-Clean-4,pre_refit,123,B0006,62,94.2446511737385,92.484795
TD-Clean-4,pre_refit,123,B0006,66,93.11783815158223,92.12782
TD-Clean-4,pre_refit,123,B0006,70,92.60393676951,92.01193
TD-Clean-4,pre_refit,123,B0006,74,91.99518419888014,91.859245
TD-Clean-4,pre_refit,123,B0006,78,91.45865458065036,92.00274
TD-Clean-4,pre_refit,123,B0006,82,92.05488530825814,91.70647
TD-Clean-4,pre_refit,123,B0006,86,95.40291074415664,89.793686
TD-Clean-4,pre_refit,123,B0006,90,93.2941701264468,89.392006
TD-Clean-4,pre_refit,123,B0006,94,91.95812296295944,88.98016
TD-Clean-4,pre_refit,123,B0006,98,91.16379285351326,88.84982
TD-Clean-4,pre_refit,123,B0006,102,90.13722315501992,88.53048
TD-Clean-4,pre_refit,123,B0006,106,89.88629167454431,87.85458
TD-Clean-4,pre_refit,123,B0006,110,89.07464504963947,87.95375
TD-Clean-4,pre_refit,123,B0006,114,88.27677498375004,87.873634
TD-Clean-4,pre_refit,123,B0006,118,87.78153478310176,87.776375
TD-Clean-4,pre_refit,123,B0006,122,87.25902301297472,87.54193
TD-Clean-4,pre_refit,123,B0006,126,86.75445063463465,87.07069
TD-Clean-4,pre_refit,123,B0006,130,86.21919662960373,86.6259
TD-Clean-4,pre_refit,123,B0006,134,86.97181002045869,86.695175
TD-Clean-4,pre_refit,123,B0006,136,87.53004089819298,87.13106
TD-Clean-4,pre_refit,123,B0006,140,85.93648557449694,87.34799
TD-Clean-4,pre_refit,123,B0006,144,84.92223069682748,87.364204
TD-Clean-4,pre_refit,123,B0006,148,84.38106569995976,87.134445
TD-Clean-4,pre_refit,123,B0006,150,90.39396636175364,86.58824
TD-Clean-4,pre_refit,123,B0006,154,89.62118442408695,86.40751
TD-Clean-4,pre_refit,123,B0006,158,88.01687540594799,86.511856
TD-Clean-4,pre_refit,123,B0006,162,86.47934133475826,86.53594
TD-Clean-4,pre_refit,123,B0006,166,85.7093899316892,86.79291
TD-Clean-4,pre_refit,123,B0006,170,84.66363361309608,86.69734
TD-Clean-4,pre_refit,123,B0006,174,84.14253773442293,86.186226
TD-Clean-4,pre_refit,123,B0006,178,83.37268440744252,86.38885
TD-Clean-4,pre_refit,123,B0006,182,82.84795096685752,86.3046
TD-Clean-4,pre_refit,123,B0006,186,82.31672078137474,86.11223
TD-Clean-4,pre_refit,123,B0006,190,81.8390002521071,85.84356
TD-Clean-4,pre_refit,123,B0006,194,81.29446683115198,85.72782
TD-Clean-4,pre_refit,123,B0006,198,80.75246648690656,85.860794
TD-Clean-4,pre_refit,123,B0006,202,79.7437886746144,86.427055
TD-Clean-4,pre_refit,123,B0006,206,79.47984426199564,86.09851
TD-Clean-4,pre_refit,123,B0006,210,79.25415788836384,85.826904
TD-Clean-4,pre_refit,123,B0006,214,78.69188922732394,86.17244
TD-Clean-4,pre_refit,123,B0006,216,78.46114405771091,86.163925
TD-Clean-4,pre_refit,123,B0006,220,77.67630372212932,86.35654
TD-Clean-4,pre_refit,123,B0006,224,77.38916838478035,86.381935
TD-Clean-4,pre_refit,123,B0006,228,76.88491527529958,86.667305
TD-Clean-4,pre_refit,123,B0006,232,76.3646225030132,86.43022
TD-Clean-4,pre_refit,123,B0006,236,75.60327887522882,86.67605
TD-Clean-4,pre_refit,123,B0006,240,75.84333345118733,86.74294
TD-Clean-4,pre_refit,123,B0006,244,75.57070473005419,86.698875
TD-Clean-4,pre_refit,123,B0006,248,75.06972493621848,87.25674
TD-Clean-4,pre_refit,123,B0006,252,74.81407516505371,87.078804
TD-Clean-4,pre_refit,123,B0006,256,74.54671414292675,86.961624
TD-Clean-4,pre_refit,123,B0006,260,74.02740213488109,87.572845
TD-Clean-4,pre_refit,123,B0006,264,73.73556466569462,87.24481
TD-Clean-4,pre_refit,123,B0006,266,75.84980622026112,85.445015
TD-Clean-4,pre_refit,123,B0006,270,74.55060879561292,86.843025
TD-Clean-4,pre_refit,123,B0006,274,73.79142812679322,86.893005
TD-Clean-4,pre_refit,123,B0006,278,73.27190839787096,87.820465
TD-Clean-4,pre_refit,123,B0006,282,73.28093201847443,87.1478
TD-Clean-4,pre_refit,123,B0006,286,73.02095301621284,86.93317
TD-Clean-4,pre_refit,123,B0006,290,72.73851013234444,86.99216
TD-Clean-4,pre_refit,123,B0006,294,71.95104826590523,87.219574
TD-Clean-4,pre_refit,123,B0006,298,71.96564568462234,87.533066
TD-Clean-4,pre_refit,123,B0006,302,71.72895437691278,87.81254
TD-Clean-4,pre_refit,123,B0006,306,71.71434939609318,87.254814
TD-Clean-4,pre_refit,123,B0006,310,71.45761792874575,87.388695
TD-Clean-4,pre_refit,123,B0006,313,78.98726854374111,85.62222
TD-Clean-4,pre_refit,123,B0006,316,76.64794397240323,85.22379
TD-Clean-4,pre_refit,123,B0006,320,75.07747171565073,85.747696
TD-Clean-4,pre_refit,123,B0006,324,74.29795247472106,86.019936
TD-Clean-4,pre_refit,123,B0006,328,73.51146675367659,86.67379
TD-Clean-4,pre_refit,123,B0006,332,73.00864275760908,86.690956
TD-Clean-4,pre_refit,123,B0006,336,72.50277290138493,86.9611
TD-Clean-4,pre_refit,123,B0006,340,71.96131839956391,86.86093
TD-Clean-4,pre_refit,123,B0006,344,71.71500633205595,87.10798
TD-Clean-4,pre_refit,123,B0006,348,71.44305583769248,87.18979
TD-Clean-4,pre_refit,123,B0006,352,70.93898960214143,87.20594
TD-Clean-4,pre_refit,123,B0006,356,70.68194044477139,87.15447
TD-Clean-4,pre_refit,123,B0006,360,70.4074916889224,87.74982
TD-Clean-4,pre_refit,123,B0006,364,70.41804785222855,87.492775
TD-Clean-4,pre_refit,123,B0006,367,71.98210310103482,86.38808
TD-Clean-4,pre_refit,123,B0006,371,70.95618334594263,86.866425
TD-Clean-4,pre_refit,123,B0006,375,70.1362730902931,86.89078
TD-Clean-4,pre_refit,123,B0006,379,69.87433806657212,87.20609
TD-Clean-4,pre_refit,123,B0006,383,69.63573699649338,87.82588
TD-Clean-4,pre_refit,123,B0006,387,69.15232147064526,87.9971
TD-Clean-4,pre_refit,123,B0006,391,69.12109936452545,87.6511
TD-Clean-4,pre_refit,123,B0006,395,68.86250185726787,87.76434
TD-Clean-4,pre_refit,123,B0006,399,68.59092282212131,88.00019
TD-Clean-4,pre_refit,123,B0006,403,68.08750743669,87.84299
TD-Clean-4,pre_refit,123,B0006,407,68.33159705981836,87.71847
TD-Clean-4,pre_refit,123,B0006,411,68.09140360412486,87.90036
TD-Clean-4,pre_refit,123,B0006,415,67.81869443003508,88.14211
TD-Clean-4,pre_refit,123,B0006,419,67.5730638436144,88.41248
TD-Clean-4,pre_refit,123,B0006,423,67.31503513349786,88.69715
TD-Clean-4,pre_refit,123,B0006,427,67.07575548417674,88.04877
TD-Clean-4,pre_refit,123,B0006,431,68.60691404106846,88.02781
TD-Clean-4,pre_refit,123,B0006,433,69.64711039275872,86.90554
TD-Clean-4,pre_refit,123,B0006,437,68.33719964359061,87.543526
TD-Clean-4,pre_refit,123,B0006,441,67.81907707369999,88.58562
TD-Clean-4,pre_refit,123,B0006,445,67.27630029953899,88.41872
TD-Clean-4,pre_refit,123,B0006,449,67.03731096833596,89.16771
TD-Clean-4,pre_refit,123,B0006,453,66.78534122129697,88.945816
TD-Clean-4,pre_refit,123,B0006,457,66.26973868287087,89.16529
TD-Clean-4,pre_refit,123,B0006,461,65.98363462621751,89.54995
TD-Clean-4,pre_refit,123,B0006,465,65.72069252661954,90.15796
TD-Clean-4,pre_refit,123,B0006,469,65.50500064349335,89.632225
TD-Clean-4,pre_refit,123,B0006,473,65.48747074550045,90.09282
TD-Clean-4,pre_refit,123,B0006,477,65.2110653386093,90.48453
TD-Clean-4,pre_refit,123,B0006,481,65.47148558720653,90.321075
TD-Clean-4,pre_refit,123,B0006,483,66.78647932759047,89.01061
TD-Clean-4,pre_refit,123,B0006,485,65.72477818237311,90.2471
TD-Clean-4,pre_refit,123,B0006,489,64.93697426302657,90.561424
TD-Clean-4,pre_refit,123,B0006,493,64.69397950587184,90.95098
TD-Clean-4,pre_refit,123,B0006,497,64.45556804271465,90.60559
TD-Clean-4,pre_refit,123,B0006,501,64.44711910522597,90.78424
TD-Clean-4,pre_refit,123,B0006,505,63.9153253541329,90.83506
TD-Clean-4,pre_refit,123,B0006,509,63.40709756117343,91.228264
TD-Clean-4,pre_refit,123,B0006,513,63.40485519747241,91.492455
TD-Clean-4,pre_refit,123,B0006,517,63.14854807557744,91.28735
TD-Clean-4,pre_refit,123,B0006,521,63.15304028594434,91.35501
TD-Clean-4,pre_refit,123,B0006,525,62.63936845251047,91.83482
TD-Clean-4,pre_refit,123,B0006,529,62.36048327920517,92.0063
TD-Clean-4,pre_refit,123,B0006,533,62.11872624491582,91.82396
TD-Clean-4,pre_refit,123,B0006,537,62.11731201074328,91.65105
TD-Clean-4,pre_refit,123,B0006,541,61.86235410492132,92.051674
TD-Clean-4,pre_refit,123,B0006,545,62.12742822257309,92.333305
TD-Clean-4,pre_refit,123,B0006,548,63.93010610326108,90.9665
TD-Clean-4,pre_refit,123,B0006,552,62.62827859533666,91.53979
TD-Clean-4,pre_refit,123,B0006,556,61.85683618405182,92.00049
TD-Clean-4,pre_refit,123,B0006,560,61.07092794836815,92.28504
TD-Clean-4,pre_refit,123,B0006,564,60.82277612678393,92.21008
TD-Clean-4,pre_refit,123,B0006,568,60.55640953242813,92.63849
TD-Clean-4,pre_refit,123,B0006,572,60.02917505279337,92.59464
TD-Clean-4,pre_refit,123,B0006,576,59.75722270334661,92.72131
TD-Clean-4,pre_refit,123,B0006,580,59.52315601830062,92.70374
TD-Clean-4,pre_refit,123,B0006,584,59.01246912863032,93.075874
TD-Clean-4,pre_refit,123,B0006,588,58.74426171153606,93.102066
TD-Clean-4,pre_refit,123,B0006,592,58.47122551716232,93.21034
TD-Clean-4,pre_refit,123,B0006,596,58.2196597592319,93.33331
TD-Clean-4,pre_refit,123,B0006,600,57.18983519098029,93.70654
TD-Clean-4,pre_refit,123,B0006,604,57.71437056534329,93.57973
TD-Clean-4,pre_refit,123,B0006,608,57.43663099473362,93.483696
TD-Clean-4,pre_refit,123,B0006,612,58.23847489632371,93.44083
TD-Clean-4,pre_refit,123,B0006,614,58.76884540363096,92.76904
TD-Clean-4,refit_on_3,123,B0006,2,100.88297108833646,94.20134
TD-Clean-4,refit_on_3,123,B0006,4,100.37753235288778,96.14395
TD-Clean-4,refit_on_3,123,B0006,6,99.79196916000484,96.446625
TD-Clean-4,refit_on_3,123,B0006,8,99.7899019818078,96.530235
TD-Clean-4,refit_on_3,123,B0006,10,99.15762541696316,96.17305
TD-Clean-4,refit_on_3,123,B0006,12,99.8203556776378,96.04318
TD-Clean-4,refit_on_3,123,B0006,14,99.7808037027038,95.73506
TD-Clean-4,refit_on_3,123,B0006,16,97.5844832820893,96.613205
TD-Clean-4,refit_on_3,123,B0006,18,97.5535716293996,96.67413
TD-Clean-4,refit_on_3,123,B0006,20,97.01155142541865,96.24839
TD-Clean-4,refit_on_3,123,B0006,22,96.43502080876348,96.5996
TD-Clean-4,refit_on_3,123,B0006,25,95.8972998236526,95.86566
TD-Clean-4,refit_on_3,123,B0006,27,95.32875373854844,96.39767
TD-Clean-4,refit_on_3,123,B0006,29,94.76419905980474,95.49684
TD-Clean-4,refit_on_3,123,B0006,31,94.22773853976388,96.141685
TD-Clean-4,refit_on_3,123,B0006,33,93.6395064953226,96.08748
TD-Clean-4,refit_on_3,123,B0006,35,93.09821798643677,96.25489
TD-Clean-4,refit_on_3,123,B0006,37,92.56743574756617,95.9264
TD-Clean-4,refit_on_3,123,B0006,39,92.56840432582156,95.59181
TD-Clean-4,refit_on_3,123,B0006,42,98.12161319843736,95.96615
TD-Clean-4,refit_on_3,123,B0006,46,97.02736865587346,96.17083
TD-Clean-4,refit_on_3,123,B0006,50,96.4457203456954,96.32391
TD-Clean-4,refit_on_3,123,B0006,54,95.37664206593776,96.73193
TD-Clean-4,refit_on_3,123,B0006,58,96.45395400781383,95.94878
TD-Clean-4,refit_on_3,123,B0006,62,94.2446511737385,96.51224
TD-Clean-4,refit_on_3,123,B0006,66,93.11783815158223,96.03697
TD-Clean-4,refit_on_3,123,B0006,70,92.60393676951,95.68277
TD-Clean-4,refit_on_3,123,B0006,74,91.99518419888014,95.434326
TD-Clean-4,refit_on_3,123,B0006,78,91.45865458065036,95.75095
TD-Clean-4,refit_on_3,123,B0006,82,92.05488530825814,95.0312
TD-Clean-4,refit_on_3,123,B0006,86,95.40291074415664,88.98261
TD-Clean-4,refit_on_3,123,B0006,90,93.2941701264468,88.97586
TD-Clean-4,refit_on_3,123,B0006,94,91.95812296295944,88.75664
TD-Clean-4,refit_on_3,123,B0006,98,91.16379285351326,88.74685
TD-Clean-4,refit_on_3,123,B0006,102,90.13722315501992,88.48204
TD-Clean-4,refit_on_3,123,B0006,106,89.88629167454431,87.12033
TD-Clean-4,refit_on_3,123,B0006,110,89.07464504963947,87.57549
TD-Clean-4,refit_on_3,123,B0006,114,88.27677498375004,87.583885
TD-Clean-4,refit_on_3,123,B0006,118,87.78153478310176,87.46233
TD-Clean-4,refit_on_3,123,B0006,122,87.25902301297472,86.84888
TD-Clean-4,refit_on_3,123,B0006,126,86.75445063463465,85.85453
TD-Clean-4,refit_on_3,123,B0006,130,86.21919662960373,85.36892
TD-Clean-4,refit_on_3,123,B0006,134,86.97181002045869,85.80846
TD-Clean-4,refit_on_3,123,B0006,136,87.53004089819298,86.16921
TD-Clean-4,refit_on_3,123,B0006,140,85.93648557449694,86.63367
TD-Clean-4,refit_on_3,123,B0006,144,84.92223069682748,86.63835
TD-Clean-4,refit_on_3,123,B0006,148,84.38106569995976,86.245255
TD-Clean-4,refit_on_3,123,B0006,150,90.39396636175364,83.086784
TD-Clean-4,refit_on_3,123,B0006,154,89.62118442408695,84.71486
TD-Clean-4,refit_on_3,123,B0006,158,88.01687540594799,85.24917
TD-Clean-4,refit_on_3,123,B0006,162,86.47934133475826,85.40086
TD-Clean-4,refit_on_3,123,B0006,166,85.7093899316892,85.6426
TD-Clean-4,refit_on_3,123,B0006,170,84.66363361309608,85.411964
TD-Clean-4,refit_on_3,123,B0006,174,84.14253773442293,84.48314
TD-Clean-4,refit_on_3,123,B0006,178,83.37268440744252,84.83386
TD-Clean-4,refit_on_3,123,B0006,182,82.84795096685752,84.71104
TD-Clean-4,refit_on_3,123,B0006,186,82.31672078137474,84.509766
TD-Clean-4,refit_on_3,123,B0006,190,81.8390002521071,83.91296
TD-Clean-4,refit_on_3,123,B0006,194,81.29446683115198,83.62204
TD-Clean-4,refit_on_3,123,B0006,198,80.75246648690656,83.79677
TD-Clean-4,refit_on_3,123,B0006,202,79.7437886746144,84.58093
TD-Clean-4,refit_on_3,123,B0006,206,79.47984426199564,84.25531
TD-Clean-4,refit_on_3,123,B0006,210,79.25415788836384,83.48242
TD-Clean-4,refit_on_3,123,B0006,214,78.69188922732394,84.48478
TD-Clean-4,refit_on_3,123,B0006,216,78.46114405771091,84.2208
TD-Clean-4,refit_on_3,123,B0006,220,77.67630372212932,84.50522
TD-Clean-4,refit_on_3,123,B0006,224,77.38916838478035,84.5009
TD-Clean-4,refit_on_3,123,B0006,228,76.88491527529958,84.74342
TD-Clean-4,refit_on_3,123,B0006,232,76.3646225030132,84.376785
TD-Clean-4,refit_on_3,123,B0006,236,75.60327887522882,84.69895
TD-Clean-4,refit_on_3,123,B0006,240,75.84333345118733,84.61813
TD-Clean-4,refit_on_3,123,B0006,244,75.57070473005419,84.53538
TD-Clean-4,refit_on_3,123,B0006,248,75.06972493621848,85.10161
TD-Clean-4,refit_on_3,123,B0006,252,74.81407516505371,84.871025
TD-Clean-4,refit_on_3,123,B0006,256,74.54671414292675,84.7549
TD-Clean-4,refit_on_3,123,B0006,260,74.02740213488109,85.46923
TD-Clean-4,refit_on_3,123,B0006,264,73.73556466569462,84.87053
TD-Clean-4,refit_on_3,123,B0006,266,75.84980622026112,82.50157
TD-Clean-4,refit_on_3,123,B0006,270,74.55060879561292,84.4972
TD-Clean-4,refit_on_3,123,B0006,274,73.79142812679322,84.52756
TD-Clean-4,refit_on_3,123,B0006,278,73.27190839787096,85.42889
TD-Clean-4,refit_on_3,123,B0006,282,73.28093201847443,84.1611
TD-Clean-4,refit_on_3,123,B0006,286,73.02095301621284,83.87092
TD-Clean-4,refit_on_3,123,B0006,290,72.73851013234444,83.98958
TD-Clean-4,refit_on_3,123,B0006,294,71.95104826590523,84.51716
TD-Clean-4,refit_on_3,123,B0006,298,71.96564568462234,84.8463
TD-Clean-4,refit_on_3,123,B0006,302,71.72895437691278,84.77514
TD-Clean-4,refit_on_3,123,B0006,306,71.71434939609318,84.00963
TD-Clean-4,refit_on_3,123,B0006,310,71.45761792874575,84.158646
TD-Clean-4,refit_on_3,123,B0006,313,78.98726854374111,82.71959
TD-Clean-4,refit_on_3,123,B0006,316,76.64794397240323,82.07655
TD-Clean-4,refit_on_3,123,B0006,320,75.07747171565073,82.83832
TD-Clean-4,refit_on_3,123,B0006,324,74.29795247472106,83.19275
TD-Clean-4,refit_on_3,123,B0006,328,73.51146675367659,83.937584
TD-Clean-4,refit_on_3,123,B0006,332,73.00864275760908,83.943
TD-Clean-4,refit_on_3,123,B0006,336,72.50277290138493,84.11716
TD-Clean-4,refit_on_3,123,B0006,340,71.96131839956391,83.937675
TD-Clean-4,refit_on_3,123,B0006,344,71.71500633205595,84.222046
TD-Clean-4,refit_on_3,123,B0006,348,71.44305583769248,84.21798
TD-Clean-4,refit_on_3,123,B0006,352,70.93898960214143,84.14991
TD-Clean-4,refit_on_3,123,B0006,356,70.68194044477139,84.07597
TD-Clean-4,refit_on_3,123,B0006,360,70.4074916889224,84.79073
TD-Clean-4,refit_on_3,123,B0006,364,70.41804785222855,84.01031
TD-Clean-4,refit_on_3,123,B0006,367,71.98210310103482,82.694214
TD-Clean-4,refit_on_3,123,B0006,371,70.95618334594263,83.39425
TD-Clean-4,refit_on_3,123,B0006,375,70.1362730902931,83.54706
TD-Clean-4,refit_on_3,123,B0006,379,69.87433806657212,83.97078
TD-Clean-4,refit_on_3,123,B0006,383,69.63573699649338,84.438255
TD-Clean-4,refit_on_3,123,B0006,387,69.15232147064526,84.48401
TD-Clean-4,refit_on_3,123,B0006,391,69.12109936452545,83.94323
TD-Clean-4,refit_on_3,123,B0006,395,68.86250185726787,84.246994
TD-Clean-4,refit_on_3,123,B0006,399,68.59092282212131,84.51116
TD-Clean-4,refit_on_3,123,B0006,403,68.08750743669,84.215
TD-Clean-4,refit_on_3,123,B0006,407,68.33159705981836,83.78364
TD-Clean-4,refit_on_3,123,B0006,411,68.09140360412486,84.163826
TD-Clean-4,refit_on_3,123,B0006,415,67.81869443003508,84.537346
TD-Clean-4,refit_on_3,123,B0006,419,67.5730638436144,84.8884
TD-Clean-4,refit_on_3,123,B0006,423,67.31503513349786,84.9929
TD-Clean-4,refit_on_3,123,B0006,427,67.07575548417674,84.0526
TD-Clean-4,refit_on_3,123,B0006,431,68.60691404106846,84.46968
TD-Clean-4,refit_on_3,123,B0006,433,69.64711039275872,82.95566
TD-Clean-4,refit_on_3,123,B0006,437,68.33719964359061,83.91851
TD-Clean-4,refit_on_3,123,B0006,441,67.81907707369999,85.18732
TD-Clean-4,refit_on_3,123,B0006,445,67.27630029953899,84.93185
TD-Clean-4,refit_on_3,123,B0006,449,67.03731096833596,85.74545
TD-Clean-4,refit_on_3,123,B0006,453,66.78534122129697,85.487724
TD-Clean-4,refit_on_3,123,B0006,457,66.26973868287087,85.74138
TD-Clean-4,refit_on_3,123,B0006,461,65.98363462621751,86.211334
TD-Clean-4,refit_on_3,123,B0006,465,65.72069252661954,86.98707
TD-Clean-4,refit_on_3,123,B0006,469,65.50500064349335,86.28473
TD-Clean-4,refit_on_3,123,B0006,473,65.48747074550045,86.73073
TD-Clean-4,refit_on_3,123,B0006,477,65.2110653386093,87.238945
TD-Clean-4,refit_on_3,123,B0006,481,65.47148558720653,86.59903
TD-Clean-4,refit_on_3,123,B0006,483,66.78647932759047,85.63268
TD-Clean-4,refit_on_3,123,B0006,485,65.72477818237311,87.30948
TD-Clean-4,refit_on_3,123,B0006,489,64.93697426302657,87.6641
TD-Clean-4,refit_on_3,123,B0006,493,64.69397950587184,88.706604
TD-Clean-4,refit_on_3,123,B0006,497,64.45556804271465,87.598145
TD-Clean-4,refit_on_3,123,B0006,501,64.44711910522597,87.73541
TD-Clean-4,refit_on_3,123,B0006,505,63.9153253541329,88.09805
TD-Clean-4,refit_on_3,123,B0006,509,63.40709756117343,89.20859
TD-Clean-4,refit_on_3,123,B0006,513,63.40485519747241,89.80318
TD-Clean-4,refit_on_3,123,B0006,517,63.14854807557744,89.02398
TD-Clean-4,refit_on_3,123,B0006,521,63.15304028594434,89.14655
TD-Clean-4,refit_on_3,123,B0006,525,62.63936845251047,90.427444
TD-Clean-4,refit_on_3,123,B0006,529,62.36048327920517,90.963615
TD-Clean-4,refit_on_3,123,B0006,533,62.11872624491582,90.59539
TD-Clean-4,refit_on_3,123,B0006,537,62.11731201074328,89.83552
TD-Clean-4,refit_on_3,123,B0006,541,61.86235410492132,90.794556
TD-Clean-4,refit_on_3,123,B0006,545,62.12742822257309,91.43324
TD-Clean-4,refit_on_3,123,B0006,548,63.93010610326108,87.93525
TD-Clean-4,refit_on_3,123,B0006,552,62.62827859533666,89.05565
TD-Clean-4,refit_on_3,123,B0006,556,61.85683618405182,90.14496
TD-Clean-4,refit_on_3,123,B0006,560,61.07092794836815,90.77155
TD-Clean-4,refit_on_3,123,B0006,564,60.82277612678393,90.60805
TD-Clean-4,refit_on_3,123,B0006,568,60.55640953242813,91.484245
TD-Clean-4,refit_on_3,123,B0006,572,60.02917505279337,91.380196
TD-Clean-4,refit_on_3,123,B0006,576,59.75722270334661,91.66305
TD-Clean-4,refit_on_3,123,B0006,580,59.52315601830062,91.58608
TD-Clean-4,refit_on_3,123,B0006,584,59.01246912863032,92.360954
TD-Clean-4,refit_on_3,123,B0006,588,58.74426171153606,92.371704
TD-Clean-4,refit_on_3,123,B0006,592,58.47122551716232,92.532776
TD-Clean-4,refit_on_3,123,B0006,596,58.2196597592319,92.82461
TD-Clean-4,refit_on_3,123,B0006,600,57.18983519098029,93.59847
TD-Clean-4,refit_on_3,123,B0006,604,57.71437056534329,93.233574
TD-Clean-4,refit_on_3,123,B0006,608,57.43663099473362,92.95823
TD-Clean-4,refit_on_3,123,B0006,612,58.23847489632371,92.875
TD-Clean-4,refit_on_3,123,B0006,614,58.76884540363096,91.31016
TD-Clean-4,pre_refit,123,B0007,2,100.45351791563915,85.18458
TD-Clean-4,pre_refit,123,B0007,4,99.900254379013,86.581635
TD-Clean-4,pre_refit,123,B0007,6,99.90161660017114,86.581635
TD-Clean-4,pre_refit,123,B0007,8,99.9073657865712,86.581635
TD-Clean-4,pre_refit,123,B0007,10,99.83724531860553,86.581635
TD-Clean-4,pre_refit,123,B0007,12,99.90361817867274,86.581635
TD-Clean-4,pre_refit,123,B0007,14,99.86297576917136,86.581635
TD-Clean-4,pre_refit,123,B0007,16,99.94656396119812,86.581635
TD-Clean-4,pre_refit,123,B0007,18,99.31878532934633,86.581635
TD-Clean-4,pre_refit,123,B0007,20,99.33799331164263,86.581635
TD-Clean-4,pre_refit,123,B0007,22,99.33756087304828,86.581635
TD-Clean-4,pre_refit,123,B0007,25,98.78551523188162,86.581635
TD-Clean-4,pre_refit,123,B0007,27,98.75485184986668,86.581635
TD-Clean-4,pre_refit,123,B0007,29,98.75133536665352,86.581635
TD-Clean-4,pre_refit,123,B0007,31,98.77012942519043,86.581635
TD-Clean-4,pre_refit,123,B0007,33,98.73683812511632,86.581635
TD-Clean-4,pre_refit,123,B0007,35,98.15685575226132,86.581635
TD-Clean-4,pre_refit,123,B0007,37,98.19446503474695,86.581635
TD-Clean-4,pre_refit,123,B0007,39,98.186691403046,86.581635
TD-Clean-4,pre_refit,123,B0007,42,99.90787801510066,86.581635
TD-Clean-4,pre_refit,123,B0007,46,99.94461695603135,86.581635
TD-Clean-4,pre_refit,123,B0007,50,99.92460497901308,86.581635
TD-Clean-4,pre_refit,123,B0007,54,99.38880751306714,86.581635
TD-Clean-4,pre_refit,123,B0007,58,99.34580918956073,86.581635
TD-Clean-4,pre_refit,123,B0007,62,99.37088315432128,86.581635
TD-Clean-4,pre_refit,123,B0007,66,98.78342046080256,86.581635
TD-Clean-4,pre_refit,123,B0007,70,98.8058078187501,86.581635
TD-Clean-4,pre_refit,123,B0007,74,98.75966747373796,86.581635
TD-Clean-4,pre_refit,123,B0007,78,98.1739885027512,86.581635
TD-Clean-4,pre_refit,123,B0007,82,98.23039625446908,86.581635
TD-Clean-4,pre_refit,123,B0007,86,100.05062324611636,80.95873
TD-Clean-4,pre_refit,123,B0007,90,98.95386520139344,83.92663
TD-Clean-4,pre_refit,123,B0007,94,98.38356039411237,86.08044
TD-Clean-4,pre_refit,123,B0007,98,98.11080955264678,86.581635
TD-Clean-4,pre_refit,123,B0007,102,97.57312273601715,86.581635
TD-Clean-4,pre_refit,123,B0007,106,97.5908400366413,84.6907
TD-Clean-4,pre_refit,123,B0007,110,97.29922460125108,86.581635
TD-Clean-4,pre_refit,123,B0007,114,96.74012336609094,86.581635
TD-Clean-4,pre_refit,123,B0007,118,96.49359124138364,86.581635
TD-Clean-4,pre_refit,123,B0007,122,96.22137391342224,86.581635
TD-Clean-4,pre_refit,123,B0007,126,96.233276781278,84.454506
TD-Clean-4,pre_refit,123,B0007,130,95.93841918044076,84.10297
TD-Clean-4,pre_refit,123,B0007,134,96.31819241353496,86.581635
TD-Clean-4,pre_refit,123,B0007,136,95.94953719543624,86.581635
TD-Clean-4,pre_refit,123,B0007,140,95.3953227427902,86.581635
TD-Clean-4,pre_refit,123,B0007,144,94.86699939598208,86.581635
TD-Clean-4,pre_refit,123,B0007,148,94.57173479963342,86.581635
TD-Clean-4,pre_refit,123,B0007,150,96.41760769059738,67.64433
TD-Clean-4,pre_refit,123,B0007,154,96.45090493439226,78.858986
TD-Clean-4,pre_refit,123,B0007,158,95.6297003383392,83.16198
TD-Clean-4,pre_refit,123,B0007,162,95.10935396520227,84.89128
TD-Clean-4,pre_refit,123,B0007,166,94.57259385530976,85.82887
TD-Clean-4,pre_refit,123,B0007,170,94.30623404626093,85.48789
TD-Clean-4,pre_refit,123,B0007,174,94.0371367595855,83.37296
TD-Clean-4,pre_refit,123,B0007,178,93.49626919937222,85.046906
TD-Clean-4,pre_refit,123,B0007,182,92.9420388383138,85.82153
TD-Clean-4,pre_refit,123,B0007,186,92.94217065781828,86.29224
TD-Clean-4,pre_refit,123,B0007,190,92.69668329388116,84.56171
TD-Clean-4,pre_refit,123,B0007,194,92.41073633514534,83.05784
TD-Clean-4,pre_refit,123,B0007,198,91.82208130681248,84.61916
TD-Clean-4,pre_refit,123,B0007,202,91.5743327473832,85.49659
TD-Clean-4,pre_refit,123,B0007,206,91.04730118386937,86.581635
TD-Clean-4,pre_refit,123,B0007,210,91.04684020750553,83.61662
TD-Clean-4,pre_refit,123,B0007,214,90.49873919973382,85.813225
TD-Clean-4,pre_refit,123,B0007,216,90.51794914609178,83.87781
TD-Clean-4,pre_refit,123,B0007,220,89.96325858213598,84.50783
TD-Clean-4,pre_refit,123,B0007,224,89.64911074691454,84.942505
TD-Clean-4,pre_refit,123,B0007,228,89.4056438247883,84.875656
TD-Clean-4,pre_refit,123,B0007,232,89.13221056506995,84.33327
TD-Clean-4,pre_refit,123,B0007,236,88.88142970948275,84.74893
TD-Clean-4,pre_refit,123,B0007,240,88.57496163215028,84.44231
TD-Clean-4,pre_refit,123,B0007,244,88.30030467403411,84.386505
TD-Clean-4,pre_refit,123,B0007,248,88.04309784572763,84.47011
TD-Clean-4,pre_refit,123,B0007,252,87.7835715053401,84.68118
TD-Clean-4,pre_refit,123,B0007,256,87.5009058762453,84.99047
TD-Clean-4,pre_refit,123,B0007,260,86.92700430940862,85.36085
TD-Clean-4,pre_refit,123,B0007,264,86.91859800690037,86.06535
TD-Clean-4,pre_refit,123,B0007,266,87.17696241036246,83.14991
TD-Clean-4,pre_refit,123,B0007,270,86.66971006432802,86.581635
TD-Clean-4,pre_refit,123,B0007,274,86.11955257111292,86.581635
TD-Clean-4,pre_refit,123,B0007,278,85.86532022039283,86.294106
TD-Clean-4,pre_refit,123,B0007,282,85.83324550155743,83.3222
TD-Clean-4,pre_refit,123,B0007,286,85.88108948972226,82.74193
TD-Clean-4,pre_refit,123,B0007,290,85.56987844007078,83.1813
TD-Clean-4,pre_refit,123,B0007,294,85.027771191142,85.90999
TD-Clean-4,pre_refit,123,B0007,298,84.77582688520748,86.581635
TD-Clean-4,pre_refit,123,B0007,302,84.79178974791847,83.57477
TD-Clean-4,pre_refit,123,B0007,306,84.76993385106519,82.50386
TD-Clean-4,pre_refit,123,B0007,310,84.49605927424464,83.19625
TD-Clean-4,pre_refit,123,B0007,313,89.71090998622898,84.1646
TD-Clean-4,pre_refit,123,B0007,316,86.37349719367897,80.888794
TD-Clean-4,pre_refit,123,B0007,320,85.82898928627563,82.4528
TD-Clean-4,pre_refit,123,B0007,324,85.2934976107533,83.31841
TD-Clean-4,pre_refit,123,B0007,328,84.72574724857897,83.69981
TD-Clean-4,pre_refit,123,B0007,332,84.48328177752624,84.26552
TD-Clean-4,pre_refit,123,B0007,336,84.21457006738538,83.8107
TD-Clean-4,pre_refit,123,B0007,340,83.9288888229777,83.45134
TD-Clean-4,pre_refit,123,B0007,344,83.67629222648154,83.61695
TD-Clean-4,pre_refit,123,B0007,348,83.38837618926404,83.47204
TD-Clean-4,pre_refit,123,B0007,352,83.41270816038221,82.86531
TD-Clean-4,pre_refit,123,B0007,356,83.14675201444969,83.60905
TD-Clean-4,pre_refit,123,B0007,360,82.8484308280049,83.85902
TD-Clean-4,pre_refit,123,B0007,364,83.13252526962864,83.07494
TD-Clean-4,pre_refit,123,B0007,367,83.66359396289195,79.61146
TD-Clean-4,pre_refit,123,B0007,371,83.14841165448959,81.42535
TD-Clean-4,pre_refit,123,B0007,375,82.85488835556158,81.90057
TD-Clean-4,pre_refit,123,B0007,379,82.33123711829187,83.82413
TD-Clean-4,pre_refit,123,B0007,383,82.01142381939957,81.91705
TD-Clean-4,pre_refit,123,B0007,387,82.07206587982726,81.23863
TD-Clean-4,pre_refit,123,B0007,391,82.0495038543302,80.083534
TD-Clean-4,pre_refit,123,B0007,395,81.5031419618624,81.88207
TD-Clean-4,pre_refit,123,B0007,399,81.20841503507037,82.111664
TD-Clean-4,pre_refit,123,B0007,403,81.21721340553746,81.29409
TD-Clean-4,pre_refit,123,B0007,407,81.22601148878292,79.83428
TD-Clean-4,pre_refit,123,B0007,411,80.95054391771832,80.95701
TD-Clean-4,pre_refit,123,B0007,415,80.67227833994721,81.90976
TD-Clean-4,pre_refit,123,B0007,419,80.40565013650571,82.54813
TD-Clean-4,pre_refit,123,B0007,423,80.40335490244634,81.06999
TD-Clean-4,pre_refit,123,B0007,427,80.42152437300291,79.61601
TD-Clean-4,pre_refit,123,B0007,431,81.48461605871495,82.602974
TD-Clean-4,pre_refit,123,B0007,433,81.75963969607048,80.47301
TD-Clean-4,pre_refit,123,B0007,437,80.93560989493338,83.16275
TD-Clean-4,pre_refit,123,B0007,441,80.40209515327608,84.124664
TD-Clean-4,pre_refit,123,B0007,445,80.09419697809993,84.1871
TD-Clean-4,pre_refit,123,B0007,449,79.85042691616567,83.94582
TD-Clean-4,pre_refit,123,B0007,453,79.56495728605914,84.364075
TD-Clean-4,pre_refit,123,B0007,457,79.30076147796538,84.33008
TD-Clean-4,pre_refit,123,B0007,461,79.2776995197187,84.56151
TD-Clean-4,pre_refit,123,B0007,465,79.01573008127421,85.9382
TD-Clean-4,pre_refit,123,B0007,469,78.7529099419952,85.39472
TD-Clean-4,pre_refit,123,B0007,473,78.76631135529045,84.61191
TD-Clean-4,pre_refit,123,B0007,477,78.45734950325969,85.35519
TD-Clean-4,pre_refit,123,B0007,481,78.71925319505982,82.53832
TD-Clean-4,pre_refit,123,B0007,483,79.58166685963718,82.202194
TD-Clean-4,pre_refit,123,B0007,485,78.72860058663869,84.2309
TD-Clean-4,pre_refit,123,B0007,489,78.46501751785956,85.07988
TD-Clean-4,pre_refit,123,B0007,493,78.19738333514631,86.23243
TD-Clean-4,pre_refit,123,B0007,497,78.20645287101384,83.34004
TD-Clean-4,pre_refit,123,B0007,501,77.92824275772597,82.73039
TD-Clean-4,pre_refit,123,B0007,505,77.6497101362114,84.464035
TD-Clean-4,pre_refit,123,B0007,509,77.38028422735451,86.25359
TD-Clean-4,pre_refit,123,B0007,513,77.09660547904922,85.78682
TD-Clean-4,pre_refit,123,B0007,517,77.11046744203753,83.883835
TD-Clean-4,pre_refit,123,B0007,521,76.85550035450103,84.177864
TD-Clean-4,pre_refit,123,B0007,525,76.85236240084764,86.43868
TD-Clean-4,pre_refit,123,B0007,529,76.56671722215358,86.59264
TD-Clean-4,pre_refit,123,B0007,533,76.29399038621672,86.48985
TD-Clean-4,pre_refit,123,B0007,537,76.32425788720361,84.7005
TD-Clean-4,pre_refit,123,B0007,541,76.29658741049414,86.01606
TD-Clean-4,pre_refit,123,B0007,545,76.59209728582513,86.581635
TD-Clean-4,pre_refit,123,B0007,548,77.93863743061358,84.17711
TD-Clean-4,pre_refit,123,B0007,552,77.12364718084329,85.54684
TD-Clean-4,pre_refit,123,B0007,556,76.8725967441492,85.89936
TD-Clean-4,pre_refit,123,B0007,560,76.58854113704766,86.09534
TD-Clean-4,pre_refit,123,B0007,564,76.04885672654179,86.23236
TD-Clean-4,pre_refit,123,B0007,568,76.05828438472663,86.622665
TD-Clean-4,pre_refit,123,B0007,572,75.76335089505734,86.423195
TD-Clean-4,pre_refit,123,B0007,576,75.75439980355237,86.10955
TD-Clean-4,pre_refit,123,B0007,580,75.49812548326929,86.57736
TD-Clean-4,pre_refit,123,B0007,584,75.23591897923467,85.89742
TD-Clean-4,pre_refit,123,B0007,588,75.24924732301496,86.57527
TD-Clean-4,pre_refit,123,B0007,592,74.94444174506414,85.3803
TD-Clean-4,pre_refit,123,B0007,596,74.95266425125988,86.33583
TD-Clean-4,pre_refit,123,B0007,600,74.69643604452878,86.019966
TD-Clean-4,pre_refit,123,B0007,604,74.7051700493532,85.89428
TD-Clean-4,pre_refit,123,B0007,608,74.39278959915883,84.919395
TD-Clean-4,pre_refit,123,B0007,612,75.52591562947222,84.53196
TD-Clean-4,pre_refit,123,B0007,614,76.09264518290325,82.54582
TD-Clean-4,refit_on_3,123,B0007,2,100.45351791563915,88.74006
TD-Clean-4,refit_on_3,123,B0007,4,99.900254379013,88.74006
TD-Clean-4,refit_on_3,123,B0007,6,99.90161660017114,88.74006
TD-Clean-4,refit_on_3,123,B0007,8,99.9073657865712,88.74006
TD-Clean-4,refit_on_3,123,B0007,10,99.83724531860553,88.74006
TD-Clean-4,refit_on_3,123,B0007,12,99.90361817867274,88.74006
TD-Clean-4,refit_on_3,123,B0007,14,99.86297576917136,88.74006
TD-Clean-4,refit_on_3,123,B0007,16,99.94656396119812,88.74006
TD-Clean-4,refit_on_3,123,B0007,18,99.31878532934633,88.74006
TD-Clean-4,refit_on_3,123,B0007,20,99.33799331164263,88.74006
TD-Clean-4,refit_on_3,123,B0007,22,99.33756087304828,88.74006
TD-Clean-4,refit_on_3,123,B0007,25,98.78551523188162,88.74006
TD-Clean-4,refit_on_3,123,B0007,27,98.75485184986668,88.74006
TD-Clean-4,refit_on_3,123,B0007,29,98.75133536665352,88.74006
TD-Clean-4,refit_on_3,123,B0007,31,98.77012942519043,88.74006
TD-Clean-4,refit_on_3,123,B0007,33,98.73683812511632,88.74006
TD-Clean-4,refit_on_3,123,B0007,35,98.15685575226132,88.74006
TD-Clean-4,refit_on_3,123,B0007,37,98.19446503474695,88.74006
TD-Clean-4,refit_on_3,123,B0007,39,98.186691403046,88.74006
TD-Clean-4,refit_on_3,123,B0007,42,99.90787801510066,88.74006
TD-Clean-4,refit_on_3,123,B0007,46,99.94461695603135,88.74006
TD-Clean-4,refit_on_3,123,B0007,50,99.92460497901308,88.74006
TD-Clean-4,refit_on_3,123,B0007,54,99.38880751306714,88.74006
TD-Clean-4,refit_on_3,123,B0007,58,99.34580918956073,88.74006
TD-Clean-4,refit_on_3,123,B0007,62,99.37088315432128,88.74006
TD-Clean-4,refit_on_3,123,B0007,66,98.78342046080256,88.74006
TD-Clean-4,refit_on_3,123,B0007,70,98.8058078187501,88.74006
TD-Clean-4,refit_on_3,123,B0007,74,98.75966747373796,88.74006
TD-Clean-4,refit_on_3,123,B0007,78,98.1739885027512,88.74006
TD-Clean-4,refit_on_3,123,B0007,82,98.23039625446908,88.74006
TD-Clean-4,refit_on_3,123,B0007,86,100.05062324611636,85.35559
TD-Clean-4,refit_on_3,123,B0007,90,98.95386520139344,88.74006
TD-Clean-4,refit_on_3,123,B0007,94,98.38356039411237,88.74006
TD-Clean-4,refit_on_3,123,B0007,98,98.11080955264678,88.74006
TD-Clean-4,refit_on_3,123,B0007,102,97.57312273601715,88.74006
TD-Clean-4,refit_on_3,123,B0007,106,97.5908400366413,88.74006
TD-Clean-4,refit_on_3,123,B0007,110,97.29922460125108,88.74006
TD-Clean-4,refit_on_3,123,B0007,114,96.74012336609094,88.74006
TD-Clean-4,refit_on_3,123,B0007,118,96.49359124138364,88.74006
TD-Clean-4,refit_on_3,123,B0007,122,96.22137391342224,88.74006
TD-Clean-4,refit_on_3,123,B0007,126,96.233276781278,88.74006
TD-Clean-4,refit_on_3,123,B0007,130,95.93841918044076,88.74006
TD-Clean-4,refit_on_3,123,B0007,134,96.31819241353496,88.74006
TD-Clean-4,refit_on_3,123,B0007,136,95.94953719543624,88.74006
TD-Clean-4,refit_on_3,123,B0007,140,95.3953227427902,88.74006
TD-Clean-4,refit_on_3,123,B0007,144,94.86699939598208,88.74006
TD-Clean-4,refit_on_3,123,B0007,148,94.57173479963342,88.74006
TD-Clean-4,refit_on_3,123,B0007,150,96.41760769059738,69.77724
TD-Clean-4,refit_on_3,123,B0007,154,96.45090493439226,84.366646
TD-Clean-4,refit_on_3,123,B0007,158,95.6297003383392,88.74006
TD-Clean-4,refit_on_3,123,B0007,162,95.10935396520227,88.74006
TD-Clean-4,refit_on_3,123,B0007,166,94.57259385530976,88.74006
TD-Clean-4,refit_on_3,123,B0007,170,94.30623404626093,88.74006
TD-Clean-4,refit_on_3,123,B0007,174,94.0371367595855,88.74006
TD-Clean-4,refit_on_3,123,B0007,178,93.49626919937222,88.74006
TD-Clean-4,refit_on_3,123,B0007,182,92.9420388383138,88.74006
TD-Clean-4,refit_on_3,123,B0007,186,92.94217065781828,88.74006
TD-Clean-4,refit_on_3,123,B0007,190,92.69668329388116,88.74006
TD-Clean-4,refit_on_3,123,B0007,194,92.41073633514534,88.74006
TD-Clean-4,refit_on_3,123,B0007,198,91.82208130681248,88.74006
TD-Clean-4,refit_on_3,123,B0007,202,91.5743327473832,88.74006
TD-Clean-4,refit_on_3,123,B0007,206,91.04730118386937,88.74006
TD-Clean-4,refit_on_3,123,B0007,210,91.04684020750553,88.74006
TD-Clean-4,refit_on_3,123,B0007,214,90.49873919973382,88.74006
TD-Clean-4,refit_on_3,123,B0007,216,90.51794914609178,88.74006
TD-Clean-4,refit_on_3,123,B0007,220,89.96325858213598,88.74006
TD-Clean-4,refit_on_3,123,B0007,224,89.64911074691454,88.74006
TD-Clean-4,refit_on_3,123,B0007,228,89.4056438247883,88.74006
TD-Clean-4,refit_on_3,123,B0007,232,89.13221056506995,88.74006
TD-Clean-4,refit_on_3,123,B0007,236,88.88142970948275,88.74006
TD-Clean-4,refit_on_3,123,B0007,240,88.57496163215028,88.74006
TD-Clean-4,refit_on_3,123,B0007,244,88.30030467403411,88.74006
TD-Clean-4,refit_on_3,123,B0007,248,88.04309784572763,88.74006
TD-Clean-4,refit_on_3,123,B0007,252,87.7835715053401,88.74006
TD-Clean-4,refit_on_3,123,B0007,256,87.5009058762453,88.74006
TD-Clean-4,refit_on_3,123,B0007,260,86.92700430940862,88.74006
TD-Clean-4,refit_on_3,123,B0007,264,86.91859800690037,88.74006
TD-Clean-4,refit_on_3,123,B0007,266,87.17696241036246,88.74006
TD-Clean-4,refit_on_3,123,B0007,270,86.66971006432802,88.74006
TD-Clean-4,refit_on_3,123,B0007,274,86.11955257111292,88.74006
TD-Clean-4,refit_on_3,123,B0007,278,85.86532022039283,88.74006
TD-Clean-4,refit_on_3,123,B0007,282,85.83324550155743,88.74006
TD-Clean-4,refit_on_3,123,B0007,286,85.88108948972226,88.74006
TD-Clean-4,refit_on_3,123,B0007,290,85.56987844007078,88.74006
TD-Clean-4,refit_on_3,123,B0007,294,85.027771191142,88.74006
TD-Clean-4,refit_on_3,123,B0007,298,84.77582688520748,88.74006
TD-Clean-4,refit_on_3,123,B0007,302,84.79178974791847,88.74006
TD-Clean-4,refit_on_3,123,B0007,306,84.76993385106519,88.74006
TD-Clean-4,refit_on_3,123,B0007,310,84.49605927424464,88.74006
TD-Clean-4,refit_on_3,123,B0007,313,89.71090998622898,88.74006
TD-Clean-4,refit_on_3,123,B0007,316,86.37349719367897,87.58252
TD-Clean-4,refit_on_3,123,B0007,320,85.82898928627563,88.74006
TD-Clean-4,refit_on_3,123,B0007,324,85.2934976107533,88.74006
TD-Clean-4,refit_on_3,123,B0007,328,84.72574724857897,88.74006
TD-Clean-4,refit_on_3,123,B0007,332,84.48328177752624,88.74006
TD-Clean-4,refit_on_3,123,B0007,336,84.21457006738538,88.74006
TD-Clean-4,refit_on_3,123,B0007,340,83.9288888229777,88.74006
TD-Clean-4,refit_on_3,123,B0007,344,83.67629222648154,88.74006
TD-Clean-4,refit_on_3,123,B0007,348,83.38837618926404,88.74006
TD-Clean-4,refit_on_3,123,B0007,352,83.41270816038221,88.74006
TD-Clean-4,refit_on_3,123,B0007,356,83.14675201444969,88.74006
TD-Clean-4,refit_on_3,123,B0007,360,82.8484308280049,88.74006
TD-Clean-4,refit_on_3,123,B0007,364,83.13252526962864,88.74006
TD-Clean-4,refit_on_3,123,B0007,367,83.66359396289195,86.29767
TD-Clean-4,refit_on_3,123,B0007,371,83.14841165448959,88.74006
TD-Clean-4,refit_on_3,123,B0007,375,82.85488835556158,88.74006
TD-Clean-4,refit_on_3,123,B0007,379,82.33123711829187,88.74006
TD-Clean-4,refit_on_3,123,B0007,383,82.01142381939957,88.74006
TD-Clean-4,refit_on_3,123,B0007,387,82.07206587982726,88.52548
TD-Clean-4,refit_on_3,123,B0007,391,82.0495038543302,86.96133
TD-Clean-4,refit_on_3,123,B0007,395,81.5031419618624,88.74006
TD-Clean-4,refit_on_3,123,B0007,399,81.20841503507037,88.74006
TD-Clean-4,refit_on_3,123,B0007,403,81.21721340553746,88.6164
TD-Clean-4,refit_on_3,123,B0007,407,81.22601148878292,86.8356
TD-Clean-4,refit_on_3,123,B0007,411,80.95054391771832,88.32484
TD-Clean-4,refit_on_3,123,B0007,415,80.67227833994721,88.74006
TD-Clean-4,refit_on_3,123,B0007,419,80.40565013650571,88.74006
TD-Clean-4,refit_on_3,123,B0007,423,80.40335490244634,88.37585
TD-Clean-4,refit_on_3,123,B0007,427,80.42152437300291,86.64533
TD-Clean-4,refit_on_3,123,B0007,431,81.48461605871495,88.74006
TD-Clean-4,refit_on_3,123,B0007,433,81.75963969607048,87.580925
TD-Clean-4,refit_on_3,123,B0007,437,80.93560989493338,88.74006
TD-Clean-4,refit_on_3,123,B0007,441,80.40209515327608,88.74006
TD-Clean-4,refit_on_3,123,B0007,445,80.09419697809993,88.74006
TD-Clean-4,refit_on_3,123,B0007,449,79.85042691616567,88.74006
TD-Clean-4,refit_on_3,123,B0007,453,79.56495728605914,88.74006
TD-Clean-4,refit_on_3,123,B0007,457,79.30076147796538,88.74006
TD-Clean-4,refit_on_3,123,B0007,461,79.2776995197187,88.74006
TD-Clean-4,refit_on_3,123,B0007,465,79.01573008127421,88.74006
TD-Clean-4,refit_on_3,123,B0007,469,78.7529099419952,88.74006
TD-Clean-4,refit_on_3,123,B0007,473,78.76631135529045,88.74006
TD-Clean-4,refit_on_3,123,B0007,477,78.45734950325969,88.74006
TD-Clean-4,refit_on_3,123,B0007,481,78.71925319505982,88.74006
TD-Clean-4,refit_on_3,123,B0007,483,79.58166685963718,88.74006
TD-Clean-4,refit_on_3,123,B0007,485,78.72860058663869,88.74006
TD-Clean-4,refit_on_3,123,B0007,489,78.46501751785956,88.74006
TD-Clean-4,refit_on_3,123,B0007,493,78.19738333514631,88.74006
TD-Clean-4,refit_on_3,123,B0007,497,78.20645287101384,88.74006
TD-Clean-4,refit_on_3,123,B0007,501,77.92824275772597,88.74006
TD-Clean-4,refit_on_3,123,B0007,505,77.6497101362114,88.74006
TD-Clean-4,refit_on_3,123,B0007,509,77.38028422735451,88.74006
TD-Clean-4,refit_on_3,123,B0007,513,77.09660547904922,88.74006
TD-Clean-4,refit_on_3,123,B0007,517,77.11046744203753,88.74006
TD-Clean-4,refit_on_3,123,B0007,521,76.85550035450103,88.74006
TD-Clean-4,refit_on_3,123,B0007,525,76.85236240084764,88.74006
TD-Clean-4,refit_on_3,123,B0007,529,76.56671722215358,88.74006
TD-Clean-4,refit_on_3,123,B0007,533,76.29399038621672,88.74006
TD-Clean-4,refit_on_3,123,B0007,537,76.32425788720361,88.74006
TD-Clean-4,refit_on_3,123,B0007,541,76.29658741049414,88.74006
TD-Clean-4,refit_on_3,123,B0007,545,76.59209728582513,88.74006
TD-Clean-4,refit_on_3,123,B0007,548,77.93863743061358,88.74006
TD-Clean-4,refit_on_3,123,B0007,552,77.12364718084329,88.74006
TD-Clean-4,refit_on_3,123,B0007,556,76.8725967441492,88.74006
TD-Clean-4,refit_on_3,123,B0007,560,76.58854113704766,88.74006
TD-Clean-4,refit_on_3,123,B0007,564,76.04885672654179,88.74006
TD-Clean-4,refit_on_3,123,B0007,568,76.05828438472663,88.74006
TD-Clean-4,refit_on_3,123,B0007,572,75.76335089505734,88.74006
TD-Clean-4,refit_on_3,123,B0007,576,75.75439980355237,88.74006
TD-Clean-4,refit_on_3,123,B0007,580,75.49812548326929,88.74006
TD-Clean-4,refit_on_3,123,B0007,584,75.23591897923467,88.74006
TD-Clean-4,refit_on_3,123,B0007,588,75.24924732301496,88.74006
TD-Clean-4,refit_on_3,123,B0007,592,74.94444174506414,88.74006
TD-Clean-4,refit_on_3,123,B0007,596,74.95266425125988,88.74006
TD-Clean-4,refit_on_3,123,B0007,600,74.69643604452878,88.74006
TD-Clean-4,refit_on_3,123,B0007,604,74.7051700493532,88.74006
TD-Clean-4,refit_on_3,123,B0007,608,74.39278959915883,88.74006
TD-Clean-4,refit_on_3,123,B0007,612,75.52591562947222,88.74006
TD-Clean-4,refit_on_3,123,B0007,614,76.09264518290325,88.74006
TD-Clean-4,pre_refit,123,B0018,3,100.8025811041783,84.61744
TD-Clean-4,pre_refit,123,B0018,7,100.16087022619236,86.60969
TD-Clean-4,pre_refit,123,B0018,11,99.96558598273582,93.061325
TD-Clean-4,pre_refit,123,B0018,15,99.48041766162956,95.0755
TD-Clean-4,pre_refit,123,B0018,18,99.59054502526398,85.39789
TD-Clean-4,pre_refit,123,B0018,20,99.36387169185286,89.948685
TD-Clean-4,pre_refit,123,B0018,22,98.96567828327716,93.408165
TD-Clean-4,pre_refit,123,B0018,24,98.63793870309058,95.0755
TD-Clean-4,pre_refit,123,B0018,27,98.04714689052696,95.0755
TD-Clean-4,pre_refit,123,B0018,30,99.06887382997856,92.569725
TD-Clean-4,pre_refit,123,B0018,32,98.47248926951052,93.69233
TD-Clean-4,pre_refit,123,B0018,34,98.068534707018,95.0755
TD-Clean-4,pre_refit,123,B0018,36,97.31606084566693,95.0755
TD-Clean-4,pre_refit,123,B0018,39,96.91537145663308,95.0755
TD-Clean-4,pre_refit,123,B0018,42,96.77777434993364,95.0755
TD-Clean-4,pre_refit,123,B0018,44,96.24906078283864,93.95407
TD-Clean-4,pre_refit,123,B0018,46,96.10893521170082,94.69586
TD-Clean-4,pre_refit,123,B0018,48,95.29382636269746,95.0755
TD-Clean-4,pre_refit,123,B0018,51,94.89112029628322,95.0755
TD-Clean-4,pre_refit,123,B0018,54,94.42623362260446,95.0755
TD-Clean-4,pre_refit,123,B0018,56,94.09214261326034,95.0755
TD-Clean-4,pre_refit,123,B0018,58,92.84655809058668,95.0755
TD-Clean-4,pre_refit,123,B0018,60,93.00278636580364,95.0755
TD-Clean-4,pre_refit,123,B0018,63,92.78717154289568,95.0755
TD-Clean-4,pre_refit,123,B0018,66,95.05514633441328,95.0755
TD-Clean-4,pre_refit,123,B0018,68,94.16023397654948,95.0755
TD-Clean-4,pre_refit,123,B0018,70,93.58756901230694,94.98066
TD-Clean-4,pre_refit,123,B0018,72,93.02323711734508,95.0755
TD-Clean-4,pre_refit,123,B0018,75,92.33971230163448,95.0755
TD-Clean-4,pre_refit,123,B0018,78,92.05544475967478,95.0755
TD-Clean-4,pre_refit,123,B0018,80,91.39607597710202,95.0755
TD-Clean-4,pre_refit,123,B0018,82,91.12841202900309,95.01843
TD-Clean-4,pre_refit,123,B0018,84,90.50598444143154,94.1391
TD-Clean-4,pre_refit,123,B0018,87,90.05329919062662,95.0755
TD-Clean-4,pre_refit,123,B0018,90,89.56595375021743,95.0755
TD-Clean-4,pre_refit,123,B0018,92,89.05221474379236,95.0755
TD-Clean-4,pre_refit,123,B0018,94,88.4478648526792,95.0755
TD-Clean-4,pre_refit,123,B0018,96,88.14926233550939,95.0755
TD-Clean-4,pre_refit,123,B0018,99,87.70654438914323,95.0755
TD-Clean-4,pre_refit,123,B0018,102,91.07812245566797,95.0755
TD-Clean-4,pre_refit,123,B0018,104,89.62445100410937,95.0755
TD-Clean-4,pre_refit,123,B0018,106,88.70513095013024,95.0755
TD-Clean-4,pre_refit,123,B0018,108,87.83746900859978,95.0755
TD-Clean-4,pre_refit,123,B0018,111,87.53788044222665,95.0755
TD-Clean-4,pre_refit,123,B0018,114,86.69891328476463,95.0755
TD-Clean-4,pre_refit,123,B0018,117,93.83080462693712,95.0755
TD-Clean-4,pre_refit,123,B0018,119,93.27978546012802,95.0755
TD-Clean-4,pre_refit,123,B0018,121,92.1525471966999,95.0755
TD-Clean-4,pre_refit,123,B0018,123,91.17195305362098,95.0755
TD-Clean-4,pre_refit,123,B0018,125,90.2416573040256,95.0755
TD-Clean-4,pre_refit,123,B0018,128,90.55423897233052,94.36682
TD-Clean-4,pre_refit,123,B0018,130,89.49039068452917,95.0755
TD-Clean-4,pre_refit,123,B0018,132,88.3454487099843,95.0755
TD-Clean-4,pre_refit,123,B0018,134,87.60607299731777,95.0755
TD-Clean-4,pre_refit,123,B0018,136,87.25714700042141,95.0755
TD-Clean-4,pre_refit,123,B0018,141,90.9473619616094,93.0289
TD-Clean-4,pre_refit,123,B0018,143,89.1426764135498,95.0755
TD-Clean-4,pre_refit,123,B0018,145,87.66626044455795,95.0755
TD-Clean-4,pre_refit,123,B0018,147,86.51592379470374,95.0755
TD-Clean-4,pre_refit,123,B0018,150,86.21730704320841,95.0755
TD-Clean-4,pre_refit,123,B0018,153,85.8627581657356,95.0755
TD-Clean-4,pre_refit,123,B0018,155,84.99855590440428,95.0755
TD-Clean-4,pre_refit,123,B0018,157,84.53366840480606,95.0755
TD-Clean-4,pre_refit,123,B0018,159,83.69607194854545,95.0755
TD-Clean-4,pre_refit,123,B0018,162,83.25899594193369,95.0755
TD-Clean-4,pre_refit,123,B0018,165,83.22975722050174,95.0755
TD-Clean-4,pre_refit,123,B0018,167,82.72092847997168,95.0755
TD-Clean-4,pre_refit,123,B0018,169,81.86598978006339,95.0755
TD-Clean-4,pre_refit,123,B0018,171,81.58859278240016,95.0755
TD-Clean-4,pre_refit,123,B0018,174,81.31316363799587,95.0755
TD-Clean-4,pre_refit,123,B0018,177,83.32773163808899,95.0755
TD-Clean-4,pre_refit,123,B0018,179,82.80709531820148,95.0755
TD-Clean-4,pre_refit,123,B0018,181,81.57610219236552,95.0755
TD-Clean-4,pre_refit,123,B0018,183,81.09929204028072,95.0755
TD-Clean-4,pre_refit,123,B0018,185,80.60512587063184,95.0755
TD-Clean-4,pre_refit,123,B0018,188,80.4645909654616,95.0755
TD-Clean-4,pre_refit,123,B0018,190,80.07171192098461,95.0755
TD-Clean-4,pre_refit,123,B0018,192,79.77346222448996,95.0755
TD-Clean-4,pre_refit,123,B0018,194,79.23402412051846,95.0755
TD-Clean-4,pre_refit,123,B0018,197,78.6783203089025,95.0755
TD-Clean-4,pre_refit,123,B0018,200,78.94539372549075,95.0755
TD-Clean-4,pre_refit,123,B0018,202,78.38865828037459,95.0755
TD-Clean-4,pre_refit,123,B0018,204,78.21127069246836,95.0755
TD-Clean-4,pre_refit,123,B0018,206,77.6339684068403,95.0755
TD-Clean-4,pre_refit,123,B0018,209,77.43046760934243,95.0755
TD-Clean-4,pre_refit,123,B0018,212,79.8708545166814,95.0755
TD-Clean-4,pre_refit,123,B0018,214,78.93458463676515,95.0755
TD-Clean-4,pre_refit,123,B0018,216,78.40488242765085,95.0755
TD-Clean-4,pre_refit,123,B0018,218,77.61921434771055,95.0755
TD-Clean-4,pre_refit,123,B0018,220,76.9170609064971,95.0755
TD-Clean-4,pre_refit,123,B0018,223,79.04297866359087,94.3633
TD-Clean-4,pre_refit,123,B0018,225,77.61605692618127,95.0755
TD-Clean-4,pre_refit,123,B0018,227,77.14789574863566,95.0755
TD-Clean-4,pre_refit,123,B0018,229,76.92281444261894,95.0755
TD-Clean-4,pre_refit,123,B0018,232,76.3858924270674,95.0755
TD-Clean-4,pre_refit,123,B0018,235,76.53620320177981,94.7618
TD-Clean-4,pre_refit,123,B0018,237,75.9063201738239,95.0755
TD-Clean-4,pre_refit,123,B0018,239,75.72766142150313,95.0755
TD-Clean-4,pre_refit,123,B0018,241,75.49928800503805,95.0755
TD-Clean-4,pre_refit,123,B0018,244,74.9124451895705,95.0755
TD-Clean-4,pre_refit,123,B0018,247,75.25674730493446,93.66856
TD-Clean-4,pre_refit,123,B0018,249,74.46467849076038,95.0755
TD-Clean-4,pre_refit,123,B0018,251,74.62885626516028,95.0755
TD-Clean-4,pre_refit,123,B0018,253,74.33553994642665,94.59904
TD-Clean-4,pre_refit,123,B0018,256,73.72504079935909,95.06926
TD-Clean-4,pre_refit,123,B0018,259,79.36110924975578,95.0755
TD-Clean-4,pre_refit,123,B0018,261,78.799706688891,95.0755
TD-Clean-4,pre_refit,123,B0018,263,78.14983302548104,95.0755
TD-Clean-4,pre_refit,123,B0018,265,77.61878718971624,95.0755
TD-Clean-4,pre_refit,123,B0018,267,76.88079746021991,95.0755
TD-Clean-4,pre_refit,123,B0018,270,76.8319836786595,95.0755
TD-Clean-4,pre_refit,123,B0018,272,76.01926160635412,95.0755
TD-Clean-4,pre_refit,123,B0018,274,75.82358510102308,95.0755
TD-Clean-4,pre_refit,123,B0018,276,75.53633219814198,93.43951
TD-Clean-4,pre_refit,123,B0018,279,75.31793705780649,95.0755
TD-Clean-4,pre_refit,123,B0018,282,75.43684114368729,95.0755
TD-Clean-4,pre_refit,123,B0018,284,74.7829788363973,95.0755
TD-Clean-4,pre_refit,123,B0018,286,74.15991898288928,95.0755
TD-Clean-4,pre_refit,123,B0018,288,73.84846878839457,95.0755
TD-Clean-4,pre_refit,123,B0018,291,73.15537271331122,95.0755
TD-Clean-4,pre_refit,123,B0018,294,77.53589472577204,95.0755
TD-Clean-4,pre_refit,123,B0018,296,76.42763235972666,95.0755
TD-Clean-4,pre_refit,123,B0018,298,75.72351586777258,95.0755
TD-Clean-4,pre_refit,123,B0018,300,75.4386936803776,95.0755
TD-Clean-4,pre_refit,123,B0018,302,74.45721490205536,95.0755
TD-Clean-4,pre_refit,123,B0018,305,74.97385174402893,95.0755
TD-Clean-4,pre_refit,123,B0018,307,74.3741167471391,95.0755
TD-Clean-4,pre_refit,123,B0018,309,74.05233968989694,94.40538
TD-Clean-4,pre_refit,123,B0018,311,74.08863589293038,92.933014
TD-Clean-4,pre_refit,123,B0018,314,73.46151441244959,95.0755
TD-Clean-4,pre_refit,123,B0018,317,73.62086195282473,95.0755
TD-Clean-4,pre_refit,123,B0018,319,72.87391760769836,95.0755
TD-Clean-4,refit_on_3,123,B0018,3,100.8025811041783,86.010994
TD-Clean-4,refit_on_3,123,B0018,7,100.16087022619236,90.95536
TD-Clean-4,refit_on_3,123,B0018,11,99.96558598273582,96.65011
TD-Clean-4,refit_on_3,123,B0018,15,99.48041766162956,96.65011
TD-Clean-4,refit_on_3,123,B0018,18,99.59054502526398,88.589676
TD-Clean-4,refit_on_3,123,B0018,20,99.36387169185286,96.65011
TD-Clean-4,refit_on_3,123,B0018,22,98.96567828327716,96.65011
TD-Clean-4,refit_on_3,123,B0018,24,98.63793870309058,96.65011
TD-Clean-4,refit_on_3,123,B0018,27,98.04714689052696,96.65011
TD-Clean-4,refit_on_3,123,B0018,30,99.06887382997856,95.72634
TD-Clean-4,refit_on_3,123,B0018,32,98.47248926951052,96.65011
TD-Clean-4,refit_on_3,123,B0018,34,98.068534707018,96.65011
TD-Clean-4,refit_on_3,123,B0018,36,97.31606084566693,96.65011
TD-Clean-4,refit_on_3,123,B0018,39,96.91537145663308,96.65011
TD-Clean-4,refit_on_3,123,B0018,42,96.77777434993364,96.65011
TD-Clean-4,refit_on_3,123,B0018,44,96.24906078283864,96.65011
TD-Clean-4,refit_on_3,123,B0018,46,96.10893521170082,96.65011
TD-Clean-4,refit_on_3,123,B0018,48,95.29382636269746,96.65011
TD-Clean-4,refit_on_3,123,B0018,51,94.89112029628322,96.65011
TD-Clean-4,refit_on_3,123,B0018,54,94.42623362260446,96.65011
TD-Clean-4,refit_on_3,123,B0018,56,94.09214261326034,96.65011
TD-Clean-4,refit_on_3,123,B0018,58,92.84655809058668,96.65011
TD-Clean-4,refit_on_3,123,B0018,60,93.00278636580364,96.65011
TD-Clean-4,refit_on_3,123,B0018,63,92.78717154289568,96.65011
TD-Clean-4,refit_on_3,123,B0018,66,95.05514633441328,96.65011
TD-Clean-4,refit_on_3,123,B0018,68,94.16023397654948,96.65011
TD-Clean-4,refit_on_3,123,B0018,70,93.58756901230694,96.65011
TD-Clean-4,refit_on_3,123,B0018,72,93.02323711734508,96.65011
TD-Clean-4,refit_on_3,123,B0018,75,92.33971230163448,96.65011
TD-Clean-4,refit_on_3,123,B0018,78,92.05544475967478,96.65011
TD-Clean-4,refit_on_3,123,B0018,80,91.39607597710202,96.65011
TD-Clean-4,refit_on_3,123,B0018,82,91.12841202900309,96.65011
TD-Clean-4,refit_on_3,123,B0018,84,90.50598444143154,96.65011
TD-Clean-4,refit_on_3,123,B0018,87,90.05329919062662,96.65011
TD-Clean-4,refit_on_3,123,B0018,90,89.56595375021743,96.65011
TD-Clean-4,refit_on_3,123,B0018,92,89.05221474379236,96.65011
TD-Clean-4,refit_on_3,123,B0018,94,88.4478648526792,96.65011
TD-Clean-4,refit_on_3,123,B0018,96,88.14926233550939,96.65011
TD-Clean-4,refit_on_3,123,B0018,99,87.70654438914323,96.65011
TD-Clean-4,refit_on_3,123,B0018,102,91.07812245566797,96.65011
TD-Clean-4,refit_on_3,123,B0018,104,89.62445100410937,96.65011
TD-Clean-4,refit_on_3,123,B0018,106,88.70513095013024,96.65011
TD-Clean-4,refit_on_3,123,B0018,108,87.83746900859978,96.65011
TD-Clean-4,refit_on_3,123,B0018,111,87.53788044222665,96.65011
TD-Clean-4,refit_on_3,123,B0018,114,86.69891328476463,96.65011
TD-Clean-4,refit_on_3,123,B0018,117,93.83080462693712,94.9047
TD-Clean-4,refit_on_3,123,B0018,119,93.27978546012802,96.65011
TD-Clean-4,refit_on_3,123,B0018,121,92.1525471966999,96.65011
TD-Clean-4,refit_on_3,123,B0018,123,91.17195305362098,96.65011
TD-Clean-4,refit_on_3,123,B0018,125,90.2416573040256,96.65011
TD-Clean-4,refit_on_3,123,B0018,128,90.55423897233052,96.65011
TD-Clean-4,refit_on_3,123,B0018,130,89.49039068452917,96.65011
TD-Clean-4,refit_on_3,123,B0018,132,88.3454487099843,96.65011
TD-Clean-4,refit_on_3,123,B0018,134,87.60607299731777,96.65011
TD-Clean-4,refit_on_3,123,B0018,136,87.25714700042141,96.65011
TD-Clean-4,refit_on_3,123,B0018,141,90.9473619616094,92.472336
TD-Clean-4,refit_on_3,123,B0018,143,89.1426764135498,96.65011
TD-Clean-4,refit_on_3,123,B0018,145,87.66626044455795,96.65011
TD-Clean-4,refit_on_3,123,B0018,147,86.51592379470374,96.65011
TD-Clean-4,refit_on_3,123,B0018,150,86.21730704320841,96.65011
TD-Clean-4,refit_on_3,123,B0018,153,85.8627581657356,96.65011
TD-Clean-4,refit_on_3,123,B0018,155,84.99855590440428,96.65011
TD-Clean-4,refit_on_3,123,B0018,157,84.53366840480606,96.65011
TD-Clean-4,refit_on_3,123,B0018,159,83.69607194854545,96.65011
TD-Clean-4,refit_on_3,123,B0018,162,83.25899594193369,96.65011
TD-Clean-4,refit_on_3,123,B0018,165,83.22975722050174,96.65011
TD-Clean-4,refit_on_3,123,B0018,167,82.72092847997168,96.65011
TD-Clean-4,refit_on_3,123,B0018,169,81.86598978006339,96.65011
TD-Clean-4,refit_on_3,123,B0018,171,81.58859278240016,96.65011
TD-Clean-4,refit_on_3,123,B0018,174,81.31316363799587,96.65011
TD-Clean-4,refit_on_3,123,B0018,177,83.32773163808899,96.65011
TD-Clean-4,refit_on_3,123,B0018,179,82.80709531820148,96.65011
TD-Clean-4,refit_on_3,123,B0018,181,81.57610219236552,96.65011
TD-Clean-4,refit_on_3,123,B0018,183,81.09929204028072,96.65011
TD-Clean-4,refit_on_3,123,B0018,185,80.60512587063184,96.65011
TD-Clean-4,refit_on_3,123,B0018,188,80.4645909654616,96.65011
TD-Clean-4,refit_on_3,123,B0018,190,80.07171192098461,96.65011
TD-Clean-4,refit_on_3,123,B0018,192,79.77346222448996,96.65011
TD-Clean-4,refit_on_3,123,B0018,194,79.23402412051846,96.65011
TD-Clean-4,refit_on_3,123,B0018,197,78.6783203089025,96.65011
TD-Clean-4,refit_on_3,123,B0018,200,78.94539372549075,96.65011
TD-Clean-4,refit_on_3,123,B0018,202,78.38865828037459,96.65011
TD-Clean-4,refit_on_3,123,B0018,204,78.21127069246836,96.65011
TD-Clean-4,refit_on_3,123,B0018,206,77.6339684068403,96.65011
TD-Clean-4,refit_on_3,123,B0018,209,77.43046760934243,96.65011
TD-Clean-4,refit_on_3,123,B0018,212,79.8708545166814,96.65011
TD-Clean-4,refit_on_3,123,B0018,214,78.93458463676515,96.65011
TD-Clean-4,refit_on_3,123,B0018,216,78.40488242765085,96.65011
TD-Clean-4,refit_on_3,123,B0018,218,77.61921434771055,96.65011
TD-Clean-4,refit_on_3,123,B0018,220,76.9170609064971,96.65011
TD-Clean-4,refit_on_3,123,B0018,223,79.04297866359087,95.48195
TD-Clean-4,refit_on_3,123,B0018,225,77.61605692618127,96.65011
TD-Clean-4,refit_on_3,123,B0018,227,77.14789574863566,96.65011
TD-Clean-4,refit_on_3,123,B0018,229,76.92281444261894,96.65011
TD-Clean-4,refit_on_3,123,B0018,232,76.3858924270674,96.65011
TD-Clean-4,refit_on_3,123,B0018,235,76.53620320177981,96.65011
TD-Clean-4,refit_on_3,123,B0018,237,75.9063201738239,96.65011
TD-Clean-4,refit_on_3,123,B0018,239,75.72766142150313,96.65011
TD-Clean-4,refit_on_3,123,B0018,241,75.49928800503805,96.65011
TD-Clean-4,refit_on_3,123,B0018,244,74.9124451895705,96.65011
TD-Clean-4,refit_on_3,123,B0018,247,75.25674730493446,96.08624
TD-Clean-4,refit_on_3,123,B0018,249,74.46467849076038,96.65011
TD-Clean-4,refit_on_3,123,B0018,251,74.62885626516028,96.65011
TD-Clean-4,refit_on_3,123,B0018,253,74.33553994642665,96.65011
TD-Clean-4,refit_on_3,123,B0018,256,73.72504079935909,96.65011
TD-Clean-4,refit_on_3,123,B0018,259,79.36110924975578,96.65011
TD-Clean-4,refit_on_3,123,B0018,261,78.799706688891,96.65011
TD-Clean-4,refit_on_3,123,B0018,263,78.14983302548104,96.65011
TD-Clean-4,refit_on_3,123,B0018,265,77.61878718971624,96.65011
TD-Clean-4,refit_on_3,123,B0018,267,76.88079746021991,96.65011
TD-Clean-4,refit_on_3,123,B0018,270,76.8319836786595,96.65011
TD-Clean-4,refit_on_3,123,B0018,272,76.01926160635412,96.65011
TD-Clean-4,refit_on_3,123,B0018,274,75.82358510102308,96.65011
TD-Clean-4,refit_on_3,123,B0018,276,75.53633219814198,96.65011
TD-Clean-4,refit_on_3,123,B0018,279,75.31793705780649,96.65011
TD-Clean-4,refit_on_3,123,B0018,282,75.43684114368729,96.65011
TD-Clean-4,refit_on_3,123,B0018,284,74.7829788363973,96.65011
TD-Clean-4,refit_on_3,123,B0018,286,74.15991898288928,96.65011
TD-Clean-4,refit_on_3,123,B0018,288,73.84846878839457,96.65011
TD-Clean-4,refit_on_3,123,B0018,291,73.15537271331122,96.65011
TD-Clean-4,refit_on_3,123,B0018,294,77.53589472577204,96.65011
TD-Clean-4,refit_on_3,123,B0018,296,76.42763235972666,96.65011
TD-Clean-4,refit_on_3,123,B0018,298,75.72351586777258,96.65011
TD-Clean-4,refit_on_3,123,B0018,300,75.4386936803776,96.65011
TD-Clean-4,refit_on_3,123,B0018,302,74.45721490205536,96.65011
TD-Clean-4,refit_on_3,123,B0018,305,74.97385174402893,96.65011
TD-Clean-4,refit_on_3,123,B0018,307,74.3741167471391,96.65011
TD-Clean-4,refit_on_3,123,B0018,309,74.05233968989694,96.65011
TD-Clean-4,refit_on_3,123,B0018,311,74.08863589293038,96.65011
TD-Clean-4,refit_on_3,123,B0018,314,73.46151441244959,96.65011
TD-Clean-4,refit_on_3,123,B0018,317,73.62086195282473,96.65011
TD-Clean-4,refit_on_3,123,B0018,319,72.87391760769836,96.65011
TD-Clean-4,pre_refit,2024,B0005,2,100.80760884947765,109.63256
TD-Clean-4,pre_refit,2024,B0005,4,100.25590968770103,109.01154
TD-Clean-4,pre_refit,2024,B0005,6,99.65979925247206,110.13427
TD-Clean-4,pre_refit,2024,B0005,8,99.65509323788856,107.76455
TD-Clean-4,pre_refit,2024,B0005,10,99.6215889724607,106.164276
TD-Clean-4,pre_refit,2024,B0005,12,99.67676620535396,106.27136
TD-Clean-4,pre_refit,2024,B0005,14,99.64877352944652,105.41561
TD-Clean-4,pre_refit,2024,B0005,16,99.13892996732449,107.193756
TD-Clean-4,pre_refit,2024,B0005,18,99.08555627584838,105.444756
TD-Clean-4,pre_refit,2024,B0005,20,99.0768365083485,104.29538
TD-Clean-4,pre_refit,2024,B0005,22,99.07717774099622,102.26282
TD-Clean-4,pre_refit,2024,B0005,25,98.5114992237362,105.24711
TD-Clean-4,pre_refit,2024,B0005,27,98.4870761948254,103.7672
TD-Clean-4,pre_refit,2024,B0005,29,98.47015265835132,101.48218
TD-Clean-4,pre_refit,2024,B0005,31,97.88140357167902,104.25069
TD-Clean-4,pre_refit,2024,B0005,33,97.85473656745688,102.45686
TD-Clean-4,pre_refit,2024,B0005,35,97.88039886599036,101.24237
TD-Clean-4,pre_refit,2024,B0005,37,97.9069415267384,99.99044
TD-Clean-4,pre_refit,2024,B0005,39,97.89115702988882,99.34177
TD-Clean-4,pre_refit,2024,B0005,42,100.29385168145046,106.54146
TD-Clean-4,pre_refit,2024,B0005,46,100.31510023136114,104.53896
TD-Clean-4,pre_refit,2024,B0005,50,99.70477213786135,104.929886
TD-Clean-4,pre_refit,2024,B0005,54,99.1402308374376,105.43934
TD-Clean-4,pre_refit,2024,B0005,58,99.10400696359169,104.11546
TD-Clean-4,pre_refit,2024,B0005,62,99.12941188644592,100.28891
TD-Clean-4,pre_refit,2024,B0005,66,98.50222430381568,103.61931
TD-Clean-4,pre_refit,2024,B0005,70,98.5423014565286,100.2607
TD-Clean-4,pre_refit,2024,B0005,74,98.49887187571204,98.8979
TD-Clean-4,pre_refit,2024,B0005,78,97.89050762402466,102.728226
TD-Clean-4,pre_refit,2024,B0005,82,97.96171552529285,99.99047
TD-Clean-4,pre_refit,2024,B0005,86,100.55321959197046,106.272766
TD-Clean-4,pre_refit,2024,B0005,90,99.4075559707276,104.08633
TD-Clean-4,pre_refit,2024,B0005,94,98.82112827769676,103.09049
TD-Clean-4,pre_refit,2024,B0005,98,98.2457556393358,102.29407
TD-Clean-4,pre_refit,2024,B0005,102,97.99065016377766,100.55875
TD-Clean-4,pre_refit,2024,B0005,106,97.7065060215613,103.44162
TD-Clean-4,pre_refit,2024,B0005,110,97.11279694879056,102.84062
TD-Clean-4,pre_refit,2024,B0005,114,96.81304988059888,101.074615
TD-Clean-4,pre_refit,2024,B0005,118,96.27605729788222,101.51365
TD-Clean-4,pre_refit,2024,B0005,122,96.2762766313732,100.44609
TD-Clean-4,pre_refit,2024,B0005,126,95.99578118843372,103.25065
TD-Clean-4,pre_refit,2024,B0005,130,95.69403287907456,103.05884
TD-Clean-4,pre_refit,2024,B0005,134,95.98194451474556,100.46136
TD-Clean-4,pre_refit,2024,B0005,136,95.71321655496544,101.10263
TD-Clean-4,pre_refit,2024,B0005,140,95.11928805425076,99.72938
TD-Clean-4,pre_refit,2024,B0005,144,94.58275432725988,99.74449
TD-Clean-4,pre_refit,2024,B0005,148,94.27008009570102,99.09717
TD-Clean-4,pre_refit,2024,B0005,150,97.39411432859931,111.80502
TD-Clean-4,pre_refit,2024,B0005,154,96.82749231246368,105.95906
TD-Clean-4,pre_refit,2024,B0005,158,95.96820195991576,103.062096
TD-Clean-4,pre_refit,2024,B0005,162,95.40638930769452,100.78665
TD-Clean-4,pre_refit,2024,B0005,166,94.8553962680492,100.65202
TD-Clean-4,pre_refit,2024,B0005,170,94.5755674779542,99.60304
TD-Clean-4,pre_refit,2024,B0005,174,94.28806184403476,101.02909
TD-Clean-4,pre_refit,2024,B0005,178,93.73958753620327,100.036964
TD-Clean-4,pre_refit,2024,B0005,182,93.16861105469168,100.58003
TD-Clean-4,pre_refit,2024,B0005,186,92.88227598613614,99.583626
TD-Clean-4,pre_refit,2024,B0005,190,92.636901518198,100.71721
TD-Clean-4,pre_refit,2024,B0005,194,92.32720191735562,101.29826
TD-Clean-4,pre_refit,2024,B0005,198,92.01599848919145,100.12721
TD-Clean-4,pre_refit,2024,B0005,202,91.49053823956656,99.90802
TD-Clean-4,pre_refit,2024,B0005,206,90.92425521866993,101.096985
TD-Clean-4,pre_refit,2024,B0005,210,90.92941856192826,100.14432
TD-Clean-4,pre_refit,2024,B0005,214,90.34010561326173,100.16568
TD-Clean-4,pre_refit,2024,B0005,216,90.0847586044663,101.87508
TD-Clean-4,pre_refit,2024,B0005,220,89.80457989439137,99.84068
TD-Clean-4,pre_refit,2024,B0005,224,89.19640288815545,101.186646
TD-Clean-4,pre_refit,2024,B0005,228,88.93598251136243,100.1325
TD-Clean-4,pre_refit,2024,B0005,232,88.65781340235759,100.84818
TD-Clean-4,pre_refit,2024,B0005,236,88.38728178562198,99.818344
TD-Clean-4,pre_refit,2024,B0005,240,88.08171260170519,99.30141
TD-Clean-4,pre_refit,2024,B0005,244,87.49528010741024,102.02113
TD-Clean-4,pre_refit,2024,B0005,248,87.2366743602368,100.96139
TD-Clean-4,pre_refit,2024,B0005,252,86.96251727221627,99.84476
TD-Clean-4,pre_refit,2024,B0005,256,86.35734215456989,101.641365
TD-Clean-4,pre_refit,2024,B0005,260,86.10863457357058,101.03171
TD-Clean-4,pre_refit,2024,B0005,264,86.06270063126725,99.805214
TD-Clean-4,pre_refit,2024,B0005,266,86.63737677555004,101.00289
TD-Clean-4,pre_refit,2024,B0005,270,85.50813849993258,100.32956
TD-Clean-4,pre_refit,2024,B0005,274,84.97446653296429,100.28989
TD-Clean-4,pre_refit,2024,B0005,278,84.69557819389517,101.04741
TD-Clean-4,pre_refit,2024,B0005,282,84.68013627936132,101.61643
TD-Clean-4,pre_refit,2024,B0005,286,84.41991821853574,101.93565
TD-Clean-4,pre_refit,2024,B0005,290,84.10414931140878,101.36301
TD-Clean-4,pre_refit,2024,B0005,294,83.52653061113354,101.020256
TD-Clean-4,pre_refit,2024,B0005,298,82.96602561057489,101.767845
TD-Clean-4,pre_refit,2024,B0005,302,82.99920327964658,101.77054
TD-Clean-4,pre_refit,2024,B0005,306,82.68003018050378,104.5578
TD-Clean-4,pre_refit,2024,B0005,310,82.39976893302816,104.39177
TD-Clean-4,pre_refit,2024,B0005,313,87.19626195760692,101.59306
TD-Clean-4,pre_refit,2024,B0005,316,84.91729656129593,100.85448
TD-Clean-4,pre_refit,2024,B0005,320,84.06165489885902,101.34753
TD-Clean-4,pre_refit,2024,B0005,324,83.2082752902044,104.03485
TD-Clean-4,pre_refit,2024,B0005,328,82.91381970838151,101.53253
TD-Clean-4,pre_refit,2024,B0005,332,82.37106085271179,103.02455
TD-Clean-4,pre_refit,2024,B0005,336,82.09631790141844,102.61285
TD-Clean-4,pre_refit,2024,B0005,340,81.80669701206385,103.40233
TD-Clean-4,pre_refit,2024,B0005,344,81.53418918115372,102.611694
TD-Clean-4,pre_refit,2024,B0005,348,80.95312575426658,105.2777
TD-Clean-4,pre_refit,2024,B0005,352,80.6829269258604,106.13818
TD-Clean-4,pre_refit,2024,B0005,356,80.38673535372676,105.72354
TD-Clean-4,pre_refit,2024,B0005,360,80.10415225005684,105.380356
TD-Clean-4,pre_refit,2024,B0005,364,80.68483906716317,103.56356
TD-Clean-4,pre_refit,2024,B0005,367,81.23806188586506,104.64275
TD-Clean-4,pre_refit,2024,B0005,371,80.40774500270479,104.146774
TD-Clean-4,pre_refit,2024,B0005,375,79.80793062432481,105.262314
TD-Clean-4,pre_refit,2024,B0005,379,78.94710440938543,104.36619
TD-Clean-4,pre_refit,2024,B0005,383,78.96040682717852,107.281
TD-Clean-4,pre_refit,2024,B0005,387,79.00805769223405,105.35223
TD-Clean-4,pre_refit,2024,B0005,391,78.68325635434054,106.72132
TD-Clean-4,pre_refit,2024,B0005,395,78.12009683923326,108.326164
TD-Clean-4,pre_refit,2024,B0005,399,77.83635095586517,107.97887
TD-Clean-4,pre_refit,2024,B0005,403,77.83366081216815,107.16806
TD-Clean-4,pre_refit,2024,B0005,407,77.54418562704669,109.87021
TD-Clean-4,pre_refit,2024,B0005,411,77.26483532824366,109.14613
TD-Clean-4,pre_refit,2024,B0005,415,76.96665751739931,108.17687
TD-Clean-4,pre_refit,2024,B0005,419,76.69408123915822,107.69399
TD-Clean-4,pre_refit,2024,B0005,423,76.7032886034996,107.45119
TD-Clean-4,pre_refit,2024,B0005,427,76.43285089151239,110.67818
TD-Clean-4,pre_refit,2024,B0005,431,77.83345221466253,106.4599
TD-Clean-4,pre_refit,2024,B0005,433,78.09751233548145,106.318855
TD-Clean-4,pre_refit,2024,B0005,437,76.96262218385922,108.53417
TD-Clean-4,pre_refit,2024,B0005,441,76.3993634537507,109.06651
TD-Clean-4,pre_refit,2024,B0005,445,76.08562321685423,108.55562
TD-Clean-4,pre_refit,2024,B0005,449,75.84111192639295,109.21243
TD-Clean-4,pre_refit,2024,B0005,453,75.5470202599512,108.13156
TD-Clean-4,pre_refit,2024,B0005,457,75.2724773855306,108.7238
TD-Clean-4,pre_refit,2024,B0005,461,74.95796574493023,109.74354
TD-Clean-4,pre_refit,2024,B0005,465,74.67559060559861,109.96181
TD-Clean-4,pre_refit,2024,B0005,469,74.4190975749656,109.41436
TD-Clean-4,pre_refit,2024,B0005,473,74.41886702385212,108.81917
TD-Clean-4,pre_refit,2024,B0005,477,74.10538957595438,110.117004
TD-Clean-4,pre_refit,2024,B0005,481,74.68403981580354,111.98204
TD-Clean-4,pre_refit,2024,B0005,483,75.26611054535188,110.50947
TD-Clean-4,pre_refit,2024,B0005,485,74.38310747232698,112.06454
TD-Clean-4,pre_refit,2024,B0005,489,74.10795710900801,110.45884
TD-Clean-4,pre_refit,2024,B0005,493,73.53993654981534,112.77404
TD-Clean-4,pre_refit,2024,B0005,497,73.55729388669064,113.203674
TD-Clean-4,pre_refit,2024,B0005,501,73.56067241598603,112.33996
TD-Clean-4,pre_refit,2024,B0005,505,73.26805286034079,111.63443
TD-Clean-4,pre_refit,2024,B0005,509,72.98972077509227,110.62216
TD-Clean-4,pre_refit,2024,B0005,513,72.70747847813722,112.1958
TD-Clean-4,pre_refit,2024,B0005,517,72.70330518052887,113.067856
TD-Clean-4,pre_refit,2024,B0005,521,72.43680818215978,113.63108
TD-Clean-4,pre_refit,2024,B0005,525,72.14563728793834,113.476746
TD-Clean-4,pre_refit,2024,B0005,529,71.84842350914826,113.78502
TD-Clean-4,pre_refit,2024,B0005,533,71.57682808520298,115.80727
TD-Clean-4,pre_refit,2024,B0005,537,71.59297070565168,116.831055
TD-Clean-4,pre_refit,2024,B0005,541,71.58355486033668,113.79025
TD-Clean-4,pre_refit,2024,B0005,545,71.88651633814797,113.56995
TD-Clean-4,pre_refit,2024,B0005,548,73.85485752850198,108.378456
TD-Clean-4,pre_refit,2024,B0005,552,72.73676298693475,111.88887
TD-Clean-4,pre_refit,2024,B0005,556,72.16650080848474,113.4975
TD-Clean-4,pre_refit,2024,B0005,560,71.87574889700983,114.51464
TD-Clean-4,pre_refit,2024,B0005,564,71.60206343923741,114.32197
TD-Clean-4,pre_refit,2024,B0005,568,71.32194157026348,116.10951
TD-Clean-4,pre_refit,2024,B0005,572,71.30711389020412,113.83917
TD-Clean-4,pre_refit,2024,B0005,576,71.01356336148518,115.46025
TD-Clean-4,pre_refit,2024,B0005,580,70.75492745457169,116.36954
TD-Clean-4,pre_refit,2024,B0005,584,70.77254445771489,115.317665
TD-Clean-4,pre_refit,2024,B0005,588,70.77540542374062,113.21982
TD-Clean-4,pre_refit,2024,B0005,592,70.47550750397869,115.86407
TD-Clean-4,pre_refit,2024,B0005,596,70.48563041810954,114.390854
TD-Clean-4,pre_refit,2024,B0005,600,70.23531244180377,115.565384
TD-Clean-4,pre_refit,2024,B0005,604,69.93882142370093,117.87505
TD-Clean-4,pre_refit,2024,B0005,608,69.90890905512207,117.446594
TD-Clean-4,pre_refit,2024,B0005,612,71.07977535187085,114.284485
TD-Clean-4,pre_refit,2024,B0005,614,71.95205157786506,111.80002
TD-Clean-4,refit_on_3,2024,B0005,2,100.80760884947765,87.74618
TD-Clean-4,refit_on_3,2024,B0005,4,100.25590968770103,96.71361
TD-Clean-4,refit_on_3,2024,B0005,6,99.65979925247206,97.229614
TD-Clean-4,refit_on_3,2024,B0005,8,99.65509323788856,97.36383
TD-Clean-4,refit_on_3,2024,B0005,10,99.6215889724607,97.715355
TD-Clean-4,refit_on_3,2024,B0005,12,99.67676620535396,97.004486
TD-Clean-4,refit_on_3,2024,B0005,14,99.64877352944652,96.99455
TD-Clean-4,refit_on_3,2024,B0005,16,99.13892996732449,97.91037
TD-Clean-4,refit_on_3,2024,B0005,18,99.08555627584838,98.44891
TD-Clean-4,refit_on_3,2024,B0005,20,99.0768365083485,98.36763
TD-Clean-4,refit_on_3,2024,B0005,22,99.07717774099622,97.63482
TD-Clean-4,refit_on_3,2024,B0005,25,98.5114992237362,98.752396
TD-Clean-4,refit_on_3,2024,B0005,27,98.4870761948254,98.13723
TD-Clean-4,refit_on_3,2024,B0005,29,98.47015265835132,97.47262
TD-Clean-4,refit_on_3,2024,B0005,31,97.88140357167902,98.519615
TD-Clean-4,refit_on_3,2024,B0005,33,97.85473656745688,97.882904
TD-Clean-4,refit_on_3,2024,B0005,35,97.88039886599036,97.38078
TD-Clean-4,refit_on_3,2024,B0005,37,97.9069415267384,96.93286
TD-Clean-4,refit_on_3,2024,B0005,39,97.89115702988882,96.82779
TD-Clean-4,refit_on_3,2024,B0005,42,100.29385168145046,95.56149
TD-Clean-4,refit_on_3,2024,B0005,46,100.31510023136114,95.70042
TD-Clean-4,refit_on_3,2024,B0005,50,99.70477213786135,97.55165
TD-Clean-4,refit_on_3,2024,B0005,54,99.1402308374376,98.34037
TD-Clean-4,refit_on_3,2024,B0005,58,99.10400696359169,96.63527
TD-Clean-4,refit_on_3,2024,B0005,62,99.12941188644592,96.69576
TD-Clean-4,refit_on_3,2024,B0005,66,98.50222430381568,97.65495
TD-Clean-4,refit_on_3,2024,B0005,70,98.5423014565286,95.813965
TD-Clean-4,refit_on_3,2024,B0005,74,98.49887187571204,95.445915
TD-Clean-4,refit_on_3,2024,B0005,78,97.89050762402466,97.28612
TD-Clean-4,refit_on_3,2024,B0005,82,97.96171552529285,95.02035
TD-Clean-4,refit_on_3,2024,B0005,86,100.55321959197046,89.47121
TD-Clean-4,refit_on_3,2024,B0005,90,99.4075559707276,85.493256
TD-Clean-4,refit_on_3,2024,B0005,94,98.82112827769676,88.6321
TD-Clean-4,refit_on_3,2024,B0005,98,98.2457556393358,92.66901
TD-Clean-4,refit_on_3,2024,B0005,102,97.99065016377766,91.88283
TD-Clean-4,refit_on_3,2024,B0005,106,97.7065060215613,87.98748
TD-Clean-4,refit_on_3,2024,B0005,110,97.11279694879056,91.25451
TD-Clean-4,refit_on_3,2024,B0005,114,96.81304988059888,91.55967
TD-Clean-4,refit_on_3,2024,B0005,118,96.27605729788222,93.24513
TD-Clean-4,refit_on_3,2024,B0005,122,96.2762766313732,91.67521
TD-Clean-4,refit_on_3,2024,B0005,126,95.99578118843372,85.48975
TD-Clean-4,refit_on_3,2024,B0005,130,95.69403287907456,83.64101
TD-Clean-4,refit_on_3,2024,B0005,134,95.98194451474556,89.27994
TD-Clean-4,refit_on_3,2024,B0005,136,95.71321655496544,90.32689
TD-Clean-4,refit_on_3,2024,B0005,140,95.11928805425076,92.31229
TD-Clean-4,refit_on_3,2024,B0005,144,94.58275432725988,92.446724
TD-Clean-4,refit_on_3,2024,B0005,148,94.27008009570102,92.55016
TD-Clean-4,refit_on_3,2024,B0005,150,97.39411432859931,67.6514
TD-Clean-4,refit_on_3,2024,B0005,154,96.82749231246368,79.02775
TD-Clean-4,refit_on_3,2024,B0005,158,95.96820195991576,81.66629
TD-Clean-4,refit_on_3,2024,B0005,162,95.40638930769452,84.256355
TD-Clean-4,refit_on_3,2024,B0005,166,94.8553962680492,87.59095
TD-Clean-4,refit_on_3,2024,B0005,170,94.5755674779542,86.508286
TD-Clean-4,refit_on_3,2024,B0005,174,94.28806184403476,82.00567
TD-Clean-4,refit_on_3,2024,B0005,178,93.73958753620327,85.60647
TD-Clean-4,refit_on_3,2024,B0005,182,93.16861105469168,87.04616
TD-Clean-4,refit_on_3,2024,B0005,186,92.88227598613614,88.14837
TD-Clean-4,refit_on_3,2024,B0005,190,92.636901518198,84.87979
TD-Clean-4,refit_on_3,2024,B0005,194,92.32720191735562,80.871704
TD-Clean-4,refit_on_3,2024,B0005,198,92.01599848919145,83.03338
TD-Clean-4,refit_on_3,2024,B0005,202,91.49053823956656,83.710335
TD-Clean-4,refit_on_3,2024,B0005,206,90.92425521866993,85.756485
TD-Clean-4,refit_on_3,2024,B0005,210,90.92941856192826,83.04777
TD-Clean-4,refit_on_3,2024,B0005,214,90.34010561326173,84.35083
TD-Clean-4,refit_on_3,2024,B0005,216,90.0847586044663,80.65718
TD-Clean-4,refit_on_3,2024,B0005,220,89.80457989439137,81.96741
TD-Clean-4,refit_on_3,2024,B0005,224,89.19640288815545,83.4313
TD-Clean-4,refit_on_3,2024,B0005,228,88.93598251136243,83.158714
TD-Clean-4,refit_on_3,2024,B0005,232,88.65781340235759,82.03823
TD-Clean-4,refit_on_3,2024,B0005,236,88.38728178562198,81.3624
TD-Clean-4,refit_on_3,2024,B0005,240,88.08171260170519,81.94263
TD-Clean-4,refit_on_3,2024,B0005,244,87.49528010741024,81.84367
TD-Clean-4,refit_on_3,2024,B0005,248,87.2366743602368,81.58816
TD-Clean-4,refit_on_3,2024,B0005,252,86.96251727221627,81.72266
TD-Clean-4,refit_on_3,2024,B0005,256,86.35734215456989,82.09804
TD-Clean-4,refit_on_3,2024,B0005,260,86.10863457357058,82.10453
TD-Clean-4,refit_on_3,2024,B0005,264,86.06270063126725,83.86912
TD-Clean-4,refit_on_3,2024,B0005,266,86.63737677555004,77.493385
TD-Clean-4,refit_on_3,2024,B0005,270,85.50813849993258,84.08846
TD-Clean-4,refit_on_3,2024,B0005,274,84.97446653296429,86.914116
TD-Clean-4,refit_on_3,2024,B0005,278,84.69557819389517,84.509674
TD-Clean-4,refit_on_3,2024,B0005,282,84.68013627936132,78.865524
TD-Clean-4,refit_on_3,2024,B0005,286,84.41991821853574,76.33046
TD-Clean-4,refit_on_3,2024,B0005,290,84.10414931140878,77.371574
TD-Clean-4,refit_on_3,2024,B0005,294,83.52653061113354,79.88722
TD-Clean-4,refit_on_3,2024,B0005,298,82.96602561057489,82.97683
TD-Clean-4,refit_on_3,2024,B0005,302,82.99920327964658,79.180984
TD-Clean-4,refit_on_3,2024,B0005,306,82.68003018050378,75.209854
TD-Clean-4,refit_on_3,2024,B0005,310,82.39976893302816,74.74037
TD-Clean-4,refit_on_3,2024,B0005,313,87.19626195760692,77.53737
TD-Clean-4,refit_on_3,2024,B0005,316,84.91729656129593,73.07252
TD-Clean-4,refit_on_3,2024,B0005,320,84.06165489885902,74.50976
TD-Clean-4,refit_on_3,2024,B0005,324,83.2082752902044,74.744194
TD-Clean-4,refit_on_3,2024,B0005,328,82.91381970838151,75.67427
TD-Clean-4,refit_on_3,2024,B0005,332,82.37106085271179,76.37883
TD-Clean-4,refit_on_3,2024,B0005,336,82.09631790141844,75.46184
TD-Clean-4,refit_on_3,2024,B0005,340,81.80669701206385,74.95157
TD-Clean-4,refit_on_3,2024,B0005,344,81.53418918115372,74.54295
TD-Clean-4,refit_on_3,2024,B0005,348,80.95312575426658,74.45389
TD-Clean-4,refit_on_3,2024,B0005,352,80.6829269258604,73.628
TD-Clean-4,refit_on_3,2024,B0005,356,80.38673535372676,73.67669
TD-Clean-4,refit_on_3,2024,B0005,360,80.10415225005684,73.88855
TD-Clean-4,refit_on_3,2024,B0005,364,80.68483906716317,73.4016
TD-Clean-4,refit_on_3,2024,B0005,367,81.23806188586506,71.37631
TD-Clean-4,refit_on_3,2024,B0005,371,80.40774500270479,72.60281
TD-Clean-4,refit_on_3,2024,B0005,375,79.80793062432481,73.17272
TD-Clean-4,refit_on_3,2024,B0005,379,78.94710440938543,73.65632
TD-Clean-4,refit_on_3,2024,B0005,383,78.96040682717852,72.40328
TD-Clean-4,refit_on_3,2024,B0005,387,79.00805769223405,71.699135
TD-Clean-4,refit_on_3,2024,B0005,391,78.68325635434054,71.172455
TD-Clean-4,refit_on_3,2024,B0005,395,78.12009683923326,72.21394
TD-Clean-4,refit_on_3,2024,B0005,399,77.83635095586517,72.065346
TD-Clean-4,refit_on_3,2024,B0005,403,77.83366081216815,71.25917
TD-Clean-4,refit_on_3,2024,B0005,407,77.54418562704669,69.89287
TD-Clean-4,refit_on_3,2024,B0005,411,77.26483532824366,70.96175
TD-Clean-4,refit_on_3,2024,B0005,415,76.96665751739931,71.534904
TD-Clean-4,refit_on_3,2024,B0005,419,76.69408123915822,71.763695
TD-Clean-4,refit_on_3,2024,B0005,423,76.7032886034996,70.55774
TD-Clean-4,refit_on_3,2024,B0005,427,76.43285089151239,69.627594
TD-Clean-4,refit_on_3,2024,B0005,431,77.83345221466253,72.704185
TD-Clean-4,refit_on_3,2024,B0005,433,78.09751233548145,70.68555
TD-Clean-4,refit_on_3,2024,B0005,437,76.96262218385922,71.89145
TD-Clean-4,refit_on_3,2024,B0005,441,76.3993634537507,72.05653
TD-Clean-4,refit_on_3,2024,B0005,445,76.08562321685423,71.81445
TD-Clean-4,refit_on_3,2024,B0005,449,75.84111192639295,71.58877
TD-Clean-4,refit_on_3,2024,B0005,453,75.5470202599512,71.74226
TD-Clean-4,refit_on_3,2024,B0005,457,75.2724773855306,71.78912
TD-Clean-4,refit_on_3,2024,B0005,461,74.95796574493023,71.91002
TD-Clean-4,refit_on_3,2024,B0005,465,74.67559060559861,72.155106
TD-Clean-4,refit_on_3,2024,B0005,469,74.4190975749656,71.75949
TD-Clean-4,refit_on_3,2024,B0005,473,74.41886702385212,71.56125
TD-Clean-4,refit_on_3,2024,B0005,477,74.10538957595438,71.615204
TD-Clean-4,refit_on_3,2024,B0005,481,74.68403981580354,68.126785
TD-Clean-4,refit_on_3,2024,B0005,483,75.26611054535188,69.20902
TD-Clean-4,refit_on_3,2024,B0005,485,74.38310747232698,70.52645
TD-Clean-4,refit_on_3,2024,B0005,489,74.10795710900801,70.53894
TD-Clean-4,refit_on_3,2024,B0005,493,73.53993654981534,71.08552
TD-Clean-4,refit_on_3,2024,B0005,497,73.55729388669064,69.06721
TD-Clean-4,refit_on_3,2024,B0005,501,73.56067241598603,68.93558
TD-Clean-4,refit_on_3,2024,B0005,505,73.26805286034079,70.29023
TD-Clean-4,refit_on_3,2024,B0005,509,72.98972077509227,71.266945
TD-Clean-4,refit_on_3,2024,B0005,513,72.70747847813722,70.66181
TD-Clean-4,refit_on_3,2024,B0005,517,72.70330518052887,68.971825
TD-Clean-4,refit_on_3,2024,B0005,521,72.43680818215978,69.70791
TD-Clean-4,refit_on_3,2024,B0005,525,72.14563728793834,70.810455
TD-Clean-4,refit_on_3,2024,B0005,529,71.84842350914826,71.46677
TD-Clean-4,refit_on_3,2024,B0005,533,71.57682808520298,71.74907
TD-Clean-4,refit_on_3,2024,B0005,537,71.59297070565168,68.61638
TD-Clean-4,refit_on_3,2024,B0005,541,71.58355486033668,70.17627
TD-Clean-4,refit_on_3,2024,B0005,545,71.88651633814797,73.289825
TD-Clean-4,refit_on_3,2024,B0005,548,73.85485752850198,69.98122
TD-Clean-4,refit_on_3,2024,B0005,552,72.73676298693475,70.40059
TD-Clean-4,refit_on_3,2024,B0005,556,72.16650080848474,70.87018
TD-Clean-4,refit_on_3,2024,B0005,560,71.87574889700983,70.77046
TD-Clean-4,refit_on_3,2024,B0005,564,71.60206343923741,70.681595
TD-Clean-4,refit_on_3,2024,B0005,568,71.32194157026348,70.57991
TD-Clean-4,refit_on_3,2024,B0005,572,71.30711389020412,70.60651
TD-Clean-4,refit_on_3,2024,B0005,576,71.01356336148518,70.97654
TD-Clean-4,refit_on_3,2024,B0005,580,70.75492745457169,71.01631
TD-Clean-4,refit_on_3,2024,B0005,584,70.77254445771489,70.20732
TD-Clean-4,refit_on_3,2024,B0005,588,70.77540542374062,70.24283
TD-Clean-4,refit_on_3,2024,B0005,592,70.47550750397869,69.714554
TD-Clean-4,refit_on_3,2024,B0005,596,70.48563041810954,70.20243
TD-Clean-4,refit_on_3,2024,B0005,600,70.23531244180377,70.04074
TD-Clean-4,refit_on_3,2024,B0005,604,69.93882142370093,69.511024
TD-Clean-4,refit_on_3,2024,B0005,608,69.90890905512207,69.289635
TD-Clean-4,refit_on_3,2024,B0005,612,71.07977535187085,68.08005
TD-Clean-4,refit_on_3,2024,B0005,614,71.95205157786506,67.6514
TD-Clean-4,pre_refit,2024,B0006,2,100.88297108833646,108.839874
TD-Clean-4,pre_refit,2024,B0006,4,100.37753235288778,107.80123
TD-Clean-4,pre_refit,2024,B0006,6,99.79196916000484,108.28295
TD-Clean-4,pre_refit,2024,B0006,8,99.7899019818078,107.94237
TD-Clean-4,pre_refit,2024,B0006,10,99.15762541696316,106.015366
TD-Clean-4,pre_refit,2024,B0006,12,99.8203556776378,106.65822
TD-Clean-4,pre_refit,2024,B0006,14,99.7808037027038,105.78851
TD-Clean-4,pre_refit,2024,B0006,16,97.5844832820893,106.64883
TD-Clean-4,pre_refit,2024,B0006,18,97.5535716293996,106.52513
TD-Clean-4,pre_refit,2024,B0006,20,97.01155142541865,104.42061
TD-Clean-4,pre_refit,2024,B0006,22,96.43502080876348,104.8782
TD-Clean-4,pre_refit,2024,B0006,25,95.8972998236526,105.47839
TD-Clean-4,pre_refit,2024,B0006,27,95.32875373854844,105.72428
TD-Clean-4,pre_refit,2024,B0006,29,94.76419905980474,103.79683
TD-Clean-4,pre_refit,2024,B0006,31,94.22773853976388,102.42954
TD-Clean-4,pre_refit,2024,B0006,33,93.6395064953226,101.28137
TD-Clean-4,pre_refit,2024,B0006,35,93.09821798643677,102.594986
TD-Clean-4,pre_refit,2024,B0006,37,92.56743574756617,101.645294
TD-Clean-4,pre_refit,2024,B0006,39,92.56840432582156,101.602776
TD-Clean-4,pre_refit,2024,B0006,42,98.12161319843736,104.407326
TD-Clean-4,pre_refit,2024,B0006,46,97.02736865587346,105.52054
TD-Clean-4,pre_refit,2024,B0006,50,96.4457203456954,102.9389
TD-Clean-4,pre_refit,2024,B0006,54,95.37664206593776,102.81503
TD-Clean-4,pre_refit,2024,B0006,58,96.45395400781383,102.98505
TD-Clean-4,pre_refit,2024,B0006,62,94.2446511737385,102.55568
TD-Clean-4,pre_refit,2024,B0006,66,93.11783815158223,97.73458
TD-Clean-4,pre_refit,2024,B0006,70,92.60393676951,99.31892
TD-Clean-4,pre_refit,2024,B0006,74,91.99518419888014,97.82301
TD-Clean-4,pre_refit,2024,B0006,78,91.45865458065036,97.835014
TD-Clean-4,pre_refit,2024,B0006,82,92.05488530825814,96.8174
TD-Clean-4,pre_refit,2024,B0006,86,95.40291074415664,104.51512
TD-Clean-4,pre_refit,2024,B0006,90,93.2941701264468,101.48383
TD-Clean-4,pre_refit,2024,B0006,94,91.95812296295944,98.53474
TD-Clean-4,pre_refit,2024,B0006,98,91.16379285351326,96.498924
TD-Clean-4,pre_refit,2024,B0006,102,90.13722315501992,93.31869
TD-Clean-4,pre_refit,2024,B0006,106,89.88629167454431,94.81076
TD-Clean-4,pre_refit,2024,B0006,110,89.07464504963947,92.9381
TD-Clean-4,pre_refit,2024,B0006,114,88.27677498375004,91.16182
TD-Clean-4,pre_refit,2024,B0006,118,87.78153478310176,90.14383
TD-Clean-4,pre_refit,2024,B0006,122,87.25902301297472,91.912704
TD-Clean-4,pre_refit,2024,B0006,126,86.75445063463465,93.47363
TD-Clean-4,pre_refit,2024,B0006,130,86.21919662960373,92.14676
TD-Clean-4,pre_refit,2024,B0006,134,86.97181002045869,89.36658
TD-Clean-4,pre_refit,2024,B0006,136,87.53004089819298,92.29153
TD-Clean-4,pre_refit,2024,B0006,140,85.93648557449694,91.13487
TD-Clean-4,pre_refit,2024,B0006,144,84.92223069682748,91.14027
TD-Clean-4,pre_refit,2024,B0006,148,84.38106569995976,90.88697
TD-Clean-4,pre_refit,2024,B0006,150,90.39396636175364,102.39244
TD-Clean-4,pre_refit,2024,B0006,154,89.62118442408695,96.471405
TD-Clean-4,pre_refit,2024,B0006,158,88.01687540594799,93.26832
TD-Clean-4,pre_refit,2024,B0006,162,86.47934133475826,91.59259
TD-Clean-4,pre_refit,2024,B0006,166,85.7093899316892,92.39877
TD-Clean-4,pre_refit,2024,B0006,170,84.66363361309608,92.37407
TD-Clean-4,pre_refit,2024,B0006,174,84.14253773442293,92.31488
TD-Clean-4,pre_refit,2024,B0006,178,83.37268440744252,92.43203
TD-Clean-4,pre_refit,2024,B0006,182,82.84795096685752,92.06451
TD-Clean-4,pre_refit,2024,B0006,186,82.31672078137474,90.93002
TD-Clean-4,pre_refit,2024,B0006,190,81.8390002521071,91.14175
TD-Clean-4,pre_refit,2024,B0006,194,81.29446683115198,92.31388
TD-Clean-4,pre_refit,2024,B0006,198,80.75246648690656,92.64309
TD-Clean-4,pre_refit,2024,B0006,202,79.7437886746144,94.32263
TD-Clean-4,pre_refit,2024,B0006,206,79.47984426199564,92.4148
TD-Clean-4,pre_refit,2024,B0006,210,79.25415788836384,93.341866
TD-Clean-4,pre_refit,2024,B0006,214,78.69188922732394,92.70402
TD-Clean-4,pre_refit,2024,B0006,216,78.46114405771091,93.80023
TD-Clean-4,pre_refit,2024,B0006,220,77.67630372212932,94.13055
TD-Clean-4,pre_refit,2024,B0006,224,77.38916838478035,94.08338
TD-Clean-4,pre_refit,2024,B0006,228,76.88491527529958,95.636246
TD-Clean-4,pre_refit,2024,B0006,232,76.3646225030132,95.196396
TD-Clean-4,pre_refit,2024,B0006,236,75.60327887522882,96.21152
TD-Clean-4,pre_refit,2024,B0006,240,75.84333345118733,97.14344
TD-Clean-4,pre_refit,2024,B0006,244,75.57070473005419,97.09189
TD-Clean-4,pre_refit,2024,B0006,248,75.06972493621848,99.8344
TD-Clean-4,pre_refit,2024,B0006,252,74.81407516505371,99.19635
TD-Clean-4,pre_refit,2024,B0006,256,74.54671414292675,98.53671
TD-Clean-4,pre_refit,2024,B0006,260,74.02740213488109,101.03578
TD-Clean-4,pre_refit,2024,B0006,264,73.73556466569462,100.47905
TD-Clean-4,pre_refit,2024,B0006,266,75.84980622026112,94.88081
TD-Clean-4,pre_refit,2024,B0006,270,74.55060879561292,98.73751
TD-Clean-4,pre_refit,2024,B0006,274,73.79142812679322,98.18305
TD-Clean-4,pre_refit,2024,B0006,278,73.27190839787096,102.977684
TD-Clean-4,pre_refit,2024,B0006,282,73.28093201847443,103.05052
TD-Clean-4,pre_refit,2024,B0006,286,73.02095301621284,103.3542
TD-Clean-4,pre_refit,2024,B0006,290,72.73851013234444,103.22266
TD-Clean-4,pre_refit,2024,B0006,294,71.95104826590523,102.695114
TD-Clean-4,pre_refit,2024,B0006,298,71.96564568462234,103.4518
TD-Clean-4,pre_refit,2024,B0006,302,71.72895437691278,106.50606
TD-Clean-4,pre_refit,2024,B0006,306,71.71434939609318,105.638054
TD-Clean-4,pre_refit,2024,B0006,310,71.45761792874575,106.50688
TD-Clean-4,pre_refit,2024,B0006,313,78.98726854374111,95.98353
TD-Clean-4,pre_refit,2024,B0006,316,76.64794397240323,95.112495
TD-Clean-4,pre_refit,2024,B0006,320,75.07747171565073,97.60762
TD-Clean-4,pre_refit,2024,B0006,324,74.29795247472106,98.01631
TD-Clean-4,pre_refit,2024,B0006,328,73.51146675367659,100.41573
TD-Clean-4,pre_refit,2024,B0006,332,73.00864275760908,100.30095
TD-Clean-4,pre_refit,2024,B0006,336,72.50277290138493,102.09743
TD-Clean-4,pre_refit,2024,B0006,340,71.96131839956391,102.0987
TD-Clean-4,pre_refit,2024,B0006,344,71.71500633205595,103.23174
TD-Clean-4,pre_refit,2024,B0006,348,71.44305583769248,103.997604
TD-Clean-4,pre_refit,2024,B0006,352,70.93898960214143,104.5278
TD-Clean-4,pre_refit,2024,B0006,356,70.68194044477139,104.425255
TD-Clean-4,pre_refit,2024,B0006,360,70.4074916889224,106.881165
TD-Clean-4,pre_refit,2024,B0006,364,70.41804785222855,108.0208
TD-Clean-4,pre_refit,2024,B0006,367,71.98210310103482,104.28046
TD-Clean-4,pre_refit,2024,B0006,371,70.95618334594263,106.165955
TD-Clean-4,pre_refit,2024,B0006,375,70.1362730902931,105.411415
TD-Clean-4,pre_refit,2024,B0006,379,69.87433806657212,106.06237
TD-Clean-4,pre_refit,2024,B0006,383,69.63573699649338,109.577736
TD-Clean-4,pre_refit,2024,B0006,387,69.15232147064526,111.508286
TD-Clean-4,pre_refit,2024,B0006,391,69.12109936452545,111.14415
TD-Clean-4,pre_refit,2024,B0006,395,68.86250185726787,110.56278
TD-Clean-4,pre_refit,2024,B0006,399,68.59092282212131,110.996994
TD-Clean-4,pre_refit,2024,B0006,403,68.08750743669,111.293564
TD-Clean-4,pre_refit,2024,B0006,407,68.33159705981836,112.56597
TD-Clean-4,pre_refit,2024,B0006,411,68.09140360412486,112.61569
TD-Clean-4,pre_refit,2024,B0006,415,67.81869443003508,112.79103
TD-Clean-4,pre_refit,2024,B0006,419,67.5730638436144,113.25686
TD-Clean-4,pre_refit,2024,B0006,423,67.31503513349786,115.78775
TD-Clean-4,pre_refit,2024,B0006,427,67.07575548417674,114.657974
TD-Clean-4,pre_refit,2024,B0006,431,68.60691404106846,112.881
TD-Clean-4,pre_refit,2024,B0006,433,69.64711039275872,108.7703
TD-Clean-4,pre_refit,2024,B0006,437,68.33719964359061,110.46565
TD-Clean-4,pre_refit,2024,B0006,441,67.81907707369999,113.81264
TD-Clean-4,pre_refit,2024,B0006,445,67.27630029953899,112.989204
TD-Clean-4,pre_refit,2024,B0006,449,67.03731096833596,116.39116
TD-Clean-4,pre_refit,2024,B0006,453,66.78534122129697,115.35908
TD-Clean-4,pre_refit,2024,B0006,457,66.26973868287087,116.30463
TD-Clean-4,pre_refit,2024,B0006,461,65.98363462621751,117.62308
TD-Clean-4,pre_refit,2024,B0006,465,65.72069252661954,119.74368
TD-Clean-4,pre_refit,2024,B0006,469,65.50500064349335,117.88512
TD-Clean-4,pre_refit,2024,B0006,473,65.48747074550045,120.30805
TD-Clean-4,pre_refit,2024,B0006,477,65.2110653386093,122.00146
TD-Clean-4,pre_refit,2024,B0006,481,65.47148558720653,123.05559
TD-Clean-4,pre_refit,2024,B0006,483,66.78647932759047,115.63955
TD-Clean-4,pre_refit,2024,B0006,485,65.72477818237311,120.11885
TD-Clean-4,pre_refit,2024,B0006,489,64.93697426302657,121.15873
TD-Clean-4,pre_refit,2024,B0006,493,64.69397950587184,123.40976
TD-Clean-4,pre_refit,2024,B0006,497,64.45556804271465,122.2802
TD-Clean-4,pre_refit,2024,B0006,501,64.44711910522597,124.43112
TD-Clean-4,pre_refit,2024,B0006,505,63.9153253541329,123.64223
TD-Clean-4,pre_refit,2024,B0006,509,63.40709756117343,125.57706
TD-Clean-4,pre_refit,2024,B0006,513,63.40485519747241,127.954926
TD-Clean-4,pre_refit,2024,B0006,517,63.14854807557744,127.81761
TD-Clean-4,pre_refit,2024,B0006,521,63.15304028594434,128.1006
TD-Clean-4,pre_refit,2024,B0006,525,62.63936845251047,130.45769
TD-Clean-4,pre_refit,2024,B0006,529,62.36048327920517,131.53893
TD-Clean-4,pre_refit,2024,B0006,533,62.11872624491582,130.33879
TD-Clean-4,pre_refit,2024,B0006,537,62.11731201074328,130.65623
TD-Clean-4,pre_refit,2024,B0006,541,61.86235410492132,132.65974
TD-Clean-4,pre_refit,2024,B0006,545,62.12742822257309,134.83957
TD-Clean-4,pre_refit,2024,B0006,548,63.93010610326108,127.34462
TD-Clean-4,pre_refit,2024,B0006,552,62.62827859533666,131.71031
TD-Clean-4,pre_refit,2024,B0006,556,61.85683618405182,134.74419
TD-Clean-4,pre_refit,2024,B0006,560,61.07092794836815,136.75238
TD-Clean-4,pre_refit,2024,B0006,564,60.82277612678393,136.45673
TD-Clean-4,pre_refit,2024,B0006,568,60.55640953242813,140.05054
TD-Clean-4,pre_refit,2024,B0006,572,60.02917505279337,139.62254
TD-Clean-4,pre_refit,2024,B0006,576,59.75722270334661,140.82184
TD-Clean-4,pre_refit,2024,B0006,580,59.52315601830062,141.16968
TD-Clean-4,pre_refit,2024,B0006,584,59.01246912863032,144.0793
TD-Clean-4,pre_refit,2024,B0006,588,58.74426171153606,144.4964
TD-Clean-4,pre_refit,2024,B0006,592,58.47122551716232,145.92247
TD-Clean-4,pre_refit,2024,B0006,596,58.2196597592319,146.68222
TD-Clean-4,pre_refit,2024,B0006,600,57.18983519098029,151.57747
TD-Clean-4,pre_refit,2024,B0006,604,57.71437056534329,150.26953
TD-Clean-4,pre_refit,2024,B0006,608,57.43663099473362,149.31595
TD-Clean-4,pre_refit,2024,B0006,612,58.23847489632371,148.19751
TD-Clean-4,pre_refit,2024,B0006,614,58.76884540363096,143.84451
TD-Clean-4,refit_on_3,2024,B0006,2,100.88297108833646,92.73756
TD-Clean-4,refit_on_3,2024,B0006,4,100.37753235288778,102.58664
TD-Clean-4,refit_on_3,2024,B0006,6,99.79196916000484,103.557106
TD-Clean-4,refit_on_3,2024,B0006,8,99.7899019818078,103.79083
TD-Clean-4,refit_on_3,2024,B0006,10,99.15762541696316,103.52678
TD-Clean-4,refit_on_3,2024,B0006,12,99.8203556776378,102.60551
TD-Clean-4,refit_on_3,2024,B0006,14,99.7808037027038,102.428696
TD-Clean-4,refit_on_3,2024,B0006,16,97.5844832820893,105.1063
TD-Clean-4,refit_on_3,2024,B0006,18,97.5535716293996,105.16658
TD-Clean-4,refit_on_3,2024,B0006,20,97.01155142541865,104.915085
TD-Clean-4,refit_on_3,2024,B0006,22,96.43502080876348,105.62785
TD-Clean-4,refit_on_3,2024,B0006,25,95.8972998236526,103.04255
TD-Clean-4,refit_on_3,2024,B0006,27,95.32875373854844,105.1278
TD-Clean-4,refit_on_3,2024,B0006,29,94.76419905980474,102.92369
TD-Clean-4,refit_on_3,2024,B0006,31,94.22773853976388,105.748795
TD-Clean-4,refit_on_3,2024,B0006,33,93.6395064953226,106.106094
TD-Clean-4,refit_on_3,2024,B0006,35,93.09821798643677,105.76416
TD-Clean-4,refit_on_3,2024,B0006,37,92.56743574756617,105.285126
TD-Clean-4,refit_on_3,2024,B0006,39,92.56840432582156,104.39823
TD-Clean-4,refit_on_3,2024,B0006,42,98.12161319843736,100.70076
TD-Clean-4,refit_on_3,2024,B0006,46,97.02736865587346,101.14193
TD-Clean-4,refit_on_3,2024,B0006,50,96.4457203456954,103.21225
TD-Clean-4,refit_on_3,2024,B0006,54,95.37664206593776,104.031425
TD-Clean-4,refit_on_3,2024,B0006,58,96.45395400781383,100.992805
TD-Clean-4,refit_on_3,2024,B0006,62,94.2446511737385,102.14837
TD-Clean-4,refit_on_3,2024,B0006,66,93.11783815158223,95.59397
TD-Clean-4,refit_on_3,2024,B0006,70,92.60393676951,94.311966
TD-Clean-4,refit_on_3,2024,B0006,74,91.99518419888014,92.42592
TD-Clean-4,refit_on_3,2024,B0006,78,91.45865458065036,95.06018
TD-Clean-4,refit_on_3,2024,B0006,82,92.05488530825814,90.9292
TD-Clean-4,refit_on_3,2024,B0006,86,95.40291074415664,104.44504
TD-Clean-4,refit_on_3,2024,B0006,90,93.2941701264468,102.32497
TD-Clean-4,refit_on_3,2024,B0006,94,91.95812296295944,98.473404
TD-Clean-4,refit_on_3,2024,B0006,98,91.16379285351326,95.737076
TD-Clean-4,refit_on_3,2024,B0006,102,90.13722315501992,92.55663
TD-Clean-4,refit_on_3,2024,B0006,106,89.88629167454431,94.12225
TD-Clean-4,refit_on_3,2024,B0006,110,89.07464504963947,92.478355
TD-Clean-4,refit_on_3,2024,B0006,114,88.27677498375004,90.62295
TD-Clean-4,refit_on_3,2024,B0006,118,87.78153478310176,89.58161
TD-Clean-4,refit_on_3,2024,B0006,122,87.25902301297472,90.57711
TD-Clean-4,refit_on_3,2024,B0006,126,86.75445063463465,93.08011
TD-Clean-4,refit_on_3,2024,B0006,130,86.21919662960373,91.79016
TD-Clean-4,refit_on_3,2024,B0006,134,86.97181002045869,89.16325
TD-Clean-4,refit_on_3,2024,B0006,136,87.53004089819298,91.230156
TD-Clean-4,refit_on_3,2024,B0006,140,85.93648557449694,90.19632
TD-Clean-4,refit_on_3,2024,B0006,144,84.92223069682748,89.905426
TD-Clean-4,refit_on_3,2024,B0006,148,84.38106569995976,89.56568
TD-Clean-4,refit_on_3,2024,B0006,150,90.39396636175364,76.88683
TD-Clean-4,refit_on_3,2024,B0006,154,89.62118442408695,89.347916
TD-Clean-4,refit_on_3,2024,B0006,158,88.01687540594799,93.985435
TD-Clean-4,refit_on_3,2024,B0006,162,86.47934133475826,91.2613
TD-Clean-4,refit_on_3,2024,B0006,166,85.7093899316892,91.977486
TD-Clean-4,refit_on_3,2024,B0006,170,84.66363361309608,91.96419
TD-Clean-4,refit_on_3,2024,B0006,174,84.14253773442293,92.44591
TD-Clean-4,refit_on_3,2024,B0006,178,83.37268440744252,92.48408
TD-Clean-4,refit_on_3,2024,B0006,182,82.84795096685752,92.02035
TD-Clean-4,refit_on_3,2024,B0006,186,82.31672078137474,90.513016
TD-Clean-4,refit_on_3,2024,B0006,190,81.8390002521071,91.06253
TD-Clean-4,refit_on_3,2024,B0006,194,81.29446683115198,88.01408
TD-Clean-4,refit_on_3,2024,B0006,198,80.75246648690656,88.86089
TD-Clean-4,refit_on_3,2024,B0006,202,79.7437886746144,89.79877
TD-Clean-4,refit_on_3,2024,B0006,206,79.47984426199564,91.1469
TD-Clean-4,refit_on_3,2024,B0006,210,79.25415788836384,85.66596
TD-Clean-4,refit_on_3,2024,B0006,214,78.69188922732394,93.32252
TD-Clean-4,refit_on_3,2024,B0006,216,78.46114405771091,89.78327
TD-Clean-4,refit_on_3,2024,B0006,220,77.67630372212932,90.49678
TD-Clean-4,refit_on_3,2024,B0006,224,77.38916838478035,91.19745
TD-Clean-4,refit_on_3,2024,B0006,228,76.88491527529958,90.33065
TD-Clean-4,refit_on_3,2024,B0006,232,76.3646225030132,88.64643
TD-Clean-4,refit_on_3,2024,B0006,236,75.60327887522882,88.284996
TD-Clean-4,refit_on_3,2024,B0006,240,75.84333345118733,88.059425
TD-Clean-4,refit_on_3,2024,B0006,244,75.57070473005419,87.59054
TD-Clean-4,refit_on_3,2024,B0006,248,75.06972493621848,87.38528
TD-Clean-4,refit_on_3,2024,B0006,252,74.81407516505371,86.89149
TD-Clean-4,refit_on_3,2024,B0006,256,74.54671414292675,87.0048
TD-Clean-4,refit_on_3,2024,B0006,260,74.02740213488109,87.52982
TD-Clean-4,refit_on_3,2024,B0006,264,73.73556466569462,84.958466
TD-Clean-4,refit_on_3,2024,B0006,266,75.84980622026112,78.729965
TD-Clean-4,refit_on_3,2024,B0006,270,74.55060879561292,84.984184
TD-Clean-4,refit_on_3,2024,B0006,274,73.79142812679322,85.97441
TD-Clean-4,refit_on_3,2024,B0006,278,73.27190839787096,83.81602
TD-Clean-4,refit_on_3,2024,B0006,282,73.28093201847443,77.57187
TD-Clean-4,refit_on_3,2024,B0006,286,73.02095301621284,77.11682
TD-Clean-4,refit_on_3,2024,B0006,290,72.73851013234444,77.25832
TD-Clean-4,refit_on_3,2024,B0006,294,71.95104826590523,79.03932
TD-Clean-4,refit_on_3,2024,B0006,298,71.96564568462234,80.73384
TD-Clean-4,refit_on_3,2024,B0006,302,71.72895437691278,76.658394
TD-Clean-4,refit_on_3,2024,B0006,306,71.71434939609318,76.17713
TD-Clean-4,refit_on_3,2024,B0006,310,71.45761792874575,76.18297
TD-Clean-4,refit_on_3,2024,B0006,313,78.98726854374111,78.62979
TD-Clean-4,refit_on_3,2024,B0006,316,76.64794397240323,78.46232
TD-Clean-4,refit_on_3,2024,B0006,320,75.07747171565073,79.15895
TD-Clean-4,refit_on_3,2024,B0006,324,74.29795247472106,79.0431
TD-Clean-4,refit_on_3,2024,B0006,328,73.51146675367659,79.51182
TD-Clean-4,refit_on_3,2024,B0006,332,73.00864275760908,79.41748
TD-Clean-4,refit_on_3,2024,B0006,336,72.50277290138493,78.12571
TD-Clean-4,refit_on_3,2024,B0006,340,71.96131839956391,77.59972
TD-Clean-4,refit_on_3,2024,B0006,344,71.71500633205595,77.83256
TD-Clean-4,refit_on_3,2024,B0006,348,71.44305583769248,77.25502
TD-Clean-4,refit_on_3,2024,B0006,352,70.93898960214143,76.87733
TD-Clean-4,refit_on_3,2024,B0006,356,70.68194044477139,76.83353
TD-Clean-4,refit_on_3,2024,B0006,360,70.4074916889224,77.316246
TD-Clean-4,refit_on_3,2024,B0006,364,70.41804785222855,75.702614
TD-Clean-4,refit_on_3,2024,B0006,367,71.98210310103482,76.125
TD-Clean-4,refit_on_3,2024,B0006,371,70.95618334594263,76.407074
TD-Clean-4,refit_on_3,2024,B0006,375,70.1362730902931,76.843506
TD-Clean-4,refit_on_3,2024,B0006,379,69.87433806657212,76.76078
TD-Clean-4,refit_on_3,2024,B0006,383,69.63573699649338,75.50906
TD-Clean-4,refit_on_3,2024,B0006,387,69.15232147064526,75.67019
TD-Clean-4,refit_on_3,2024,B0006,391,69.12109936452545,75.41363
TD-Clean-4,refit_on_3,2024,B0006,395,68.86250185726787,75.687485
TD-Clean-4,refit_on_3,2024,B0006,399,68.59092282212131,75.304
TD-Clean-4,refit_on_3,2024,B0006,403,68.08750743669,75.39663
TD-Clean-4,refit_on_3,2024,B0006,407,68.33159705981836,75.206116
TD-Clean-4,refit_on_3,2024,B0006,411,68.09140360412486,75.393875
TD-Clean-4,refit_on_3,2024,B0006,415,67.81869443003508,75.41226
TD-Clean-4,refit_on_3,2024,B0006,419,67.5730638436144,75.23762
TD-Clean-4,refit_on_3,2024,B0006,423,67.31503513349786,75.022736
TD-Clean-4,refit_on_3,2024,B0006,427,67.07575548417674,74.97816
TD-Clean-4,refit_on_3,2024,B0006,431,68.60691404106846,76.276924
TD-Clean-4,refit_on_3,2024,B0006,433,69.64711039275872,75.6248
TD-Clean-4,refit_on_3,2024,B0006,437,68.33719964359061,75.81568
TD-Clean-4,refit_on_3,2024,B0006,441,67.81907707369999,75.78907
TD-Clean-4,refit_on_3,2024,B0006,445,67.27630029953899,75.24207
TD-Clean-4,refit_on_3,2024,B0006,449,67.03731096833596,75.37915
TD-Clean-4,refit_on_3,2024,B0006,453,66.78534122129697,75.214386
TD-Clean-4,refit_on_3,2024,B0006,457,66.26973868287087,75.307686
TD-Clean-4,refit_on_3,2024,B0006,461,65.98363462621751,75.35741
TD-Clean-4,refit_on_3,2024,B0006,465,65.72069252661954,75.77565
TD-Clean-4,refit_on_3,2024,B0006,469,65.50500064349335,75.219795
TD-Clean-4,refit_on_3,2024,B0006,473,65.48747074550045,75.1909
TD-Clean-4,refit_on_3,2024,B0006,477,65.2110653386093,75.33064
TD-Clean-4,refit_on_3,2024,B0006,481,65.47148558720653,74.23836
TD-Clean-4,refit_on_3,2024,B0006,483,66.78647932759047,75.65257
TD-Clean-4,refit_on_3,2024,B0006,485,65.72477818237311,77.33273
TD-Clean-4,refit_on_3,2024,B0006,489,64.93697426302657,76.50153
TD-Clean-4,refit_on_3,2024,B0006,493,64.69397950587184,78.57953
TD-Clean-4,refit_on_3,2024,B0006,497,64.45556804271465,75.881836
TD-Clean-4,refit_on_3,2024,B0006,501,64.44711910522597,76.09574
TD-Clean-4,refit_on_3,2024,B0006,505,63.9153253541329,76.681786
TD-Clean-4,refit_on_3,2024,B0006,509,63.40709756117343,78.13665
TD-Clean-4,refit_on_3,2024,B0006,513,63.40485519747241,79.10102
TD-Clean-4,refit_on_3,2024,B0006,517,63.14854807557744,75.82876
TD-Clean-4,refit_on_3,2024,B0006,521,63.15304028594434,76.462166
TD-Clean-4,refit_on_3,2024,B0006,525,62.63936845251047,78.86041
TD-Clean-4,refit_on_3,2024,B0006,529,62.36048327920517,81.21568
TD-Clean-4,refit_on_3,2024,B0006,533,62.11872624491582,80.395645
TD-Clean-4,refit_on_3,2024,B0006,537,62.11731201074328,76.22226
TD-Clean-4,refit_on_3,2024,B0006,541,61.86235410492132,78.24677
TD-Clean-4,refit_on_3,2024,B0006,545,62.12742822257309,80.05445
TD-Clean-4,refit_on_3,2024,B0006,548,63.93010610326108,74.50907
TD-Clean-4,refit_on_3,2024,B0006,552,62.62827859533666,75.433975
TD-Clean-4,refit_on_3,2024,B0006,556,61.85683618405182,75.84421
TD-Clean-4,refit_on_3,2024,B0006,560,61.07092794836815,75.94237
TD-Clean-4,refit_on_3,2024,B0006,564,60.82277612678393,75.56689
TD-Clean-4,refit_on_3,2024,B0006,568,60.55640953242813,75.65914
TD-Clean-4,refit_on_3,2024,B0006,572,60.02917505279337,75.67678
TD-Clean-4,refit_on_3,2024,B0006,576,59.75722270334661,75.64107
TD-Clean-4,refit_on_3,2024,B0006,580,59.52315601830062,75.26607
TD-Clean-4,refit_on_3,2024,B0006,584,59.01246912863032,75.752106
TD-Clean-4,refit_on_3,2024,B0006,588,58.74426171153606,75.73248
TD-Clean-4,refit_on_3,2024,B0006,592,58.47122551716232,75.55334
TD-Clean-4,refit_on_3,2024,B0006,596,58.2196597592319,75.76394
TD-Clean-4,refit_on_3,2024,B0006,600,57.18983519098029,76.40519
TD-Clean-4,refit_on_3,2024,B0006,604,57.71437056534329,75.787254
TD-Clean-4,refit_on_3,2024,B0006,608,57.43663099473362,75.47706
TD-Clean-4,refit_on_3,2024,B0006,612,58.23847489632371,75.71885
TD-Clean-4,refit_on_3,2024,B0006,614,58.76884540363096,74.369835
TD-Clean-4,pre_refit,2024,B0007,2,100.45351791563915,80.1614
TD-Clean-4,pre_refit,2024,B0007,4,99.900254379013,89.47762
TD-Clean-4,pre_refit,2024,B0007,6,99.90161660017114,89.7381
TD-Clean-4,pre_refit,2024,B0007,8,99.9073657865712,90.08708
TD-Clean-4,pre_refit,2024,B0007,10,99.83724531860553,89.890915
TD-Clean-4,pre_refit,2024,B0007,12,99.90361817867274,90.28198
TD-Clean-4,pre_refit,2024,B0007,14,99.86297576917136,89.59247
TD-Clean-4,pre_refit,2024,B0007,16,99.94656396119812,91.43727
TD-Clean-4,pre_refit,2024,B0007,18,99.31878532934633,91.84391
TD-Clean-4,pre_refit,2024,B0007,20,99.33799331164263,91.63204
TD-Clean-4,pre_refit,2024,B0007,22,99.33756087304828,91.64624
TD-Clean-4,pre_refit,2024,B0007,25,98.78551523188162,91.56353
TD-Clean-4,pre_refit,2024,B0007,27,98.75485184986668,93.53407
TD-Clean-4,pre_refit,2024,B0007,29,98.75133536665352,91.58955
TD-Clean-4,pre_refit,2024,B0007,31,98.77012942519043,94.75911
TD-Clean-4,pre_refit,2024,B0007,33,98.73683812511632,94.04073
TD-Clean-4,pre_refit,2024,B0007,35,98.15685575226132,93.97549
TD-Clean-4,pre_refit,2024,B0007,37,98.19446503474695,95.343376
TD-Clean-4,pre_refit,2024,B0007,39,98.186691403046,94.33095
TD-Clean-4,pre_refit,2024,B0007,42,99.90787801510066,84.26552
TD-Clean-4,pre_refit,2024,B0007,46,99.94461695603135,85.78866
TD-Clean-4,pre_refit,2024,B0007,50,99.92460497901308,89.23481
TD-Clean-4,pre_refit,2024,B0007,54,99.38880751306714,88.56041
TD-Clean-4,pre_refit,2024,B0007,58,99.34580918956073,85.90527
TD-Clean-4,pre_refit,2024,B0007,62,99.37088315432128,89.82965
TD-Clean-4,pre_refit,2024,B0007,66,98.78342046080256,88.82536
TD-Clean-4,pre_refit,2024,B0007,70,98.8058078187501,88.93032
TD-Clean-4,pre_refit,2024,B0007,74,98.75966747373796,88.08385
TD-Clean-4,pre_refit,2024,B0007,78,98.1739885027512,88.09293
TD-Clean-4,pre_refit,2024,B0007,82,98.23039625446908,88.04765
TD-Clean-4,pre_refit,2024,B0007,86,100.05062324611636,82.5
TD-Clean-4,pre_refit,2024,B0007,90,98.95386520139344,85.43178
TD-Clean-4,pre_refit,2024,B0007,94,98.38356039411237,87.92223
TD-Clean-4,pre_refit,2024,B0007,98,98.11080955264678,90.017235
TD-Clean-4,pre_refit,2024,B0007,102,97.57312273601715,90.14056
TD-Clean-4,pre_refit,2024,B0007,106,97.5908400366413,85.613144
TD-Clean-4,pre_refit,2024,B0007,110,97.29922460125108,87.866745
TD-Clean-4,pre_refit,2024,B0007,114,96.74012336609094,89.60849
TD-Clean-4,pre_refit,2024,B0007,118,96.49359124138364,90.32697
TD-Clean-4,pre_refit,2024,B0007,122,96.22137391342224,88.31623
TD-Clean-4,pre_refit,2024,B0007,126,96.233276781278,84.195244
TD-Clean-4,pre_refit,2024,B0007,130,95.93841918044076,83.27063
TD-Clean-4,pre_refit,2024,B0007,134,96.31819241353496,85.42982
TD-Clean-4,pre_refit,2024,B0007,136,95.94953719543624,87.79296
TD-Clean-4,pre_refit,2024,B0007,140,95.3953227427902,89.812164
TD-Clean-4,pre_refit,2024,B0007,144,94.86699939598208,90.2071
TD-Clean-4,pre_refit,2024,B0007,148,94.57173479963342,89.51437
TD-Clean-4,pre_refit,2024,B0007,150,96.41760769059738,68.6611
TD-Clean-4,pre_refit,2024,B0007,154,96.45090493439226,79.46599
TD-Clean-4,pre_refit,2024,B0007,158,95.6297003383392,82.82224
TD-Clean-4,pre_refit,2024,B0007,162,95.10935396520227,83.226135
TD-Clean-4,pre_refit,2024,B0007,166,94.57259385530976,84.54296
TD-Clean-4,pre_refit,2024,B0007,170,94.30623404626093,82.68612
TD-Clean-4,pre_refit,2024,B0007,174,94.0371367595855,79.74201
TD-Clean-4,pre_refit,2024,B0007,178,93.49626919937222,81.702515
TD-Clean-4,pre_refit,2024,B0007,182,92.9420388383138,81.29352
TD-Clean-4,pre_refit,2024,B0007,186,92.94217065781828,81.88251
TD-Clean-4,pre_refit,2024,B0007,190,92.69668329388116,79.34572
TD-Clean-4,pre_refit,2024,B0007,194,92.41073633514534,77.90846
TD-Clean-4,pre_refit,2024,B0007,198,91.82208130681248,77.9314
TD-Clean-4,pre_refit,2024,B0007,202,91.5743327473832,79.03135
TD-Clean-4,pre_refit,2024,B0007,206,91.04730118386937,79.31007
TD-Clean-4,pre_refit,2024,B0007,210,91.04684020750553,77.081856
TD-Clean-4,pre_refit,2024,B0007,214,90.49873919973382,77.68442
TD-Clean-4,pre_refit,2024,B0007,216,90.51794914609178,77.30287
TD-Clean-4,pre_refit,2024,B0007,220,89.96325858213598,77.632095
TD-Clean-4,pre_refit,2024,B0007,224,89.64911074691454,77.396996
TD-Clean-4,pre_refit,2024,B0007,228,89.4056438247883,77.01594
TD-Clean-4,pre_refit,2024,B0007,232,89.13221056506995,76.868126
TD-Clean-4,pre_refit,2024,B0007,236,88.88142970948275,76.93248
TD-Clean-4,pre_refit,2024,B0007,240,88.57496163215028,76.55126
TD-Clean-4,pre_refit,2024,B0007,244,88.30030467403411,76.487175
TD-Clean-4,pre_refit,2024,B0007,248,88.04309784572763,76.183586
TD-Clean-4,pre_refit,2024,B0007,252,87.7835715053401,76.03838
TD-Clean-4,pre_refit,2024,B0007,256,87.5009058762453,76.04329
TD-Clean-4,pre_refit,2024,B0007,260,86.92700430940862,75.87383
TD-Clean-4,pre_refit,2024,B0007,264,86.91859800690037,75.766205
TD-Clean-4,pre_refit,2024,B0007,266,87.17696241036246,75.09165
TD-Clean-4,pre_refit,2024,B0007,270,86.66971006432802,76.59099
TD-Clean-4,pre_refit,2024,B0007,274,86.11955257111292,76.320435
TD-Clean-4,pre_refit,2024,B0007,278,85.86532022039283,75.22397
TD-Clean-4,pre_refit,2024,B0007,282,85.83324550155743,74.57728
TD-Clean-4,pre_refit,2024,B0007,286,85.88108948972226,75.05296
TD-Clean-4,pre_refit,2024,B0007,290,85.56987844007078,75.18814
TD-Clean-4,pre_refit,2024,B0007,294,85.027771191142,75.35217
TD-Clean-4,pre_refit,2024,B0007,298,84.77582688520748,74.4856
TD-Clean-4,pre_refit,2024,B0007,302,84.79178974791847,74.572136
TD-Clean-4,pre_refit,2024,B0007,306,84.76993385106519,74.511246
TD-Clean-4,pre_refit,2024,B0007,310,84.49605927424464,74.31325
TD-Clean-4,pre_refit,2024,B0007,313,89.71090998622898,75.28005
TD-Clean-4,pre_refit,2024,B0007,316,86.37349719367897,74.43118
TD-Clean-4,pre_refit,2024,B0007,320,85.82898928627563,74.71689
TD-Clean-4,pre_refit,2024,B0007,324,85.2934976107533,74.74429
TD-Clean-4,pre_refit,2024,B0007,328,84.72574724857897,74.89322
TD-Clean-4,pre_refit,2024,B0007,332,84.48328177752624,74.50449
TD-Clean-4,pre_refit,2024,B0007,336,84.21457006738538,74.43313
TD-Clean-4,pre_refit,2024,B0007,340,83.9288888229777,74.46241
TD-Clean-4,pre_refit,2024,B0007,344,83.67629222648154,74.40693
TD-Clean-4,pre_refit,2024,B0007,348,83.38837618926404,74.41338
TD-Clean-4,pre_refit,2024,B0007,352,83.41270816038221,74.46861
TD-Clean-4,pre_refit,2024,B0007,356,83.14675201444969,74.21841
TD-Clean-4,pre_refit,2024,B0007,360,82.8484308280049,74.25019
TD-Clean-4,pre_refit,2024,B0007,364,83.13252526962864,74.2949
TD-Clean-4,pre_refit,2024,B0007,367,83.66359396289195,74.02487
TD-Clean-4,pre_refit,2024,B0007,371,83.14841165448959,74.08185
TD-Clean-4,pre_refit,2024,B0007,375,82.85488835556158,74.245834
TD-Clean-4,pre_refit,2024,B0007,379,82.33123711829187,74.00911
TD-Clean-4,pre_refit,2024,B0007,383,82.01142381939957,74.243454
TD-Clean-4,pre_refit,2024,B0007,387,82.07206587982726,73.978004
TD-Clean-4,pre_refit,2024,B0007,391,82.0495038543302,74.15671
TD-Clean-4,pre_refit,2024,B0007,395,81.5031419618624,74.14517
TD-Clean-4,pre_refit,2024,B0007,399,81.20841503507037,74.11662
TD-Clean-4,pre_refit,2024,B0007,403,81.21721340553746,73.958046
TD-Clean-4,pre_refit,2024,B0007,407,81.22601148878292,73.8398
TD-Clean-4,pre_refit,2024,B0007,411,80.95054391771832,73.92413
TD-Clean-4,pre_refit,2024,B0007,415,80.67227833994721,73.97687
TD-Clean-4,pre_refit,2024,B0007,419,80.40565013650571,73.96013
TD-Clean-4,pre_refit,2024,B0007,423,80.40335490244634,73.83601
TD-Clean-4,pre_refit,2024,B0007,427,80.42152437300291,73.72314
TD-Clean-4,pre_refit,2024,B0007,431,81.48461605871495,73.93549
TD-Clean-4,pre_refit,2024,B0007,433,81.75963969607048,74.05197
TD-Clean-4,pre_refit,2024,B0007,437,80.93560989493338,73.96732
TD-Clean-4,pre_refit,2024,B0007,441,80.40209515327608,74.07761
TD-Clean-4,pre_refit,2024,B0007,445,80.09419697809993,74.051994
TD-Clean-4,pre_refit,2024,B0007,449,79.85042691616567,74.05602
TD-Clean-4,pre_refit,2024,B0007,453,79.56495728605914,74.03192
TD-Clean-4,pre_refit,2024,B0007,457,79.30076147796538,74.06772
TD-Clean-4,pre_refit,2024,B0007,461,79.2776995197187,74.1272
TD-Clean-4,pre_refit,2024,B0007,465,79.01573008127421,73.83064
TD-Clean-4,pre_refit,2024,B0007,469,78.7529099419952,73.91623
TD-Clean-4,pre_refit,2024,B0007,473,78.76631135529045,74.03874
TD-Clean-4,pre_refit,2024,B0007,477,78.45734950325969,73.894684
TD-Clean-4,pre_refit,2024,B0007,481,78.71925319505982,73.93732
TD-Clean-4,pre_refit,2024,B0007,483,79.58166685963718,73.93589
TD-Clean-4,pre_refit,2024,B0007,485,78.72860058663869,74.00926
TD-Clean-4,pre_refit,2024,B0007,489,78.46501751785956,73.841705
TD-Clean-4,pre_refit,2024,B0007,493,78.19738333514631,73.83972
TD-Clean-4,pre_refit,2024,B0007,497,78.20645287101384,73.95573
TD-Clean-4,pre_refit,2024,B0007,501,77.92824275772597,73.848656
TD-Clean-4,pre_refit,2024,B0007,505,77.6497101362114,73.9103
TD-Clean-4,pre_refit,2024,B0007,509,77.38028422735451,73.866135
TD-Clean-4,pre_refit,2024,B0007,513,77.09660547904922,73.97677
TD-Clean-4,pre_refit,2024,B0007,517,77.11046744203753,73.86717
TD-Clean-4,pre_refit,2024,B0007,521,76.85550035450103,73.95276
TD-Clean-4,pre_refit,2024,B0007,525,76.85236240084764,73.735275
TD-Clean-4,pre_refit,2024,B0007,529,76.56671722215358,73.78094
TD-Clean-4,pre_refit,2024,B0007,533,76.29399038621672,73.94008
TD-Clean-4,pre_refit,2024,B0007,537,76.32425788720361,73.79668
TD-Clean-4,pre_refit,2024,B0007,541,76.29658741049414,73.66363
TD-Clean-4,pre_refit,2024,B0007,545,76.59209728582513,73.89099
TD-Clean-4,pre_refit,2024,B0007,548,77.93863743061358,73.920235
TD-Clean-4,pre_refit,2024,B0007,552,77.12364718084329,73.77679
TD-Clean-4,pre_refit,2024,B0007,556,76.8725967441492,74.00635
TD-Clean-4,pre_refit,2024,B0007,560,76.58854113704766,73.9888
TD-Clean-4,pre_refit,2024,B0007,564,76.04885672654179,73.97105
TD-Clean-4,pre_refit,2024,B0007,568,76.05828438472663,73.737305
TD-Clean-4,pre_refit,2024,B0007,572,75.76335089505734,73.880005
TD-Clean-4,pre_refit,2024,B0007,576,75.75439980355237,74.01716
TD-Clean-4,pre_refit,2024,B0007,580,75.49812548326929,73.753716
TD-Clean-4,pre_refit,2024,B0007,584,75.23591897923467,73.92698
TD-Clean-4,pre_refit,2024,B0007,588,75.24924732301496,73.63452
TD-Clean-4,pre_refit,2024,B0007,592,74.94444174506414,73.87962
TD-Clean-4,pre_refit,2024,B0007,596,74.95266425125988,73.70944
TD-Clean-4,pre_refit,2024,B0007,600,74.69643604452878,73.818115
TD-Clean-4,pre_refit,2024,B0007,604,74.7051700493532,73.6536
TD-Clean-4,pre_refit,2024,B0007,608,74.39278959915883,73.89783
TD-Clean-4,pre_refit,2024,B0007,612,75.52591562947222,73.510124
TD-Clean-4,pre_refit,2024,B0007,614,76.09264518290325,73.72604
TD-Clean-4,refit_on_3,2024,B0007,2,100.45351791563915,87.555214
TD-Clean-4,refit_on_3,2024,B0007,4,99.900254379013,94.95859
TD-Clean-4,refit_on_3,2024,B0007,6,99.90161660017114,94.91772
TD-Clean-4,refit_on_3,2024,B0007,8,99.9073657865712,94.666756
TD-Clean-4,refit_on_3,2024,B0007,10,99.83724531860553,94.157776
TD-Clean-4,refit_on_3,2024,B0007,12,99.90361817867274,94.954575
TD-Clean-4,refit_on_3,2024,B0007,14,99.86297576917136,94.59002
TD-Clean-4,refit_on_3,2024,B0007,16,99.94656396119812,95.83373
TD-Clean-4,refit_on_3,2024,B0007,18,99.31878532934633,95.76852
TD-Clean-4,refit_on_3,2024,B0007,20,99.33799331164263,95.22392
TD-Clean-4,refit_on_3,2024,B0007,22,99.33756087304828,94.79865
TD-Clean-4,refit_on_3,2024,B0007,25,98.78551523188162,95.354935
TD-Clean-4,refit_on_3,2024,B0007,27,98.75485184986668,96.82608
TD-Clean-4,refit_on_3,2024,B0007,29,98.75133536665352,94.275696
TD-Clean-4,refit_on_3,2024,B0007,31,98.77012942519043,97.25182
TD-Clean-4,refit_on_3,2024,B0007,33,98.73683812511632,96.24891
TD-Clean-4,refit_on_3,2024,B0007,35,98.15685575226132,96.065575
TD-Clean-4,refit_on_3,2024,B0007,37,98.19446503474695,97.412865
TD-Clean-4,refit_on_3,2024,B0007,39,98.186691403046,96.41539
TD-Clean-4,refit_on_3,2024,B0007,42,99.90787801510066,90.41474
TD-Clean-4,refit_on_3,2024,B0007,46,99.94461695603135,92.28706
TD-Clean-4,refit_on_3,2024,B0007,50,99.92460497901308,94.02929
TD-Clean-4,refit_on_3,2024,B0007,54,99.38880751306714,92.39722
TD-Clean-4,refit_on_3,2024,B0007,58,99.34580918956073,89.56417
TD-Clean-4,refit_on_3,2024,B0007,62,99.37088315432128,93.04973
TD-Clean-4,refit_on_3,2024,B0007,66,98.78342046080256,91.78236
TD-Clean-4,refit_on_3,2024,B0007,70,98.8058078187501,91.52065
TD-Clean-4,refit_on_3,2024,B0007,74,98.75966747373796,90.60719
TD-Clean-4,refit_on_3,2024,B0007,78,98.1739885027512,90.797356
TD-Clean-4,refit_on_3,2024,B0007,82,98.23039625446908,90.61203
TD-Clean-4,refit_on_3,2024,B0007,86,100.05062324611636,88.83811
TD-Clean-4,refit_on_3,2024,B0007,90,98.95386520139344,91.073044
TD-Clean-4,refit_on_3,2024,B0007,94,98.38356039411237,92.735825
TD-Clean-4,refit_on_3,2024,B0007,98,98.11080955264678,94.245224
TD-Clean-4,refit_on_3,2024,B0007,102,97.57312273601715,94.31171
TD-Clean-4,refit_on_3,2024,B0007,106,97.5908400366413,91.09621
TD-Clean-4,refit_on_3,2024,B0007,110,97.29922460125108,91.98527
TD-Clean-4,refit_on_3,2024,B0007,114,96.74012336609094,93.624054
TD-Clean-4,refit_on_3,2024,B0007,118,96.49359124138364,94.33636
TD-Clean-4,refit_on_3,2024,B0007,122,96.22137391342224,93.24749
TD-Clean-4,refit_on_3,2024,B0007,126,96.233276781278,89.48497
TD-Clean-4,refit_on_3,2024,B0007,130,95.93841918044076,88.3094
TD-Clean-4,refit_on_3,2024,B0007,134,96.31819241353496,89.09589
TD-Clean-4,refit_on_3,2024,B0007,136,95.94953719543624,91.93208
TD-Clean-4,refit_on_3,2024,B0007,140,95.3953227427902,93.10912
TD-Clean-4,refit_on_3,2024,B0007,144,94.86699939598208,93.560196
TD-Clean-4,refit_on_3,2024,B0007,148,94.57173479963342,93.043106
TD-Clean-4,refit_on_3,2024,B0007,150,96.41760769059738,72.34077
TD-Clean-4,refit_on_3,2024,B0007,154,96.45090493439226,87.51295
TD-Clean-4,refit_on_3,2024,B0007,158,95.6297003383392,87.75166
TD-Clean-4,refit_on_3,2024,B0007,162,95.10935396520227,87.522095
TD-Clean-4,refit_on_3,2024,B0007,166,94.57259385530976,88.87642
TD-Clean-4,refit_on_3,2024,B0007,170,94.30623404626093,86.86034
TD-Clean-4,refit_on_3,2024,B0007,174,94.0371367595855,84.48428
TD-Clean-4,refit_on_3,2024,B0007,178,93.49626919937222,85.90221
TD-Clean-4,refit_on_3,2024,B0007,182,92.9420388383138,85.04016
TD-Clean-4,refit_on_3,2024,B0007,186,92.94217065781828,85.53735
TD-Clean-4,refit_on_3,2024,B0007,190,92.69668329388116,83.565926
TD-Clean-4,refit_on_3,2024,B0007,194,92.41073633514534,81.76897
TD-Clean-4,refit_on_3,2024,B0007,198,91.82208130681248,81.57124
TD-Clean-4,refit_on_3,2024,B0007,202,91.5743327473832,82.27722
TD-Clean-4,refit_on_3,2024,B0007,206,91.04730118386937,81.96602
TD-Clean-4,refit_on_3,2024,B0007,210,91.04684020750553,81.35785
TD-Clean-4,refit_on_3,2024,B0007,214,90.49873919973382,80.498405
TD-Clean-4,refit_on_3,2024,B0007,216,90.51794914609178,80.89349
TD-Clean-4,refit_on_3,2024,B0007,220,89.96325858213598,80.94304
TD-Clean-4,refit_on_3,2024,B0007,224,89.64911074691454,80.80345
TD-Clean-4,refit_on_3,2024,B0007,228,89.4056438247883,80.378914
TD-Clean-4,refit_on_3,2024,B0007,232,89.13221056506995,80.44705
TD-Clean-4,refit_on_3,2024,B0007,236,88.88142970948275,80.313614
TD-Clean-4,refit_on_3,2024,B0007,240,88.57496163215028,80.16033
TD-Clean-4,refit_on_3,2024,B0007,244,88.30030467403411,80.13283
TD-Clean-4,refit_on_3,2024,B0007,248,88.04309784572763,79.864136
TD-Clean-4,refit_on_3,2024,B0007,252,87.7835715053401,79.671936
TD-Clean-4,refit_on_3,2024,B0007,256,87.5009058762453,79.570625
TD-Clean-4,refit_on_3,2024,B0007,260,86.92700430940862,79.29961
TD-Clean-4,refit_on_3,2024,B0007,264,86.91859800690037,78.99593
TD-Clean-4,refit_on_3,2024,B0007,266,87.17696241036246,79.46092
TD-Clean-4,refit_on_3,2024,B0007,270,86.66971006432802,79.17061
TD-Clean-4,refit_on_3,2024,B0007,274,86.11955257111292,78.34825
TD-Clean-4,refit_on_3,2024,B0007,278,85.86532022039283,78.53599
TD-Clean-4,refit_on_3,2024,B0007,282,85.83324550155743,78.79301
TD-Clean-4,refit_on_3,2024,B0007,286,85.88108948972226,79.555244
TD-Clean-4,refit_on_3,2024,B0007,290,85.56987844007078,79.50069
TD-Clean-4,refit_on_3,2024,B0007,294,85.027771191142,78.63359
TD-Clean-4,refit_on_3,2024,B0007,298,84.77582688520748,77.70052
TD-Clean-4,refit_on_3,2024,B0007,302,84.79178974791847,78.654625
TD-Clean-4,refit_on_3,2024,B0007,306,84.76993385106519,79.06206
TD-Clean-4,refit_on_3,2024,B0007,310,84.49605927424464,78.379074
TD-Clean-4,refit_on_3,2024,B0007,313,89.71090998622898,79.1871
TD-Clean-4,refit_on_3,2024,B0007,316,86.37349719367897,79.21187
TD-Clean-4,refit_on_3,2024,B0007,320,85.82898928627563,79.322815
TD-Clean-4,refit_on_3,2024,B0007,324,85.2934976107533,79.049065
TD-Clean-4,refit_on_3,2024,B0007,328,84.72574724857897,79.06025
TD-Clean-4,refit_on_3,2024,B0007,332,84.48328177752624,78.565735
TD-Clean-4,refit_on_3,2024,B0007,336,84.21457006738538,78.534485
TD-Clean-4,refit_on_3,2024,B0007,340,83.9288888229777,78.718834
TD-Clean-4,refit_on_3,2024,B0007,344,83.67629222648154,78.665115
TD-Clean-4,refit_on_3,2024,B0007,348,83.38837618926404,78.55982
TD-Clean-4,refit_on_3,2024,B0007,352,83.41270816038221,78.87721
TD-Clean-4,refit_on_3,2024,B0007,356,83.14675201444969,77.93963
TD-Clean-4,refit_on_3,2024,B0007,360,82.8484308280049,78.13832
TD-Clean-4,refit_on_3,2024,B0007,364,83.13252526962864,78.27253
TD-Clean-4,refit_on_3,2024,B0007,367,83.66359396289195,78.72096
TD-Clean-4,refit_on_3,2024,B0007,371,83.14841165448959,78.5442
TD-Clean-4,refit_on_3,2024,B0007,375,82.85488835556158,79.062645
TD-Clean-4,refit_on_3,2024,B0007,379,82.33123711829187,77.58297
TD-Clean-4,refit_on_3,2024,B0007,383,82.01142381939957,78.487274
TD-Clean-4,refit_on_3,2024,B0007,387,82.07206587982726,78.19304
TD-Clean-4,refit_on_3,2024,B0007,391,82.0495038543302,78.967186
TD-Clean-4,refit_on_3,2024,B0007,395,81.5031419618624,78.42172
TD-Clean-4,refit_on_3,2024,B0007,399,81.20841503507037,78.05557
TD-Clean-4,refit_on_3,2024,B0007,403,81.21721340553746,78.11481
TD-Clean-4,refit_on_3,2024,B0007,407,81.22601148878292,77.98952
TD-Clean-4,refit_on_3,2024,B0007,411,80.95054391771832,78.064766
TD-Clean-4,refit_on_3,2024,B0007,415,80.67227833994721,77.86371
TD-Clean-4,refit_on_3,2024,B0007,419,80.40565013650571,77.58506
TD-Clean-4,refit_on_3,2024,B0007,423,80.40335490244634,77.783966
TD-Clean-4,refit_on_3,2024,B0007,427,80.42152437300291,77.89865
TD-Clean-4,refit_on_3,2024,B0007,431,81.48461605871495,78.08927
TD-Clean-4,refit_on_3,2024,B0007,433,81.75963969607048,78.71498
TD-Clean-4,refit_on_3,2024,B0007,437,80.93560989493338,77.76091
TD-Clean-4,refit_on_3,2024,B0007,441,80.40209515327608,77.62659
TD-Clean-4,refit_on_3,2024,B0007,445,80.09419697809993,77.316795
TD-Clean-4,refit_on_3,2024,B0007,449,79.85042691616567,77.379776
TD-Clean-4,refit_on_3,2024,B0007,453,79.56495728605914,77.296555
TD-Clean-4,refit_on_3,2024,B0007,457,79.30076147796538,77.30376
TD-Clean-4,refit_on_3,2024,B0007,461,79.2776995197187,77.399734
TD-Clean-4,refit_on_3,2024,B0007,465,79.01573008127421,76.80185
TD-Clean-4,refit_on_3,2024,B0007,469,78.7529099419952,77.17377
TD-Clean-4,refit_on_3,2024,B0007,473,78.76631135529045,77.47043
TD-Clean-4,refit_on_3,2024,B0007,477,78.45734950325969,77.27808
TD-Clean-4,refit_on_3,2024,B0007,481,78.71925319505982,78.15612
TD-Clean-4,refit_on_3,2024,B0007,483,79.58166685963718,77.64331
TD-Clean-4,refit_on_3,2024,B0007,485,78.72860058663869,77.48042
TD-Clean-4,refit_on_3,2024,B0007,489,78.46501751785956,76.93835
TD-Clean-4,refit_on_3,2024,B0007,493,78.19738333514631,76.94302
TD-Clean-4,refit_on_3,2024,B0007,497,78.20645287101384,77.5851
TD-Clean-4,refit_on_3,2024,B0007,501,77.92824275772597,77.40453
TD-Clean-4,refit_on_3,2024,B0007,505,77.6497101362114,77.00838
TD-Clean-4,refit_on_3,2024,B0007,509,77.38028422735451,76.59729
TD-Clean-4,refit_on_3,2024,B0007,513,77.09660547904922,77.34777
TD-Clean-4,refit_on_3,2024,B0007,517,77.11046744203753,77.75487
TD-Clean-4,refit_on_3,2024,B0007,521,76.85550035450103,77.311584
TD-Clean-4,refit_on_3,2024,B0007,525,76.85236240084764,76.55501
TD-Clean-4,refit_on_3,2024,B0007,529,76.56671722215358,76.92571
TD-Clean-4,refit_on_3,2024,B0007,533,76.29399038621672,77.46193
TD-Clean-4,refit_on_3,2024,B0007,537,76.32425788720361,77.80486
TD-Clean-4,refit_on_3,2024,B0007,541,76.29658741049414,76.847694
TD-Clean-4,refit_on_3,2024,B0007,545,76.59209728582513,76.45395
TD-Clean-4,refit_on_3,2024,B0007,548,77.93863743061358,77.873566
TD-Clean-4,refit_on_3,2024,B0007,552,77.12364718084329,77.025604
TD-Clean-4,refit_on_3,2024,B0007,556,76.8725967441492,77.01883
TD-Clean-4,refit_on_3,2024,B0007,560,76.58854113704766,76.97318
TD-Clean-4,refit_on_3,2024,B0007,564,76.04885672654179,77.18455
TD-Clean-4,refit_on_3,2024,B0007,568,76.05828438472663,77.113594
TD-Clean-4,refit_on_3,2024,B0007,572,75.76335089505734,77.10099
TD-Clean-4,refit_on_3,2024,B0007,576,75.75439980355237,77.35814
TD-Clean-4,refit_on_3,2024,B0007,580,75.49812548326929,77.341606
TD-Clean-4,refit_on_3,2024,B0007,584,75.23591897923467,77.30139
TD-Clean-4,refit_on_3,2024,B0007,588,75.24924732301496,77.01051
TD-Clean-4,refit_on_3,2024,B0007,592,74.94444174506414,77.45871
TD-Clean-4,refit_on_3,2024,B0007,596,74.95266425125988,77.14109
TD-Clean-4,refit_on_3,2024,B0007,600,74.69643604452878,77.22155
TD-Clean-4,refit_on_3,2024,B0007,604,74.7051700493532,77.22667
TD-Clean-4,refit_on_3,2024,B0007,608,74.39278959915883,77.580986
TD-Clean-4,refit_on_3,2024,B0007,612,75.52591562947222,77.31467
TD-Clean-4,refit_on_3,2024,B0007,614,76.09264518290325,78.212616
TD-Clean-4,pre_refit,2024,B0018,3,100.8025811041783,86.8553
TD-Clean-4,pre_refit,2024,B0018,7,100.16087022619236,87.851074
TD-Clean-4,pre_refit,2024,B0018,11,99.96558598273582,93.9931
TD-Clean-4,pre_refit,2024,B0018,15,99.48041766162956,97.4339
TD-Clean-4,pre_refit,2024,B0018,18,99.59054502526398,86.73231
TD-Clean-4,pre_refit,2024,B0018,20,99.36387169185286,89.97714
TD-Clean-4,pre_refit,2024,B0018,22,98.96567828327716,93.32839
TD-Clean-4,pre_refit,2024,B0018,24,98.63793870309058,95.52304
TD-Clean-4,pre_refit,2024,B0018,27,98.04714689052696,96.63301
TD-Clean-4,pre_refit,2024,B0018,30,99.06887382997856,94.120056
TD-Clean-4,pre_refit,2024,B0018,32,98.47248926951052,93.471115
TD-Clean-4,pre_refit,2024,B0018,34,98.068534707018,95.55874
TD-Clean-4,pre_refit,2024,B0018,36,97.31606084566693,98.67436
TD-Clean-4,pre_refit,2024,B0018,39,96.91537145663308,101.025635
TD-Clean-4,pre_refit,2024,B0018,42,96.77777434993364,97.0599
TD-Clean-4,pre_refit,2024,B0018,44,96.24906078283864,93.4769
TD-Clean-4,pre_refit,2024,B0018,46,96.10893521170082,93.71983
TD-Clean-4,pre_refit,2024,B0018,48,95.29382636269746,97.08275
TD-Clean-4,pre_refit,2024,B0018,51,94.89112029628322,100.77997
TD-Clean-4,pre_refit,2024,B0018,54,94.42623362260446,102.625565
TD-Clean-4,pre_refit,2024,B0018,56,94.09214261326034,103.85635
TD-Clean-4,pre_refit,2024,B0018,58,92.84655809058668,103.147385
TD-Clean-4,pre_refit,2024,B0018,60,93.00278636580364,102.7189
TD-Clean-4,pre_refit,2024,B0018,63,92.78717154289568,103.64167
TD-Clean-4,pre_refit,2024,B0018,66,95.05514633441328,103.36041
TD-Clean-4,pre_refit,2024,B0018,68,94.16023397654948,96.6398
TD-Clean-4,pre_refit,2024,B0018,70,93.58756901230694,94.29916
TD-Clean-4,pre_refit,2024,B0018,72,93.02323711734508,94.81042
TD-Clean-4,pre_refit,2024,B0018,75,92.33971230163448,96.1868
TD-Clean-4,pre_refit,2024,B0018,78,92.05544475967478,96.1021
TD-Clean-4,pre_refit,2024,B0018,80,91.39607597710202,96.78067
TD-Clean-4,pre_refit,2024,B0018,82,91.12841202900309,94.04823
TD-Clean-4,pre_refit,2024,B0018,84,90.50598444143154,93.08275
TD-Clean-4,pre_refit,2024,B0018,87,90.05329919062662,95.23605
TD-Clean-4,pre_refit,2024,B0018,90,89.56595375021743,94.95681
TD-Clean-4,pre_refit,2024,B0018,92,89.05221474379236,96.74945
TD-Clean-4,pre_refit,2024,B0018,94,88.4478648526792,97.40614
TD-Clean-4,pre_refit,2024,B0018,96,88.14926233550939,94.17379
TD-Clean-4,pre_refit,2024,B0018,99,87.70654438914323,93.86329
TD-Clean-4,pre_refit,2024,B0018,102,91.07812245566797,97.08346
TD-Clean-4,pre_refit,2024,B0018,104,89.62445100410937,97.48735
TD-Clean-4,pre_refit,2024,B0018,106,88.70513095013024,98.41483
TD-Clean-4,pre_refit,2024,B0018,108,87.83746900859978,99.57866
TD-Clean-4,pre_refit,2024,B0018,111,87.53788044222665,101.36934
TD-Clean-4,pre_refit,2024,B0018,114,86.69891328476463,100.991875
TD-Clean-4,pre_refit,2024,B0018,117,93.83080462693712,99.64184
TD-Clean-4,pre_refit,2024,B0018,119,93.27978546012802,99.49373
TD-Clean-4,pre_refit,2024,B0018,121,92.1525471966999,100.11212
TD-Clean-4,pre_refit,2024,B0018,123,91.17195305362098,100.171936
TD-Clean-4,pre_refit,2024,B0018,125,90.2416573040256,100.59867
TD-Clean-4,pre_refit,2024,B0018,128,90.55423897233052,93.88141
TD-Clean-4,pre_refit,2024,B0018,130,89.49039068452917,95.73187
TD-Clean-4,pre_refit,2024,B0018,132,88.3454487099843,98.08188
TD-Clean-4,pre_refit,2024,B0018,134,87.60607299731777,99.065475
TD-Clean-4,pre_refit,2024,B0018,136,87.25714700042141,98.42621
TD-Clean-4,pre_refit,2024,B0018,141,90.9473619616094,97.334885
TD-Clean-4,pre_refit,2024,B0018,143,89.1426764135498,96.87474
TD-Clean-4,pre_refit,2024,B0018,145,87.66626044455795,96.6298
TD-Clean-4,pre_refit,2024,B0018,147,86.51592379470374,97.10455
TD-Clean-4,pre_refit,2024,B0018,150,86.21730704320841,98.21611
TD-Clean-4,pre_refit,2024,B0018,153,85.8627581657356,96.709694
TD-Clean-4,pre_refit,2024,B0018,155,84.99855590440428,96.304375
TD-Clean-4,pre_refit,2024,B0018,157,84.53366840480606,96.90091
TD-Clean-4,pre_refit,2024,B0018,159,83.69607194854545,96.5336
TD-Clean-4,pre_refit,2024,B0018,162,83.25899594193369,97.10707
TD-Clean-4,pre_refit,2024,B0018,165,83.22975722050174,95.91975
TD-Clean-4,pre_refit,2024,B0018,167,82.72092847997168,98.36659
TD-Clean-4,pre_refit,2024,B0018,169,81.86598978006339,97.53246
TD-Clean-4,pre_refit,2024,B0018,171,81.58859278240016,97.48372
TD-Clean-4,pre_refit,2024,B0018,174,81.31316363799587,97.45593
TD-Clean-4,pre_refit,2024,B0018,177,83.32773163808899,94.86272
TD-Clean-4,pre_refit,2024,B0018,179,82.80709531820148,94.392845
TD-Clean-4,pre_refit,2024,B0018,181,81.57610219236552,93.92108
TD-Clean-4,pre_refit,2024,B0018,183,81.09929204028072,94.58177
TD-Clean-4,pre_refit,2024,B0018,185,80.60512587063184,96.14392
TD-Clean-4,pre_refit,2024,B0018,188,80.4645909654616,94.22468
TD-Clean-4,pre_refit,2024,B0018,190,80.07171192098461,95.1402
TD-Clean-4,pre_refit,2024,B0018,192,79.77346222448996,92.653076
TD-Clean-4,pre_refit,2024,B0018,194,79.23402412051846,93.818794
TD-Clean-4,pre_refit,2024,B0018,197,78.6783203089025,95.25937
TD-Clean-4,pre_refit,2024,B0018,200,78.94539372549075,95.44327
TD-Clean-4,pre_refit,2024,B0018,202,78.38865828037459,95.79524
TD-Clean-4,pre_refit,2024,B0018,204,78.21127069246836,93.6033
TD-Clean-4,pre_refit,2024,B0018,206,77.6339684068403,92.32739
TD-Clean-4,pre_refit,2024,B0018,209,77.43046760934243,94.0246
TD-Clean-4,pre_refit,2024,B0018,212,79.8708545166814,92.12984
TD-Clean-4,pre_refit,2024,B0018,214,78.93458463676515,93.31021
TD-Clean-4,pre_refit,2024,B0018,216,78.40488242765085,95.47693
TD-Clean-4,pre_refit,2024,B0018,218,77.61921434771055,95.393425
TD-Clean-4,pre_refit,2024,B0018,220,76.9170609064971,98.304245
TD-Clean-4,pre_refit,2024,B0018,223,79.04297866359087,91.083534
TD-Clean-4,pre_refit,2024,B0018,225,77.61605692618127,92.19698
TD-Clean-4,pre_refit,2024,B0018,227,77.14789574863566,91.31387
TD-Clean-4,pre_refit,2024,B0018,229,76.92281444261894,91.012535
TD-Clean-4,pre_refit,2024,B0018,232,76.3858924270674,92.14771
TD-Clean-4,pre_refit,2024,B0018,235,76.53620320177981,90.383896
TD-Clean-4,pre_refit,2024,B0018,237,75.9063201738239,91.57185
TD-Clean-4,pre_refit,2024,B0018,239,75.72766142150313,92.12326
TD-Clean-4,pre_refit,2024,B0018,241,75.49928800503805,91.39028
TD-Clean-4,pre_refit,2024,B0018,244,74.9124451895705,91.112076
TD-Clean-4,pre_refit,2024,B0018,247,75.25674730493446,90.67762
TD-Clean-4,pre_refit,2024,B0018,249,74.46467849076038,91.22253
TD-Clean-4,pre_refit,2024,B0018,251,74.62885626516028,90.77348
TD-Clean-4,pre_refit,2024,B0018,253,74.33553994642665,90.398155
TD-Clean-4,pre_refit,2024,B0018,256,73.72504079935909,90.216934
TD-Clean-4,pre_refit,2024,B0018,259,79.36110924975578,99.18211
TD-Clean-4,pre_refit,2024,B0018,261,78.799706688891,94.67042
TD-Clean-4,pre_refit,2024,B0018,263,78.14983302548104,92.72529
TD-Clean-4,pre_refit,2024,B0018,265,77.61878718971624,93.92236
TD-Clean-4,pre_refit,2024,B0018,267,76.88079746021991,95.40753
TD-Clean-4,pre_refit,2024,B0018,270,76.8319836786595,94.75985
TD-Clean-4,pre_refit,2024,B0018,272,76.01926160635412,95.00943
TD-Clean-4,pre_refit,2024,B0018,274,75.82358510102308,91.16965
TD-Clean-4,pre_refit,2024,B0018,276,75.53633219814198,88.46085
TD-Clean-4,pre_refit,2024,B0018,279,75.31793705780649,90.58045
TD-Clean-4,pre_refit,2024,B0018,282,75.43684114368729,90.91563
TD-Clean-4,pre_refit,2024,B0018,284,74.7829788363973,94.09889
TD-Clean-4,pre_refit,2024,B0018,286,74.15991898288928,94.618645
TD-Clean-4,pre_refit,2024,B0018,288,73.84846878839457,95.22482
TD-Clean-4,pre_refit,2024,B0018,291,73.15537271331122,97.17832
TD-Clean-4,pre_refit,2024,B0018,294,77.53589472577204,98.51686
TD-Clean-4,pre_refit,2024,B0018,296,76.42763235972666,95.50457
TD-Clean-4,pre_refit,2024,B0018,298,75.72351586777258,94.049614
TD-Clean-4,pre_refit,2024,B0018,300,75.4386936803776,95.350365
TD-Clean-4,pre_refit,2024,B0018,302,74.45721490205536,95.61928
TD-Clean-4,pre_refit,2024,B0018,305,74.97385174402893,94.02253
TD-Clean-4,pre_refit,2024,B0018,307,74.3741167471391,92.11228
TD-Clean-4,pre_refit,2024,B0018,309,74.05233968989694,88.66968
TD-Clean-4,pre_refit,2024,B0018,311,74.08863589293038,89.29369
TD-Clean-4,pre_refit,2024,B0018,314,73.46151441244959,90.465454
TD-Clean-4,pre_refit,2024,B0018,317,73.62086195282473,89.267914
TD-Clean-4,pre_refit,2024,B0018,319,72.87391760769836,93.098305
TD-Clean-4,refit_on_3,2024,B0018,3,100.8025811041783,90.37694
TD-Clean-4,refit_on_3,2024,B0018,7,100.16087022619236,90.80487
TD-Clean-4,refit_on_3,2024,B0018,11,99.96558598273582,96.21128
TD-Clean-4,refit_on_3,2024,B0018,15,99.48041766162956,99.30621
TD-Clean-4,refit_on_3,2024,B0018,18,99.59054502526398,89.512115
TD-Clean-4,refit_on_3,2024,B0018,20,99.36387169185286,93.137344
TD-Clean-4,refit_on_3,2024,B0018,22,98.96567828327716,94.69818
TD-Clean-4,refit_on_3,2024,B0018,24,98.63793870309058,96.37948
TD-Clean-4,refit_on_3,2024,B0018,27,98.04714689052696,97.433655
TD-Clean-4,refit_on_3,2024,B0018,30,99.06887382997856,95.4264
TD-Clean-4,refit_on_3,2024,B0018,32,98.47248926951052,96.18977
TD-Clean-4,refit_on_3,2024,B0018,34,98.068534707018,95.931145
TD-Clean-4,refit_on_3,2024,B0018,36,97.31606084566693,97.59656
TD-Clean-4,refit_on_3,2024,B0018,39,96.91537145663308,99.36841
TD-Clean-4,refit_on_3,2024,B0018,42,96.77777434993364,97.71654
TD-Clean-4,refit_on_3,2024,B0018,44,96.24906078283864,95.87675
TD-Clean-4,refit_on_3,2024,B0018,46,96.10893521170082,95.28622
TD-Clean-4,refit_on_3,2024,B0018,48,95.29382636269746,96.56435
TD-Clean-4,refit_on_3,2024,B0018,51,94.89112029628322,98.435745
TD-Clean-4,refit_on_3,2024,B0018,54,94.42623362260446,102.51628
TD-Clean-4,refit_on_3,2024,B0018,56,94.09214261326034,101.97408
TD-Clean-4,refit_on_3,2024,B0018,58,92.84655809058668,100.55458
TD-Clean-4,refit_on_3,2024,B0018,60,93.00278636580364,101.85863
TD-Clean-4,refit_on_3,2024,B0018,63,92.78717154289568,101.96972
TD-Clean-4,refit_on_3,2024,B0018,66,95.05514633441328,102.6165
TD-Clean-4,refit_on_3,2024,B0018,68,94.16023397654948,98.518654
TD-Clean-4,refit_on_3,2024,B0018,70,93.58756901230694,96.8124
TD-Clean-4,refit_on_3,2024,B0018,72,93.02323711734508,96.10222
TD-Clean-4,refit_on_3,2024,B0018,75,92.33971230163448,96.63236
TD-Clean-4,refit_on_3,2024,B0018,78,92.05544475967478,97.75744
TD-Clean-4,refit_on_3,2024,B0018,80,91.39607597710202,98.490974
TD-Clean-4,refit_on_3,2024,B0018,82,91.12841202900309,96.2407
TD-Clean-4,refit_on_3,2024,B0018,84,90.50598444143154,95.55327
TD-Clean-4,refit_on_3,2024,B0018,87,90.05329919062662,96.304596
TD-Clean-4,refit_on_3,2024,B0018,90,89.56595375021743,96.44921
TD-Clean-4,refit_on_3,2024,B0018,92,89.05221474379236,98.20032
TD-Clean-4,refit_on_3,2024,B0018,94,88.4478648526792,99.17974
TD-Clean-4,refit_on_3,2024,B0018,96,88.14926233550939,96.01822
TD-Clean-4,refit_on_3,2024,B0018,99,87.70654438914323,96.0543
TD-Clean-4,refit_on_3,2024,B0018,102,91.07812245566797,97.049675
TD-Clean-4,refit_on_3,2024,B0018,104,89.62445100410937,98.22895
TD-Clean-4,refit_on_3,2024,B0018,106,88.70513095013024,98.555626
TD-Clean-4,refit_on_3,2024,B0018,108,87.83746900859978,99.62386
TD-Clean-4,refit_on_3,2024,B0018,111,87.53788044222665,100.94567
TD-Clean-4,refit_on_3,2024,B0018,114,86.69891328476463,100.617714
TD-Clean-4,refit_on_3,2024,B0018,117,93.83080462693712,98.79597
TD-Clean-4,refit_on_3,2024,B0018,119,93.27978546012802,97.96588
TD-Clean-4,refit_on_3,2024,B0018,121,92.1525471966999,98.55402
TD-Clean-4,refit_on_3,2024,B0018,123,91.17195305362098,98.82864
TD-Clean-4,refit_on_3,2024,B0018,125,90.2416573040256,99.46824
TD-Clean-4,refit_on_3,2024,B0018,128,90.55423897233052,95.12823
TD-Clean-4,refit_on_3,2024,B0018,130,89.49039068452917,96.16988
TD-Clean-4,refit_on_3,2024,B0018,132,88.3454487099843,95.89313
TD-Clean-4,refit_on_3,2024,B0018,134,87.60607299731777,96.69682
TD-Clean-4,refit_on_3,2024,B0018,136,87.25714700042141,98.8425
TD-Clean-4,refit_on_3,2024,B0018,141,90.9473619616094,96.975746
TD-Clean-4,refit_on_3,2024,B0018,143,89.1426764135498,97.06211
TD-Clean-4,refit_on_3,2024,B0018,145,87.66626044455795,96.70688
TD-Clean-4,refit_on_3,2024,B0018,147,86.51592379470374,97.23726
TD-Clean-4,refit_on_3,2024,B0018,150,86.21730704320841,97.876724
TD-Clean-4,refit_on_3,2024,B0018,153,85.8627581657356,97.72248
TD-Clean-4,refit_on_3,2024,B0018,155,84.99855590440428,97.90671
TD-Clean-4,refit_on_3,2024,B0018,157,84.53366840480606,97.97776
TD-Clean-4,refit_on_3,2024,B0018,159,83.69607194854545,98.02027
TD-Clean-4,refit_on_3,2024,B0018,162,83.25899594193369,98.21497
TD-Clean-4,refit_on_3,2024,B0018,165,83.22975722050174,96.62842
TD-Clean-4,refit_on_3,2024,B0018,167,82.72092847997168,99.245514
TD-Clean-4,refit_on_3,2024,B0018,169,81.86598978006339,98.84393
TD-Clean-4,refit_on_3,2024,B0018,171,81.58859278240016,98.761406
TD-Clean-4,refit_on_3,2024,B0018,174,81.31316363799587,98.67078
TD-Clean-4,refit_on_3,2024,B0018,177,83.32773163808899,94.83849
TD-Clean-4,refit_on_3,2024,B0018,179,82.80709531820148,95.99469
TD-Clean-4,refit_on_3,2024,B0018,181,81.57610219236552,95.4013
TD-Clean-4,refit_on_3,2024,B0018,183,81.09929204028072,96.082405
TD-Clean-4,refit_on_3,2024,B0018,185,80.60512587063184,97.502144
TD-Clean-4,refit_on_3,2024,B0018,188,80.4645909654616,94.67225
TD-Clean-4,refit_on_3,2024,B0018,190,80.07171192098461,96.50511
TD-Clean-4,refit_on_3,2024,B0018,192,79.77346222448996,93.80272
TD-Clean-4,refit_on_3,2024,B0018,194,79.23402412051846,95.09387
TD-Clean-4,refit_on_3,2024,B0018,197,78.6783203089025,96.471954
TD-Clean-4,refit_on_3,2024,B0018,200,78.94539372549075,95.39607
TD-Clean-4,refit_on_3,2024,B0018,202,78.38865828037459,96.82528
TD-Clean-4,refit_on_3,2024,B0018,204,78.21127069246836,94.69822
TD-Clean-4,refit_on_3,2024,B0018,206,77.6339684068403,93.547005
TD-Clean-4,refit_on_3,2024,B0018,209,77.43046760934243,95.50209
TD-Clean-4,refit_on_3,2024,B0018,212,79.8708545166814,92.04724
TD-Clean-4,refit_on_3,2024,B0018,214,78.93458463676515,94.34282
TD-Clean-4,refit_on_3,2024,B0018,216,78.40488242765085,96.67236
TD-Clean-4,refit_on_3,2024,B0018,218,77.61921434771055,96.159515
TD-Clean-4,refit_on_3,2024,B0018,220,76.9170609064971,99.43898
TD-Clean-4,refit_on_3,2024,B0018,223,79.04297866359087,91.13551
TD-Clean-4,refit_on_3,2024,B0018,225,77.61605692618127,93.22021
TD-Clean-4,refit_on_3,2024,B0018,227,77.14789574863566,92.37492
TD-Clean-4,refit_on_3,2024,B0018,229,76.92281444261894,92.103966
TD-Clean-4,refit_on_3,2024,B0018,232,76.3858924270674,93.14824
TD-Clean-4,refit_on_3,2024,B0018,235,76.53620320177981,90.4359
TD-Clean-4,refit_on_3,2024,B0018,237,75.9063201738239,92.41398
TD-Clean-4,refit_on_3,2024,B0018,239,75.72766142150313,93.26074
TD-Clean-4,refit_on_3,2024,B0018,241,75.49928800503805,92.58134
TD-Clean-4,refit_on_3,2024,B0018,244,74.9124451895705,92.1458
TD-Clean-4,refit_on_3,2024,B0018,247,75.25674730493446,91.06111
TD-Clean-4,refit_on_3,2024,B0018,249,74.46467849076038,92.05691
TD-Clean-4,refit_on_3,2024,B0018,251,74.62885626516028,91.804855
TD-Clean-4,refit_on_3,2024,B0018,253,74.33553994642665,91.46254
TD-Clean-4,refit_on_3,2024,B0018,256,73.72504079935909,91.27817
TD-Clean-4,refit_on_3,2024,B0018,259,79.36110924975578,97.71364
TD-Clean-4,refit_on_3,2024,B0018,261,78.799706688891,95.31229
TD-Clean-4,refit_on_3,2024,B0018,263,78.14983302548104,93.883835
TD-Clean-4,refit_on_3,2024,B0018,265,77.61878718971624,95.084305
TD-Clean-4,refit_on_3,2024,B0018,267,76.88079746021991,96.5153
TD-Clean-4,refit_on_3,2024,B0018,270,76.8319836786595,94.835625
TD-Clean-4,refit_on_3,2024,B0018,272,76.01926160635412,95.9005
TD-Clean-4,refit_on_3,2024,B0018,274,75.82358510102308,91.9152
TD-Clean-4,refit_on_3,2024,B0018,276,75.53633219814198,90.20649
TD-Clean-4,refit_on_3,2024,B0018,279,75.31793705780649,92.4889
TD-Clean-4,refit_on_3,2024,B0018,282,75.43684114368729,90.89302
TD-Clean-4,refit_on_3,2024,B0018,284,74.7829788363973,94.936005
TD-Clean-4,refit_on_3,2024,B0018,286,74.15991898288928,95.105965
TD-Clean-4,refit_on_3,2024,B0018,288,73.84846878839457,95.62652
TD-Clean-4,refit_on_3,2024,B0018,291,73.15537271331122,97.68704
TD-Clean-4,refit_on_3,2024,B0018,294,77.53589472577204,96.987465
TD-Clean-4,refit_on_3,2024,B0018,296,76.42763235972666,96.122284
TD-Clean-4,refit_on_3,2024,B0018,298,75.72351586777258,94.64958
TD-Clean-4,refit_on_3,2024,B0018,300,75.4386936803776,96.27656
TD-Clean-4,refit_on_3,2024,B0018,302,74.45721490205536,96.38623
TD-Clean-4,refit_on_3,2024,B0018,305,74.97385174402893,93.91391
TD-Clean-4,refit_on_3,2024,B0018,307,74.3741167471391,92.46029
TD-Clean-4,refit_on_3,2024,B0018,309,74.05233968989694,89.59949
TD-Clean-4,refit_on_3,2024,B0018,311,74.08863589293038,91.20643
TD-Clean-4,refit_on_3,2024,B0018,314,73.46151441244959,92.37405
TD-Clean-4,refit_on_3,2024,B0018,317,73.62086195282473,89.14627
TD-Clean-4,refit_on_3,2024,B0018,319,72.87391760769836,93.84117
TD-Clean-4,pre_refit,11,B0005,2,100.80760884947765,110.23856
TD-Clean-4,pre_refit,11,B0005,4,100.25590968770103,109.960846
TD-Clean-4,pre_refit,11,B0005,6,99.65979925247206,110.92128
TD-Clean-4,pre_refit,11,B0005,8,99.65509323788856,108.821655
TD-Clean-4,pre_refit,11,B0005,10,99.6215889724607,107.33969
TD-Clean-4,pre_refit,11,B0005,12,99.67676620535396,107.29786
TD-Clean-4,pre_refit,11,B0005,14,99.64877352944652,106.51481
TD-Clean-4,pre_refit,11,B0005,16,99.13892996732449,108.392235
TD-Clean-4,pre_refit,11,B0005,18,99.08555627584838,106.36532
TD-Clean-4,pre_refit,11,B0005,20,99.0768365083485,105.120224
TD-Clean-4,pre_refit,11,B0005,22,99.07717774099622,102.92535
TD-Clean-4,pre_refit,11,B0005,25,98.5114992237362,105.6057
TD-Clean-4,pre_refit,11,B0005,27,98.4870761948254,104.0357
TD-Clean-4,pre_refit,11,B0005,29,98.47015265835132,102.19667
TD-Clean-4,pre_refit,11,B0005,31,97.88140357167902,105.240845
TD-Clean-4,pre_refit,11,B0005,33,97.85473656745688,103.450874
TD-Clean-4,pre_refit,11,B0005,35,97.88039886599036,102.01848
TD-Clean-4,pre_refit,11,B0005,37,97.9069415267384,100.388695
TD-Clean-4,pre_refit,11,B0005,39,97.89115702988882,99.60916
TD-Clean-4,pre_refit,11,B0005,42,100.29385168145046,107.91582
TD-Clean-4,pre_refit,11,B0005,46,100.31510023136114,106.13271
TD-Clean-4,pre_refit,11,B0005,50,99.70477213786135,106.475174
TD-Clean-4,pre_refit,11,B0005,54,99.1402308374376,107.0355
TD-Clean-4,pre_refit,11,B0005,58,99.10400696359169,105.41581
TD-Clean-4,pre_refit,11,B0005,62,99.12941188644592,102.39528
TD-Clean-4,pre_refit,11,B0005,66,98.50222430381568,105.33482
TD-Clean-4,pre_refit,11,B0005,70,98.5423014565286,101.982544
TD-Clean-4,pre_refit,11,B0005,74,98.49887187571204,100.82484
TD-Clean-4,pre_refit,11,B0005,78,97.89050762402466,104.47599
TD-Clean-4,pre_refit,11,B0005,82,97.96171552529285,101.665794
TD-Clean-4,pre_refit,11,B0005,86,100.55321959197046,104.176094
TD-Clean-4,pre_refit,11,B0005,90,99.4075559707276,102.35608
TD-Clean-4,pre_refit,11,B0005,94,98.82112827769676,101.346245
TD-Clean-4,pre_refit,11,B0005,98,98.2457556393358,100.52893
TD-Clean-4,pre_refit,11,B0005,102,97.99065016377766,99.082886
TD-Clean-4,pre_refit,11,B0005,106,97.7065060215613,101.749435
TD-Clean-4,pre_refit,11,B0005,110,97.11279694879056,101.077095
TD-Clean-4,pre_refit,11,B0005,114,96.81304988059888,99.53949
TD-Clean-4,pre_refit,11,B0005,118,96.27605729788222,99.86853
TD-Clean-4,pre_refit,11,B0005,122,96.2762766313732,99.04429
TD-Clean-4,pre_refit,11,B0005,126,95.99578118843372,101.63797
TD-Clean-4,pre_refit,11,B0005,130,95.69403287907456,101.44424
TD-Clean-4,pre_refit,11,B0005,134,95.98194451474556,98.97949
TD-Clean-4,pre_refit,11,B0005,136,95.71321655496544,99.58293
TD-Clean-4,pre_refit,11,B0005,140,95.11928805425076,98.27298
TD-Clean-4,pre_refit,11,B0005,144,94.58275432725988,98.33124
TD-Clean-4,pre_refit,11,B0005,148,94.27008009570102,97.74106
TD-Clean-4,pre_refit,11,B0005,150,97.39411432859931,110.21984
TD-Clean-4,pre_refit,11,B0005,154,96.82749231246368,104.05583
TD-Clean-4,pre_refit,11,B0005,158,95.96820195991576,101.32209
TD-Clean-4,pre_refit,11,B0005,162,95.40638930769452,99.37295
TD-Clean-4,pre_refit,11,B0005,166,94.8553962680492,99.16041
TD-Clean-4,pre_refit,11,B0005,170,94.5755674779542,98.3489
TD-Clean-4,pre_refit,11,B0005,174,94.28806184403476,99.687416
TD-Clean-4,pre_refit,11,B0005,178,93.73958753620327,98.69006
TD-Clean-4,pre_refit,11,B0005,182,93.16861105469168,99.12935
TD-Clean-4,pre_refit,11,B0005,186,92.88227598613614,98.24042
TD-Clean-4,pre_refit,11,B0005,190,92.636901518198,99.37092
TD-Clean-4,pre_refit,11,B0005,194,92.32720191735562,99.89895
TD-Clean-4,pre_refit,11,B0005,198,92.01599848919145,98.80118
TD-Clean-4,pre_refit,11,B0005,202,91.49053823956656,98.65603
TD-Clean-4,pre_refit,11,B0005,206,90.92425521866993,99.63797
TD-Clean-4,pre_refit,11,B0005,210,90.92941856192826,98.89276
TD-Clean-4,pre_refit,11,B0005,214,90.34010561326173,98.7418
TD-Clean-4,pre_refit,11,B0005,216,90.0847586044663,100.40765
TD-Clean-4,pre_refit,11,B0005,220,89.80457989439137,98.60639
TD-Clean-4,pre_refit,11,B0005,224,89.19640288815545,99.75908
TD-Clean-4,pre_refit,11,B0005,228,88.93598251136243,98.860405
TD-Clean-4,pre_refit,11,B0005,232,88.65781340235759,99.51671
TD-Clean-4,pre_refit,11,B0005,236,88.38728178562198,98.63808
TD-Clean-4,pre_refit,11,B0005,240,88.08171260170519,98.12969
TD-Clean-4,pre_refit,11,B0005,244,87.49528010741024,100.539764
TD-Clean-4,pre_refit,11,B0005,248,87.2366743602368,99.619385
TD-Clean-4,pre_refit,11,B0005,252,86.96251727221627,98.62136
TD-Clean-4,pre_refit,11,B0005,256,86.35734215456989,100.20667
TD-Clean-4,pre_refit,11,B0005,260,86.10863457357058,99.69255
TD-Clean-4,pre_refit,11,B0005,264,86.06270063126725,98.56883
TD-Clean-4,pre_refit,11,B0005,266,86.63737677555004,99.75277
TD-Clean-4,pre_refit,11,B0005,270,85.50813849993258,98.961876
TD-Clean-4,pre_refit,11,B0005,274,84.97446653296429,98.95357
TD-Clean-4,pre_refit,11,B0005,278,84.69557819389517,99.743454
TD-Clean-4,pre_refit,11,B0005,282,84.68013627936132,100.333664
TD-Clean-4,pre_refit,11,B0005,286,84.41991821853574,100.55737
TD-Clean-4,pre_refit,11,B0005,290,84.10414931140878,100.045166
TD-Clean-4,pre_refit,11,B0005,294,83.52653061113354,99.70811
TD-Clean-4,pre_refit,11,B0005,298,82.96602561057489,100.32788
TD-Clean-4,pre_refit,11,B0005,302,82.99920327964658,100.47897
TD-Clean-4,pre_refit,11,B0005,306,82.68003018050378,102.950195
TD-Clean-4,pre_refit,11,B0005,310,82.39976893302816,102.777855
TD-Clean-4,pre_refit,11,B0005,313,87.19626195760692,100.2072
TD-Clean-4,pre_refit,11,B0005,316,84.91729656129593,99.77927
TD-Clean-4,pre_refit,11,B0005,320,84.06165489885902,100.09407
TD-Clean-4,pre_refit,11,B0005,324,83.2082752902044,102.43952
TD-Clean-4,pre_refit,11,B0005,328,82.91381970838151,100.21395
TD-Clean-4,pre_refit,11,B0005,332,82.37106085271179,101.545616
TD-Clean-4,pre_refit,11,B0005,336,82.09631790141844,101.218414
TD-Clean-4,pre_refit,11,B0005,340,81.80669701206385,101.91327
TD-Clean-4,pre_refit,11,B0005,344,81.53418918115372,101.24502
TD-Clean-4,pre_refit,11,B0005,348,80.95312575426658,103.58707
TD-Clean-4,pre_refit,11,B0005,352,80.6829269258604,104.371346
TD-Clean-4,pre_refit,11,B0005,356,80.38673535372676,104.00186
TD-Clean-4,pre_refit,11,B0005,360,80.10415225005684,103.71508
TD-Clean-4,pre_refit,11,B0005,364,80.68483906716317,102.12476
TD-Clean-4,pre_refit,11,B0005,367,81.23806188586506,103.270454
TD-Clean-4,pre_refit,11,B0005,371,80.40774500270479,102.66522
TD-Clean-4,pre_refit,11,B0005,375,79.80793062432481,103.67496
TD-Clean-4,pre_refit,11,B0005,379,78.94710440938543,102.82648
TD-Clean-4,pre_refit,11,B0005,383,78.96040682717852,105.44882
TD-Clean-4,pre_refit,11,B0005,387,79.00805769223405,103.84122
TD-Clean-4,pre_refit,11,B0005,391,78.68325635434054,105.01247
TD-Clean-4,pre_refit,11,B0005,395,78.12009683923326,106.35014
TD-Clean-4,pre_refit,11,B0005,399,77.83635095586517,106.08031
TD-Clean-4,pre_refit,11,B0005,403,77.83366081216815,105.46726
TD-Clean-4,pre_refit,11,B0005,407,77.54418562704669,107.86003
TD-Clean-4,pre_refit,11,B0005,411,77.26483532824366,107.143456
TD-Clean-4,pre_refit,11,B0005,415,76.96665751739931,106.26672
TD-Clean-4,pre_refit,11,B0005,419,76.69408123915822,105.84621
TD-Clean-4,pre_refit,11,B0005,423,76.7032886034996,105.728165
TD-Clean-4,pre_refit,11,B0005,427,76.43285089151239,108.64986
TD-Clean-4,pre_refit,11,B0005,431,77.83345221466253,104.75764
TD-Clean-4,pre_refit,11,B0005,433,78.09751233548145,104.75522
TD-Clean-4,pre_refit,11,B0005,437,76.96262218385922,106.55884
TD-Clean-4,pre_refit,11,B0005,441,76.3993634537507,107.03013
TD-Clean-4,pre_refit,11,B0005,445,76.08562321685423,106.601845
TD-Clean-4,pre_refit,11,B0005,449,75.84111192639295,107.201935
TD-Clean-4,pre_refit,11,B0005,453,75.5470202599512,106.239334
TD-Clean-4,pre_refit,11,B0005,457,75.2724773855306,106.759125
TD-Clean-4,pre_refit,11,B0005,461,74.95796574493023,107.64982
TD-Clean-4,pre_refit,11,B0005,465,74.67559060559861,107.87724
TD-Clean-4,pre_refit,11,B0005,469,74.4190975749656,107.39342
TD-Clean-4,pre_refit,11,B0005,473,74.41886702385212,106.86547
TD-Clean-4,pre_refit,11,B0005,477,74.10538957595438,108.00591
TD-Clean-4,pre_refit,11,B0005,481,74.68403981580354,109.89762
TD-Clean-4,pre_refit,11,B0005,483,75.26611054535188,108.48096
TD-Clean-4,pre_refit,11,B0005,485,74.38310747232698,109.74141
TD-Clean-4,pre_refit,11,B0005,489,74.10795710900801,108.35384
TD-Clean-4,pre_refit,11,B0005,493,73.53993654981534,110.368675
TD-Clean-4,pre_refit,11,B0005,497,73.55729388669064,110.90088
TD-Clean-4,pre_refit,11,B0005,501,73.56067241598603,110.11314
TD-Clean-4,pre_refit,11,B0005,505,73.26805286034079,109.41792
TD-Clean-4,pre_refit,11,B0005,509,72.98972077509227,108.49752
TD-Clean-4,pre_refit,11,B0005,513,72.70747847813722,109.90837
TD-Clean-4,pre_refit,11,B0005,517,72.70330518052887,110.79158
TD-Clean-4,pre_refit,11,B0005,521,72.43680818215978,111.212944
TD-Clean-4,pre_refit,11,B0005,525,72.14563728793834,111.05855
TD-Clean-4,pre_refit,11,B0005,529,71.84842350914826,111.30072
TD-Clean-4,pre_refit,11,B0005,533,71.57682808520298,113.128815
TD-Clean-4,pre_refit,11,B0005,537,71.59297070565168,114.12572
TD-Clean-4,pre_refit,11,B0005,541,71.58355486033668,111.376465
TD-Clean-4,pre_refit,11,B0005,545,71.88651633814797,110.99146
TD-Clean-4,pre_refit,11,B0005,548,73.85485752850198,106.59984
TD-Clean-4,pre_refit,11,B0005,552,72.73676298693475,109.633545
TD-Clean-4,pre_refit,11,B0005,556,72.16650080848474,111.03481
TD-Clean-4,pre_refit,11,B0005,560,71.87574889700983,111.97966
TD-Clean-4,pre_refit,11,B0005,564,71.60206343923741,111.79968
TD-Clean-4,pre_refit,11,B0005,568,71.32194157026348,113.39113
TD-Clean-4,pre_refit,11,B0005,572,71.30711389020412,111.393196
TD-Clean-4,pre_refit,11,B0005,576,71.01356336148518,112.80366
TD-Clean-4,pre_refit,11,B0005,580,70.75492745457169,113.623276
TD-Clean-4,pre_refit,11,B0005,584,70.77254445771489,112.72007
TD-Clean-4,pre_refit,11,B0005,588,70.77540542374062,110.86955
TD-Clean-4,pre_refit,11,B0005,592,70.47550750397869,113.21269
TD-Clean-4,pre_refit,11,B0005,596,70.48563041810954,111.89068
TD-Clean-4,pre_refit,11,B0005,600,70.23531244180377,112.9539
TD-Clean-4,pre_refit,11,B0005,604,69.93882142370093,115.00941
TD-Clean-4,pre_refit,11,B0005,608,69.90890905512207,114.62706
TD-Clean-4,pre_refit,11,B0005,612,71.07977535187085,111.97497
TD-Clean-4,pre_refit,11,B0005,614,71.95205157786506,109.87648
TD-Clean-4,refit_on_3,11,B0005,2,100.80760884947765,86.728195
TD-Clean-4,refit_on_3,11,B0005,4,100.25590968770103,91.52453
TD-Clean-4,refit_on_3,11,B0005,6,99.65979925247206,92.395226
TD-Clean-4,refit_on_3,11,B0005,8,99.65509323788856,93.30504
TD-Clean-4,refit_on_3,11,B0005,10,99.6215889724607,93.884445
TD-Clean-4,refit_on_3,11,B0005,12,99.67676620535396,92.62735
TD-Clean-4,refit_on_3,11,B0005,14,99.64877352944652,92.669685
TD-Clean-4,refit_on_3,11,B0005,16,99.13892996732449,94.67245
TD-Clean-4,refit_on_3,11,B0005,18,99.08555627584838,95.16301
TD-Clean-4,refit_on_3,11,B0005,20,99.0768365083485,95.56251
TD-Clean-4,refit_on_3,11,B0005,22,99.07717774099622,96.19771
TD-Clean-4,refit_on_3,11,B0005,25,98.5114992237362,95.97218
TD-Clean-4,refit_on_3,11,B0005,27,98.4870761948254,96.31373
TD-Clean-4,refit_on_3,11,B0005,29,98.47015265835132,95.170845
TD-Clean-4,refit_on_3,11,B0005,31,97.88140357167902,96.77965
TD-Clean-4,refit_on_3,11,B0005,33,97.85473656745688,96.76873
TD-Clean-4,refit_on_3,11,B0005,35,97.88039886599036,96.69845
TD-Clean-4,refit_on_3,11,B0005,37,97.9069415267384,96.72979
TD-Clean-4,refit_on_3,11,B0005,39,97.89115702988882,96.666336
TD-Clean-4,refit_on_3,11,B0005,42,100.29385168145046,91.31299
TD-Clean-4,refit_on_3,11,B0005,46,100.31510023136114,91.06446
TD-Clean-4,refit_on_3,11,B0005,50,99.70477213786135,93.371
TD-Clean-4,refit_on_3,11,B0005,54,99.1402308374376,94.73585
TD-Clean-4,refit_on_3,11,B0005,58,99.10400696359169,93.03272
TD-Clean-4,refit_on_3,11,B0005,62,99.12941188644592,95.048134
TD-Clean-4,refit_on_3,11,B0005,66,98.50222430381568,95.166794
TD-Clean-4,refit_on_3,11,B0005,70,98.5423014565286,94.60628
TD-Clean-4,refit_on_3,11,B0005,74,98.49887187571204,94.61708
TD-Clean-4,refit_on_3,11,B0005,78,97.89050762402466,95.00018
TD-Clean-4,refit_on_3,11,B0005,82,97.96171552529285,94.31528
TD-Clean-4,refit_on_3,11,B0005,86,100.55321959197046,75.16916
TD-Clean-4,refit_on_3,11,B0005,90,99.4075559707276,80.46883
TD-Clean-4,refit_on_3,11,B0005,94,98.82112827769676,81.956894
TD-Clean-4,refit_on_3,11,B0005,98,98.2457556393358,82.866806
TD-Clean-4,refit_on_3,11,B0005,102,97.99065016377766,83.142624
TD-Clean-4,refit_on_3,11,B0005,106,97.7065060215613,80.27649
TD-Clean-4,refit_on_3,11,B0005,110,97.11279694879056,82.16489
TD-Clean-4,refit_on_3,11,B0005,114,96.81304988059888,83.02512
TD-Clean-4,refit_on_3,11,B0005,118,96.27605729788222,82.832695
TD-Clean-4,refit_on_3,11,B0005,122,96.2762766313732,81.29603
TD-Clean-4,refit_on_3,11,B0005,126,95.99578118843372,79.44909
TD-Clean-4,refit_on_3,11,B0005,130,95.69403287907456,79.79692
TD-Clean-4,refit_on_3,11,B0005,134,95.98194451474556,82.27957
TD-Clean-4,refit_on_3,11,B0005,136,95.71321655496544,81.13223
TD-Clean-4,refit_on_3,11,B0005,140,95.11928805425076,82.68306
TD-Clean-4,refit_on_3,11,B0005,144,94.58275432725988,83.017365
TD-Clean-4,refit_on_3,11,B0005,148,94.27008009570102,82.45802
TD-Clean-4,refit_on_3,11,B0005,150,97.39411432859931,69.02839
TD-Clean-4,refit_on_3,11,B0005,154,96.82749231246368,77.61789
TD-Clean-4,refit_on_3,11,B0005,158,95.96820195991576,80.056786
TD-Clean-4,refit_on_3,11,B0005,162,95.40638930769452,81.19209
TD-Clean-4,refit_on_3,11,B0005,166,94.8553962680492,81.156425
TD-Clean-4,refit_on_3,11,B0005,170,94.5755674779542,80.966805
TD-Clean-4,refit_on_3,11,B0005,174,94.28806184403476,79.15521
TD-Clean-4,refit_on_3,11,B0005,178,93.73958753620327,80.454575
TD-Clean-4,refit_on_3,11,B0005,182,93.16861105469168,80.48737
TD-Clean-4,refit_on_3,11,B0005,186,92.88227598613614,80.70892
TD-Clean-4,refit_on_3,11,B0005,190,92.636901518198,79.21864
TD-Clean-4,refit_on_3,11,B0005,194,92.32720191735562,78.6341
TD-Clean-4,refit_on_3,11,B0005,198,92.01599848919145,79.32146
TD-Clean-4,refit_on_3,11,B0005,202,91.49053823956656,80.39811
TD-Clean-4,refit_on_3,11,B0005,206,90.92425521866993,80.445496
TD-Clean-4,refit_on_3,11,B0005,210,90.92941856192826,78.613655
TD-Clean-4,refit_on_3,11,B0005,214,90.34010561326173,80.17975
TD-Clean-4,refit_on_3,11,B0005,216,90.0847586044663,78.65951
TD-Clean-4,refit_on_3,11,B0005,220,89.80457989439137,79.370255
TD-Clean-4,refit_on_3,11,B0005,224,89.19640288815545,79.15204
TD-Clean-4,refit_on_3,11,B0005,228,88.93598251136243,79.056046
TD-Clean-4,refit_on_3,11,B0005,232,88.65781340235759,78.680695
TD-Clean-4,refit_on_3,11,B0005,236,88.38728178562198,79.09563
TD-Clean-4,refit_on_3,11,B0005,240,88.08171260170519,78.42789
TD-Clean-4,refit_on_3,11,B0005,244,87.49528010741024,78.299034
TD-Clean-4,refit_on_3,11,B0005,248,87.2366743602368,78.17033
TD-Clean-4,refit_on_3,11,B0005,252,86.96251727221627,78.232414
TD-Clean-4,refit_on_3,11,B0005,256,86.35734215456989,78.24453
TD-Clean-4,refit_on_3,11,B0005,260,86.10863457357058,78.4615
TD-Clean-4,refit_on_3,11,B0005,264,86.06270063126725,78.63315
TD-Clean-4,refit_on_3,11,B0005,266,86.63737677555004,76.69583
TD-Clean-4,refit_on_3,11,B0005,270,85.50813849993258,79.32037
TD-Clean-4,refit_on_3,11,B0005,274,84.97446653296429,79.43788
TD-Clean-4,refit_on_3,11,B0005,278,84.69557819389517,78.701675
TD-Clean-4,refit_on_3,11,B0005,282,84.68013627936132,76.35779
TD-Clean-4,refit_on_3,11,B0005,286,84.41991821853574,76.498116
TD-Clean-4,refit_on_3,11,B0005,290,84.10414931140878,76.87167
TD-Clean-4,refit_on_3,11,B0005,294,83.52653061113354,78.18864
TD-Clean-4,refit_on_3,11,B0005,298,82.96602561057489,78.12956
TD-Clean-4,refit_on_3,11,B0005,302,82.99920327964658,76.2453
TD-Clean-4,refit_on_3,11,B0005,306,82.68003018050378,75.57768
TD-Clean-4,refit_on_3,11,B0005,310,82.39976893302816,75.66287
TD-Clean-4,refit_on_3,11,B0005,313,87.19626195760692,77.0001
TD-Clean-4,refit_on_3,11,B0005,316,84.91729656129593,74.25681
TD-Clean-4,refit_on_3,11,B0005,320,84.06165489885902,75.637344
TD-Clean-4,refit_on_3,11,B0005,324,83.2082752902044,75.90828
TD-Clean-4,refit_on_3,11,B0005,328,82.91381970838151,76.22802
TD-Clean-4,refit_on_3,11,B0005,332,82.37106085271179,76.28315
TD-Clean-4,refit_on_3,11,B0005,336,82.09631790141844,75.79783
TD-Clean-4,refit_on_3,11,B0005,340,81.80669701206385,75.61563
TD-Clean-4,refit_on_3,11,B0005,344,81.53418918115372,75.77589
TD-Clean-4,refit_on_3,11,B0005,348,80.95312575426658,75.319275
TD-Clean-4,refit_on_3,11,B0005,352,80.6829269258604,74.915665
TD-Clean-4,refit_on_3,11,B0005,356,80.38673535372676,74.942635
TD-Clean-4,refit_on_3,11,B0005,360,80.10415225005684,75.25707
TD-Clean-4,refit_on_3,11,B0005,364,80.68483906716317,74.602875
TD-Clean-4,refit_on_3,11,B0005,367,81.23806188586506,72.765526
TD-Clean-4,refit_on_3,11,B0005,371,80.40774500270479,73.88647
TD-Clean-4,refit_on_3,11,B0005,375,79.80793062432481,74.54692
TD-Clean-4,refit_on_3,11,B0005,379,78.94710440938543,75.01227
TD-Clean-4,refit_on_3,11,B0005,383,78.96040682717852,73.819855
TD-Clean-4,refit_on_3,11,B0005,387,79.00805769223405,73.32673
TD-Clean-4,refit_on_3,11,B0005,391,78.68325635434054,72.66138
TD-Clean-4,refit_on_3,11,B0005,395,78.12009683923326,73.64599
TD-Clean-4,refit_on_3,11,B0005,399,77.83635095586517,73.51937
TD-Clean-4,refit_on_3,11,B0005,403,77.83366081216815,72.992355
TD-Clean-4,refit_on_3,11,B0005,407,77.54418562704669,71.57217
TD-Clean-4,refit_on_3,11,B0005,411,77.26483532824366,72.51139
TD-Clean-4,refit_on_3,11,B0005,415,76.96665751739931,73.008736
TD-Clean-4,refit_on_3,11,B0005,419,76.69408123915822,73.21777
TD-Clean-4,refit_on_3,11,B0005,423,76.7032886034996,72.18431
TD-Clean-4,refit_on_3,11,B0005,427,76.43285089151239,71.19443
TD-Clean-4,refit_on_3,11,B0005,431,77.83345221466253,73.2145
TD-Clean-4,refit_on_3,11,B0005,433,78.09751233548145,71.68104
TD-Clean-4,refit_on_3,11,B0005,437,76.96262218385922,73.11266
TD-Clean-4,refit_on_3,11,B0005,441,76.3993634537507,73.574104
TD-Clean-4,refit_on_3,11,B0005,445,76.08562321685423,73.29386
TD-Clean-4,refit_on_3,11,B0005,449,75.84111192639295,73.1367
TD-Clean-4,refit_on_3,11,B0005,453,75.5470202599512,73.215965
TD-Clean-4,refit_on_3,11,B0005,457,75.2724773855306,73.29346
TD-Clean-4,refit_on_3,11,B0005,461,74.95796574493023,73.43007
TD-Clean-4,refit_on_3,11,B0005,465,74.67559060559861,73.876015
TD-Clean-4,refit_on_3,11,B0005,469,74.4190975749656,73.35106
TD-Clean-4,refit_on_3,11,B0005,473,74.41886702385212,73.07183
TD-Clean-4,refit_on_3,11,B0005,477,74.10538957595438,73.17748
TD-Clean-4,refit_on_3,11,B0005,481,74.68403981580354,70.62732
TD-Clean-4,refit_on_3,11,B0005,483,75.26611054535188,70.962776
TD-Clean-4,refit_on_3,11,B0005,485,74.38310747232698,72.215355
TD-Clean-4,refit_on_3,11,B0005,489,74.10795710900801,72.177444
TD-Clean-4,refit_on_3,11,B0005,493,73.53993654981534,72.782974
TD-Clean-4,refit_on_3,11,B0005,497,73.55729388669064,71.03756
TD-Clean-4,refit_on_3,11,B0005,501,73.56067241598603,70.80212
TD-Clean-4,refit_on_3,11,B0005,505,73.26805286034079,72.0853
TD-Clean-4,refit_on_3,11,B0005,509,72.98972077509227,73.02988
TD-Clean-4,refit_on_3,11,B0005,513,72.70747847813722,72.397026
TD-Clean-4,refit_on_3,11,B0005,517,72.70330518052887,70.99193
TD-Clean-4,refit_on_3,11,B0005,521,72.43680818215978,71.58229
TD-Clean-4,refit_on_3,11,B0005,525,72.14563728793834,72.79744
TD-Clean-4,refit_on_3,11,B0005,529,71.84842350914826,72.85596
TD-Clean-4,refit_on_3,11,B0005,533,71.57682808520298,72.39353
TD-Clean-4,refit_on_3,11,B0005,537,71.59297070565168,70.80975
TD-Clean-4,refit_on_3,11,B0005,541,71.58355486033668,72.20026
TD-Clean-4,refit_on_3,11,B0005,545,71.88651633814797,74.10734
TD-Clean-4,refit_on_3,11,B0005,548,73.85485752850198,71.716034
TD-Clean-4,refit_on_3,11,B0005,552,72.73676298693475,72.11923
TD-Clean-4,refit_on_3,11,B0005,556,72.16650080848474,72.671844
TD-Clean-4,refit_on_3,11,B0005,560,71.87574889700983,72.77743
TD-Clean-4,refit_on_3,11,B0005,564,71.60206343923741,72.58992
TD-Clean-4,refit_on_3,11,B0005,568,71.32194157026348,72.312195
TD-Clean-4,refit_on_3,11,B0005,572,71.30711389020412,72.54553
TD-Clean-4,refit_on_3,11,B0005,576,71.01356336148518,72.44997
TD-Clean-4,refit_on_3,11,B0005,580,70.75492745457169,72.0635
TD-Clean-4,refit_on_3,11,B0005,584,70.77254445771489,72.23199
TD-Clean-4,refit_on_3,11,B0005,588,70.77540542374062,72.17458
TD-Clean-4,refit_on_3,11,B0005,592,70.47550750397869,71.72147
TD-Clean-4,refit_on_3,11,B0005,596,70.48563041810954,72.1355
TD-Clean-4,refit_on_3,11,B0005,600,70.23531244180377,72.108315
TD-Clean-4,refit_on_3,11,B0005,604,69.93882142370093,71.675674
TD-Clean-4,refit_on_3,11,B0005,608,69.90890905512207,71.37272
TD-Clean-4,refit_on_3,11,B0005,612,71.07977535187085,70.62831
TD-Clean-4,refit_on_3,11,B0005,614,71.95205157786506,70.20603
TD-Clean-4,pre_refit,11,B0006,2,100.88297108833646,94.10684
TD-Clean-4,pre_refit,11,B0006,4,100.37753235288778,95.11692
TD-Clean-4,pre_refit,11,B0006,6,99.79196916000484,95.246284
TD-Clean-4,pre_refit,11,B0006,8,99.7899019818078,95.22406
TD-Clean-4,pre_refit,11,B0006,10,99.15762541696316,94.94043
TD-Clean-4,pre_refit,11,B0006,12,99.8203556776378,94.99208
TD-Clean-4,pre_refit,11,B0006,14,99.7808037027038,94.84299
TD-Clean-4,pre_refit,11,B0006,16,97.5844832820893,95.108505
TD-Clean-4,pre_refit,11,B0006,18,97.5535716293996,95.105835
TD-Clean-4,pre_refit,11,B0006,20,97.01155142541865,94.79043
TD-Clean-4,pre_refit,11,B0006,22,96.43502080876348,94.91423
TD-Clean-4,pre_refit,11,B0006,25,95.8972998236526,94.82784
TD-Clean-4,pre_refit,11,B0006,27,95.32875373854844,94.97451
TD-Clean-4,pre_refit,11,B0006,29,94.76419905980474,94.596535
TD-Clean-4,pre_refit,11,B0006,31,94.22773853976388,94.56059
TD-Clean-4,pre_refit,11,B0006,33,93.6395064953226,94.42871
TD-Clean-4,pre_refit,11,B0006,35,93.09821798643677,94.59993
TD-Clean-4,pre_refit,11,B0006,37,92.56743574756617,94.42936
TD-Clean-4,pre_refit,11,B0006,39,92.56840432582156,94.34477
TD-Clean-4,pre_refit,11,B0006,42,98.12161319843736,94.31335
TD-Clean-4,pre_refit,11,B0006,46,97.02736865587346,94.7134
TD-Clean-4,pre_refit,11,B0006,50,96.4457203456954,94.53012
TD-Clean-4,pre_refit,11,B0006,54,95.37664206593776,94.43953
TD-Clean-4,pre_refit,11,B0006,58,96.45395400781383,94.04955
TD-Clean-4,pre_refit,11,B0006,62,94.2446511737385,94.23692
TD-Clean-4,pre_refit,11,B0006,66,93.11783815158223,93.70639
TD-Clean-4,pre_refit,11,B0006,70,92.60393676951,93.53748
TD-Clean-4,pre_refit,11,B0006,74,91.99518419888014,93.28576
TD-Clean-4,pre_refit,11,B0006,78,91.45865458065036,93.567924
TD-Clean-4,pre_refit,11,B0006,82,92.05488530825814,92.979355
TD-Clean-4,pre_refit,11,B0006,86,95.40291074415664,89.65304
TD-Clean-4,pre_refit,11,B0006,90,93.2941701264468,90.83705
TD-Clean-4,pre_refit,11,B0006,94,91.95812296295944,90.14252
TD-Clean-4,pre_refit,11,B0006,98,91.16379285351326,89.416794
TD-Clean-4,pre_refit,11,B0006,102,90.13722315501992,88.703705
TD-Clean-4,pre_refit,11,B0006,106,89.88629167454431,88.31341
TD-Clean-4,pre_refit,11,B0006,110,89.07464504963947,88.3577
TD-Clean-4,pre_refit,11,B0006,114,88.27677498375004,87.97122
TD-Clean-4,pre_refit,11,B0006,118,87.78153478310176,87.541534
TD-Clean-4,pre_refit,11,B0006,122,87.25902301297472,87.30999
TD-Clean-4,pre_refit,11,B0006,126,86.75445063463465,87.520744
TD-Clean-4,pre_refit,11,B0006,130,86.21919662960373,87.3019
TD-Clean-4,pre_refit,11,B0006,134,86.97181002045869,87.04139
TD-Clean-4,pre_refit,11,B0006,136,87.53004089819298,87.28969
TD-Clean-4,pre_refit,11,B0006,140,85.93648557449694,87.25327
TD-Clean-4,pre_refit,11,B0006,144,84.92223069682748,87.15384
TD-Clean-4,pre_refit,11,B0006,148,84.38106569995976,86.81368
TD-Clean-4,pre_refit,11,B0006,150,90.39396636175364,88.34041
TD-Clean-4,pre_refit,11,B0006,154,89.62118442408695,89.08081
TD-Clean-4,pre_refit,11,B0006,158,88.01687540594799,88.15639
TD-Clean-4,pre_refit,11,B0006,162,86.47934133475826,87.48469
TD-Clean-4,pre_refit,11,B0006,166,85.7093899316892,87.428
TD-Clean-4,pre_refit,11,B0006,170,84.66363361309608,87.28791
TD-Clean-4,pre_refit,11,B0006,174,84.14253773442293,86.99765
TD-Clean-4,pre_refit,11,B0006,178,83.37268440744252,87.09864
TD-Clean-4,pre_refit,11,B0006,182,82.84795096685752,86.87366
TD-Clean-4,pre_refit,11,B0006,186,82.31672078137474,86.44179
TD-Clean-4,pre_refit,11,B0006,190,81.8390002521071,86.19996
TD-Clean-4,pre_refit,11,B0006,194,81.29446683115198,86.68847
TD-Clean-4,pre_refit,11,B0006,198,80.75246648690656,86.7774
TD-Clean-4,pre_refit,11,B0006,202,79.7437886746144,87.55863
TD-Clean-4,pre_refit,11,B0006,206,79.47984426199564,86.8389
TD-Clean-4,pre_refit,11,B0006,210,79.25415788836384,86.58516
TD-Clean-4,pre_refit,11,B0006,214,78.69188922732394,87.23605
TD-Clean-4,pre_refit,11,B0006,216,78.46114405771091,87.33836
TD-Clean-4,pre_refit,11,B0006,220,77.67630372212932,87.495026
TD-Clean-4,pre_refit,11,B0006,224,77.38916838478035,87.31493
TD-Clean-4,pre_refit,11,B0006,228,76.88491527529958,87.748375
TD-Clean-4,pre_refit,11,B0006,232,76.3646225030132,87.529076
TD-Clean-4,pre_refit,11,B0006,236,75.60327887522882,88.018135
TD-Clean-4,pre_refit,11,B0006,240,75.84333345118733,88.05968
TD-Clean-4,pre_refit,11,B0006,244,75.57070473005419,88.00252
TD-Clean-4,pre_refit,11,B0006,248,75.06972493621848,88.86931
TD-Clean-4,pre_refit,11,B0006,252,74.81407516505371,88.615364
TD-Clean-4,pre_refit,11,B0006,256,74.54671414292675,88.38938
TD-Clean-4,pre_refit,11,B0006,260,74.02740213488109,89.27597
TD-Clean-4,pre_refit,11,B0006,264,73.73556466569462,88.754814
TD-Clean-4,pre_refit,11,B0006,266,75.84980622026112,86.6803
TD-Clean-4,pre_refit,11,B0006,270,74.55060879561292,88.36996
TD-Clean-4,pre_refit,11,B0006,274,73.79142812679322,87.899956
TD-Clean-4,pre_refit,11,B0006,278,73.27190839787096,89.429565
TD-Clean-4,pre_refit,11,B0006,282,73.28093201847443,89.027374
TD-Clean-4,pre_refit,11,B0006,286,73.02095301621284,89.36085
TD-Clean-4,pre_refit,11,B0006,290,72.73851013234444,89.342064
TD-Clean-4,pre_refit,11,B0006,294,71.95104826590523,89.429886
TD-Clean-4,pre_refit,11,B0006,298,71.96564568462234,89.40528
TD-Clean-4,pre_refit,11,B0006,302,71.72895437691278,90.02577
TD-Clean-4,pre_refit,11,B0006,306,71.71434939609318,89.8458
TD-Clean-4,pre_refit,11,B0006,310,71.45761792874575,90.21065
TD-Clean-4,pre_refit,11,B0006,313,78.98726854374111,87.18058
TD-Clean-4,pre_refit,11,B0006,316,76.64794397240323,86.57026
TD-Clean-4,pre_refit,11,B0006,320,75.07747171565073,87.89522
TD-Clean-4,pre_refit,11,B0006,324,74.29795247472106,88.03361
TD-Clean-4,pre_refit,11,B0006,328,73.51146675367659,88.73042
TD-Clean-4,pre_refit,11,B0006,332,73.00864275760908,88.61164
TD-Clean-4,pre_refit,11,B0006,336,72.50277290138493,89.076904
TD-Clean-4,pre_refit,11,B0006,340,71.96131839956391,89.03281
TD-Clean-4,pre_refit,11,B0006,344,71.71500633205595,89.47738
TD-Clean-4,pre_refit,11,B0006,348,71.44305583769248,89.586876
TD-Clean-4,pre_refit,11,B0006,352,70.93898960214143,89.68729
TD-Clean-4,pre_refit,11,B0006,356,70.68194044477139,89.6476
TD-Clean-4,pre_refit,11,B0006,360,70.4074916889224,90.57478
TD-Clean-4,pre_refit,11,B0006,364,70.41804785222855,90.38397
TD-Clean-4,pre_refit,11,B0006,367,71.98210310103482,89.3089
TD-Clean-4,pre_refit,11,B0006,371,70.95618334594263,90.239975
TD-Clean-4,pre_refit,11,B0006,375,70.1362730902931,90.09126
TD-Clean-4,pre_refit,11,B0006,379,69.87433806657212,90.23485
TD-Clean-4,pre_refit,11,B0006,383,69.63573699649338,91.06522
TD-Clean-4,pre_refit,11,B0006,387,69.15232147064526,91.75076
TD-Clean-4,pre_refit,11,B0006,391,69.12109936452545,91.53503
TD-Clean-4,pre_refit,11,B0006,395,68.86250185726787,91.4541
TD-Clean-4,pre_refit,11,B0006,399,68.59092282212131,91.43079
TD-Clean-4,pre_refit,11,B0006,403,68.08750743669,91.57736
TD-Clean-4,pre_refit,11,B0006,407,68.33159705981836,91.7121
TD-Clean-4,pre_refit,11,B0006,411,68.09140360412486,91.91407
TD-Clean-4,pre_refit,11,B0006,415,67.81869443003508,92.02454
TD-Clean-4,pre_refit,11,B0006,419,67.5730638436144,92.113174
TD-Clean-4,pre_refit,11,B0006,423,67.31503513349786,92.67537
TD-Clean-4,pre_refit,11,B0006,427,67.07575548417674,92.21474
TD-Clean-4,pre_refit,11,B0006,431,68.60691404106846,92.20289
TD-Clean-4,pre_refit,11,B0006,433,69.64711039275872,90.65695
TD-Clean-4,pre_refit,11,B0006,437,68.33719964359061,91.47964
TD-Clean-4,pre_refit,11,B0006,441,67.81907707369999,92.445114
TD-Clean-4,pre_refit,11,B0006,445,67.27630029953899,92.02933
TD-Clean-4,pre_refit,11,B0006,449,67.03731096833596,93.031906
TD-Clean-4,pre_refit,11,B0006,453,66.78534122129697,92.72111
TD-Clean-4,pre_refit,11,B0006,457,66.26973868287087,92.99747
TD-Clean-4,pre_refit,11,B0006,461,65.98363462621751,93.34366
TD-Clean-4,pre_refit,11,B0006,465,65.72069252661954,93.836075
TD-Clean-4,pre_refit,11,B0006,469,65.50500064349335,93.332436
TD-Clean-4,pre_refit,11,B0006,473,65.48747074550045,93.80542
TD-Clean-4,pre_refit,11,B0006,477,65.2110653386093,94.09769
TD-Clean-4,pre_refit,11,B0006,481,65.47148558720653,94.0673
TD-Clean-4,pre_refit,11,B0006,483,66.78647932759047,92.91004
TD-Clean-4,pre_refit,11,B0006,485,65.72477818237311,94.3387
TD-Clean-4,pre_refit,11,B0006,489,64.93697426302657,94.26514
TD-Clean-4,pre_refit,11,B0006,493,64.69397950587184,94.573135
TD-Clean-4,pre_refit,11,B0006,497,64.45556804271465,94.27945
TD-Clean-4,pre_refit,11,B0006,501,64.44711910522597,94.80757
TD-Clean-4,pre_refit,11,B0006,505,63.9153253541329,94.76587
TD-Clean-4,pre_refit,11,B0006,509,63.40709756117343,95.04989
TD-Clean-4,pre_refit,11,B0006,513,63.40485519747241,95.20859
TD-Clean-4,pre_refit,11,B0006,517,63.14854807557744,95.09728
TD-Clean-4,pre_refit,11,B0006,521,63.15304028594434,95.38122
TD-Clean-4,pre_refit,11,B0006,525,62.63936845251047,95.82128
TD-Clean-4,pre_refit,11,B0006,529,62.36048327920517,95.78592
TD-Clean-4,pre_refit,11,B0006,533,62.11872624491582,95.42572
TD-Clean-4,pre_refit,11,B0006,537,62.11731201074328,95.424706
TD-Clean-4,pre_refit,11,B0006,541,61.86235410492132,96.032166
TD-Clean-4,pre_refit,11,B0006,545,62.12742822257309,96.342476
TD-Clean-4,pre_refit,11,B0006,548,63.93010610326108,94.76333
TD-Clean-4,pre_refit,11,B0006,552,62.62827859533666,95.7066
TD-Clean-4,pre_refit,11,B0006,556,61.85683618405182,96.165764
TD-Clean-4,pre_refit,11,B0006,560,61.07092794836815,96.41007
TD-Clean-4,pre_refit,11,B0006,564,60.82277612678393,96.25871
TD-Clean-4,pre_refit,11,B0006,568,60.55640953242813,96.76065
TD-Clean-4,pre_refit,11,B0006,572,60.02917505279337,96.70542
TD-Clean-4,pre_refit,11,B0006,576,59.75722270334661,96.854744
TD-Clean-4,pre_refit,11,B0006,580,59.52315601830062,96.79628
TD-Clean-4,pre_refit,11,B0006,584,59.01246912863032,97.32788
TD-Clean-4,pre_refit,11,B0006,588,58.74426171153606,97.399704
TD-Clean-4,pre_refit,11,B0006,592,58.47122551716232,97.566315
TD-Clean-4,pre_refit,11,B0006,596,58.2196597592319,97.70223
TD-Clean-4,pre_refit,11,B0006,600,57.18983519098029,98.43434
TD-Clean-4,pre_refit,11,B0006,604,57.71437056534329,98.203255
TD-Clean-4,pre_refit,11,B0006,608,57.43663099473362,98.03113
TD-Clean-4,pre_refit,11,B0006,612,58.23847489632371,97.95525
TD-Clean-4,pre_refit,11,B0006,614,58.76884540363096,97.00549
TD-Clean-4,refit_on_3,11,B0006,2,100.88297108833646,94.313416
TD-Clean-4,refit_on_3,11,B0006,4,100.37753235288778,97.20358
TD-Clean-4,refit_on_3,11,B0006,6,99.79196916000484,97.51731
TD-Clean-4,refit_on_3,11,B0006,8,99.7899019818078,97.52926
TD-Clean-4,refit_on_3,11,B0006,10,99.15762541696316,97.07432
TD-Clean-4,refit_on_3,11,B0006,12,99.8203556776378,96.94592
TD-Clean-4,refit_on_3,11,B0006,14,99.7808037027038,96.62225
TD-Clean-4,refit_on_3,11,B0006,16,97.5844832820893,97.57869
TD-Clean-4,refit_on_3,11,B0006,18,97.5535716293996,97.60043
TD-Clean-4,refit_on_3,11,B0006,20,97.01155142541865,97.066086
TD-Clean-4,refit_on_3,11,B0006,22,96.43502080876348,97.38877
TD-Clean-4,refit_on_3,11,B0006,25,95.8972998236526,96.75352
TD-Clean-4,refit_on_3,11,B0006,27,95.32875373854844,97.316864
TD-Clean-4,refit_on_3,11,B0006,29,94.76419905980474,96.20528
TD-Clean-4,refit_on_3,11,B0006,31,94.22773853976388,96.833115
TD-Clean-4,refit_on_3,11,B0006,33,93.6395064953226,96.68792
TD-Clean-4,refit_on_3,11,B0006,35,93.09821798643677,96.92089
TD-Clean-4,refit_on_3,11,B0006,37,92.56743574756617,96.55768
TD-Clean-4,refit_on_3,11,B0006,39,92.56840432582156,96.228745
TD-Clean-4,refit_on_3,11,B0006,42,98.12161319843736,95.85342
TD-Clean-4,refit_on_3,11,B0006,46,97.02736865587346,96.57143
TD-Clean-4,refit_on_3,11,B0006,50,96.4457203456954,96.493065
TD-Clean-4,refit_on_3,11,B0006,54,95.37664206593776,96.45181
TD-Clean-4,refit_on_3,11,B0006,58,96.45395400781383,95.34256
TD-Clean-4,refit_on_3,11,B0006,62,94.2446511737385,96.035324
TD-Clean-4,refit_on_3,11,B0006,66,93.11783815158223,95.47596
TD-Clean-4,refit_on_3,11,B0006,70,92.60393676951,94.82202
TD-Clean-4,refit_on_3,11,B0006,74,91.99518419888014,94.54514
TD-Clean-4,refit_on_3,11,B0006,78,91.45865458065036,95.10854
TD-Clean-4,refit_on_3,11,B0006,82,92.05488530825814,94.11473
TD-Clean-4,refit_on_3,11,B0006,86,95.40291074415664,88.4589
TD-Clean-4,refit_on_3,11,B0006,90,93.2941701264468,89.233
TD-Clean-4,refit_on_3,11,B0006,94,91.95812296295944,88.94591
TD-Clean-4,refit_on_3,11,B0006,98,91.16379285351326,88.701225
TD-Clean-4,refit_on_3,11,B0006,102,90.13722315501992,88.044655
TD-Clean-4,refit_on_3,11,B0006,106,89.88629167454431,87.107025
TD-Clean-4,refit_on_3,11,B0006,110,89.07464504963947,87.4851
TD-Clean-4,refit_on_3,11,B0006,114,88.27677498375004,87.182915
TD-Clean-4,refit_on_3,11,B0006,118,87.78153478310176,86.77771
TD-Clean-4,refit_on_3,11,B0006,122,87.25902301297472,86.21211
TD-Clean-4,refit_on_3,11,B0006,126,86.75445063463465,85.9655
TD-Clean-4,refit_on_3,11,B0006,130,86.21919662960373,85.76416
TD-Clean-4,refit_on_3,11,B0006,134,86.97181002045869,85.86021
TD-Clean-4,refit_on_3,11,B0006,136,87.53004089819298,85.98862
TD-Clean-4,refit_on_3,11,B0006,140,85.93648557449694,86.16656
TD-Clean-4,refit_on_3,11,B0006,144,84.92223069682748,86.04024
TD-Clean-4,refit_on_3,11,B0006,148,84.38106569995976,85.5976
TD-Clean-4,refit_on_3,11,B0006,150,90.39396636175364,84.26735
TD-Clean-4,refit_on_3,11,B0006,154,89.62118442408695,86.23542
TD-Clean-4,refit_on_3,11,B0006,158,88.01687540594799,86.23807
TD-Clean-4,refit_on_3,11,B0006,162,86.47934133475826,85.94258
TD-Clean-4,refit_on_3,11,B0006,166,85.7093899316892,85.9837
TD-Clean-4,refit_on_3,11,B0006,170,84.66363361309608,85.701775
TD-Clean-4,refit_on_3,11,B0006,174,84.14253773442293,85.07847
TD-Clean-4,refit_on_3,11,B0006,178,83.37268440744252,85.31559
TD-Clean-4,refit_on_3,11,B0006,182,82.84795096685752,85.08341
TD-Clean-4,refit_on_3,11,B0006,186,82.31672078137474,84.67909
TD-Clean-4,refit_on_3,11,B0006,190,81.8390002521071,84.1549
TD-Clean-4,refit_on_3,11,B0006,194,81.29446683115198,84.42765
TD-Clean-4,refit_on_3,11,B0006,198,80.75246648690656,84.56298
TD-Clean-4,refit_on_3,11,B0006,202,79.7437886746144,85.26276
TD-Clean-4,refit_on_3,11,B0006,206,79.47984426199564,84.81852
TD-Clean-4,refit_on_3,11,B0006,210,79.25415788836384,84.13155
TD-Clean-4,refit_on_3,11,B0006,214,78.69188922732394,85.28536
TD-Clean-4,refit_on_3,11,B0006,216,78.46114405771091,85.04889
TD-Clean-4,refit_on_3,11,B0006,220,77.67630372212932,85.24772
TD-Clean-4,refit_on_3,11,B0006,224,77.38916838478035,85.16579
TD-Clean-4,refit_on_3,11,B0006,228,76.88491527529958,85.41273
TD-Clean-4,refit_on_3,11,B0006,232,76.3646225030132,85.10183
TD-Clean-4,refit_on_3,11,B0006,236,75.60327887522882,85.45103
TD-Clean-4,refit_on_3,11,B0006,240,75.84333345118733,85.41633
TD-Clean-4,refit_on_3,11,B0006,244,75.57070473005419,85.33439
TD-Clean-4,refit_on_3,11,B0006,248,75.06972493621848,85.94445
TD-Clean-4,refit_on_3,11,B0006,252,74.81407516505371,85.71439
TD-Clean-4,refit_on_3,11,B0006,256,74.54671414292675,85.56399
TD-Clean-4,refit_on_3,11,B0006,260,74.02740213488109,86.270294
TD-Clean-4,refit_on_3,11,B0006,264,73.73556466569462,85.6569
TD-Clean-4,refit_on_3,11,B0006,266,75.84980622026112,83.5047
TD-Clean-4,refit_on_3,11,B0006,270,74.55060879561292,85.372375
TD-Clean-4,refit_on_3,11,B0006,274,73.79142812679322,85.10893
TD-Clean-4,refit_on_3,11,B0006,278,73.27190839787096,86.08987
TD-Clean-4,refit_on_3,11,B0006,282,73.28093201847443,85.14483
TD-Clean-4,refit_on_3,11,B0006,286,73.02095301621284,85.20139
TD-Clean-4,refit_on_3,11,B0006,290,72.73851013234444,85.25675
TD-Clean-4,refit_on_3,11,B0006,294,71.95104826590523,85.62638
TD-Clean-4,refit_on_3,11,B0006,298,71.96564568462234,85.75375
TD-Clean-4,refit_on_3,11,B0006,302,71.72895437691278,85.794846
TD-Clean-4,refit_on_3,11,B0006,306,71.71434939609318,85.348755
TD-Clean-4,refit_on_3,11,B0006,310,71.45761792874575,85.60008
TD-Clean-4,refit_on_3,11,B0006,313,78.98726854374111,83.87309
TD-Clean-4,refit_on_3,11,B0006,316,76.64794397240323,83.256645
TD-Clean-4,refit_on_3,11,B0006,320,75.07747171565073,84.32484
TD-Clean-4,refit_on_3,11,B0006,324,74.29795247472106,84.49031
TD-Clean-4,refit_on_3,11,B0006,328,73.51146675367659,85.12548
TD-Clean-4,refit_on_3,11,B0006,332,73.00864275760908,85.045105
TD-Clean-4,refit_on_3,11,B0006,336,72.50277290138493,85.26592
TD-Clean-4,refit_on_3,11,B0006,340,71.96131839956391,85.14418
TD-Clean-4,refit_on_3,11,B0006,344,71.71500633205595,85.45126
TD-Clean-4,refit_on_3,11,B0006,348,71.44305583769248,85.47514
TD-Clean-4,refit_on_3,11,B0006,352,70.93898960214143,85.44732
TD-Clean-4,refit_on_3,11,B0006,356,70.68194044477139,85.391365
TD-Clean-4,refit_on_3,11,B0006,360,70.4074916889224,86.1292
TD-Clean-4,refit_on_3,11,B0006,364,70.41804785222855,85.521904
TD-Clean-4,refit_on_3,11,B0006,367,71.98210310103482,84.71882
TD-Clean-4,refit_on_3,11,B0006,371,70.95618334594263,85.45621
TD-Clean-4,refit_on_3,11,B0006,375,70.1362730902931,85.49902
TD-Clean-4,refit_on_3,11,B0006,379,69.87433806657212,85.634254
TD-Clean-4,refit_on_3,11,B0006,383,69.63573699649338,86.04139
TD-Clean-4,refit_on_3,11,B0006,387,69.15232147064526,86.46004
TD-Clean-4,refit_on_3,11,B0006,391,69.12109936452545,86.12288
TD-Clean-4,refit_on_3,11,B0006,395,68.86250185726787,86.20172
TD-Clean-4,refit_on_3,11,B0006,399,68.59092282212131,86.20731
TD-Clean-4,refit_on_3,11,B0006,403,68.08750743669,86.2616
TD-Clean-4,refit_on_3,11,B0006,407,68.33159705981836,86.101074
TD-Clean-4,refit_on_3,11,B0006,411,68.09140360412486,86.39515
TD-Clean-4,refit_on_3,11,B0006,415,67.81869443003508,86.52679
TD-Clean-4,refit_on_3,11,B0006,419,67.5730638436144,86.63239
TD-Clean-4,refit_on_3,11,B0006,423,67.31503513349786,86.996254
TD-Clean-4,refit_on_3,11,B0006,427,67.07575548417674,86.55066
TD-Clean-4,refit_on_3,11,B0006,431,68.60691404106846,86.86385
TD-Clean-4,refit_on_3,11,B0006,433,69.64711039275872,85.398674
TD-Clean-4,refit_on_3,11,B0006,437,68.33719964359061,86.15473
TD-Clean-4,refit_on_3,11,B0006,441,67.81907707369999,87.00111
TD-Clean-4,refit_on_3,11,B0006,445,67.27630029953899,86.60583
TD-Clean-4,refit_on_3,11,B0006,449,67.03731096833596,87.41755
TD-Clean-4,refit_on_3,11,B0006,453,66.78534122129697,87.12133
TD-Clean-4,refit_on_3,11,B0006,457,66.26973868287087,87.387405
TD-Clean-4,refit_on_3,11,B0006,461,65.98363462621751,87.79879
TD-Clean-4,refit_on_3,11,B0006,465,65.72069252661954,88.51351
TD-Clean-4,refit_on_3,11,B0006,469,65.50500064349335,87.81056
TD-Clean-4,refit_on_3,11,B0006,473,65.48747074550045,88.31844
TD-Clean-4,refit_on_3,11,B0006,477,65.2110653386093,88.81495
TD-Clean-4,refit_on_3,11,B0006,481,65.47148558720653,88.26227
TD-Clean-4,refit_on_3,11,B0006,483,66.78647932759047,87.36728
TD-Clean-4,refit_on_3,11,B0006,485,65.72477818237311,89.152084
TD-Clean-4,refit_on_3,11,B0006,489,64.93697426302657,89.29956
TD-Clean-4,refit_on_3,11,B0006,493,64.69397950587184,90.16475
TD-Clean-4,refit_on_3,11,B0006,497,64.45556804271465,89.18128
TD-Clean-4,refit_on_3,11,B0006,501,64.44711910522597,89.571434
TD-Clean-4,refit_on_3,11,B0006,505,63.9153253541329,89.83404
TD-Clean-4,refit_on_3,11,B0006,509,63.40709756117343,90.73229
TD-Clean-4,refit_on_3,11,B0006,513,63.40485519747241,91.18678
TD-Clean-4,refit_on_3,11,B0006,517,63.14854807557744,90.53806
TD-Clean-4,refit_on_3,11,B0006,521,63.15304028594434,90.82522
TD-Clean-4,refit_on_3,11,B0006,525,62.63936845251047,91.95255
TD-Clean-4,refit_on_3,11,B0006,529,62.36048327920517,92.0748
TD-Clean-4,refit_on_3,11,B0006,533,62.11872624491582,91.65351
TD-Clean-4,refit_on_3,11,B0006,537,62.11731201074328,91.261765
TD-Clean-4,refit_on_3,11,B0006,541,61.86235410492132,92.271576
TD-Clean-4,refit_on_3,11,B0006,545,62.12742822257309,92.58103
TD-Clean-4,refit_on_3,11,B0006,548,63.93010610326108,89.53388
TD-Clean-4,refit_on_3,11,B0006,552,62.62827859533666,90.87781
TD-Clean-4,refit_on_3,11,B0006,556,61.85683618405182,91.89638
TD-Clean-4,refit_on_3,11,B0006,560,61.07092794836815,92.41196
TD-Clean-4,refit_on_3,11,B0006,564,60.82277612678393,92.18753
TD-Clean-4,refit_on_3,11,B0006,568,60.55640953242813,92.68337
TD-Clean-4,refit_on_3,11,B0006,572,60.02917505279337,92.63563
TD-Clean-4,refit_on_3,11,B0006,576,59.75722270334661,92.76764
TD-Clean-4,refit_on_3,11,B0006,580,59.52315601830062,92.64872
TD-Clean-4,refit_on_3,11,B0006,584,59.01246912863032,93.2181
TD-Clean-4,refit_on_3,11,B0006,588,58.74426171153606,93.27525
TD-Clean-4,refit_on_3,11,B0006,592,58.47122551716232,93.39078
TD-Clean-4,refit_on_3,11,B0006,596,58.2196597592319,93.55836
TD-Clean-4,refit_on_3,11,B0006,600,57.18983519098029,94.31149
TD-Clean-4,refit_on_3,11,B0006,604,57.71437056534329,94.017426
TD-Clean-4,refit_on_3,11,B0006,608,57.43663099473362,93.795456
TD-Clean-4,refit_on_3,11,B0006,612,58.23847489632371,93.76455
TD-Clean-4,refit_on_3,11,B0006,614,58.76884540363096,92.65448
TD-Clean-4,pre_refit,11,B0007,2,100.45351791563915,84.565285
TD-Clean-4,pre_refit,11,B0007,4,99.900254379013,89.19687
TD-Clean-4,pre_refit,11,B0007,6,99.90161660017114,89.44642
TD-Clean-4,pre_refit,11,B0007,8,99.9073657865712,89.86517
TD-Clean-4,pre_refit,11,B0007,10,99.83724531860553,89.86568
TD-Clean-4,pre_refit,11,B0007,12,99.90361817867274,89.57088
TD-Clean-4,pre_refit,11,B0007,14,99.86297576917136,89.26366
TD-Clean-4,pre_refit,11,B0007,16,99.94656396119812,90.46141
TD-Clean-4,pre_refit,11,B0007,18,99.31878532934633,90.777916
TD-Clean-4,pre_refit,11,B0007,20,99.33799331164263,90.8259
TD-Clean-4,pre_refit,11,B0007,22,99.33756087304828,91.06436
TD-Clean-4,pre_refit,11,B0007,25,98.78551523188162,90.5277
TD-Clean-4,pre_refit,11,B0007,27,98.75485184986668,91.52083
TD-Clean-4,pre_refit,11,B0007,29,98.75133536665352,90.68334
TD-Clean-4,pre_refit,11,B0007,31,98.77012942519043,92.0913
TD-Clean-4,pre_refit,11,B0007,33,98.73683812511632,91.987724
TD-Clean-4,pre_refit,11,B0007,35,98.15685575226132,91.9439
TD-Clean-4,pre_refit,11,B0007,37,98.19446503474695,92.1646
TD-Clean-4,pre_refit,11,B0007,39,98.186691403046,92.082825
TD-Clean-4,pre_refit,11,B0007,42,99.90787801510066,87.93693
TD-Clean-4,pre_refit,11,B0007,46,99.94461695603135,88.21365
TD-Clean-4,pre_refit,11,B0007,50,99.92460497901308,89.91382
TD-Clean-4,pre_refit,11,B0007,54,99.38880751306714,90.423836
TD-Clean-4,pre_refit,11,B0007,58,99.34580918956073,89.27914
TD-Clean-4,pre_refit,11,B0007,62,99.37088315432128,91.05308
TD-Clean-4,pre_refit,11,B0007,66,98.78342046080256,90.92682
TD-Clean-4,pre_refit,11,B0007,70,98.8058078187501,90.661934
TD-Clean-4,pre_refit,11,B0007,74,98.75966747373796,90.512505
TD-Clean-4,pre_refit,11,B0007,78,98.1739885027512,90.80458
TD-Clean-4,pre_refit,11,B0007,82,98.23039625446908,90.32413
TD-Clean-4,pre_refit,11,B0007,86,100.05062324611636,77.75393
TD-Clean-4,pre_refit,11,B0007,90,98.95386520139344,82.4998
TD-Clean-4,pre_refit,11,B0007,94,98.38356039411237,84.58318
TD-Clean-4,pre_refit,11,B0007,98,98.11080955264678,84.85688
TD-Clean-4,pre_refit,11,B0007,102,97.57312273601715,84.970665
TD-Clean-4,pre_refit,11,B0007,106,97.5908400366413,82.71889
TD-Clean-4,pre_refit,11,B0007,110,97.29922460125108,84.49609
TD-Clean-4,pre_refit,11,B0007,114,96.74012336609094,84.96176
TD-Clean-4,pre_refit,11,B0007,118,96.49359124138364,84.75851
TD-Clean-4,pre_refit,11,B0007,122,96.22137391342224,83.95706
TD-Clean-4,pre_refit,11,B0007,126,96.233276781278,82.4693
TD-Clean-4,pre_refit,11,B0007,130,95.93841918044076,82.54383
TD-Clean-4,pre_refit,11,B0007,134,96.31819241353496,84.22748
TD-Clean-4,pre_refit,11,B0007,136,95.94953719543624,84.193985
TD-Clean-4,pre_refit,11,B0007,140,95.3953227427902,84.77523
TD-Clean-4,pre_refit,11,B0007,144,94.86699939598208,84.90451
TD-Clean-4,pre_refit,11,B0007,148,94.57173479963342,84.502365
TD-Clean-4,pre_refit,11,B0007,150,96.41760769059738,65.67514
TD-Clean-4,pre_refit,11,B0007,154,96.45090493439226,79.113205
TD-Clean-4,pre_refit,11,B0007,158,95.6297003383392,82.588486
TD-Clean-4,pre_refit,11,B0007,162,95.10935396520227,83.65287
TD-Clean-4,pre_refit,11,B0007,166,94.57259385530976,83.731735
TD-Clean-4,pre_refit,11,B0007,170,94.30623404626093,83.430214
TD-Clean-4,pre_refit,11,B0007,174,94.0371367595855,81.630615
TD-Clean-4,pre_refit,11,B0007,178,93.49626919937222,83.012886
TD-Clean-4,pre_refit,11,B0007,182,92.9420388383138,82.953026
TD-Clean-4,pre_refit,11,B0007,186,92.94217065781828,83.03888
TD-Clean-4,pre_refit,11,B0007,190,92.69668329388116,82.08051
TD-Clean-4,pre_refit,11,B0007,194,92.41073633514534,81.20794
TD-Clean-4,pre_refit,11,B0007,198,91.82208130681248,82.18191
TD-Clean-4,pre_refit,11,B0007,202,91.5743327473832,82.95564
TD-Clean-4,pre_refit,11,B0007,206,91.04730118386937,82.88732
TD-Clean-4,pre_refit,11,B0007,210,91.04684020750553,81.225525
TD-Clean-4,pre_refit,11,B0007,214,90.49873919973382,82.51854
TD-Clean-4,pre_refit,11,B0007,216,90.51794914609178,81.61115
TD-Clean-4,pre_refit,11,B0007,220,89.96325858213598,82.157875
TD-Clean-4,pre_refit,11,B0007,224,89.64911074691454,82.16551
TD-Clean-4,pre_refit,11,B0007,228,89.4056438247883,82.05654
TD-Clean-4,pre_refit,11,B0007,232,89.13221056506995,81.695244
TD-Clean-4,pre_refit,11,B0007,236,88.88142970948275,82.071495
TD-Clean-4,pre_refit,11,B0007,240,88.57496163215028,81.604
TD-Clean-4,pre_refit,11,B0007,244,88.30030467403411,81.545494
TD-Clean-4,pre_refit,11,B0007,248,88.04309784572763,81.48893
TD-Clean-4,pre_refit,11,B0007,252,87.7835715053401,81.52147
TD-Clean-4,pre_refit,11,B0007,256,87.5009058762453,81.58254
TD-Clean-4,pre_refit,11,B0007,260,86.92700430940862,81.625626
TD-Clean-4,pre_refit,11,B0007,264,86.91859800690037,81.659775
TD-Clean-4,pre_refit,11,B0007,266,87.17696241036246,80.273796
TD-Clean-4,pre_refit,11,B0007,270,86.66971006432802,82.15222
TD-Clean-4,pre_refit,11,B0007,274,86.11955257111292,81.76337
TD-Clean-4,pre_refit,11,B0007,278,85.86532022039283,81.52866
TD-Clean-4,pre_refit,11,B0007,282,85.83324550155743,80.01825
TD-Clean-4,pre_refit,11,B0007,286,85.88108948972226,79.98154
TD-Clean-4,pre_refit,11,B0007,290,85.56987844007078,80.3347
TD-Clean-4,pre_refit,11,B0007,294,85.027771191142,81.53302
TD-Clean-4,pre_refit,11,B0007,298,84.77582688520748,81.20501
TD-Clean-4,pre_refit,11,B0007,302,84.79178974791847,80.13094
TD-Clean-4,pre_refit,11,B0007,306,84.76993385106519,79.518036
TD-Clean-4,pre_refit,11,B0007,310,84.49605927424464,79.76537
TD-Clean-4,pre_refit,11,B0007,313,89.71090998622898,80.987656
TD-Clean-4,pre_refit,11,B0007,316,86.37349719367897,78.17297
TD-Clean-4,pre_refit,11,B0007,320,85.82898928627563,79.71173
TD-Clean-4,pre_refit,11,B0007,324,85.2934976107533,80.24891
TD-Clean-4,pre_refit,11,B0007,328,84.72574724857897,80.53572
TD-Clean-4,pre_refit,11,B0007,332,84.48328177752624,80.73244
TD-Clean-4,pre_refit,11,B0007,336,84.21457006738538,80.35024
TD-Clean-4,pre_refit,11,B0007,340,83.9288888229777,80.13478
TD-Clean-4,pre_refit,11,B0007,344,83.67629222648154,80.30815
TD-Clean-4,pre_refit,11,B0007,348,83.38837618926404,80.06818
TD-Clean-4,pre_refit,11,B0007,352,83.41270816038221,79.720116
TD-Clean-4,pre_refit,11,B0007,356,83.14675201444969,79.87931
TD-Clean-4,pre_refit,11,B0007,360,82.8484308280049,80.24785
TD-Clean-4,pre_refit,11,B0007,364,83.13252526962864,79.59108
TD-Clean-4,pre_refit,11,B0007,367,83.66359396289195,77.03774
TD-Clean-4,pre_refit,11,B0007,371,83.14841165448959,78.486305
TD-Clean-4,pre_refit,11,B0007,375,82.85488835556158,79.2071
TD-Clean-4,pre_refit,11,B0007,379,82.33123711829187,79.98779
TD-Clean-4,pre_refit,11,B0007,383,82.01142381939957,78.7551
TD-Clean-4,pre_refit,11,B0007,387,82.07206587982726,78.18503
TD-Clean-4,pre_refit,11,B0007,391,82.0495038543302,77.53734
TD-Clean-4,pre_refit,11,B0007,395,81.5031419618624,78.73847
TD-Clean-4,pre_refit,11,B0007,399,81.20841503507037,78.706825
TD-Clean-4,pre_refit,11,B0007,403,81.21721340553746,78.19058
TD-Clean-4,pre_refit,11,B0007,407,81.22601148878292,76.83943
TD-Clean-4,pre_refit,11,B0007,411,80.95054391771832,77.82247
TD-Clean-4,pre_refit,11,B0007,415,80.67227833994721,78.484474
TD-Clean-4,pre_refit,11,B0007,419,80.40565013650571,78.78988
TD-Clean-4,pre_refit,11,B0007,423,80.40335490244634,77.6569
TD-Clean-4,pre_refit,11,B0007,427,80.42152437300291,76.70254
TD-Clean-4,pre_refit,11,B0007,431,81.48461605871495,79.32058
TD-Clean-4,pre_refit,11,B0007,433,81.75963969607048,77.79996
TD-Clean-4,pre_refit,11,B0007,437,80.93560989493338,79.525
TD-Clean-4,pre_refit,11,B0007,441,80.40209515327608,80.14904
TD-Clean-4,pre_refit,11,B0007,445,80.09419697809993,79.94079
TD-Clean-4,pre_refit,11,B0007,449,79.85042691616567,79.88023
TD-Clean-4,pre_refit,11,B0007,453,79.56495728605914,79.91866
TD-Clean-4,pre_refit,11,B0007,457,79.30076147796538,79.98185
TD-Clean-4,pre_refit,11,B0007,461,79.2776995197187,80.08242
TD-Clean-4,pre_refit,11,B0007,465,79.01573008127421,80.12859
TD-Clean-4,pre_refit,11,B0007,469,78.7529099419952,79.95521
TD-Clean-4,pre_refit,11,B0007,473,78.76631135529045,79.89287
TD-Clean-4,pre_refit,11,B0007,477,78.45734950325969,79.8276
TD-Clean-4,pre_refit,11,B0007,481,78.71925319505982,78.52948
TD-Clean-4,pre_refit,11,B0007,483,79.58166685963718,78.50994
TD-Clean-4,pre_refit,11,B0007,485,78.72860058663869,80.10711
TD-Clean-4,pre_refit,11,B0007,489,78.46501751785956,79.82238
TD-Clean-4,pre_refit,11,B0007,493,78.19738333514631,80.01429
TD-Clean-4,pre_refit,11,B0007,497,78.20645287101384,79.296585
TD-Clean-4,pre_refit,11,B0007,501,77.92824275772597,78.79293
TD-Clean-4,pre_refit,11,B0007,505,77.6497101362114,79.937355
TD-Clean-4,pre_refit,11,B0007,509,77.38028422735451,80.30739
TD-Clean-4,pre_refit,11,B0007,513,77.09660547904922,80.03006
TD-Clean-4,pre_refit,11,B0007,517,77.11046744203753,79.34422
TD-Clean-4,pre_refit,11,B0007,521,76.85550035450103,79.74349
TD-Clean-4,pre_refit,11,B0007,525,76.85236240084764,80.14161
TD-Clean-4,pre_refit,11,B0007,529,76.56671722215358,80.114586
TD-Clean-4,pre_refit,11,B0007,533,76.29399038621672,80.05259
TD-Clean-4,pre_refit,11,B0007,537,76.32425788720361,79.301216
TD-Clean-4,pre_refit,11,B0007,541,76.29658741049414,79.80066
TD-Clean-4,pre_refit,11,B0007,545,76.59209728582513,80.666046
TD-Clean-4,pre_refit,11,B0007,548,77.93863743061358,79.4252
TD-Clean-4,pre_refit,11,B0007,552,77.12364718084329,79.7388
TD-Clean-4,pre_refit,11,B0007,556,76.8725967441492,80.262596
TD-Clean-4,pre_refit,11,B0007,560,76.58854113704766,80.36575
TD-Clean-4,pre_refit,11,B0007,564,76.04885672654179,80.20561
TD-Clean-4,pre_refit,11,B0007,568,76.05828438472663,79.85631
TD-Clean-4,pre_refit,11,B0007,572,75.76335089505734,80.12921
TD-Clean-4,pre_refit,11,B0007,576,75.75439980355237,80.172615
TD-Clean-4,pre_refit,11,B0007,580,75.49812548326929,79.71974
TD-Clean-4,pre_refit,11,B0007,584,75.23591897923467,80.037926
TD-Clean-4,pre_refit,11,B0007,588,75.24924732301496,79.72445
TD-Clean-4,pre_refit,11,B0007,592,74.94444174506414,79.75326
TD-Clean-4,pre_refit,11,B0007,596,74.95266425125988,79.744
TD-Clean-4,pre_refit,11,B0007,600,74.69643604452878,79.90236
TD-Clean-4,pre_refit,11,B0007,604,74.7051700493532,79.54569
TD-Clean-4,pre_refit,11,B0007,608,74.39278959915883,79.64965
TD-Clean-4,pre_refit,11,B0007,612,75.52591562947222,79.07683
TD-Clean-4,pre_refit,11,B0007,614,76.09264518290325,77.88982
TD-Clean-4,refit_on_3,11,B0007,2,100.45351791563915,88.41393
TD-Clean-4,refit_on_3,11,B0007,4,99.900254379013,93.81977
TD-Clean-4,refit_on_3,11,B0007,6,99.90161660017114,94.12529
TD-Clean-4,refit_on_3,11,B0007,8,99.9073657865712,94.58369
TD-Clean-4,refit_on_3,11,B0007,10,99.83724531860553,94.51201
TD-Clean-4,refit_on_3,11,B0007,12,99.90361817867274,93.86949
TD-Clean-4,refit_on_3,11,B0007,14,99.86297576917136,93.604706
TD-Clean-4,refit_on_3,11,B0007,16,99.94656396119812,95.03778
TD-Clean-4,refit_on_3,11,B0007,18,99.31878532934633,95.405975
TD-Clean-4,refit_on_3,11,B0007,20,99.33799331164263,95.46811
TD-Clean-4,refit_on_3,11,B0007,22,99.33756087304828,95.68023
TD-Clean-4,refit_on_3,11,B0007,25,98.78551523188162,95.13179
TD-Clean-4,refit_on_3,11,B0007,27,98.75485184986668,96.222015
TD-Clean-4,refit_on_3,11,B0007,29,98.75133536665352,95.160774
TD-Clean-4,refit_on_3,11,B0007,31,98.77012942519043,96.69753
TD-Clean-4,refit_on_3,11,B0007,33,98.73683812511632,96.46379
TD-Clean-4,refit_on_3,11,B0007,35,98.15685575226132,96.56744
TD-Clean-4,refit_on_3,11,B0007,37,98.19446503474695,96.760376
TD-Clean-4,refit_on_3,11,B0007,39,98.186691403046,96.357765
TD-Clean-4,refit_on_3,11,B0007,42,99.90787801510066,91.77869
TD-Clean-4,refit_on_3,11,B0007,46,99.94461695603135,92.442314
TD-Clean-4,refit_on_3,11,B0007,50,99.92460497901308,93.85031
TD-Clean-4,refit_on_3,11,B0007,54,99.38880751306714,94.13228
TD-Clean-4,refit_on_3,11,B0007,58,99.34580918956073,92.78291
TD-Clean-4,refit_on_3,11,B0007,62,99.37088315432128,94.32382
TD-Clean-4,refit_on_3,11,B0007,66,98.78342046080256,94.24176
TD-Clean-4,refit_on_3,11,B0007,70,98.8058078187501,93.62086
TD-Clean-4,refit_on_3,11,B0007,74,98.75966747373796,93.49454
TD-Clean-4,refit_on_3,11,B0007,78,98.1739885027512,94.00945
TD-Clean-4,refit_on_3,11,B0007,82,98.23039625446908,93.28603
TD-Clean-4,refit_on_3,11,B0007,86,100.05062324611636,78.03248
TD-Clean-4,refit_on_3,11,B0007,90,98.95386520139344,83.100075
TD-Clean-4,refit_on_3,11,B0007,94,98.38356039411237,84.77832
TD-Clean-4,refit_on_3,11,B0007,98,98.11080955264678,85.47794
TD-Clean-4,refit_on_3,11,B0007,102,97.57312273601715,85.6129
TD-Clean-4,refit_on_3,11,B0007,106,97.5908400366413,82.80377
TD-Clean-4,refit_on_3,11,B0007,110,97.29922460125108,85.06589
TD-Clean-4,refit_on_3,11,B0007,114,96.74012336609094,85.717804
TD-Clean-4,refit_on_3,11,B0007,118,96.49359124138364,85.478966
TD-Clean-4,refit_on_3,11,B0007,122,96.22137391342224,83.78136
TD-Clean-4,refit_on_3,11,B0007,126,96.233276781278,82.60569
TD-Clean-4,refit_on_3,11,B0007,130,95.93841918044076,83.01938
TD-Clean-4,refit_on_3,11,B0007,134,96.31819241353496,85.01964
TD-Clean-4,refit_on_3,11,B0007,136,95.94953719543624,84.65691
TD-Clean-4,refit_on_3,11,B0007,140,95.3953227427902,86.01921
TD-Clean-4,refit_on_3,11,B0007,144,94.86699939598208,86.117775
TD-Clean-4,refit_on_3,11,B0007,148,94.57173479963342,85.4814
TD-Clean-4,refit_on_3,11,B0007,150,96.41760769059738,74.03264
TD-Clean-4,refit_on_3,11,B0007,154,96.45090493439226,81.722206
TD-Clean-4,refit_on_3,11,B0007,158,95.6297003383392,83.76277
TD-Clean-4,refit_on_3,11,B0007,162,95.10935396520227,84.22003
TD-Clean-4,refit_on_3,11,B0007,166,94.57259385530976,83.922676
TD-Clean-4,refit_on_3,11,B0007,170,94.30623404626093,83.578735
TD-Clean-4,refit_on_3,11,B0007,174,94.0371367595855,82.16065
TD-Clean-4,refit_on_3,11,B0007,178,93.49626919937222,83.19709
TD-Clean-4,refit_on_3,11,B0007,182,92.9420388383138,83.29491
TD-Clean-4,refit_on_3,11,B0007,186,92.94217065781828,83.46846
TD-Clean-4,refit_on_3,11,B0007,190,92.69668329388116,82.04155
TD-Clean-4,refit_on_3,11,B0007,194,92.41073633514534,81.71263
TD-Clean-4,refit_on_3,11,B0007,198,91.82208130681248,82.530594
TD-Clean-4,refit_on_3,11,B0007,202,91.5743327473832,83.59878
TD-Clean-4,refit_on_3,11,B0007,206,91.04730118386937,83.94754
TD-Clean-4,refit_on_3,11,B0007,210,91.04684020750553,81.309814
TD-Clean-4,refit_on_3,11,B0007,214,90.49873919973382,83.45079
TD-Clean-4,refit_on_3,11,B0007,216,90.51794914609178,82.19611
TD-Clean-4,refit_on_3,11,B0007,220,89.96325858213598,82.68369
TD-Clean-4,refit_on_3,11,B0007,224,89.64911074691454,82.47879
TD-Clean-4,refit_on_3,11,B0007,228,89.4056438247883,82.3426
TD-Clean-4,refit_on_3,11,B0007,232,89.13221056506995,82.01434
TD-Clean-4,refit_on_3,11,B0007,236,88.88142970948275,82.5919
TD-Clean-4,refit_on_3,11,B0007,240,88.57496163215028,81.89209
TD-Clean-4,refit_on_3,11,B0007,244,88.30030467403411,81.82691
TD-Clean-4,refit_on_3,11,B0007,248,88.04309784572763,81.91804
TD-Clean-4,refit_on_3,11,B0007,252,87.7835715053401,82.06101
TD-Clean-4,refit_on_3,11,B0007,256,87.5009058762453,82.18011
TD-Clean-4,refit_on_3,11,B0007,260,86.92700430940862,82.51042
TD-Clean-4,refit_on_3,11,B0007,264,86.91859800690037,82.56536
TD-Clean-4,refit_on_3,11,B0007,266,87.17696241036246,81.510666
TD-Clean-4,refit_on_3,11,B0007,270,86.66971006432802,83.39801
TD-Clean-4,refit_on_3,11,B0007,274,86.11955257111292,82.94356
TD-Clean-4,refit_on_3,11,B0007,278,85.86532022039283,82.47912
TD-Clean-4,refit_on_3,11,B0007,282,85.83324550155743,81.161194
TD-Clean-4,refit_on_3,11,B0007,286,85.88108948972226,81.56531
TD-Clean-4,refit_on_3,11,B0007,290,85.56987844007078,81.76082
TD-Clean-4,refit_on_3,11,B0007,294,85.027771191142,83.4028
TD-Clean-4,refit_on_3,11,B0007,298,84.77582688520748,83.15029
TD-Clean-4,refit_on_3,11,B0007,302,84.79178974791847,81.17405
TD-Clean-4,refit_on_3,11,B0007,306,84.76993385106519,81.35426
TD-Clean-4,refit_on_3,11,B0007,310,84.49605927424464,82.10713
TD-Clean-4,refit_on_3,11,B0007,313,89.71090998622898,82.47512
TD-Clean-4,refit_on_3,11,B0007,316,86.37349719367897,80.51952
TD-Clean-4,refit_on_3,11,B0007,320,85.82898928627563,82.35118
TD-Clean-4,refit_on_3,11,B0007,324,85.2934976107533,82.51645
TD-Clean-4,refit_on_3,11,B0007,328,84.72574724857897,82.28466
TD-Clean-4,refit_on_3,11,B0007,332,84.48328177752624,82.49659
TD-Clean-4,refit_on_3,11,B0007,336,84.21457006738538,82.19951
TD-Clean-4,refit_on_3,11,B0007,340,83.9288888229777,82.02965
TD-Clean-4,refit_on_3,11,B0007,344,83.67629222648154,82.348694
TD-Clean-4,refit_on_3,11,B0007,348,83.38837618926404,82.07819
TD-Clean-4,refit_on_3,11,B0007,352,83.41270816038221,81.70586
TD-Clean-4,refit_on_3,11,B0007,356,83.14675201444969,82.32962
TD-Clean-4,refit_on_3,11,B0007,360,82.8484308280049,82.643425
TD-Clean-4,refit_on_3,11,B0007,364,83.13252526962864,81.91034
TD-Clean-4,refit_on_3,11,B0007,367,83.66359396289195,80.828224
TD-Clean-4,refit_on_3,11,B0007,371,83.14841165448959,82.19126
TD-Clean-4,refit_on_3,11,B0007,375,82.85488835556158,82.380226
TD-Clean-4,refit_on_3,11,B0007,379,82.33123711829187,83.18263
TD-Clean-4,refit_on_3,11,B0007,383,82.01142381939957,81.50665
TD-Clean-4,refit_on_3,11,B0007,387,82.07206587982726,81.82234
TD-Clean-4,refit_on_3,11,B0007,391,82.0495038543302,81.17778
TD-Clean-4,refit_on_3,11,B0007,395,81.5031419618624,82.0643
TD-Clean-4,refit_on_3,11,B0007,399,81.20841503507037,81.72963
TD-Clean-4,refit_on_3,11,B0007,403,81.21721340553746,81.86904
TD-Clean-4,refit_on_3,11,B0007,407,81.22601148878292,81.16759
TD-Clean-4,refit_on_3,11,B0007,411,80.95054391771832,81.91957
TD-Clean-4,refit_on_3,11,B0007,415,80.67227833994721,82.13439
TD-Clean-4,refit_on_3,11,B0007,419,80.40565013650571,82.11906
TD-Clean-4,refit_on_3,11,B0007,423,80.40335490244634,81.540726
TD-Clean-4,refit_on_3,11,B0007,427,80.42152437300291,81.39691
TD-Clean-4,refit_on_3,11,B0007,431,81.48461605871495,83.45725
TD-Clean-4,refit_on_3,11,B0007,433,81.75963969607048,81.69531
TD-Clean-4,refit_on_3,11,B0007,437,80.93560989493338,83.30467
TD-Clean-4,refit_on_3,11,B0007,441,80.40209515327608,83.22221
TD-Clean-4,refit_on_3,11,B0007,445,80.09419697809993,82.87419
TD-Clean-4,refit_on_3,11,B0007,449,79.85042691616567,82.69884
TD-Clean-4,refit_on_3,11,B0007,453,79.56495728605914,82.88656
TD-Clean-4,refit_on_3,11,B0007,457,79.30076147796538,82.85175
TD-Clean-4,refit_on_3,11,B0007,461,79.2776995197187,82.77679
TD-Clean-4,refit_on_3,11,B0007,465,79.01573008127421,83.88786
TD-Clean-4,refit_on_3,11,B0007,469,78.7529099419952,83.32363
TD-Clean-4,refit_on_3,11,B0007,473,78.76631135529045,82.74484
TD-Clean-4,refit_on_3,11,B0007,477,78.45734950325969,83.21986
TD-Clean-4,refit_on_3,11,B0007,481,78.71925319505982,81.648315
TD-Clean-4,refit_on_3,11,B0007,483,79.58166685963718,81.979126
TD-Clean-4,refit_on_3,11,B0007,485,78.72860058663869,83.59431
TD-Clean-4,refit_on_3,11,B0007,489,78.46501751785956,83.57496
TD-Clean-4,refit_on_3,11,B0007,493,78.19738333514631,83.85781
TD-Clean-4,refit_on_3,11,B0007,497,78.20645287101384,82.30048
TD-Clean-4,refit_on_3,11,B0007,501,77.92824275772597,82.42571
TD-Clean-4,refit_on_3,11,B0007,505,77.6497101362114,83.4619
TD-Clean-4,refit_on_3,11,B0007,509,77.38028422735451,84.2079
TD-Clean-4,refit_on_3,11,B0007,513,77.09660547904922,83.208565
TD-Clean-4,refit_on_3,11,B0007,517,77.11046744203753,82.2909
TD-Clean-4,refit_on_3,11,B0007,521,76.85550035450103,82.84957
TD-Clean-4,refit_on_3,11,B0007,525,76.85236240084764,84.34285
TD-Clean-4,refit_on_3,11,B0007,529,76.56671722215358,84.123146
TD-Clean-4,refit_on_3,11,B0007,533,76.29399038621672,83.24932
TD-Clean-4,refit_on_3,11,B0007,537,76.32425788720361,82.60195
TD-Clean-4,refit_on_3,11,B0007,541,76.29658741049414,83.9287
TD-Clean-4,refit_on_3,11,B0007,545,76.59209728582513,84.87345
TD-Clean-4,refit_on_3,11,B0007,548,77.93863743061358,82.21198
TD-Clean-4,refit_on_3,11,B0007,552,77.12364718084329,83.61889
TD-Clean-4,refit_on_3,11,B0007,556,76.8725967441492,83.60131
TD-Clean-4,refit_on_3,11,B0007,560,76.58854113704766,83.66598
TD-Clean-4,refit_on_3,11,B0007,564,76.04885672654179,83.492035
TD-Clean-4,refit_on_3,11,B0007,568,76.05828438472663,83.79723
TD-Clean-4,refit_on_3,11,B0007,572,75.76335089505734,83.662224
TD-Clean-4,refit_on_3,11,B0007,576,75.75439980355237,83.251114
TD-Clean-4,refit_on_3,11,B0007,580,75.49812548326929,83.49845
TD-Clean-4,refit_on_3,11,B0007,584,75.23591897923467,83.27763
TD-Clean-4,refit_on_3,11,B0007,588,75.24924732301496,83.91535
TD-Clean-4,refit_on_3,11,B0007,592,74.94444174506414,83.0056
TD-Clean-4,refit_on_3,11,B0007,596,74.95266425125988,83.68361
TD-Clean-4,refit_on_3,11,B0007,600,74.69643604452878,83.44074
TD-Clean-4,refit_on_3,11,B0007,604,74.7051700493532,83.48631
TD-Clean-4,refit_on_3,11,B0007,608,74.39278959915883,82.74276
TD-Clean-4,refit_on_3,11,B0007,612,75.52591562947222,83.127594
TD-Clean-4,refit_on_3,11,B0007,614,76.09264518290325,82.35826
TD-Clean-4,pre_refit,11,B0018,3,100.8025811041783,85.647545
TD-Clean-4,pre_refit,11,B0018,7,100.16087022619236,86.09422
TD-Clean-4,pre_refit,11,B0018,11,99.96558598273582,91.453964
TD-Clean-4,pre_refit,11,B0018,15,99.48041766162956,95.083206
TD-Clean-4,pre_refit,11,B0018,18,99.59054502526398,85.22779
TD-Clean-4,pre_refit,11,B0018,20,99.36387169185286,89.33861
TD-Clean-4,pre_refit,11,B0018,22,98.96567828327716,90.68471
TD-Clean-4,pre_refit,11,B0018,24,98.63793870309058,92.44974
TD-Clean-4,pre_refit,11,B0018,27,98.04714689052696,93.74804
TD-Clean-4,pre_refit,11,B0018,30,99.06887382997856,92.503716
TD-Clean-4,pre_refit,11,B0018,32,98.47248926951052,90.73418
TD-Clean-4,pre_refit,11,B0018,34,98.068534707018,92.47439
TD-Clean-4,pre_refit,11,B0018,36,97.31606084566693,95.4544
TD-Clean-4,pre_refit,11,B0018,39,96.91537145663308,98.03752
TD-Clean-4,pre_refit,11,B0018,42,96.77777434993364,95.07635
TD-Clean-4,pre_refit,11,B0018,44,96.24906078283864,91.30029
TD-Clean-4,pre_refit,11,B0018,46,96.10893521170082,91.25527
TD-Clean-4,pre_refit,11,B0018,48,95.29382636269746,94.034515
TD-Clean-4,pre_refit,11,B0018,51,94.89112029628322,98.03287
TD-Clean-4,pre_refit,11,B0018,54,94.42623362260446,98.38608
TD-Clean-4,pre_refit,11,B0018,56,94.09214261326034,99.25168
TD-Clean-4,pre_refit,11,B0018,58,92.84655809058668,98.930115
TD-Clean-4,pre_refit,11,B0018,60,93.00278636580364,98.93353
TD-Clean-4,pre_refit,11,B0018,63,92.78717154289568,99.18292
TD-Clean-4,pre_refit,11,B0018,66,95.05514633441328,97.767365
TD-Clean-4,pre_refit,11,B0018,68,94.16023397654948,95.060745
TD-Clean-4,pre_refit,11,B0018,70,93.58756901230694,91.78996
TD-Clean-4,pre_refit,11,B0018,72,93.02323711734508,92.2561
TD-Clean-4,pre_refit,11,B0018,75,92.33971230163448,94.088615
TD-Clean-4,pre_refit,11,B0018,78,92.05544475967478,94.44059
TD-Clean-4,pre_refit,11,B0018,80,91.39607597710202,94.48601
TD-Clean-4,pre_refit,11,B0018,82,91.12841202900309,92.20168
TD-Clean-4,pre_refit,11,B0018,84,90.50598444143154,90.965706
TD-Clean-4,pre_refit,11,B0018,87,90.05329919062662,92.85814
TD-Clean-4,pre_refit,11,B0018,90,89.56595375021743,93.882256
TD-Clean-4,pre_refit,11,B0018,92,89.05221474379236,95.50573
TD-Clean-4,pre_refit,11,B0018,94,88.4478648526792,95.093124
TD-Clean-4,pre_refit,11,B0018,96,88.14926233550939,92.9948
TD-Clean-4,pre_refit,11,B0018,99,87.70654438914323,92.306305
TD-Clean-4,pre_refit,11,B0018,102,91.07812245566797,96.27844
TD-Clean-4,pre_refit,11,B0018,104,89.62445100410937,95.491295
TD-Clean-4,pre_refit,11,B0018,106,88.70513095013024,97.034546
TD-Clean-4,pre_refit,11,B0018,108,87.83746900859978,97.85837
TD-Clean-4,pre_refit,11,B0018,111,87.53788044222665,98.38703
TD-Clean-4,pre_refit,11,B0018,114,86.69891328476463,97.702614
TD-Clean-4,pre_refit,11,B0018,117,93.83080462693712,95.8599
TD-Clean-4,pre_refit,11,B0018,119,93.27978546012802,97.56124
TD-Clean-4,pre_refit,11,B0018,121,92.1525471966999,97.92968
TD-Clean-4,pre_refit,11,B0018,123,91.17195305362098,98.07405
TD-Clean-4,pre_refit,11,B0018,125,90.2416573040256,98.212326
TD-Clean-4,pre_refit,11,B0018,128,90.55423897233052,93.16031
TD-Clean-4,pre_refit,11,B0018,130,89.49039068452917,94.65081
TD-Clean-4,pre_refit,11,B0018,132,88.3454487099843,96.30198
TD-Clean-4,pre_refit,11,B0018,134,87.60607299731777,97.10578
TD-Clean-4,pre_refit,11,B0018,136,87.25714700042141,97.20667
TD-Clean-4,pre_refit,11,B0018,141,90.9473619616094,94.860176
TD-Clean-4,pre_refit,11,B0018,143,89.1426764135498,95.58336
TD-Clean-4,pre_refit,11,B0018,145,87.66626044455795,95.80797
TD-Clean-4,pre_refit,11,B0018,147,86.51592379470374,96.326996
TD-Clean-4,pre_refit,11,B0018,150,86.21730704320841,96.859184
TD-Clean-4,pre_refit,11,B0018,153,85.8627581657356,96.53363
TD-Clean-4,pre_refit,11,B0018,155,84.99855590440428,96.057205
TD-Clean-4,pre_refit,11,B0018,157,84.53366840480606,95.98618
TD-Clean-4,pre_refit,11,B0018,159,83.69607194854545,96.07267
TD-Clean-4,pre_refit,11,B0018,162,83.25899594193369,96.5995
TD-Clean-4,pre_refit,11,B0018,165,83.22975722050174,96.702484
TD-Clean-4,pre_refit,11,B0018,167,82.72092847997168,97.428894
TD-Clean-4,pre_refit,11,B0018,169,81.86598978006339,97.229485
TD-Clean-4,pre_refit,11,B0018,171,81.58859278240016,97.2559
TD-Clean-4,pre_refit,11,B0018,174,81.31316363799587,97.311676
TD-Clean-4,pre_refit,11,B0018,177,83.32773163808899,95.87921
TD-Clean-4,pre_refit,11,B0018,179,82.80709531820148,94.42398
TD-Clean-4,pre_refit,11,B0018,181,81.57610219236552,94.44443
TD-Clean-4,pre_refit,11,B0018,183,81.09929204028072,94.84857
TD-Clean-4,pre_refit,11,B0018,185,80.60512587063184,96.148895
TD-Clean-4,pre_refit,11,B0018,188,80.4645909654616,95.76477
TD-Clean-4,pre_refit,11,B0018,190,80.07171192098461,95.41406
TD-Clean-4,pre_refit,11,B0018,192,79.77346222448996,94.004074
TD-Clean-4,pre_refit,11,B0018,194,79.23402412051846,94.87748
TD-Clean-4,pre_refit,11,B0018,197,78.6783203089025,96.00897
TD-Clean-4,pre_refit,11,B0018,200,78.94539372549075,96.52867
TD-Clean-4,pre_refit,11,B0018,202,78.38865828037459,96.43332
TD-Clean-4,pre_refit,11,B0018,204,78.21127069246836,94.51858
TD-Clean-4,pre_refit,11,B0018,206,77.6339684068403,93.44146
TD-Clean-4,pre_refit,11,B0018,209,77.43046760934243,94.290726
TD-Clean-4,pre_refit,11,B0018,212,79.8708545166814,94.97661
TD-Clean-4,pre_refit,11,B0018,214,78.93458463676515,95.05031
TD-Clean-4,pre_refit,11,B0018,216,78.40488242765085,96.11267
TD-Clean-4,pre_refit,11,B0018,218,77.61921434771055,96.60923
TD-Clean-4,pre_refit,11,B0018,220,76.9170609064971,97.45217
TD-Clean-4,pre_refit,11,B0018,223,79.04297866359087,94.232376
TD-Clean-4,pre_refit,11,B0018,225,77.61605692618127,93.9914
TD-Clean-4,pre_refit,11,B0018,227,77.14789574863566,93.183
TD-Clean-4,pre_refit,11,B0018,229,76.92281444261894,92.95538
TD-Clean-4,pre_refit,11,B0018,232,76.3858924270674,94.25695
TD-Clean-4,pre_refit,11,B0018,235,76.53620320177981,93.70097
TD-Clean-4,pre_refit,11,B0018,237,75.9063201738239,93.85117
TD-Clean-4,pre_refit,11,B0018,239,75.72766142150313,93.42964
TD-Clean-4,pre_refit,11,B0018,241,75.49928800503805,92.67707
TD-Clean-4,pre_refit,11,B0018,244,74.9124451895705,93.03392
TD-Clean-4,pre_refit,11,B0018,247,75.25674730493446,92.751915
TD-Clean-4,pre_refit,11,B0018,249,74.46467849076038,93.445114
TD-Clean-4,pre_refit,11,B0018,251,74.62885626516028,92.46526
TD-Clean-4,pre_refit,11,B0018,253,74.33553994642665,91.981766
TD-Clean-4,pre_refit,11,B0018,256,73.72504079935909,92.16827
TD-Clean-4,pre_refit,11,B0018,259,79.36110924975578,96.870865
TD-Clean-4,pre_refit,11,B0018,261,78.799706688891,96.16705
TD-Clean-4,pre_refit,11,B0018,263,78.14983302548104,94.30077
TD-Clean-4,pre_refit,11,B0018,265,77.61878718971624,95.118454
TD-Clean-4,pre_refit,11,B0018,267,76.88079746021991,96.06066
TD-Clean-4,pre_refit,11,B0018,270,76.8319836786595,96.29343
TD-Clean-4,pre_refit,11,B0018,272,76.01926160635412,95.94814
TD-Clean-4,pre_refit,11,B0018,274,75.82358510102308,93.74387
TD-Clean-4,pre_refit,11,B0018,276,75.53633219814198,91.83435
TD-Clean-4,pre_refit,11,B0018,279,75.31793705780649,93.14108
TD-Clean-4,pre_refit,11,B0018,282,75.43684114368729,94.67043
TD-Clean-4,pre_refit,11,B0018,284,74.7829788363973,95.664925
TD-Clean-4,pre_refit,11,B0018,286,74.15991898288928,96.41146
TD-Clean-4,pre_refit,11,B0018,288,73.84846878839457,96.6178
TD-Clean-4,pre_refit,11,B0018,291,73.15537271331122,97.16184
TD-Clean-4,pre_refit,11,B0018,294,77.53589472577204,96.7666
TD-Clean-4,pre_refit,11,B0018,296,76.42763235972666,96.54342
TD-Clean-4,pre_refit,11,B0018,298,75.72351586777258,95.85899
TD-Clean-4,pre_refit,11,B0018,300,75.4386936803776,96.16491
TD-Clean-4,pre_refit,11,B0018,302,74.45721490205536,96.539215
TD-Clean-4,pre_refit,11,B0018,305,74.97385174402893,96.00745
TD-Clean-4,pre_refit,11,B0018,307,74.3741167471391,94.91873
TD-Clean-4,pre_refit,11,B0018,309,74.05233968989694,92.107056
TD-Clean-4,pre_refit,11,B0018,311,74.08863589293038,91.6042
TD-Clean-4,pre_refit,11,B0018,314,73.46151441244959,93.4714
TD-Clean-4,pre_refit,11,B0018,317,73.62086195282473,93.54606
TD-Clean-4,pre_refit,11,B0018,319,72.87391760769836,95.03705
TD-Clean-4,refit_on_3,11,B0018,3,100.8025811041783,89.29032
TD-Clean-4,refit_on_3,11,B0018,7,100.16087022619236,90.486275
TD-Clean-4,refit_on_3,11,B0018,11,99.96558598273582,95.55661
TD-Clean-4,refit_on_3,11,B0018,15,99.48041766162956,97.237076
TD-Clean-4,refit_on_3,11,B0018,18,99.59054502526398,89.26574
TD-Clean-4,refit_on_3,11,B0018,20,99.36387169185286,93.752396
TD-Clean-4,refit_on_3,11,B0018,22,98.96567828327716,95.06016
TD-Clean-4,refit_on_3,11,B0018,24,98.63793870309058,96.71857
TD-Clean-4,refit_on_3,11,B0018,27,98.04714689052696,97.2504
TD-Clean-4,refit_on_3,11,B0018,30,99.06887382997856,95.280464
TD-Clean-4,refit_on_3,11,B0018,32,98.47248926951052,95.438835
TD-Clean-4,refit_on_3,11,B0018,34,98.068534707018,96.75766
TD-Clean-4,refit_on_3,11,B0018,36,97.31606084566693,98.11085
TD-Clean-4,refit_on_3,11,B0018,39,96.91537145663308,98.88329
TD-Clean-4,refit_on_3,11,B0018,42,96.77777434993364,96.57393
TD-Clean-4,refit_on_3,11,B0018,44,96.24906078283864,95.62912
TD-Clean-4,refit_on_3,11,B0018,46,96.10893521170082,95.83818
TD-Clean-4,refit_on_3,11,B0018,48,95.29382636269746,97.51963
TD-Clean-4,refit_on_3,11,B0018,51,94.89112029628322,98.79385
TD-Clean-4,refit_on_3,11,B0018,54,94.42623362260446,98.69657
TD-Clean-4,refit_on_3,11,B0018,56,94.09214261326034,99.66539
TD-Clean-4,refit_on_3,11,B0018,58,92.84655809058668,99.34914
TD-Clean-4,refit_on_3,11,B0018,60,93.00278636580364,99.33031
TD-Clean-4,refit_on_3,11,B0018,63,92.78717154289568,99.598755
TD-Clean-4,refit_on_3,11,B0018,66,95.05514633441328,98.01799
TD-Clean-4,refit_on_3,11,B0018,68,94.16023397654948,97.18735
TD-Clean-4,refit_on_3,11,B0018,70,93.58756901230694,95.97055
TD-Clean-4,refit_on_3,11,B0018,72,93.02323711734508,96.3484
TD-Clean-4,refit_on_3,11,B0018,75,92.33971230163448,97.134346
TD-Clean-4,refit_on_3,11,B0018,78,92.05544475967478,96.63757
TD-Clean-4,refit_on_3,11,B0018,80,91.39607597710202,97.2074
TD-Clean-4,refit_on_3,11,B0018,82,91.12841202900309,95.90029
TD-Clean-4,refit_on_3,11,B0018,84,90.50598444143154,95.407646
TD-Clean-4,refit_on_3,11,B0018,87,90.05329919062662,96.59475
TD-Clean-4,refit_on_3,11,B0018,90,89.56595375021743,96.189674
TD-Clean-4,refit_on_3,11,B0018,92,89.05221474379236,97.26128
TD-Clean-4,refit_on_3,11,B0018,94,88.4478648526792,97.384834
TD-Clean-4,refit_on_3,11,B0018,96,88.14926233550939,96.02643
TD-Clean-4,refit_on_3,11,B0018,99,87.70654438914323,95.95313
TD-Clean-4,refit_on_3,11,B0018,102,91.07812245566797,96.63738
TD-Clean-4,refit_on_3,11,B0018,104,89.62445100410937,97.40727
TD-Clean-4,refit_on_3,11,B0018,106,88.70513095013024,97.76282
TD-Clean-4,refit_on_3,11,B0018,108,87.83746900859978,98.146545
TD-Clean-4,refit_on_3,11,B0018,111,87.53788044222665,98.73705
TD-Clean-4,refit_on_3,11,B0018,114,86.69891328476463,97.92623
TD-Clean-4,refit_on_3,11,B0018,117,93.83080462693712,95.99526
TD-Clean-4,refit_on_3,11,B0018,119,93.27978546012802,98.21174
TD-Clean-4,refit_on_3,11,B0018,121,92.1525471966999,98.40549
TD-Clean-4,refit_on_3,11,B0018,123,91.17195305362098,98.410225
TD-Clean-4,refit_on_3,11,B0018,125,90.2416573040256,98.54796
TD-Clean-4,refit_on_3,11,B0018,128,90.55423897233052,95.54312
TD-Clean-4,refit_on_3,11,B0018,130,89.49039068452917,96.95045
TD-Clean-4,refit_on_3,11,B0018,132,88.3454487099843,97.75908
TD-Clean-4,refit_on_3,11,B0018,134,87.60607299731777,97.88419
TD-Clean-4,refit_on_3,11,B0018,136,87.25714700042141,97.803185
TD-Clean-4,refit_on_3,11,B0018,141,90.9473619616094,95.02504
TD-Clean-4,refit_on_3,11,B0018,143,89.1426764135498,97.23867
TD-Clean-4,refit_on_3,11,B0018,145,87.66626044455795,97.192696
TD-Clean-4,refit_on_3,11,B0018,147,86.51592379470374,97.35697
TD-Clean-4,refit_on_3,11,B0018,150,86.21730704320841,97.73059
TD-Clean-4,refit_on_3,11,B0018,153,85.8627581657356,97.030304
TD-Clean-4,refit_on_3,11,B0018,155,84.99855590440428,97.062775
TD-Clean-4,refit_on_3,11,B0018,157,84.53366840480606,97.26356
TD-Clean-4,refit_on_3,11,B0018,159,83.69607194854545,97.13352
TD-Clean-4,refit_on_3,11,B0018,162,83.25899594193369,97.34208
TD-Clean-4,refit_on_3,11,B0018,165,83.22975722050174,96.82018
TD-Clean-4,refit_on_3,11,B0018,167,82.72092847997168,97.72798
TD-Clean-4,refit_on_3,11,B0018,169,81.86598978006339,97.45208
TD-Clean-4,refit_on_3,11,B0018,171,81.58859278240016,97.43386
TD-Clean-4,refit_on_3,11,B0018,174,81.31316363799587,97.43889
TD-Clean-4,refit_on_3,11,B0018,177,83.32773163808899,96.08171
TD-Clean-4,refit_on_3,11,B0018,179,82.80709531820148,96.38631
TD-Clean-4,refit_on_3,11,B0018,181,81.57610219236552,96.23452
TD-Clean-4,refit_on_3,11,B0018,183,81.09929204028072,96.446014
TD-Clean-4,refit_on_3,11,B0018,185,80.60512587063184,96.99418
TD-Clean-4,refit_on_3,11,B0018,188,80.4645909654616,96.16377
TD-Clean-4,refit_on_3,11,B0018,190,80.07171192098461,96.58819
TD-Clean-4,refit_on_3,11,B0018,192,79.77346222448996,95.80301
TD-Clean-4,refit_on_3,11,B0018,194,79.23402412051846,96.20865
TD-Clean-4,refit_on_3,11,B0018,197,78.6783203089025,96.6885
TD-Clean-4,refit_on_3,11,B0018,200,78.94539372549075,96.51
TD-Clean-4,refit_on_3,11,B0018,202,78.38865828037459,96.792435
TD-Clean-4,refit_on_3,11,B0018,204,78.21127069246836,96.037384
TD-Clean-4,refit_on_3,11,B0018,206,77.6339684068403,95.64908
TD-Clean-4,refit_on_3,11,B0018,209,77.43046760934243,96.19927
TD-Clean-4,refit_on_3,11,B0018,212,79.8708545166814,95.284004
TD-Clean-4,refit_on_3,11,B0018,214,78.93458463676515,96.01466
TD-Clean-4,refit_on_3,11,B0018,216,78.40488242765085,96.71219
TD-Clean-4,refit_on_3,11,B0018,218,77.61921434771055,96.69409
TD-Clean-4,refit_on_3,11,B0018,220,76.9170609064971,97.600235
TD-Clean-4,refit_on_3,11,B0018,223,79.04297866359087,94.87048
TD-Clean-4,refit_on_3,11,B0018,225,77.61605692618127,95.58024
TD-Clean-4,refit_on_3,11,B0018,227,77.14789574863566,95.283966
TD-Clean-4,refit_on_3,11,B0018,229,76.92281444261894,95.20745
TD-Clean-4,refit_on_3,11,B0018,232,76.3858924270674,95.5945
TD-Clean-4,refit_on_3,11,B0018,235,76.53620320177981,94.82869
TD-Clean-4,refit_on_3,11,B0018,237,75.9063201738239,95.36153
TD-Clean-4,refit_on_3,11,B0018,239,75.72766142150313,95.482994
TD-Clean-4,refit_on_3,11,B0018,241,75.49928800503805,95.21985
TD-Clean-4,refit_on_3,11,B0018,244,74.9124451895705,95.20171
TD-Clean-4,refit_on_3,11,B0018,247,75.25674730493446,94.56485
TD-Clean-4,refit_on_3,11,B0018,249,74.46467849076038,95.191795
TD-Clean-4,refit_on_3,11,B0018,251,74.62885626516028,95.00165
TD-Clean-4,refit_on_3,11,B0018,253,74.33553994642665,94.74772
TD-Clean-4,refit_on_3,11,B0018,256,73.72504079935909,94.83164
TD-Clean-4,refit_on_3,11,B0018,259,79.36110924975578,96.756714
TD-Clean-4,refit_on_3,11,B0018,261,78.799706688891,96.33137
TD-Clean-4,refit_on_3,11,B0018,263,78.14983302548104,95.6501
TD-Clean-4,refit_on_3,11,B0018,265,77.61878718971624,96.09731
TD-Clean-4,refit_on_3,11,B0018,267,76.88079746021991,96.581764
TD-Clean-4,refit_on_3,11,B0018,270,76.8319836786595,96.21434
TD-Clean-4,refit_on_3,11,B0018,272,76.01926160635412,96.36272
TD-Clean-4,refit_on_3,11,B0018,274,75.82358510102308,95.08973
TD-Clean-4,refit_on_3,11,B0018,276,75.53633219814198,94.45592
TD-Clean-4,refit_on_3,11,B0018,279,75.31793705780649,95.45475
TD-Clean-4,refit_on_3,11,B0018,282,75.43684114368729,95.043755
TD-Clean-4,refit_on_3,11,B0018,284,74.7829788363973,96.19566
TD-Clean-4,refit_on_3,11,B0018,286,74.15991898288928,96.36305
TD-Clean-4,refit_on_3,11,B0018,288,73.84846878839457,96.53097
TD-Clean-4,refit_on_3,11,B0018,291,73.15537271331122,97.13122
TD-Clean-4,refit_on_3,11,B0018,294,77.53589472577204,96.60683
TD-Clean-4,refit_on_3,11,B0018,296,76.42763235972666,96.51836
TD-Clean-4,refit_on_3,11,B0018,298,75.72351586777258,96.1022
TD-Clean-4,refit_on_3,11,B0018,300,75.4386936803776,96.49077
TD-Clean-4,refit_on_3,11,B0018,302,74.45721490205536,96.58786
TD-Clean-4,refit_on_3,11,B0018,305,74.97385174402893,95.90116
TD-Clean-4,refit_on_3,11,B0018,307,74.3741167471391,95.395454
TD-Clean-4,refit_on_3,11,B0018,309,74.05233968989694,94.31059
TD-Clean-4,refit_on_3,11,B0018,311,74.08863589293038,94.59649
TD-Clean-4,refit_on_3,11,B0018,314,73.46151441244959,95.28867
TD-Clean-4,refit_on_3,11,B0018,317,73.62086195282473,94.363396
TD-Clean-4,refit_on_3,11,B0018,319,72.87391760769836,95.72816
